{"type":"FeatureCollection","features":[{"type":"Feature","properties":{"OGF_ID":67490662,"ECODISTRICT_NAME":"Mississagi"},"geometry":{"type":"Polygon","coordinates":[[[-81.17462,47.28523],[-81.17658,47.28621],[-81.18146,47.29207],[-81.18243,47.29694],[-81.18244,47.30867],[-81.18439,47.31062],[-81.18536,47.31941],[-81.18829,47.32234],[-81.19513,47.33503],[-81.19806,47.33796],[-81.20001,47.34382],[-81.2088,47.35066],[-81.21075,47.35359],[-81.21564,47.35652],[-81.21759,47.35944],[-81.22345,47.36335],[-81.23126,47.37507],[-81.23029,47.38679],[-81.21954,47.38679],[-81.21564,47.38582],[-81.20587,47.378],[-81.20685,47.37312],[-81.20587,47.37019],[-81.20392,47.36824],[-81.19611,47.36922],[-81.19025,47.37508],[-81.19415,47.38094],[-81.19904,47.38484],[-81.20001,47.38777],[-81.20587,47.3907],[-81.21368,47.40046],[-81.21661,47.40242],[-81.21954,47.40827],[-81.21954,47.4239],[-81.21857,47.42781],[-81.20978,47.42781],[-81.20685,47.42586],[-81.20001,47.42683],[-81.19708,47.42878],[-81.19708,47.43464],[-81.19513,47.43562],[-81.19513,47.4405],[-81.19708,47.44246],[-81.19707,47.45418],[-81.19513,47.4571],[-81.18927,47.46198],[-81.17657,47.46199],[-81.17657,47.47176],[-81.17754,47.47371],[-81.18243,47.47762],[-81.18633,47.48347],[-81.18536,47.48835],[-81.17657,47.48836],[-81.17364,47.49129],[-81.17364,47.50398],[-81.1834,47.5118],[-81.1834,47.51473],[-81.18145,47.51667],[-81.17461,47.51863],[-81.16192,47.52058],[-81.15996,47.52448],[-81.16094,47.52644],[-81.16582,47.53035],[-81.16973,47.53133],[-81.18731,47.53132],[-81.19414,47.53231],[-81.20098,47.53425],[-81.20586,47.53621],[-81.21172,47.54109],[-81.21465,47.54109],[-81.21661,47.54206],[-81.22247,47.54694],[-81.22637,47.54792],[-81.23223,47.55086],[-81.23516,47.55086],[-81.23711,47.55281],[-81.24395,47.55476],[-81.24688,47.55476],[-81.25469,47.55867],[-81.2586,47.55964],[-81.28789,47.56062],[-81.29571,47.56258],[-81.29864,47.56257],[-81.30547,47.5655],[-81.30841,47.56843],[-81.31329,47.56843],[-81.31818,47.57234],[-81.3211,47.57234],[-81.32404,47.57429],[-81.32696,47.5743],[-81.32892,47.57625],[-81.33771,47.5782],[-81.35724,47.5782],[-81.36896,47.57917],[-81.367,47.57233],[-81.36505,47.57039],[-81.36114,47.56941],[-81.35529,47.56453],[-81.36114,47.55671],[-81.37286,47.54793],[-81.37482,47.54402],[-81.36603,47.5362],[-81.36017,47.5323],[-81.35724,47.5284],[-81.35626,47.5196],[-81.35724,47.51472],[-81.34943,47.50789],[-81.34943,47.50398],[-81.3504,47.50202],[-81.35333,47.50105],[-81.35821,47.49714],[-81.36114,47.49714],[-81.367,47.49519],[-81.36896,47.49324],[-81.37775,47.49031],[-81.38068,47.4864],[-81.38068,47.48347],[-81.37677,47.47858],[-81.37091,47.47858],[-81.367,47.47761],[-81.36896,47.46882],[-81.37286,47.46491],[-81.37677,47.46296],[-81.38361,47.4571],[-81.38654,47.45613],[-81.39435,47.45124],[-81.39825,47.45124],[-81.39923,47.44929],[-81.40704,47.44245],[-81.40802,47.44051],[-81.40802,47.43366],[-81.40704,47.42487],[-81.41095,47.42],[-81.41193,47.41511],[-81.42267,47.4073],[-81.42657,47.40241],[-81.42657,47.39363],[-81.4256,47.38874],[-81.42364,47.38679],[-81.42267,47.37409],[-81.42072,47.37214],[-81.41974,47.34871],[-81.41779,47.34675],[-81.41779,47.33894],[-81.42463,47.33015],[-81.43244,47.32625],[-81.43635,47.32526],[-81.4383,47.32722],[-81.44807,47.33015],[-81.451,47.33015],[-81.45881,47.33503],[-81.46174,47.33504],[-81.46467,47.33699],[-81.47639,47.34968],[-81.48127,47.36042],[-81.48127,47.36531],[-81.48322,47.36726],[-81.48322,47.378],[-81.48127,47.37996],[-81.47833,47.38875],[-81.47638,47.3907],[-81.47443,47.40144],[-81.47247,47.40242],[-81.47052,47.40632],[-81.46759,47.40827],[-81.46564,47.41218],[-81.46564,47.41707],[-81.46759,47.41804],[-81.46954,47.42097],[-81.4754,47.42488],[-81.48224,47.43171],[-81.48518,47.43757],[-81.48907,47.4405],[-81.49006,47.44246],[-81.49689,47.44539],[-81.50372,47.44539],[-81.50959,47.4444],[-81.51154,47.44245],[-81.51447,47.44148],[-81.52717,47.44148],[-81.53205,47.44538],[-81.53596,47.44636],[-81.5467,47.44636],[-81.54963,47.44441],[-81.55061,47.4366],[-81.55451,47.43171],[-81.55744,47.43074],[-81.56232,47.43171],[-81.56623,47.43366],[-81.57111,47.43366],[-81.57795,47.43757],[-81.58088,47.43757],[-81.58869,47.44344],[-81.59162,47.44343],[-81.59357,47.44538],[-81.59943,47.44831],[-81.60236,47.44832],[-81.60822,47.4532],[-81.61018,47.45125],[-81.61506,47.44929],[-81.61604,47.43953],[-81.61799,47.43757],[-81.63068,47.43953],[-81.63752,47.43953],[-81.64338,47.43757],[-81.64436,47.43562],[-81.64338,47.43074],[-81.64143,47.42585],[-81.63947,47.4239],[-81.6385,47.41902],[-81.63654,47.41706],[-81.63557,47.4073],[-81.65608,47.40632],[-81.67464,47.40339],[-81.69222,47.39949],[-81.69417,47.39753],[-81.70296,47.39461],[-81.70784,47.3907],[-81.71175,47.38581],[-81.71272,47.37312],[-81.71468,47.37117],[-81.71565,47.36628],[-81.72737,47.36043],[-81.73421,47.35944],[-81.74886,47.35945],[-81.75374,47.36238],[-81.74983,47.36823],[-81.74788,47.36921],[-81.7469,47.37312],[-81.74397,47.37605],[-81.74202,47.37996],[-81.73616,47.38387],[-81.73323,47.39069],[-81.73323,47.39558],[-81.74397,47.40339],[-81.74983,47.40633],[-81.75667,47.4073],[-81.7596,47.40632],[-81.7635,47.40242],[-81.76448,47.39655],[-81.76839,47.39558],[-81.77522,47.40144],[-81.77913,47.40339],[-81.78304,47.40827],[-81.78792,47.41023],[-81.78987,47.41219],[-81.7928,47.41218],[-81.79964,47.41023],[-81.80452,47.40633],[-81.8094,47.40828],[-81.81917,47.42097],[-81.82405,47.4239],[-81.82698,47.42489],[-81.82991,47.42488],[-81.83479,47.42097],[-81.83382,47.41511],[-81.83186,47.41316],[-81.83186,47.40828],[-81.83675,47.40437],[-81.85629,47.40242],[-81.8641,47.40925],[-81.868,47.41511],[-81.87386,47.41902],[-81.87776,47.42488],[-81.8807,47.42683],[-81.8807,47.44051],[-81.88851,47.45222],[-81.89339,47.4532],[-81.89828,47.4532],[-81.90316,47.44929],[-81.90121,47.44637],[-81.90023,47.4405],[-81.89828,47.43855],[-81.89828,47.43562],[-81.90609,47.43464],[-81.9139,47.4405],[-81.92562,47.44148],[-81.92855,47.44344],[-81.93734,47.45418],[-81.94125,47.4571],[-81.94906,47.4659],[-81.95199,47.46785],[-81.95394,47.4659],[-81.95882,47.46589],[-81.96371,47.46492],[-81.99105,47.46492],[-81.993,47.46296],[-81.99984,47.46199],[-82.03109,47.46004],[-82.04476,47.45808],[-82.04867,47.45515],[-82.04964,47.45124],[-82.05257,47.45027],[-82.0555,47.45027],[-82.05941,47.45125],[-82.06527,47.45417],[-82.0682,47.45808],[-82.07504,47.46394],[-82.077,47.46785],[-82.07797,47.47859],[-82.07894,47.48054],[-82.07308,47.48542],[-82.07015,47.48543],[-82.07015,47.49031],[-82.07211,47.49227],[-82.08871,47.49031],[-82.09945,47.49226],[-82.10336,47.49519],[-82.10726,47.4952],[-82.1102,47.49128],[-82.10922,47.48933],[-82.11411,47.48445],[-82.11898,47.49031],[-82.12386,47.49422],[-82.1268,47.49519],[-82.13461,47.49715],[-82.15414,47.49812],[-82.16,47.4991],[-82.16391,47.49422],[-82.17172,47.48835],[-82.17661,47.48739],[-82.18539,47.48738],[-82.19125,47.48153],[-82.20786,47.47762],[-82.20981,47.47957],[-82.21274,47.48055],[-82.23129,47.48153],[-82.23911,47.48055],[-82.24106,47.4786],[-82.24985,47.4786],[-82.25571,47.48348],[-82.25961,47.48348],[-82.26254,47.48542],[-82.26938,47.48543],[-82.27426,47.48446],[-82.27622,47.4825],[-82.27524,47.46297],[-82.27719,47.46102],[-82.28305,47.46102],[-82.29379,47.46786],[-82.30063,47.46785],[-82.30356,47.46493],[-82.30454,47.462],[-82.30454,47.45418],[-82.30161,47.45028],[-82.30161,47.44149],[-82.3065,47.43465],[-82.30747,47.43074],[-82.31431,47.43075],[-82.32407,47.4327],[-82.33189,47.43269],[-82.33482,47.43465],[-82.33384,47.44246],[-82.33091,47.44441],[-82.32798,47.44441],[-82.32212,47.44149],[-82.31431,47.44246],[-82.31333,47.44441],[-82.32114,47.45418],[-82.327,47.45712],[-82.33188,47.46297],[-82.33383,47.46785],[-82.34164,47.47567],[-82.35239,47.47567],[-82.35434,47.47762],[-82.35434,47.48055],[-82.34262,47.48933],[-82.34067,47.49324],[-82.34262,47.4952],[-82.34946,47.49618],[-82.35141,47.49813],[-82.35043,47.50692],[-82.35336,47.5118],[-82.35825,47.5118],[-82.36606,47.51375],[-82.36899,47.51181],[-82.36997,47.50985],[-82.36997,47.4952],[-82.37094,47.49324],[-82.3768,47.48934],[-82.38071,47.49228],[-82.38559,47.49813],[-82.39047,47.49813],[-82.39536,47.50204],[-82.39829,47.50302],[-82.40512,47.50301],[-82.41196,47.49715],[-82.41391,47.4913],[-82.41197,47.46688],[-82.41489,47.46492],[-82.43539,47.46493],[-82.43735,47.46688],[-82.43442,47.47079],[-82.43442,47.4747],[-82.43735,47.47957],[-82.44711,47.48544],[-82.44907,47.48837],[-82.45493,47.49325],[-82.45786,47.49227],[-82.45883,47.49033],[-82.45883,47.48544],[-82.45981,47.48348],[-82.46274,47.48153],[-82.47641,47.4825],[-82.47348,47.49228],[-82.47543,47.49423],[-82.47641,47.49716],[-82.48715,47.49521],[-82.49008,47.49325],[-82.49301,47.49326],[-82.49497,47.4913],[-82.51059,47.4874],[-82.52133,47.48837],[-82.52719,47.4913],[-82.54672,47.49033],[-82.57016,47.49131],[-82.57211,47.49325],[-82.577,47.49423],[-82.59262,47.50498],[-82.59555,47.50498],[-82.59848,47.50692],[-82.60336,47.50693],[-82.60434,47.49521],[-82.60727,47.49325],[-82.61118,47.49326],[-82.61997,47.50009],[-82.62875,47.50009],[-82.63754,47.49326],[-82.64438,47.48935],[-82.65415,47.4874],[-82.6561,47.48545],[-82.66196,47.48544],[-82.66489,47.4874],[-82.66977,47.49423],[-82.6727,47.49619],[-82.67563,47.49619],[-82.67856,47.49814],[-82.68247,47.49814],[-82.6854,47.49912],[-82.69125,47.49424],[-82.69418,47.48544],[-82.69907,47.48154],[-82.702,47.48154],[-82.70883,47.47666],[-82.71176,47.47275],[-82.70786,47.46885],[-82.7059,47.46493],[-82.7059,47.45517],[-82.70688,47.45127],[-82.71176,47.44736],[-82.71469,47.44737],[-82.71762,47.44931],[-82.7186,47.45127],[-82.72543,47.45029],[-82.72641,47.44834],[-82.73813,47.44737],[-82.74008,47.4454],[-82.74204,47.42685],[-82.75082,47.41904],[-82.75865,47.41904],[-82.75767,47.44248],[-82.75962,47.44443],[-82.75962,47.46299],[-82.76157,47.46494],[-82.76255,47.47275],[-82.76548,47.47665],[-82.76548,47.4796],[-82.77232,47.48349],[-82.77427,47.48643],[-82.77427,47.48935],[-82.76743,47.49033],[-82.75865,47.48349],[-82.75375,47.48252],[-82.75278,47.48935],[-82.75375,47.49131],[-82.76157,47.49717],[-82.76548,47.49815],[-82.76645,47.504],[-82.7772,47.50205],[-82.78501,47.49619],[-82.7899,47.48838],[-82.79282,47.48643],[-82.79966,47.48545],[-82.80259,47.48642],[-82.8065,47.48936],[-82.80552,47.50009],[-82.80747,47.504],[-82.81431,47.50889],[-82.81822,47.51279],[-82.81724,47.54111],[-82.81529,47.54307],[-82.79771,47.54502],[-82.79966,47.55381],[-82.80552,47.55869],[-82.81431,47.56064],[-82.82407,47.56065],[-82.82603,47.55869],[-82.827,47.55088],[-82.83482,47.54405],[-82.83775,47.54405],[-82.84361,47.54111],[-82.84849,47.53525],[-82.84751,47.51865],[-82.84849,47.50498],[-82.85044,47.50205],[-82.8524,47.5001],[-82.85532,47.49912],[-82.86314,47.49717],[-82.86607,47.49717],[-82.86802,47.49521],[-82.87095,47.49424],[-82.87681,47.48643],[-82.87193,47.48056],[-82.86997,47.47569],[-82.8729,47.47471],[-82.88072,47.47569],[-82.89341,47.47471],[-82.89439,47.46884],[-82.89146,47.46592],[-82.89341,47.46397],[-82.89634,47.46299],[-82.90122,47.45615],[-82.89829,47.4503],[-82.89536,47.45029],[-82.8856,47.45713],[-82.88267,47.4581],[-82.87974,47.45712],[-82.88267,47.44737],[-82.88267,47.44443],[-82.88462,47.44248],[-82.8856,47.43858],[-82.8856,47.42686],[-82.90415,47.42587],[-82.90708,47.42783],[-82.90708,47.43467],[-82.90415,47.43662],[-82.90415,47.44053],[-82.90611,47.44248],[-82.90904,47.4415],[-82.91197,47.4415],[-82.91686,47.43857],[-82.92076,47.4415],[-82.92173,47.44345],[-82.9188,47.44737],[-82.91392,47.45127],[-82.91686,47.45518],[-82.92076,47.45615],[-82.92564,47.45615],[-82.92759,47.4581],[-82.92466,47.46201],[-82.91978,47.46592],[-82.92271,47.47276],[-82.92565,47.47373],[-82.93541,47.47373],[-82.93932,47.47276],[-82.95006,47.46397],[-82.94127,47.4542],[-82.94127,47.45029],[-82.9442,47.44639],[-82.94225,47.44444],[-82.94322,47.43564],[-82.94908,47.43467],[-82.95982,47.44443],[-82.96275,47.4454],[-82.96959,47.44541],[-82.97057,47.44052],[-82.95982,47.43076],[-82.9569,47.42978],[-82.9569,47.4249],[-82.96275,47.42002],[-82.96666,47.41806],[-82.97154,47.41708],[-82.97643,47.42099],[-82.98229,47.42099],[-82.98327,47.41415],[-82.97546,47.40439],[-82.97545,47.40048],[-82.97936,47.39658],[-82.99304,47.39756],[-82.99401,47.3956],[-82.99694,47.39365],[-82.99108,47.38876],[-82.99108,47.37998],[-82.98718,47.37607],[-82.98132,47.37509],[-82.97546,47.37803],[-82.95299,47.37802],[-82.95201,47.37314],[-82.95299,47.37021],[-82.96568,47.3585],[-82.97154,47.35165],[-82.97643,47.34482],[-82.9774,47.34189],[-82.98132,47.33701],[-82.98425,47.33505],[-82.98913,47.32822],[-82.99011,47.32432],[-82.99889,47.31357],[-83.00866,47.31357],[-83.01941,47.31454],[-83.03842,47.3251],[-83.03699,47.32724],[-83.04089,47.33017],[-83.04285,47.33408],[-83.03014,47.33701],[-83.02722,47.33896],[-83.02624,47.34287],[-83.02429,47.34482],[-83.02331,47.35653],[-83.02429,47.36045],[-83.03015,47.36728],[-83.03308,47.36924],[-83.04285,47.3702],[-83.04675,47.36728],[-83.05164,47.35849],[-83.05652,47.35849],[-83.06922,47.36825],[-83.0741,47.36923],[-83.07507,47.37119],[-83.07605,47.39365],[-83.07507,47.39755],[-83.07019,47.40439],[-83.05945,47.4122],[-83.0575,47.41611],[-83.05457,47.41903],[-83.05457,47.42294],[-83.05652,47.4249],[-83.05652,47.43467],[-83.05945,47.44053],[-83.05944,47.44442],[-83.06237,47.44834],[-83.06237,47.45615],[-83.04186,47.4581],[-83.03503,47.46298],[-83.03893,47.46592],[-83.05554,47.4669],[-83.05944,47.46592],[-83.06432,47.46983],[-83.07116,47.47079],[-83.078,47.46982],[-83.08483,47.46787],[-83.08679,47.46592],[-83.09265,47.46396],[-83.09656,47.46396],[-83.1073,47.47373],[-83.11804,47.47958],[-83.12683,47.48154],[-83.13953,47.47274],[-83.14734,47.46592],[-83.15808,47.45029],[-83.16297,47.44541],[-83.16688,47.43955],[-83.16786,47.43271],[-83.16981,47.43076],[-83.16883,47.41903],[-83.16395,47.41513],[-83.15809,47.41513],[-83.14637,47.42391],[-83.14344,47.42392],[-83.14051,47.4249],[-83.13757,47.42783],[-83.13464,47.42782],[-83.12976,47.43466],[-83.1239,47.4376],[-83.12097,47.43466],[-83.12196,47.4122],[-83.1161,47.40439],[-83.11317,47.39853],[-83.11414,47.39657],[-83.12391,47.3956],[-83.12586,47.39365],[-83.13368,47.38095],[-83.14149,47.37118],[-83.14246,47.3663],[-83.14051,47.36435],[-83.13368,47.36727],[-83.13075,47.36728],[-83.12782,47.36923],[-83.12489,47.36923],[-83.12293,47.37118],[-83.10926,47.37118],[-83.10633,47.37216],[-83.09852,47.36728],[-83.10047,47.36337],[-83.10829,47.35653],[-83.11121,47.35653],[-83.11512,47.3536],[-83.11805,47.3536],[-83.12977,47.34579],[-83.13563,47.33994],[-83.13856,47.33602],[-83.14051,47.33115],[-83.13856,47.31064],[-83.13563,47.30869],[-83.13758,47.30478],[-83.14051,47.30185],[-83.14832,47.30184],[-83.15809,47.31064],[-83.16298,47.31649],[-83.17274,47.3243],[-83.19032,47.32333],[-83.19521,47.32235],[-83.19814,47.31943],[-83.20107,47.31845],[-83.204,47.31942],[-83.20693,47.31844],[-83.20986,47.3204],[-83.21376,47.32724],[-83.21669,47.33016],[-83.21767,47.33408],[-83.21962,47.33603],[-83.2206,47.33896],[-83.21962,47.35556],[-83.22254,47.35946],[-83.22157,47.36434],[-83.22743,47.37021],[-83.2372,47.37021],[-83.24892,47.36142],[-83.25868,47.36239],[-83.26259,47.36631],[-83.25868,47.37021],[-83.24793,47.37606],[-83.245,47.37998],[-83.24403,47.38778],[-83.2411,47.38876],[-83.23524,47.39364],[-83.23426,47.39853],[-83.23914,47.40341],[-83.24891,47.40341],[-83.2577,47.39658],[-83.26356,47.39559],[-83.26649,47.39755],[-83.26649,47.40537],[-83.26258,47.40927],[-83.25184,47.4122],[-83.25086,47.41415],[-83.24793,47.41611],[-83.24989,47.41806],[-83.25086,47.4249],[-83.25672,47.43174],[-83.25965,47.43369],[-83.26063,47.43564],[-83.26942,47.44052],[-83.27235,47.44052],[-83.27528,47.44248],[-83.28504,47.44345],[-83.28895,47.44248],[-83.3075,47.42783],[-83.31727,47.42685],[-83.32704,47.43369],[-83.32997,47.43369],[-83.33192,47.43174],[-83.3368,47.43076],[-83.34364,47.4249],[-83.34559,47.42196],[-83.33975,47.41767],[-83.35208,47.41282],[-83.35926,47.4122],[-83.36219,47.41123],[-83.36903,47.41123],[-83.36414,47.4249],[-83.36512,47.43369],[-83.36219,47.43564],[-83.36122,47.4376],[-83.36121,47.45518],[-83.36902,47.46592],[-83.37195,47.46787],[-83.37,47.47275],[-83.37097,47.47471],[-83.36804,47.47862],[-83.36023,47.47861],[-83.3573,47.47959],[-83.3534,47.48447],[-83.35242,47.49033],[-83.35242,47.50205],[-83.35436,47.504],[-83.36022,47.51573],[-83.36608,47.51768],[-83.36315,47.51963],[-83.36901,47.52744],[-83.36901,47.53623],[-83.36413,47.54014],[-83.35827,47.53916],[-83.35534,47.53721],[-83.35339,47.53331],[-83.35046,47.53135],[-83.34362,47.53135],[-83.34167,47.5333],[-83.33776,47.53428],[-83.33386,47.53721],[-83.33288,47.53916],[-83.32995,47.54014],[-83.32311,47.54796],[-83.31237,47.55576],[-83.30944,47.55675],[-83.30651,47.55674],[-83.29675,47.56162],[-83.28503,47.56455],[-83.28307,47.56651],[-83.28015,47.5665],[-83.27722,47.56846],[-83.27331,47.57139],[-83.26354,47.58214],[-83.26354,47.58507],[-83.26842,47.58506],[-83.27722,47.58311],[-83.28014,47.58115],[-83.28307,47.58115],[-83.29089,47.57628],[-83.29382,47.57628],[-83.30847,47.57334],[-83.31042,47.5753],[-83.30944,47.58019],[-83.30749,47.58213],[-83.30847,47.58408],[-83.3114,47.58604],[-83.32311,47.58604],[-83.33288,47.57823],[-83.33581,47.57334],[-83.34167,47.56749],[-83.3446,47.56554],[-83.34753,47.56553],[-83.34948,47.56358],[-83.35436,47.5626],[-83.35925,47.5587],[-83.36218,47.55772],[-83.37292,47.5587],[-83.38464,47.55576],[-83.38757,47.55772],[-83.3905,47.56162],[-83.3944,47.56357],[-83.39929,47.56358],[-83.40124,47.56553],[-83.41393,47.56554],[-83.41686,47.56455],[-83.41882,47.5626],[-83.42175,47.5626],[-83.43151,47.55576],[-83.44323,47.55381],[-83.45495,47.55576],[-83.45788,47.55772],[-83.47156,47.5587],[-83.50476,47.55674],[-83.50769,47.5587],[-83.50769,47.56163],[-83.51843,47.5626],[-83.52136,47.56162],[-83.52722,47.55479],[-83.53015,47.55381],[-83.53894,47.55382],[-83.54285,47.5499],[-83.54285,47.54706],[-83.54953,47.54539],[-83.55164,47.54698],[-83.55945,47.54697],[-83.56629,47.54893],[-83.57117,47.54894],[-83.57508,47.54503],[-83.58958,47.53902],[-83.59265,47.54112],[-83.61121,47.5421],[-83.61804,47.54014],[-83.62914,47.54271],[-83.62976,47.54209],[-83.63855,47.54112],[-83.66687,47.53917],[-83.67078,47.53819],[-83.67761,47.53233],[-83.6825,47.52452],[-83.68641,47.52451],[-83.68933,47.52256],[-83.69226,47.52257],[-83.69911,47.52061],[-83.70887,47.51963],[-83.72059,47.5167],[-83.73231,47.51475],[-83.73524,47.5128],[-83.73719,47.51084],[-83.73133,47.50499],[-83.72547,47.50401],[-83.71961,47.50694],[-83.71571,47.50694],[-83.71571,47.50401],[-83.71668,47.50108],[-83.71961,47.49912],[-83.71961,47.49717],[-83.7245,47.49132],[-83.7245,47.48936],[-83.72645,47.48741],[-83.73231,47.48448],[-83.73329,47.48252],[-83.73817,47.47862],[-83.7411,47.47373],[-83.74403,47.47276],[-83.74598,47.47471],[-83.76454,47.47276],[-83.78407,47.47373],[-83.787,47.47178],[-83.78603,47.46592],[-83.78798,47.46396],[-83.787,47.46201],[-83.78896,47.46006],[-83.79091,47.45517],[-83.79482,47.45322],[-83.79384,47.45029],[-83.79189,47.44834],[-83.78993,47.44053],[-83.79286,47.43661],[-83.79579,47.43564],[-83.79775,47.43369],[-83.80068,47.43369],[-83.80263,47.43174],[-83.80849,47.42978],[-83.81142,47.42978],[-83.81337,47.42783],[-83.81825,47.42783],[-83.81924,47.42587],[-83.82217,47.42587],[-83.82509,47.42295],[-83.84268,47.42002],[-83.86417,47.41903],[-83.88078,47.41609],[-83.88566,47.41219],[-83.88566,47.40438],[-83.88371,47.40242],[-83.88371,47.40047],[-83.88078,47.39852],[-83.88468,47.39559],[-83.88957,47.38875],[-83.88762,47.38582],[-83.88566,47.38387],[-83.87589,47.3868],[-83.87199,47.3868],[-83.86906,47.38582],[-83.86515,47.38094],[-83.86027,47.37997],[-83.85832,47.37703],[-83.86125,47.37508],[-83.86187,47.3654],[-83.8632,47.36629],[-83.87004,47.36628],[-83.87395,47.36531],[-83.8759,47.36335],[-83.87981,47.36336],[-83.88176,47.3614],[-83.88469,47.36141],[-83.88664,47.35945],[-83.8925,47.35848],[-83.89836,47.35359],[-83.9052,47.34968],[-83.9052,47.34773],[-83.90911,47.34285],[-83.9013,47.33699],[-83.89739,47.3321],[-83.89739,47.32819],[-83.89934,47.32429],[-83.90325,47.32039],[-83.90422,47.3155],[-83.90228,47.31355],[-83.89251,47.31355],[-83.88275,47.31648],[-83.88079,47.31843],[-83.87786,47.31843],[-83.87591,47.32038],[-83.86516,47.32332],[-83.86223,47.32527],[-83.8593,47.32624],[-83.85539,47.32625],[-83.85246,47.3282],[-83.84954,47.3282],[-83.84758,47.33015],[-83.83782,47.33015],[-83.83391,47.32917],[-83.8261,47.32332],[-83.82414,47.31941],[-83.82903,47.3155],[-83.83293,47.31355],[-83.83879,47.31257],[-83.84075,47.31062],[-83.84465,47.31062],[-83.84856,47.30964],[-83.85149,47.30769],[-83.8593,47.30671],[-83.86223,47.30476],[-83.87102,47.30476],[-83.87395,47.30378],[-83.87298,47.29695],[-83.87493,47.29402],[-83.89153,47.295],[-83.89446,47.29695],[-83.89446,47.29891],[-83.89739,47.29987],[-83.90032,47.2989],[-83.91107,47.29109],[-83.91595,47.29109],[-83.91693,47.29303],[-83.92083,47.29597],[-83.9306,47.29597],[-83.93646,47.29499],[-83.93939,47.29303],[-83.94232,47.29305],[-83.94525,47.29206],[-83.9472,47.29011],[-83.95208,47.29011],[-83.96087,47.28816],[-83.96868,47.28816],[-83.96966,47.28523],[-83.97552,47.28034],[-83.97454,47.27839],[-83.97454,47.26862],[-83.97747,47.26862],[-83.98821,47.25984],[-83.99993,47.25984],[-84.00384,47.25691],[-84.00775,47.25984],[-84.01361,47.25984],[-84.01458,47.25593],[-84.01654,47.25398],[-84.01556,47.25007],[-84.01165,47.24909],[-84.00579,47.2442],[-83.99993,47.25007],[-83.98138,47.24714],[-83.97845,47.24617],[-83.97259,47.24128],[-83.97161,47.2364],[-83.9804,47.22858],[-83.97943,47.22468],[-83.96771,47.2237],[-83.96478,47.22175],[-83.96575,47.21003],[-83.97064,47.20417],[-83.97161,47.20124],[-83.97064,47.19928],[-83.9638,47.19929],[-83.96087,47.20124],[-83.95794,47.20416],[-83.95696,47.21101],[-83.95306,47.21491],[-83.9472,47.21296],[-83.94232,47.21394],[-83.94134,47.22077],[-83.93841,47.22272],[-83.93255,47.22273],[-83.92571,47.21394],[-83.92669,47.20515],[-83.92571,47.20319],[-83.92279,47.20124],[-83.92376,47.19734],[-83.92962,47.19636],[-83.93841,47.19831],[-83.94915,47.19831],[-83.95599,47.19343],[-83.95892,47.18757],[-83.95111,47.17975],[-83.95111,47.1778],[-83.94818,47.17487],[-83.94818,47.17292],[-83.94622,47.17096],[-83.94622,47.16803],[-83.94427,47.16609],[-83.94427,47.15534],[-83.94036,47.13581],[-83.92962,47.1358],[-83.92669,47.13971],[-83.92767,47.14362],[-83.92474,47.14558],[-83.91497,47.14362],[-83.90618,47.15046],[-83.89837,47.15143],[-83.89544,47.14948],[-83.89349,47.14459],[-83.89446,47.13288],[-83.89739,47.12995],[-83.89446,47.12702],[-83.88861,47.12507],[-83.88275,47.12507],[-83.87982,47.12214],[-83.87884,47.11628],[-83.86712,47.10944],[-83.86321,47.10553],[-83.86224,47.10163],[-83.86029,47.09968],[-83.85931,47.09577],[-83.85736,47.09381],[-83.85736,47.08893],[-83.86224,47.08698],[-83.89251,47.08209],[-83.89642,47.07917],[-83.89837,47.07624],[-83.90716,47.0694],[-83.91009,47.07038],[-83.91302,47.07038],[-83.91693,47.07331],[-83.91986,47.07331],[-83.92279,47.07526],[-83.92474,47.07331],[-83.92376,47.07038],[-83.92181,47.06842],[-83.92279,47.05573],[-83.9306,47.04987],[-83.93353,47.04987],[-83.93646,47.04694],[-83.94134,47.04596],[-83.94622,47.04206],[-83.95306,47.04206],[-83.95501,47.04401],[-83.95794,47.04498],[-83.9638,47.03815],[-83.94818,47.02839],[-83.94232,47.0235],[-83.93939,47.02448],[-83.93841,47.02253],[-83.93548,47.02252],[-83.92962,47.02546],[-83.92571,47.02057],[-83.92083,47.01667],[-83.91595,47.01667],[-83.90911,47.01471],[-83.90814,47.0108],[-83.90423,47.0108],[-83.89837,47.00397],[-83.89251,47.00006],[-83.88372,46.99128],[-83.88665,46.98834],[-83.88861,46.98053],[-83.89154,46.97761],[-83.89251,46.9737],[-83.89642,46.96784],[-83.89642,46.96393],[-83.89251,46.96002],[-83.87786,46.96003],[-83.87591,46.961],[-83.87298,46.96101],[-83.87103,46.96295],[-83.85736,46.96491],[-83.84173,46.96491],[-83.8222,46.96784],[-83.82025,46.96979],[-83.81536,46.97175],[-83.80169,46.97175],[-83.79876,46.97077],[-83.79779,46.96686],[-83.80169,46.96393],[-83.81243,46.961],[-83.81439,46.95905],[-83.81732,46.95905],[-83.82611,46.95319],[-83.84271,46.95515],[-83.8681,46.95417],[-83.87103,46.95124],[-83.89154,46.94928],[-83.89446,46.94831],[-83.89739,46.94537],[-83.90032,46.94538],[-83.91693,46.93366],[-83.91986,46.93268],[-83.92864,46.93268],[-83.93646,46.93171],[-83.94232,46.92975],[-83.94622,46.92682],[-83.9472,46.92194],[-83.95404,46.91608],[-83.96283,46.91609],[-83.96674,46.91511],[-83.96967,46.91316],[-83.96868,46.90925],[-83.96479,46.90827],[-83.95404,46.90827],[-83.95111,46.9112],[-83.9472,46.91218],[-83.93744,46.91218],[-83.9306,46.91022],[-83.92767,46.90827],[-83.92767,46.90534],[-83.92963,46.90241],[-83.93255,46.90143],[-83.94232,46.90143],[-83.94622,46.90045],[-83.95404,46.89655],[-83.95697,46.89362],[-83.95989,46.89362],[-83.96186,46.89265],[-83.96869,46.88678],[-83.96869,46.88093],[-83.96478,46.87898],[-83.95404,46.87898],[-83.95208,46.88092],[-83.93548,46.8819],[-83.93255,46.87995],[-83.93255,46.878],[-83.93743,46.87409],[-83.94427,46.87409],[-83.95111,46.87214],[-83.95208,46.86335],[-83.956,46.86042],[-83.95794,46.84968],[-83.95892,46.83796],[-83.95795,46.83112],[-83.9599,46.81745],[-83.95794,46.81452],[-83.95404,46.81452],[-83.95111,46.81159],[-83.93939,46.80476],[-83.93939,46.8028],[-83.93744,46.80084],[-83.93841,46.79889],[-83.9345,46.79889],[-83.93157,46.79499],[-83.92474,46.79011],[-83.92181,46.79108],[-83.91986,46.79011],[-83.89739,46.79108],[-83.89446,46.79011],[-83.89251,46.78816],[-83.88958,46.78816],[-83.88275,46.78327],[-83.87982,46.78424],[-83.872,46.77839],[-83.86907,46.77839],[-83.86321,46.7735],[-83.86321,46.77155],[-83.86126,46.7696],[-83.86126,46.76373],[-83.85931,46.76178],[-83.85736,46.76081],[-83.84075,46.75984],[-83.83392,46.75397],[-83.83196,46.75104],[-83.82904,46.74909],[-83.83001,46.74127],[-83.8222,46.73346],[-83.8222,46.7237],[-83.82415,46.71784],[-83.82904,46.71784],[-83.82806,46.71491],[-83.82904,46.71296],[-83.83782,46.7071],[-83.84466,46.70124],[-83.84759,46.70124],[-83.85345,46.69635],[-83.85638,46.69636],[-83.86224,46.69343],[-83.86419,46.69148],[-83.86712,46.69147],[-83.87591,46.68854],[-83.87884,46.68659],[-83.88177,46.68659],[-83.88708,46.68352],[-83.88079,46.67878],[-83.88079,46.67585],[-83.87786,46.6739],[-83.88079,46.67389],[-83.89056,46.67096],[-83.89056,46.66412],[-83.89251,46.66022],[-83.89837,46.65339],[-83.89935,46.64851],[-83.89739,46.64167],[-83.89739,46.63776],[-83.88665,46.62409],[-83.88665,46.62213],[-83.872,46.60847],[-83.86321,46.60455],[-83.8515,46.60359],[-83.84564,46.60554],[-83.84271,46.60749],[-83.8388,46.60846],[-83.82611,46.60846],[-83.82318,46.60456],[-83.82806,46.6026],[-83.83099,46.59967],[-83.83489,46.59772],[-83.83782,46.59773],[-83.84075,46.59675],[-83.84271,46.59479],[-83.86321,46.59284],[-83.8681,46.58796],[-83.87298,46.57916],[-83.86907,46.57819],[-83.83782,46.57721],[-83.83489,46.57819],[-83.83294,46.57721],[-83.82708,46.57721],[-83.82025,46.57331],[-83.82415,46.56842],[-83.83685,46.56745],[-83.85443,46.5694],[-83.86419,46.57233],[-83.87103,46.57233],[-83.87591,46.57135],[-83.87786,46.5694],[-83.87396,46.5655],[-83.87103,46.5655],[-83.86419,46.56354],[-83.85736,46.56257],[-83.85247,46.55866],[-83.84075,46.5528],[-83.84075,46.55084],[-83.82806,46.54108],[-83.82513,46.53717],[-83.82415,46.53522],[-83.82415,46.53034],[-83.82122,46.52545],[-83.81536,46.52252],[-83.81243,46.52253],[-83.80853,46.51959],[-83.80853,46.51764],[-83.80657,46.5157],[-83.80169,46.51374],[-83.78607,46.51178],[-83.77923,46.5069],[-83.7763,46.50006],[-83.77532,46.49323],[-83.76849,46.49323],[-83.76556,46.49225],[-83.76361,46.4903],[-83.75383,46.49128],[-83.74993,46.49323],[-83.74504,46.49713],[-83.74211,46.49714],[-83.74016,46.49908],[-83.73723,46.49909],[-83.73528,46.50104],[-83.73137,46.50202],[-83.72551,46.50495],[-83.72454,46.50983],[-83.73235,46.51569],[-83.73918,46.51959],[-83.74016,46.52155],[-83.74407,46.52447],[-83.74504,46.54108],[-83.74407,46.54401],[-83.74211,46.54499],[-83.72161,46.544],[-83.7177,46.54499],[-83.70793,46.5528],[-83.70696,46.55475],[-83.70891,46.5655],[-83.71184,46.5655],[-83.71868,46.57038],[-83.72161,46.57038],[-83.71965,46.57623],[-83.71477,46.58014],[-83.70403,46.58014],[-83.70207,46.57819],[-83.70012,46.57135],[-83.69719,46.5694],[-83.69036,46.55963],[-83.68645,46.55768],[-83.66594,46.55866],[-83.66301,46.56257],[-83.66106,46.56354],[-83.6552,46.56061],[-83.65422,46.55768],[-83.64739,46.5528],[-83.6386,46.55377],[-83.63567,46.55476],[-83.63079,46.55475],[-83.62883,46.54889],[-83.6259,46.54499],[-83.6259,46.54303],[-83.61614,46.53523],[-83.60832,46.53522],[-83.59856,46.53229],[-83.59661,46.53034],[-83.59367,46.53034],[-83.59074,46.52838],[-83.58782,46.52937],[-83.57804,46.52155],[-83.57707,46.5196],[-83.57316,46.51764],[-83.56535,46.5196],[-83.56144,46.5196],[-83.55851,46.51667],[-83.54875,46.51764],[-83.53312,46.52154],[-83.53019,46.52155],[-83.52531,46.52448],[-83.5214,46.52741],[-83.51945,46.53522],[-83.51652,46.5362],[-83.50089,46.5362],[-83.49406,46.53816],[-83.49113,46.54108],[-83.49015,46.55768],[-83.48625,46.56257],[-83.48625,46.56452],[-83.47843,46.57037],[-83.46964,46.57038],[-83.46671,46.5694],[-83.46476,46.57136],[-83.46476,46.5733],[-83.46769,46.57526],[-83.46964,46.57819],[-83.46379,46.58307],[-83.45988,46.58405],[-83.45695,46.586],[-83.45402,46.586],[-83.45011,46.58893],[-83.44816,46.59381],[-83.44816,46.60065],[-83.45402,46.60651],[-83.45304,46.61432],[-83.45011,46.6153],[-83.44523,46.61921],[-83.4423,46.61921],[-83.43937,46.62214],[-83.42863,46.62507],[-83.42179,46.62507],[-83.41789,46.62214],[-83.41789,46.61921],[-83.41496,46.6153],[-83.41104,46.61335],[-83.40031,46.61334],[-83.37784,46.61725],[-83.3671,46.61726],[-83.36124,46.61628],[-83.34464,46.61627],[-83.3378,46.61725],[-83.33292,46.62018],[-83.32315,46.62018],[-83.31729,46.61921],[-83.31436,46.61725],[-83.30948,46.61725],[-83.30753,46.6153],[-83.3046,46.6153],[-83.30069,46.61237],[-83.29776,46.61237],[-83.29288,46.60651],[-83.28604,46.60162],[-83.26261,46.60163],[-83.25479,46.59967],[-83.24991,46.59381],[-83.24796,46.59284],[-83.246,46.59381],[-83.24307,46.59381],[-83.24014,46.59284],[-83.24014,46.58405],[-83.2294,46.57526],[-83.21964,46.57526],[-83.21573,46.57818],[-83.21378,46.57721],[-83.20987,46.57916],[-83.20791,46.58112],[-83.204,46.5821],[-83.19912,46.5821],[-83.19424,46.58112],[-83.18643,46.58307],[-83.1835,46.58308],[-83.17568,46.57721],[-83.17471,46.57135],[-83.1708,46.5694],[-83.16885,46.56745],[-83.16201,46.56647],[-83.14834,46.56646],[-83.14443,46.5655],[-83.13369,46.5567],[-83.13271,46.55475],[-83.12393,46.54889],[-83.121,46.54889],[-83.12002,46.54694],[-83.11318,46.54694],[-83.10049,46.54499],[-83.08682,46.54694],[-83.07607,46.54694],[-83.07314,46.55085],[-83.07217,46.55964],[-83.07021,46.56159],[-83.07021,46.56354],[-83.06729,46.56647],[-83.06533,46.56744],[-83.0624,46.56744],[-83.05557,46.57233],[-83.05166,46.57234],[-83.04971,46.57428],[-83.04678,46.57428],[-83.04189,46.57819],[-83.03896,46.57819],[-83.03408,46.58209],[-83.03408,46.58405],[-83.03115,46.58405],[-83.02236,46.59089],[-83.01846,46.59186],[-83.0165,46.59382],[-83.01064,46.59577],[-83.00771,46.59577],[-83.00479,46.59772],[-82.99794,46.59772],[-82.99501,46.59382],[-82.99501,46.58893],[-82.99599,46.58502],[-82.99892,46.58112],[-83.00283,46.57819],[-83.00674,46.57721],[-83.00967,46.57526],[-83.01455,46.57526],[-83.02432,46.57331],[-83.03018,46.57331],[-83.03799,46.57136],[-83.04189,46.56843],[-83.05361,46.55768],[-83.05947,46.54987],[-83.06045,46.54694],[-83.06338,46.54499],[-83.06631,46.54108],[-83.06924,46.53327],[-83.07119,46.53131],[-83.07021,46.52936],[-83.07021,46.5196],[-83.079,46.51277],[-83.08193,46.51276],[-83.08486,46.51178],[-83.08779,46.50983],[-83.09072,46.5069],[-83.09072,46.50495],[-83.09365,46.50495],[-83.0917,46.50105],[-83.09365,46.49909],[-83.09268,46.49128],[-83.09463,46.48933],[-83.09365,46.48444],[-83.09561,46.48248],[-83.09561,46.47761],[-83.09463,46.47565],[-83.09658,46.4737],[-83.09561,46.46393],[-83.09756,46.46198],[-83.09756,46.46003],[-83.07314,46.46296],[-83.07021,46.46491],[-83.06924,46.46784],[-83.06631,46.46687],[-83.06436,46.46882],[-83.05947,46.46979],[-83.05166,46.46979],[-83.04678,46.46882],[-83.04482,46.46686],[-83.04385,46.45807],[-83.04092,46.45417],[-83.03896,46.45612],[-83.03311,46.45904],[-83.02041,46.46882],[-83.00771,46.47077],[-83.00381,46.4737],[-82.99989,46.47468],[-82.99208,46.47565],[-82.98525,46.47761],[-82.97353,46.47956],[-82.9579,46.48053],[-82.95497,46.48249],[-82.94716,46.47858],[-82.94325,46.47761],[-82.94032,46.47565],[-82.93251,46.4737],[-82.91493,46.4737],[-82.9081,46.47175],[-82.90517,46.46882],[-82.88857,46.45807],[-82.86513,46.45612],[-82.85243,46.45612],[-82.8456,46.45221],[-82.83779,46.4405],[-82.82802,46.43269],[-82.81239,46.43171],[-82.79775,46.43269],[-82.7831,46.43073],[-82.77724,46.43561],[-82.77918,46.43757],[-82.78212,46.43757],[-82.78407,46.43952],[-82.78505,46.44343],[-82.78017,46.44538],[-82.77333,46.44635],[-82.77138,46.44538],[-82.76844,46.44538],[-82.76551,46.4444],[-82.75282,46.43757],[-82.74598,46.43268],[-82.7411,46.42683],[-82.73719,46.42487],[-82.73036,46.42487],[-82.7284,46.4239],[-82.69129,46.4239],[-82.68543,46.42487],[-82.67079,46.42487],[-82.6659,46.4239],[-82.66395,46.42195],[-82.66102,46.42292],[-82.662,46.42097],[-82.66102,46.41901],[-82.65028,46.40632],[-82.64637,46.40339],[-82.64149,46.40144],[-82.63954,46.39948],[-82.63661,46.40046],[-82.62,46.39558],[-82.60926,46.39362],[-82.60633,46.3907],[-82.60047,46.3907],[-82.59656,46.38972],[-82.59461,46.38776],[-82.58485,46.38776],[-82.578,46.38678],[-82.57605,46.39265],[-82.56336,46.39362],[-82.55652,46.39265],[-82.54578,46.38776],[-82.54089,46.39264],[-82.54089,46.3946],[-82.53894,46.39656],[-82.53308,46.39655],[-82.52918,46.39362],[-82.52429,46.39362],[-82.50964,46.39948],[-82.49011,46.40437],[-82.47644,46.40437],[-82.47547,46.40632],[-82.46472,46.40534],[-82.44812,46.40534],[-82.4364,46.40826],[-82.43347,46.40827],[-82.43152,46.41023],[-82.42371,46.41316],[-82.41492,46.41316],[-82.40808,46.4073],[-82.40808,46.40436],[-82.40613,46.40241],[-82.39441,46.40436],[-82.36999,46.41022],[-82.36706,46.41022],[-82.36413,46.41218],[-82.3612,46.41218],[-82.35827,46.41316],[-82.35143,46.41706],[-82.34753,46.41999],[-82.33581,46.43367],[-82.33386,46.43464],[-82.33386,46.4366],[-82.32702,46.44441],[-82.32214,46.46101],[-82.32018,46.45906],[-82.30944,46.45807],[-82.29284,46.45905],[-82.28991,46.45612],[-82.28698,46.45612],[-82.28405,46.45418],[-82.28014,46.45418],[-82.27038,46.45906],[-82.26452,46.46394],[-82.26354,46.46589],[-82.25085,46.46589],[-82.24206,46.46394],[-82.23718,46.46003],[-82.23522,46.46101],[-82.23229,46.45808],[-82.23229,46.45613],[-82.23425,46.45418],[-82.23815,46.45418],[-82.24401,46.45026],[-82.24694,46.44929],[-82.24694,46.44734],[-82.24401,46.44635],[-82.24206,46.4444],[-82.23425,46.44538],[-82.22839,46.44245],[-82.23132,46.43855],[-82.23425,46.43757],[-82.23718,46.43464],[-82.23718,46.43269],[-82.22643,46.4278],[-82.22253,46.42683],[-82.21471,46.42097],[-82.21081,46.41608],[-82.21081,46.41413],[-82.2069,46.4112],[-82.19225,46.41023],[-82.18736,46.41413],[-82.1776,46.41706],[-82.17467,46.41706],[-82.17271,46.41901],[-82.16588,46.41999],[-82.16295,46.42194],[-82.15514,46.42292],[-82.14732,46.42585],[-82.13951,46.41999],[-82.13658,46.42],[-82.13463,46.41804],[-82.12779,46.41413],[-82.10729,46.41413],[-82.10338,46.40827],[-82.09752,46.40437],[-82.08775,46.4073],[-82.08287,46.40729],[-82.07799,46.40339],[-82.07604,46.40046],[-82.07408,46.40144],[-82.05748,46.40339],[-82.05455,46.40632],[-82.05064,46.4073],[-82.04479,46.40729],[-82.0399,46.40339],[-82.03014,46.40436],[-82.02623,46.40632],[-82.02428,46.40827],[-82.01744,46.40828],[-82.01157,46.40632],[-82.00377,46.40632],[-81.99303,46.41023],[-81.99009,46.41316],[-81.98716,46.41316],[-81.98325,46.41609],[-81.98032,46.41608],[-81.97837,46.41804],[-81.97446,46.41804],[-81.96958,46.42097],[-81.96568,46.4278],[-81.94517,46.42781],[-81.94614,46.42585],[-81.94517,46.42292],[-81.93931,46.41609],[-81.94224,46.41218],[-81.94321,46.40729],[-81.94321,46.39656],[-81.93931,46.39362],[-81.92466,46.39655],[-81.92271,46.40242],[-81.9188,46.40828],[-81.91685,46.4073],[-81.91294,46.40729],[-81.90904,46.41022],[-81.90513,46.41121],[-81.89829,46.4112],[-81.89439,46.40828],[-81.88267,46.40925],[-81.87876,46.41121],[-81.87583,46.4112],[-81.87193,46.41316],[-81.86704,46.41706],[-81.85743,46.41133],[-81.83579,46.41316],[-81.827,46.4112],[-81.82504,46.41999],[-81.82114,46.42389],[-81.81528,46.42683],[-81.81235,46.42682],[-81.80649,46.43172],[-81.80551,46.43757],[-81.79868,46.44538],[-81.79184,46.44733],[-81.77329,46.44831],[-81.76645,46.45026],[-81.76157,46.45417],[-81.7518,46.45612],[-81.74789,46.45515],[-81.74594,46.4532],[-81.74301,46.4532],[-81.73911,46.45027],[-81.73227,46.45026],[-81.72543,46.44929],[-81.72446,46.44636],[-81.72055,46.44245],[-81.71762,46.4405],[-81.71372,46.43952],[-81.70981,46.43659],[-81.70981,46.43464],[-81.69125,46.43464],[-81.69028,46.43269],[-81.69125,46.43073],[-81.69223,46.41999],[-81.69125,46.41707],[-81.68637,46.41706],[-81.68442,46.41901],[-81.68442,46.42585],[-81.68246,46.42781],[-81.66196,46.43074],[-81.65903,46.43172],[-81.6561,46.43464],[-81.6561,46.43855],[-81.66,46.44343],[-81.65805,46.44538],[-81.65414,46.44637],[-81.63657,46.44636],[-81.63461,46.43659],[-81.61313,46.4405],[-81.61117,46.44148],[-81.59652,46.44441],[-81.59261,46.44441],[-81.59261,46.45222],[-81.58089,46.46101],[-81.58089,46.46491],[-81.58675,46.46882],[-81.58675,46.47077],[-81.58285,46.47273],[-81.57406,46.47957],[-81.55746,46.47858],[-81.5555,46.47957],[-81.55355,46.4864],[-81.54769,46.4864],[-81.54476,46.48835],[-81.54476,46.4903],[-81.55062,46.49421],[-81.5516,46.49617],[-81.55062,46.50007],[-81.54379,46.50593],[-81.54379,46.51179],[-81.54769,46.51667],[-81.54769,46.5196],[-81.54574,46.52156],[-81.54281,46.52253],[-81.53988,46.52253],[-81.53597,46.52156],[-81.52914,46.51667],[-81.52718,46.51374],[-81.52328,46.51472],[-81.52425,46.51277],[-81.52328,46.50788],[-81.51937,46.503],[-81.51351,46.49909],[-81.51058,46.4991],[-81.49886,46.49617],[-81.49593,46.49811],[-81.49496,46.50592],[-81.48812,46.51667],[-81.48519,46.51765],[-81.48129,46.52058],[-81.48031,46.52253],[-81.47543,46.52644],[-81.47445,46.52839],[-81.4725,46.52937],[-81.47152,46.53229],[-81.47152,46.54011],[-81.47054,46.54206],[-81.46859,46.54402],[-81.46078,46.54401],[-81.45785,46.54499],[-81.45296,46.55085],[-81.45004,46.5528],[-81.45004,46.55476],[-81.44808,46.55672],[-81.44515,46.55769],[-81.44515,46.55964],[-81.43734,46.5655],[-81.43734,46.56745],[-81.42464,46.57722],[-81.42269,46.57819],[-81.41976,46.57819],[-81.41781,46.58015],[-81.40804,46.58113],[-81.40218,46.58601],[-81.39925,46.58699],[-81.39925,46.58894],[-81.39729,46.59089],[-81.39632,46.5948],[-81.38948,46.59578],[-81.38557,46.60163],[-81.38557,46.60359],[-81.38264,46.60457],[-81.37971,46.60456],[-81.37971,46.60261],[-81.37776,46.60066],[-81.36018,46.60163],[-81.35823,46.60359],[-81.35237,46.60359],[-81.35042,46.60554],[-81.34749,46.60554],[-81.34554,46.60651],[-81.33382,46.61628],[-81.33382,46.61824],[-81.326,46.62507],[-81.3221,46.62604],[-81.31136,46.63289],[-81.30354,46.63483],[-81.30061,46.63483],[-81.29768,46.63777],[-81.29378,46.63776],[-81.28792,46.64362],[-81.28206,46.64655],[-81.27815,46.65046],[-81.27229,46.65241],[-81.2635,46.65241],[-81.25178,46.65632],[-81.24983,46.65828],[-81.24886,46.6612],[-81.23811,46.66901],[-81.23909,46.67194],[-81.23811,46.67781],[-81.22835,46.67781],[-81.22444,46.68172],[-81.22444,46.68562],[-81.21175,46.68562],[-81.20686,46.68464],[-81.20491,46.68269],[-81.20002,46.68269],[-81.18635,46.68562],[-81.18439,46.68659],[-81.15119,46.6905],[-81.14729,46.69343],[-81.14729,46.69538],[-81.14436,46.69734],[-81.14436,46.69929],[-81.13947,46.7032],[-81.13654,46.70319],[-81.13459,46.70515],[-81.13068,46.70613],[-81.12775,46.70808],[-81.12189,46.71004],[-81.11311,46.71198],[-81.1092,46.71199],[-81.1092,46.71784],[-81.10334,46.72175],[-81.09943,46.72272],[-81.0926,46.72273],[-81.09064,46.72077],[-81.08283,46.72273],[-81.07795,46.72566],[-81.07404,46.72566],[-81.06916,46.72174],[-81.06037,46.72273],[-81.04963,46.73249],[-81.04475,46.73445],[-81.04279,46.7364],[-81.03303,46.7364],[-81.02717,46.73543],[-81.02424,46.73347],[-81.02131,46.73347],[-81.01447,46.73152],[-81.01154,46.72956],[-80.99982,46.73055],[-80.99689,46.73347],[-80.98419,46.73347],[-80.96271,46.73835],[-80.96075,46.73933],[-80.95978,46.73738],[-80.95978,46.72957],[-80.94708,46.73249],[-80.94415,46.73444],[-80.94122,46.73444],[-80.93927,46.7364],[-80.93536,46.7364],[-80.93341,46.73835],[-80.93243,46.74226],[-80.9295,46.74616],[-80.92267,46.74616],[-80.91876,46.74714],[-80.91876,46.75007],[-80.91583,46.75495],[-80.90997,46.75984],[-80.90118,46.76472],[-80.8963,46.76863],[-80.89435,46.77937],[-80.8963,46.78132],[-80.8963,46.78327],[-80.89923,46.78816],[-80.88849,46.78914],[-80.88654,46.79109],[-80.88654,46.79499],[-80.88263,46.79499],[-80.87872,46.79402],[-80.87091,46.79402],[-80.8631,46.79499],[-80.86017,46.79695],[-80.85724,46.79694],[-80.85528,46.79889],[-80.8504,46.7989],[-80.84845,46.80085],[-80.84552,46.80085],[-80.84259,46.80378],[-80.84161,46.80671],[-80.84259,46.81745],[-80.84357,46.82039],[-80.8504,46.82429],[-80.8504,46.82918],[-80.84845,46.83113],[-80.83087,46.83015],[-80.82598,46.8321],[-80.82013,46.83601],[-80.82111,46.85163],[-80.82403,46.85652],[-80.82696,46.85846],[-80.82989,46.86238],[-80.83379,46.86433],[-80.84357,46.87312],[-80.84357,46.87507],[-80.84552,46.87605],[-80.8504,46.8819],[-80.85138,46.88484],[-80.85821,46.89167],[-80.85821,46.89363],[-80.86114,46.89656],[-80.86212,46.90144],[-80.86798,46.90925],[-80.87091,46.90925],[-80.87579,46.91316],[-80.88946,46.91315],[-80.89825,46.91121],[-80.89728,46.90241],[-80.90216,46.89558],[-80.90118,46.89265],[-80.90411,46.89362],[-80.91095,46.89851],[-80.91876,46.90926],[-80.92169,46.91121],[-80.92364,46.91609],[-80.92657,46.91706],[-80.92657,46.91902],[-80.93146,46.92292],[-80.93146,46.93367],[-80.93341,46.93562],[-80.93439,46.94246],[-80.93341,46.95222],[-80.92853,46.95613],[-80.92267,46.95613],[-80.91876,46.95515],[-80.90411,46.95612],[-80.90118,46.96003],[-80.90021,46.96492],[-80.89825,46.96687],[-80.89728,46.97078],[-80.89435,46.97273],[-80.89435,46.97468],[-80.89142,46.97761],[-80.89142,46.98054],[-80.8963,46.9864],[-80.89923,46.98738],[-80.91193,46.98738],[-80.91876,46.98542],[-80.92071,46.98347],[-80.93341,46.98347],[-80.93536,46.98543],[-80.93829,46.98542],[-80.93829,46.97957],[-80.94025,46.97762],[-80.94025,46.96785],[-80.94318,46.96394],[-80.94611,46.96296],[-80.95587,46.96394],[-80.96075,46.96687],[-80.96661,46.97176],[-80.96759,46.97565],[-80.96954,46.97762],[-80.97052,46.98249],[-80.97345,46.98737],[-80.97736,46.9903],[-80.98029,46.9903],[-80.98419,46.98933],[-80.99396,46.98249],[-80.99884,46.98249],[-81.00177,46.97957],[-81.00177,46.97664],[-80.99591,46.97273],[-80.99298,46.96882],[-80.99298,46.9659],[-80.99493,46.96492],[-81.00958,46.96394],[-81.01154,46.9659],[-81.02131,46.96882],[-81.02423,46.96882],[-81.02717,46.97078],[-81.03791,46.97273],[-81.04181,46.97273],[-81.05061,46.97469],[-81.05646,46.97469],[-81.05842,46.97663],[-81.06232,46.97664],[-81.06818,46.97859],[-81.07404,46.97956],[-81.07893,46.98151],[-81.08186,46.98152],[-81.08674,46.98444],[-81.08967,46.98445],[-81.0965,46.98836],[-81.11311,47.00105],[-81.11701,47.00203],[-81.11994,47.00496],[-81.12385,47.0069],[-81.12775,47.00691],[-81.12971,47.00789],[-81.14045,47.00887],[-81.16291,47.00886],[-81.16291,47.00593],[-81.16584,47.00203],[-81.1717,47.00203],[-81.17756,47.00495],[-81.18439,47.00496],[-81.1883,47.00203],[-81.19416,47.00007],[-81.20588,46.99909],[-81.20882,46.99714],[-81.20881,46.99128],[-81.20686,46.98933],[-81.20588,46.9825],[-81.20393,46.98055],[-81.20393,46.97175],[-81.20588,46.9698],[-81.21369,46.96883],[-81.2176,46.97175],[-81.21858,46.97371],[-81.21857,46.9864],[-81.22151,46.98933],[-81.22444,46.98933],[-81.23616,46.99616],[-81.24495,46.99616],[-81.24886,46.99226],[-81.25081,46.98543],[-81.25276,46.98347],[-81.25276,46.96784],[-81.25667,46.96687],[-81.25862,46.96492],[-81.27327,46.96784],[-81.28303,46.96296],[-81.28401,46.96101],[-81.28987,46.95613],[-81.29182,46.9532],[-81.29475,46.9532],[-81.29866,46.96101],[-81.30061,46.96296],[-81.30159,46.9698],[-81.30354,46.97175],[-81.30354,46.97761],[-81.30159,46.97957],[-81.29671,46.99226],[-81.28987,46.99812],[-81.28596,47.00496],[-81.28694,47.01081],[-81.28889,47.01276],[-81.28987,47.01569],[-81.28889,47.02644],[-81.28694,47.02839],[-81.28596,47.03328],[-81.28011,47.04109],[-81.27815,47.04206],[-81.27815,47.05183],[-81.27718,47.05378],[-81.27425,47.05574],[-81.27229,47.05964],[-81.27034,47.06062],[-81.27132,47.07429],[-81.27522,47.08015],[-81.27718,47.08112],[-81.28596,47.0909],[-81.28596,47.09285],[-81.29085,47.09871],[-81.2928,47.10749],[-81.29475,47.10944],[-81.29573,47.11335],[-81.29866,47.11628],[-81.29964,47.12019],[-81.31428,47.13582],[-81.32307,47.14069],[-81.32405,47.14265],[-81.32796,47.14558],[-81.33968,47.15241],[-81.35725,47.15632],[-81.36214,47.15633],[-81.36409,47.1573],[-81.36214,47.18171],[-81.36018,47.18366],[-81.35921,47.18659],[-81.35042,47.18855],[-81.3387,47.18856],[-81.33772,47.18563],[-81.33382,47.18269],[-81.33284,47.18073],[-81.32405,47.17977],[-81.32111,47.18171],[-81.31819,47.18562],[-81.31624,47.1866],[-81.31526,47.19051],[-81.31331,47.19246],[-81.31525,47.20319],[-81.31623,47.2198],[-81.31232,47.22468],[-81.30646,47.22468],[-81.30061,47.21687],[-81.2967,47.21394],[-81.27424,47.21393],[-81.26447,47.22273],[-81.26057,47.22371],[-81.2508,47.2237],[-81.24787,47.22175],[-81.24592,47.21394],[-81.24689,47.21101],[-81.24982,47.21003],[-81.2508,47.20711],[-81.25861,47.20222],[-81.26057,47.19929],[-81.26057,47.19538],[-81.25568,47.18855],[-81.26545,47.17976],[-81.26643,47.1739],[-81.26154,47.17],[-81.24885,47.17097],[-81.24006,47.1739],[-81.23029,47.18073],[-81.22639,47.18562],[-81.22639,47.18757],[-81.22346,47.19148],[-81.22248,47.19539],[-81.22248,47.20905],[-81.22443,47.21101],[-81.22541,47.21394],[-81.22639,47.21981],[-81.22639,47.23347],[-81.22834,47.23542],[-81.22932,47.24031],[-81.22443,47.24519],[-81.21955,47.24812],[-81.21369,47.25398],[-81.20881,47.2569],[-81.20588,47.25984],[-81.201,47.2618],[-81.19123,47.26863],[-81.18146,47.27742],[-81.17364,47.2823],[-81.17462,47.28523]]]}},{"type":"Feature","properties":{"OGF_ID":67490674,"ECODISTRICT_NAME":"La Cloche"},"geometry":{"type":"Polygon","coordinates":[[[-82.22057,46.19831],[-82.22936,46.20026],[-82.24596,46.20222],[-82.26061,46.20222],[-82.28307,46.19831],[-82.30847,46.19734],[-82.31042,46.20026],[-82.31628,46.19733],[-82.32995,46.1944],[-82.3778,46.18757],[-82.38269,46.18512],[-82.38819,46.18348],[-82.38936,46.18129],[-82.38171,46.1699],[-82.37863,46.169],[-82.37697,46.16675],[-82.37862,46.15249],[-82.3723,46.14815],[-82.364,46.14686],[-82.35972,46.14126],[-82.36099,46.13716],[-82.36444,46.13503],[-82.36797,46.12886],[-82.3699,46.12779],[-82.37477,46.12692],[-82.35605,46.1115],[-82.3299,46.08995],[-82.30504,46.07354],[-82.2846,46.06352],[-82.26055,46.06176],[-82.23811,46.06119],[-82.18928,46.06458],[-82.17671,46.07239],[-82.15241,46.08371],[-82.13406,46.08322],[-82.11158,46.08041],[-82.00562,46.05567],[-82.00038,46.05161],[-81.99833,46.03961],[-81.99597,46.03849],[-81.99267,46.03822],[-81.98946,46.03854],[-81.98488,46.04058],[-81.96974,46.0403],[-81.96318,46.04086],[-81.96069,46.04734],[-81.95379,46.05116],[-81.94715,46.05299],[-81.93578,46.05277],[-81.93574,46.0499],[-81.93342,46.04943],[-81.89844,46.05753],[-81.87824,46.06012],[-81.86304,46.06032],[-81.85954,46.06297],[-81.8527,46.06319],[-81.84746,46.06166],[-81.84718,46.06097],[-81.84329,46.06338],[-81.83808,46.06449],[-81.83586,46.06432],[-81.83447,46.0624],[-81.83039,46.06188],[-81.82768,46.06285],[-81.81935,46.06355],[-81.80416,46.05956],[-81.78962,46.05378],[-81.7839,46.04571],[-81.7821,46.02636],[-81.77751,46.02044],[-81.77768,46.01842],[-81.77597,46.01591],[-81.77869,46.01182],[-81.78103,46.01071],[-81.78139,46.0071],[-81.77988,46.00541],[-81.77947,46.00261],[-81.7742,45.99964],[-81.76459,45.99923],[-81.76067,46.00072],[-81.7577,46.0049],[-81.74137,46.02009],[-81.73041,46.03644],[-81.72922,46.04137],[-81.72018,46.05179],[-81.72085,46.05299],[-81.71974,46.05456],[-81.71632,46.05733],[-81.71416,46.05717],[-81.71148,46.05293],[-81.70936,46.054],[-81.70871,46.05276],[-81.7033,46.04904],[-81.70315,46.04642],[-81.71455,46.03725],[-81.73004,46.03061],[-81.73472,46.02594],[-81.73886,46.01983],[-81.73733,46.01672],[-81.73362,46.01359],[-81.7277,46.01024],[-81.72334,46.00476],[-81.72189,46.00023],[-81.72109,45.9763],[-81.72643,45.96739],[-81.74237,45.95307],[-81.78587,45.94673],[-81.80095,45.94049],[-81.80959,45.93335],[-81.80949,45.9238],[-81.79605,45.91419],[-81.76982,45.90697],[-81.74172,45.90804],[-81.71729,45.91614],[-81.71639,45.92518],[-81.70713,45.93659],[-81.69677,45.93753],[-81.6862,45.93662],[-81.67384,45.93698],[-81.66443,45.93897],[-81.65781,45.94158],[-81.65335,45.94491],[-81.61489,45.9527],[-81.59759,45.95819],[-81.5879,45.96649],[-81.57684,45.96634],[-81.57157,45.96452],[-81.56593,45.96842],[-81.55637,45.97102],[-81.55661,45.9764],[-81.55186,45.97837],[-81.53719,45.97756],[-81.53148,45.97931],[-81.5262,45.9826],[-81.5229,45.98608],[-81.52309,45.98811],[-81.52131,45.98934],[-81.50871,45.99047],[-81.50176,45.99423],[-81.5015,45.99623],[-81.52687,46.00591],[-81.52035,46.00983],[-81.51742,46.01276],[-81.50375,46.02253],[-81.50082,46.02253],[-81.49886,46.02448],[-81.49496,46.02546],[-81.47933,46.02839],[-81.45687,46.03034],[-81.43929,46.03034],[-81.43636,46.03132],[-81.43343,46.03132],[-81.42073,46.03522],[-81.41097,46.04011],[-81.40804,46.04011],[-81.40609,46.04207],[-81.40315,46.04206],[-81.39925,46.04499],[-81.39241,46.04597],[-81.39046,46.04792],[-81.36507,46.05183],[-81.36311,46.05378],[-81.36018,46.05378],[-81.35628,46.05671],[-81.34358,46.06159],[-81.326,46.07722],[-81.31819,46.07917],[-81.31526,46.07917],[-81.31331,46.08112],[-81.31038,46.08112],[-81.3055,46.08503],[-81.30061,46.08698],[-81.29378,46.09284],[-81.28987,46.09284],[-81.28499,46.09675],[-81.28206,46.09675],[-81.28011,46.0987],[-81.25374,46.10554],[-81.24886,46.10652],[-81.23909,46.10651],[-81.23909,46.10944],[-81.23714,46.11043],[-81.23225,46.11628],[-81.23225,46.11921],[-81.23518,46.12312],[-81.23811,46.12507],[-81.23811,46.12898],[-81.23518,46.13191],[-81.23811,46.13386],[-81.24104,46.13386],[-81.2469,46.13679],[-81.24983,46.13679],[-81.25276,46.14069],[-81.25179,46.14362],[-81.24593,46.1485],[-81.24495,46.15046],[-81.24495,46.15535],[-81.25374,46.15632],[-81.2596,46.16414],[-81.27229,46.17586],[-81.28011,46.18171],[-81.28401,46.18171],[-81.28596,46.18269],[-81.28987,46.18171],[-81.29768,46.18171],[-81.31624,46.17878],[-81.326,46.18074],[-81.32893,46.18269],[-81.33186,46.18269],[-81.33382,46.18464],[-81.34456,46.18464],[-81.35921,46.18269],[-81.36604,46.18074],[-81.37386,46.17488],[-81.4266,46.17292],[-81.42757,46.17585],[-81.43148,46.17683],[-81.44027,46.17683],[-81.47152,46.16902],[-81.47836,46.16804],[-81.49984,46.16804],[-81.50472,46.16901],[-81.51449,46.16901],[-81.52914,46.16706],[-81.535,46.16511],[-81.55257,46.16316],[-81.5555,46.1612],[-81.57894,46.16023],[-81.60043,46.15827],[-81.60336,46.1573],[-81.61313,46.1573],[-81.62386,46.15436],[-81.63657,46.15241],[-81.69418,46.15339],[-81.69711,46.15241],[-81.702,46.14851],[-81.72055,46.14851],[-81.72446,46.14753],[-81.74594,46.14753],[-81.75473,46.14558],[-81.77036,46.14363],[-81.77231,46.14265],[-81.80063,46.14851],[-81.81919,46.14851],[-81.83677,46.14656],[-81.86509,46.14753],[-81.87193,46.14558],[-81.87486,46.14362],[-81.88364,46.14558],[-81.89146,46.14558],[-81.91197,46.14362],[-81.92954,46.14362],[-81.93247,46.14265],[-81.95298,46.1446],[-81.96079,46.14655],[-81.97837,46.14851],[-81.98032,46.15046],[-81.97837,46.15144],[-81.97447,46.15534],[-81.97349,46.15827],[-81.97154,46.15925],[-81.97056,46.16316],[-81.96665,46.16999],[-81.97447,46.17683],[-81.98325,46.17878],[-81.994,46.17878],[-81.9979,46.17781],[-82.00475,46.17194],[-82.01158,46.17194],[-82.01646,46.17487],[-82.02232,46.17488],[-82.0399,46.17096],[-82.04283,46.17292],[-82.04967,46.1739],[-82.0526,46.17585],[-82.05553,46.17585],[-82.06041,46.17975],[-82.06334,46.17976],[-82.06529,46.18171],[-82.07701,46.18366],[-82.09752,46.18366],[-82.10045,46.18073],[-82.10338,46.17976],[-82.10729,46.17683],[-82.11022,46.17585],[-82.11803,46.17585],[-82.12096,46.17878],[-82.12096,46.18171],[-82.12486,46.18366],[-82.12975,46.18757],[-82.14342,46.19148],[-82.1483,46.19245],[-82.15123,46.19147],[-82.15514,46.19245],[-82.1776,46.19245],[-82.18443,46.19734],[-82.19127,46.19734],[-82.1942,46.19538],[-82.21179,46.19538],[-82.21374,46.19733],[-82.22057,46.19831]]]}},{"type":"Feature","properties":{"OGF_ID":108319832,"ECODISTRICT_NAME":"Parry Sound"},"geometry":{"type":"Polygon","coordinates":[[[-80.76934,46.15436],[-80.76934,46.15632],[-80.77129,46.15828],[-80.77227,46.1612],[-80.77325,46.16901],[-80.7752,46.17097],[-80.77618,46.17683],[-80.77911,46.18073],[-80.78106,46.18757],[-80.78106,46.19148],[-80.78301,46.19343],[-80.78497,46.20906],[-80.79278,46.21199],[-80.80059,46.21198],[-80.79961,46.19929],[-80.79864,46.19733],[-80.79473,46.1944],[-80.79375,46.19049],[-80.7918,46.18855],[-80.7918,46.18464],[-80.79375,46.18269],[-80.79375,46.17097],[-80.7918,46.16902],[-80.78985,46.15827],[-80.78692,46.15534],[-80.78692,46.15339],[-80.78399,46.14948],[-80.78497,46.14558],[-80.79082,46.14069],[-80.79375,46.13972],[-80.80352,46.13874],[-80.80547,46.13972],[-80.81622,46.14069],[-80.82012,46.14167],[-80.82207,46.14362],[-80.825,46.14363],[-80.82794,46.14557],[-80.83575,46.14557],[-80.83966,46.14265],[-80.84259,46.14265],[-80.84454,46.13483],[-80.84845,46.12995],[-80.85333,46.128],[-80.85431,46.12507],[-80.85919,46.12117],[-80.86407,46.11921],[-80.88361,46.12019],[-80.88556,46.12116],[-80.89337,46.12019],[-80.90509,46.11042],[-80.90704,46.10944],[-80.90997,46.10945],[-80.91193,46.10749],[-80.91876,46.10652],[-80.94025,46.10652],[-80.9422,46.10847],[-80.94513,46.10847],[-80.94708,46.11042],[-80.95001,46.11042],[-80.95197,46.11139],[-80.96075,46.11725],[-80.96173,46.11921],[-80.96466,46.12116],[-80.96759,46.12116],[-80.97247,46.12507],[-80.9754,46.12605],[-80.98322,46.12605],[-80.98419,46.1241],[-80.98712,46.12214],[-80.9881,46.11433],[-80.99103,46.11042],[-80.992,46.10554],[-80.99493,46.10359],[-80.99591,46.10163],[-81.00665,46.09968],[-81.01739,46.09968],[-81.02131,46.09871],[-81.03107,46.08991],[-81.03107,46.08796],[-81.03986,46.0821],[-81.04377,46.07819],[-81.04572,46.07038],[-81.04963,46.06941],[-81.05354,46.07136],[-81.05451,46.07527],[-81.05744,46.07624],[-81.06818,46.07624],[-81.07307,46.07527],[-81.076,46.07331],[-81.08283,46.07234],[-81.09064,46.07233],[-81.10041,46.07917],[-81.10236,46.08112],[-81.10236,46.08308],[-81.10627,46.08699],[-81.10627,46.08894],[-81.11408,46.09479],[-81.11701,46.09577],[-81.11994,46.09578],[-81.12189,46.09772],[-81.14045,46.1026],[-81.14729,46.10359],[-81.16193,46.10358],[-81.1717,46.10456],[-81.17951,46.10456],[-81.18114,46.10326],[-81.18244,46.10456],[-81.18537,46.10554],[-81.1883,46.10553],[-81.19318,46.10944],[-81.19416,46.10749],[-81.20393,46.10749],[-81.21955,46.10358],[-81.2215,46.10163],[-81.22443,46.10163],[-81.22639,46.10066],[-81.23225,46.10066],[-81.23225,46.1026],[-81.23421,46.10456],[-81.23811,46.10456],[-81.23909,46.10651],[-81.24886,46.10652],[-81.25374,46.10554],[-81.28011,46.0987],[-81.28206,46.09675],[-81.28499,46.09675],[-81.28987,46.09284],[-81.29378,46.09284],[-81.30061,46.08698],[-81.3055,46.08503],[-81.31038,46.08112],[-81.31331,46.08112],[-81.31526,46.07917],[-81.31819,46.07917],[-81.326,46.07722],[-81.34358,46.06159],[-81.35628,46.05671],[-81.36018,46.05378],[-81.36311,46.05378],[-81.36507,46.05183],[-81.39046,46.04792],[-81.39241,46.04597],[-81.39925,46.04499],[-81.40315,46.04206],[-81.40609,46.04207],[-81.40804,46.04011],[-81.41097,46.04011],[-81.42073,46.03522],[-81.43343,46.03132],[-81.43636,46.03132],[-81.43929,46.03034],[-81.45687,46.03034],[-81.47933,46.02839],[-81.49496,46.02546],[-81.49886,46.02448],[-81.50082,46.02253],[-81.50375,46.02253],[-81.51742,46.01276],[-81.52035,46.00983],[-81.52687,46.00591],[-81.5015,45.99623],[-81.50176,45.99423],[-81.50871,45.99047],[-81.52131,45.98934],[-81.52309,45.98811],[-81.5229,45.98608],[-81.5262,45.9826],[-81.53148,45.97931],[-81.53719,45.97756],[-81.55186,45.97837],[-81.55661,45.9764],[-81.55637,45.97102],[-81.55834,45.96727],[-81.56907,45.96022],[-81.56948,45.95803],[-81.56587,45.95428],[-81.53304,45.93878],[-81.40161,45.8717],[-80.94288,45.37855],[-80.45569,44.98053],[-80.14192,44.94274],[-80.07542,44.91598],[-79.98389,44.93763],[-79.97742,44.92323],[-79.94401,44.88077],[-79.90135,44.86963],[-79.89004,44.82328],[-79.88583,44.8233],[-79.85945,44.81023],[-79.8464,44.80703],[-79.77968,44.78039],[-79.75334,44.77293],[-79.72293,44.7602],[-79.71511,44.76016],[-79.7104,44.76155],[-79.70791,44.76142],[-79.70224,44.75938],[-79.70105,44.75734],[-79.69897,44.7566],[-79.69346,44.75923],[-79.67525,44.7603],[-79.66389,44.755],[-79.6579,44.75396],[-79.65368,44.75235],[-79.64769,44.7521],[-79.64537,44.75456],[-79.64303,44.75959],[-79.64373,44.76394],[-79.64722,44.7718],[-79.64277,44.78255],[-79.64054,44.78328],[-79.63511,44.78235],[-79.62241,44.78296],[-79.6165,44.78162],[-79.61165,44.77938],[-79.60101,44.7805],[-79.59773,44.78283],[-79.5982,44.78501],[-79.59683,44.78896],[-79.5949,44.79113],[-79.59235,44.79266],[-79.58387,44.79477],[-79.57949,44.79229],[-79.5775,44.78988],[-79.57425,44.78501],[-79.5745,44.78157],[-79.57755,44.77724],[-79.58379,44.77461],[-79.5901,44.77332],[-79.59243,44.77115],[-79.58996,44.77005],[-79.57151,44.7715],[-79.56768,44.76988],[-79.56762,44.76616],[-79.5693,44.76474],[-79.58305,44.7611],[-79.59431,44.76194],[-79.60198,44.75926],[-79.60702,44.75699],[-79.60999,44.75309],[-79.61152,44.75099],[-79.6105,44.74778],[-79.60773,44.74118],[-79.60032,44.73705],[-79.59178,44.73417],[-79.58803,44.73427],[-79.5807,44.73242],[-79.5795,44.73047],[-79.57935,44.72727],[-79.58328,44.72344],[-79.58082,44.72143],[-79.5678,44.72048],[-79.56262,44.71944],[-79.56055,44.71829],[-79.55727,44.7196],[-79.55303,44.72016],[-79.54881,44.71774],[-79.55163,44.71306],[-79.55318,44.70253],[-79.55184,44.69926],[-79.54753,44.69908],[-79.54569,44.70051],[-79.54077,44.71206],[-79.54052,44.7155],[-79.53378,44.722],[-79.53242,44.7244],[-79.5374,44.73616],[-79.53297,44.74358],[-79.52962,44.74558],[-79.52753,44.74815],[-79.53271,44.75102],[-79.5485,44.7557],[-79.54784,44.75896],[-79.54082,44.75859],[-79.52748,44.75931],[-79.51934,44.7582],[-79.51575,44.75865],[-79.5068,44.75788],[-79.5017,44.75644],[-79.49837,44.75208],[-79.50109,44.75003],[-79.51172,44.74805],[-79.51836,44.74377],[-79.51942,44.74046],[-79.51758,44.73913],[-79.50744,44.7394],[-79.47492,44.72547],[-79.47075,44.73032],[-79.46419,44.73209],[-79.46171,44.73356],[-79.4588,44.74282],[-79.45432,44.7443],[-79.44243,44.74348],[-79.44042,44.74467],[-79.43721,44.74987],[-79.43064,44.75484],[-79.43181,44.75976],[-79.43077,44.76205],[-79.42853,44.7625],[-79.42287,44.76065],[-79.41624,44.76116],[-79.41481,44.75955],[-79.40946,44.76],[-79.40602,44.76141],[-79.39669,44.7587],[-79.39478,44.75704],[-79.39431,44.75497],[-79.38895,44.75044],[-79.39348,44.77662],[-79.40212,44.79108],[-79.40212,44.79401],[-79.40114,44.79499],[-79.40114,44.81355],[-79.40016,44.81453],[-79.40016,44.81745],[-79.39821,44.8194],[-79.39625,44.83308],[-79.40505,44.84284],[-79.40505,44.84381],[-79.40896,44.84674],[-79.40896,44.84871],[-79.41189,44.8526],[-79.41189,44.85749],[-79.41384,44.86237],[-79.41482,44.87116],[-79.41872,44.87605],[-79.41677,44.87604],[-79.41481,44.878],[-79.41188,44.878],[-79.40798,44.88092],[-79.40798,44.88289],[-79.40505,44.88483],[-79.40309,44.88385],[-79.39918,44.88386],[-79.39529,44.88092],[-79.39529,44.87898],[-79.39626,44.87604],[-79.40017,44.87409],[-79.40114,44.87214],[-79.40114,44.86823],[-79.39529,44.86335],[-79.3865,44.86335],[-79.38454,44.8653],[-79.38161,44.8653],[-79.37966,44.86726],[-79.37184,44.87116],[-79.35719,44.87116],[-79.35524,44.87018],[-79.35329,44.87214],[-79.35133,44.87214],[-79.34645,44.87604],[-79.34645,44.87897],[-79.35426,44.88678],[-79.35426,44.89264],[-79.35231,44.8946],[-79.36207,44.90241],[-79.36305,44.90241],[-79.365,44.90436],[-79.36793,44.90436],[-79.36989,44.90632],[-79.37282,44.90632],[-79.37379,44.90828],[-79.37965,44.90827],[-79.38063,44.90925],[-79.38747,44.91023],[-79.38942,44.91218],[-79.39332,44.91217],[-79.39821,44.91608],[-79.39821,44.91804],[-79.407,44.92585],[-79.4109,44.92781],[-79.41775,44.92878],[-79.42067,44.93073],[-79.42361,44.93073],[-79.42555,44.93367],[-79.42654,44.93366],[-79.42849,44.93562],[-79.43044,44.94245],[-79.43435,44.94733],[-79.43728,44.94831],[-79.43923,44.95026],[-79.44411,44.95124],[-79.44704,44.95417],[-79.44997,44.95514],[-79.45388,44.95906],[-79.45388,44.96101],[-79.45095,44.96393],[-79.449,44.96393],[-79.44314,44.96687],[-79.44021,44.96687],[-79.43922,44.96785],[-79.43728,44.96784],[-79.43532,44.9698],[-79.43923,44.9776],[-79.44997,44.9776],[-79.45095,44.97858],[-79.45486,44.97858],[-79.45681,44.98053],[-79.45974,44.98053],[-79.46169,44.98248],[-79.46462,44.98249],[-79.46657,44.98444],[-79.47146,44.98639],[-79.47927,44.99324],[-79.48122,44.99323],[-79.48318,44.99518],[-79.48415,44.99519],[-79.48708,44.99909],[-79.48806,44.99909],[-79.49099,45.00202],[-79.49782,45.00496],[-79.49782,45.0069],[-79.50271,45.0108],[-79.50271,45.01276],[-79.50954,45.02253],[-79.51638,45.02741],[-79.52224,45.02838],[-79.52321,45.02643],[-79.52712,45.02351],[-79.53103,45.02155],[-79.53396,45.02155],[-79.53591,45.02057],[-79.53982,45.01471],[-79.53884,45.01276],[-79.53884,45.00886],[-79.5281,44.99909],[-79.5281,44.99714],[-79.53103,44.99421],[-79.53298,44.99421],[-79.53396,44.99323],[-79.53689,44.99323],[-79.53884,44.99128],[-79.54177,44.99128],[-79.54372,44.98932],[-79.54861,44.98738],[-79.55154,44.98444],[-79.55349,44.98444],[-79.55544,44.98249],[-79.56228,44.98249],[-79.56814,44.98737],[-79.57009,44.98737],[-79.57204,44.98933],[-79.57302,44.98932],[-79.57693,44.99323],[-79.57888,44.99421],[-79.58181,44.99421],[-79.58669,44.99812],[-79.58962,44.99811],[-79.59548,45.00007],[-79.59743,45.00299],[-79.60329,45.00396],[-79.60525,45.00592],[-79.60818,45.00593],[-79.61208,45.00885],[-79.61501,45.00885],[-79.61794,45.01178],[-79.62087,45.01178],[-79.62478,45.01472],[-79.62771,45.01471],[-79.63357,45.0196],[-79.64529,45.0235],[-79.64822,45.0235],[-79.65017,45.02545],[-79.6531,45.02546],[-79.65505,45.02741],[-79.66091,45.02838],[-79.66286,45.03034],[-79.66482,45.03034],[-79.66677,45.0323],[-79.6697,45.03229],[-79.68044,45.04108],[-79.67947,45.04304],[-79.67654,45.04498],[-79.67458,45.0489],[-79.64821,45.0489],[-79.64138,45.04401],[-79.63454,45.04303],[-79.63259,45.04694],[-79.6365,45.05084],[-79.63845,45.05084],[-79.64724,45.05768],[-79.65017,45.05767],[-79.6531,45.06159],[-79.6531,45.06549],[-79.65114,45.06647],[-79.64919,45.0694],[-79.64626,45.07135],[-79.64236,45.07232],[-79.64236,45.07526],[-79.65017,45.08404],[-79.65017,45.08599],[-79.65798,45.08796],[-79.66189,45.08991],[-79.67361,45.10065],[-79.67556,45.10065],[-79.68142,45.10553],[-79.70779,45.10748],[-79.70974,45.10944],[-79.71169,45.10944],[-79.72048,45.11627],[-79.72048,45.11823],[-79.72243,45.12018],[-79.72829,45.12115],[-79.73025,45.12115],[-79.7322,45.12018],[-79.74197,45.12799],[-79.75466,45.12897],[-79.75857,45.12994],[-79.75857,45.12799],[-79.7615,45.12603],[-79.76248,45.12409],[-79.76443,45.12311],[-79.76736,45.12311],[-79.7742,45.11823],[-79.77712,45.11822],[-79.78005,45.11627],[-79.78299,45.11627],[-79.78493,45.11432],[-79.78787,45.11432],[-79.78982,45.11335],[-79.8035,45.11334],[-79.80545,45.11432],[-79.80545,45.11921],[-79.80057,45.1231],[-79.78104,45.12604],[-79.77517,45.12603],[-79.77225,45.12897],[-79.77224,45.13189],[-79.77518,45.13483],[-79.77713,45.13482],[-79.78201,45.13874],[-79.78299,45.14557],[-79.79079,45.15435],[-79.7908,45.15631],[-79.79471,45.15924],[-79.79471,45.1612],[-79.79764,45.16412],[-79.80252,45.16412],[-79.80837,45.16901],[-79.81033,45.16901],[-79.81326,45.17194],[-79.81814,45.17389],[-79.82107,45.17682],[-79.82303,45.17682],[-79.82791,45.18073],[-79.8367,45.18561],[-79.84842,45.18854],[-79.85623,45.18952],[-79.87576,45.18854],[-79.88064,45.18658],[-79.88553,45.18658],[-79.89334,45.18464],[-79.89725,45.18171],[-79.90018,45.1817],[-79.90311,45.18073],[-79.90506,45.17878],[-79.9158,45.1778],[-79.92068,45.18267],[-79.91971,45.18756],[-79.90799,45.19635],[-79.90213,45.20319],[-79.89529,45.20905],[-79.89432,45.21295],[-79.89236,45.21393],[-79.88748,45.21979],[-79.88748,45.22174],[-79.88357,45.22467],[-79.8826,45.23444],[-79.88162,45.23639],[-79.88357,45.23835],[-79.88455,45.24518],[-79.88748,45.24811],[-79.88748,45.25006],[-79.89236,45.2569],[-79.89139,45.25886],[-79.89334,45.2608],[-79.89334,45.27057],[-79.89432,45.27448],[-79.89529,45.27643],[-79.91189,45.27839],[-79.93436,45.27838],[-79.94022,45.27936],[-79.95389,45.27936],[-79.96561,45.28033],[-79.96951,45.28327],[-79.97439,45.28425],[-79.97537,45.28717],[-79.97537,45.29304],[-79.97049,45.29889],[-79.96854,45.29889],[-79.96365,45.30573],[-79.96463,45.30964],[-79.96854,45.31354],[-79.96561,45.31354],[-79.96268,45.3155],[-79.95975,45.31549],[-79.95486,45.3194],[-79.95096,45.32038],[-79.94412,45.32037],[-79.94217,45.32136],[-79.9324,45.32233],[-79.92947,45.32038],[-79.90604,45.31842],[-79.90213,45.31745],[-79.90018,45.31549],[-79.89725,45.31549],[-79.89432,45.31354],[-79.89334,45.31159],[-79.89334,45.30963],[-79.89627,45.30671],[-79.89627,45.30475],[-79.90018,45.30378],[-79.90115,45.2989],[-79.89822,45.29792],[-79.88553,45.29791],[-79.88357,45.29987],[-79.87479,45.30085],[-79.86404,45.30963],[-79.86209,45.30964],[-79.86014,45.31159],[-79.85818,45.31159],[-79.84256,45.3233],[-79.83377,45.32233],[-79.824,45.31549],[-79.82136,45.30399],[-79.81618,45.30474],[-79.80936,45.30866],[-79.80935,45.31354],[-79.80837,45.31549],[-79.8061,45.31711],[-79.79665,45.31744],[-79.78591,45.3194],[-79.7781,45.3194],[-79.77614,45.32233],[-79.77614,45.32526],[-79.78005,45.33209],[-79.78689,45.34186],[-79.79568,45.34967],[-79.79372,45.35162],[-79.79177,45.35749],[-79.79275,45.36042],[-79.7947,45.36237],[-79.79763,45.36237],[-79.79958,45.36432],[-79.81325,45.3653],[-79.81618,45.36921],[-79.81619,45.37213],[-79.81814,45.37408],[-79.82693,45.37506],[-79.83083,45.37799],[-79.82889,45.38482],[-79.82205,45.39069],[-79.82303,45.41217],[-79.82107,45.41412],[-79.82107,45.41608],[-79.81618,45.41998],[-79.81423,45.41998],[-79.81228,45.42194],[-79.81032,45.42194],[-79.80642,45.42389],[-79.80837,45.42585],[-79.80935,45.43268],[-79.81261,45.43528],[-79.81717,45.43171],[-79.82009,45.4317],[-79.82204,45.42974],[-79.82888,45.42975],[-79.8367,45.42877],[-79.84157,45.43464],[-79.84255,45.4483],[-79.84743,45.4483],[-79.84939,45.44733],[-79.8572,45.43854],[-79.85915,45.43855],[-79.86111,45.43659],[-79.86599,45.43561],[-79.86892,45.43659],[-79.87186,45.43659],[-79.87673,45.44049],[-79.88357,45.44049],[-79.88748,45.43951],[-79.88943,45.43757],[-79.90115,45.43855],[-79.90408,45.4405],[-79.90799,45.44147],[-79.91189,45.43952],[-79.91189,45.43757],[-79.91482,45.43561],[-79.91482,45.43366],[-79.92361,45.42683],[-79.92654,45.4278],[-79.93143,45.42683],[-79.94022,45.41999],[-79.94314,45.41608],[-79.94314,45.41412],[-79.95779,45.41413],[-79.95584,45.41608],[-79.95584,45.42097],[-79.95389,45.42683],[-79.95193,45.42878],[-79.949,45.42878],[-79.94705,45.43073],[-79.94314,45.43074],[-79.94119,45.43171],[-79.93631,45.43562],[-79.93729,45.4405],[-79.94412,45.44246],[-79.95682,45.4444],[-79.96365,45.4444],[-79.96951,45.44343],[-79.97147,45.44147],[-79.97537,45.44245],[-79.97537,45.4405],[-79.98221,45.4405],[-79.99686,45.45124],[-80.00662,45.45417],[-80.00955,45.45417],[-80.01932,45.46198],[-80.02615,45.4571],[-80.03006,45.45709],[-80.03397,45.45612],[-80.03689,45.47272],[-80.03885,45.47468],[-80.04178,45.4864],[-80.04373,45.48835],[-80.04666,45.50006],[-80.04861,45.50105],[-80.04959,45.50593],[-80.05252,45.50983],[-80.05447,45.5157],[-80.0574,45.5196],[-80.05936,45.52449],[-80.06131,45.52546],[-80.06326,45.52936],[-80.06619,45.53132],[-80.06619,45.53327],[-80.0701,45.5362],[-80.0701,45.53815],[-80.074,45.54206],[-80.074,45.54988],[-80.07205,45.55183],[-80.07107,45.55574],[-80.06814,45.55964],[-80.05936,45.56648],[-80.05643,45.56647],[-80.05252,45.5694],[-80.05057,45.5694],[-80.04665,45.57233],[-80.04665,45.57624],[-80.04958,45.58015],[-80.04958,45.5821],[-80.05251,45.58503],[-80.05447,45.59772],[-80.05739,45.59967],[-80.05544,45.60261],[-80.05447,45.60651],[-80.05544,45.61921],[-80.06813,45.63092],[-80.06715,45.63483],[-80.06228,45.63483],[-80.05056,45.64362],[-80.04861,45.64167],[-80.04469,45.64167],[-80.03786,45.63873],[-80.03396,45.63483],[-80.032,45.62409],[-80.02419,45.62311],[-80.01931,45.62605],[-80.01638,45.62897],[-80.01638,45.61725],[-80.01736,45.60749],[-80.01833,45.60553],[-80.0154,45.60261],[-80.00368,45.60261],[-79.99978,45.60163],[-79.98025,45.60163],[-79.95876,45.6026],[-79.95779,45.60456],[-79.95486,45.60456],[-79.94704,45.61139],[-79.94509,45.62018],[-79.93532,45.62799],[-79.93239,45.62799],[-79.92849,45.63092],[-79.92654,45.63287],[-79.92654,45.63483],[-79.92068,45.63971],[-79.9197,45.64265],[-79.91677,45.64362],[-79.91384,45.64362],[-79.9031,45.63972],[-79.90114,45.64362],[-79.89822,45.64655],[-79.89724,45.65143],[-79.89529,45.65339],[-79.8943,45.66706],[-79.88844,45.6739],[-79.88747,45.67682],[-79.88844,45.67976],[-79.90309,45.68171],[-79.92555,45.68268],[-79.93141,45.68171],[-79.93727,45.67975],[-79.93922,45.67683],[-79.94118,45.67585],[-79.96559,45.68171],[-79.97243,45.68561],[-79.9734,45.68952],[-79.98219,45.68854],[-79.98512,45.68951],[-79.98512,45.69148],[-79.98707,45.69342],[-79.98512,45.70026],[-79.9861,45.70319],[-79.99489,45.70319],[-79.99782,45.70221],[-80.01247,45.70221],[-80.01442,45.70319],[-80.01442,45.70515],[-80.01051,45.70807],[-80.00758,45.70807],[-80.00563,45.71002],[-80.0027,45.71002],[-79.99977,45.71198],[-79.99293,45.71296],[-79.98707,45.71687],[-79.97731,45.71393],[-79.95582,45.71198],[-79.9529,45.71296],[-79.94411,45.71979],[-79.94118,45.7198],[-79.93727,45.72272],[-79.93629,45.72565],[-79.93727,45.73249],[-79.93434,45.73249],[-79.93239,45.73444],[-79.92946,45.73443],[-79.9236,45.7364],[-79.92262,45.73932],[-79.92262,45.74616],[-79.92164,45.75007],[-79.91969,45.75202],[-79.91969,45.75397],[-79.90993,45.76178],[-79.90309,45.7657],[-79.89822,45.76959],[-79.89528,45.76959],[-79.8865,45.77643],[-79.88552,45.77839],[-79.88845,45.78034],[-79.89138,45.78424],[-79.89138,45.78718],[-79.88943,45.7901],[-79.88747,45.79108],[-79.88454,45.79596],[-79.88064,45.79889],[-79.87575,45.79987],[-79.87282,45.79889],[-79.87087,45.80183],[-79.86208,45.80964],[-79.85036,45.81256],[-79.84939,45.8155],[-79.85134,45.82331],[-79.84353,45.82721],[-79.83474,45.83405],[-79.83474,45.83601],[-79.83279,45.83796],[-79.83181,45.84479],[-79.8279,45.8487],[-79.8279,45.85065],[-79.82594,45.85163],[-79.824,45.85456],[-79.81423,45.85944],[-79.80056,45.86921],[-79.7986,45.87214],[-79.79567,45.87409],[-79.79567,45.87703],[-79.78981,45.88385],[-79.7859,45.88776],[-79.77907,45.89265],[-79.77516,45.89753],[-79.77614,45.90144],[-79.78688,45.90827],[-79.78688,45.91022],[-79.78883,45.91217],[-79.79957,45.91999],[-79.79957,45.92194],[-79.81325,45.92097],[-79.83083,45.91706],[-79.83668,45.91706],[-79.85622,45.91218],[-79.85915,45.91023],[-79.86305,45.91023],[-79.86501,45.90828],[-79.87184,45.9073],[-79.87868,45.90339],[-79.8865,45.89753],[-79.88943,45.89753],[-79.89919,45.89167],[-79.90114,45.88874],[-79.9031,45.88776],[-79.91091,45.88874],[-79.92165,45.88874],[-79.93337,45.88679],[-79.94607,45.88581],[-79.95779,45.88386],[-79.98024,45.87799],[-79.99489,45.87702],[-79.99684,45.87897],[-79.99977,45.87897],[-80.00563,45.88385],[-80.00856,45.88483],[-80.00954,45.88776],[-80.0154,45.89166],[-80.0193,45.89265],[-80.0281,45.89264],[-80.03005,45.89459],[-80.0281,45.90339],[-80.02907,45.90632],[-80.02907,45.91608],[-80.03103,45.91706],[-80.04079,45.91901],[-80.04372,45.91804],[-80.05837,45.91706],[-80.08181,45.91413],[-80.09743,45.91022],[-80.10915,45.90827],[-80.11208,45.90631],[-80.11501,45.90632],[-80.11697,45.90437],[-80.11989,45.90436],[-80.12771,45.90241],[-80.12771,45.8985],[-80.12966,45.89655],[-80.13064,45.88873],[-80.13454,45.88971],[-80.18044,45.88971],[-80.18337,45.88874],[-80.18825,45.88873],[-80.19118,45.88678],[-80.19411,45.88678],[-80.19607,45.88483],[-80.20486,45.88385],[-80.20779,45.8819],[-80.24782,45.88288],[-80.24978,45.87506],[-80.25173,45.87408],[-80.25173,45.87213],[-80.25661,45.86823],[-80.25954,45.86725],[-80.26931,45.86823],[-80.28103,45.87115],[-80.30935,45.87311],[-80.31033,45.87506],[-80.31033,45.88776],[-80.31229,45.89069],[-80.31424,45.89264],[-80.31717,45.89264],[-80.31912,45.89459],[-80.32303,45.89557],[-80.32986,45.89557],[-80.33182,45.89752],[-80.33279,45.90045],[-80.33475,45.90143],[-80.33475,45.90338],[-80.33963,45.90729],[-80.33963,45.90924],[-80.34354,45.91315],[-80.34354,45.91511],[-80.34549,45.91705],[-80.34451,45.92194],[-80.3367,45.9278],[-80.33182,45.93366],[-80.33182,45.93659],[-80.33377,45.93855],[-80.33572,45.93952],[-80.33865,45.93952],[-80.34256,45.94245],[-80.33963,45.9444],[-80.33377,45.9444],[-80.33182,45.94636],[-80.32889,45.94635],[-80.32693,45.94831],[-80.324,45.94831],[-80.32107,45.95124],[-80.3201,45.95612],[-80.31814,45.95808],[-80.31718,45.96491],[-80.31327,45.9698],[-80.31327,45.97175],[-80.30643,45.97761],[-80.30643,45.97956],[-80.30448,45.98152],[-80.30448,45.98738],[-80.30839,45.99226],[-80.30839,45.99421],[-80.31425,45.99812],[-80.32011,46.00398],[-80.3162,46.00983],[-80.3162,46.01277],[-80.31132,46.0196],[-80.29862,46.03034],[-80.28689,46.03815],[-80.28593,46.04011],[-80.28202,46.04011],[-80.28006,46.04108],[-80.27908,46.04304],[-80.27616,46.04304],[-80.27322,46.04597],[-80.26443,46.04694],[-80.26248,46.0489],[-80.25662,46.05085],[-80.25369,46.05085],[-80.25174,46.0528],[-80.24393,46.05476],[-80.23318,46.05671],[-80.21951,46.05671],[-80.21951,46.06159],[-80.22244,46.06452],[-80.22147,46.06745],[-80.21463,46.07722],[-80.21658,46.07917],[-80.22635,46.08015],[-80.23611,46.08015],[-80.24588,46.07234],[-80.24588,46.07038],[-80.25955,46.06062],[-80.28104,46.0616],[-80.28397,46.06452],[-80.28495,46.07624],[-80.28787,46.07917],[-80.29178,46.07917],[-80.29862,46.07331],[-80.30546,46.07429],[-80.31327,46.0743],[-80.31425,46.06257],[-80.31815,46.05964],[-80.33182,46.05964],[-80.33866,46.06061],[-80.3494,46.07038],[-80.35429,46.07332],[-80.35722,46.07331],[-80.36796,46.07136],[-80.38358,46.0616],[-80.38651,46.0616],[-80.39139,46.05769],[-80.40507,46.04988],[-80.42753,46.05183],[-80.44022,46.05183],[-80.45194,46.05085],[-80.46561,46.04792],[-80.48319,46.04694],[-80.48612,46.04401],[-80.49198,46.04695],[-80.51445,46.04694],[-80.52724,46.04596],[-80.53463,46.03237],[-80.54179,46.03327],[-80.55058,46.03327],[-80.55644,46.03717],[-80.55937,46.04401],[-80.56132,46.04498],[-80.56132,46.04694],[-80.57207,46.05377],[-80.575,46.05378],[-80.5789,46.05671],[-80.58086,46.0528],[-80.58379,46.04987],[-80.58964,46.05085],[-80.59648,46.05476],[-80.60234,46.05671],[-80.60527,46.05964],[-80.61015,46.06159],[-80.61601,46.06648],[-80.61894,46.06647],[-80.61992,46.07038],[-80.61992,46.07917],[-80.61601,46.08405],[-80.61308,46.08405],[-80.61113,46.08601],[-80.60722,46.086],[-80.60429,46.08796],[-80.60429,46.08991],[-80.6082,46.09577],[-80.62285,46.10553],[-80.62285,46.10749],[-80.6248,46.10847],[-80.62773,46.11335],[-80.63164,46.11725],[-80.6414,46.11823],[-80.64433,46.11823],[-80.64922,46.12214],[-80.64922,46.12409],[-80.65312,46.12702],[-80.65313,46.12898],[-80.658,46.13289],[-80.6668,46.13289],[-80.66875,46.13092],[-80.66875,46.12214],[-80.66777,46.12019],[-80.66484,46.11824],[-80.66484,46.11628],[-80.65215,46.10651],[-80.64824,46.10456],[-80.6375,46.09577],[-80.6375,46.08796],[-80.64336,46.08698],[-80.67168,46.086],[-80.67461,46.08698],[-80.67949,46.08698],[-80.68243,46.08894],[-80.68242,46.0948],[-80.68047,46.09675],[-80.67949,46.10066],[-80.67656,46.10456],[-80.67364,46.10652],[-80.67364,46.11238],[-80.68243,46.11921],[-80.68633,46.12116],[-80.6961,46.12996],[-80.6961,46.13386],[-80.69219,46.13679],[-80.68047,46.13776],[-80.67754,46.14167],[-80.67754,46.14851],[-80.6795,46.15046],[-80.6795,46.15339],[-80.68926,46.1612],[-80.69219,46.1612],[-80.69512,46.16316],[-80.69805,46.16315],[-80.7,46.16511],[-80.70293,46.16511],[-80.70489,46.16706],[-80.70782,46.16706],[-80.71172,46.16999],[-80.72247,46.17292],[-80.72539,46.17292],[-80.7293,46.17585],[-80.73223,46.17585],[-80.73516,46.17879],[-80.74004,46.18073],[-80.74297,46.18367],[-80.74883,46.18464],[-80.75079,46.18367],[-80.75371,46.18366],[-80.75567,46.18171],[-80.75567,46.17585],[-80.75274,46.17194],[-80.75176,46.16316],[-80.75274,46.15828],[-80.75957,46.15241],[-80.76641,46.15143],[-80.76934,46.15436]]]}},{"type":"Feature","properties":{"OGF_ID":67490669,"ECODISTRICT_NAME":"Brent"},"geometry":{"type":"Polygon","coordinates":[[[-78.64329,46.28816],[-78.64329,46.29108],[-78.63938,46.29304],[-78.63743,46.29499],[-78.63743,46.2989],[-78.64719,46.30769],[-78.65207,46.30379],[-78.65598,46.2989],[-78.65891,46.29791],[-78.65891,46.29596],[-78.66575,46.29108],[-78.66575,46.28815],[-78.66282,46.2862],[-78.66184,46.27937],[-78.66477,46.27644],[-78.67161,46.27253],[-78.67551,46.27253],[-78.67844,46.27057],[-78.68235,46.2696],[-78.68821,46.2696],[-78.69016,46.27155],[-78.69211,46.28033],[-78.69602,46.28132],[-78.7302,46.28132],[-78.73215,46.28229],[-78.73508,46.28132],[-78.73704,46.27742],[-78.74387,46.27253],[-78.75071,46.26862],[-78.75266,46.2696],[-78.7595,46.26472],[-78.76243,46.26472],[-78.77122,46.25788],[-78.77025,46.25593],[-78.76829,46.25495],[-78.76829,46.25299],[-78.77024,46.25202],[-78.77317,46.25203],[-78.78977,46.24812],[-78.79173,46.25007],[-78.79368,46.24713],[-78.81907,46.25104],[-78.822,46.25104],[-78.83275,46.24811],[-78.8347,46.24616],[-78.8347,46.24323],[-78.83275,46.24128],[-78.82591,46.23835],[-78.82493,46.23249],[-78.82689,46.23053],[-78.85716,46.22956],[-78.86302,46.22273],[-78.86595,46.22077],[-78.87376,46.22175],[-78.87376,46.22663],[-78.8806,46.23054],[-78.89134,46.23152],[-78.89427,46.23346],[-78.8972,46.23346],[-78.90404,46.23151],[-78.91282,46.22468],[-78.9138,46.21687],[-78.91771,46.21199],[-78.91771,46.21003],[-78.91478,46.20417],[-78.91478,46.20026],[-78.91771,46.20027],[-78.91966,46.19831],[-78.9265,46.19538],[-78.93236,46.19538],[-78.93431,46.19734],[-78.93529,46.20027],[-78.93919,46.20124],[-78.94505,46.20125],[-78.94896,46.20026],[-78.9597,46.19342],[-78.96361,46.19441],[-78.96458,46.19245],[-78.96849,46.19245],[-78.97825,46.1905],[-78.98997,46.18366],[-78.99974,46.17683],[-79.00267,46.1739],[-79.02415,46.16022],[-79.02708,46.16022],[-79.03197,46.15632],[-79.04661,46.14753],[-79.04857,46.14656],[-79.0515,46.14655],[-79.05638,46.14265],[-79.05931,46.14265],[-79.06419,46.13971],[-79.06713,46.13972],[-79.07104,46.13679],[-79.07397,46.13678],[-79.07885,46.13288],[-79.08177,46.13385],[-79.0935,46.12507],[-79.0935,46.12312],[-79.08471,46.1153],[-79.07982,46.10944],[-79.07885,46.10456],[-79.07592,46.10358],[-79.07397,46.10163],[-79.07298,46.09381],[-79.06939,46.08828],[-79.06713,46.086],[-79.04271,46.08698],[-79.0388,46.08601],[-79.03587,46.08796],[-79.03489,46.09285],[-79.03294,46.0948],[-79.03001,46.09479],[-79.02708,46.09577],[-79.02415,46.09382],[-79.02318,46.09187],[-79.01634,46.08698],[-79.01048,46.08699],[-79.00364,46.09088],[-79.00169,46.08893],[-78.99779,46.08894],[-78.989,46.08308],[-78.98802,46.08113],[-78.98607,46.08015],[-78.98607,46.0782],[-78.98411,46.07624],[-78.98314,46.07233],[-78.98118,46.07038],[-78.98118,46.06549],[-78.97923,46.05964],[-78.9763,46.05671],[-78.9763,46.05476],[-78.97337,46.05378],[-78.97142,46.05573],[-78.96556,46.05573],[-78.96361,46.05671],[-78.96165,46.05866],[-78.96165,46.06354],[-78.95482,46.06843],[-78.95482,46.08112],[-78.95677,46.08699],[-78.96263,46.09186],[-78.97239,46.09285],[-78.97532,46.0948],[-78.97435,46.10066],[-78.96849,46.10652],[-78.9597,46.10652],[-78.95091,46.10456],[-78.94212,46.10359],[-78.93822,46.10651],[-78.93529,46.10749],[-78.92454,46.10749],[-78.9138,46.10359],[-78.91185,46.10163],[-78.90892,46.10163],[-78.90697,46.09968],[-78.90208,46.09968],[-78.89427,46.09675],[-78.8845,46.09479],[-78.87767,46.09382],[-78.8679,46.09381],[-78.86497,46.09577],[-78.85618,46.09578],[-78.85423,46.09675],[-78.85032,46.09578],[-78.83372,46.0821],[-78.83079,46.0821],[-78.82884,46.08015],[-78.81907,46.07917],[-78.81419,46.07624],[-78.81125,46.07624],[-78.78978,46.06257],[-78.78684,46.06257],[-78.78489,46.06062],[-78.78196,46.06062],[-78.77904,46.06159],[-78.7722,46.06549],[-78.77122,46.06256],[-78.76829,46.06257],[-78.76536,46.05964],[-78.76145,46.05964],[-78.75754,46.06159],[-78.75559,46.06354],[-78.75266,46.06354],[-78.74973,46.0655],[-78.73508,46.06843],[-78.73118,46.06745],[-78.72336,46.06745],[-78.71067,46.0655],[-78.68723,46.06452],[-78.65598,46.0616],[-78.62961,46.06159],[-78.61887,46.07135],[-78.61594,46.07526],[-78.61204,46.07136],[-78.60911,46.07136],[-78.5886,46.05769],[-78.56321,46.05476],[-78.56028,46.05378],[-78.55735,46.05573],[-78.55637,46.0528],[-78.55344,46.0528],[-78.54661,46.05085],[-78.54465,46.04889],[-78.54172,46.0489],[-78.53782,46.04694],[-78.53586,46.04498],[-78.53293,46.04499],[-78.53098,46.04401],[-78.52903,46.04206],[-78.5261,46.04206],[-78.52414,46.04011],[-78.52122,46.0401],[-78.51829,46.03815],[-78.51437,46.03717],[-78.50461,46.02936],[-78.50168,46.02936],[-78.49973,46.02742],[-78.49191,46.02643],[-78.46066,46.02546],[-78.45187,46.02351],[-78.44992,46.02155],[-78.44504,46.02155],[-78.44113,46.01764],[-78.43527,46.01374],[-78.43429,46.00494],[-78.43527,46.00299],[-78.4382,46.00202],[-78.45089,45.99323],[-78.45968,45.98151],[-78.45968,45.9776],[-78.4548,45.97272],[-78.45382,45.96491],[-78.44992,45.96003],[-78.44699,45.96002],[-78.4382,45.95807],[-78.43136,45.95807],[-78.42843,45.95905],[-78.42648,45.9571],[-78.4255,45.95222],[-78.42062,45.94636],[-78.42062,45.94245],[-78.42453,45.93659],[-78.4255,45.93073],[-78.42355,45.92878],[-78.42355,45.92683],[-78.43234,45.91706],[-78.43234,45.9112],[-78.43039,45.90924],[-78.41672,45.90924],[-78.41281,45.90827],[-78.39523,45.89459],[-78.40304,45.88971],[-78.40695,45.88972],[-78.4089,45.88776],[-78.4089,45.88581],[-78.40695,45.88385],[-78.40011,45.88385],[-78.39425,45.8819],[-78.39328,45.87604],[-78.39718,45.87116],[-78.39914,45.87018],[-78.40011,45.86823],[-78.405,45.86433],[-78.405,45.86042],[-78.39523,45.86237],[-78.38742,45.86237],[-78.38058,45.85358],[-78.37961,45.84577],[-78.38058,45.84186],[-78.38644,45.83503],[-78.38644,45.8321],[-78.38839,45.83014],[-78.39035,45.81257],[-78.38644,45.80768],[-78.37961,45.80768],[-78.37375,45.79889],[-78.36105,45.79597],[-78.35617,45.79304],[-78.35617,45.79108],[-78.35324,45.78717],[-78.35129,45.78131],[-78.35812,45.77643],[-78.36007,45.7735],[-78.36398,45.77154],[-78.36886,45.77154],[-78.37375,45.76861],[-78.37375,45.76276],[-78.36691,45.75592],[-78.36496,45.75494],[-78.34933,45.75397],[-78.34054,45.7442],[-78.33859,45.73737],[-78.33566,45.73346],[-78.33371,45.73541],[-78.33078,45.73542],[-78.32882,45.73639],[-78.32687,45.73834],[-78.31808,45.74029],[-78.30929,45.74029],[-78.3005,45.73346],[-78.2966,45.71393],[-78.29562,45.711],[-78.29367,45.71002],[-78.29269,45.70807],[-78.28879,45.70612],[-78.28195,45.70514],[-78.27707,45.6983],[-78.27414,45.69635],[-78.25949,45.69439],[-78.25265,45.68854],[-78.22824,45.68561],[-78.2214,45.67779],[-78.21945,45.67389],[-78.21164,45.66803],[-78.19504,45.66608],[-78.18918,45.66315],[-78.18722,45.66119],[-78.18625,45.65534],[-78.17062,45.65827],[-78.16086,45.65924],[-78.15695,45.66217],[-78.15304,45.66315],[-78.14718,45.65924],[-78.14425,45.65826],[-78.12082,45.65436],[-78.11105,45.64654],[-78.09737,45.64459],[-78.09543,45.64654],[-78.09249,45.64654],[-78.09054,45.64849],[-78.08468,45.6485],[-78.07882,45.65142],[-78.06613,45.65142],[-78.06417,45.64947],[-78.06124,45.64849],[-78.05831,45.65045],[-78.05733,45.65436],[-78.05538,45.65631],[-78.05538,45.65826],[-78.05245,45.66022],[-78.04757,45.66119],[-78.04561,45.66022],[-78.04073,45.6524],[-78.03878,45.65143],[-78.03097,45.65045],[-78.02413,45.65435],[-78.02022,45.65435],[-78.01534,45.64752],[-78.0085,45.64752],[-78.00557,45.64947],[-78.00264,45.64947],[-77.99982,45.6485],[-77.99879,45.64623],[-77.99691,45.64529],[-77.98983,45.63384],[-77.98729,45.63333],[-77.98482,45.63146],[-77.97731,45.62811],[-77.9761,45.62673],[-77.96853,45.62429],[-77.93731,45.6086],[-77.92742,45.60203],[-77.91594,45.60082],[-77.90723,45.59608],[-77.90117,45.58962],[-77.89374,45.58491],[-77.89256,45.58308],[-77.88495,45.58153],[-77.88002,45.57824],[-77.87775,45.57278],[-77.88162,45.57243],[-77.88694,45.56898],[-77.88778,45.5654],[-77.8846,45.56486],[-77.88215,45.563],[-77.88156,45.55038],[-77.89378,45.54937],[-77.89792,45.54407],[-77.90247,45.54285],[-77.90933,45.53448],[-77.90173,45.53292],[-77.89989,45.53153],[-77.89938,45.52926],[-77.90203,45.52753],[-77.90277,45.52575],[-77.90741,45.52273],[-77.90767,45.51823],[-77.91332,45.52019],[-77.9147,45.51842],[-77.91666,45.51758],[-77.91821,45.51266],[-77.92217,45.51053],[-77.92487,45.5079],[-77.93141,45.50537],[-77.93094,45.50221],[-77.92775,45.50213],[-77.92524,45.50116],[-77.92406,45.49932],[-77.92312,45.493],[-77.9106,45.48816],[-77.89954,45.47976],[-77.8836,45.47888],[-77.87925,45.47651],[-77.87156,45.47675],[-77.85645,45.47228],[-77.85277,45.46947],[-77.85105,45.46583],[-77.84919,45.46487],[-77.84865,45.46307],[-77.8456,45.46028],[-77.84399,45.45483],[-77.84585,45.43283],[-77.84368,45.42602],[-77.829,45.41436],[-77.82279,45.41103],[-77.81968,45.4096],[-77.8037,45.4096],[-77.79842,45.4126],[-77.79832,45.41441],[-77.79436,45.41654],[-77.79054,45.41643],[-77.78553,45.4145],[-77.78433,45.41312],[-77.78055,45.4121],[-77.77417,45.41193],[-77.76899,45.41312],[-77.7575,45.4128],[-77.75139,45.40813],[-77.74246,45.40787],[-77.74171,45.40965],[-77.73725,45.40952],[-77.73542,45.40812],[-77.73884,45.40417],[-77.72118,45.40007],[-77.70468,45.39824],[-77.69828,45.3985],[-77.69307,45.40015],[-77.69041,45.40187],[-77.68403,45.40169],[-77.67292,45.39506],[-77.66601,45.39306],[-77.6552,45.39229],[-77.65196,45.3931],[-77.65236,45.39717],[-77.65461,45.40218],[-77.65313,45.40573],[-77.64859,45.40695],[-77.63775,45.40663],[-77.61949,45.40204],[-77.61766,45.40064],[-77.61659,45.39701],[-77.62042,45.39712],[-77.62502,45.39501],[-77.62759,45.39463],[-77.62792,45.38924],[-77.62481,45.3878],[-77.61907,45.38763],[-77.6145,45.38929],[-77.61017,45.38691],[-77.60555,45.38948],[-77.60679,45.40077],[-77.60859,45.40262],[-77.60898,45.40669],[-77.6058,45.40659],[-77.60086,45.40374],[-77.59853,45.38927],[-77.60069,45.38528],[-77.60088,45.38213],[-77.60287,45.38085],[-77.60364,45.37862],[-77.60338,45.37231],[-77.59828,45.37216],[-77.59642,45.3712],[-77.59568,45.37298],[-77.59369,45.37427],[-77.58983,45.37461],[-77.58886,45.36963],[-77.58539,45.36367],[-77.58793,45.36375],[-77.59121,45.3625],[-77.59205,45.35892],[-77.58961,45.35705],[-77.58338,45.35461],[-77.57145,45.3511],[-77.56718,45.34782],[-77.55683,45.35021],[-77.54924,45.34908],[-77.54651,45.35049],[-77.54114,45.34569],[-77.53829,45.3402],[-77.53647,45.33879],[-77.53261,45.33913],[-77.52996,45.34084],[-77.52347,45.34244],[-77.52475,45.35284],[-77.5232,45.3573],[-77.51642,45.36384],[-77.51426,45.36782],[-77.51559,45.37731],[-77.52099,45.38288],[-77.52152,45.3847],[-77.5294,45.39169],[-77.53273,45.39989],[-77.53567,45.40403],[-77.53417,45.40759],[-77.52286,45.41489],[-77.5194,45.41929],[-77.51845,45.43457],[-77.5146,45.44525],[-77.51421,45.45153],[-77.51599,45.45384],[-77.51133,45.45685],[-77.50433,45.46654],[-77.50039,45.46822],[-77.49623,45.47349],[-77.49523,45.47931],[-77.49245,45.48283],[-77.48248,45.48882],[-77.47862,45.48915],[-77.47895,45.48376],[-77.4779,45.48012],[-77.47554,45.4769],[-77.47185,45.47454],[-77.46637,45.45996],[-77.45938,45.4593],[-77.45616,45.45964],[-77.44604,45.46789],[-77.43479,45.47384],[-77.43024,45.47504],[-77.42496,45.47757],[-77.41851,45.47828],[-77.41651,45.47957],[-77.39675,45.47849],[-77.38984,45.47647],[-77.38244,45.47219],[-77.378,45.4716],[-77.37556,45.46971],[-77.35888,45.47054],[-77.34103,45.46951],[-77.33894,45.47215],[-77.32568,45.47937],[-77.31982,45.48098],[-77.3145,45.48396],[-77.3073,45.48643],[-77.29892,45.48751],[-77.2889,45.49393],[-77.28631,45.4943],[-77.27905,45.49766],[-77.27173,45.50193],[-77.25682,45.50459],[-77.24266,45.50593],[-77.21508,45.50682],[-77.19718,45.50582],[-77.19609,45.50348],[-77.19746,45.50218],[-77.19889,45.49053],[-77.19719,45.48732],[-77.19475,45.48543],[-77.18326,45.48505],[-77.17937,45.48582],[-77.17009,45.49046],[-77.17064,45.49183],[-77.16888,45.49897],[-77.16745,45.50117],[-77.1509,45.50917],[-77.13949,45.50743],[-77.1373,45.5114],[-77.13878,45.52721],[-77.13723,45.53121],[-77.13397,45.532],[-77.12783,45.52819],[-77.12197,45.52034],[-77.12002,45.52072],[-77.11689,45.51972],[-77.11081,45.51501],[-77.10263,45.51293],[-77.10126,45.51423],[-77.09606,45.5154],[-77.09513,45.51943],[-77.08809,45.51963],[-77.08349,45.52128],[-77.0643,45.52107],[-77.06311,45.51968],[-77.05557,45.51762],[-77.04341,45.51764],[-77.0372,45.51472],[-77.03603,45.51333],[-77.02846,45.51172],[-77.02166,45.50833],[-77.01374,45.50265],[-77.00365,45.5005],[-77.00425,45.49197],[-77.00173,45.48243],[-76.99439,45.47767],[-76.98485,45.47689],[-76.98095,45.47765],[-76.9709,45.48405],[-76.95041,45.48422],[-76.93022,45.48035],[-76.93184,45.48446],[-76.943,45.48936],[-76.94268,45.49385],[-76.93709,45.5004],[-76.92748,45.5005],[-76.91925,45.49931],[-76.90812,45.49396],[-76.89854,45.49361],[-76.88463,45.49131],[-76.87317,45.49045],[-76.86552,45.49018],[-76.85907,45.49084],[-76.85572,45.49297],[-76.85555,45.49521],[-76.86275,45.50178],[-76.8652,45.50322],[-76.86904,45.50335],[-76.87143,45.50569],[-76.88033,45.50646],[-76.88496,45.50439],[-76.90229,45.50365],[-76.90431,45.50238],[-76.90881,45.50209],[-76.9151,45.50367],[-76.92246,45.50798],[-76.93091,45.51503],[-76.94027,45.51851],[-76.94189,45.52262],[-76.93857,45.5243],[-76.92465,45.52201],[-76.92018,45.52185],[-76.91628,45.52261],[-76.91589,45.528],[-76.92821,45.53474],[-76.93165,45.54026],[-76.93376,45.54664],[-76.94244,45.55055],[-76.95196,45.55179],[-76.96014,45.55387],[-76.95921,45.55789],[-76.94754,45.55973],[-76.94358,45.56139],[-76.93731,45.56837],[-76.9382,45.57381],[-76.9529,45.57432],[-76.95923,45.57545],[-76.96421,45.57743],[-76.9645,45.58238],[-76.96769,45.5825],[-76.97966,45.57662],[-76.98308,45.57359],[-76.98681,45.57507],[-76.99468,45.58164],[-76.99637,45.58486],[-77.01096,45.59617],[-77.01569,45.60174],[-77.01589,45.60804],[-77.01704,45.60989],[-77.00639,45.62437],[-77.02366,45.62497],[-77.02741,45.62645],[-77.03144,45.6329],[-77.03743,45.63895],[-77.0472,45.64604],[-77.05545,45.64722],[-77.06676,45.65077],[-77.08209,45.65175],[-77.08516,45.65365],[-77.08943,45.65695],[-77.09523,45.66569],[-77.09707,45.66712],[-77.10516,45.67999],[-77.10908,45.68822],[-77.11206,45.69148],[-77.12606,45.70275],[-77.13774,45.71036],[-77.14582,45.71422],[-77.14899,45.71478],[-77.15622,45.72179],[-77.16248,45.72424],[-77.16235,45.73549],[-77.16497,45.74413],[-77.16479,45.74682],[-77.16204,45.74943],[-77.15745,45.75062],[-77.13812,45.75132],[-77.13094,45.75288],[-77.12838,45.75279],[-77.123,45.75621],[-77.12024,45.75882],[-77.11857,45.77361],[-77.119,45.77678],[-77.12141,45.77911],[-77.12452,45.78057],[-77.13083,45.79158],[-77.13278,45.80065],[-77.13705,45.80395],[-77.1409,45.80407],[-77.14271,45.80593],[-77.15163,45.80714],[-77.1521,45.8004],[-77.15045,45.7963],[-77.15648,45.7929],[-77.15923,45.79029],[-77.16311,45.78997],[-77.16494,45.79138],[-77.16723,45.79551],[-77.16684,45.80134],[-77.17261,45.80155],[-77.18013,45.80449],[-77.18153,45.81219],[-77.17964,45.82113],[-77.18147,45.82254],[-77.18927,45.82145],[-77.19728,45.81722],[-77.19943,45.81414],[-77.20276,45.81245],[-77.20404,45.80304],[-77.20917,45.80321],[-77.21597,45.80749],[-77.21282,45.81594],[-77.21665,45.81651],[-77.21971,45.81886],[-77.21943,45.82291],[-77.21668,45.82552],[-77.23845,45.82714],[-77.24026,45.829],[-77.24838,45.84232],[-77.24572,45.85303],[-77.24591,45.85979],[-77.24916,45.8689],[-77.24654,45.87916],[-77.24434,45.88314],[-77.24324,45.88985],[-77.2418,45.89205],[-77.24015,45.92411],[-77.25441,45.93015],[-77.26085,45.93413],[-77.27222,45.94299],[-77.2772,45.95021],[-77.27969,45.96071],[-77.28425,45.97076],[-77.28571,45.98123],[-77.28541,45.98773],[-77.28366,45.99338],[-77.2764,46.0085],[-77.27688,46.01195],[-77.28031,46.01585],[-77.28746,46.01925],[-77.31232,46.02682],[-77.32093,46.03202],[-77.3356,46.04384],[-77.35752,46.05784],[-77.36217,46.05985],[-77.37193,46.06247],[-77.38098,46.06661],[-77.39184,46.06984],[-77.43234,46.09023],[-77.49603,46.12045],[-77.5242,46.13662],[-77.5725,46.16225],[-77.58593,46.16569],[-77.59212,46.16604],[-77.60141,46.17085],[-77.61208,46.17361],[-77.61966,46.17361],[-77.6527,46.18841],[-77.66543,46.19495],[-77.67472,46.1977],[-77.67793,46.19843],[-77.6804,46.19766],[-77.68209,46.19589],[-77.68401,46.19081],[-77.68948,46.18418],[-77.69172,46.18318],[-77.69595,46.18272],[-77.70311,46.1848],[-77.71328,46.18934],[-77.72522,46.19242],[-77.7501,46.19323],[-77.79518,46.19736],[-77.82169,46.20458],[-77.85541,46.20871],[-77.87847,46.21525],[-77.89396,46.2211],[-77.91186,46.22248],[-77.92804,46.22523],[-77.9836,46.2461],[-77.98882,46.24675],[-77.99384,46.24857],[-78.02325,46.24687],[-78.03617,46.24369],[-78.03918,46.24225],[-78.04769,46.24247],[-78.05551,46.24519],[-78.0662,46.24663],[-78.08766,46.25556],[-78.10035,46.25835],[-78.11636,46.26327],[-78.1293,46.27305],[-78.14366,46.2761],[-78.15711,46.27377],[-78.17223,46.27579],[-78.18343,46.2756],[-78.19731,46.27399],[-78.20503,46.2707],[-78.21412,46.26988],[-78.2214,46.27071],[-78.23738,46.27476],[-78.25033,46.27579],[-78.25542,46.27555],[-78.2593,46.27456],[-78.26734,46.27023],[-78.27214,46.26877],[-78.2748,46.2667],[-78.28047,46.26459],[-78.29297,46.25761],[-78.31313,46.2526],[-78.31679,46.25521],[-78.32476,46.25876],[-78.34359,46.26526],[-78.37726,46.28727],[-78.38363,46.2901],[-78.38893,46.29152],[-78.41317,46.29493],[-78.43227,46.29522],[-78.44481,46.29439],[-78.45787,46.29505],[-78.47504,46.29403],[-78.48389,46.29565],[-78.49156,46.29429],[-78.49714,46.29411],[-78.50411,46.29463],[-78.51314,46.29646],[-78.51438,46.29401],[-78.51731,46.29401],[-78.52024,46.29206],[-78.55246,46.29108],[-78.56028,46.2901],[-78.56418,46.28913],[-78.56711,46.2862],[-78.57102,46.2862],[-78.57297,46.28425],[-78.5759,46.28327],[-78.58274,46.2823],[-78.58469,46.28034],[-78.59641,46.27936],[-78.59836,46.27838],[-78.6052,46.28425],[-78.6052,46.2862],[-78.60911,46.28913],[-78.61594,46.28913],[-78.62278,46.28718],[-78.64036,46.2862],[-78.64329,46.28816]]]}},{"type":"Feature","properties":{"OGF_ID":67490676,"ECODISTRICT_NAME":"Huntsville"},"geometry":{"type":"Polygon","coordinates":[[[-79.3562,45.96296],[-79.36401,45.9698],[-79.36792,45.96979],[-79.36987,45.96784],[-79.36987,45.96003],[-79.36889,45.95808],[-79.37671,45.95221],[-79.37866,45.94929],[-79.36987,45.93561],[-79.37085,45.92975],[-79.37378,45.92683],[-79.37866,45.9278],[-79.38354,45.92976],[-79.38354,45.93366],[-79.38647,45.9366],[-79.38647,45.93855],[-79.39429,45.9444],[-79.40014,45.94636],[-79.40796,45.94635],[-79.41089,45.94245],[-79.41284,45.94147],[-79.41772,45.93464],[-79.41968,45.93367],[-79.42358,45.93367],[-79.42944,45.93855],[-79.43237,45.93854],[-79.43922,45.93464],[-79.44019,45.93269],[-79.44312,45.93073],[-79.45386,45.93074],[-79.45776,45.93268],[-79.46168,45.93659],[-79.46363,45.94147],[-79.46363,45.95222],[-79.45972,45.9571],[-79.45972,45.95905],[-79.45679,45.961],[-79.45679,45.96589],[-79.46461,45.97175],[-79.47339,45.98542],[-79.47632,45.98835],[-79.48121,45.99128],[-79.48511,45.99226],[-79.4939,45.99616],[-79.4939,45.99812],[-79.49097,46.00007],[-79.49097,46.003],[-79.48902,46.00397],[-79.48804,46.00593],[-79.48316,46.00788],[-79.47242,46.00886],[-79.47046,46.00983],[-79.4685,46.01179],[-79.46851,46.01374],[-79.46656,46.01471],[-79.46557,46.01765],[-79.46851,46.01863],[-79.47535,46.01862],[-79.47827,46.01667],[-79.49293,46.01472],[-79.49683,46.01764],[-79.49879,46.02448],[-79.50367,46.02448],[-79.50757,46.02351],[-79.51246,46.0196],[-79.51929,46.01765],[-79.52125,46.01569],[-79.52515,46.01569],[-79.52711,46.01472],[-79.55445,46.01472],[-79.56031,46.01374],[-79.56519,46.00495],[-79.57203,46.00007],[-79.57203,45.99812],[-79.57496,45.99617],[-79.57496,45.9903],[-79.57398,45.98738],[-79.56714,45.98152],[-79.56519,45.97371],[-79.5691,45.97077],[-79.573,45.97174],[-79.5857,45.97175],[-79.59156,45.96686],[-79.59156,45.96491],[-79.573,45.96492],[-79.57007,45.96394],[-79.57105,45.96101],[-79.57593,45.95808],[-79.58472,45.9571],[-79.61695,45.9571],[-79.61695,45.96491],[-79.62086,45.96785],[-79.62769,45.96784],[-79.63258,45.96394],[-79.63453,45.96101],[-79.63649,45.96003],[-79.64723,45.96101],[-79.64918,45.96394],[-79.6482,45.96589],[-79.64332,45.9698],[-79.64136,45.97273],[-79.63161,45.97956],[-79.6316,45.98737],[-79.64039,45.99323],[-79.64625,45.99519],[-79.64918,45.99519],[-79.65211,45.99812],[-79.65602,45.99909],[-79.66187,46.003],[-79.66774,46.00495],[-79.68141,46.00495],[-79.68336,46.003],[-79.69215,45.99909],[-79.70289,45.99128],[-79.70485,45.98249],[-79.7068,45.98054],[-79.71559,45.97565],[-79.72243,45.97077],[-79.72633,45.97272],[-79.72926,45.97272],[-79.73122,45.9737],[-79.74196,45.96687],[-79.74586,45.96687],[-79.75661,45.95808],[-79.76344,45.95417],[-79.76539,45.95124],[-79.76539,45.94831],[-79.76344,45.94734],[-79.74391,45.94441],[-79.74196,45.94245],[-79.74293,45.93854],[-79.74684,45.93562],[-79.75465,45.93464],[-79.77614,45.93562],[-79.79469,45.93269],[-79.79664,45.93073],[-79.79664,45.92877],[-79.79957,45.92683],[-79.79957,45.92194],[-79.79957,45.91999],[-79.78883,45.91217],[-79.78688,45.91022],[-79.78688,45.90827],[-79.77614,45.90144],[-79.77516,45.89753],[-79.77907,45.89265],[-79.7859,45.88776],[-79.78981,45.88385],[-79.79567,45.87703],[-79.79567,45.87409],[-79.7986,45.87214],[-79.80056,45.86921],[-79.81423,45.85944],[-79.824,45.85456],[-79.82594,45.85163],[-79.8279,45.85065],[-79.8279,45.8487],[-79.83181,45.84479],[-79.83279,45.83796],[-79.83474,45.83601],[-79.83474,45.83405],[-79.84353,45.82721],[-79.85134,45.82331],[-79.84939,45.8155],[-79.85036,45.81256],[-79.86208,45.80964],[-79.87087,45.80183],[-79.87282,45.79889],[-79.87575,45.79987],[-79.88064,45.79889],[-79.88454,45.79596],[-79.88747,45.79108],[-79.88943,45.7901],[-79.89138,45.78718],[-79.89138,45.78424],[-79.88845,45.78034],[-79.88552,45.77839],[-79.8865,45.77643],[-79.89528,45.76959],[-79.89822,45.76959],[-79.90309,45.7657],[-79.90993,45.76178],[-79.91969,45.75397],[-79.91969,45.75202],[-79.92164,45.75007],[-79.92262,45.74616],[-79.92262,45.73932],[-79.9236,45.7364],[-79.92946,45.73443],[-79.93239,45.73444],[-79.93434,45.73249],[-79.93727,45.73249],[-79.93629,45.72565],[-79.93727,45.72272],[-79.94118,45.7198],[-79.94411,45.71979],[-79.9529,45.71296],[-79.95582,45.71198],[-79.97731,45.71393],[-79.98707,45.71687],[-79.99293,45.71296],[-79.99977,45.71198],[-80.0027,45.71002],[-80.00563,45.71002],[-80.00758,45.70807],[-80.01051,45.70807],[-80.01442,45.70515],[-80.01442,45.70319],[-80.01247,45.70221],[-79.99782,45.70221],[-79.99489,45.70319],[-79.9861,45.70319],[-79.98512,45.70026],[-79.98707,45.69342],[-79.98512,45.69148],[-79.98512,45.68951],[-79.98219,45.68854],[-79.9734,45.68952],[-79.97243,45.68561],[-79.96559,45.68171],[-79.94118,45.67585],[-79.93922,45.67683],[-79.93727,45.67975],[-79.93141,45.68171],[-79.92555,45.68268],[-79.90309,45.68171],[-79.88844,45.67976],[-79.88747,45.67682],[-79.88844,45.6739],[-79.8943,45.66706],[-79.89529,45.65339],[-79.89724,45.65143],[-79.89822,45.64655],[-79.90114,45.64362],[-79.9031,45.63972],[-79.91384,45.64362],[-79.91677,45.64362],[-79.9197,45.64265],[-79.92068,45.63971],[-79.92654,45.63483],[-79.92654,45.63287],[-79.92849,45.63092],[-79.93239,45.62799],[-79.93532,45.62799],[-79.94509,45.62018],[-79.94704,45.61139],[-79.95486,45.60456],[-79.95779,45.60456],[-79.95876,45.6026],[-79.98025,45.60163],[-79.99978,45.60163],[-80.00368,45.60261],[-80.0154,45.60261],[-80.01833,45.60553],[-80.01736,45.60749],[-80.01638,45.61725],[-80.01638,45.62897],[-80.01931,45.62605],[-80.02419,45.62311],[-80.032,45.62409],[-80.03396,45.63483],[-80.03786,45.63873],[-80.04469,45.64167],[-80.04861,45.64167],[-80.05056,45.64362],[-80.06228,45.63483],[-80.06715,45.63483],[-80.06813,45.63092],[-80.05544,45.61921],[-80.05447,45.60651],[-80.05544,45.60261],[-80.05739,45.59967],[-80.05447,45.59772],[-80.05251,45.58503],[-80.04958,45.5821],[-80.04958,45.58015],[-80.04665,45.57624],[-80.04665,45.57233],[-80.05057,45.5694],[-80.05252,45.5694],[-80.05643,45.56647],[-80.05936,45.56648],[-80.06814,45.55964],[-80.07107,45.55574],[-80.07205,45.55183],[-80.074,45.54988],[-80.074,45.54206],[-80.0701,45.53815],[-80.0701,45.5362],[-80.06619,45.53327],[-80.06619,45.53132],[-80.06326,45.52936],[-80.06131,45.52546],[-80.05936,45.52449],[-80.0574,45.5196],[-80.05447,45.5157],[-80.05252,45.50983],[-80.04959,45.50593],[-80.04861,45.50105],[-80.04666,45.50006],[-80.04373,45.48835],[-80.04178,45.4864],[-80.03885,45.47468],[-80.03689,45.47272],[-80.03397,45.45612],[-80.03006,45.45709],[-80.02615,45.4571],[-80.01932,45.46198],[-80.00955,45.45417],[-80.00662,45.45417],[-79.99686,45.45124],[-79.98221,45.4405],[-79.97537,45.4405],[-79.97537,45.44245],[-79.97147,45.44147],[-79.96951,45.44343],[-79.96365,45.4444],[-79.95682,45.4444],[-79.94412,45.44246],[-79.93729,45.4405],[-79.93631,45.43562],[-79.94119,45.43171],[-79.94314,45.43074],[-79.94705,45.43073],[-79.949,45.42878],[-79.95193,45.42878],[-79.95389,45.42683],[-79.95584,45.42097],[-79.95584,45.41608],[-79.95779,45.41413],[-79.94314,45.41412],[-79.94314,45.41608],[-79.94022,45.41999],[-79.93143,45.42683],[-79.92654,45.4278],[-79.92361,45.42683],[-79.91482,45.43366],[-79.91482,45.43561],[-79.91189,45.43757],[-79.91189,45.43952],[-79.90799,45.44147],[-79.90408,45.4405],[-79.90115,45.43855],[-79.88943,45.43757],[-79.88748,45.43951],[-79.88357,45.44049],[-79.87673,45.44049],[-79.87186,45.43659],[-79.86892,45.43659],[-79.86599,45.43561],[-79.86111,45.43659],[-79.85915,45.43855],[-79.8572,45.43854],[-79.84939,45.44733],[-79.84743,45.4483],[-79.84255,45.4483],[-79.84157,45.43464],[-79.8367,45.42877],[-79.82888,45.42975],[-79.82204,45.42974],[-79.82009,45.4317],[-79.81717,45.43171],[-79.81261,45.43528],[-79.80935,45.43268],[-79.80837,45.42585],[-79.80642,45.42389],[-79.81032,45.42194],[-79.81228,45.42194],[-79.81423,45.41998],[-79.81618,45.41998],[-79.82107,45.41608],[-79.82107,45.41412],[-79.82303,45.41217],[-79.82205,45.39069],[-79.82889,45.38482],[-79.83083,45.37799],[-79.82693,45.37506],[-79.81814,45.37408],[-79.81619,45.37213],[-79.81618,45.36921],[-79.81325,45.3653],[-79.79958,45.36432],[-79.79763,45.36237],[-79.7947,45.36237],[-79.79275,45.36042],[-79.79177,45.35749],[-79.79372,45.35162],[-79.79568,45.34967],[-79.78689,45.34186],[-79.78005,45.33209],[-79.77614,45.32526],[-79.77614,45.32233],[-79.7781,45.3194],[-79.78591,45.3194],[-79.79665,45.31744],[-79.8061,45.31711],[-79.80837,45.31549],[-79.80935,45.31354],[-79.80936,45.30866],[-79.81618,45.30474],[-79.82136,45.30399],[-79.824,45.31549],[-79.83377,45.32233],[-79.84256,45.3233],[-79.85818,45.31159],[-79.86014,45.31159],[-79.86209,45.30964],[-79.86404,45.30963],[-79.87479,45.30085],[-79.88357,45.29987],[-79.88553,45.29791],[-79.89822,45.29792],[-79.90115,45.2989],[-79.90018,45.30378],[-79.89627,45.30475],[-79.89627,45.30671],[-79.89334,45.30963],[-79.89334,45.31159],[-79.89432,45.31354],[-79.89725,45.31549],[-79.90018,45.31549],[-79.90213,45.31745],[-79.90604,45.31842],[-79.92947,45.32038],[-79.9324,45.32233],[-79.94217,45.32136],[-79.94412,45.32037],[-79.95096,45.32038],[-79.95486,45.3194],[-79.95975,45.31549],[-79.96268,45.3155],[-79.96561,45.31354],[-79.96854,45.31354],[-79.96463,45.30964],[-79.96365,45.30573],[-79.96854,45.29889],[-79.97049,45.29889],[-79.97537,45.29304],[-79.97537,45.28717],[-79.97439,45.28425],[-79.96951,45.28327],[-79.96561,45.28033],[-79.95389,45.27936],[-79.94022,45.27936],[-79.93436,45.27838],[-79.91189,45.27839],[-79.89529,45.27643],[-79.89432,45.27448],[-79.89334,45.27057],[-79.89334,45.2608],[-79.89139,45.25886],[-79.89236,45.2569],[-79.88748,45.25006],[-79.88748,45.24811],[-79.88455,45.24518],[-79.88357,45.23835],[-79.88162,45.23639],[-79.8826,45.23444],[-79.88357,45.22467],[-79.88748,45.22174],[-79.88748,45.21979],[-79.89236,45.21393],[-79.89432,45.21295],[-79.89529,45.20905],[-79.90213,45.20319],[-79.90799,45.19635],[-79.91971,45.18756],[-79.92068,45.18267],[-79.9158,45.1778],[-79.90506,45.17878],[-79.90311,45.18073],[-79.90018,45.1817],[-79.89725,45.18171],[-79.89334,45.18464],[-79.88553,45.18658],[-79.88064,45.18658],[-79.87576,45.18854],[-79.85623,45.18952],[-79.84842,45.18854],[-79.8367,45.18561],[-79.82791,45.18073],[-79.82303,45.17682],[-79.82107,45.17682],[-79.81814,45.17389],[-79.81326,45.17194],[-79.81033,45.16901],[-79.80837,45.16901],[-79.80252,45.16412],[-79.79764,45.16412],[-79.79471,45.1612],[-79.79471,45.15924],[-79.7908,45.15631],[-79.79079,45.15435],[-79.78299,45.14557],[-79.78201,45.13874],[-79.77713,45.13482],[-79.77518,45.13483],[-79.77224,45.13189],[-79.77225,45.12897],[-79.77517,45.12603],[-79.78104,45.12604],[-79.80057,45.1231],[-79.80545,45.11921],[-79.80545,45.11432],[-79.8035,45.11334],[-79.78982,45.11335],[-79.78787,45.11432],[-79.78493,45.11432],[-79.78299,45.11627],[-79.78005,45.11627],[-79.77712,45.11822],[-79.7742,45.11823],[-79.76736,45.12311],[-79.76443,45.12311],[-79.76248,45.12409],[-79.7615,45.12603],[-79.75857,45.12799],[-79.75857,45.12994],[-79.75466,45.12897],[-79.74197,45.12799],[-79.7322,45.12018],[-79.73025,45.12115],[-79.72829,45.12115],[-79.72243,45.12018],[-79.72048,45.11823],[-79.72048,45.11627],[-79.71169,45.10944],[-79.70974,45.10944],[-79.70779,45.10748],[-79.68142,45.10553],[-79.67556,45.10065],[-79.67361,45.10065],[-79.66189,45.08991],[-79.65798,45.08796],[-79.65017,45.08599],[-79.65017,45.08404],[-79.64236,45.07526],[-79.64236,45.07232],[-79.64626,45.07135],[-79.64919,45.0694],[-79.65114,45.06647],[-79.6531,45.06549],[-79.6531,45.06159],[-79.65017,45.05767],[-79.64724,45.05768],[-79.63845,45.05084],[-79.6365,45.05084],[-79.63259,45.04694],[-79.63454,45.04303],[-79.64138,45.04401],[-79.64821,45.0489],[-79.67458,45.0489],[-79.67654,45.04498],[-79.67947,45.04304],[-79.68044,45.04108],[-79.6697,45.03229],[-79.66677,45.0323],[-79.66482,45.03034],[-79.66286,45.03034],[-79.66091,45.02838],[-79.65505,45.02741],[-79.6531,45.02546],[-79.65017,45.02545],[-79.64822,45.0235],[-79.64529,45.0235],[-79.63357,45.0196],[-79.62771,45.01471],[-79.62478,45.01472],[-79.62087,45.01178],[-79.61794,45.01178],[-79.61501,45.00885],[-79.61208,45.00885],[-79.60818,45.00593],[-79.60525,45.00592],[-79.60329,45.00396],[-79.59743,45.00299],[-79.59548,45.00007],[-79.58962,44.99811],[-79.58669,44.99812],[-79.58181,44.99421],[-79.57888,44.99421],[-79.57693,44.99323],[-79.57302,44.98932],[-79.57204,44.98933],[-79.57009,44.98737],[-79.56814,44.98737],[-79.56228,44.98249],[-79.55544,44.98249],[-79.55349,44.98444],[-79.55154,44.98444],[-79.54861,44.98738],[-79.54372,44.98932],[-79.54177,44.99128],[-79.53884,44.99128],[-79.53689,44.99323],[-79.53396,44.99323],[-79.53298,44.99421],[-79.53103,44.99421],[-79.5281,44.99714],[-79.5281,44.99909],[-79.53884,45.00886],[-79.53884,45.01276],[-79.53982,45.01471],[-79.53591,45.02057],[-79.53396,45.02155],[-79.53103,45.02155],[-79.52712,45.02351],[-79.52321,45.02643],[-79.52224,45.02838],[-79.51638,45.02741],[-79.50954,45.02253],[-79.50271,45.01276],[-79.50271,45.0108],[-79.49782,45.0069],[-79.49782,45.00496],[-79.49099,45.00202],[-79.48806,44.99909],[-79.48708,44.99909],[-79.48415,44.99519],[-79.48318,44.99518],[-79.48122,44.99323],[-79.47927,44.99324],[-79.47146,44.98639],[-79.46657,44.98444],[-79.46462,44.98249],[-79.46169,44.98248],[-79.45974,44.98053],[-79.45681,44.98053],[-79.45486,44.97858],[-79.45095,44.97858],[-79.44997,44.9776],[-79.43923,44.9776],[-79.43532,44.9698],[-79.43728,44.96784],[-79.43922,44.96785],[-79.44021,44.96687],[-79.44314,44.96687],[-79.449,44.96393],[-79.45095,44.96393],[-79.45388,44.96101],[-79.45388,44.95906],[-79.44997,44.95514],[-79.44704,44.95417],[-79.44411,44.95124],[-79.43923,44.95026],[-79.43728,44.94831],[-79.43435,44.94733],[-79.43044,44.94245],[-79.42849,44.93562],[-79.42654,44.93366],[-79.42555,44.93367],[-79.42361,44.93073],[-79.42067,44.93073],[-79.41775,44.92878],[-79.4109,44.92781],[-79.407,44.92585],[-79.39821,44.91804],[-79.39821,44.91608],[-79.39332,44.91217],[-79.38942,44.91218],[-79.38747,44.91023],[-79.38063,44.90925],[-79.37965,44.90827],[-79.37379,44.90828],[-79.37282,44.90632],[-79.36989,44.90632],[-79.36793,44.90436],[-79.365,44.90436],[-79.36305,44.90241],[-79.36207,44.90241],[-79.35231,44.8946],[-79.35426,44.89264],[-79.35426,44.88678],[-79.34645,44.87897],[-79.34645,44.87604],[-79.35133,44.87214],[-79.35329,44.87214],[-79.35524,44.87018],[-79.35719,44.87116],[-79.37184,44.87116],[-79.37966,44.86726],[-79.38161,44.8653],[-79.38454,44.8653],[-79.3865,44.86335],[-79.39529,44.86335],[-79.40114,44.86823],[-79.40114,44.87214],[-79.40017,44.87409],[-79.39626,44.87604],[-79.39529,44.87898],[-79.39529,44.88092],[-79.39918,44.88386],[-79.40309,44.88385],[-79.40505,44.88483],[-79.40798,44.88289],[-79.40798,44.88092],[-79.41188,44.878],[-79.41481,44.878],[-79.41677,44.87604],[-79.41872,44.87605],[-79.41482,44.87116],[-79.41384,44.86237],[-79.41189,44.85749],[-79.41189,44.8526],[-79.40896,44.84871],[-79.40896,44.84674],[-79.40505,44.84381],[-79.40505,44.84284],[-79.39625,44.83308],[-79.39821,44.8194],[-79.40016,44.81745],[-79.40016,44.81453],[-79.40114,44.81355],[-79.40114,44.79499],[-79.40212,44.79401],[-79.40212,44.79108],[-79.39348,44.77662],[-79.38895,44.75044],[-79.38507,44.74769],[-79.3735,44.74634],[-79.36758,44.74776],[-79.35696,44.74842],[-79.33636,44.7463],[-79.33214,44.74527],[-79.34069,44.70499],[-79.33798,44.70332],[-79.32856,44.70308],[-79.31954,44.7015],[-79.31643,44.70179],[-79.31299,44.70355],[-79.31138,44.70532],[-79.31105,44.70755],[-79.31176,44.71081],[-79.31125,44.71797],[-79.30819,44.72368],[-79.3072,44.73113],[-79.30401,44.73337],[-79.29944,44.73477],[-79.29577,44.73418],[-79.29362,44.73178],[-79.29308,44.72749],[-79.28934,44.72685],[-79.2847,44.72878],[-79.27855,44.72888],[-79.27824,44.72464],[-79.28435,44.71584],[-79.2834,44.71252],[-79.2644,44.71235],[-79.25578,44.71154],[-79.25163,44.71027],[-79.24853,44.70712],[-79.23773,44.7115],[-79.1968,44.7237],[-79.19104,44.72454],[-79.18307,44.72229],[-79.18075,44.72097],[-79.16022,44.72407],[-79.15552,44.72234],[-79.15465,44.7193],[-79.16331,44.71],[-79.16444,44.7073],[-79.16365,44.70502],[-79.16126,44.70398],[-79.14577,44.70412],[-79.13859,44.70181],[-79.13534,44.69659],[-79.1364,44.69264],[-79.13497,44.68898],[-79.13014,44.68235],[-79.11902,44.6859],[-79.10944,44.68251],[-79.10114,44.68185],[-79.09756,44.67973],[-79.09413,44.67904],[-79.09171,44.68498],[-79.09463,44.69243],[-79.09565,44.69827],[-79.09206,44.71641],[-79.08669,44.72063],[-79.08398,44.72183],[-79.07503,44.72255],[-79.0498,44.72129],[-79.03895,44.71925],[-79.00951,44.71037],[-79.00194,44.70898],[-78.99834,44.70713],[-78.99635,44.70673],[-78.99364,44.70736],[-78.98952,44.71678],[-78.99193,44.73196],[-78.97812,44.75093],[-78.97404,44.75362],[-78.96639,44.76848],[-78.96086,44.77476],[-78.95878,44.77532],[-78.95639,44.77372],[-78.93069,44.7499],[-78.92843,44.75106],[-78.92733,44.75304],[-78.92533,44.75435],[-78.91688,44.75078],[-78.91304,44.75164],[-78.90168,44.75693],[-78.89881,44.75663],[-78.88884,44.75329],[-78.87422,44.75452],[-78.85743,44.76037],[-78.84565,44.75695],[-78.82932,44.75839],[-78.82886,44.76081],[-78.8269,44.76276],[-78.82593,44.76764],[-78.823,44.77155],[-78.823,44.77448],[-78.82202,44.77545],[-78.82202,44.77741],[-78.82007,44.77936],[-78.82007,44.78327],[-78.81811,44.78815],[-78.81909,44.80964],[-78.81421,44.81355],[-78.81323,44.81355],[-78.81128,44.81647],[-78.81128,44.8194],[-78.81323,44.82331],[-78.81323,44.83112],[-78.81128,44.83308],[-78.81128,44.83503],[-78.80639,44.83991],[-78.80444,44.83991],[-78.80444,44.84089],[-78.80151,44.84187],[-78.79858,44.84577],[-78.79761,44.84578],[-78.79468,44.8487],[-78.7937,44.8487],[-78.79077,44.85163],[-78.78979,44.85163],[-78.78784,44.85456],[-78.78589,44.85456],[-78.78491,44.85554],[-78.78491,44.85749],[-78.78198,44.85944],[-78.781,44.86433],[-78.77905,44.86726],[-78.78198,44.86921],[-78.78882,44.86921],[-78.78979,44.87019],[-78.79272,44.87019],[-78.79858,44.87506],[-78.80151,44.88287],[-78.80151,44.88581],[-78.80346,44.88776],[-78.80346,44.89069],[-78.80249,44.89167],[-78.80249,44.89948],[-78.80444,44.90144],[-78.80932,44.90143],[-78.8103,44.90241],[-78.81225,44.90045],[-78.81323,44.90046],[-78.81323,44.90339],[-78.81518,44.90534],[-78.81518,44.90729],[-78.81811,44.9112],[-78.81714,44.91217],[-78.82104,44.91706],[-78.82202,44.92292],[-78.82593,44.92585],[-78.8269,44.92976],[-78.82886,44.93171],[-78.82788,44.93659],[-78.82983,44.93855],[-78.83081,44.94245],[-78.83276,44.9444],[-78.83471,44.9444],[-78.83764,44.94636],[-78.83764,44.95026],[-78.83471,44.95319],[-78.82983,44.95319],[-78.82788,44.95515],[-78.82495,44.95515],[-78.823,44.95709],[-78.81421,44.9571],[-78.80542,44.96686],[-78.79858,44.96686],[-78.79761,44.96784],[-78.79468,44.96783],[-78.7937,44.96881],[-78.79174,44.96882],[-78.78882,44.97174],[-78.78784,44.97174],[-78.77904,44.97858],[-78.77807,44.97663],[-78.77514,44.97467],[-78.77514,44.97272],[-78.77221,44.9698],[-78.76929,44.9698],[-78.7683,44.96881],[-78.76342,44.96784],[-78.76049,44.96589],[-78.75854,44.96589],[-78.75268,44.96296],[-78.74682,44.96296],[-78.74682,44.96686],[-78.74877,44.96881],[-78.74779,44.96979],[-78.74975,44.97174],[-78.75072,44.97565],[-78.75268,44.9776],[-78.75268,44.97956],[-78.75561,44.98151],[-78.75561,44.98444],[-78.76049,44.98933],[-78.76147,44.99225],[-78.76635,44.99616],[-78.76635,44.99812],[-78.7683,45.00202],[-78.77025,45.003],[-78.77318,45.01373],[-78.77221,45.03033],[-78.76244,45.03327],[-78.76049,45.03815],[-78.76049,45.04304],[-78.75854,45.04499],[-78.75854,45.04791],[-78.75658,45.04889],[-78.75658,45.05182],[-78.75756,45.05769],[-78.76439,45.06354],[-78.76928,45.06355],[-78.77123,45.06549],[-78.77221,45.06745],[-78.77904,45.07428],[-78.781,45.08014],[-78.7849,45.086],[-78.78686,45.09674],[-78.78588,45.10261],[-78.781,45.10847],[-78.77807,45.11627],[-78.77807,45.12409],[-78.77904,45.12603],[-78.78393,45.12897],[-78.79076,45.12995],[-78.79272,45.1319],[-78.80834,45.1358],[-78.82201,45.13678],[-78.82689,45.14167],[-78.82982,45.15632],[-78.82982,45.1651],[-78.82592,45.17194],[-78.82299,45.17487],[-78.82592,45.1817],[-78.82494,45.18756],[-78.82299,45.18952],[-78.82397,45.19342],[-78.82982,45.19635],[-78.83275,45.19538],[-78.8435,45.18659],[-78.84936,45.18365],[-78.85814,45.17487],[-78.86498,45.17096],[-78.86986,45.17194],[-78.87475,45.17878],[-78.8767,45.18366],[-78.88744,45.20123],[-78.89037,45.20319],[-78.89135,45.20612],[-78.89428,45.20807],[-78.90307,45.21002],[-78.92943,45.21003],[-78.93236,45.21295],[-78.93334,45.21589],[-78.93529,45.21686],[-78.93627,45.21881],[-78.92846,45.22467],[-78.92357,45.22467],[-78.91967,45.22761],[-78.91576,45.22858],[-78.906,45.23541],[-78.90111,45.23542],[-78.8933,45.2403],[-78.88647,45.24615],[-78.8767,45.2608],[-78.87279,45.26374],[-78.87182,45.26569],[-78.87279,45.27058],[-78.87865,45.27546],[-78.88451,45.27546],[-78.88842,45.27838],[-78.89232,45.27936],[-78.89721,45.28229],[-78.90111,45.28327],[-78.90209,45.28522],[-78.90404,45.2862],[-78.90502,45.28815],[-78.90502,45.29401],[-78.90307,45.29597],[-78.90209,45.29987],[-78.90404,45.30378],[-78.91479,45.30573],[-78.92553,45.30572],[-78.92943,45.30866],[-78.9265,45.32037],[-78.91772,45.33502],[-78.91772,45.33796],[-78.91479,45.34187],[-78.91479,45.34479],[-78.91283,45.34674],[-78.91186,45.35163],[-78.90893,45.35651],[-78.90795,45.36335],[-78.906,45.3653],[-78.90502,45.37116],[-78.90307,45.37311],[-78.90209,45.37897],[-78.90014,45.38092],[-78.90111,45.38386],[-78.90795,45.38874],[-78.91088,45.38972],[-78.91772,45.39947],[-78.91967,45.40045],[-78.9226,45.40534],[-78.92064,45.40632],[-78.92553,45.41119],[-78.92846,45.41901],[-78.93041,45.42096],[-78.92943,45.42292],[-78.93236,45.42584],[-78.93529,45.44244],[-78.93529,45.45026],[-78.93334,45.47369],[-78.93139,45.47565],[-78.93041,45.48053],[-78.93139,45.49421],[-78.94213,45.50299],[-78.94311,45.50494],[-78.95189,45.5108],[-78.95971,45.51276],[-78.96264,45.51275],[-78.96557,45.51472],[-78.96947,45.51471],[-78.97143,45.51667],[-78.97436,45.51666],[-78.97631,45.51862],[-78.98022,45.51959],[-78.99096,45.53132],[-78.99585,45.53522],[-78.99682,45.53717],[-79.00268,45.53913],[-79.02124,45.55671],[-79.02221,45.5694],[-79.02417,45.57624],[-79.03686,45.58405],[-79.03979,45.58405],[-79.04272,45.586],[-79.04565,45.586],[-79.04761,45.58796],[-79.05835,45.59088],[-79.06323,45.59771],[-79.06518,45.6026],[-79.06616,45.6192],[-79.06421,45.62115],[-79.06323,45.62506],[-79.0603,45.62995],[-79.05444,45.63581],[-79.08081,45.64167],[-79.09936,45.64166],[-79.11206,45.64069],[-79.11792,45.63679],[-79.11987,45.63385],[-79.13647,45.63581],[-79.14331,45.64069],[-79.14331,45.64753],[-79.14136,45.65144],[-79.14331,45.65338],[-79.16382,45.65241],[-79.16675,45.65437],[-79.16382,45.65924],[-79.15893,45.66217],[-79.15698,45.6651],[-79.15893,45.66705],[-79.16577,45.66901],[-79.1687,45.66706],[-79.17554,45.66803],[-79.18237,45.66803],[-79.1853,45.66511],[-79.19604,45.66608],[-79.19604,45.67389],[-79.198,45.67585],[-79.20093,45.67683],[-79.20581,45.67487],[-79.2146,45.66901],[-79.21754,45.66901],[-79.22046,45.66608],[-79.22339,45.6651],[-79.22632,45.6651],[-79.2312,45.66217],[-79.24097,45.66217],[-79.24976,45.66121],[-79.26734,45.66315],[-79.27125,45.66608],[-79.27711,45.67291],[-79.28004,45.68561],[-79.28199,45.68854],[-79.281,45.69049],[-79.28296,45.69245],[-79.28297,45.69928],[-79.27319,45.71101],[-79.26733,45.71393],[-79.26636,45.71686],[-79.26733,45.72858],[-79.27124,45.73151],[-79.27124,45.73542],[-79.26733,45.73932],[-79.25854,45.74128],[-79.25464,45.74421],[-79.25757,45.74909],[-79.26538,45.74909],[-79.27124,45.74714],[-79.27319,45.74518],[-79.28491,45.74518],[-79.28979,45.75006],[-79.28979,45.753],[-79.28882,45.75494],[-79.28003,45.75495],[-79.27905,45.7569],[-79.28296,45.76081],[-79.28686,45.76179],[-79.28784,45.76374],[-79.28784,45.76862],[-79.29175,45.77155],[-79.29956,45.76569],[-79.30542,45.7696],[-79.30542,45.77448],[-79.30347,45.77839],[-79.30054,45.78034],[-79.29663,45.78815],[-79.29272,45.79304],[-79.28979,45.79597],[-79.281,45.80183],[-79.27124,45.80378],[-79.25561,45.80476],[-79.25171,45.80671],[-79.24878,45.80963],[-79.24682,45.81452],[-79.24389,45.81452],[-79.23901,45.81745],[-79.23511,45.81745],[-79.22729,45.82136],[-79.21655,45.82819],[-79.21362,45.83112],[-79.20679,45.83112],[-79.20483,45.8321],[-79.19702,45.8321],[-79.19507,45.83405],[-79.19213,45.83406],[-79.18628,45.83795],[-79.18627,45.84089],[-79.18822,45.84284],[-79.20189,45.84479],[-79.20483,45.84674],[-79.20385,45.8487],[-79.19506,45.84772],[-79.19213,45.84967],[-79.19018,45.85358],[-79.19115,45.85651],[-79.19897,45.85651],[-79.21069,45.85456],[-79.21557,45.85846],[-79.22241,45.85847],[-79.22436,45.85651],[-79.22729,45.85554],[-79.23511,45.84967],[-79.23901,45.84772],[-79.24682,45.84089],[-79.2478,45.83893],[-79.24585,45.836],[-79.23608,45.83503],[-79.23413,45.83307],[-79.23413,45.83015],[-79.23901,45.82722],[-79.24682,45.82624],[-79.25268,45.82135],[-79.25366,45.8194],[-79.25366,45.81452],[-79.25854,45.81452],[-79.2605,45.81745],[-79.2605,45.82038],[-79.26538,45.82429],[-79.26929,45.82429],[-79.27222,45.82233],[-79.27514,45.82233],[-79.281,45.82233],[-79.28393,45.82428],[-79.28589,45.8321],[-79.28589,45.83796],[-79.28296,45.83893],[-79.28979,45.84772],[-79.29272,45.84772],[-79.29468,45.84967],[-79.29956,45.8487],[-79.31323,45.8487],[-79.31714,45.85456],[-79.31909,45.86139],[-79.32593,45.8653],[-79.3269,45.86823],[-79.33374,45.86726],[-79.33569,45.86921],[-79.34643,45.87214],[-79.34741,45.87506],[-79.34839,45.89753],[-79.34936,45.90241],[-79.35425,45.90925],[-79.35522,45.91804],[-79.35132,45.92292],[-79.34643,45.92683],[-79.34741,45.93464],[-79.34936,45.93658],[-79.34936,45.9405],[-79.35132,45.94245],[-79.35034,45.9444],[-79.35229,45.94635],[-79.35327,45.95026],[-79.35327,45.96101],[-79.3562,45.96296]]]}},{"type":"Feature","properties":{"OGF_ID":67490673,"ECODISTRICT_NAME":"Algonquin Park"},"geometry":{"type":"Polygon","coordinates":[[[-77.82279,45.41103],[-77.829,45.41436],[-77.84368,45.42602],[-77.84585,45.43283],[-77.84399,45.45483],[-77.8456,45.46028],[-77.84865,45.46307],[-77.84919,45.46487],[-77.85105,45.46583],[-77.85277,45.46947],[-77.85645,45.47228],[-77.87156,45.47675],[-77.87925,45.47651],[-77.8836,45.47888],[-77.89954,45.47976],[-77.9106,45.48816],[-77.92312,45.493],[-77.92406,45.49932],[-77.92524,45.50116],[-77.92775,45.50213],[-77.93094,45.50221],[-77.93141,45.50537],[-77.92487,45.5079],[-77.92217,45.51053],[-77.91821,45.51266],[-77.91666,45.51758],[-77.9147,45.51842],[-77.91332,45.52019],[-77.90767,45.51823],[-77.90741,45.52273],[-77.90277,45.52575],[-77.90203,45.52753],[-77.89938,45.52926],[-77.89989,45.53153],[-77.90173,45.53292],[-77.90933,45.53448],[-77.90247,45.54285],[-77.89792,45.54407],[-77.89378,45.54937],[-77.88156,45.55038],[-77.88215,45.563],[-77.8846,45.56486],[-77.88778,45.5654],[-77.88694,45.56898],[-77.88162,45.57243],[-77.87775,45.57278],[-77.88002,45.57824],[-77.88495,45.58153],[-77.89256,45.58308],[-77.89374,45.58491],[-77.90117,45.58962],[-77.90723,45.59608],[-77.91594,45.60082],[-77.92742,45.60203],[-77.93731,45.6086],[-77.96853,45.62429],[-77.9761,45.62673],[-77.97731,45.62811],[-77.98482,45.63146],[-77.98729,45.63333],[-77.98983,45.63384],[-77.99691,45.64529],[-77.99879,45.64623],[-77.99982,45.6485],[-78.00264,45.64947],[-78.00557,45.64947],[-78.0085,45.64752],[-78.01534,45.64752],[-78.02022,45.65435],[-78.02413,45.65435],[-78.03097,45.65045],[-78.03878,45.65143],[-78.04073,45.6524],[-78.04561,45.66022],[-78.04757,45.66119],[-78.05245,45.66022],[-78.05538,45.65826],[-78.05538,45.65631],[-78.05733,45.65436],[-78.05831,45.65045],[-78.06124,45.64849],[-78.06417,45.64947],[-78.06613,45.65142],[-78.07882,45.65142],[-78.08468,45.6485],[-78.09054,45.64849],[-78.09249,45.64654],[-78.09543,45.64654],[-78.09737,45.64459],[-78.11105,45.64654],[-78.12082,45.65436],[-78.14425,45.65826],[-78.14718,45.65924],[-78.15304,45.66315],[-78.15695,45.66217],[-78.16086,45.65924],[-78.17062,45.65827],[-78.18625,45.65534],[-78.18722,45.66119],[-78.18918,45.66315],[-78.19504,45.66608],[-78.21164,45.66803],[-78.21945,45.67389],[-78.2214,45.67779],[-78.22824,45.68561],[-78.25265,45.68854],[-78.25949,45.69439],[-78.27414,45.69635],[-78.27707,45.6983],[-78.28195,45.70514],[-78.28879,45.70612],[-78.29269,45.70807],[-78.29367,45.71002],[-78.29562,45.711],[-78.2966,45.71393],[-78.3005,45.73346],[-78.30929,45.74029],[-78.31808,45.74029],[-78.32687,45.73834],[-78.32882,45.73639],[-78.33078,45.73542],[-78.33371,45.73541],[-78.33566,45.73346],[-78.33859,45.73737],[-78.34054,45.7442],[-78.34933,45.75397],[-78.36496,45.75494],[-78.36691,45.75592],[-78.37375,45.76276],[-78.37375,45.76861],[-78.36886,45.77154],[-78.36398,45.77154],[-78.36007,45.7735],[-78.35812,45.77643],[-78.35129,45.78131],[-78.35324,45.78717],[-78.35617,45.79108],[-78.35617,45.79304],[-78.36105,45.79597],[-78.37375,45.79889],[-78.37961,45.80768],[-78.38644,45.80768],[-78.39035,45.81257],[-78.38839,45.83014],[-78.38644,45.8321],[-78.38644,45.83503],[-78.38058,45.84186],[-78.37961,45.84577],[-78.38058,45.85358],[-78.38742,45.86237],[-78.39523,45.86237],[-78.405,45.86042],[-78.405,45.86433],[-78.40011,45.86823],[-78.39914,45.87018],[-78.39718,45.87116],[-78.39328,45.87604],[-78.39425,45.8819],[-78.40011,45.88385],[-78.40695,45.88385],[-78.4089,45.88581],[-78.4089,45.88776],[-78.40695,45.88972],[-78.40304,45.88971],[-78.39523,45.89459],[-78.41281,45.90827],[-78.41672,45.90924],[-78.43039,45.90924],[-78.43234,45.9112],[-78.43234,45.91706],[-78.42355,45.92683],[-78.42355,45.92878],[-78.4255,45.93073],[-78.42453,45.93659],[-78.42062,45.94245],[-78.42062,45.94636],[-78.4255,45.95222],[-78.42648,45.9571],[-78.42843,45.95905],[-78.43136,45.95807],[-78.4382,45.95807],[-78.44699,45.96002],[-78.44992,45.96003],[-78.45382,45.96491],[-78.4548,45.97272],[-78.45968,45.9776],[-78.45968,45.98151],[-78.45089,45.99323],[-78.4382,46.00202],[-78.43527,46.00299],[-78.43429,46.00494],[-78.43527,46.01374],[-78.44113,46.01764],[-78.44504,46.02155],[-78.44992,46.02155],[-78.45187,46.02351],[-78.46066,46.02546],[-78.49191,46.02643],[-78.49973,46.02742],[-78.50168,46.02936],[-78.50461,46.02936],[-78.51437,46.03717],[-78.51829,46.03815],[-78.52122,46.0401],[-78.52414,46.04011],[-78.5261,46.04206],[-78.52903,46.04206],[-78.53098,46.04401],[-78.53293,46.04499],[-78.53586,46.04498],[-78.53782,46.04694],[-78.54172,46.0489],[-78.54465,46.04889],[-78.54661,46.05085],[-78.55344,46.0528],[-78.55637,46.0528],[-78.55735,46.05573],[-78.56028,46.05378],[-78.56321,46.05476],[-78.5886,46.05769],[-78.60911,46.07136],[-78.61204,46.07136],[-78.61594,46.07526],[-78.61887,46.07135],[-78.62961,46.06159],[-78.65598,46.0616],[-78.68723,46.06452],[-78.71067,46.0655],[-78.72336,46.06745],[-78.73118,46.06745],[-78.73508,46.06843],[-78.74973,46.0655],[-78.75266,46.06354],[-78.75559,46.06354],[-78.75754,46.06159],[-78.76145,46.05964],[-78.76536,46.05964],[-78.76829,46.06257],[-78.77122,46.06256],[-78.7722,46.06549],[-78.77904,46.06159],[-78.78196,46.06062],[-78.78489,46.06062],[-78.78684,46.06257],[-78.78978,46.06257],[-78.81125,46.07624],[-78.81419,46.07624],[-78.81907,46.07917],[-78.82884,46.08015],[-78.83079,46.0821],[-78.83372,46.0821],[-78.85032,46.09578],[-78.85423,46.09675],[-78.85618,46.09578],[-78.86497,46.09577],[-78.8679,46.09381],[-78.87767,46.09382],[-78.8845,46.09479],[-78.89427,46.09675],[-78.90208,46.09968],[-78.90697,46.09968],[-78.90892,46.10163],[-78.91185,46.10163],[-78.9138,46.10359],[-78.92454,46.10749],[-78.93529,46.10749],[-78.93822,46.10651],[-78.94212,46.10359],[-78.95091,46.10456],[-78.9597,46.10652],[-78.96849,46.10652],[-78.97435,46.10066],[-78.97532,46.0948],[-78.97239,46.09285],[-78.96263,46.09186],[-78.95677,46.08699],[-78.95482,46.08112],[-78.95482,46.06843],[-78.96165,46.06354],[-78.96165,46.05866],[-78.96361,46.05671],[-78.96556,46.05573],[-78.97142,46.05573],[-78.97337,46.05378],[-78.9763,46.05476],[-78.9763,46.05671],[-78.97923,46.05964],[-78.98118,46.06549],[-78.98118,46.07038],[-78.98314,46.07233],[-78.98411,46.07624],[-78.98607,46.0782],[-78.98607,46.08015],[-78.98802,46.08113],[-78.989,46.08308],[-78.99779,46.08894],[-79.00169,46.08893],[-79.00364,46.09088],[-79.01048,46.08699],[-79.01634,46.08698],[-79.02318,46.09187],[-79.02415,46.09382],[-79.02708,46.09577],[-79.03001,46.09479],[-79.03294,46.0948],[-79.03489,46.09285],[-79.03587,46.08796],[-79.0388,46.08601],[-79.04271,46.08698],[-79.06713,46.086],[-79.06939,46.08828],[-79.07885,46.0821],[-79.0808,46.08308],[-79.08275,46.0821],[-79.08861,46.0821],[-79.09447,46.08113],[-79.09838,46.07819],[-79.09838,46.07624],[-79.07592,46.07526],[-79.07493,46.07038],[-79.07885,46.0694],[-79.0808,46.06745],[-79.07982,46.06549],[-79.08178,46.06256],[-79.08764,46.05964],[-79.10033,46.05964],[-79.10814,46.06159],[-79.11498,46.06159],[-79.11889,46.05671],[-79.11889,46.05085],[-79.11986,46.04889],[-79.12279,46.04694],[-79.13061,46.0489],[-79.13354,46.0489],[-79.13549,46.05085],[-79.14721,46.05378],[-79.14916,46.05281],[-79.15307,46.0528],[-79.15697,46.05183],[-79.16381,46.04597],[-79.16381,46.04401],[-79.16869,46.04304],[-79.17162,46.04109],[-79.17748,46.04108],[-79.18236,46.04011],[-79.18334,46.03718],[-79.17455,46.02937],[-79.18725,46.02936],[-79.19115,46.03035],[-79.19799,46.0362],[-79.22045,46.04108],[-79.22338,46.04108],[-79.22533,46.04499],[-79.22924,46.04206],[-79.23607,46.03914],[-79.239,46.03913],[-79.24779,46.03717],[-79.25463,46.03717],[-79.25951,46.03815],[-79.26537,46.03815],[-79.2683,46.03718],[-79.27124,46.02644],[-79.27905,46.02448],[-79.281,46.02253],[-79.28393,46.02351],[-79.28686,46.02351],[-79.29077,46.02741],[-79.29077,46.03328],[-79.29272,46.03522],[-79.29565,46.03523],[-79.29761,46.03718],[-79.30054,46.03718],[-79.30249,46.03913],[-79.31323,46.04108],[-79.32788,46.04108],[-79.32788,46.03913],[-79.33081,46.03718],[-79.3435,46.03523],[-79.34253,46.03132],[-79.34839,46.02644],[-79.35229,46.02057],[-79.35425,45.96882],[-79.35229,45.96687],[-79.35327,45.96491],[-79.3562,45.96296],[-79.35327,45.96101],[-79.35327,45.95026],[-79.35229,45.94635],[-79.35034,45.9444],[-79.35132,45.94245],[-79.34936,45.9405],[-79.34936,45.93658],[-79.34741,45.93464],[-79.34643,45.92683],[-79.35132,45.92292],[-79.35522,45.91804],[-79.35425,45.90925],[-79.34936,45.90241],[-79.34839,45.89753],[-79.34741,45.87506],[-79.34643,45.87214],[-79.33569,45.86921],[-79.33374,45.86726],[-79.3269,45.86823],[-79.32593,45.8653],[-79.31909,45.86139],[-79.31714,45.85456],[-79.31323,45.8487],[-79.29956,45.8487],[-79.29468,45.84967],[-79.29272,45.84772],[-79.28979,45.84772],[-79.28296,45.83893],[-79.28589,45.83796],[-79.28589,45.8321],[-79.28393,45.82428],[-79.281,45.82233],[-79.27514,45.82233],[-79.27222,45.82233],[-79.26929,45.82429],[-79.26538,45.82429],[-79.2605,45.82038],[-79.2605,45.81745],[-79.25854,45.81452],[-79.25366,45.81452],[-79.25366,45.8194],[-79.25268,45.82135],[-79.24682,45.82624],[-79.23901,45.82722],[-79.23413,45.83015],[-79.23413,45.83307],[-79.23608,45.83503],[-79.24585,45.836],[-79.2478,45.83893],[-79.24682,45.84089],[-79.23901,45.84772],[-79.23511,45.84967],[-79.22729,45.85554],[-79.22436,45.85651],[-79.22241,45.85847],[-79.21557,45.85846],[-79.21069,45.85456],[-79.19897,45.85651],[-79.19115,45.85651],[-79.19018,45.85358],[-79.19213,45.84967],[-79.19506,45.84772],[-79.20385,45.8487],[-79.20483,45.84674],[-79.20189,45.84479],[-79.18822,45.84284],[-79.18627,45.84089],[-79.18628,45.83795],[-79.19213,45.83406],[-79.19507,45.83405],[-79.19702,45.8321],[-79.20483,45.8321],[-79.20679,45.83112],[-79.21362,45.83112],[-79.21655,45.82819],[-79.22729,45.82136],[-79.23511,45.81745],[-79.23901,45.81745],[-79.24389,45.81452],[-79.24682,45.81452],[-79.24878,45.80963],[-79.25171,45.80671],[-79.25561,45.80476],[-79.27124,45.80378],[-79.281,45.80183],[-79.28979,45.79597],[-79.29272,45.79304],[-79.29663,45.78815],[-79.30054,45.78034],[-79.30347,45.77839],[-79.30542,45.77448],[-79.30542,45.7696],[-79.29956,45.76569],[-79.29175,45.77155],[-79.28784,45.76862],[-79.28784,45.76374],[-79.28686,45.76179],[-79.28296,45.76081],[-79.27905,45.7569],[-79.28003,45.75495],[-79.28882,45.75494],[-79.28979,45.753],[-79.28979,45.75006],[-79.28491,45.74518],[-79.27319,45.74518],[-79.27124,45.74714],[-79.26538,45.74909],[-79.25757,45.74909],[-79.25464,45.74421],[-79.25854,45.74128],[-79.26733,45.73932],[-79.27124,45.73542],[-79.27124,45.73151],[-79.26733,45.72858],[-79.26636,45.71686],[-79.26733,45.71393],[-79.27319,45.71101],[-79.28297,45.69928],[-79.28296,45.69245],[-79.281,45.69049],[-79.28199,45.68854],[-79.28004,45.68561],[-79.27711,45.67291],[-79.27125,45.66608],[-79.26734,45.66315],[-79.24976,45.66121],[-79.24097,45.66217],[-79.2312,45.66217],[-79.22632,45.6651],[-79.22339,45.6651],[-79.22046,45.66608],[-79.21754,45.66901],[-79.2146,45.66901],[-79.20581,45.67487],[-79.20093,45.67683],[-79.198,45.67585],[-79.19604,45.67389],[-79.19604,45.66608],[-79.1853,45.66511],[-79.18237,45.66803],[-79.17554,45.66803],[-79.1687,45.66706],[-79.16577,45.66901],[-79.15893,45.66705],[-79.15698,45.6651],[-79.15893,45.66217],[-79.16382,45.65924],[-79.16675,45.65437],[-79.16382,45.65241],[-79.14331,45.65338],[-79.14136,45.65144],[-79.14331,45.64753],[-79.14331,45.64069],[-79.13647,45.63581],[-79.11987,45.63385],[-79.11792,45.63679],[-79.11206,45.64069],[-79.09936,45.64166],[-79.08081,45.64167],[-79.05444,45.63581],[-79.0603,45.62995],[-79.06323,45.62506],[-79.06421,45.62115],[-79.06616,45.6192],[-79.06518,45.6026],[-79.06323,45.59771],[-79.05835,45.59088],[-79.04761,45.58796],[-79.04565,45.586],[-79.04272,45.586],[-79.03979,45.58405],[-79.03686,45.58405],[-79.02417,45.57624],[-79.02221,45.5694],[-79.02124,45.55671],[-79.00268,45.53913],[-78.99682,45.53717],[-78.99585,45.53522],[-78.99096,45.53132],[-78.98022,45.51959],[-78.97631,45.51862],[-78.97436,45.51666],[-78.97143,45.51667],[-78.96947,45.51471],[-78.96557,45.51472],[-78.96264,45.51275],[-78.95971,45.51276],[-78.95189,45.5108],[-78.94311,45.50494],[-78.94213,45.50299],[-78.93139,45.49421],[-78.93041,45.48053],[-78.93139,45.47565],[-78.93334,45.47369],[-78.93529,45.45026],[-78.93529,45.44244],[-78.93236,45.42584],[-78.92943,45.42292],[-78.93041,45.42096],[-78.92846,45.41901],[-78.92553,45.41119],[-78.92064,45.40632],[-78.9226,45.40534],[-78.91967,45.40045],[-78.91772,45.39947],[-78.91088,45.38972],[-78.90795,45.38874],[-78.90111,45.38386],[-78.90014,45.38092],[-78.90209,45.37897],[-78.90307,45.37311],[-78.90502,45.37116],[-78.906,45.3653],[-78.90795,45.36335],[-78.90893,45.35651],[-78.91186,45.35163],[-78.91283,45.34674],[-78.91479,45.34479],[-78.91479,45.34187],[-78.91772,45.33796],[-78.91772,45.33502],[-78.9265,45.32037],[-78.92943,45.30866],[-78.92553,45.30572],[-78.91479,45.30573],[-78.90404,45.30378],[-78.90209,45.29987],[-78.90307,45.29597],[-78.90502,45.29401],[-78.90502,45.28815],[-78.90404,45.2862],[-78.90209,45.28522],[-78.90111,45.28327],[-78.89721,45.28229],[-78.89232,45.27936],[-78.88842,45.27838],[-78.88451,45.27546],[-78.87865,45.27546],[-78.87279,45.27058],[-78.87182,45.26569],[-78.87279,45.26374],[-78.8767,45.2608],[-78.88647,45.24615],[-78.8933,45.2403],[-78.90111,45.23542],[-78.906,45.23541],[-78.91576,45.22858],[-78.91967,45.22761],[-78.92357,45.22467],[-78.92846,45.22467],[-78.93627,45.21881],[-78.93529,45.21686],[-78.93334,45.21589],[-78.93236,45.21295],[-78.92943,45.21003],[-78.90307,45.21002],[-78.89428,45.20807],[-78.89135,45.20612],[-78.89037,45.20319],[-78.88744,45.20123],[-78.8767,45.18366],[-78.87475,45.17878],[-78.86986,45.17194],[-78.86498,45.17096],[-78.85814,45.17487],[-78.84936,45.18365],[-78.8435,45.18659],[-78.83275,45.19538],[-78.82982,45.19635],[-78.82397,45.19342],[-78.82299,45.18952],[-78.82494,45.18756],[-78.82592,45.1817],[-78.82299,45.17487],[-78.82592,45.17194],[-78.82982,45.1651],[-78.82982,45.15632],[-78.82689,45.14167],[-78.82201,45.13678],[-78.80834,45.1358],[-78.79272,45.1319],[-78.79076,45.12995],[-78.78393,45.12897],[-78.77904,45.12603],[-78.77709,45.12799],[-78.77514,45.12799],[-78.77318,45.12995],[-78.77123,45.12994],[-78.76928,45.1319],[-78.76732,45.1319],[-78.76537,45.13386],[-78.76342,45.13385],[-78.75072,45.14362],[-78.74779,45.14167],[-78.74096,45.14069],[-78.739,45.13874],[-78.73803,45.1358],[-78.73022,45.12995],[-78.72924,45.12604],[-78.72826,45.12019],[-78.72924,45.11725],[-78.73217,45.11335],[-78.73314,45.10749],[-78.7351,45.10553],[-78.7351,45.10065],[-78.73314,45.09577],[-78.73119,45.09479],[-78.72826,45.09089],[-78.72143,45.08991],[-78.71264,45.08991],[-78.70971,45.09283],[-78.71068,45.10944],[-78.70775,45.11335],[-78.69994,45.12018],[-78.69799,45.12018],[-78.69604,45.12214],[-78.69408,45.12213],[-78.69213,45.12408],[-78.6892,45.12409],[-78.68529,45.12701],[-78.67357,45.13092],[-78.66967,45.13093],[-78.66576,45.13385],[-78.65893,45.1358],[-78.656,45.13581],[-78.65307,45.13776],[-78.64525,45.13776],[-78.6433,45.13972],[-78.63646,45.14069],[-78.63451,45.14264],[-78.6306,45.14362],[-78.62572,45.14362],[-78.62376,45.14558],[-78.62083,45.14557],[-78.61888,45.14753],[-78.61595,45.14752],[-78.60911,45.15241],[-78.60716,45.1524],[-78.60521,45.15435],[-78.60228,45.15436],[-78.60032,45.15631],[-78.59642,45.15729],[-78.58275,45.15728],[-78.57982,45.15631],[-78.57591,45.15241],[-78.57689,45.14947],[-78.58568,45.14264],[-78.59349,45.14167],[-78.59739,45.13873],[-78.60032,45.13873],[-78.60228,45.13678],[-78.60228,45.13483],[-78.57493,45.13483],[-78.56224,45.13678],[-78.55931,45.13874],[-78.55638,45.13873],[-78.55247,45.14069],[-78.54954,45.14069],[-78.54043,45.13321],[-78.54173,45.1319],[-78.54271,45.12604],[-78.54466,45.12409],[-78.56712,45.12506],[-78.57103,45.12409],[-78.5847,45.11432],[-78.59251,45.11432],[-78.59642,45.11139],[-78.59837,45.10846],[-78.60032,45.10846],[-78.60325,45.10553],[-78.60423,45.1026],[-78.60911,45.09869],[-78.61107,45.09772],[-78.61497,45.09772],[-78.62572,45.0899],[-78.62572,45.08796],[-78.63354,45.08405],[-78.64037,45.07917],[-78.64037,45.07721],[-78.64232,45.07623],[-78.64428,45.07135],[-78.64623,45.0694],[-78.64623,45.06354],[-78.64135,45.06354],[-78.63744,45.06256],[-78.63549,45.0606],[-78.63256,45.06061],[-78.63061,45.05963],[-78.62768,45.05671],[-78.62083,45.05573],[-78.6179,45.05377],[-78.6013,45.04889],[-78.58665,45.04889],[-78.58177,45.05182],[-78.56907,45.06647],[-78.56907,45.06843],[-78.56517,45.07135],[-78.56322,45.07135],[-78.56126,45.07331],[-78.54954,45.07623],[-78.54661,45.07624],[-78.52318,45.08112],[-78.52025,45.08112],[-78.51634,45.08014],[-78.51243,45.07623],[-78.51146,45.07428],[-78.51146,45.06451],[-78.51243,45.06256],[-78.50755,45.05768],[-78.50462,45.05768],[-78.50267,45.05573],[-78.49974,45.05572],[-78.49583,45.0528],[-78.48509,45.04987],[-78.48314,45.04792],[-78.48021,45.04792],[-78.47239,45.04596],[-78.4597,45.04401],[-78.45775,45.04596],[-78.45482,45.04596],[-78.45286,45.04791],[-78.45091,45.04791],[-78.44309,45.05475],[-78.43821,45.05768],[-78.43333,45.05768],[-78.42943,45.05671],[-78.42649,45.0528],[-78.42454,45.04694],[-78.42258,45.04499],[-78.41347,45.04466],[-78.40533,45.03847],[-78.40207,45.03815],[-78.3845,45.03229],[-78.37278,45.0274],[-78.36204,45.02546],[-78.35618,45.02545],[-78.35422,45.02643],[-78.35129,45.03033],[-78.34934,45.03132],[-78.34739,45.03131],[-78.34446,45.03424],[-78.33762,45.0362],[-78.32493,45.03619],[-78.31809,45.03424],[-78.31614,45.03229],[-78.31418,45.03229],[-78.30637,45.02838],[-78.29661,45.01959],[-78.28879,45.01765],[-78.28196,45.01276],[-78.27903,45.01276],[-78.2761,45.00885],[-78.26829,45.00299],[-78.26731,45.00104],[-78.26145,44.99811],[-78.25852,44.99518],[-78.25852,44.99225],[-78.25754,44.99128],[-78.25754,44.98444],[-78.2595,44.98053],[-78.2595,44.97272],[-78.24875,44.97145],[-78.2468,44.97272],[-78.24387,44.97272],[-78.24289,44.9737],[-78.23899,44.97369],[-78.23411,44.9776],[-78.23313,44.9776],[-78.23215,44.98054],[-78.22922,44.98248],[-78.22825,44.98639],[-78.22336,44.99323],[-78.22141,45.00007],[-78.21067,45.00983],[-78.20871,45.0108],[-78.20676,45.01081],[-78.20579,45.01276],[-78.19797,45.01862],[-78.19797,45.02154],[-78.19309,45.02057],[-78.18625,45.01471],[-78.17454,45.01569],[-78.15207,45.01569],[-78.1511,45.01764],[-78.14719,45.01764],[-78.14524,45.0196],[-78.14231,45.02056],[-78.1384,45.02154],[-78.13352,45.02154],[-78.13157,45.02447],[-78.12571,45.02448],[-78.12375,45.02643],[-78.12082,45.02643],[-78.11789,45.02838],[-78.11594,45.0274],[-78.11106,45.03132],[-78.10911,45.03132],[-78.10227,45.03619],[-78.09934,45.03619],[-78.09739,45.03815],[-78.0886,45.0401],[-78.07101,45.0401],[-78.06418,45.04108],[-78.06222,45.04303],[-78.05929,45.04304],[-78.05734,45.04499],[-78.05343,45.04499],[-78.04953,45.04694],[-78.04757,45.04694],[-78.04562,45.04792],[-78.04464,45.04987],[-78.03683,45.04889],[-78.02902,45.04694],[-78.02218,45.04205],[-78.01925,45.04206],[-78.0173,45.04011],[-78.01437,45.0401],[-78.01242,45.03815],[-78.00949,45.03815],[-78.00754,45.03717],[-77.99973,45.0362],[-77.99973,45.03898],[-77.99531,45.03674],[-77.98131,45.03727],[-77.97291,45.0402],[-77.96896,45.04279],[-77.96928,45.04865],[-77.9628,45.05118],[-77.96386,45.05526],[-77.97308,45.0609],[-77.97172,45.06267],[-77.96916,45.06305],[-77.9642,45.06067],[-77.95849,45.06052],[-77.93718,45.05545],[-77.92954,45.05569],[-77.9301,45.05706],[-77.93379,45.0594],[-77.93731,45.0649],[-77.94158,45.06816],[-77.94693,45.07506],[-77.94537,45.08042],[-77.94396,45.08308],[-77.92992,45.08191],[-77.92593,45.08755],[-77.92489,45.09518],[-77.92289,45.09692],[-77.92276,45.09917],[-77.91417,45.10524],[-77.91244,45.11374],[-77.90288,45.11438],[-77.89909,45.11383],[-77.8975,45.11964],[-77.88986,45.11988],[-77.87321,45.12212],[-77.86931,45.12382],[-77.8686,45.12515],[-77.86962,45.12968],[-77.87517,45.13298],[-77.87455,45.14422],[-77.87738,45.15059],[-77.89971,45.1494],[-77.90027,45.15077],[-77.90215,45.15127],[-77.902,45.15397],[-77.89939,45.15524],[-77.89799,45.15745],[-77.8978,45.16105],[-77.90914,45.16316],[-77.9063,45.16848],[-77.90858,45.1735],[-77.90523,45.17656],[-77.89441,45.17671],[-77.89235,45.16766],[-77.88473,45.16745],[-77.88353,45.16606],[-77.88378,45.16157],[-77.87762,45.1578],[-77.87254,45.15766],[-77.86524,45.15161],[-77.85782,45.1478],[-77.85796,45.14511],[-77.86192,45.14252],[-77.86078,45.14023],[-77.86161,45.13666],[-77.85797,45.13341],[-77.85643,45.12662],[-77.83981,45.12841],[-77.83336,45.13003],[-77.82933,45.13396],[-77.8272,45.13796],[-77.82405,45.13742],[-77.82161,45.13555],[-77.81623,45.1408],[-77.80113,45.13768],[-77.79502,45.14471],[-77.79492,45.1465],[-77.78984,45.14637],[-77.7856,45.1539],[-77.78148,45.15918],[-77.77818,45.16134],[-77.77808,45.16313],[-77.7717,45.16341],[-77.77188,45.16026],[-77.76491,45.15961],[-77.76288,45.16181],[-77.7596,45.16351],[-77.75945,45.16621],[-77.75744,45.16795],[-77.75599,45.17107],[-77.75216,45.17141],[-77.75244,45.17771],[-77.74405,45.17973],[-77.74024,45.17961],[-77.73368,45.18303],[-77.73472,45.18711],[-77.74107,45.18729],[-77.74473,45.1901],[-77.74463,45.19189],[-77.74,45.19491],[-77.73743,45.19529],[-77.73542,45.19703],[-77.73649,45.20067],[-77.74904,45.20373],[-77.74754,45.20773],[-77.73547,45.20738],[-77.7286,45.20494],[-77.72558,45.20215],[-77.72011,45.20874],[-77.71856,45.22446],[-77.72474,45.22778],[-77.72461,45.23003],[-77.71673,45.2343],[-77.71154,45.23596],[-77.70997,45.24086],[-77.71183,45.24181],[-77.71234,45.24408],[-77.71788,45.24739],[-77.719,45.25012],[-77.72216,45.25066],[-77.72455,45.25344],[-77.73019,45.25494],[-77.73528,45.25509],[-77.73918,45.25385],[-77.74913,45.24693],[-77.75432,45.24528],[-77.76198,45.24504],[-77.766,45.24156],[-77.76674,45.22853],[-77.76809,45.22722],[-77.77061,45.22774],[-77.77427,45.23054],[-77.77862,45.23247],[-77.79208,45.2423],[-77.79435,45.24731],[-77.79918,45.25195],[-77.808,45.26524],[-77.80915,45.26753],[-77.80703,45.27107],[-77.80749,45.27424],[-77.80864,45.27652],[-77.81231,45.27932],[-77.81664,45.28169],[-77.82173,45.28183],[-77.82405,45.28595],[-77.82866,45.28337],[-77.83003,45.28161],[-77.83091,45.27714],[-77.8365,45.27999],[-77.86474,45.28797],[-77.86709,45.29164],[-77.86792,45.29977],[-77.87071,45.30704],[-77.87426,45.31209],[-77.87964,45.33025],[-77.88132,45.34603],[-77.88166,45.36316],[-77.8759,45.36344],[-77.86231,45.36668],[-77.85841,45.36792],[-77.8551,45.37007],[-77.84616,45.38153],[-77.83017,45.39324],[-77.82944,45.39502],[-77.8261,45.39763],[-77.82248,45.40518],[-77.82279,45.41103]]]}},{"type":"Feature","properties":{"OGF_ID":67490667,"ECODISTRICT_NAME":"Thessalon"},"geometry":{"type":"Polygon","coordinates":[[[-83.89056,46.66412],[-83.89056,46.67096],[-83.88079,46.67389],[-83.87786,46.6739],[-83.88079,46.67585],[-83.88079,46.67878],[-83.88708,46.68352],[-83.89446,46.67878],[-83.90228,46.6778],[-83.92571,46.67683],[-83.92864,46.67585],[-83.93157,46.67292],[-83.9345,46.67292],[-83.93743,46.67096],[-83.94036,46.67096],[-83.9433,46.66804],[-83.95111,46.66412],[-83.96283,46.66511],[-83.96576,46.66706],[-83.97162,46.66706],[-83.97357,46.6612],[-83.97552,46.65924],[-83.97454,46.65729],[-83.9765,46.65534],[-83.9765,46.65241],[-83.9804,46.64948],[-83.99213,46.64753],[-83.99506,46.6446],[-83.99994,46.6446],[-83.99994,46.6407],[-84.00385,46.6407],[-84.0058,46.64264],[-84.00971,46.6446],[-84.01264,46.64459],[-84.01459,46.64655],[-84.01752,46.64655],[-84.02338,46.63971],[-84.02631,46.63971],[-84.03119,46.63386],[-84.03607,46.6319],[-84.04291,46.63092],[-84.04389,46.62799],[-84.04975,46.62507],[-84.05268,46.62507],[-84.05561,46.62409],[-84.05951,46.62018],[-84.06049,46.6153],[-84.06342,46.61139],[-84.07221,46.60846],[-84.0976,46.60846],[-84.10248,46.60456],[-84.10248,46.60163],[-84.10639,46.59968],[-84.10932,46.59675],[-84.11713,46.59577],[-84.12689,46.59577],[-84.13471,46.60163],[-84.14154,46.60358],[-84.13666,46.61042],[-84.13666,46.6192],[-84.13861,46.62116],[-84.1435,46.61921],[-84.14545,46.61725],[-84.15912,46.61725],[-84.16596,46.6153],[-84.16303,46.61139],[-84.16107,46.60163],[-84.16596,46.59674],[-84.16889,46.59577],[-84.19233,46.59577],[-84.20307,46.59382],[-84.20698,46.59381],[-84.21284,46.59186],[-84.22358,46.58307],[-84.22456,46.58112],[-84.22749,46.58112],[-84.23139,46.57819],[-84.2353,46.58014],[-84.24409,46.58112],[-84.24604,46.58307],[-84.24897,46.58307],[-84.25776,46.58893],[-84.26069,46.58893],[-84.26264,46.59088],[-84.26557,46.59088],[-84.27925,46.5987],[-84.28218,46.5987],[-84.28413,46.59968],[-84.28999,46.60455],[-84.29096,46.61041],[-84.28804,46.61433],[-84.28315,46.61432],[-84.2812,46.61823],[-84.28315,46.62214],[-84.28804,46.62213],[-84.28999,46.62018],[-84.29194,46.62116],[-84.29975,46.62115],[-84.30268,46.62311],[-84.31343,46.62019],[-84.32514,46.61823],[-84.33686,46.61725],[-84.33979,46.61628],[-84.33882,46.61334],[-84.33296,46.60944],[-84.33589,46.60651],[-84.34272,46.60749],[-84.34663,46.61042],[-84.35346,46.61042],[-84.35639,46.60944],[-84.36421,46.60163],[-84.37104,46.60163],[-84.37789,46.59968],[-84.38179,46.59381],[-84.39351,46.586],[-84.39742,46.586],[-84.39937,46.58405],[-84.40328,46.58405],[-84.41109,46.5821],[-84.41597,46.5821],[-84.44039,46.57819],[-84.44429,46.57722],[-84.44722,46.57527],[-84.45015,46.57526],[-84.45211,46.5733],[-84.46187,46.57233],[-84.4648,46.5694],[-84.46773,46.5694],[-84.47066,46.56647],[-84.4775,46.56647],[-84.4814,46.5655],[-84.48726,46.56159],[-84.48921,46.55866],[-84.52632,46.5567],[-84.53316,46.55476],[-84.53804,46.55085],[-84.54,46.55182],[-84.56636,46.54889],[-84.57907,46.54889],[-84.58297,46.54986],[-84.58786,46.5489],[-84.59818,46.54889],[-84.62543,46.55161],[-84.66161,46.54924],[-84.55684,46.46081],[-84.47564,46.45287],[-84.44523,46.48909],[-84.42114,46.50059],[-84.39553,46.49862],[-84.37414,46.50918],[-84.34189,46.50751],[-84.32517,46.49984],[-84.29376,46.4929],[-84.27626,46.49295],[-84.26548,46.49443],[-84.25481,46.50081],[-84.22589,46.53406],[-84.19367,46.54023],[-84.1777,46.52709],[-84.16681,46.52631],[-84.15367,46.52829],[-84.14684,46.53104],[-84.13948,46.53245],[-84.12901,46.53051],[-84.12334,46.52109],[-84.1182,46.51795],[-84.11114,46.50423],[-84.14606,46.41879],[-84.13901,46.37245],[-84.12009,46.33837],[-84.10595,46.32198],[-84.09143,46.32114],[-84.08385,46.31759],[-84.07415,46.31618],[-84.07039,46.31278],[-84.06388,46.30803],[-83.99602,46.31392],[-83.98899,46.31202],[-83.98568,46.31275],[-83.9739,46.30988],[-83.9666,46.30508],[-83.95814,46.29727],[-83.9514,46.29304],[-83.94892,46.29293],[-83.94592,46.29063],[-83.94113,46.29234],[-83.93531,46.29724],[-83.93094,46.29898],[-83.92162,46.29867],[-83.91069,46.29619],[-83.8474,46.27782],[-83.82328,46.27383],[-83.76195,46.24144],[-83.74406,46.22134],[-83.70588,46.17099],[-83.6636,46.14406],[-83.34886,46.08254],[-83.00063,46.05774],[-82.84637,46.07248],[-82.86474,46.10693],[-82.86764,46.12436],[-82.86516,46.14261],[-82.85788,46.15996],[-82.84417,46.1683],[-82.83255,46.16847],[-82.80423,46.17409],[-82.77972,46.1814],[-82.75056,46.18659],[-82.74445,46.18902],[-82.74336,46.19213],[-82.7118,46.20026],[-82.7118,46.20613],[-82.71375,46.21003],[-82.71668,46.21198],[-82.71961,46.21589],[-82.71961,46.21784],[-82.71571,46.22175],[-82.71571,46.22664],[-82.71864,46.23054],[-82.72352,46.23444],[-82.72645,46.23347],[-82.73133,46.23737],[-82.74012,46.23835],[-82.74207,46.2403],[-82.74696,46.24225],[-82.75379,46.24811],[-82.75478,46.25007],[-82.7665,46.25886],[-82.77138,46.25886],[-82.77431,46.26178],[-82.77724,46.26179],[-82.78603,46.26668],[-82.787,46.26862],[-82.79091,46.27155],[-82.79189,46.27449],[-82.79189,46.27937],[-82.78505,46.28522],[-82.78212,46.28523],[-82.78017,46.28718],[-82.77529,46.28914],[-82.76161,46.29889],[-82.73719,46.30476],[-82.71571,46.31159],[-82.70887,46.31648],[-82.69813,46.32625],[-82.69325,46.32819],[-82.69129,46.33015],[-82.69227,46.3321],[-82.69911,46.33698],[-82.70204,46.33796],[-82.70692,46.33796],[-82.70887,46.33893],[-82.71082,46.34187],[-82.71766,46.34675],[-82.72157,46.34773],[-82.72645,46.34772],[-82.73036,46.34675],[-82.73231,46.3448],[-82.73426,46.34772],[-82.74403,46.35358],[-82.74598,46.35652],[-82.74598,46.36042],[-82.74403,46.36237],[-82.73231,46.36628],[-82.72352,46.36726],[-82.71082,46.36726],[-82.68641,46.36627],[-82.66395,46.36237],[-82.64149,46.36042],[-82.63758,46.35944],[-82.63661,46.36335],[-82.62879,46.36726],[-82.62684,46.36921],[-82.62391,46.36921],[-82.61805,46.37409],[-82.61121,46.38289],[-82.61121,46.38484],[-82.60633,46.38874],[-82.60633,46.3907],[-82.60926,46.39362],[-82.62,46.39558],[-82.63661,46.40046],[-82.63954,46.39948],[-82.64149,46.40144],[-82.64637,46.40339],[-82.65028,46.40632],[-82.66102,46.41901],[-82.662,46.42097],[-82.66102,46.42292],[-82.66395,46.42195],[-82.6659,46.4239],[-82.67079,46.42487],[-82.68543,46.42487],[-82.69129,46.4239],[-82.7284,46.4239],[-82.73036,46.42487],[-82.73719,46.42487],[-82.7411,46.42683],[-82.74598,46.43268],[-82.75282,46.43757],[-82.76551,46.4444],[-82.76844,46.44538],[-82.77138,46.44538],[-82.77333,46.44635],[-82.78017,46.44538],[-82.78505,46.44343],[-82.78407,46.43952],[-82.78212,46.43757],[-82.77918,46.43757],[-82.77724,46.43561],[-82.7831,46.43073],[-82.79775,46.43269],[-82.81239,46.43171],[-82.82802,46.43269],[-82.83779,46.4405],[-82.8456,46.45221],[-82.85243,46.45612],[-82.86513,46.45612],[-82.88857,46.45807],[-82.90517,46.46882],[-82.9081,46.47175],[-82.91493,46.4737],[-82.93251,46.4737],[-82.94032,46.47565],[-82.94325,46.47761],[-82.94716,46.47858],[-82.95497,46.48249],[-82.9579,46.48053],[-82.97353,46.47956],[-82.98525,46.47761],[-82.99208,46.47565],[-82.99989,46.47468],[-83.00381,46.4737],[-83.00771,46.47077],[-83.02041,46.46882],[-83.03311,46.45904],[-83.03896,46.45612],[-83.04092,46.45417],[-83.04385,46.45807],[-83.04482,46.46686],[-83.04678,46.46882],[-83.05166,46.46979],[-83.05947,46.46979],[-83.06436,46.46882],[-83.06631,46.46687],[-83.06924,46.46784],[-83.07021,46.46491],[-83.07314,46.46296],[-83.09756,46.46003],[-83.09756,46.46198],[-83.09561,46.46393],[-83.09658,46.4737],[-83.09463,46.47565],[-83.09561,46.47761],[-83.09561,46.48248],[-83.09365,46.48444],[-83.09463,46.48933],[-83.09268,46.49128],[-83.09365,46.49909],[-83.0917,46.50105],[-83.09365,46.50495],[-83.09072,46.50495],[-83.09072,46.5069],[-83.08779,46.50983],[-83.08486,46.51178],[-83.08193,46.51276],[-83.079,46.51277],[-83.07021,46.5196],[-83.07021,46.52936],[-83.07119,46.53131],[-83.06924,46.53327],[-83.06631,46.54108],[-83.06338,46.54499],[-83.06045,46.54694],[-83.05947,46.54987],[-83.05361,46.55768],[-83.04189,46.56843],[-83.03799,46.57136],[-83.03018,46.57331],[-83.02432,46.57331],[-83.01455,46.57526],[-83.00967,46.57526],[-83.00674,46.57721],[-83.00283,46.57819],[-82.99892,46.58112],[-82.99599,46.58502],[-82.99501,46.58893],[-82.99501,46.59382],[-82.99794,46.59772],[-83.00479,46.59772],[-83.00771,46.59577],[-83.01064,46.59577],[-83.0165,46.59382],[-83.01846,46.59186],[-83.02236,46.59089],[-83.03115,46.58405],[-83.03408,46.58405],[-83.03408,46.58209],[-83.03896,46.57819],[-83.04189,46.57819],[-83.04678,46.57428],[-83.04971,46.57428],[-83.05166,46.57234],[-83.05557,46.57233],[-83.0624,46.56744],[-83.06533,46.56744],[-83.06729,46.56647],[-83.07021,46.56354],[-83.07021,46.56159],[-83.07217,46.55964],[-83.07314,46.55085],[-83.07607,46.54694],[-83.08682,46.54694],[-83.10049,46.54499],[-83.11318,46.54694],[-83.12002,46.54694],[-83.121,46.54889],[-83.12393,46.54889],[-83.13271,46.55475],[-83.13369,46.5567],[-83.14443,46.5655],[-83.14834,46.56646],[-83.16201,46.56647],[-83.16885,46.56745],[-83.1708,46.5694],[-83.17471,46.57135],[-83.17568,46.57721],[-83.1835,46.58308],[-83.18643,46.58307],[-83.19424,46.58112],[-83.19912,46.5821],[-83.204,46.5821],[-83.20791,46.58112],[-83.20987,46.57916],[-83.21378,46.57721],[-83.21573,46.57818],[-83.21964,46.57526],[-83.2294,46.57526],[-83.24014,46.58405],[-83.24014,46.59284],[-83.24307,46.59381],[-83.246,46.59381],[-83.24796,46.59284],[-83.24991,46.59381],[-83.25479,46.59967],[-83.26261,46.60163],[-83.28604,46.60162],[-83.29288,46.60651],[-83.29776,46.61237],[-83.30069,46.61237],[-83.3046,46.6153],[-83.30753,46.6153],[-83.30948,46.61725],[-83.31436,46.61725],[-83.31729,46.61921],[-83.32315,46.62018],[-83.33292,46.62018],[-83.3378,46.61725],[-83.34464,46.61627],[-83.36124,46.61628],[-83.3671,46.61726],[-83.37784,46.61725],[-83.40031,46.61334],[-83.41104,46.61335],[-83.41496,46.6153],[-83.41789,46.61921],[-83.41789,46.62214],[-83.42179,46.62507],[-83.42863,46.62507],[-83.43937,46.62214],[-83.4423,46.61921],[-83.44523,46.61921],[-83.45011,46.6153],[-83.45304,46.61432],[-83.45402,46.60651],[-83.44816,46.60065],[-83.44816,46.59381],[-83.45011,46.58893],[-83.45402,46.586],[-83.45695,46.586],[-83.45988,46.58405],[-83.46379,46.58307],[-83.46964,46.57819],[-83.46769,46.57526],[-83.46476,46.5733],[-83.46476,46.57136],[-83.46671,46.5694],[-83.46964,46.57038],[-83.47843,46.57037],[-83.48625,46.56452],[-83.48625,46.56257],[-83.49015,46.55768],[-83.49113,46.54108],[-83.49406,46.53816],[-83.50089,46.5362],[-83.51652,46.5362],[-83.51945,46.53522],[-83.5214,46.52741],[-83.52531,46.52448],[-83.53019,46.52155],[-83.53312,46.52154],[-83.54875,46.51764],[-83.55851,46.51667],[-83.56144,46.5196],[-83.56535,46.5196],[-83.57316,46.51764],[-83.57707,46.5196],[-83.57804,46.52155],[-83.58782,46.52937],[-83.59074,46.52838],[-83.59367,46.53034],[-83.59661,46.53034],[-83.59856,46.53229],[-83.60832,46.53522],[-83.61614,46.53523],[-83.6259,46.54303],[-83.6259,46.54499],[-83.62883,46.54889],[-83.63079,46.55475],[-83.63567,46.55476],[-83.6386,46.55377],[-83.64739,46.5528],[-83.65422,46.55768],[-83.6552,46.56061],[-83.66106,46.56354],[-83.66301,46.56257],[-83.66594,46.55866],[-83.68645,46.55768],[-83.69036,46.55963],[-83.69719,46.5694],[-83.70012,46.57135],[-83.70207,46.57819],[-83.70403,46.58014],[-83.71477,46.58014],[-83.71965,46.57623],[-83.72161,46.57038],[-83.71868,46.57038],[-83.71184,46.5655],[-83.70891,46.5655],[-83.70696,46.55475],[-83.70793,46.5528],[-83.7177,46.54499],[-83.72161,46.544],[-83.74211,46.54499],[-83.74407,46.54401],[-83.74504,46.54108],[-83.74407,46.52447],[-83.74016,46.52155],[-83.73918,46.51959],[-83.73235,46.51569],[-83.72454,46.50983],[-83.72551,46.50495],[-83.73137,46.50202],[-83.73528,46.50104],[-83.73723,46.49909],[-83.74016,46.49908],[-83.74211,46.49714],[-83.74504,46.49713],[-83.74993,46.49323],[-83.75383,46.49128],[-83.76361,46.4903],[-83.76556,46.49225],[-83.76849,46.49323],[-83.77532,46.49323],[-83.7763,46.50006],[-83.77923,46.5069],[-83.78607,46.51178],[-83.80169,46.51374],[-83.80657,46.5157],[-83.80853,46.51764],[-83.80853,46.51959],[-83.81243,46.52253],[-83.81536,46.52252],[-83.82122,46.52545],[-83.82415,46.53034],[-83.82415,46.53522],[-83.82513,46.53717],[-83.82806,46.54108],[-83.84075,46.55084],[-83.84075,46.5528],[-83.85247,46.55866],[-83.85736,46.56257],[-83.86419,46.56354],[-83.87103,46.5655],[-83.87396,46.5655],[-83.87786,46.5694],[-83.87591,46.57135],[-83.87103,46.57233],[-83.86419,46.57233],[-83.85443,46.5694],[-83.83685,46.56745],[-83.82415,46.56842],[-83.82025,46.57331],[-83.82708,46.57721],[-83.83294,46.57721],[-83.83489,46.57819],[-83.83782,46.57721],[-83.86907,46.57819],[-83.87298,46.57916],[-83.8681,46.58796],[-83.86321,46.59284],[-83.84271,46.59479],[-83.84075,46.59675],[-83.83782,46.59773],[-83.83489,46.59772],[-83.83099,46.59967],[-83.82806,46.6026],[-83.82318,46.60456],[-83.82611,46.60846],[-83.8388,46.60846],[-83.84271,46.60749],[-83.84564,46.60554],[-83.8515,46.60359],[-83.86321,46.60455],[-83.872,46.60847],[-83.88665,46.62213],[-83.88665,46.62409],[-83.89739,46.63776],[-83.89739,46.64167],[-83.89935,46.64851],[-83.89837,46.65339],[-83.89251,46.66022],[-83.89056,46.66412]]]}},{"type":"Feature","properties":{"OGF_ID":67490668,"ECODISTRICT_NAME":"North Bay"},"geometry":{"type":"Polygon","coordinates":[[[-80.2576,46.46199],[-80.26932,46.46394],[-80.27029,46.47468],[-80.2742,46.47565],[-80.27713,46.47468],[-80.28983,46.47467],[-80.2908,46.47273],[-80.28885,46.47175],[-80.28494,46.46589],[-80.28494,46.46394],[-80.28689,46.46199],[-80.30545,46.46296],[-80.30839,46.46491],[-80.31132,46.46882],[-80.31326,46.46979],[-80.32206,46.47077],[-80.33573,46.46296],[-80.35429,46.46492],[-80.35624,46.46687],[-80.3787,46.4659],[-80.39237,46.4698],[-80.41776,46.4737],[-80.42069,46.4698],[-80.42069,46.46785],[-80.42264,46.46589],[-80.41972,46.46101],[-80.40018,46.46003],[-80.39139,46.45906],[-80.38847,46.45808],[-80.38749,46.45612],[-80.39628,46.45027],[-80.3953,46.44831],[-80.37382,46.44831],[-80.34452,46.45515],[-80.33866,46.45515],[-80.33671,46.4532],[-80.33768,46.45124],[-80.34061,46.45026],[-80.34843,46.44343],[-80.35233,46.44343],[-80.35917,46.43757],[-80.36503,46.43561],[-80.37675,46.43465],[-80.38065,46.43074],[-80.38065,46.4278],[-80.38456,46.42292],[-80.39335,46.4239],[-80.39823,46.4278],[-80.40507,46.4239],[-80.40995,46.42488],[-80.40897,46.42976],[-80.40604,46.43367],[-80.40702,46.43562],[-80.4119,46.43562],[-80.42069,46.4278],[-80.43632,46.42781],[-80.43632,46.43659],[-80.43925,46.43952],[-80.45293,46.43952],[-80.46074,46.43367],[-80.46269,46.43073],[-80.46464,46.42976],[-80.46464,46.42781],[-80.48515,46.42585],[-80.48711,46.4239],[-80.49004,46.4239],[-80.49199,46.42195],[-80.49492,46.42195],[-80.49785,46.41999],[-80.49687,46.41804],[-80.49394,46.41608],[-80.49394,46.41414],[-80.49199,46.41316],[-80.49101,46.40828],[-80.49199,46.40535],[-80.49394,46.4034],[-80.48711,46.39851],[-80.48711,46.39558],[-80.50175,46.39558],[-80.50468,46.39265],[-80.50566,46.38777],[-80.50761,46.38582],[-80.50859,46.37898],[-80.51054,46.37605],[-80.50957,46.37312],[-80.51152,46.37117],[-80.51347,46.36531],[-80.50761,46.36042],[-80.50175,46.35749],[-80.48906,46.35652],[-80.48222,46.3614],[-80.48125,46.36433],[-80.48125,46.37605],[-80.47832,46.37897],[-80.46953,46.37898],[-80.46464,46.37507],[-80.46268,46.36433],[-80.45975,46.36043],[-80.45975,46.35749],[-80.45683,46.35359],[-80.45586,46.3487],[-80.45293,46.34772],[-80.45195,46.3448],[-80.44218,46.33894],[-80.43827,46.33796],[-80.43632,46.33601],[-80.43339,46.33601],[-80.43143,46.33405],[-80.4285,46.33406],[-80.42264,46.3321],[-80.41581,46.33112],[-80.41386,46.32917],[-80.41093,46.32918],[-80.40897,46.32722],[-80.40409,46.32722],[-80.40116,46.32429],[-80.39432,46.32136],[-80.37675,46.32039],[-80.37675,46.32233],[-80.3787,46.32429],[-80.37772,46.32918],[-80.36503,46.3321],[-80.36112,46.3321],[-80.35722,46.33504],[-80.35624,46.33698],[-80.35038,46.3409],[-80.35038,46.34773],[-80.35429,46.35065],[-80.35917,46.35066],[-80.36503,46.34772],[-80.36698,46.3448],[-80.36991,46.3448],[-80.37284,46.34284],[-80.37772,46.34284],[-80.37577,46.35164],[-80.37675,46.35358],[-80.38749,46.35261],[-80.39139,46.35652],[-80.39237,46.36043],[-80.3953,46.36433],[-80.39432,46.36922],[-80.38456,46.36921],[-80.38163,46.37019],[-80.35917,46.37116],[-80.35038,46.37018],[-80.34647,46.36725],[-80.33964,46.36629],[-80.32499,46.36042],[-80.32304,46.35847],[-80.32011,46.35847],[-80.31718,46.3575],[-80.3162,46.35554],[-80.29764,46.35164],[-80.27616,46.34871],[-80.27421,46.34675],[-80.28006,46.33992],[-80.28104,46.33601],[-80.27811,46.33405],[-80.26346,46.33406],[-80.2615,46.33601],[-80.2576,46.33601],[-80.25564,46.33797],[-80.24881,46.33992],[-80.241,46.34089],[-80.23123,46.3409],[-80.22635,46.33796],[-80.22342,46.33796],[-80.22147,46.33601],[-80.2117,46.3321],[-80.20486,46.32722],[-80.20877,46.32429],[-80.21463,46.32429],[-80.21756,46.32331],[-80.22635,46.32526],[-80.22928,46.32527],[-80.23123,46.32722],[-80.23807,46.32917],[-80.24783,46.3282],[-80.26248,46.32526],[-80.27128,46.32429],[-80.28202,46.32429],[-80.28495,46.32624],[-80.2869,46.32917],[-80.29081,46.3321],[-80.29374,46.33308],[-80.30155,46.32917],[-80.30155,46.32429],[-80.29764,46.32039],[-80.29569,46.31647],[-80.30057,46.31354],[-80.30057,46.31159],[-80.29667,46.30867],[-80.29569,46.30671],[-80.29276,46.30476],[-80.29276,46.3028],[-80.28983,46.30085],[-80.28886,46.29402],[-80.29179,46.29108],[-80.30936,46.29206],[-80.30839,46.29011],[-80.32987,46.27644],[-80.33085,46.27449],[-80.3328,46.27351],[-80.33378,46.26765],[-80.3328,46.26472],[-80.32889,46.26081],[-80.32889,46.25886],[-80.32499,46.25398],[-80.32304,46.24714],[-80.32108,46.24519],[-80.31913,46.23444],[-80.31522,46.22858],[-80.31718,46.22663],[-80.32597,46.22273],[-80.34452,46.22077],[-80.35331,46.21882],[-80.35819,46.21882],[-80.36014,46.21785],[-80.36014,46.21589],[-80.35819,46.21394],[-80.35819,46.20808],[-80.36796,46.20808],[-80.37089,46.20417],[-80.37089,46.19929],[-80.36796,46.19539],[-80.36796,46.19343],[-80.36307,46.18855],[-80.36307,46.18562],[-80.36112,46.18366],[-80.36112,46.17976],[-80.36307,46.1778],[-80.36405,46.1739],[-80.36698,46.17292],[-80.36893,46.17096],[-80.37186,46.17097],[-80.38163,46.16511],[-80.38261,46.16023],[-80.38749,46.15437],[-80.39139,46.15241],[-80.40018,46.15339],[-80.40507,46.1573],[-80.40995,46.15827],[-80.41679,46.16316],[-80.41972,46.16316],[-80.42167,46.16511],[-80.43925,46.16999],[-80.44511,46.16999],[-80.44804,46.17195],[-80.45389,46.16804],[-80.45682,46.16805],[-80.45878,46.16608],[-80.46757,46.16609],[-80.4705,46.16707],[-80.47733,46.17195],[-80.48417,46.17194],[-80.48807,46.16706],[-80.48417,46.16121],[-80.48026,46.15827],[-80.48222,46.15632],[-80.48417,46.15535],[-80.50272,46.15436],[-80.50565,46.15339],[-80.51347,46.14655],[-80.51347,46.1446],[-80.50761,46.14167],[-80.49979,46.13971],[-80.49784,46.13776],[-80.49784,46.12801],[-80.49882,46.12605],[-80.50272,46.12312],[-80.50566,46.12214],[-80.50858,46.12214],[-80.51152,46.12409],[-80.5164,46.12409],[-80.51836,46.12604],[-80.53007,46.12605],[-80.53984,46.12702],[-80.54179,46.12898],[-80.55742,46.13191],[-80.56132,46.12703],[-80.57011,46.12214],[-80.58574,46.12214],[-80.58867,46.12507],[-80.58867,46.1319],[-80.59062,46.13385],[-80.59453,46.13289],[-80.60332,46.12898],[-80.61113,46.128],[-80.61797,46.13386],[-80.62089,46.13483],[-80.62089,46.13679],[-80.62285,46.13971],[-80.62968,46.14558],[-80.63652,46.14167],[-80.63652,46.13776],[-80.63261,46.13483],[-80.63261,46.13289],[-80.63554,46.12995],[-80.63847,46.12995],[-80.6414,46.128],[-80.6414,46.11823],[-80.63164,46.11725],[-80.62773,46.11335],[-80.6248,46.10847],[-80.62285,46.10749],[-80.62285,46.10553],[-80.6082,46.09577],[-80.60429,46.08991],[-80.60429,46.08796],[-80.60722,46.086],[-80.61113,46.08601],[-80.61308,46.08405],[-80.61601,46.08405],[-80.61992,46.07917],[-80.61992,46.07038],[-80.61894,46.06647],[-80.61601,46.06648],[-80.61015,46.06159],[-80.60527,46.05964],[-80.60234,46.05671],[-80.59648,46.05476],[-80.58964,46.05085],[-80.58379,46.04987],[-80.58086,46.0528],[-80.5789,46.05671],[-80.575,46.05378],[-80.57207,46.05377],[-80.56132,46.04694],[-80.56132,46.04498],[-80.55937,46.04401],[-80.55644,46.03717],[-80.55058,46.03327],[-80.54179,46.03327],[-80.53463,46.03237],[-80.52724,46.04596],[-80.51445,46.04694],[-80.49198,46.04695],[-80.48612,46.04401],[-80.48319,46.04694],[-80.46561,46.04792],[-80.45194,46.05085],[-80.44022,46.05183],[-80.42753,46.05183],[-80.40507,46.04988],[-80.39139,46.05769],[-80.38651,46.0616],[-80.38358,46.0616],[-80.36796,46.07136],[-80.35722,46.07331],[-80.35429,46.07332],[-80.3494,46.07038],[-80.33866,46.06061],[-80.33182,46.05964],[-80.31815,46.05964],[-80.31425,46.06257],[-80.31327,46.0743],[-80.30546,46.07429],[-80.29862,46.07331],[-80.29178,46.07917],[-80.28787,46.07917],[-80.28495,46.07624],[-80.28397,46.06452],[-80.28104,46.0616],[-80.25955,46.06062],[-80.24588,46.07038],[-80.24588,46.07234],[-80.23611,46.08015],[-80.22635,46.08015],[-80.21658,46.07917],[-80.21463,46.07722],[-80.22147,46.06745],[-80.22244,46.06452],[-80.21951,46.06159],[-80.21951,46.05671],[-80.23318,46.05671],[-80.24393,46.05476],[-80.25174,46.0528],[-80.25369,46.05085],[-80.25662,46.05085],[-80.26248,46.0489],[-80.26443,46.04694],[-80.27322,46.04597],[-80.27616,46.04304],[-80.27908,46.04304],[-80.28006,46.04108],[-80.28202,46.04011],[-80.28593,46.04011],[-80.28689,46.03815],[-80.29862,46.03034],[-80.31132,46.0196],[-80.3162,46.01277],[-80.3162,46.00983],[-80.32011,46.00398],[-80.31425,45.99812],[-80.30839,45.99421],[-80.30839,45.99226],[-80.30448,45.98738],[-80.30448,45.98152],[-80.30643,45.97956],[-80.30643,45.97761],[-80.31327,45.97175],[-80.31327,45.9698],[-80.31718,45.96491],[-80.31814,45.95808],[-80.3201,45.95612],[-80.32107,45.95124],[-80.324,45.94831],[-80.32693,45.94831],[-80.32889,45.94635],[-80.33182,45.94636],[-80.33377,45.9444],[-80.33963,45.9444],[-80.34256,45.94245],[-80.33865,45.93952],[-80.33572,45.93952],[-80.33377,45.93855],[-80.33182,45.93659],[-80.33182,45.93366],[-80.3367,45.9278],[-80.34451,45.92194],[-80.34549,45.91705],[-80.34354,45.91511],[-80.34354,45.91315],[-80.33963,45.90924],[-80.33963,45.90729],[-80.33475,45.90338],[-80.33475,45.90143],[-80.33279,45.90045],[-80.33182,45.89752],[-80.32986,45.89557],[-80.32303,45.89557],[-80.31912,45.89459],[-80.31717,45.89264],[-80.31424,45.89264],[-80.31229,45.89069],[-80.31033,45.88776],[-80.31033,45.87506],[-80.30935,45.87311],[-80.28103,45.87115],[-80.26931,45.86823],[-80.25954,45.86725],[-80.25661,45.86823],[-80.25173,45.87213],[-80.25173,45.87408],[-80.24978,45.87506],[-80.24782,45.88288],[-80.20779,45.8819],[-80.20486,45.88385],[-80.19607,45.88483],[-80.19411,45.88678],[-80.19118,45.88678],[-80.18825,45.88873],[-80.18337,45.88874],[-80.18044,45.88971],[-80.13454,45.88971],[-80.13064,45.88873],[-80.12966,45.89655],[-80.12771,45.8985],[-80.12771,45.90241],[-80.11989,45.90436],[-80.11697,45.90437],[-80.11501,45.90632],[-80.11208,45.90631],[-80.10915,45.90827],[-80.09743,45.91022],[-80.08181,45.91413],[-80.05837,45.91706],[-80.04372,45.91804],[-80.04079,45.91901],[-80.03103,45.91706],[-80.02907,45.91608],[-80.02907,45.90632],[-80.0281,45.90339],[-80.03005,45.89459],[-80.0281,45.89264],[-80.0193,45.89265],[-80.0154,45.89166],[-80.00954,45.88776],[-80.00856,45.88483],[-80.00563,45.88385],[-79.99977,45.87897],[-79.99684,45.87897],[-79.99489,45.87702],[-79.98024,45.87799],[-79.95779,45.88386],[-79.94607,45.88581],[-79.93337,45.88679],[-79.92165,45.88874],[-79.91091,45.88874],[-79.9031,45.88776],[-79.90114,45.88874],[-79.89919,45.89167],[-79.88943,45.89753],[-79.8865,45.89753],[-79.87868,45.90339],[-79.87184,45.9073],[-79.86501,45.90828],[-79.86305,45.91023],[-79.85915,45.91023],[-79.85622,45.91218],[-79.83668,45.91706],[-79.83083,45.91706],[-79.81325,45.92097],[-79.79957,45.92194],[-79.79957,45.92683],[-79.79664,45.92877],[-79.79664,45.93073],[-79.79469,45.93269],[-79.77614,45.93562],[-79.75465,45.93464],[-79.74684,45.93562],[-79.74293,45.93854],[-79.74196,45.94245],[-79.74391,45.94441],[-79.76344,45.94734],[-79.76539,45.94831],[-79.76539,45.95124],[-79.76344,45.95417],[-79.75661,45.95808],[-79.74586,45.96687],[-79.74196,45.96687],[-79.73122,45.9737],[-79.72926,45.97272],[-79.72633,45.97272],[-79.72243,45.97077],[-79.71559,45.97565],[-79.7068,45.98054],[-79.70485,45.98249],[-79.70289,45.99128],[-79.69215,45.99909],[-79.68336,46.003],[-79.68141,46.00495],[-79.66774,46.00495],[-79.66187,46.003],[-79.65602,45.99909],[-79.65211,45.99812],[-79.64918,45.99519],[-79.64625,45.99519],[-79.64039,45.99323],[-79.6316,45.98737],[-79.63161,45.97956],[-79.64136,45.97273],[-79.64332,45.9698],[-79.6482,45.96589],[-79.64918,45.96394],[-79.64723,45.96101],[-79.63649,45.96003],[-79.63453,45.96101],[-79.63258,45.96394],[-79.62769,45.96784],[-79.62086,45.96785],[-79.61695,45.96491],[-79.61695,45.9571],[-79.58472,45.9571],[-79.57593,45.95808],[-79.57105,45.96101],[-79.57007,45.96394],[-79.573,45.96492],[-79.59156,45.96491],[-79.59156,45.96686],[-79.5857,45.97175],[-79.573,45.97174],[-79.5691,45.97077],[-79.56519,45.97371],[-79.56714,45.98152],[-79.57398,45.98738],[-79.57496,45.9903],[-79.57496,45.99617],[-79.57203,45.99812],[-79.57203,46.00007],[-79.56519,46.00495],[-79.56031,46.01374],[-79.55445,46.01472],[-79.52711,46.01472],[-79.52515,46.01569],[-79.52125,46.01569],[-79.51929,46.01765],[-79.51246,46.0196],[-79.50757,46.02351],[-79.50367,46.02448],[-79.49879,46.02448],[-79.49683,46.01764],[-79.49293,46.01472],[-79.47827,46.01667],[-79.47535,46.01862],[-79.46851,46.01863],[-79.46557,46.01765],[-79.46656,46.01471],[-79.46851,46.01374],[-79.4685,46.01179],[-79.47046,46.00983],[-79.47242,46.00886],[-79.48316,46.00788],[-79.48804,46.00593],[-79.48902,46.00397],[-79.49097,46.003],[-79.49097,46.00007],[-79.4939,45.99812],[-79.4939,45.99616],[-79.48511,45.99226],[-79.48121,45.99128],[-79.47632,45.98835],[-79.47339,45.98542],[-79.46461,45.97175],[-79.45679,45.96589],[-79.45679,45.961],[-79.45972,45.95905],[-79.45972,45.9571],[-79.46363,45.95222],[-79.46363,45.94147],[-79.46168,45.93659],[-79.45776,45.93268],[-79.45386,45.93074],[-79.44312,45.93073],[-79.44019,45.93269],[-79.43922,45.93464],[-79.43237,45.93854],[-79.42944,45.93855],[-79.42358,45.93367],[-79.41968,45.93367],[-79.41772,45.93464],[-79.41284,45.94147],[-79.41089,45.94245],[-79.40796,45.94635],[-79.40014,45.94636],[-79.39429,45.9444],[-79.38647,45.93855],[-79.38647,45.9366],[-79.38354,45.93366],[-79.38354,45.92976],[-79.37866,45.9278],[-79.37378,45.92683],[-79.37085,45.92975],[-79.36987,45.93561],[-79.37866,45.94929],[-79.37671,45.95221],[-79.36889,45.95808],[-79.36987,45.96003],[-79.36987,45.96784],[-79.36792,45.96979],[-79.36401,45.9698],[-79.3562,45.96296],[-79.35327,45.96491],[-79.35229,45.96687],[-79.35425,45.96882],[-79.35229,46.02057],[-79.34839,46.02644],[-79.34253,46.03132],[-79.3435,46.03523],[-79.33081,46.03718],[-79.32788,46.03913],[-79.32788,46.04108],[-79.31323,46.04108],[-79.30249,46.03913],[-79.30054,46.03718],[-79.29761,46.03718],[-79.29565,46.03523],[-79.29272,46.03522],[-79.29077,46.03328],[-79.29077,46.02741],[-79.28686,46.02351],[-79.28393,46.02351],[-79.281,46.02253],[-79.27905,46.02448],[-79.27124,46.02644],[-79.2683,46.03718],[-79.26537,46.03815],[-79.25951,46.03815],[-79.25463,46.03717],[-79.24779,46.03717],[-79.239,46.03913],[-79.23607,46.03914],[-79.22924,46.04206],[-79.22533,46.04499],[-79.22338,46.04108],[-79.22045,46.04108],[-79.19799,46.0362],[-79.19115,46.03035],[-79.18725,46.02936],[-79.17455,46.02937],[-79.18334,46.03718],[-79.18236,46.04011],[-79.17748,46.04108],[-79.17162,46.04109],[-79.16869,46.04304],[-79.16381,46.04401],[-79.16381,46.04597],[-79.15697,46.05183],[-79.15307,46.0528],[-79.14916,46.05281],[-79.14721,46.05378],[-79.13549,46.05085],[-79.13354,46.0489],[-79.13061,46.0489],[-79.12279,46.04694],[-79.11986,46.04889],[-79.11889,46.05085],[-79.11889,46.05671],[-79.11498,46.06159],[-79.10814,46.06159],[-79.10033,46.05964],[-79.08764,46.05964],[-79.08178,46.06256],[-79.07982,46.06549],[-79.0808,46.06745],[-79.07885,46.0694],[-79.07493,46.07038],[-79.07592,46.07526],[-79.09838,46.07624],[-79.09838,46.07819],[-79.09447,46.08113],[-79.08861,46.0821],[-79.08275,46.0821],[-79.0808,46.08308],[-79.07885,46.0821],[-79.06939,46.08828],[-79.07298,46.09381],[-79.07397,46.10163],[-79.07592,46.10358],[-79.07885,46.10456],[-79.07982,46.10944],[-79.08471,46.1153],[-79.0935,46.12312],[-79.0935,46.12507],[-79.08177,46.13385],[-79.07885,46.13288],[-79.07397,46.13678],[-79.07104,46.13679],[-79.06713,46.13972],[-79.06419,46.13971],[-79.05931,46.14265],[-79.05638,46.14265],[-79.0515,46.14655],[-79.04857,46.14656],[-79.04661,46.14753],[-79.03197,46.15632],[-79.02708,46.16022],[-79.02415,46.16022],[-79.00267,46.1739],[-78.99974,46.17683],[-78.98997,46.18366],[-78.97825,46.1905],[-78.96849,46.19245],[-78.96458,46.19245],[-78.96361,46.19441],[-78.9597,46.19342],[-78.94896,46.20026],[-78.94505,46.20125],[-78.93919,46.20124],[-78.93529,46.20027],[-78.93431,46.19734],[-78.93236,46.19538],[-78.9265,46.19538],[-78.91966,46.19831],[-78.91771,46.20027],[-78.91478,46.20026],[-78.91478,46.20417],[-78.91771,46.21003],[-78.91771,46.21199],[-78.9138,46.21687],[-78.91282,46.22468],[-78.90404,46.23151],[-78.8972,46.23346],[-78.89427,46.23346],[-78.89134,46.23152],[-78.8806,46.23054],[-78.87376,46.22663],[-78.87376,46.22175],[-78.86595,46.22077],[-78.86302,46.22273],[-78.85716,46.22956],[-78.82689,46.23053],[-78.82493,46.23249],[-78.82591,46.23835],[-78.83275,46.24128],[-78.8347,46.24323],[-78.8347,46.24616],[-78.83275,46.24811],[-78.822,46.25104],[-78.81907,46.25104],[-78.79368,46.24713],[-78.79173,46.25007],[-78.78977,46.24812],[-78.77317,46.25203],[-78.77024,46.25202],[-78.76829,46.25299],[-78.76829,46.25495],[-78.77025,46.25593],[-78.77122,46.25788],[-78.76243,46.26472],[-78.7595,46.26472],[-78.75266,46.2696],[-78.75071,46.26862],[-78.74387,46.27253],[-78.73704,46.27742],[-78.73508,46.28132],[-78.73215,46.28229],[-78.7302,46.28132],[-78.69602,46.28132],[-78.69211,46.28033],[-78.69016,46.27155],[-78.68821,46.2696],[-78.68235,46.2696],[-78.67844,46.27057],[-78.67551,46.27253],[-78.67161,46.27253],[-78.66477,46.27644],[-78.66184,46.27937],[-78.66282,46.2862],[-78.66575,46.28815],[-78.66575,46.29108],[-78.65891,46.29596],[-78.65891,46.29791],[-78.65598,46.2989],[-78.65207,46.30379],[-78.64719,46.30769],[-78.63743,46.2989],[-78.63743,46.29499],[-78.63938,46.29304],[-78.64329,46.29108],[-78.64329,46.28816],[-78.64036,46.2862],[-78.62278,46.28718],[-78.61594,46.28913],[-78.60911,46.28913],[-78.6052,46.2862],[-78.6052,46.28425],[-78.59836,46.27838],[-78.59641,46.27936],[-78.58469,46.28034],[-78.58274,46.2823],[-78.5759,46.28327],[-78.57297,46.28425],[-78.57102,46.2862],[-78.56711,46.2862],[-78.56418,46.28913],[-78.56028,46.2901],[-78.55246,46.29108],[-78.52024,46.29206],[-78.51731,46.29401],[-78.51438,46.29401],[-78.51314,46.29646],[-78.5345,46.30402],[-78.54925,46.3082],[-78.59803,46.31868],[-78.63759,46.32121],[-78.67663,46.31793],[-78.69452,46.31898],[-78.7119,46.3255],[-78.71903,46.33118],[-78.72479,46.33848],[-78.73215,46.3321],[-78.73508,46.3321],[-78.74094,46.32819],[-78.74289,46.32917],[-78.74485,46.3282],[-78.7595,46.32624],[-78.77805,46.32526],[-78.78489,46.3194],[-78.78587,46.31452],[-78.78392,46.31257],[-78.78392,46.30574],[-78.78978,46.29987],[-78.7927,46.2989],[-78.80931,46.28816],[-78.8093,46.28425],[-78.80638,46.28132],[-78.79758,46.28131],[-78.79271,46.28522],[-78.7888,46.28522],[-78.78587,46.28327],[-78.79075,46.27741],[-78.79368,46.27644],[-78.79759,46.2735],[-78.80443,46.27155],[-78.80736,46.27155],[-78.81517,46.27351],[-78.82396,46.27839],[-78.82591,46.28034],[-78.82689,46.29108],[-78.83079,46.29401],[-78.83567,46.29499],[-78.83958,46.29499],[-78.84544,46.29108],[-78.84935,46.28522],[-78.85325,46.28425],[-78.86008,46.28424],[-78.86594,46.2862],[-78.86986,46.2862],[-78.87181,46.28815],[-78.88157,46.28816],[-78.8845,46.28718],[-78.88743,46.28718],[-78.89232,46.28327],[-78.8884,46.27742],[-78.88548,46.27742],[-78.88352,46.27644],[-78.88255,46.27253],[-78.88352,46.27058],[-78.88841,46.27058],[-78.90013,46.26765],[-78.90208,46.26472],[-78.90697,46.26179],[-78.90696,46.25788],[-78.91087,46.25495],[-78.91771,46.25495],[-78.92845,46.253],[-78.93431,46.25006],[-78.93821,46.24713],[-78.94114,46.24324],[-78.94407,46.24225],[-78.947,46.24323],[-78.94993,46.24324],[-78.95482,46.24713],[-78.95775,46.24714],[-78.9597,46.2491],[-78.96751,46.25007],[-78.97825,46.24128],[-78.98314,46.23835],[-78.9929,46.24128],[-78.99583,46.24421],[-78.99681,46.24812],[-79.00072,46.25202],[-79.01536,46.25202],[-79.02318,46.25397],[-79.02611,46.25397],[-79.02611,46.25788],[-79.01927,46.26277],[-79.01634,46.26276],[-79.01341,46.26472],[-79.01048,46.26472],[-79.00853,46.26667],[-79.00364,46.26667],[-79.00072,46.26961],[-79.00267,46.27448],[-79.00755,46.27839],[-79.01048,46.27839],[-79.01732,46.27546],[-79.02708,46.27546],[-79.03685,46.2823],[-79.04759,46.2823],[-79.05247,46.27839],[-79.05638,46.27644],[-79.06322,46.27742],[-79.06908,46.27741],[-79.072,46.27937],[-79.1013,46.28425],[-79.12279,46.28327],[-79.12865,46.28425],[-79.13061,46.28328],[-79.13646,46.28816],[-79.14232,46.29011],[-79.14525,46.28816],[-79.14818,46.28815],[-79.16088,46.27644],[-79.16381,46.27644],[-79.16674,46.27448],[-79.18627,46.27449],[-79.19018,46.27644],[-79.20678,46.27644],[-79.21166,46.28035],[-79.21264,46.28327],[-79.2185,46.28523],[-79.22143,46.28718],[-79.22143,46.28913],[-79.22924,46.29597],[-79.23998,46.30085],[-79.24193,46.3028],[-79.24584,46.30281],[-79.24779,46.30378],[-79.25072,46.30671],[-79.25951,46.31062],[-79.26244,46.31355],[-79.26537,46.31452],[-79.26928,46.31746],[-79.27025,46.32038],[-79.26928,46.32429],[-79.30346,46.32429],[-79.32397,46.32331],[-79.33276,46.32527],[-79.36401,46.32917],[-79.37768,46.33015],[-79.38159,46.33113],[-79.406,46.3321],[-79.41968,46.33405],[-79.42163,46.33601],[-79.42651,46.33601],[-79.43432,46.33992],[-79.4353,46.34187],[-79.44116,46.34187],[-79.44311,46.34383],[-79.45093,46.34578],[-79.45386,46.34577],[-79.46264,46.35261],[-79.4685,46.35262],[-79.48511,46.3487],[-79.49879,46.34772],[-79.52125,46.35163],[-79.52613,46.35163],[-79.53004,46.35066],[-79.53199,46.34871],[-79.53394,46.35065],[-79.53492,46.35358],[-79.54566,46.35652],[-79.54859,46.35652],[-79.55054,46.35847],[-79.55347,46.35847],[-79.55543,46.36042],[-79.55933,46.36238],[-79.56226,46.36238],[-79.56519,46.36433],[-79.56812,46.36433],[-79.57105,46.36726],[-79.57496,46.36823],[-79.58765,46.37605],[-79.59254,46.37312],[-79.59839,46.37116],[-79.615,46.37312],[-79.62281,46.37312],[-79.62574,46.37214],[-79.63746,46.37215],[-79.65504,46.37508],[-79.6775,46.37996],[-79.68141,46.37996],[-79.68336,46.38191],[-79.68824,46.3819],[-79.69019,46.38386],[-79.70387,46.38777],[-79.70778,46.38777],[-79.70973,46.38972],[-79.71265,46.38972],[-79.71558,46.39167],[-79.71852,46.39168],[-79.72731,46.39656],[-79.73805,46.39949],[-79.74098,46.39949],[-79.74293,46.40144],[-79.74586,46.40144],[-79.74782,46.40339],[-79.75856,46.4073],[-79.76149,46.4073],[-79.76539,46.41121],[-79.77907,46.41316],[-79.79664,46.41511],[-79.82301,46.41609],[-79.82594,46.41706],[-79.8484,46.41902],[-79.85524,46.41804],[-79.86891,46.40925],[-79.88649,46.40925],[-79.89137,46.41022],[-79.90114,46.41414],[-79.91384,46.41414],[-79.92263,46.4073],[-79.92556,46.4073],[-79.94021,46.40437],[-79.94021,46.40632],[-79.95876,46.41804],[-79.96169,46.41511],[-79.9656,46.41511],[-79.96755,46.41414],[-79.98415,46.41413],[-79.99782,46.41609],[-80.00368,46.41804],[-80.00564,46.42],[-80.00954,46.42097],[-80.04372,46.42488],[-80.05935,46.42781],[-80.06911,46.42878],[-80.09354,46.42879],[-80.1365,46.43367],[-80.17459,46.4366],[-80.18631,46.43855],[-80.20193,46.44246],[-80.20779,46.44245],[-80.21072,46.4444],[-80.21463,46.44539],[-80.21854,46.44538],[-80.22049,46.44733],[-80.22537,46.44831],[-80.23221,46.45221],[-80.24197,46.45515],[-80.24588,46.45515],[-80.24783,46.4571],[-80.25174,46.45808],[-80.2576,46.46199]]]}},{"type":"Feature","properties":{"OGF_ID":67490665,"ECODISTRICT_NAME":"Sudbury"},"geometry":{"type":"Polygon","coordinates":[[[-80.91876,46.74714],[-80.92267,46.74616],[-80.9295,46.74616],[-80.93243,46.74226],[-80.93341,46.73835],[-80.93536,46.7364],[-80.93927,46.7364],[-80.94122,46.73444],[-80.94415,46.73444],[-80.94708,46.73249],[-80.95978,46.72957],[-80.95978,46.73738],[-80.96075,46.73933],[-80.96271,46.73835],[-80.98419,46.73347],[-80.99689,46.73347],[-80.99982,46.73055],[-81.01154,46.72956],[-81.01447,46.73152],[-81.02131,46.73347],[-81.02424,46.73347],[-81.02717,46.73543],[-81.03303,46.7364],[-81.04279,46.7364],[-81.04475,46.73445],[-81.04963,46.73249],[-81.06037,46.72273],[-81.06916,46.72174],[-81.07404,46.72566],[-81.07795,46.72566],[-81.08283,46.72273],[-81.09064,46.72077],[-81.0926,46.72273],[-81.09943,46.72272],[-81.10334,46.72175],[-81.1092,46.71784],[-81.1092,46.71199],[-81.11311,46.71198],[-81.12189,46.71004],[-81.12775,46.70808],[-81.13068,46.70613],[-81.13459,46.70515],[-81.13654,46.70319],[-81.13947,46.7032],[-81.14436,46.69929],[-81.14436,46.69734],[-81.14729,46.69538],[-81.14729,46.69343],[-81.15119,46.6905],[-81.18439,46.68659],[-81.18635,46.68562],[-81.20002,46.68269],[-81.20491,46.68269],[-81.20686,46.68464],[-81.21175,46.68562],[-81.22444,46.68562],[-81.22444,46.68172],[-81.22835,46.67781],[-81.23811,46.67781],[-81.23909,46.67194],[-81.23811,46.66901],[-81.24886,46.6612],[-81.24983,46.65828],[-81.25178,46.65632],[-81.2635,46.65241],[-81.27229,46.65241],[-81.27815,46.65046],[-81.28206,46.64655],[-81.28792,46.64362],[-81.29378,46.63776],[-81.29768,46.63777],[-81.30061,46.63483],[-81.30354,46.63483],[-81.31136,46.63289],[-81.3221,46.62604],[-81.326,46.62507],[-81.33382,46.61824],[-81.33382,46.61628],[-81.34554,46.60651],[-81.34749,46.60554],[-81.35042,46.60554],[-81.35237,46.60359],[-81.35823,46.60359],[-81.36018,46.60163],[-81.37776,46.60066],[-81.37971,46.60261],[-81.37971,46.60456],[-81.38264,46.60457],[-81.38557,46.60359],[-81.38557,46.60163],[-81.38948,46.59578],[-81.39632,46.5948],[-81.39729,46.59089],[-81.39925,46.58894],[-81.39925,46.58699],[-81.40218,46.58601],[-81.40804,46.58113],[-81.41781,46.58015],[-81.41976,46.57819],[-81.42269,46.57819],[-81.42464,46.57722],[-81.43734,46.56745],[-81.43734,46.5655],[-81.44515,46.55964],[-81.44515,46.55769],[-81.44808,46.55672],[-81.45004,46.55476],[-81.45004,46.5528],[-81.45296,46.55085],[-81.45785,46.54499],[-81.46078,46.54401],[-81.46859,46.54402],[-81.47054,46.54206],[-81.47152,46.54011],[-81.47152,46.53229],[-81.4725,46.52937],[-81.47445,46.52839],[-81.47543,46.52644],[-81.48031,46.52253],[-81.48129,46.52058],[-81.48519,46.51765],[-81.48812,46.51667],[-81.49496,46.50592],[-81.49593,46.49811],[-81.49886,46.49617],[-81.51058,46.4991],[-81.51351,46.49909],[-81.51937,46.503],[-81.52328,46.50788],[-81.52425,46.51277],[-81.52328,46.51472],[-81.52718,46.51374],[-81.52914,46.51667],[-81.53597,46.52156],[-81.53988,46.52253],[-81.54281,46.52253],[-81.54574,46.52156],[-81.54769,46.5196],[-81.54769,46.51667],[-81.54379,46.51179],[-81.54379,46.50593],[-81.55062,46.50007],[-81.5516,46.49617],[-81.55062,46.49421],[-81.54476,46.4903],[-81.54476,46.48835],[-81.54769,46.4864],[-81.55355,46.4864],[-81.5555,46.47957],[-81.55746,46.47858],[-81.57406,46.47957],[-81.58285,46.47273],[-81.58675,46.47077],[-81.58675,46.46882],[-81.58089,46.46491],[-81.58089,46.46101],[-81.59261,46.45222],[-81.59261,46.44441],[-81.59652,46.44441],[-81.61117,46.44148],[-81.61313,46.4405],[-81.63461,46.43659],[-81.63657,46.44636],[-81.65414,46.44637],[-81.65805,46.44538],[-81.66,46.44343],[-81.6561,46.43855],[-81.6561,46.43464],[-81.65903,46.43172],[-81.66196,46.43074],[-81.68246,46.42781],[-81.68442,46.42585],[-81.68442,46.41901],[-81.68637,46.41706],[-81.69125,46.41707],[-81.69223,46.41999],[-81.69125,46.43073],[-81.69028,46.43269],[-81.69125,46.43464],[-81.70981,46.43464],[-81.70981,46.43659],[-81.71372,46.43952],[-81.71762,46.4405],[-81.72055,46.44245],[-81.72446,46.44636],[-81.72543,46.44929],[-81.73227,46.45026],[-81.73911,46.45027],[-81.74301,46.4532],[-81.74594,46.4532],[-81.74789,46.45515],[-81.7518,46.45612],[-81.76157,46.45417],[-81.76645,46.45026],[-81.77329,46.44831],[-81.79184,46.44733],[-81.79868,46.44538],[-81.80551,46.43757],[-81.80649,46.43172],[-81.81235,46.42682],[-81.81528,46.42683],[-81.82114,46.42389],[-81.82504,46.41999],[-81.827,46.4112],[-81.83579,46.41316],[-81.85743,46.41133],[-81.86704,46.41706],[-81.87193,46.41316],[-81.87583,46.4112],[-81.87876,46.41121],[-81.88267,46.40925],[-81.89439,46.40828],[-81.89829,46.4112],[-81.90513,46.41121],[-81.90904,46.41022],[-81.91294,46.40729],[-81.91685,46.4073],[-81.9188,46.40828],[-81.92271,46.40242],[-81.92466,46.39655],[-81.93931,46.39362],[-81.94321,46.39656],[-81.94321,46.40729],[-81.94224,46.41218],[-81.93931,46.41609],[-81.94517,46.42292],[-81.94614,46.42585],[-81.94517,46.42781],[-81.96568,46.4278],[-81.96958,46.42097],[-81.97446,46.41804],[-81.97837,46.41804],[-81.98032,46.41608],[-81.98325,46.41609],[-81.98716,46.41316],[-81.99009,46.41316],[-81.99303,46.41023],[-82.00377,46.40632],[-82.01157,46.40632],[-82.01744,46.40828],[-82.02428,46.40827],[-82.02623,46.40632],[-82.03014,46.40436],[-82.0399,46.40339],[-82.04479,46.40729],[-82.05064,46.4073],[-82.05455,46.40632],[-82.05748,46.40339],[-82.07408,46.40144],[-82.07604,46.40046],[-82.07799,46.40339],[-82.08287,46.40729],[-82.08775,46.4073],[-82.09752,46.40437],[-82.10338,46.40827],[-82.10729,46.41413],[-82.12779,46.41413],[-82.13463,46.41804],[-82.13658,46.42],[-82.13951,46.41999],[-82.14732,46.42585],[-82.15514,46.42292],[-82.16295,46.42194],[-82.16588,46.41999],[-82.17271,46.41901],[-82.17467,46.41706],[-82.1776,46.41706],[-82.18736,46.41413],[-82.19225,46.41023],[-82.2069,46.4112],[-82.21081,46.41413],[-82.21081,46.41608],[-82.21471,46.42097],[-82.22253,46.42683],[-82.22643,46.4278],[-82.23718,46.43269],[-82.23718,46.43464],[-82.23425,46.43757],[-82.23132,46.43855],[-82.22839,46.44245],[-82.23425,46.44538],[-82.24206,46.4444],[-82.24401,46.44635],[-82.24694,46.44734],[-82.24694,46.44929],[-82.24401,46.45026],[-82.23815,46.45418],[-82.23425,46.45418],[-82.23229,46.45613],[-82.23229,46.45808],[-82.23522,46.46101],[-82.23718,46.46003],[-82.24206,46.46394],[-82.25085,46.46589],[-82.26354,46.46589],[-82.26452,46.46394],[-82.27038,46.45906],[-82.28014,46.45418],[-82.28405,46.45418],[-82.28698,46.45612],[-82.28991,46.45612],[-82.29284,46.45905],[-82.30944,46.45807],[-82.32018,46.45906],[-82.32214,46.46101],[-82.32702,46.44441],[-82.33386,46.4366],[-82.33386,46.43464],[-82.33581,46.43367],[-82.34753,46.41999],[-82.35143,46.41706],[-82.35827,46.41316],[-82.3612,46.41218],[-82.36413,46.41218],[-82.36706,46.41022],[-82.36999,46.41022],[-82.39441,46.40436],[-82.40613,46.40241],[-82.40808,46.40436],[-82.40808,46.4073],[-82.41492,46.41316],[-82.42371,46.41316],[-82.43152,46.41023],[-82.43347,46.40827],[-82.4364,46.40826],[-82.44812,46.40534],[-82.46472,46.40534],[-82.47547,46.40632],[-82.47644,46.40437],[-82.49011,46.40437],[-82.50964,46.39948],[-82.52429,46.39362],[-82.52918,46.39362],[-82.53308,46.39655],[-82.53894,46.39656],[-82.54089,46.3946],[-82.54089,46.39264],[-82.54578,46.38776],[-82.55652,46.39265],[-82.56336,46.39362],[-82.57605,46.39265],[-82.578,46.38678],[-82.58485,46.38776],[-82.59461,46.38776],[-82.59656,46.38972],[-82.60047,46.3907],[-82.60633,46.3907],[-82.60633,46.38874],[-82.61121,46.38484],[-82.61121,46.38289],[-82.61805,46.37409],[-82.62391,46.36921],[-82.62684,46.36921],[-82.62879,46.36726],[-82.63661,46.36335],[-82.63758,46.35944],[-82.64149,46.36042],[-82.66395,46.36237],[-82.68641,46.36627],[-82.71082,46.36726],[-82.72352,46.36726],[-82.73231,46.36628],[-82.74403,46.36237],[-82.74598,46.36042],[-82.74598,46.35652],[-82.74403,46.35358],[-82.73426,46.34772],[-82.73231,46.3448],[-82.73036,46.34675],[-82.72645,46.34772],[-82.72157,46.34773],[-82.71766,46.34675],[-82.71082,46.34187],[-82.70887,46.33893],[-82.70692,46.33796],[-82.70204,46.33796],[-82.69911,46.33698],[-82.69227,46.3321],[-82.69129,46.33015],[-82.69325,46.32819],[-82.69813,46.32625],[-82.70887,46.31648],[-82.71571,46.31159],[-82.73719,46.30476],[-82.76161,46.29889],[-82.77529,46.28914],[-82.78017,46.28718],[-82.78212,46.28523],[-82.78505,46.28522],[-82.79189,46.27937],[-82.79189,46.27449],[-82.79091,46.27155],[-82.787,46.26862],[-82.78603,46.26668],[-82.77724,46.26179],[-82.77431,46.26178],[-82.77138,46.25886],[-82.7665,46.25886],[-82.75478,46.25007],[-82.75379,46.24811],[-82.74696,46.24225],[-82.74207,46.2403],[-82.74012,46.23835],[-82.73133,46.23737],[-82.72645,46.23347],[-82.72352,46.23444],[-82.71864,46.23054],[-82.71571,46.22664],[-82.71571,46.22175],[-82.71961,46.21784],[-82.71961,46.21589],[-82.71668,46.21198],[-82.71375,46.21003],[-82.7118,46.20613],[-82.7118,46.20026],[-82.74336,46.19213],[-82.74445,46.18902],[-82.75056,46.18659],[-82.77972,46.1814],[-82.80423,46.17409],[-82.83255,46.16847],[-82.84417,46.1683],[-82.85788,46.15996],[-82.86516,46.14261],[-82.86764,46.12436],[-82.86474,46.10693],[-82.84637,46.07248],[-82.84548,46.0708],[-82.80523,46.06373],[-82.43412,46.09952],[-82.38853,46.10973],[-82.35605,46.1115],[-82.37477,46.12692],[-82.3699,46.12779],[-82.36797,46.12886],[-82.36444,46.13503],[-82.36099,46.13716],[-82.35972,46.14126],[-82.364,46.14686],[-82.3723,46.14815],[-82.37862,46.15249],[-82.37697,46.16675],[-82.37863,46.169],[-82.38171,46.1699],[-82.38936,46.18129],[-82.38819,46.18348],[-82.38269,46.18512],[-82.3778,46.18757],[-82.32995,46.1944],[-82.31628,46.19733],[-82.31042,46.20026],[-82.30847,46.19734],[-82.28307,46.19831],[-82.26061,46.20222],[-82.24596,46.20222],[-82.22936,46.20026],[-82.22057,46.19831],[-82.21374,46.19733],[-82.21179,46.19538],[-82.1942,46.19538],[-82.19127,46.19734],[-82.18443,46.19734],[-82.1776,46.19245],[-82.15514,46.19245],[-82.15123,46.19147],[-82.1483,46.19245],[-82.14342,46.19148],[-82.12975,46.18757],[-82.12486,46.18366],[-82.12096,46.18171],[-82.12096,46.17878],[-82.11803,46.17585],[-82.11022,46.17585],[-82.10729,46.17683],[-82.10338,46.17976],[-82.10045,46.18073],[-82.09752,46.18366],[-82.07701,46.18366],[-82.06529,46.18171],[-82.06334,46.17976],[-82.06041,46.17975],[-82.05553,46.17585],[-82.0526,46.17585],[-82.04967,46.1739],[-82.04283,46.17292],[-82.0399,46.17096],[-82.02232,46.17488],[-82.01646,46.17487],[-82.01158,46.17194],[-82.00475,46.17194],[-81.9979,46.17781],[-81.994,46.17878],[-81.98325,46.17878],[-81.97447,46.17683],[-81.96665,46.16999],[-81.97056,46.16316],[-81.97154,46.15925],[-81.97349,46.15827],[-81.97447,46.15534],[-81.97837,46.15144],[-81.98032,46.15046],[-81.97837,46.14851],[-81.96079,46.14655],[-81.95298,46.1446],[-81.93247,46.14265],[-81.92954,46.14362],[-81.91197,46.14362],[-81.89146,46.14558],[-81.88364,46.14558],[-81.87486,46.14362],[-81.87193,46.14558],[-81.86509,46.14753],[-81.83677,46.14656],[-81.81919,46.14851],[-81.80063,46.14851],[-81.77231,46.14265],[-81.77036,46.14363],[-81.75473,46.14558],[-81.74594,46.14753],[-81.72446,46.14753],[-81.72055,46.14851],[-81.702,46.14851],[-81.69711,46.15241],[-81.69418,46.15339],[-81.63657,46.15241],[-81.62386,46.15436],[-81.61313,46.1573],[-81.60336,46.1573],[-81.60043,46.15827],[-81.57894,46.16023],[-81.5555,46.1612],[-81.55257,46.16316],[-81.535,46.16511],[-81.52914,46.16706],[-81.51449,46.16901],[-81.50472,46.16901],[-81.49984,46.16804],[-81.47836,46.16804],[-81.47152,46.16902],[-81.44027,46.17683],[-81.43148,46.17683],[-81.42757,46.17585],[-81.4266,46.17292],[-81.37386,46.17488],[-81.36604,46.18074],[-81.35921,46.18269],[-81.34456,46.18464],[-81.33382,46.18464],[-81.33186,46.18269],[-81.32893,46.18269],[-81.326,46.18074],[-81.31624,46.17878],[-81.29768,46.18171],[-81.28987,46.18171],[-81.28596,46.18269],[-81.28401,46.18171],[-81.28011,46.18171],[-81.27229,46.17586],[-81.2596,46.16414],[-81.25374,46.15632],[-81.24495,46.15535],[-81.24495,46.15046],[-81.24593,46.1485],[-81.25179,46.14362],[-81.25276,46.14069],[-81.24983,46.13679],[-81.2469,46.13679],[-81.24104,46.13386],[-81.23811,46.13386],[-81.23518,46.13191],[-81.23811,46.12898],[-81.23811,46.12507],[-81.23518,46.12312],[-81.23225,46.11921],[-81.23225,46.11628],[-81.23714,46.11043],[-81.23909,46.10944],[-81.23909,46.10651],[-81.23811,46.10456],[-81.23421,46.10456],[-81.23225,46.1026],[-81.23225,46.10066],[-81.22639,46.10066],[-81.22443,46.10163],[-81.2215,46.10163],[-81.21955,46.10358],[-81.20393,46.10749],[-81.19416,46.10749],[-81.19318,46.10944],[-81.1883,46.10553],[-81.18537,46.10554],[-81.18244,46.10456],[-81.18114,46.10326],[-81.17951,46.10456],[-81.1717,46.10456],[-81.16193,46.10358],[-81.14729,46.10359],[-81.14045,46.1026],[-81.12189,46.09772],[-81.11994,46.09578],[-81.11701,46.09577],[-81.11408,46.09479],[-81.10627,46.08894],[-81.10627,46.08699],[-81.10236,46.08308],[-81.10236,46.08112],[-81.10041,46.07917],[-81.09064,46.07233],[-81.08283,46.07234],[-81.076,46.07331],[-81.07307,46.07527],[-81.06818,46.07624],[-81.05744,46.07624],[-81.05451,46.07527],[-81.05354,46.07136],[-81.04963,46.06941],[-81.04572,46.07038],[-81.04377,46.07819],[-81.03986,46.0821],[-81.03107,46.08796],[-81.03107,46.08991],[-81.02131,46.09871],[-81.01739,46.09968],[-81.00665,46.09968],[-80.99591,46.10163],[-80.99493,46.10359],[-80.992,46.10554],[-80.99103,46.11042],[-80.9881,46.11433],[-80.98712,46.12214],[-80.98419,46.1241],[-80.98322,46.12605],[-80.9754,46.12605],[-80.97247,46.12507],[-80.96759,46.12116],[-80.96466,46.12116],[-80.96173,46.11921],[-80.96075,46.11725],[-80.95197,46.11139],[-80.95001,46.11042],[-80.94708,46.11042],[-80.94513,46.10847],[-80.9422,46.10847],[-80.94025,46.10652],[-80.91876,46.10652],[-80.91193,46.10749],[-80.90997,46.10945],[-80.90704,46.10944],[-80.90509,46.11042],[-80.89337,46.12019],[-80.88556,46.12116],[-80.88361,46.12019],[-80.86407,46.11921],[-80.85919,46.12117],[-80.85431,46.12507],[-80.85333,46.128],[-80.84845,46.12995],[-80.84454,46.13483],[-80.84259,46.14265],[-80.83966,46.14265],[-80.83575,46.14557],[-80.82794,46.14557],[-80.825,46.14363],[-80.82207,46.14362],[-80.82012,46.14167],[-80.81622,46.14069],[-80.80547,46.13972],[-80.80352,46.13874],[-80.79375,46.13972],[-80.79082,46.14069],[-80.78497,46.14558],[-80.78399,46.14948],[-80.78692,46.15339],[-80.78692,46.15534],[-80.78985,46.15827],[-80.7918,46.16902],[-80.79375,46.17097],[-80.79375,46.18269],[-80.7918,46.18464],[-80.7918,46.18855],[-80.79375,46.19049],[-80.79473,46.1944],[-80.79864,46.19733],[-80.79961,46.19929],[-80.80059,46.21198],[-80.79278,46.21199],[-80.78497,46.20906],[-80.78301,46.19343],[-80.78106,46.19148],[-80.78106,46.18757],[-80.77911,46.18073],[-80.77618,46.17683],[-80.7752,46.17097],[-80.77325,46.16901],[-80.77227,46.1612],[-80.77129,46.15828],[-80.76934,46.15632],[-80.76934,46.15436],[-80.76641,46.15143],[-80.75957,46.15241],[-80.75274,46.15828],[-80.75176,46.16316],[-80.75274,46.17194],[-80.75567,46.17585],[-80.75567,46.18171],[-80.75371,46.18366],[-80.75079,46.18367],[-80.74883,46.18464],[-80.74297,46.18367],[-80.74004,46.18073],[-80.73516,46.17879],[-80.73223,46.17585],[-80.7293,46.17585],[-80.72539,46.17292],[-80.72247,46.17292],[-80.71172,46.16999],[-80.70782,46.16706],[-80.70489,46.16706],[-80.70293,46.16511],[-80.7,46.16511],[-80.69805,46.16315],[-80.69512,46.16316],[-80.69219,46.1612],[-80.68926,46.1612],[-80.6795,46.15339],[-80.6795,46.15046],[-80.67754,46.14851],[-80.67754,46.14167],[-80.68047,46.13776],[-80.69219,46.13679],[-80.6961,46.13386],[-80.6961,46.12996],[-80.68633,46.12116],[-80.68243,46.11921],[-80.67364,46.11238],[-80.67364,46.10652],[-80.67656,46.10456],[-80.67949,46.10066],[-80.68047,46.09675],[-80.68242,46.0948],[-80.68243,46.08894],[-80.67949,46.08698],[-80.67461,46.08698],[-80.67168,46.086],[-80.64336,46.08698],[-80.6375,46.08796],[-80.6375,46.09577],[-80.64824,46.10456],[-80.65215,46.10651],[-80.66484,46.11628],[-80.66484,46.11824],[-80.66777,46.12019],[-80.66875,46.12214],[-80.66875,46.13092],[-80.6668,46.13289],[-80.658,46.13289],[-80.65313,46.12898],[-80.65312,46.12702],[-80.64922,46.12409],[-80.64922,46.12214],[-80.64433,46.11823],[-80.6414,46.11823],[-80.6414,46.128],[-80.63847,46.12995],[-80.63554,46.12995],[-80.63261,46.13289],[-80.63261,46.13483],[-80.63652,46.13776],[-80.63652,46.14167],[-80.62968,46.14558],[-80.62285,46.13971],[-80.62089,46.13679],[-80.62089,46.13483],[-80.61797,46.13386],[-80.61113,46.128],[-80.60332,46.12898],[-80.59453,46.13289],[-80.59062,46.13385],[-80.58867,46.1319],[-80.58867,46.12507],[-80.58574,46.12214],[-80.57011,46.12214],[-80.56132,46.12703],[-80.55742,46.13191],[-80.54179,46.12898],[-80.53984,46.12702],[-80.53007,46.12605],[-80.51836,46.12604],[-80.5164,46.12409],[-80.51152,46.12409],[-80.50858,46.12214],[-80.50566,46.12214],[-80.50272,46.12312],[-80.49882,46.12605],[-80.49784,46.12801],[-80.49784,46.13776],[-80.49979,46.13971],[-80.50761,46.14167],[-80.51347,46.1446],[-80.51347,46.14655],[-80.50565,46.15339],[-80.50272,46.15436],[-80.48417,46.15535],[-80.48222,46.15632],[-80.48026,46.15827],[-80.48417,46.16121],[-80.48807,46.16706],[-80.48417,46.17194],[-80.47733,46.17195],[-80.4705,46.16707],[-80.46757,46.16609],[-80.45878,46.16608],[-80.45682,46.16805],[-80.45389,46.16804],[-80.44804,46.17195],[-80.44511,46.16999],[-80.43925,46.16999],[-80.42167,46.16511],[-80.41972,46.16316],[-80.41679,46.16316],[-80.40995,46.15827],[-80.40507,46.1573],[-80.40018,46.15339],[-80.39139,46.15241],[-80.38749,46.15437],[-80.38261,46.16023],[-80.38163,46.16511],[-80.37186,46.17097],[-80.36893,46.17096],[-80.36698,46.17292],[-80.36405,46.1739],[-80.36307,46.1778],[-80.36112,46.17976],[-80.36112,46.18366],[-80.36307,46.18562],[-80.36307,46.18855],[-80.36796,46.19343],[-80.36796,46.19539],[-80.37089,46.19929],[-80.37089,46.20417],[-80.36796,46.20808],[-80.35819,46.20808],[-80.35819,46.21394],[-80.36014,46.21589],[-80.36014,46.21785],[-80.35819,46.21882],[-80.35331,46.21882],[-80.34452,46.22077],[-80.32597,46.22273],[-80.31718,46.22663],[-80.31522,46.22858],[-80.31913,46.23444],[-80.32108,46.24519],[-80.32304,46.24714],[-80.32499,46.25398],[-80.32889,46.25886],[-80.32889,46.26081],[-80.3328,46.26472],[-80.33378,46.26765],[-80.3328,46.27351],[-80.33085,46.27449],[-80.32987,46.27644],[-80.30839,46.29011],[-80.30936,46.29206],[-80.29179,46.29108],[-80.28886,46.29402],[-80.28983,46.30085],[-80.29276,46.3028],[-80.29276,46.30476],[-80.29569,46.30671],[-80.29667,46.30867],[-80.30057,46.31159],[-80.30057,46.31354],[-80.29569,46.31647],[-80.29764,46.32039],[-80.30155,46.32429],[-80.30155,46.32917],[-80.29374,46.33308],[-80.29081,46.3321],[-80.2869,46.32917],[-80.28495,46.32624],[-80.28202,46.32429],[-80.27128,46.32429],[-80.26248,46.32526],[-80.24783,46.3282],[-80.23807,46.32917],[-80.23123,46.32722],[-80.22928,46.32527],[-80.22635,46.32526],[-80.21756,46.32331],[-80.21463,46.32429],[-80.20877,46.32429],[-80.20486,46.32722],[-80.2117,46.3321],[-80.22147,46.33601],[-80.22342,46.33796],[-80.22635,46.33796],[-80.23123,46.3409],[-80.241,46.34089],[-80.24881,46.33992],[-80.25564,46.33797],[-80.2576,46.33601],[-80.2615,46.33601],[-80.26346,46.33406],[-80.27811,46.33405],[-80.28104,46.33601],[-80.28006,46.33992],[-80.27421,46.34675],[-80.27616,46.34871],[-80.29764,46.35164],[-80.3162,46.35554],[-80.31718,46.3575],[-80.32011,46.35847],[-80.32304,46.35847],[-80.32499,46.36042],[-80.33964,46.36629],[-80.34647,46.36725],[-80.35038,46.37018],[-80.35917,46.37116],[-80.38163,46.37019],[-80.38456,46.36921],[-80.39432,46.36922],[-80.3953,46.36433],[-80.39237,46.36043],[-80.39139,46.35652],[-80.38749,46.35261],[-80.37675,46.35358],[-80.37577,46.35164],[-80.37772,46.34284],[-80.37284,46.34284],[-80.36991,46.3448],[-80.36698,46.3448],[-80.36503,46.34772],[-80.35917,46.35066],[-80.35429,46.35065],[-80.35038,46.34773],[-80.35038,46.3409],[-80.35624,46.33698],[-80.35722,46.33504],[-80.36112,46.3321],[-80.36503,46.3321],[-80.37772,46.32918],[-80.3787,46.32429],[-80.37675,46.32233],[-80.37675,46.32039],[-80.39432,46.32136],[-80.40116,46.32429],[-80.40409,46.32722],[-80.40897,46.32722],[-80.41093,46.32918],[-80.41386,46.32917],[-80.41581,46.33112],[-80.42264,46.3321],[-80.4285,46.33406],[-80.43143,46.33405],[-80.43339,46.33601],[-80.43632,46.33601],[-80.43827,46.33796],[-80.44218,46.33894],[-80.45195,46.3448],[-80.45293,46.34772],[-80.45586,46.3487],[-80.45683,46.35359],[-80.45975,46.35749],[-80.45975,46.36043],[-80.46268,46.36433],[-80.46464,46.37507],[-80.46953,46.37898],[-80.47832,46.37897],[-80.48125,46.37605],[-80.48125,46.36433],[-80.48222,46.3614],[-80.48906,46.35652],[-80.50175,46.35749],[-80.50761,46.36042],[-80.51347,46.36531],[-80.51152,46.37117],[-80.50957,46.37312],[-80.51054,46.37605],[-80.50859,46.37898],[-80.50761,46.38582],[-80.50566,46.38777],[-80.50468,46.39265],[-80.50175,46.39558],[-80.48711,46.39558],[-80.48711,46.39851],[-80.49394,46.4034],[-80.49199,46.40535],[-80.49101,46.40828],[-80.49199,46.41316],[-80.49394,46.41414],[-80.49394,46.41608],[-80.49687,46.41804],[-80.49785,46.41999],[-80.49492,46.42195],[-80.49199,46.42195],[-80.49004,46.4239],[-80.48711,46.4239],[-80.48515,46.42585],[-80.46464,46.42781],[-80.46464,46.42976],[-80.46269,46.43073],[-80.46074,46.43367],[-80.45293,46.43952],[-80.43925,46.43952],[-80.43632,46.43659],[-80.43632,46.42781],[-80.42069,46.4278],[-80.4119,46.43562],[-80.40702,46.43562],[-80.40604,46.43367],[-80.40897,46.42976],[-80.40995,46.42488],[-80.40507,46.4239],[-80.39823,46.4278],[-80.39335,46.4239],[-80.38456,46.42292],[-80.38065,46.4278],[-80.38065,46.43074],[-80.37675,46.43465],[-80.36503,46.43561],[-80.35917,46.43757],[-80.35233,46.44343],[-80.34843,46.44343],[-80.34061,46.45026],[-80.33768,46.45124],[-80.33671,46.4532],[-80.33866,46.45515],[-80.34452,46.45515],[-80.37382,46.44831],[-80.3953,46.44831],[-80.39628,46.45027],[-80.38749,46.45612],[-80.38847,46.45808],[-80.39139,46.45906],[-80.40018,46.46003],[-80.41972,46.46101],[-80.42362,46.45906],[-80.42753,46.45906],[-80.42948,46.4571],[-80.43241,46.4571],[-80.43925,46.45515],[-80.44315,46.45222],[-80.46562,46.44929],[-80.46953,46.44831],[-80.47148,46.44636],[-80.48125,46.44636],[-80.48515,46.44734],[-80.48906,46.44929],[-80.49199,46.44929],[-80.49687,46.45319],[-80.52031,46.4532],[-80.52617,46.45515],[-80.53789,46.45515],[-80.55644,46.4532],[-80.56718,46.44539],[-80.57207,46.43953],[-80.57793,46.43659],[-80.58183,46.4366],[-80.58574,46.43562],[-80.58867,46.43757],[-80.58867,46.4444],[-80.58476,46.44733],[-80.58379,46.44929],[-80.57597,46.45027],[-80.57402,46.45222],[-80.57402,46.45514],[-80.57695,46.4571],[-80.57695,46.46003],[-80.575,46.46297],[-80.57109,46.46589],[-80.57109,46.47858],[-80.56816,46.48055],[-80.56816,46.48249],[-80.5623,46.48738],[-80.55839,46.48737],[-80.55449,46.4903],[-80.54961,46.49617],[-80.54765,46.50007],[-80.54375,46.503],[-80.5457,46.50398],[-80.5457,46.51277],[-80.53593,46.5196],[-80.53496,46.52156],[-80.53007,46.52546],[-80.52812,46.53132],[-80.53007,46.53327],[-80.53203,46.53815],[-80.54082,46.53816],[-80.54668,46.53523],[-80.54668,46.53327],[-80.54961,46.53132],[-80.54961,46.52937],[-80.55742,46.52937],[-80.57011,46.53327],[-80.58379,46.53327],[-80.58769,46.53035],[-80.61015,46.53035],[-80.60918,46.5362],[-80.60625,46.53718],[-80.59746,46.53913],[-80.59062,46.53914],[-80.57207,46.54401],[-80.56523,46.54402],[-80.56132,46.54792],[-80.56035,46.55183],[-80.56621,46.55671],[-80.56621,46.55866],[-80.57011,46.56355],[-80.57304,46.5655],[-80.57402,46.56843],[-80.56621,46.57527],[-80.56621,46.58308],[-80.57207,46.58308],[-80.57695,46.58405],[-80.5789,46.59187],[-80.58183,46.59285],[-80.58574,46.59284],[-80.58769,46.59382],[-80.5916,46.59675],[-80.59453,46.60065],[-80.5916,46.6114],[-80.58964,46.61238],[-80.58867,46.61433],[-80.59355,46.61823],[-80.59843,46.6153],[-80.62578,46.6153],[-80.62578,46.61726],[-80.62285,46.62019],[-80.62286,46.62507],[-80.62871,46.62507],[-80.63555,46.62116],[-80.64532,46.62214],[-80.64825,46.62312],[-80.64922,46.62898],[-80.65118,46.63093],[-80.65215,46.63483],[-80.65215,46.63972],[-80.65313,46.64167],[-80.65606,46.64363],[-80.66973,46.64363],[-80.67754,46.65046],[-80.6834,46.65242],[-80.69805,46.65535],[-80.70293,46.65534],[-80.72637,46.65828],[-80.73223,46.66315],[-80.73614,46.66315],[-80.74297,46.6573],[-80.7459,46.6573],[-80.74981,46.65437],[-80.75371,46.65339],[-80.75664,46.65535],[-80.76348,46.6573],[-80.77032,46.65828],[-80.77911,46.65827],[-80.79375,46.66121],[-80.79766,46.6612],[-80.80059,46.66316],[-80.80938,46.66121],[-80.8211,46.65144],[-80.82305,46.65339],[-80.82599,46.6534],[-80.83673,46.6612],[-80.83966,46.6612],[-80.84259,46.66316],[-80.86114,46.6778],[-80.8631,46.68073],[-80.87286,46.68757],[-80.87872,46.69441],[-80.87872,46.69636],[-80.88068,46.69733],[-80.88263,46.70027],[-80.88653,46.7032],[-80.88654,46.70515],[-80.88849,46.70612],[-80.8963,46.71394],[-80.90802,46.72273],[-80.91486,46.72664],[-80.91583,46.72859],[-80.91876,46.73055],[-80.91974,46.73347],[-80.91876,46.74714]]]}},{"type":"Feature","properties":{"OGF_ID":67490664,"ECODISTRICT_NAME":"Tomiko"},"geometry":{"type":"Polygon","coordinates":[[[-79.56031,46.91609],[-79.56226,46.91707],[-79.56226,46.91903],[-79.55836,46.92097],[-79.5564,46.92292],[-79.54859,46.9239],[-79.54468,46.92878],[-79.54664,46.93465],[-79.55054,46.9366],[-79.56421,46.93757],[-79.56812,46.93855],[-79.56812,46.94343],[-79.56519,46.94636],[-79.56421,46.95026],[-79.56519,46.95906],[-79.57496,46.95809],[-79.59058,46.95418],[-79.59449,46.95125],[-79.59742,46.94735],[-79.59742,46.94051],[-79.59644,46.93757],[-79.60425,46.93074],[-79.61109,46.92878],[-79.61207,46.9239],[-79.61011,46.92195],[-79.60523,46.92098],[-79.59937,46.91804],[-79.59742,46.9161],[-79.59742,46.91218],[-79.59839,46.90633],[-79.60132,46.90242],[-79.60132,46.90047],[-79.60328,46.89851],[-79.60425,46.89265],[-79.60621,46.8907],[-79.60718,46.88582],[-79.61011,46.88289],[-79.61109,46.87702],[-79.61304,46.87508],[-79.61402,46.87116],[-79.61695,46.86823],[-79.61695,46.86628],[-79.62183,46.86238],[-79.62379,46.86141],[-79.62671,46.8614],[-79.62867,46.85945],[-79.63453,46.8575],[-79.63843,46.8575],[-79.6482,46.85164],[-79.65015,46.84871],[-79.65504,46.84578],[-79.65796,46.84187],[-79.65894,46.83699],[-79.66285,46.83113],[-79.67847,46.81745],[-79.67945,46.81355],[-79.68141,46.81159],[-79.68239,46.80476],[-79.68532,46.80183],[-79.68531,46.7989],[-79.68726,46.79695],[-79.68825,46.78913],[-79.6902,46.78719],[-79.6902,46.77254],[-79.70582,46.77254],[-79.71754,46.77547],[-79.7195,46.77742],[-79.73707,46.78426],[-79.74,46.78718],[-79.74293,46.78719],[-79.74586,46.78913],[-79.74977,46.79011],[-79.75075,46.79597],[-79.75563,46.80086],[-79.75465,46.81159],[-79.75758,46.81355],[-79.77028,46.81355],[-79.77711,46.81746],[-79.77809,46.81941],[-79.78102,46.8194],[-79.78395,46.81746],[-79.78395,46.81062],[-79.78493,46.80769],[-79.78688,46.80574],[-79.78688,46.80281],[-79.79176,46.7989],[-79.79567,46.79988],[-79.7986,46.80183],[-79.7986,46.8116],[-79.79664,46.81355],[-79.7986,46.82527],[-79.79469,46.83992],[-79.79469,46.84285],[-79.79762,46.84578],[-79.80739,46.83992],[-79.80836,46.83601],[-79.81129,46.83308],[-79.81129,46.83113],[-79.8152,46.82723],[-79.81813,46.82137],[-79.82106,46.81844],[-79.82106,46.81649],[-79.82399,46.8155],[-79.83278,46.80867],[-79.83766,46.80672],[-79.84254,46.8077],[-79.84254,46.80574],[-79.84547,46.80476],[-79.85036,46.80086],[-79.85036,46.7989],[-79.85621,46.79402],[-79.86111,46.79207],[-79.86794,46.79305],[-79.87086,46.79206],[-79.87966,46.78426],[-79.89138,46.78426],[-79.89626,46.78328],[-79.90212,46.77839],[-79.90603,46.76961],[-79.907,46.76472],[-79.90896,46.76277],[-79.90993,46.75691],[-79.91384,46.75399],[-79.91384,46.75203],[-79.91775,46.74714],[-79.9197,46.74617],[-79.9197,46.74422],[-79.92556,46.73933],[-79.92653,46.73738],[-79.92556,46.72859],[-79.9197,46.72371],[-79.92068,46.72078],[-79.91872,46.71883],[-79.91872,46.71492],[-79.92165,46.71101],[-79.93825,46.71199],[-79.94314,46.70612],[-79.95974,46.70515],[-79.96853,46.7032],[-79.97341,46.70027],[-79.97341,46.69832],[-79.97536,46.69637],[-79.97439,46.69246],[-79.9695,46.68952],[-79.94997,46.68953],[-79.94607,46.69246],[-79.94314,46.69246],[-79.94118,46.69441],[-79.93825,46.69539],[-79.93239,46.69538],[-79.92556,46.69343],[-79.92361,46.69148],[-79.92849,46.68562],[-79.93142,46.68367],[-79.93142,46.68074],[-79.92947,46.67878],[-79.92068,46.67781],[-79.91677,46.67488],[-79.91677,46.67292],[-79.9197,46.66902],[-79.92849,46.66316],[-79.92849,46.65827],[-79.9363,46.65828],[-79.94314,46.6573],[-79.95876,46.65437],[-79.96169,46.65437],[-79.97243,46.65144],[-79.97536,46.65144],[-79.9822,46.65535],[-79.98318,46.65828],[-79.98904,46.66121],[-80.02517,46.66121],[-80.02712,46.65925],[-80.03005,46.65926],[-80.03689,46.65535],[-80.03982,46.65534],[-80.04177,46.6534],[-80.05154,46.6534],[-80.05251,46.65047],[-80.05544,46.64851],[-80.07204,46.64656],[-80.08376,46.64656],[-80.09841,46.6446],[-80.10525,46.63972],[-80.10622,46.63581],[-80.10818,46.63386],[-80.10915,46.628],[-80.11306,46.62312],[-80.11599,46.62312],[-80.11892,46.62116],[-80.12771,46.62117],[-80.12967,46.62215],[-80.12771,46.62409],[-80.12673,46.62801],[-80.12674,46.64851],[-80.12868,46.65046],[-80.13162,46.65144],[-80.13943,46.64558],[-80.13943,46.64363],[-80.14236,46.64069],[-80.14236,46.63874],[-80.14724,46.63094],[-80.15408,46.62801],[-80.16678,46.62604],[-80.17557,46.62019],[-80.17654,46.61824],[-80.1824,46.61531],[-80.19314,46.6153],[-80.19705,46.61921],[-80.19803,46.62312],[-80.20682,46.62996],[-80.21365,46.63093],[-80.21854,46.63288],[-80.22244,46.6368],[-80.22439,46.64265],[-80.23709,46.64363],[-80.24002,46.6446],[-80.24588,46.64851],[-80.24686,46.65144],[-80.26346,46.65144],[-80.26541,46.64949],[-80.26541,46.64753],[-80.25564,46.6368],[-80.24686,46.63581],[-80.23416,46.63289],[-80.22928,46.62898],[-80.2283,46.62702],[-80.22635,46.62605],[-80.22537,46.62214],[-80.22342,46.62019],[-80.22342,46.61042],[-80.22928,46.60945],[-80.23123,46.60749],[-80.25174,46.60456],[-80.26639,46.60456],[-80.27127,46.60554],[-80.27713,46.60554],[-80.28201,46.60944],[-80.29666,46.60847],[-80.29666,46.60652],[-80.29861,46.60456],[-80.29959,46.59089],[-80.30252,46.58504],[-80.30252,46.5821],[-80.30545,46.58015],[-80.30741,46.57722],[-80.31034,46.57722],[-80.31815,46.57136],[-80.32108,46.57136],[-80.32499,46.56842],[-80.34452,46.56648],[-80.3455,46.56159],[-80.34354,46.56062],[-80.34354,46.55574],[-80.3455,46.55378],[-80.3494,46.55182],[-80.36014,46.55183],[-80.36503,46.55671],[-80.37089,46.55671],[-80.37284,46.55476],[-80.37968,46.55475],[-80.38554,46.55769],[-80.39432,46.56648],[-80.39628,46.57137],[-80.40702,46.57331],[-80.40702,46.57918],[-80.40116,46.5821],[-80.39823,46.58503],[-80.39921,46.58796],[-80.39921,46.5987],[-80.39725,46.60065],[-80.39628,46.61531],[-80.40116,46.62019],[-80.41093,46.62507],[-80.44609,46.62703],[-80.44609,46.62898],[-80.44901,46.63093],[-80.45,46.63386],[-80.45488,46.63386],[-80.45683,46.63581],[-80.45682,46.63874],[-80.45879,46.64069],[-80.45976,46.64362],[-80.46855,46.64362],[-80.47441,46.64265],[-80.48906,46.64265],[-80.49101,46.6446],[-80.49101,46.64949],[-80.49296,46.65144],[-80.49296,46.6573],[-80.49492,46.65925],[-80.49882,46.66023],[-80.51347,46.66023],[-80.51543,46.6573],[-80.5164,46.64363],[-80.53886,46.64167],[-80.54472,46.64558],[-80.5457,46.64851],[-80.54961,46.64851],[-80.55546,46.64753],[-80.55839,46.6446],[-80.56132,46.64461],[-80.56621,46.64167],[-80.56718,46.63875],[-80.57109,46.63777],[-80.5789,46.63972],[-80.58183,46.64168],[-80.58183,46.64363],[-80.57304,46.64949],[-80.56816,46.65534],[-80.56718,46.6612],[-80.56425,46.66511],[-80.56328,46.67976],[-80.56425,46.68171],[-80.56523,46.69246],[-80.56718,46.69441],[-80.56621,46.69734],[-80.57402,46.70222],[-80.57793,46.7032],[-80.5916,46.70515],[-80.60039,46.70515],[-80.6082,46.71101],[-80.60918,46.7198],[-80.61406,46.71687],[-80.61503,46.71492],[-80.61699,46.71394],[-80.61992,46.71394],[-80.62382,46.71687],[-80.62676,46.71784],[-80.63457,46.72371],[-80.63554,46.72175],[-80.6375,46.72078],[-80.6375,46.71199],[-80.63554,46.71003],[-80.63457,46.69636],[-80.63946,46.69344],[-80.63946,46.68855],[-80.63847,46.68561],[-80.63262,46.68171],[-80.63164,46.67976],[-80.62382,46.6739],[-80.62285,46.66902],[-80.63066,46.66219],[-80.6336,46.65827],[-80.6336,46.6534],[-80.62871,46.64363],[-80.62578,46.6407],[-80.62481,46.62996],[-80.62286,46.628],[-80.62286,46.62507],[-80.62285,46.62019],[-80.62578,46.61726],[-80.62578,46.6153],[-80.59843,46.6153],[-80.59355,46.61823],[-80.58867,46.61433],[-80.58964,46.61238],[-80.5916,46.6114],[-80.59453,46.60065],[-80.5916,46.59675],[-80.58769,46.59382],[-80.58574,46.59284],[-80.58183,46.59285],[-80.5789,46.59187],[-80.57695,46.58405],[-80.57207,46.58308],[-80.56621,46.58308],[-80.56621,46.57527],[-80.57402,46.56843],[-80.57304,46.5655],[-80.57011,46.56355],[-80.56621,46.55866],[-80.56621,46.55671],[-80.56035,46.55183],[-80.56132,46.54792],[-80.56523,46.54402],[-80.57207,46.54401],[-80.59062,46.53914],[-80.59746,46.53913],[-80.60625,46.53718],[-80.60918,46.5362],[-80.61015,46.53035],[-80.58769,46.53035],[-80.58379,46.53327],[-80.57011,46.53327],[-80.55742,46.52937],[-80.54961,46.52937],[-80.54961,46.53132],[-80.54668,46.53327],[-80.54668,46.53523],[-80.54082,46.53816],[-80.53203,46.53815],[-80.53007,46.53327],[-80.52812,46.53132],[-80.53007,46.52546],[-80.53496,46.52156],[-80.53593,46.5196],[-80.5457,46.51277],[-80.5457,46.50398],[-80.54375,46.503],[-80.54765,46.50007],[-80.54961,46.49617],[-80.55449,46.4903],[-80.55839,46.48737],[-80.5623,46.48738],[-80.56816,46.48249],[-80.56816,46.48055],[-80.57109,46.47858],[-80.57109,46.46589],[-80.575,46.46297],[-80.57695,46.46003],[-80.57695,46.4571],[-80.57402,46.45514],[-80.57402,46.45222],[-80.57597,46.45027],[-80.58379,46.44929],[-80.58476,46.44733],[-80.58867,46.4444],[-80.58867,46.43757],[-80.58574,46.43562],[-80.58183,46.4366],[-80.57793,46.43659],[-80.57207,46.43953],[-80.56718,46.44539],[-80.55644,46.4532],[-80.53789,46.45515],[-80.52617,46.45515],[-80.52031,46.4532],[-80.49687,46.45319],[-80.49199,46.44929],[-80.48906,46.44929],[-80.48515,46.44734],[-80.48125,46.44636],[-80.47148,46.44636],[-80.46953,46.44831],[-80.46562,46.44929],[-80.44315,46.45222],[-80.43925,46.45515],[-80.43241,46.4571],[-80.42948,46.4571],[-80.42753,46.45906],[-80.42362,46.45906],[-80.41972,46.46101],[-80.42264,46.46589],[-80.42069,46.46785],[-80.42069,46.4698],[-80.41776,46.4737],[-80.39237,46.4698],[-80.3787,46.4659],[-80.35624,46.46687],[-80.35429,46.46492],[-80.33573,46.46296],[-80.32206,46.47077],[-80.31326,46.46979],[-80.31132,46.46882],[-80.30839,46.46491],[-80.30545,46.46296],[-80.28689,46.46199],[-80.28494,46.46394],[-80.28494,46.46589],[-80.28885,46.47175],[-80.2908,46.47273],[-80.28983,46.47467],[-80.27713,46.47468],[-80.2742,46.47565],[-80.27029,46.47468],[-80.26932,46.46394],[-80.2576,46.46199],[-80.25174,46.45808],[-80.24783,46.4571],[-80.24588,46.45515],[-80.24197,46.45515],[-80.23221,46.45221],[-80.22537,46.44831],[-80.22049,46.44733],[-80.21854,46.44538],[-80.21463,46.44539],[-80.21072,46.4444],[-80.20779,46.44245],[-80.20193,46.44246],[-80.18631,46.43855],[-80.17459,46.4366],[-80.1365,46.43367],[-80.09354,46.42879],[-80.06911,46.42878],[-80.05935,46.42781],[-80.04372,46.42488],[-80.00954,46.42097],[-80.00564,46.42],[-80.00368,46.41804],[-79.99782,46.41609],[-79.98415,46.41413],[-79.96755,46.41414],[-79.9656,46.41511],[-79.96169,46.41511],[-79.95876,46.41804],[-79.94021,46.40632],[-79.94021,46.40437],[-79.92556,46.4073],[-79.92263,46.4073],[-79.91384,46.41414],[-79.90114,46.41414],[-79.89137,46.41022],[-79.88649,46.40925],[-79.86891,46.40925],[-79.85524,46.41804],[-79.8484,46.41902],[-79.82594,46.41706],[-79.82301,46.41609],[-79.79664,46.41511],[-79.77907,46.41316],[-79.76539,46.41121],[-79.76149,46.4073],[-79.75856,46.4073],[-79.74782,46.40339],[-79.74586,46.40144],[-79.74293,46.40144],[-79.74098,46.39949],[-79.73805,46.39949],[-79.72731,46.39656],[-79.71852,46.39168],[-79.71558,46.39167],[-79.71265,46.38972],[-79.70973,46.38972],[-79.70778,46.38777],[-79.70387,46.38777],[-79.69019,46.38386],[-79.68824,46.3819],[-79.68336,46.38191],[-79.68141,46.37996],[-79.6775,46.37996],[-79.65504,46.37508],[-79.63746,46.37215],[-79.62574,46.37214],[-79.62281,46.37312],[-79.615,46.37312],[-79.59839,46.37116],[-79.59254,46.37312],[-79.58765,46.37605],[-79.57496,46.36823],[-79.57105,46.36726],[-79.56812,46.36433],[-79.56519,46.36433],[-79.56226,46.36238],[-79.55933,46.36238],[-79.55543,46.36042],[-79.55347,46.35847],[-79.55054,46.35847],[-79.54859,46.35652],[-79.54566,46.35652],[-79.53492,46.35358],[-79.53394,46.35065],[-79.53199,46.34871],[-79.53004,46.35066],[-79.52613,46.35163],[-79.52125,46.35163],[-79.49879,46.34772],[-79.48511,46.3487],[-79.4685,46.35262],[-79.46264,46.35261],[-79.45386,46.34577],[-79.45093,46.34578],[-79.44311,46.34383],[-79.44116,46.34187],[-79.4353,46.34187],[-79.43432,46.33992],[-79.42651,46.33601],[-79.42163,46.33601],[-79.41968,46.33405],[-79.406,46.3321],[-79.38159,46.33113],[-79.37768,46.33015],[-79.36401,46.32917],[-79.33276,46.32527],[-79.32397,46.32331],[-79.30346,46.32429],[-79.26928,46.32429],[-79.27025,46.32038],[-79.26928,46.31746],[-79.26537,46.31452],[-79.26244,46.31355],[-79.25951,46.31062],[-79.25072,46.30671],[-79.24779,46.30378],[-79.24584,46.30281],[-79.24193,46.3028],[-79.23998,46.30085],[-79.22924,46.29597],[-79.22143,46.28913],[-79.22143,46.28718],[-79.2185,46.28523],[-79.21264,46.28327],[-79.21166,46.28035],[-79.20678,46.27644],[-79.19018,46.27644],[-79.18627,46.27449],[-79.16674,46.27448],[-79.16381,46.27644],[-79.16088,46.27644],[-79.14818,46.28815],[-79.14525,46.28816],[-79.14232,46.29011],[-79.13646,46.28816],[-79.13061,46.28328],[-79.12865,46.28425],[-79.12279,46.28327],[-79.1013,46.28425],[-79.072,46.27937],[-79.06908,46.27741],[-79.06322,46.27742],[-79.05638,46.27644],[-79.05247,46.27839],[-79.04759,46.2823],[-79.03685,46.2823],[-79.02708,46.27546],[-79.01732,46.27546],[-79.01048,46.27839],[-79.00755,46.27839],[-79.00267,46.27448],[-79.00072,46.26961],[-79.00364,46.26667],[-79.00853,46.26667],[-79.01048,46.26472],[-79.01341,46.26472],[-79.01634,46.26276],[-79.01927,46.26277],[-79.02611,46.25788],[-79.02611,46.25397],[-79.02318,46.25397],[-79.01536,46.25202],[-79.00072,46.25202],[-78.99681,46.24812],[-78.99583,46.24421],[-78.9929,46.24128],[-78.98314,46.23835],[-78.97825,46.24128],[-78.96751,46.25007],[-78.9597,46.2491],[-78.95775,46.24714],[-78.95482,46.24713],[-78.94993,46.24324],[-78.947,46.24323],[-78.94407,46.24225],[-78.94114,46.24324],[-78.93821,46.24713],[-78.93431,46.25006],[-78.92845,46.253],[-78.91771,46.25495],[-78.91087,46.25495],[-78.90696,46.25788],[-78.90697,46.26179],[-78.90208,46.26472],[-78.90013,46.26765],[-78.88841,46.27058],[-78.88352,46.27058],[-78.88255,46.27253],[-78.88352,46.27644],[-78.88548,46.27742],[-78.8884,46.27742],[-78.89232,46.28327],[-78.88743,46.28718],[-78.8845,46.28718],[-78.88157,46.28816],[-78.87181,46.28815],[-78.86986,46.2862],[-78.86594,46.2862],[-78.86008,46.28424],[-78.85325,46.28425],[-78.84935,46.28522],[-78.84544,46.29108],[-78.83958,46.29499],[-78.83567,46.29499],[-78.83079,46.29401],[-78.82689,46.29108],[-78.82591,46.28034],[-78.82396,46.27839],[-78.81517,46.27351],[-78.80736,46.27155],[-78.80443,46.27155],[-78.79759,46.2735],[-78.79368,46.27644],[-78.79075,46.27741],[-78.78587,46.28327],[-78.7888,46.28522],[-78.79271,46.28522],[-78.79758,46.28131],[-78.80638,46.28132],[-78.8093,46.28425],[-78.80931,46.28816],[-78.7927,46.2989],[-78.78978,46.29987],[-78.78392,46.30574],[-78.78392,46.31257],[-78.78587,46.31452],[-78.78489,46.3194],[-78.77805,46.32526],[-78.7595,46.32624],[-78.74485,46.3282],[-78.74289,46.32917],[-78.74094,46.32819],[-78.73508,46.3321],[-78.73215,46.3321],[-78.72479,46.33848],[-78.72755,46.34603],[-78.72484,46.35449],[-78.72302,46.36959],[-78.7256,46.37872],[-78.73039,46.38463],[-78.7353,46.38763],[-78.74225,46.39044],[-78.75769,46.39308],[-78.76876,46.40209],[-78.78203,46.41067],[-78.79005,46.41479],[-78.79588,46.41924],[-78.81796,46.42927],[-78.8382,46.4373],[-78.84625,46.43994],[-78.85423,46.44116],[-78.85916,46.44302],[-78.87003,46.45032],[-78.88825,46.45894],[-78.90219,46.47134],[-78.91632,46.481],[-78.93204,46.49638],[-78.93782,46.50488],[-78.9424,46.50959],[-78.96105,46.52108],[-78.96619,46.52576],[-78.97102,46.53297],[-78.98712,46.54525],[-78.99453,46.56076],[-78.99727,46.57146],[-78.99745,46.57915],[-78.99497,46.58915],[-78.99515,46.59283],[-78.99766,46.5958],[-79.00526,46.60102],[-79.00778,46.6041],[-79.01143,46.62013],[-79.016,46.63182],[-79.01826,46.63417],[-79.02519,46.6381],[-79.04308,46.64511],[-79.05064,46.65104],[-79.07235,46.66499],[-79.07644,46.66914],[-79.07601,46.67098],[-79.07334,46.67408],[-79.07544,46.67745],[-79.07801,46.67912],[-79.08357,46.68047],[-79.09298,46.68777],[-79.09574,46.6974],[-79.09948,46.70554],[-79.09981,46.71069],[-79.10092,46.712],[-79.10419,46.71298],[-79.11962,46.73292],[-79.12107,46.73609],[-79.1219,46.74487],[-79.13759,46.76876],[-79.14325,46.78509],[-79.14835,46.79337],[-79.15844,46.80661],[-79.16479,46.81919],[-79.1703,46.82458],[-79.17737,46.82819],[-79.19565,46.82931],[-79.21048,46.83134],[-79.21334,46.83251],[-79.21657,46.83632],[-79.22851,46.84589],[-79.23449,46.86021],[-79.25704,46.88346],[-79.26575,46.89002],[-79.27904,46.89716],[-79.27904,46.88777],[-79.28002,46.88484],[-79.2849,46.87898],[-79.2849,46.87703],[-79.29076,46.86921],[-79.29271,46.86824],[-79.29467,46.86531],[-79.29467,46.86336],[-79.29857,46.85848],[-79.29857,46.85653],[-79.30542,46.85163],[-79.30542,46.84968],[-79.30932,46.84675],[-79.31225,46.84676],[-79.31615,46.84382],[-79.31909,46.83796],[-79.32397,46.83308],[-79.3269,46.83308],[-79.33276,46.83112],[-79.33569,46.83113],[-79.33667,46.82918],[-79.3396,46.82722],[-79.34057,46.82038],[-79.3435,46.81745],[-79.3435,46.8155],[-79.34643,46.81355],[-79.34741,46.8116],[-79.35425,46.80672],[-79.35913,46.80671],[-79.37866,46.80281],[-79.3894,46.79988],[-79.39233,46.79792],[-79.39819,46.80281],[-79.40112,46.80378],[-79.40893,46.81062],[-79.41284,46.81062],[-79.41577,46.80867],[-79.41675,46.80672],[-79.4187,46.80574],[-79.42261,46.80574],[-79.42358,46.81647],[-79.42554,46.81844],[-79.42749,46.82332],[-79.42554,46.82429],[-79.42163,46.82917],[-79.42065,46.83503],[-79.41772,46.83601],[-79.40991,46.82722],[-79.406,46.82527],[-79.39819,46.82527],[-79.39331,46.82819],[-79.39136,46.8321],[-79.38452,46.83796],[-79.38257,46.84285],[-79.38257,46.84578],[-79.38452,46.84773],[-79.38452,46.85163],[-79.37964,46.85554],[-79.37964,46.8575],[-79.37573,46.86043],[-79.37768,46.87215],[-79.37768,46.87898],[-79.37964,46.88094],[-79.37866,46.88289],[-79.37866,46.89363],[-79.37573,46.89656],[-79.37475,46.89948],[-79.37475,46.90535],[-79.37964,46.90925],[-79.38452,46.90926],[-79.39331,46.90339],[-79.40112,46.90339],[-79.40698,46.90633],[-79.40991,46.90925],[-79.41382,46.90925],[-79.41577,46.9073],[-79.42261,46.90632],[-79.43432,46.90633],[-79.43628,46.9073],[-79.43921,46.90729],[-79.44409,46.91121],[-79.44409,46.91317],[-79.44116,46.91609],[-79.44018,46.92488],[-79.44018,46.92781],[-79.44214,46.92977],[-79.44214,46.93172],[-79.448,46.93464],[-79.45483,46.9366],[-79.4646,46.93562],[-79.47436,46.93269],[-79.47632,46.93074],[-79.48218,46.92879],[-79.4939,46.92976],[-79.50464,46.93269],[-79.50757,46.93269],[-79.51246,46.92586],[-79.51539,46.9239],[-79.51734,46.92097],[-79.51734,46.91902],[-79.52125,46.91512],[-79.52125,46.90242],[-79.5232,46.90047],[-79.52418,46.89656],[-79.52711,46.89363],[-79.52711,46.8907],[-79.52808,46.88777],[-79.53004,46.88581],[-79.53004,46.88386],[-79.5398,46.88094],[-79.54175,46.87898],[-79.54957,46.87801],[-79.5525,46.87507],[-79.55543,46.87507],[-79.56226,46.87995],[-79.56421,46.88191],[-79.56519,46.88581],[-79.56714,46.88679],[-79.56714,46.89363],[-79.56421,46.89656],[-79.56421,46.89851],[-79.55347,46.90633],[-79.55445,46.91316],[-79.55738,46.91316],[-79.56031,46.91609]]]}},{"type":"Feature","properties":{"OGF_ID":67490678,"ECODISTRICT_NAME":"Bancroft"},"geometry":{"type":"Polygon","coordinates":[[[-76.93022,45.48035],[-76.95041,45.48422],[-76.9709,45.48405],[-76.98095,45.47765],[-76.98485,45.47689],[-76.99439,45.47767],[-77.00173,45.48243],[-77.00425,45.49197],[-77.00365,45.5005],[-77.01374,45.50265],[-77.02166,45.50833],[-77.02846,45.51172],[-77.03603,45.51333],[-77.0372,45.51472],[-77.04341,45.51764],[-77.05557,45.51762],[-77.06311,45.51968],[-77.0643,45.52107],[-77.08349,45.52128],[-77.08809,45.51963],[-77.09513,45.51943],[-77.09606,45.5154],[-77.10126,45.51423],[-77.10263,45.51293],[-77.11081,45.51501],[-77.11689,45.51972],[-77.12002,45.52072],[-77.12197,45.52034],[-77.12783,45.52819],[-77.13397,45.532],[-77.13723,45.53121],[-77.13878,45.52721],[-77.1373,45.5114],[-77.13949,45.50743],[-77.1509,45.50917],[-77.16745,45.50117],[-77.16888,45.49897],[-77.17064,45.49183],[-77.17009,45.49046],[-77.17937,45.48582],[-77.18326,45.48505],[-77.19475,45.48543],[-77.19719,45.48732],[-77.19889,45.49053],[-77.19746,45.50218],[-77.19609,45.50348],[-77.19718,45.50582],[-77.21508,45.50682],[-77.24266,45.50593],[-77.25682,45.50459],[-77.27173,45.50193],[-77.27905,45.49766],[-77.28631,45.4943],[-77.2889,45.49393],[-77.29892,45.48751],[-77.3073,45.48643],[-77.3145,45.48396],[-77.31982,45.48098],[-77.32568,45.47937],[-77.33894,45.47215],[-77.34103,45.46951],[-77.35888,45.47054],[-77.37556,45.46971],[-77.378,45.4716],[-77.38244,45.47219],[-77.38984,45.47647],[-77.39675,45.47849],[-77.41651,45.47957],[-77.41851,45.47828],[-77.42496,45.47757],[-77.43024,45.47504],[-77.43479,45.47384],[-77.44604,45.46789],[-77.45616,45.45964],[-77.45938,45.4593],[-77.46637,45.45996],[-77.47185,45.47454],[-77.47554,45.4769],[-77.4779,45.48012],[-77.47895,45.48376],[-77.47862,45.48915],[-77.48248,45.48882],[-77.49245,45.48283],[-77.49523,45.47931],[-77.49623,45.47349],[-77.50039,45.46822],[-77.50433,45.46654],[-77.51133,45.45685],[-77.51599,45.45384],[-77.51421,45.45153],[-77.5146,45.44525],[-77.51845,45.43457],[-77.5194,45.41929],[-77.52286,45.41489],[-77.53417,45.40759],[-77.53567,45.40403],[-77.53273,45.39989],[-77.5294,45.39169],[-77.52152,45.3847],[-77.52099,45.38288],[-77.51559,45.37731],[-77.51426,45.36782],[-77.51642,45.36384],[-77.5232,45.3573],[-77.52475,45.35284],[-77.52347,45.34244],[-77.52996,45.34084],[-77.53261,45.33913],[-77.53647,45.33879],[-77.53829,45.3402],[-77.54114,45.34569],[-77.54651,45.35049],[-77.54924,45.34908],[-77.55683,45.35021],[-77.56718,45.34782],[-77.57145,45.3511],[-77.58338,45.35461],[-77.58961,45.35705],[-77.59205,45.35892],[-77.59121,45.3625],[-77.58793,45.36375],[-77.58539,45.36367],[-77.58886,45.36963],[-77.58983,45.37461],[-77.59369,45.37427],[-77.59568,45.37298],[-77.59642,45.3712],[-77.59828,45.37216],[-77.60338,45.37231],[-77.60364,45.37862],[-77.60287,45.38085],[-77.60088,45.38213],[-77.60069,45.38528],[-77.59853,45.38927],[-77.60086,45.40374],[-77.6058,45.40659],[-77.60898,45.40669],[-77.60859,45.40262],[-77.60679,45.40077],[-77.60555,45.38948],[-77.61017,45.38691],[-77.6145,45.38929],[-77.61907,45.38763],[-77.62481,45.3878],[-77.62792,45.38924],[-77.62759,45.39463],[-77.62502,45.39501],[-77.62042,45.39712],[-77.61659,45.39701],[-77.61766,45.40064],[-77.61949,45.40204],[-77.63775,45.40663],[-77.64859,45.40695],[-77.65313,45.40573],[-77.65461,45.40218],[-77.65236,45.39717],[-77.65196,45.3931],[-77.6552,45.39229],[-77.66601,45.39306],[-77.67292,45.39506],[-77.68403,45.40169],[-77.69041,45.40187],[-77.69307,45.40015],[-77.69828,45.3985],[-77.70468,45.39824],[-77.72118,45.40007],[-77.73884,45.40417],[-77.73542,45.40812],[-77.73725,45.40952],[-77.74171,45.40965],[-77.74246,45.40787],[-77.75139,45.40813],[-77.7575,45.4128],[-77.76899,45.41312],[-77.77417,45.41193],[-77.78055,45.4121],[-77.78433,45.41312],[-77.78553,45.4145],[-77.79054,45.41643],[-77.79436,45.41654],[-77.79832,45.41441],[-77.79842,45.4126],[-77.8037,45.4096],[-77.81968,45.4096],[-77.82279,45.41103],[-77.82248,45.40518],[-77.8261,45.39763],[-77.82944,45.39502],[-77.83017,45.39324],[-77.84616,45.38153],[-77.8551,45.37007],[-77.85841,45.36792],[-77.86231,45.36668],[-77.8759,45.36344],[-77.88166,45.36316],[-77.88132,45.34603],[-77.87964,45.33025],[-77.87426,45.31209],[-77.87071,45.30704],[-77.86792,45.29977],[-77.86709,45.29164],[-77.86474,45.28797],[-77.8365,45.27999],[-77.83091,45.27714],[-77.83003,45.28161],[-77.82866,45.28337],[-77.82405,45.28595],[-77.82173,45.28183],[-77.81664,45.28169],[-77.81231,45.27932],[-77.80864,45.27652],[-77.80749,45.27424],[-77.80703,45.27107],[-77.80915,45.26753],[-77.808,45.26524],[-77.79918,45.25195],[-77.79435,45.24731],[-77.79208,45.2423],[-77.77862,45.23247],[-77.77427,45.23054],[-77.77061,45.22774],[-77.76809,45.22722],[-77.76674,45.22853],[-77.766,45.24156],[-77.76198,45.24504],[-77.75432,45.24528],[-77.74913,45.24693],[-77.73918,45.25385],[-77.73528,45.25509],[-77.73019,45.25494],[-77.72455,45.25344],[-77.72216,45.25066],[-77.719,45.25012],[-77.71788,45.24739],[-77.71234,45.24408],[-77.71183,45.24181],[-77.70997,45.24086],[-77.71154,45.23596],[-77.71673,45.2343],[-77.72461,45.23003],[-77.72474,45.22778],[-77.71856,45.22446],[-77.72011,45.20874],[-77.72558,45.20215],[-77.7286,45.20494],[-77.73547,45.20738],[-77.74754,45.20773],[-77.74904,45.20373],[-77.73649,45.20067],[-77.73542,45.19703],[-77.73743,45.19529],[-77.74,45.19491],[-77.74463,45.19189],[-77.74473,45.1901],[-77.74107,45.18729],[-77.73472,45.18711],[-77.73368,45.18303],[-77.74024,45.17961],[-77.74405,45.17973],[-77.75244,45.17771],[-77.75216,45.17141],[-77.75599,45.17107],[-77.75744,45.16795],[-77.75945,45.16621],[-77.7596,45.16351],[-77.76288,45.16181],[-77.76491,45.15961],[-77.77188,45.16026],[-77.7717,45.16341],[-77.77808,45.16313],[-77.77818,45.16134],[-77.78148,45.15918],[-77.7856,45.1539],[-77.78984,45.14637],[-77.79492,45.1465],[-77.79502,45.14471],[-77.80113,45.13768],[-77.81623,45.1408],[-77.82161,45.13555],[-77.82405,45.13742],[-77.8272,45.13796],[-77.82933,45.13396],[-77.83336,45.13003],[-77.83981,45.12841],[-77.85643,45.12662],[-77.85797,45.13341],[-77.86161,45.13666],[-77.86078,45.14023],[-77.86192,45.14252],[-77.85796,45.14511],[-77.85782,45.1478],[-77.86524,45.15161],[-77.87254,45.15766],[-77.87762,45.1578],[-77.88378,45.16157],[-77.88353,45.16606],[-77.88473,45.16745],[-77.89235,45.16766],[-77.89441,45.17671],[-77.90523,45.17656],[-77.90858,45.1735],[-77.9063,45.16848],[-77.90914,45.16316],[-77.8978,45.16105],[-77.89799,45.15745],[-77.89939,45.15524],[-77.902,45.15397],[-77.90215,45.15127],[-77.90027,45.15077],[-77.89971,45.1494],[-77.87738,45.15059],[-77.87455,45.14422],[-77.87517,45.13298],[-77.86962,45.12968],[-77.8686,45.12515],[-77.86931,45.12382],[-77.87321,45.12212],[-77.88986,45.11988],[-77.8975,45.11964],[-77.89909,45.11383],[-77.90288,45.11438],[-77.91244,45.11374],[-77.91417,45.10524],[-77.92276,45.09917],[-77.92289,45.09692],[-77.92489,45.09518],[-77.92593,45.08755],[-77.92992,45.08191],[-77.94396,45.08308],[-77.94537,45.08042],[-77.94693,45.07506],[-77.94158,45.06816],[-77.93731,45.0649],[-77.93379,45.0594],[-77.9301,45.05706],[-77.92954,45.05569],[-77.93718,45.05545],[-77.95849,45.06052],[-77.9642,45.06067],[-77.96916,45.06305],[-77.97172,45.06267],[-77.97308,45.0609],[-77.96386,45.05526],[-77.9628,45.05118],[-77.96928,45.04865],[-77.96896,45.04279],[-77.97291,45.0402],[-77.98131,45.03727],[-77.99531,45.03674],[-77.99973,45.03898],[-77.99973,45.0362],[-78.00754,45.03717],[-78.00949,45.03815],[-78.01242,45.03815],[-78.01437,45.0401],[-78.0173,45.04011],[-78.01925,45.04206],[-78.02218,45.04205],[-78.02902,45.04694],[-78.03683,45.04889],[-78.04464,45.04987],[-78.04562,45.04792],[-78.04757,45.04694],[-78.04953,45.04694],[-78.05343,45.04499],[-78.05734,45.04499],[-78.05929,45.04304],[-78.06222,45.04303],[-78.06418,45.04108],[-78.07101,45.0401],[-78.0886,45.0401],[-78.09739,45.03815],[-78.09934,45.03619],[-78.10227,45.03619],[-78.10911,45.03132],[-78.11106,45.03132],[-78.11594,45.0274],[-78.11789,45.02838],[-78.12082,45.02643],[-78.12375,45.02643],[-78.12571,45.02448],[-78.13157,45.02447],[-78.13352,45.02154],[-78.1384,45.02154],[-78.14231,45.02056],[-78.14524,45.0196],[-78.14719,45.01764],[-78.1511,45.01764],[-78.15207,45.01569],[-78.17454,45.01569],[-78.18625,45.01471],[-78.19309,45.02057],[-78.19797,45.02154],[-78.19797,45.01862],[-78.20579,45.01276],[-78.20676,45.01081],[-78.20871,45.0108],[-78.21067,45.00983],[-78.22141,45.00007],[-78.22336,44.99323],[-78.22825,44.98639],[-78.22922,44.98248],[-78.23215,44.98054],[-78.23313,44.9776],[-78.23411,44.9776],[-78.23899,44.97369],[-78.24289,44.9737],[-78.24387,44.97272],[-78.2468,44.97272],[-78.24875,44.97145],[-78.2595,44.97272],[-78.2595,44.98053],[-78.25754,44.98444],[-78.25754,44.99128],[-78.25852,44.99225],[-78.25852,44.99518],[-78.26145,44.99811],[-78.26731,45.00104],[-78.26829,45.00299],[-78.2761,45.00885],[-78.27903,45.01276],[-78.28196,45.01276],[-78.28879,45.01765],[-78.29661,45.01959],[-78.30637,45.02838],[-78.31418,45.03229],[-78.31614,45.03229],[-78.31809,45.03424],[-78.32493,45.03619],[-78.33762,45.0362],[-78.34446,45.03424],[-78.34739,45.03131],[-78.34934,45.03132],[-78.35129,45.03033],[-78.35422,45.02643],[-78.35618,45.02545],[-78.36204,45.02546],[-78.37278,45.0274],[-78.3845,45.03229],[-78.40207,45.03815],[-78.40533,45.03847],[-78.41347,45.04466],[-78.42258,45.04499],[-78.42454,45.04694],[-78.42649,45.0528],[-78.42943,45.05671],[-78.43333,45.05768],[-78.43821,45.05768],[-78.44309,45.05475],[-78.45091,45.04791],[-78.45286,45.04791],[-78.45482,45.04596],[-78.45775,45.04596],[-78.4597,45.04401],[-78.47239,45.04596],[-78.48021,45.04792],[-78.48314,45.04792],[-78.48509,45.04987],[-78.49583,45.0528],[-78.49974,45.05572],[-78.50267,45.05573],[-78.50462,45.05768],[-78.50755,45.05768],[-78.51243,45.06256],[-78.51146,45.06451],[-78.51146,45.07428],[-78.51243,45.07623],[-78.51634,45.08014],[-78.52025,45.08112],[-78.52318,45.08112],[-78.54661,45.07624],[-78.54954,45.07623],[-78.56126,45.07331],[-78.56322,45.07135],[-78.56517,45.07135],[-78.56907,45.06843],[-78.56907,45.06647],[-78.58177,45.05182],[-78.58665,45.04889],[-78.6013,45.04889],[-78.6179,45.05377],[-78.62083,45.05573],[-78.62768,45.05671],[-78.63061,45.05963],[-78.63256,45.06061],[-78.63549,45.0606],[-78.63744,45.06256],[-78.64135,45.06354],[-78.64623,45.06354],[-78.64623,45.0694],[-78.64428,45.07135],[-78.64232,45.07623],[-78.64037,45.07721],[-78.64037,45.07917],[-78.63354,45.08405],[-78.62572,45.08796],[-78.62572,45.0899],[-78.61497,45.09772],[-78.61107,45.09772],[-78.60911,45.09869],[-78.60423,45.1026],[-78.60325,45.10553],[-78.60032,45.10846],[-78.59837,45.10846],[-78.59642,45.11139],[-78.59251,45.11432],[-78.5847,45.11432],[-78.57103,45.12409],[-78.56712,45.12506],[-78.54466,45.12409],[-78.54271,45.12604],[-78.54173,45.1319],[-78.54043,45.13321],[-78.54954,45.14069],[-78.55247,45.14069],[-78.55638,45.13873],[-78.55931,45.13874],[-78.56224,45.13678],[-78.57493,45.13483],[-78.60228,45.13483],[-78.60228,45.13678],[-78.60032,45.13873],[-78.59739,45.13873],[-78.59349,45.14167],[-78.58568,45.14264],[-78.57689,45.14947],[-78.57591,45.15241],[-78.57982,45.15631],[-78.58275,45.15728],[-78.59642,45.15729],[-78.60032,45.15631],[-78.60228,45.15436],[-78.60521,45.15435],[-78.60716,45.1524],[-78.60911,45.15241],[-78.61595,45.14752],[-78.61888,45.14753],[-78.62083,45.14557],[-78.62376,45.14558],[-78.62572,45.14362],[-78.6306,45.14362],[-78.63451,45.14264],[-78.63646,45.14069],[-78.6433,45.13972],[-78.64525,45.13776],[-78.65307,45.13776],[-78.656,45.13581],[-78.65893,45.1358],[-78.66576,45.13385],[-78.66967,45.13093],[-78.67357,45.13092],[-78.68529,45.12701],[-78.6892,45.12409],[-78.69213,45.12408],[-78.69408,45.12213],[-78.69604,45.12214],[-78.69799,45.12018],[-78.69994,45.12018],[-78.70775,45.11335],[-78.71068,45.10944],[-78.70971,45.09283],[-78.71264,45.08991],[-78.72143,45.08991],[-78.72826,45.09089],[-78.73119,45.09479],[-78.73314,45.09577],[-78.7351,45.10065],[-78.7351,45.10553],[-78.73314,45.10749],[-78.73217,45.11335],[-78.72924,45.11725],[-78.72826,45.12019],[-78.72924,45.12604],[-78.73022,45.12995],[-78.73803,45.1358],[-78.739,45.13874],[-78.74096,45.14069],[-78.74779,45.14167],[-78.75072,45.14362],[-78.76342,45.13385],[-78.76537,45.13386],[-78.76732,45.1319],[-78.76928,45.1319],[-78.77123,45.12994],[-78.77318,45.12995],[-78.77514,45.12799],[-78.77709,45.12799],[-78.77904,45.12603],[-78.77807,45.12409],[-78.77807,45.11627],[-78.781,45.10847],[-78.78588,45.10261],[-78.78686,45.09674],[-78.7849,45.086],[-78.781,45.08014],[-78.77904,45.07428],[-78.77221,45.06745],[-78.77123,45.06549],[-78.76928,45.06355],[-78.76439,45.06354],[-78.75756,45.05769],[-78.75658,45.05182],[-78.75658,45.04889],[-78.75854,45.04791],[-78.75854,45.04499],[-78.76049,45.04304],[-78.76049,45.03815],[-78.76244,45.03327],[-78.77221,45.03033],[-78.77318,45.01373],[-78.77025,45.003],[-78.7683,45.00202],[-78.76635,44.99812],[-78.76635,44.99616],[-78.76147,44.99225],[-78.76049,44.98933],[-78.75561,44.98444],[-78.75561,44.98151],[-78.75268,44.97956],[-78.75268,44.9776],[-78.75072,44.97565],[-78.74975,44.97174],[-78.74779,44.96979],[-78.74877,44.96881],[-78.74682,44.96686],[-78.74682,44.96296],[-78.75268,44.96296],[-78.75854,44.96589],[-78.76049,44.96589],[-78.76342,44.96784],[-78.7683,44.96881],[-78.76929,44.9698],[-78.77221,44.9698],[-78.77514,44.97272],[-78.77514,44.97467],[-78.77807,44.97663],[-78.77904,44.97858],[-78.78784,44.97174],[-78.78882,44.97174],[-78.79174,44.96882],[-78.7937,44.96881],[-78.79468,44.96783],[-78.79761,44.96784],[-78.79858,44.96686],[-78.80542,44.96686],[-78.81421,44.9571],[-78.823,44.95709],[-78.82495,44.95515],[-78.82788,44.95515],[-78.82983,44.95319],[-78.83471,44.95319],[-78.83764,44.95026],[-78.83764,44.94636],[-78.83471,44.9444],[-78.83276,44.9444],[-78.83081,44.94245],[-78.82983,44.93855],[-78.82788,44.93659],[-78.82886,44.93171],[-78.8269,44.92976],[-78.82593,44.92585],[-78.82202,44.92292],[-78.82104,44.91706],[-78.81714,44.91217],[-78.81811,44.9112],[-78.81518,44.90729],[-78.81518,44.90534],[-78.81323,44.90339],[-78.81323,44.90046],[-78.81225,44.90045],[-78.8103,44.90241],[-78.80932,44.90143],[-78.80444,44.90144],[-78.80249,44.89948],[-78.80249,44.89167],[-78.80346,44.89069],[-78.80346,44.88776],[-78.80151,44.88581],[-78.80151,44.88287],[-78.79858,44.87506],[-78.79272,44.87019],[-78.78979,44.87019],[-78.78882,44.86921],[-78.78198,44.86921],[-78.77905,44.86726],[-78.781,44.86433],[-78.78198,44.85944],[-78.78491,44.85749],[-78.78491,44.85554],[-78.78589,44.85456],[-78.78784,44.85456],[-78.78979,44.85163],[-78.79077,44.85163],[-78.7937,44.8487],[-78.79468,44.8487],[-78.79761,44.84578],[-78.79858,44.84577],[-78.80151,44.84187],[-78.80444,44.84089],[-78.80444,44.83991],[-78.80639,44.83991],[-78.81128,44.83503],[-78.81128,44.83308],[-78.81323,44.83112],[-78.81323,44.82331],[-78.81128,44.8194],[-78.81128,44.81647],[-78.81323,44.81355],[-78.81421,44.81355],[-78.81909,44.80964],[-78.81811,44.78815],[-78.82007,44.78327],[-78.82007,44.77936],[-78.82202,44.77741],[-78.82202,44.77545],[-78.823,44.77448],[-78.823,44.77155],[-78.82593,44.76764],[-78.8269,44.76276],[-78.82886,44.76081],[-78.82932,44.75839],[-78.81887,44.7593],[-78.81592,44.75843],[-78.81673,44.75471],[-78.82155,44.74741],[-78.82429,44.73934],[-78.8161,44.73068],[-78.81005,44.72757],[-78.80148,44.73316],[-78.79948,44.73372],[-78.79629,44.73342],[-78.79342,44.73176],[-78.79088,44.72872],[-78.78721,44.72688],[-78.78391,44.71786],[-78.76367,44.74291],[-78.75599,44.74621],[-78.75192,44.74638],[-78.74743,44.74871],[-78.74048,44.7495],[-78.73891,44.74606],[-78.73946,44.72699],[-78.73211,44.70715],[-78.7267,44.70538],[-78.72583,44.70335],[-78.72677,44.70035],[-78.72058,44.69724],[-78.71691,44.69712],[-78.70595,44.7011],[-78.70267,44.70149],[-78.68951,44.69831],[-78.67995,44.69222],[-78.67293,44.69364],[-78.66862,44.69328],[-78.66638,44.69207],[-78.64882,44.6902],[-78.63156,44.69331],[-78.63027,44.69662],[-78.62827,44.69828],[-78.61699,44.70094],[-78.601,44.70777],[-78.58859,44.71535],[-78.57987,44.71946],[-78.57326,44.71692],[-78.57383,44.71183],[-78.57882,44.70377],[-78.57995,44.69862],[-78.57821,44.67744],[-78.57536,44.67125],[-78.56947,44.66556],[-78.5654,44.66481],[-78.56189,44.66532],[-78.55133,44.66953],[-78.54534,44.67038],[-78.54279,44.66865],[-78.54799,44.64777],[-78.54695,44.62796],[-78.53936,44.60928],[-78.53379,44.6048],[-78.53036,44.60376],[-78.52701,44.60444],[-78.51919,44.61839],[-78.51197,44.62748],[-78.50886,44.62804],[-78.50046,44.63374],[-78.49483,44.63934],[-78.49065,44.64568],[-78.48745,44.64882],[-78.48297,44.6499],[-78.48098,44.64875],[-78.47797,44.64319],[-78.47794,44.63026],[-78.48025,44.61423],[-78.47408,44.59762],[-78.4713,44.59646],[-78.46834,44.59778],[-78.4648,44.60349],[-78.46286,44.60899],[-78.45774,44.6112],[-78.45591,44.61016],[-78.45883,44.59821],[-78.45796,44.59574],[-78.4141,44.60171],[-78.41073,44.60496],[-78.40687,44.61331],[-78.40221,44.6196],[-78.39965,44.61987],[-78.3975,44.61809],[-78.39247,44.61877],[-78.38614,44.62368],[-78.37139,44.63801],[-78.36729,44.64441],[-78.36385,44.64583],[-78.36194,44.64383],[-78.36533,44.63519],[-78.36575,44.63044],[-78.36341,44.61772],[-78.36385,44.6076],[-78.36323,44.60456],[-78.36139,44.60249],[-78.35621,44.59939],[-78.3508,44.59754],[-78.34784,44.5976],[-78.33784,44.60239],[-78.33319,44.60672],[-78.33054,44.611],[-78.3293,44.62165],[-78.32801,44.62365],[-78.32233,44.62626],[-78.31722,44.62597],[-78.31052,44.62395],[-78.30607,44.61873],[-78.30831,44.61771],[-78.30992,44.61531],[-78.30745,44.61221],[-78.30812,44.60689],[-78.31149,44.6014],[-78.31666,44.58802],[-78.31476,44.58492],[-78.31109,44.58302],[-78.30488,44.5802],[-78.30303,44.58145],[-78.29893,44.59003],[-78.29777,44.5981],[-78.29326,44.60433],[-78.29062,44.60621],[-78.28695,44.60735],[-78.28296,44.60739],[-78.2793,44.60487],[-78.27405,44.59673],[-78.27225,44.59106],[-78.27117,44.58023],[-78.27054,44.57829],[-78.26887,44.57696],[-78.27225,44.56937],[-78.28116,44.55954],[-78.28165,44.55679],[-78.27999,44.55324],[-78.27594,44.54893],[-78.27291,44.54647],[-78.26789,44.54411],[-78.26031,44.54501],[-78.25415,44.54487],[-78.23895,44.5513],[-78.23406,44.5553],[-78.22801,44.56324],[-78.22177,44.5741],[-78.21414,44.58347],[-78.20707,44.59519],[-78.20347,44.5969],[-78.20027,44.59712],[-78.19285,44.5951],[-78.19127,44.59349],[-78.19104,44.59063],[-78.19297,44.58628],[-78.19707,44.57908],[-78.20574,44.56839],[-78.21567,44.56366],[-78.21734,44.56166],[-78.21592,44.55904],[-78.21233,44.55725],[-78.19598,44.55332],[-78.18392,44.55317],[-78.17728,44.55728],[-78.17141,44.56654],[-78.17019,44.57152],[-78.17277,44.58457],[-78.16699,44.59337],[-78.16012,44.59439],[-78.15558,44.59134],[-78.15239,44.5903],[-78.14133,44.59129],[-78.13273,44.59352],[-78.12763,44.59116],[-78.12495,44.5836],[-78.12105,44.58067],[-78.11828,44.5738],[-78.12284,44.57186],[-78.12725,44.56757],[-78.12903,44.56049],[-78.10444,44.56253],[-78.08301,44.5665],[-78.07351,44.56596],[-78.06736,44.56651],[-78.05795,44.56933],[-78.05156,44.57297],[-78.04023,44.57592],[-78.03371,44.57641],[-78.02774,44.57279],[-78.0121,44.5677],[-77.99658,44.57115],[-77.97783,44.57319],[-77.97379,44.57199],[-77.96924,44.56907],[-77.95391,44.55375],[-77.9518,44.55637],[-77.94602,44.55914],[-77.94279,44.56012],[-77.93632,44.56027],[-77.93133,44.56174],[-77.92755,44.55963],[-77.92523,44.55685],[-77.9204,44.55513],[-77.91581,44.55678],[-77.90702,44.55065],[-77.90542,44.54725],[-77.92861,44.47743],[-77.92862,44.47422],[-77.92633,44.47294],[-77.9164,44.47675],[-77.91383,44.47442],[-77.91089,44.4741],[-77.89322,44.47764],[-77.88985,44.48069],[-77.87627,44.48399],[-77.86957,44.48642],[-77.85923,44.48788],[-77.85289,44.49377],[-77.84549,44.49686],[-77.84137,44.49588],[-77.84015,44.49358],[-77.83982,44.48791],[-77.84061,44.48225],[-77.84033,44.46569],[-77.84757,44.4457],[-77.84397,44.44588],[-77.8387,44.44867],[-77.83319,44.44889],[-77.83083,44.45029],[-77.8269,44.45081],[-77.82319,44.44921],[-77.81517,44.4507],[-77.80592,44.44989],[-77.80295,44.45053],[-77.7997,44.45238],[-77.78838,44.45165],[-77.78565,44.45219],[-77.77525,44.45875],[-77.7706,44.46538],[-77.7663,44.46796],[-77.747,44.47601],[-77.72247,44.48972],[-77.69925,44.4931],[-77.69281,44.4954],[-77.67591,44.50584],[-77.67064,44.50786],[-77.66622,44.51287],[-77.66185,44.52111],[-77.65568,44.51856],[-77.64763,44.51227],[-77.64563,44.5151],[-77.63968,44.51668],[-77.63584,44.51686],[-77.63204,44.51572],[-77.61363,44.49583],[-77.60763,44.49346],[-77.60376,44.48877],[-77.59819,44.48789],[-77.59019,44.48498],[-77.58695,44.48081],[-77.57731,44.47679],[-77.56873,44.47519],[-77.55664,44.47623],[-77.51696,44.49338],[-77.50677,44.49524],[-77.49845,44.49272],[-77.49468,44.49033],[-77.4914,44.48731],[-77.4861,44.47945],[-77.48195,44.47664],[-77.48079,44.47457],[-77.47124,44.47626],[-77.46682,44.47718],[-77.45212,44.48334],[-77.42583,44.49604],[-77.39338,44.50905],[-77.38929,44.50968],[-77.37676,44.50911],[-77.36418,44.50757],[-77.36078,44.50637],[-77.35162,44.49606],[-77.34843,44.49596],[-77.34247,44.49794],[-77.34055,44.5069],[-77.33692,44.50537],[-77.33481,44.50351],[-77.33315,44.49982],[-77.33088,44.49791],[-77.32796,44.50267],[-77.32627,44.51839],[-77.32327,44.52001],[-77.31823,44.52006],[-77.31582,44.51785],[-77.3079,44.50572],[-77.30421,44.5154],[-77.30198,44.51823],[-77.29917,44.51888],[-77.2959,44.51855],[-77.29276,44.51359],[-77.29155,44.50819],[-77.28685,44.50726],[-77.27986,44.4963],[-77.27444,44.49645],[-77.25226,44.5017],[-77.23607,44.50949],[-77.2332,44.50935],[-77.22862,44.50453],[-77.21541,44.50893],[-77.21196,44.50951],[-77.20615,44.50857],[-77.20461,44.50643],[-77.20453,44.50317],[-77.21376,44.49528],[-77.21892,44.48453],[-77.21668,44.48198],[-77.20511,44.48446],[-77.20121,44.48681],[-77.19516,44.48902],[-77.18109,44.49272],[-77.17244,44.49661],[-77.16801,44.49781],[-77.15403,44.51274],[-77.15332,44.51547],[-77.15134,44.51797],[-77.14447,44.51833],[-77.13771,44.51669],[-77.13225,44.51788],[-77.12374,44.5319],[-77.10141,44.55159],[-77.09906,44.55287],[-77.09543,44.55138],[-77.09468,44.54937],[-77.0955,44.54246],[-77.09757,44.5398],[-77.09806,44.53625],[-77.09997,44.5333],[-77.09778,44.53161],[-77.08506,44.52944],[-77.08001,44.52714],[-77.07791,44.52493],[-77.06839,44.52217],[-77.04604,44.52152],[-77.04152,44.52032],[-77.04024,44.51738],[-77.04091,44.51344],[-77.03818,44.51076],[-77.03389,44.50962],[-77.02536,44.50899],[-77.0183,44.51044],[-77.0145,44.51205],[-77.01229,44.51437],[-76.98484,44.52503],[-76.9766,44.52293],[-76.97548,44.51999],[-76.97464,44.4969],[-76.97168,44.49424],[-76.97135,44.4916],[-76.9712,44.47001],[-76.96347,44.45731],[-76.95697,44.45247],[-76.94882,44.44961],[-76.9454,44.44899],[-76.94003,44.44977],[-76.93049,44.45703],[-76.92892,44.45912],[-76.91455,44.46168],[-76.91226,44.46394],[-76.89657,44.46791],[-76.88639,44.47263],[-76.88069,44.47353],[-76.87606,44.47336],[-76.84107,44.46733],[-76.83252,44.47036],[-76.82435,44.47741],[-76.82103,44.47902],[-76.81791,44.47932],[-76.8151,44.47688],[-76.81199,44.47644],[-76.80838,44.47725],[-76.80027,44.47582],[-76.796,44.47702],[-76.79218,44.47646],[-76.79255,44.47159],[-76.78858,44.47365],[-76.78512,44.47447],[-76.78389,44.47268],[-76.7837,44.46787],[-76.78231,44.46601],[-76.77879,44.46648],[-76.76566,44.4706],[-76.75911,44.46764],[-76.7575,44.46488],[-76.75418,44.4638],[-76.74447,44.46556],[-76.7417,44.46432],[-76.73329,44.46541],[-76.73278,44.46334],[-76.73068,44.46131],[-76.73097,44.45627],[-76.72969,44.45362],[-76.72142,44.45477],[-76.7156,44.46064],[-76.71301,44.46187],[-76.71095,44.4643],[-76.71056,44.46687],[-76.70277,44.46544],[-76.70324,44.47164],[-76.69954,44.47572],[-76.69315,44.479],[-76.68094,44.49087],[-76.6733,44.50753],[-76.66868,44.50994],[-76.65639,44.5128],[-76.64435,44.521],[-76.64097,44.52485],[-76.61995,44.53424],[-76.61471,44.53319],[-76.60228,44.53801],[-76.57321,44.55273],[-76.56849,44.55587],[-76.55431,44.57262],[-76.53457,44.60023],[-76.52788,44.62373],[-76.52456,44.63125],[-76.52184,44.63476],[-76.51691,44.63967],[-76.50126,44.64249],[-76.48551,44.65236],[-76.46609,44.66201],[-76.46206,44.66716],[-76.44506,44.67231],[-76.39724,44.67245],[-76.37835,44.67065],[-76.35849,44.67224],[-76.33372,44.6855],[-76.32117,44.68864],[-76.30864,44.68949],[-76.2938,44.68732],[-76.27357,44.68552],[-76.24034,44.6972],[-76.22257,44.70234],[-76.20886,44.70494],[-76.20056,44.70732],[-76.18147,44.70702],[-76.17083,44.71019],[-76.15863,44.72042],[-76.15183,44.72797],[-76.13212,44.73392],[-76.12476,44.73943],[-76.12025,44.7519],[-76.12615,44.76392],[-76.13666,44.77815],[-76.1395,44.7862],[-76.13901,44.80195],[-76.13033,44.83316],[-76.13802,44.83594],[-76.14554,44.8356],[-76.17087,44.8244],[-76.17784,44.81998],[-76.18924,44.81531],[-76.20503,44.81899],[-76.21001,44.82379],[-76.21015,44.83276],[-76.20855,44.84049],[-76.19495,44.8575],[-76.19934,44.8653],[-76.21532,44.86748],[-76.2366,44.85719],[-76.26238,44.83498],[-76.26689,44.82345],[-76.2681,44.81477],[-76.27185,44.80175],[-76.27982,44.79176],[-76.29649,44.77939],[-76.31173,44.77667],[-76.31788,44.78012],[-76.32286,44.78479],[-76.32299,44.79417],[-76.31052,44.81528],[-76.30797,44.82245],[-76.31005,44.82873],[-76.31639,44.83205],[-76.32896,44.82617],[-76.35028,44.80895],[-76.35552,44.80369],[-76.3654,44.79671],[-76.38143,44.79196],[-76.39338,44.79315],[-76.40241,44.79758],[-76.41179,44.80704],[-76.41463,44.81508],[-76.41953,44.82121],[-76.42447,44.83055],[-76.42383,44.83667],[-76.42132,44.84094],[-76.42102,44.84619],[-76.40201,44.86432],[-76.38874,44.89208],[-76.38839,44.89888],[-76.38305,44.91358],[-76.38288,44.92016],[-76.37796,44.93401],[-76.37976,44.93839],[-76.37117,44.94932],[-76.36863,44.95461],[-76.36173,44.95881],[-76.36299,44.96827],[-76.35778,44.97519],[-76.35547,44.98105],[-76.35853,44.98619],[-76.35425,44.99468],[-76.35021,44.99877],[-76.34961,45.00358],[-76.34665,45.00843],[-76.34656,45.01055],[-76.35318,45.01967],[-76.35385,45.03038],[-76.34982,45.03883],[-76.3387,45.04968],[-76.33445,45.05281],[-76.32246,45.05826],[-76.31886,45.06243],[-76.31126,45.06819],[-76.30587,45.06977],[-76.29637,45.06986],[-76.29393,45.06882],[-76.28875,45.06335],[-76.28267,45.05928],[-76.27755,45.05903],[-76.27332,45.05935],[-76.26973,45.06049],[-76.26572,45.06471],[-76.26431,45.06991],[-76.26186,45.07145],[-76.25876,45.0727],[-76.2477,45.07278],[-76.24485,45.07191],[-76.24496,45.06767],[-76.24776,45.06155],[-76.2482,45.05732],[-76.24772,45.0548],[-76.24424,45.05165],[-76.22619,45.04929],[-76.21947,45.04383],[-76.2112,45.03928],[-76.17501,45.03692],[-76.17214,45.03847],[-76.17776,45.04388],[-76.16953,45.05018],[-76.16465,45.05812],[-76.16433,45.06716],[-76.16626,45.07421],[-76.16925,45.07981],[-76.16915,45.08216],[-76.16468,45.08577],[-76.15627,45.08625],[-76.15573,45.08956],[-76.15895,45.09554],[-76.16511,45.09705],[-76.16558,45.09926],[-76.16369,45.10246],[-76.16477,45.10436],[-76.16651,45.10569],[-76.17181,45.10731],[-76.16724,45.11327],[-76.16457,45.1213],[-76.17032,45.11843],[-76.16999,45.12393],[-76.18118,45.12703],[-76.18913,45.12606],[-76.19828,45.12252],[-76.20195,45.12219],[-76.20422,45.12288],[-76.20697,45.12541],[-76.21181,45.13332],[-76.21056,45.13819],[-76.21094,45.14282],[-76.21344,45.14747],[-76.21171,45.15084],[-76.20911,45.16519],[-76.20621,45.18843],[-76.21035,45.20453],[-76.21364,45.21255],[-76.21705,45.21348],[-76.21901,45.21245],[-76.22454,45.21184],[-76.23416,45.2093],[-76.23596,45.20725],[-76.24109,45.20561],[-76.24687,45.20539],[-76.25174,45.20741],[-76.25058,45.21147],[-76.25195,45.21405],[-76.25487,45.21522],[-76.26552,45.21559],[-76.27309,45.21441],[-76.27666,45.21625],[-76.28159,45.22274],[-76.28007,45.23178],[-76.28293,45.24415],[-76.28162,45.24627],[-76.26908,45.24892],[-76.26581,45.25039],[-76.2631,45.25519],[-76.26503,45.25858],[-76.2741,45.26588],[-76.27752,45.26663],[-76.28126,45.26618],[-76.30065,45.26162],[-76.30293,45.26088],[-76.3049,45.25677],[-76.30801,45.25569],[-76.30995,45.25667],[-76.3114,45.25907],[-76.31019,45.27276],[-76.30772,45.27675],[-76.30987,45.28501],[-76.30389,45.29248],[-76.29638,45.29692],[-76.29465,45.3011],[-76.2948,45.30372],[-76.29696,45.30957],[-76.30417,45.31469],[-76.31124,45.31706],[-76.31496,45.32039],[-76.31402,45.32236],[-76.31218,45.32577],[-76.31263,45.32836],[-76.31368,45.3311],[-76.31551,45.33207],[-76.31747,45.33936],[-76.32154,45.34402],[-76.33155,45.34668],[-76.34355,45.34808],[-76.36048,45.35192],[-76.37316,45.35288],[-76.37567,45.35343],[-76.3768,45.35528],[-76.38054,45.35633],[-76.39009,45.35671],[-76.39334,45.35595],[-76.40872,45.35522],[-76.42272,45.35578],[-76.4283,45.35781],[-76.43318,45.3607],[-76.45542,45.37779],[-76.46398,45.38264],[-76.49616,45.39562],[-76.4976,45.40153],[-76.50358,45.40671],[-76.50608,45.40668],[-76.50903,45.41052],[-76.51323,45.41384],[-76.5212,45.41821],[-76.53489,45.4228],[-76.53755,45.42155],[-76.53783,45.41796],[-76.54141,45.41315],[-76.54795,45.41115],[-76.55561,45.41145],[-76.55915,45.41519],[-76.56074,45.4193],[-76.56857,45.42546],[-76.57738,45.42716],[-76.58361,45.42919],[-76.58731,45.43924],[-76.59223,45.44168],[-76.59665,45.4423],[-76.59974,45.44377],[-76.60016,45.44649],[-76.60431,45.4507],[-76.60474,45.45342],[-76.61806,45.45483],[-76.61987,45.45625],[-76.62239,45.4568],[-76.63074,45.45622],[-76.63538,45.45414],[-76.65887,45.45639],[-76.66929,45.46219],[-76.69172,45.46169],[-76.70613,45.45727],[-76.71083,45.4543],[-76.71985,45.4533],[-76.72251,45.45204],[-76.74199,45.44827],[-76.75061,45.44409],[-76.7596,45.44353],[-76.79971,45.44591],[-76.80413,45.44653],[-76.80531,45.44792],[-76.80307,45.45233],[-76.80354,45.4546],[-76.8134,45.45947],[-76.8209,45.462],[-76.83413,45.46472],[-76.84601,45.46831],[-76.85048,45.46848],[-76.85185,45.46718],[-76.85575,45.46641],[-76.85722,45.46377],[-76.86795,45.45695],[-76.87426,45.45809],[-76.88161,45.45385],[-76.89111,45.45509],[-76.8935,45.45743],[-76.8961,45.46562],[-76.90962,45.47331],[-76.93022,45.48035]]]}},{"type":"Feature","properties":{"OGF_ID":67490685,"ECODISTRICT_NAME":"Charleston Lake"},"geometry":{"type":"Polygon","coordinates":[[[-76.43831,44.63956],[-76.45651,44.64177],[-76.46489,44.64652],[-76.46941,44.65074],[-76.47081,44.65554],[-76.46609,44.66201],[-76.48551,44.65236],[-76.50126,44.64249],[-76.51691,44.63967],[-76.52184,44.63476],[-76.52456,44.63125],[-76.52788,44.62373],[-76.53457,44.60023],[-76.55431,44.57262],[-76.56849,44.55587],[-76.57321,44.55273],[-76.60228,44.53801],[-76.61471,44.53319],[-76.61995,44.53424],[-76.64097,44.52485],[-76.64435,44.521],[-76.65639,44.5128],[-76.66868,44.50994],[-76.6733,44.50753],[-76.68094,44.49087],[-76.69315,44.479],[-76.69954,44.47572],[-76.70324,44.47164],[-76.70277,44.46544],[-76.67813,44.46088],[-76.67602,44.46223],[-76.66943,44.4638],[-76.66755,44.45926],[-76.66632,44.45082],[-76.66355,44.45061],[-76.66059,44.44467],[-76.65726,44.4432],[-76.65352,44.44321],[-76.65012,44.44493],[-76.64794,44.45154],[-76.65046,44.46176],[-76.65055,44.46463],[-76.64878,44.46793],[-76.63579,44.47307],[-76.63057,44.47375],[-76.62165,44.47311],[-76.61811,44.47089],[-76.61266,44.46561],[-76.61081,44.45991],[-76.61538,44.44154],[-76.61394,44.4382],[-76.60962,44.43568],[-76.60586,44.43557],[-76.59139,44.43939],[-76.56832,44.44783],[-76.56318,44.44862],[-76.56131,44.44699],[-76.55972,44.44371],[-76.56054,44.43673],[-76.56195,44.43481],[-76.56066,44.43256],[-76.56175,44.43033],[-76.56169,44.42369],[-76.55912,44.42108],[-76.55602,44.4207],[-76.53056,44.42894],[-76.52099,44.42824],[-76.51831,44.42677],[-76.52491,44.42205],[-76.52728,44.41688],[-76.52573,44.41519],[-76.52187,44.41611],[-76.51252,44.42234],[-76.50629,44.42524],[-76.49971,44.42366],[-76.50077,44.41932],[-76.50684,44.41665],[-76.50885,44.41307],[-76.51244,44.41026],[-76.52488,44.40515],[-76.53302,44.39932],[-76.53932,44.39064],[-76.54457,44.38831],[-76.54515,44.38431],[-76.52979,44.38814],[-76.51054,44.39167],[-76.50621,44.39349],[-76.49448,44.40378],[-76.47937,44.41354],[-76.46315,44.42242],[-76.45783,44.42446],[-76.4474,44.42627],[-76.43302,44.43433],[-76.42163,44.43733],[-76.41613,44.43734],[-76.40038,44.43433],[-76.39947,44.43203],[-76.39398,44.43167],[-76.38873,44.43039],[-76.38556,44.42675],[-76.38456,44.42205],[-76.38098,44.42428],[-76.37249,44.42359],[-76.36876,44.41531],[-76.36934,44.40847],[-76.37229,44.40581],[-76.37254,44.40111],[-76.36805,44.39748],[-76.36657,44.39908],[-76.34648,44.41025],[-76.33995,44.41512],[-76.33553,44.41112],[-76.33552,44.40888],[-76.33097,44.40328],[-76.32562,44.40355],[-76.30788,44.41888],[-76.29332,44.42899],[-76.28909,44.42578],[-76.30063,44.41197],[-76.29589,44.40996],[-76.2896,44.41251],[-76.2827,44.41368],[-76.27553,44.41288],[-76.25739,44.41625],[-76.24658,44.41713],[-76.23734,44.41919],[-76.23037,44.41995],[-76.21135,44.4201],[-76.18782,44.42206],[-76.16672,44.42527],[-76.16794,44.42139],[-76.17179,44.41796],[-76.17681,44.41544],[-76.18259,44.41122],[-76.18982,44.40383],[-76.19224,44.39945],[-76.19377,44.3902],[-76.2032,44.38397],[-76.20869,44.38175],[-76.21126,44.37806],[-76.21386,44.37043],[-76.21254,44.36618],[-76.21537,44.35866],[-76.22312,44.35573],[-76.22856,44.35248],[-76.22416,44.34938],[-76.21907,44.34852],[-76.22085,44.34482],[-76.2268,44.34324],[-76.23328,44.3372],[-76.23341,44.32925],[-76.23258,44.32408],[-76.22931,44.32072],[-76.22266,44.32178],[-76.19913,44.33548],[-76.19048,44.34246],[-76.18523,44.34468],[-76.18089,44.34256],[-76.18418,44.32961],[-76.18431,44.32514],[-76.1747,44.31708],[-76.16908,44.31774],[-76.16719,44.31723],[-76.16634,44.31581],[-76.16659,44.31068],[-76.16487,44.30912],[-76.16279,44.30258],[-76.16453,44.29552],[-76.16181,44.28074],[-76.13117,44.2964],[-76.12945,44.29515],[-76.1182,44.29493],[-76.11184,44.29809],[-76.09697,44.29973],[-76.0455,44.33181],[-76.008,44.3442],[-76.00111,44.34787],[-75.98609,44.3469],[-75.98195,44.34748],[-75.98022,44.34604],[-75.97845,44.34651],[-75.97503,44.34601],[-75.97292,44.34304],[-75.9702,44.34254],[-75.94972,44.34898],[-75.94084,44.35468],[-75.92953,44.35931],[-75.92167,44.36876],[-75.91284,44.36781],[-75.86992,44.39618],[-75.82139,44.43206],[-75.80759,44.4717],[-75.76702,44.51518],[-75.76797,44.52784],[-75.7602,44.55517],[-75.74989,44.57031],[-75.7397,44.59538],[-75.73909,44.60081],[-75.74384,44.6105],[-75.75175,44.6103],[-75.75756,44.60505],[-75.7603,44.60059],[-75.76514,44.59614],[-75.77233,44.58682],[-75.77546,44.58073],[-75.78244,44.57508],[-75.78691,44.56982],[-75.79351,44.56117],[-75.79645,44.55494],[-75.81314,44.53877],[-75.81703,44.53324],[-75.82303,44.52866],[-75.83833,44.52009],[-75.84157,44.52447],[-75.83805,44.53327],[-75.83259,44.5418],[-75.82015,44.55705],[-75.81895,44.56343],[-75.82723,44.56568],[-75.83555,44.5614],[-75.84155,44.5571],[-75.85164,44.54754],[-75.86016,44.54203],[-75.88868,44.514],[-75.90068,44.50799],[-75.90592,44.50273],[-75.91308,44.49749],[-75.92179,44.4928],[-75.93184,44.48827],[-75.93898,44.48765],[-75.94008,44.4969],[-75.91594,44.53232],[-75.91128,44.53744],[-75.87251,44.57123],[-75.86203,44.58134],[-75.8459,44.60065],[-75.84952,44.60761],[-75.86167,44.60503],[-75.86807,44.60193],[-75.87544,44.59438],[-75.89209,44.58459],[-75.90483,44.58117],[-75.91872,44.5806],[-75.9297,44.58179],[-75.96134,44.57935],[-75.97543,44.57743],[-75.99124,44.57757],[-76.00665,44.57919],[-76.02136,44.5788],[-76.07583,44.58374],[-76.09431,44.58879],[-76.1114,44.59954],[-76.12495,44.62101],[-76.13537,44.61919],[-76.15724,44.60646],[-76.16558,44.59961],[-76.1718,44.59191],[-76.17493,44.58487],[-76.17749,44.57551],[-76.17623,44.56353],[-76.17857,44.55852],[-76.18476,44.55449],[-76.19151,44.55537],[-76.19704,44.56493],[-76.19892,44.57311],[-76.21833,44.61067],[-76.22293,44.61614],[-76.23581,44.62183],[-76.24429,44.6219],[-76.25475,44.61492],[-76.26793,44.60307],[-76.27896,44.59705],[-76.2942,44.59569],[-76.29648,44.60073],[-76.29471,44.60616],[-76.28559,44.61628],[-76.26294,44.6294],[-76.25771,44.63371],[-76.25478,44.63967],[-76.25706,44.64499],[-76.26667,44.64847],[-76.28113,44.64915],[-76.30139,44.64728],[-76.32474,44.64394],[-76.37043,44.64325],[-76.38819,44.64055],[-76.40825,44.64045],[-76.43178,44.63862],[-76.43831,44.63956]]]}},{"type":"Feature","properties":{"OGF_ID":67490691,"ECODISTRICT_NAME":"Oak Ridges"},"geometry":{"type":"Polygon","coordinates":[[[-79.32798,44.10742],[-79.34073,44.11089],[-79.35039,44.11223],[-79.36053,44.11511],[-79.37394,44.116],[-79.37728,44.11739],[-79.38636,44.12371],[-79.39259,44.12217],[-79.39828,44.11784],[-79.39719,44.11308],[-79.39027,44.10625],[-79.38788,44.10236],[-79.3871,44.09857],[-79.3911,44.09652],[-79.39223,44.09436],[-79.38539,44.08781],[-79.38341,44.08311],[-79.37633,44.07668],[-79.369,44.07329],[-79.35801,44.06673],[-79.35563,44.06278],[-79.35525,44.05906],[-79.3575,44.0538],[-79.3644,44.04535],[-79.36506,44.04248],[-79.37012,44.035],[-79.3807,44.02432],[-79.38328,44.01625],[-79.38473,44.01437],[-79.39186,44.00987],[-79.39506,44.00895],[-79.39888,44.01075],[-79.40532,44.01751],[-79.40978,44.01952],[-79.41377,44.02011],[-79.41594,44.01908],[-79.42309,44.00829],[-79.4258,43.99499],[-79.43011,43.98878],[-79.43378,43.98681],[-79.45094,43.98383],[-79.45902,43.98336],[-79.46864,43.98569],[-79.47441,43.98789],[-79.48491,43.99741],[-79.48472,44.00077],[-79.49099,44.01257],[-79.49499,44.02987],[-79.49473,44.03261],[-79.50173,44.04099],[-79.50771,44.04335],[-79.51482,44.04422],[-79.51785,44.04349],[-79.52779,44.03556],[-79.53656,44.01807],[-79.5378,44.00662],[-79.5422,43.99041],[-79.55001,43.97828],[-79.55305,43.97689],[-79.55896,43.97792],[-79.57098,43.98888],[-79.57802,43.99306],[-79.59669,43.9967],[-79.59868,43.99789],[-79.60362,43.99751],[-79.6058,43.99651],[-79.61061,43.9919],[-79.61631,43.98946],[-79.62013,43.98148],[-79.62848,43.97764],[-79.63978,43.9771],[-79.64616,43.97185],[-79.64851,43.97143],[-79.65965,43.97083],[-79.67644,43.97448],[-79.68973,43.97593],[-79.72495,43.9779],[-79.73149,43.97344],[-79.73433,43.97434],[-79.73585,43.97679],[-79.73447,43.98949],[-79.74125,44.00268],[-79.74372,44.0048],[-79.74619,44.00533],[-79.75661,44.01388],[-79.76379,44.01716],[-79.76722,44.01836],[-79.77352,44.01901],[-79.78072,44.01829],[-79.79049,44.01184],[-79.79792,44.01157],[-79.8082,44.0155],[-79.81576,44.02118],[-79.81975,44.02302],[-79.82854,44.02132],[-79.8335,44.0187],[-79.84006,44.0174],[-79.85768,44.02134],[-79.86358,44.02398],[-79.87077,44.02555],[-79.89516,44.03447],[-79.90073,44.04073],[-79.90292,44.05041],[-79.91006,44.06107],[-79.91978,44.06728],[-79.93686,44.07184],[-79.95553,44.07395],[-79.97148,44.0796],[-79.97929,44.08334],[-79.98292,44.09428],[-79.9829,44.09726],[-79.99446,44.11203],[-79.9934,44.11529],[-80.00964,44.12417],[-80.01567,44.12974],[-80.01224,44.13842],[-80.00798,44.14202],[-80.00462,44.14292],[-79.99868,44.14615],[-79.9916,44.14748],[-79.988,44.14941],[-79.9709,44.15201],[-79.9746,44.16403],[-79.97691,44.17558],[-79.97876,44.17928],[-79.98292,44.18159],[-79.98431,44.18714],[-79.97968,44.19407],[-79.98199,44.20424],[-79.98939,44.21302],[-79.99678,44.22873],[-80.00048,44.23427],[-80.0051,44.25415],[-79.99771,44.26339],[-79.99493,44.27171],[-79.9954,44.27633],[-79.99909,44.28141],[-80.01712,44.28973],[-80.01897,44.29897],[-80.02035,44.30129],[-80.03006,44.31283],[-80.04208,44.32439],[-80.04208,44.32809],[-80.0393,44.3341],[-80.02359,44.3512],[-80.02267,44.3535],[-80.02359,44.3572],[-80.02821,44.36091],[-80.03884,44.36599],[-80.0467,44.36875],[-80.05039,44.37107],[-80.08459,44.38355],[-80.08829,44.384],[-80.1003,44.38771],[-80.10816,44.39233],[-80.11278,44.39741],[-80.1211,44.40295],[-80.12804,44.4062],[-80.14329,44.41035],[-80.15068,44.41312],[-80.15762,44.41405],[-80.16177,44.4159],[-80.17332,44.41821],[-80.18904,44.41959],[-80.22787,44.42006],[-80.23988,44.42283],[-80.25005,44.42375],[-80.26,44.42666],[-80.26916,44.43399],[-80.27444,44.43978],[-80.28088,44.42953],[-80.28802,44.42573],[-80.28939,44.42408],[-80.2879,44.41955],[-80.28505,44.41708],[-80.27851,44.41527],[-80.26884,44.4145],[-80.24757,44.41579],[-80.23991,44.41426],[-80.23372,44.40943],[-80.22557,44.39801],[-80.22334,44.39617],[-80.21464,44.39465],[-80.21356,44.39274],[-80.24866,44.38694],[-80.26109,44.3819],[-80.27124,44.37505],[-80.28286,44.36849],[-80.28552,44.36483],[-80.28865,44.36318],[-80.2961,44.36121],[-80.29477,44.35698],[-80.29119,44.35467],[-80.28527,44.35602],[-80.27885,44.35989],[-80.27354,44.3649],[-80.26872,44.36676],[-80.26282,44.36565],[-80.25923,44.36404],[-80.2581,44.35551],[-80.25442,44.34559],[-80.24695,44.33979],[-80.22257,44.24474],[-80.22074,44.24353],[-80.21787,44.243],[-80.21436,44.243],[-80.20651,44.24456],[-80.20259,44.24472],[-80.19924,44.24396],[-80.19497,44.23897],[-80.18475,44.23669],[-80.18181,44.23491],[-80.17857,44.23009],[-80.17973,44.22506],[-80.17905,44.20938],[-80.18559,44.19996],[-80.18995,44.18418],[-80.20058,44.17421],[-80.20132,44.1709],[-80.20029,44.15853],[-80.19705,44.14375],[-80.1938,44.1407],[-80.18804,44.14046],[-80.18399,44.13757],[-80.18111,44.13665],[-80.17705,44.13663],[-80.16888,44.13883],[-80.16542,44.14088],[-80.14918,44.15397],[-80.13747,44.16028],[-80.12659,44.16177],[-80.12291,44.1616],[-80.1206,44.16055],[-80.11887,44.15659],[-80.11943,44.14613],[-80.11795,44.14103],[-80.11592,44.12447],[-80.12937,44.11108],[-80.1301,44.10824],[-80.12569,44.10439],[-80.12142,44.10458],[-80.11813,44.10624],[-80.11438,44.10674],[-80.11167,44.10627],[-80.10164,44.09987],[-80.0965,44.09315],[-80.09524,44.09051],[-80.09632,44.08434],[-80.08345,44.08549],[-80.07843,44.08318],[-80.07877,44.08055],[-80.07711,44.07802],[-80.07511,44.07836],[-80.06988,44.07279],[-80.07725,44.07019],[-80.06619,44.06419],[-80.06405,44.06224],[-80.06367,44.0592],[-80.07123,44.05362],[-80.07674,44.05376],[-80.07906,44.05291],[-80.07932,44.04994],[-80.06737,44.04457],[-80.06406,44.04015],[-80.06493,44.02956],[-80.06173,44.00923],[-80.06883,44.00039],[-80.07123,43.99974],[-80.07165,43.99193],[-80.07497,43.98649],[-80.08729,43.97952],[-80.09866,43.97163],[-80.11006,43.95284],[-80.10477,43.93055],[-80.11134,43.92093],[-80.11261,43.91709],[-80.10455,43.89962],[-80.08743,43.90416],[-80.07845,43.90471],[-80.07428,43.90413],[-80.07105,43.90262],[-80.06988,43.90044],[-80.06795,43.88826],[-80.06672,43.8521],[-80.06255,43.82402],[-80.05769,43.81241],[-80.04647,43.80011],[-80.03278,43.79071],[-80.02775,43.79023],[-80.01262,43.79195],[-79.99815,43.79607],[-79.98984,43.79756],[-79.9852,43.79748],[-79.97754,43.79491],[-79.97133,43.78894],[-79.97003,43.7861],[-79.97061,43.78272],[-79.9698,43.78066],[-79.97678,43.76888],[-79.97688,43.76471],[-79.97467,43.7586],[-79.97397,43.75283],[-79.97607,43.74601],[-79.99998,43.72592],[-79.99674,43.71913],[-79.99875,43.70522],[-80.00218,43.69805],[-80.00663,43.68491],[-80.00986,43.67242],[-80.01128,43.66025],[-80.01956,43.63273],[-80.01989,43.62819],[-80.01765,43.61005],[-80.00757,43.58482],[-80.00301,43.57839],[-80.0025,43.57634],[-80.00208,43.56884],[-80.00359,43.5646],[-80.00316,43.55573],[-80.001,43.54763],[-80.00047,43.53751],[-80.00199,43.52869],[-80.00528,43.5226],[-80.00361,43.51461],[-80.00896,43.49288],[-80.00834,43.48898],[-80.0053,43.48498],[-79.99387,43.4928],[-79.98825,43.49524],[-79.97039,43.49914],[-79.9577,43.50725],[-79.9469,43.51557],[-79.93907,43.51967],[-79.94468,43.52572],[-79.94515,43.53114],[-79.9431,43.53637],[-79.941,43.53764],[-79.93027,43.53989],[-79.92532,43.53992],[-79.91772,43.54125],[-79.91389,43.5435],[-79.91373,43.54837],[-79.91495,43.55156],[-79.91367,43.55558],[-79.9076,43.55945],[-79.90141,43.5607],[-79.89495,43.55926],[-79.89056,43.55969],[-79.88798,43.56069],[-79.87674,43.56569],[-79.86813,43.5737],[-79.86378,43.58242],[-79.86266,43.58707],[-79.86549,43.59764],[-79.86472,43.59976],[-79.86152,43.60069],[-79.85538,43.60023],[-79.85132,43.60151],[-79.83426,43.61743],[-79.83471,43.62172],[-79.84374,43.63252],[-79.84003,43.63649],[-79.83835,43.64],[-79.83356,43.64072],[-79.81296,43.63882],[-79.78932,43.63957],[-79.78641,43.6393],[-79.77881,43.6349],[-79.77386,43.63458],[-79.76784,43.63726],[-79.76369,43.63775],[-79.75995,43.6399],[-79.75773,43.64408],[-79.75904,43.64831],[-79.76788,43.65145],[-79.77393,43.65656],[-79.78673,43.66206],[-79.79083,43.66306],[-79.79217,43.66894],[-79.78976,43.69282],[-79.78775,43.7009],[-79.78368,43.70779],[-79.77885,43.71069],[-79.77093,43.71172],[-79.76463,43.71063],[-79.7578,43.71142],[-79.75104,43.71124],[-79.73602,43.71541],[-79.72681,43.71994],[-79.72737,43.72583],[-79.73023,43.7337],[-79.73012,43.73731],[-79.72403,43.75052],[-79.72394,43.75601],[-79.72891,43.7626],[-79.7363,43.76912],[-79.74406,43.77342],[-79.74696,43.77785],[-79.7476,43.79553],[-79.74315,43.80878],[-79.73094,43.823],[-79.70924,43.84439],[-79.69958,43.85533],[-79.6938,43.858],[-79.68811,43.8553],[-79.68602,43.85211],[-79.68253,43.84967],[-79.67842,43.84799],[-79.67599,43.84777],[-79.67171,43.84547],[-79.65926,43.83217],[-79.65618,43.83059],[-79.64694,43.83255],[-79.64323,43.83189],[-79.63327,43.81605],[-79.62879,43.81049],[-79.61707,43.80354],[-79.61284,43.8042],[-79.61116,43.80798],[-79.62026,43.82931],[-79.62335,43.84234],[-79.62136,43.84572],[-79.61542,43.84862],[-79.56034,43.85916],[-79.54832,43.85851],[-79.53539,43.85614],[-79.52763,43.85116],[-79.51061,43.84255],[-79.49776,43.83915],[-79.49,43.83502],[-79.48241,43.83697],[-79.47479,43.84223],[-79.44921,43.86674],[-79.43397,43.88303],[-79.42372,43.89198],[-79.41723,43.89981],[-79.40133,43.91423],[-79.39529,43.92073],[-79.37295,43.93555],[-79.36063,43.94153],[-79.35746,43.94493],[-79.35508,43.94896],[-79.35759,43.95448],[-79.36629,43.95831],[-79.36805,43.96081],[-79.36572,43.96856],[-79.36387,43.97057],[-79.36159,43.97104],[-79.33864,43.97018],[-79.32318,43.96538],[-79.32003,43.95413],[-79.3136,43.94971],[-79.30533,43.94171],[-79.29517,43.9352],[-79.28206,43.93016],[-79.26614,43.92067],[-79.24092,43.91531],[-79.22409,43.91394],[-79.2129,43.91734],[-79.19626,43.92382],[-79.18541,43.93402],[-79.18306,43.93987],[-79.17602,43.94799],[-79.17306,43.94956],[-79.16312,43.95204],[-79.1572,43.95036],[-79.15588,43.94592],[-79.15671,43.92629],[-79.16025,43.92185],[-79.17316,43.91254],[-79.17889,43.90616],[-79.17514,43.90223],[-79.17546,43.89679],[-79.18394,43.89622],[-79.18889,43.89681],[-79.19151,43.89325],[-79.19332,43.88774],[-79.19223,43.88317],[-79.17889,43.85592],[-79.15892,43.82977],[-79.14088,43.83447],[-79.1317,43.84078],[-79.12457,43.84792],[-79.11764,43.85758],[-79.11637,43.86245],[-79.11109,43.86718],[-79.10847,43.87087],[-79.10795,43.87367],[-79.10589,43.87695],[-79.10741,43.87911],[-79.10165,43.88779],[-79.09977,43.88918],[-79.08949,43.89034],[-79.08096,43.89257],[-79.07465,43.90183],[-79.06274,43.90896],[-79.05952,43.90916],[-79.0516,43.91659],[-79.04203,43.92267],[-79.02929,43.92711],[-79.02099,43.92912],[-79.01494,43.92933],[-78.97526,43.93981],[-78.96171,43.93711],[-78.95222,43.93792],[-78.94528,43.93637],[-78.93928,43.93402],[-78.93668,43.93398],[-78.92348,43.94014],[-78.91814,43.93984],[-78.91308,43.93724],[-78.90726,43.93718],[-78.88773,43.94487],[-78.88224,43.94548],[-78.86396,43.94149],[-78.85113,43.93386],[-78.82926,43.93191],[-78.8183,43.93439],[-78.80285,43.93629],[-78.79963,43.93648],[-78.79017,43.93478],[-78.77918,43.93486],[-78.77418,43.9365],[-78.77062,43.94053],[-78.76607,43.9416],[-78.7611,43.93946],[-78.75925,43.93609],[-78.7601,43.93019],[-78.7582,43.92878],[-78.75196,43.92677],[-78.74086,43.92496],[-78.73498,43.92558],[-78.73095,43.92955],[-78.71384,43.94244],[-78.70765,43.94889],[-78.69852,43.95342],[-78.688,43.9654],[-78.6887,43.96991],[-78.68789,43.97392],[-78.68995,43.98111],[-78.68967,43.98329],[-78.68556,43.98704],[-78.68291,43.98832],[-78.67859,43.98921],[-78.67535,43.98758],[-78.6725,43.98566],[-78.66824,43.97905],[-78.65694,43.97462],[-78.64831,43.98669],[-78.64621,43.98733],[-78.64397,43.98523],[-78.64478,43.98088],[-78.64243,43.97592],[-78.63264,43.97233],[-78.62555,43.97107],[-78.62037,43.97162],[-78.60903,43.96947],[-78.59431,43.96775],[-78.58233,43.96481],[-78.56883,43.9601],[-78.5664,43.96035],[-78.56203,43.96221],[-78.54991,43.97192],[-78.53862,43.97869],[-78.52789,43.98684],[-78.51546,43.98614],[-78.50294,43.9892],[-78.49525,43.98428],[-78.49194,43.98367],[-78.48701,43.98434],[-78.48436,43.98676],[-78.48101,43.9944],[-78.47165,43.99956],[-78.46936,43.99765],[-78.46592,43.99931],[-78.45357,44.01302],[-78.44876,44.01701],[-78.41197,44.03163],[-78.40574,44.03305],[-78.3996,44.0316],[-78.39504,44.032],[-78.39305,44.03038],[-78.38849,44.03043],[-78.38244,44.02904],[-78.37621,44.02868],[-78.35627,44.02365],[-78.34916,44.02473],[-78.3303,44.02571],[-78.32121,44.02328],[-78.31026,44.02629],[-78.30403,44.02639],[-78.28681,44.02085],[-78.2829,44.02084],[-78.28065,44.01998],[-78.26844,44.02013],[-78.25409,44.01459],[-78.24922,44.0139],[-78.2417,44.01644],[-78.23939,44.01788],[-78.23472,44.02347],[-78.22745,44.02723],[-78.21393,44.03069],[-78.20418,44.03422],[-78.20179,44.03404],[-78.18726,44.0312],[-78.18106,44.02529],[-78.17606,44.01847],[-78.17144,44.01548],[-78.14824,44.00552],[-78.13803,44.00406],[-78.11879,44.00298],[-78.1132,44.00389],[-78.10464,44.00724],[-78.09929,44.00798],[-78.07718,44.00471],[-78.07359,44.00327],[-78.06074,44.00227],[-78.04629,44.00269],[-78.03988,44.00348],[-78.03325,44.00576],[-78.01048,44.00833],[-78.00329,44.01054],[-77.99281,44.01504],[-77.98933,44.02132],[-77.98317,44.02427],[-77.97568,44.02652],[-77.96711,44.02761],[-77.9469,44.02768],[-77.9313,44.02541],[-77.90682,44.03],[-77.89888,44.02834],[-77.88652,44.03035],[-77.88016,44.03221],[-77.85325,44.04381],[-77.82337,44.02898],[-77.81114,44.02624],[-77.8038,44.02608],[-77.79072,44.0401],[-77.7816,44.0528],[-77.77636,44.05783],[-77.74816,44.07599],[-77.73871,44.08302],[-77.67212,44.10588],[-77.65315,44.1165],[-77.64567,44.11851],[-77.62728,44.11913],[-77.61863,44.12021],[-77.60644,44.12474],[-77.60175,44.12559],[-77.60054,44.13067],[-77.59765,44.1343],[-77.59691,44.13807],[-77.59929,44.14142],[-77.60904,44.14739],[-77.61444,44.14878],[-77.61992,44.14679],[-77.62674,44.1458],[-77.63963,44.15657],[-77.65028,44.16158],[-77.65595,44.16171],[-77.66253,44.1606],[-77.66765,44.15729],[-77.67167,44.15317],[-77.68363,44.15109],[-77.70344,44.15091],[-77.72518,44.15354],[-77.7301,44.15779],[-77.72439,44.15937],[-77.71157,44.16074],[-77.69326,44.1644],[-77.68722,44.16626],[-77.67709,44.17173],[-77.67378,44.17609],[-77.67277,44.18101],[-77.67331,44.18479],[-77.67632,44.18861],[-77.68586,44.19624],[-77.69745,44.19926],[-77.70281,44.19893],[-77.71333,44.1969],[-77.72249,44.19164],[-77.72748,44.18741],[-77.73066,44.17876],[-77.73671,44.17065],[-77.74487,44.16406],[-77.76227,44.15216],[-77.76457,44.15603],[-77.76139,44.16463],[-77.76452,44.17285],[-77.77057,44.1766],[-77.77615,44.1772],[-77.78201,44.17607],[-77.78792,44.17311],[-77.79923,44.16525],[-77.80224,44.16014],[-77.80432,44.15113],[-77.80635,44.14692],[-77.81241,44.14104],[-77.81753,44.13791],[-77.82345,44.13776],[-77.82737,44.1405],[-77.82793,44.14956],[-77.82194,44.16722],[-77.81978,44.17069],[-77.82348,44.18499],[-77.82731,44.19398],[-77.82654,44.19895],[-77.82319,44.20817],[-77.81843,44.21258],[-77.81717,44.21805],[-77.81925,44.22724],[-77.81917,44.23617],[-77.81808,44.24114],[-77.82269,44.26285],[-77.81923,44.27568],[-77.81534,44.28107],[-77.81281,44.29214],[-77.81387,44.29742],[-77.81737,44.30107],[-77.82364,44.29944],[-77.8286,44.29029],[-77.84046,44.28284],[-77.8524,44.28134],[-77.85676,44.27659],[-77.8596,44.27177],[-77.86559,44.26886],[-77.87117,44.26934],[-77.88032,44.25893],[-77.89981,44.2316],[-77.93096,44.2165],[-77.94757,44.22589],[-77.95991,44.22732],[-77.96518,44.22401],[-77.97189,44.21512],[-77.97574,44.2115],[-77.98155,44.20952],[-77.99534,44.20731],[-78.00084,44.20509],[-78.00232,44.19698],[-78.00394,44.19339],[-77.99859,44.18277],[-78.00406,44.17328],[-78.0061,44.16138],[-78.00779,44.1575],[-78.01196,44.15424],[-78.0475,44.11666],[-78.05587,44.1184],[-78.0544,44.12664],[-78.0555,44.13008],[-78.05916,44.13152],[-78.08843,44.12272],[-78.09874,44.12097],[-78.11048,44.12014],[-78.11303,44.12129],[-78.11427,44.13062],[-78.1216,44.13602],[-78.12398,44.13992],[-78.1221,44.14914],[-78.12576,44.15223],[-78.12847,44.15332],[-78.13757,44.15489],[-78.14405,44.15262],[-78.14813,44.14909],[-78.14992,44.14291],[-78.15425,44.13724],[-78.15362,44.1353],[-78.15643,44.13182],[-78.15947,44.13039],[-78.16858,44.12818],[-78.17705,44.12854],[-78.19044,44.11346],[-78.19238,44.10849],[-78.19414,44.10677],[-78.20605,44.10337],[-78.20845,44.10326],[-78.22511,44.11051],[-78.23237,44.11225],[-78.24482,44.11279],[-78.25153,44.1119],[-78.268,44.10845],[-78.27352,44.10508],[-78.27985,44.0992],[-78.29056,44.09756],[-78.29224,44.09579],[-78.30569,44.0873],[-78.30914,44.08575],[-78.31217,44.08577],[-78.32183,44.08722],[-78.32573,44.08855],[-78.3305,44.09589],[-78.34207,44.09729],[-78.35619,44.10024],[-78.38692,44.10381],[-78.42372,44.10659],[-78.43505,44.10936],[-78.47823,44.11187],[-78.49531,44.11546],[-78.52997,44.13146],[-78.53265,44.14343],[-78.53726,44.14928],[-78.53556,44.15517],[-78.53808,44.16359],[-78.54955,44.17037],[-78.55407,44.17846],[-78.55789,44.18018],[-78.56364,44.18065],[-78.56692,44.17803],[-78.58016,44.16301],[-78.58002,44.159],[-78.58475,44.15443],[-78.58938,44.15541],[-78.60316,44.16283],[-78.61057,44.16554],[-78.61642,44.16315],[-78.61938,44.1607],[-78.62232,44.14444],[-78.6277,44.13679],[-78.63602,44.1324],[-78.64425,44.13083],[-78.65047,44.13192],[-78.65398,44.13445],[-78.65645,44.13417],[-78.65807,44.12982],[-78.65648,44.1273],[-78.65131,44.12294],[-78.64696,44.11383],[-78.64573,44.10106],[-78.65218,44.08585],[-78.65357,44.0791],[-78.65797,44.07528],[-78.66125,44.07471],[-78.66739,44.07667],[-78.67377,44.08024],[-78.67583,44.08304],[-78.6738,44.08985],[-78.66641,44.10168],[-78.66479,44.10597],[-78.66495,44.10849],[-78.66955,44.11583],[-78.67593,44.11613],[-78.68602,44.111],[-78.69288,44.10994],[-78.72037,44.11006],[-78.72908,44.1075],[-78.73652,44.10312],[-78.74127,44.09477],[-78.74805,44.0775],[-78.75609,44.06418],[-78.76314,44.05819],[-78.78016,44.05445],[-78.78319,44.05555],[-78.79301,44.05694],[-78.79804,44.05615],[-78.81487,44.06083],[-78.8262,44.06292],[-78.83179,44.06231],[-78.83834,44.06261],[-78.84128,44.06536],[-78.84199,44.06726],[-78.84164,44.076],[-78.8429,44.07956],[-78.84521,44.08163],[-78.85406,44.08554],[-78.86029,44.08458],[-78.86309,44.08201],[-78.87219,44.06349],[-78.87467,44.0616],[-78.90541,44.04314],[-78.91709,44.03836],[-78.92348,44.03717],[-78.96605,44.03841],[-78.984,44.04046],[-79.01025,44.04568],[-79.01264,44.0482],[-79.01387,44.05886],[-79.01825,44.06201],[-79.02727,44.06192],[-79.0327,44.06382],[-79.05157,44.07452],[-79.06479,44.08462],[-79.07913,44.0929],[-79.08503,44.09486],[-79.10657,44.09921],[-79.14211,44.09821],[-79.15163,44.09302],[-79.15308,44.0897],[-79.15742,44.08456],[-79.15974,44.08337],[-79.16261,44.08314],[-79.16675,44.08504],[-79.16825,44.09106],[-79.16541,44.10067],[-79.15848,44.11599],[-79.16103,44.11731],[-79.16536,44.11675],[-79.1756,44.11202],[-79.17951,44.10917],[-79.18944,44.1064],[-79.19935,44.10149],[-79.22238,44.09405],[-79.2406,44.09118],[-79.26,44.09122],[-79.27621,44.09218],[-79.3011,44.09791],[-79.32798,44.10742]]]}},{"type":"Feature","properties":{"OGF_ID":67490690,"ECODISTRICT_NAME":"Peterborough"},"geometry":{"type":"Polygon","coordinates":[[[-77.26516,44.2641],[-77.26471,44.28196],[-77.27036,44.29183],[-77.26409,44.29947],[-77.26326,44.30342],[-77.26484,44.3071],[-77.26302,44.31263],[-77.26336,44.31779],[-77.26405,44.32157],[-77.27728,44.33784],[-77.28144,44.34065],[-77.28792,44.34039],[-77.29431,44.33773],[-77.29792,44.33405],[-77.2996,44.32498],[-77.30547,44.32328],[-77.3111,44.32485],[-77.32024,44.3295],[-77.31555,44.33795],[-77.31678,44.34273],[-77.32532,44.34587],[-77.33335,44.34736],[-77.34087,44.35902],[-77.35338,44.36928],[-77.35802,44.37483],[-77.36371,44.37427],[-77.36812,44.37674],[-77.38073,44.37382],[-77.38222,44.38701],[-77.38739,44.38822],[-77.39387,44.38751],[-77.40063,44.38577],[-77.40725,44.38323],[-77.43716,44.37567],[-77.44353,44.37336],[-77.47222,44.34597],[-77.50082,44.33062],[-77.50918,44.32902],[-77.51381,44.33171],[-77.51593,44.33609],[-77.51545,44.34227],[-77.51384,44.34608],[-77.49293,44.36309],[-77.48579,44.37043],[-77.48576,44.3745],[-77.4907,44.37783],[-77.4964,44.37717],[-77.50176,44.3738],[-77.50838,44.37109],[-77.51452,44.37122],[-77.51985,44.37233],[-77.53127,44.35731],[-77.54211,44.34589],[-77.5485,44.34317],[-77.55015,44.34691],[-77.54633,44.3586],[-77.55143,44.35936],[-77.56478,44.35582],[-77.56923,44.35348],[-77.57503,44.35475],[-77.58172,44.35273],[-77.58835,44.35254],[-77.5916,44.35624],[-77.58976,44.36532],[-77.58734,44.36953],[-77.57242,44.38398],[-77.57335,44.39401],[-77.57226,44.40207],[-77.57434,44.41114],[-77.57992,44.41122],[-77.58616,44.40809],[-77.59224,44.4017],[-77.59729,44.40086],[-77.60272,44.40116],[-77.61206,44.39825],[-77.61463,44.38277],[-77.61132,44.37512],[-77.61158,44.37128],[-77.61924,44.35919],[-77.62637,44.35247],[-77.63082,44.35054],[-77.63371,44.35899],[-77.63686,44.36343],[-77.66914,44.36943],[-77.67013,44.3746],[-77.66731,44.38732],[-77.66968,44.39394],[-77.6746,44.39555],[-77.68197,44.39468],[-77.68997,44.39147],[-77.69352,44.38722],[-77.70092,44.39419],[-77.70754,44.39451],[-77.71424,44.39202],[-77.73512,44.38154],[-77.74395,44.37411],[-77.74978,44.37092],[-77.7596,44.36224],[-77.76082,44.35842],[-77.76713,44.34906],[-77.77558,44.34664],[-77.77494,44.35628],[-77.77157,44.36711],[-77.77281,44.37226],[-77.77924,44.38037],[-77.77432,44.38843],[-77.76661,44.39319],[-77.75689,44.40107],[-77.75567,44.40512],[-77.75396,44.42136],[-77.74972,44.42462],[-77.74871,44.42942],[-77.74981,44.43321],[-77.75618,44.4337],[-77.76468,44.42688],[-77.77049,44.42748],[-77.77681,44.42682],[-77.78103,44.42453],[-77.79361,44.42292],[-77.81505,44.4219],[-77.85248,44.41417],[-77.85782,44.41424],[-77.86889,44.42178],[-77.87458,44.42443],[-77.8816,44.42487],[-77.88778,44.42352],[-77.90231,44.41777],[-77.91168,44.41096],[-77.91514,44.40706],[-77.91829,44.3996],[-77.94452,44.37717],[-77.96361,44.36809],[-77.97422,44.36577],[-77.98597,44.3656],[-77.99183,44.36727],[-77.99862,44.37041],[-78.00744,44.37822],[-78.01399,44.37898],[-78.02557,44.37827],[-78.03116,44.37942],[-78.03691,44.37904],[-78.03898,44.37961],[-78.04113,44.38157],[-78.05009,44.39555],[-78.06028,44.40686],[-78.06283,44.40766],[-78.06978,44.40648],[-78.10103,44.41949],[-78.10918,44.41779],[-78.11757,44.41501],[-78.13236,44.41281],[-78.13882,44.41299],[-78.14808,44.41549],[-78.14667,44.42961],[-78.14377,44.43424],[-78.13925,44.44569],[-78.13939,44.44838],[-78.14139,44.45055],[-78.14705,44.45194],[-78.15432,44.45103],[-78.15641,44.44859],[-78.17129,44.44049],[-78.19319,44.43482],[-78.20019,44.44182],[-78.21951,44.44256],[-78.21886,44.44542],[-78.21973,44.44771],[-78.22427,44.45075],[-78.22922,44.45197],[-78.24,44.45165],[-78.25483,44.45581],[-78.26309,44.45951],[-78.2723,44.46945],[-78.27522,44.47742],[-78.28536,44.47993],[-78.29662,44.48034],[-78.31696,44.47415],[-78.33606,44.471],[-78.358,44.46584],[-78.36909,44.46404],[-78.3756,44.46434],[-78.38066,44.46196],[-78.38558,44.45729],[-78.39194,44.45388],[-78.40116,44.45246],[-78.40842,44.44828],[-78.41162,44.44806],[-78.45431,44.47456],[-78.46653,44.4735],[-78.47668,44.47066],[-78.48397,44.46742],[-78.49003,44.46714],[-78.5159,44.52794],[-78.52202,44.53614],[-78.52767,44.54028],[-78.5346,44.54282],[-78.54188,44.54076],[-78.55485,44.53147],[-78.56701,44.52503],[-78.57223,44.5204],[-78.57663,44.51819],[-78.59155,44.52039],[-78.60145,44.51911],[-78.62321,44.51017],[-78.63505,44.5039],[-78.65073,44.49839],[-78.66041,44.49275],[-78.66505,44.49173],[-78.66921,44.48973],[-78.67424,44.49071],[-78.67598,44.49438],[-78.67572,44.49977],[-78.67474,44.50365],[-78.66928,44.51212],[-78.67033,44.52808],[-78.66872,44.52975],[-78.66974,44.53421],[-78.68004,44.53675],[-78.68674,44.53717],[-78.69609,44.53628],[-78.71037,44.53854],[-78.7357,44.53661],[-78.74663,44.53766],[-78.75403,44.54209],[-78.75826,44.5461],[-78.76252,44.5579],[-78.76298,44.56208],[-78.76536,44.56598],[-78.76759,44.56765],[-78.77246,44.56783],[-78.77573,44.56887],[-78.78316,44.56929],[-78.78779,44.57032],[-78.79577,44.57075],[-78.80088,44.56997],[-78.80352,44.56911],[-78.80617,44.56597],[-78.81946,44.55787],[-78.82969,44.55492],[-78.83951,44.55363],[-78.84431,44.55375],[-78.85076,44.55606],[-78.85243,44.55835],[-78.85042,44.56133],[-78.84944,44.56802],[-78.85143,44.56894],[-78.86799,44.56252],[-78.89543,44.54827],[-78.91838,44.54002],[-78.92502,44.53626],[-78.94568,44.52148],[-78.9573,44.51459],[-78.96998,44.49745],[-78.97272,44.4915],[-78.98033,44.48734],[-78.98402,44.48357],[-78.9846,44.47751],[-78.98749,44.47379],[-78.99037,44.47357],[-78.99527,44.46625],[-78.99831,44.46385],[-79.01104,44.45645],[-79.0155,44.45852],[-79.0161,44.46939],[-79.01953,44.47015],[-79.02552,44.46918],[-79.02832,44.46817],[-79.03298,44.4643],[-79.05898,44.4486],[-79.06524,44.44141],[-79.0683,44.43615],[-79.0708,44.42871],[-79.07101,44.41698],[-79.06966,44.41498],[-79.06158,44.41777],[-79.05335,44.41934],[-79.04928,44.41939],[-79.04874,44.41665],[-79.05689,44.41328],[-79.06491,44.40517],[-79.06598,44.39757],[-79.06043,44.38702],[-79.06212,44.38571],[-79.06724,44.384],[-79.07298,44.38412],[-79.0785,44.38294],[-79.0868,44.38268],[-79.09214,44.38521],[-79.09897,44.39479],[-79.13006,44.40511],[-79.14082,44.39219],[-79.14298,44.39031],[-79.14874,44.38844],[-79.17908,44.35279],[-79.18669,44.34589],[-79.18727,44.34148],[-79.18339,44.3334],[-79.1816,44.32263],[-79.17914,44.3169],[-79.17652,44.31489],[-79.16969,44.30532],[-79.16566,44.29512],[-79.16696,44.28917],[-79.17702,44.26933],[-79.18262,44.25028],[-79.19417,44.23549],[-79.19857,44.2336],[-79.20313,44.23276],[-79.21046,44.23735],[-79.21404,44.23817],[-79.21989,44.23572],[-79.22501,44.23092],[-79.24077,44.22632],[-79.24453,44.22353],[-79.24871,44.21645],[-79.24937,44.2121],[-79.25461,44.20014],[-79.25693,44.19694],[-79.26189,44.19569],[-79.26683,44.19909],[-79.26872,44.20527],[-79.26738,44.22026],[-79.26756,44.23481],[-79.26441,44.24258],[-79.26488,44.24482],[-79.26815,44.247],[-79.2727,44.24758],[-79.27917,44.24651],[-79.28837,44.24287],[-79.28826,44.22976],[-79.29391,44.21443],[-79.30226,44.20335],[-79.3079,44.19197],[-79.31248,44.18666],[-79.32236,44.17146],[-79.32561,44.15921],[-79.32748,44.14726],[-79.32499,44.13253],[-79.31927,44.12634],[-79.31697,44.12256],[-79.31843,44.11719],[-79.32165,44.11107],[-79.32798,44.10742],[-79.3011,44.09791],[-79.27621,44.09218],[-79.26,44.09122],[-79.2406,44.09118],[-79.22238,44.09405],[-79.19935,44.10149],[-79.18944,44.1064],[-79.17951,44.10917],[-79.1756,44.11202],[-79.16536,44.11675],[-79.16103,44.11731],[-79.15848,44.11599],[-79.16541,44.10067],[-79.16825,44.09106],[-79.16675,44.08504],[-79.16261,44.08314],[-79.15974,44.08337],[-79.15742,44.08456],[-79.15308,44.0897],[-79.15163,44.09302],[-79.14211,44.09821],[-79.10657,44.09921],[-79.08503,44.09486],[-79.07913,44.0929],[-79.06479,44.08462],[-79.05157,44.07452],[-79.0327,44.06382],[-79.02727,44.06192],[-79.01825,44.06201],[-79.01387,44.05886],[-79.01264,44.0482],[-79.01025,44.04568],[-78.984,44.04046],[-78.96605,44.03841],[-78.92348,44.03717],[-78.91709,44.03836],[-78.90541,44.04314],[-78.87467,44.0616],[-78.87219,44.06349],[-78.86309,44.08201],[-78.86029,44.08458],[-78.85406,44.08554],[-78.84521,44.08163],[-78.8429,44.07956],[-78.84164,44.076],[-78.84199,44.06726],[-78.84128,44.06536],[-78.83834,44.06261],[-78.83179,44.06231],[-78.8262,44.06292],[-78.81487,44.06083],[-78.79804,44.05615],[-78.79301,44.05694],[-78.78319,44.05555],[-78.78016,44.05445],[-78.76314,44.05819],[-78.75609,44.06418],[-78.74805,44.0775],[-78.74127,44.09477],[-78.73652,44.10312],[-78.72908,44.1075],[-78.72037,44.11006],[-78.69288,44.10994],[-78.68602,44.111],[-78.67593,44.11613],[-78.66955,44.11583],[-78.66495,44.10849],[-78.66479,44.10597],[-78.66641,44.10168],[-78.6738,44.08985],[-78.67583,44.08304],[-78.67377,44.08024],[-78.66739,44.07667],[-78.66125,44.07471],[-78.65797,44.07528],[-78.65357,44.0791],[-78.65218,44.08585],[-78.64573,44.10106],[-78.64696,44.11383],[-78.65131,44.12294],[-78.65648,44.1273],[-78.65807,44.12982],[-78.65645,44.13417],[-78.65398,44.13445],[-78.65047,44.13192],[-78.64425,44.13083],[-78.63602,44.1324],[-78.6277,44.13679],[-78.62232,44.14444],[-78.61938,44.1607],[-78.61642,44.16315],[-78.61057,44.16554],[-78.60316,44.16283],[-78.58938,44.15541],[-78.58475,44.15443],[-78.58002,44.159],[-78.58016,44.16301],[-78.56692,44.17803],[-78.56364,44.18065],[-78.55789,44.18018],[-78.55407,44.17846],[-78.54955,44.17037],[-78.53808,44.16359],[-78.53556,44.15517],[-78.53726,44.14928],[-78.53265,44.14343],[-78.52997,44.13146],[-78.49531,44.11546],[-78.47823,44.11187],[-78.43505,44.10936],[-78.42372,44.10659],[-78.38692,44.10381],[-78.35619,44.10024],[-78.34207,44.09729],[-78.3305,44.09589],[-78.32573,44.08855],[-78.32183,44.08722],[-78.31217,44.08577],[-78.30914,44.08575],[-78.30569,44.0873],[-78.29224,44.09579],[-78.29056,44.09756],[-78.27985,44.0992],[-78.27352,44.10508],[-78.268,44.10845],[-78.25153,44.1119],[-78.24482,44.11279],[-78.23237,44.11225],[-78.22511,44.11051],[-78.20845,44.10326],[-78.20605,44.10337],[-78.19414,44.10677],[-78.19238,44.10849],[-78.19044,44.11346],[-78.17705,44.12854],[-78.16858,44.12818],[-78.15947,44.13039],[-78.15643,44.13182],[-78.15362,44.1353],[-78.15425,44.13724],[-78.14992,44.14291],[-78.14813,44.14909],[-78.14405,44.15262],[-78.13757,44.15489],[-78.12847,44.15332],[-78.12576,44.15223],[-78.1221,44.14914],[-78.12398,44.13992],[-78.1216,44.13602],[-78.11427,44.13062],[-78.11303,44.12129],[-78.11048,44.12014],[-78.09874,44.12097],[-78.08843,44.12272],[-78.05916,44.13152],[-78.0555,44.13008],[-78.0544,44.12664],[-78.05587,44.1184],[-78.0475,44.11666],[-78.01196,44.15424],[-78.00779,44.1575],[-78.0061,44.16138],[-78.00406,44.17328],[-77.99859,44.18277],[-78.00394,44.19339],[-78.00232,44.19698],[-78.00084,44.20509],[-77.99534,44.20731],[-77.98155,44.20952],[-77.97574,44.2115],[-77.97189,44.21512],[-77.96518,44.22401],[-77.95991,44.22732],[-77.94757,44.22589],[-77.93096,44.2165],[-77.89981,44.2316],[-77.88032,44.25893],[-77.87117,44.26934],[-77.86559,44.26886],[-77.8596,44.27177],[-77.85676,44.27659],[-77.8524,44.28134],[-77.84046,44.28284],[-77.8286,44.29029],[-77.82364,44.29944],[-77.81737,44.30107],[-77.81387,44.29742],[-77.81281,44.29214],[-77.81534,44.28107],[-77.81923,44.27568],[-77.82269,44.26285],[-77.81808,44.24114],[-77.81917,44.23617],[-77.81925,44.22724],[-77.81717,44.21805],[-77.81843,44.21258],[-77.82319,44.20817],[-77.82654,44.19895],[-77.82731,44.19398],[-77.82348,44.18499],[-77.81978,44.17069],[-77.82194,44.16722],[-77.82793,44.14956],[-77.82737,44.1405],[-77.82345,44.13776],[-77.81753,44.13791],[-77.81241,44.14104],[-77.80635,44.14692],[-77.80432,44.15113],[-77.80224,44.16014],[-77.79923,44.16525],[-77.78792,44.17311],[-77.78201,44.17607],[-77.77615,44.1772],[-77.77057,44.1766],[-77.76452,44.17285],[-77.76139,44.16463],[-77.76457,44.15603],[-77.76227,44.15216],[-77.74487,44.16406],[-77.73671,44.17065],[-77.73066,44.17876],[-77.72748,44.18741],[-77.72249,44.19164],[-77.71333,44.1969],[-77.70281,44.19893],[-77.69745,44.19926],[-77.68586,44.19624],[-77.67632,44.18861],[-77.67331,44.18479],[-77.67277,44.18101],[-77.67378,44.17609],[-77.67709,44.17173],[-77.68722,44.16626],[-77.69326,44.1644],[-77.71157,44.16074],[-77.72439,44.15937],[-77.7301,44.15779],[-77.72518,44.15354],[-77.70344,44.15091],[-77.68363,44.15109],[-77.67167,44.15317],[-77.66765,44.15729],[-77.66253,44.1606],[-77.65595,44.16171],[-77.65028,44.16158],[-77.63963,44.15657],[-77.62674,44.1458],[-77.61992,44.14679],[-77.61444,44.14878],[-77.60904,44.14739],[-77.59929,44.14142],[-77.59691,44.13807],[-77.59765,44.1343],[-77.60054,44.13067],[-77.60175,44.12559],[-77.60203,44.12239],[-77.60576,44.11443],[-77.60634,44.11043],[-77.59571,44.10192],[-77.58941,44.09794],[-77.58514,44.09486],[-77.57947,44.09495],[-77.57323,44.0969],[-77.57316,44.09837],[-77.57422,44.09857],[-77.57224,44.1],[-77.57116,44.10239],[-77.55874,44.10279],[-77.55634,44.10738],[-77.52872,44.1396],[-77.51787,44.14805],[-77.50757,44.15403],[-77.49588,44.15805],[-77.47075,44.16287],[-77.44359,44.1633],[-77.43826,44.1654],[-77.43404,44.16792],[-77.42756,44.17413],[-77.42241,44.18168],[-77.41931,44.19033],[-77.4139,44.19542],[-77.40985,44.19776],[-77.39836,44.20923],[-77.39626,44.2127],[-77.38991,44.2173],[-77.38359,44.21762],[-77.37975,44.21482],[-77.37359,44.20025],[-77.36628,44.20141],[-77.28942,44.22052],[-77.28818,44.22503],[-77.29073,44.22838],[-77.30067,44.2331],[-77.3033,44.23646],[-77.30764,44.24728],[-77.30536,44.25509],[-77.30205,44.25916],[-77.29693,44.26247],[-77.28613,44.26633],[-77.27915,44.2675],[-77.27197,44.26706],[-77.26516,44.2641]]]}},{"type":"Feature","properties":{"OGF_ID":67490693,"ECODISTRICT_NAME":"Stratford"},"geometry":{"type":"Polygon","coordinates":[[[-81.62604,43.29868],[-81.60284,43.28598],[-81.59608,43.28062],[-81.59261,43.27918],[-81.57972,43.26835],[-81.57375,43.26111],[-81.5707,43.25524],[-81.5634,43.2473],[-81.56056,43.24598],[-81.55908,43.24379],[-81.55663,43.24229],[-81.54659,43.23015],[-81.53587,43.20281],[-81.53329,43.19855],[-81.52905,43.19285],[-81.52252,43.18985],[-81.52055,43.18801],[-81.51626,43.18068],[-81.50706,43.1691],[-81.49734,43.15121],[-81.48053,43.13401],[-81.47707,43.1325],[-81.46205,43.12179],[-81.4568,43.11494],[-81.45137,43.11051],[-81.44822,43.10935],[-81.43375,43.10059],[-81.40102,43.08529],[-81.38937,43.08125],[-81.37638,43.07857],[-81.35646,43.07277],[-81.34734,43.06919],[-81.31929,43.06366],[-81.30094,43.06154],[-81.26691,43.05922],[-81.23831,43.05891],[-81.20575,43.06364],[-81.19177,43.06719],[-81.18028,43.07178],[-81.17333,43.07664],[-81.1544,43.08147],[-81.13525,43.08154],[-81.13258,43.08037],[-81.12645,43.07405],[-81.10017,43.05899],[-81.08821,43.05632],[-81.08183,43.05671],[-81.06087,43.05544],[-81.0482,43.05208],[-81.04089,43.04683],[-81.0364,43.04481],[-81.03349,43.04464],[-81.01984,43.04793],[-81.0021,43.05374],[-80.99186,43.05279],[-80.97597,43.04453],[-80.97183,43.03138],[-80.96413,43.02488],[-80.95422,43.02037],[-80.94697,43.01829],[-80.938,43.01677],[-80.93012,43.01738],[-80.89185,43.03156],[-80.88799,43.03219],[-80.87412,43.02991],[-80.864,43.01789],[-80.85794,43.01478],[-80.85252,43.00896],[-80.84797,43.00189],[-80.84372,42.99964],[-80.83868,42.9983],[-80.83427,42.99881],[-80.80178,43.00647],[-80.79099,43.00535],[-80.77846,43.0067],[-80.76726,43.01034],[-80.76,43.01353],[-80.74666,43.0228],[-80.73827,43.03299],[-80.74073,43.05371],[-80.73866,43.06387],[-80.73932,43.07719],[-80.73764,43.08304],[-80.73157,43.08801],[-80.72728,43.09581],[-80.72302,43.10102],[-80.71899,43.10262],[-80.70935,43.1112],[-80.70358,43.11772],[-80.69321,43.13228],[-80.68079,43.14671],[-80.66996,43.16108],[-80.66087,43.17099],[-80.64712,43.18306],[-80.64056,43.19113],[-80.6316,43.2093],[-80.62899,43.2112],[-80.6264,43.21015],[-80.62507,43.20458],[-80.62067,43.19883],[-80.61493,43.19578],[-80.60501,43.19356],[-80.59499,43.19664],[-80.5822,43.20768],[-80.57027,43.21649],[-80.55597,43.23],[-80.54237,43.24677],[-80.53226,43.25099],[-80.51086,43.26712],[-80.50415,43.27066],[-80.49279,43.27459],[-80.46975,43.28509],[-80.45595,43.28999],[-80.44554,43.2926],[-80.43749,43.29602],[-80.42927,43.30524],[-80.4127,43.33964],[-80.40174,43.34224],[-80.38818,43.34261],[-80.37897,43.34161],[-80.36502,43.34237],[-80.35381,43.34791],[-80.35019,43.34831],[-80.34712,43.34733],[-80.33561,43.34878],[-80.31891,43.34874],[-80.31192,43.31233],[-80.31051,43.31032],[-80.29775,43.30677],[-80.28846,43.30624],[-80.25275,43.30855],[-80.24976,43.30825],[-80.24174,43.30513],[-80.24112,43.30203],[-80.24337,43.28563],[-80.24941,43.26923],[-80.25332,43.25293],[-80.25285,43.25092],[-80.24687,43.24942],[-80.23899,43.24997],[-80.23654,43.25123],[-80.22871,43.26062],[-80.22021,43.26105],[-80.21359,43.25983],[-80.17907,43.2618],[-80.17017,43.26339],[-80.16322,43.26601],[-80.15762,43.26697],[-80.15211,43.26672],[-80.14628,43.26751],[-80.13098,43.27097],[-80.12759,43.2724],[-80.11724,43.27971],[-80.10801,43.28302],[-80.09832,43.28391],[-80.0682,43.29009],[-80.04163,43.29426],[-80.01994,43.30218],[-79.98614,43.32375],[-79.98193,43.33139],[-79.96913,43.34836],[-79.96413,43.35652],[-79.95884,43.35982],[-79.95225,43.36554],[-79.94502,43.37766],[-79.94476,43.38018],[-79.94185,43.38575],[-79.95007,43.40073],[-79.95431,43.40098],[-79.95594,43.39914],[-79.96135,43.39824],[-79.96557,43.40228],[-79.96178,43.40682],[-79.94763,43.41717],[-79.94112,43.42374],[-79.94344,43.42618],[-79.94573,43.42708],[-79.9659,43.43168],[-79.97007,43.4317],[-79.96964,43.43485],[-79.9622,43.43617],[-79.9526,43.43538],[-79.94997,43.43849],[-79.95775,43.44392],[-79.96367,43.44577],[-79.96427,43.44943],[-79.95357,43.45408],[-79.94403,43.46296],[-79.94008,43.47226],[-79.9402,43.47506],[-79.94277,43.4795],[-79.9542,43.48748],[-79.96513,43.48855],[-79.97282,43.48774],[-79.99373,43.48284],[-79.99734,43.4827],[-80.0053,43.48498],[-80.00834,43.48898],[-80.00896,43.49288],[-80.00361,43.51461],[-80.00528,43.5226],[-80.00199,43.52869],[-80.00047,43.53751],[-80.001,43.54763],[-80.00316,43.55573],[-80.00359,43.5646],[-80.00208,43.56884],[-80.0025,43.57634],[-80.00301,43.57839],[-80.00757,43.58482],[-80.01765,43.61005],[-80.01989,43.62819],[-80.01956,43.63273],[-80.01128,43.66025],[-80.00986,43.67242],[-80.00663,43.68491],[-80.00218,43.69805],[-79.99875,43.70522],[-79.99674,43.71913],[-79.99998,43.72592],[-79.97607,43.74601],[-79.97397,43.75283],[-79.97467,43.7586],[-79.97688,43.76471],[-79.97678,43.76888],[-79.9698,43.78066],[-79.97061,43.78272],[-79.97003,43.7861],[-79.97133,43.78894],[-79.97754,43.79491],[-79.9852,43.79748],[-79.98984,43.79756],[-79.99815,43.79607],[-80.01262,43.79195],[-80.02775,43.79023],[-80.03278,43.79071],[-80.04647,43.80011],[-80.05769,43.81241],[-80.06255,43.82402],[-80.06672,43.8521],[-80.06795,43.88826],[-80.06988,43.90044],[-80.07105,43.90262],[-80.07428,43.90413],[-80.07845,43.90471],[-80.08743,43.90416],[-80.10455,43.89962],[-80.11261,43.91709],[-80.11134,43.92093],[-80.10477,43.93055],[-80.11006,43.95284],[-80.09866,43.97163],[-80.08729,43.97952],[-80.07497,43.98649],[-80.07165,43.99193],[-80.07123,43.99974],[-80.06883,44.00039],[-80.06173,44.00923],[-80.06493,44.02956],[-80.06406,44.04015],[-80.06737,44.04457],[-80.07932,44.04994],[-80.07906,44.05291],[-80.07674,44.05376],[-80.07123,44.05362],[-80.06367,44.0592],[-80.06405,44.06224],[-80.06619,44.06419],[-80.07725,44.07019],[-80.06988,44.07279],[-80.07511,44.07836],[-80.07711,44.07802],[-80.07877,44.08055],[-80.07843,44.08318],[-80.08345,44.08549],[-80.09632,44.08434],[-80.09524,44.09051],[-80.0965,44.09315],[-80.10164,44.09987],[-80.11167,44.10627],[-80.11438,44.10674],[-80.11813,44.10624],[-80.12142,44.10458],[-80.12569,44.10439],[-80.128,44.10324],[-80.12987,44.09879],[-80.12799,44.09351],[-80.12861,44.08499],[-80.12807,44.08121],[-80.12633,44.07863],[-80.12643,44.07645],[-80.12501,44.07387],[-80.11793,44.06966],[-80.12051,44.0675],[-80.16247,44.06687],[-80.1764,44.06418],[-80.18425,44.06124],[-80.18995,44.05782],[-80.19416,44.05137],[-80.19554,44.0476],[-80.19577,44.0282],[-80.20006,44.02118],[-80.20536,44.01726],[-80.21876,44.00975],[-80.22213,44.00914],[-80.22454,44.00698],[-80.2364,44.00354],[-80.23951,44.00378],[-80.24173,44.0055],[-80.24157,44.01614],[-80.24644,44.02664],[-80.25012,44.02642],[-80.26112,44.01983],[-80.26649,44.01876],[-80.27108,44.01317],[-80.27335,44.00854],[-80.27412,44.00231],[-80.27342,44.00007],[-80.28012,43.99783],[-80.28131,43.99463],[-80.27943,43.98986],[-80.28079,43.98401],[-80.27554,43.97475],[-80.26917,43.97105],[-80.26935,43.96497],[-80.27519,43.95942],[-80.27874,43.95914],[-80.28133,43.96334],[-80.28558,43.96341],[-80.28968,43.96251],[-80.29174,43.96108],[-80.29528,43.9612],[-80.29652,43.96958],[-80.30117,43.96942],[-80.30534,43.96835],[-80.3138,43.96022],[-80.31935,43.94841],[-80.3301,43.93857],[-80.33517,43.92975],[-80.3326,43.91745],[-80.3334,43.91395],[-80.33807,43.91006],[-80.34904,43.90331],[-80.35086,43.90022],[-80.35229,43.89466],[-80.35215,43.88944],[-80.35445,43.88405],[-80.36598,43.87581],[-80.38775,43.86973],[-80.40147,43.8677],[-80.42456,43.86697],[-80.4676,43.86053],[-80.49274,43.86009],[-80.51543,43.86112],[-80.52811,43.86351],[-80.54149,43.86727],[-80.54692,43.86793],[-80.55338,43.86755],[-80.55521,43.86588],[-80.55584,43.86284],[-80.55444,43.85537],[-80.55077,43.84658],[-80.54324,43.83738],[-80.53823,43.82411],[-80.53478,43.81818],[-80.53167,43.80618],[-80.54584,43.78545],[-80.55724,43.76625],[-80.55972,43.75679],[-80.56288,43.7518],[-80.56515,43.7304],[-80.57474,43.71395],[-80.59807,43.68337],[-80.61672,43.66712],[-80.634,43.6609],[-80.6669,43.64647],[-80.6829,43.64376],[-80.69228,43.64391],[-80.69511,43.64615],[-80.70019,43.66046],[-80.70372,43.6643],[-80.70867,43.66714],[-80.71852,43.66831],[-80.72859,43.67195],[-80.73048,43.67357],[-80.73447,43.68098],[-80.74496,43.68095],[-80.75558,43.68655],[-80.75784,43.6912],[-80.75922,43.70745],[-80.76425,43.70929],[-80.77048,43.70829],[-80.79042,43.70701],[-80.80412,43.71222],[-80.8093,43.71614],[-80.81717,43.71972],[-80.82387,43.72105],[-80.8498,43.71957],[-80.86036,43.71726],[-80.91324,43.71435],[-80.92002,43.71242],[-80.93667,43.70644],[-80.94038,43.70358],[-80.94054,43.70076],[-80.9372,43.68784],[-80.938,43.68348],[-80.92624,43.6625],[-80.92603,43.65435],[-80.92832,43.65154],[-80.93401,43.64811],[-80.94347,43.64418],[-80.94695,43.64069],[-80.95366,43.63675],[-80.96158,43.62581],[-80.9707,43.60522],[-80.97063,43.60236],[-80.96836,43.59747],[-80.96082,43.59057],[-80.95784,43.58579],[-80.95516,43.58389],[-80.95265,43.57946],[-80.94778,43.57657],[-80.94772,43.57182],[-80.96693,43.57307],[-80.97199,43.5716],[-80.97372,43.56815],[-80.97279,43.56517],[-80.97384,43.55829],[-80.9785,43.55405],[-80.98212,43.55256],[-80.9878,43.55184],[-81.03052,43.55195],[-81.05171,43.5512],[-81.08482,43.5459],[-81.13667,43.5461],[-81.18086,43.54931],[-81.19184,43.56433],[-81.19739,43.58265],[-81.19785,43.58713],[-81.21422,43.6185],[-81.22894,43.65127],[-81.23727,43.65697],[-81.24893,43.68168],[-81.25513,43.69106],[-81.26527,43.69947],[-81.27377,43.70448],[-81.30131,43.71425],[-81.31273,43.71681],[-81.32021,43.71982],[-81.32784,43.72144],[-81.34627,43.72431],[-81.36959,43.7254],[-81.39417,43.72558],[-81.42219,43.73782],[-81.42644,43.73847],[-81.44264,43.74753],[-81.44972,43.75357],[-81.45574,43.76633],[-81.46356,43.78793],[-81.47275,43.82194],[-81.47699,43.82694],[-81.48628,43.8296],[-81.4969,43.83445],[-81.49855,43.83624],[-81.49877,43.84421],[-81.49452,43.86751],[-81.49118,43.87542],[-81.49055,43.90331],[-81.48563,43.93854],[-81.48284,43.94823],[-81.47642,43.9629],[-81.47671,43.97049],[-81.47945,43.97796],[-81.48125,43.98077],[-81.48408,43.98279],[-81.4918,43.98396],[-81.49424,43.98218],[-81.49804,43.97703],[-81.50414,43.9655],[-81.50959,43.96174],[-81.5133,43.96135],[-81.51645,43.96193],[-81.53706,43.97329],[-81.54224,43.97732],[-81.55198,43.98756],[-81.55337,43.99709],[-81.56834,43.99897],[-81.57372,43.99519],[-81.60778,43.98599],[-81.61322,43.98509],[-81.62235,43.98615],[-81.6205,43.97501],[-81.62266,43.96371],[-81.62168,43.94786],[-81.62272,43.94431],[-81.62277,43.9268],[-81.61835,43.90589],[-81.6163,43.88075],[-81.61695,43.8722],[-81.61601,43.8699],[-81.61833,43.86152],[-81.63093,43.8374],[-81.63403,43.79976],[-81.63665,43.79471],[-81.64581,43.7859],[-81.6509,43.77484],[-81.65896,43.76545],[-81.66539,43.75117],[-81.66579,43.74773],[-81.66849,43.74446],[-81.67031,43.74022],[-81.67063,43.73753],[-81.66987,43.73121],[-81.66682,43.72339],[-81.66449,43.71151],[-81.66458,43.70593],[-81.66715,43.69372],[-81.67223,43.68042],[-81.67087,43.65986],[-81.67195,43.6411],[-81.67162,43.62176],[-81.66889,43.58875],[-81.66538,43.57485],[-81.66105,43.54683],[-81.66179,43.53753],[-81.66081,43.52507],[-81.66725,43.50621],[-81.66313,43.48811],[-81.65678,43.44964],[-81.62604,43.29868]]]}},{"type":"Feature","properties":{"OGF_ID":67490695,"ECODISTRICT_NAME":"Grimsby"},"geometry":{"type":"Polygon","coordinates":[[[-79.90112,43.49555],[-79.91042,43.50886],[-79.91422,43.51095],[-79.9338,43.51715],[-79.93907,43.51967],[-79.9469,43.51557],[-79.9577,43.50725],[-79.97039,43.49914],[-79.98825,43.49524],[-79.99387,43.4928],[-80.0053,43.48498],[-79.99734,43.4827],[-79.99373,43.48284],[-79.97282,43.48774],[-79.96513,43.48855],[-79.9542,43.48748],[-79.94277,43.4795],[-79.9402,43.47506],[-79.94008,43.47226],[-79.94403,43.46296],[-79.95357,43.45408],[-79.96427,43.44943],[-79.96367,43.44577],[-79.95775,43.44392],[-79.94997,43.43849],[-79.9526,43.43538],[-79.9622,43.43617],[-79.96964,43.43485],[-79.97007,43.4317],[-79.9659,43.43168],[-79.94573,43.42708],[-79.94344,43.42618],[-79.94112,43.42374],[-79.94763,43.41717],[-79.96178,43.40682],[-79.96557,43.40228],[-79.96135,43.39824],[-79.95594,43.39914],[-79.95431,43.40098],[-79.95007,43.40073],[-79.94185,43.38575],[-79.94476,43.38018],[-79.94502,43.37766],[-79.95225,43.36554],[-79.95884,43.35982],[-79.96413,43.35652],[-79.96913,43.34836],[-79.98193,43.33139],[-79.98614,43.32375],[-79.98419,43.31884],[-79.98533,43.31627],[-79.99285,43.30374],[-79.99814,43.29975],[-80.00068,43.29635],[-79.99903,43.29054],[-79.99495,43.2853],[-79.9925,43.28429],[-79.98827,43.27968],[-79.98847,43.27734],[-79.99436,43.27152],[-80.01256,43.26085],[-80.01927,43.25841],[-80.02899,43.25227],[-80.03539,43.24678],[-80.04053,43.24065],[-80.04126,43.23572],[-80.03962,43.23078],[-80.02681,43.21851],[-80.02288,43.2165],[-80.018,43.21545],[-80.01224,43.21624],[-80.00554,43.2184],[-79.99979,43.22131],[-79.99071,43.22672],[-79.98306,43.2339],[-79.97785,43.23732],[-79.97285,43.23856],[-79.96908,43.2391],[-79.96314,43.2412],[-79.94659,43.24356],[-79.93828,43.24402],[-79.93489,43.24347],[-79.90842,43.24378],[-79.88794,43.24016],[-79.84859,43.21346],[-79.82351,43.20059],[-79.81143,43.19645],[-79.78114,43.1989],[-79.74612,43.20019],[-79.72303,43.20031],[-79.6787,43.19835],[-79.67323,43.19575],[-79.66148,43.19201],[-79.64407,43.1886],[-79.58478,43.1792],[-79.57658,43.17692],[-79.54519,43.16296],[-79.54178,43.16081],[-79.52875,43.14478],[-79.5129,43.13511],[-79.49281,43.12565],[-79.48289,43.12429],[-79.47811,43.12478],[-79.47445,43.12676],[-79.46661,43.12808],[-79.46062,43.12767],[-79.45412,43.12823],[-79.45241,43.12961],[-79.44639,43.13183],[-79.44098,43.13244],[-79.43829,43.13155],[-79.42683,43.13249],[-79.42077,43.13099],[-79.40547,43.13287],[-79.39728,43.13174],[-79.38892,43.12888],[-79.38251,43.12538],[-79.37995,43.12243],[-79.35945,43.12281],[-79.35395,43.11713],[-79.34209,43.11664],[-79.33482,43.11406],[-79.33128,43.10831],[-79.32899,43.10685],[-79.32323,43.10574],[-79.31052,43.10669],[-79.30784,43.10603],[-79.30523,43.09901],[-79.30228,43.09657],[-79.30027,43.09327],[-79.30233,43.08279],[-79.30189,43.0801],[-79.29969,43.07937],[-79.28332,43.0783],[-79.27454,43.09037],[-79.27233,43.10097],[-79.26523,43.10429],[-79.25803,43.10606],[-79.2366,43.10735],[-79.18539,43.11352],[-79.13839,43.1233],[-79.12396,43.12541],[-79.09211,43.13435],[-79.06938,43.13789],[-79.05827,43.14153],[-79.04275,43.14807],[-79.04667,43.1624],[-79.05109,43.16762],[-79.05334,43.17393],[-79.05273,43.18406],[-79.04873,43.20018],[-79.05659,43.21031],[-79.05306,43.22348],[-79.05581,43.23909],[-79.0547,43.24876],[-79.05595,43.25468],[-79.07039,43.2624],[-79.15959,43.39117],[-79.27807,43.35088],[-79.79728,43.31977],[-79.80218,43.32077],[-79.82247,43.32754],[-79.82627,43.32946],[-79.82964,43.33453],[-79.83018,43.33984],[-79.82651,43.3517],[-79.82462,43.36282],[-79.83047,43.38807],[-79.83152,43.40081],[-79.83652,43.41531],[-79.84582,43.42359],[-79.85882,43.43162],[-79.87229,43.43432],[-79.87734,43.436],[-79.88364,43.43692],[-79.89456,43.43702],[-79.91711,43.43124],[-79.91815,43.43306],[-79.91772,43.43535],[-79.90842,43.45516],[-79.90988,43.45922],[-79.89812,43.46633],[-79.89545,43.47179],[-79.90112,43.49555]]]}},{"type":"Feature","properties":{"OGF_ID":67490670,"ECODISTRICT_NAME":"Manitoulin"},"geometry":{"type":"Polygon","coordinates":[[[-84.07039,46.31278],[-84.07415,46.31618],[-84.08385,46.31759],[-84.09143,46.32114],[-84.10595,46.32198],[-84.11945,46.3149],[-84.11542,46.26804],[-84.09764,46.25637],[-84.10826,46.24145],[-84.08581,46.21015],[-84.07714,46.18734],[-84.00598,46.14945],[-84.00631,46.11831],[-83.97634,46.10243],[-83.95548,46.05676],[-83.90353,46.06045],[-83.82634,46.11887],[-83.75987,46.10273],[-83.655,46.1217],[-83.57195,46.10579],[-83.43378,45.99818],[-83.59717,45.82129],[-82.51862,45.33865],[-82.51844,45.3379],[-81.75207,45.36184],[-81.62585,45.38447],[-81.47349,45.37826],[-80.94288,45.37855],[-81.40161,45.8717],[-81.53304,45.93878],[-81.56587,45.95428],[-81.56948,45.95803],[-81.56907,45.96022],[-81.55834,45.96727],[-81.55637,45.97102],[-81.56593,45.96842],[-81.57157,45.96452],[-81.57684,45.96634],[-81.5879,45.96649],[-81.59759,45.95819],[-81.61489,45.9527],[-81.65335,45.94491],[-81.65781,45.94158],[-81.66443,45.93897],[-81.67384,45.93698],[-81.6862,45.93662],[-81.69677,45.93753],[-81.70713,45.93659],[-81.71639,45.92518],[-81.71729,45.91614],[-81.74172,45.90804],[-81.76982,45.90697],[-81.79605,45.91419],[-81.80949,45.9238],[-81.80959,45.93335],[-81.80095,45.94049],[-81.78587,45.94673],[-81.74237,45.95307],[-81.72643,45.96739],[-81.72109,45.9763],[-81.72189,46.00023],[-81.72334,46.00476],[-81.7277,46.01024],[-81.73362,46.01359],[-81.73733,46.01672],[-81.73886,46.01983],[-81.73472,46.02594],[-81.73004,46.03061],[-81.71455,46.03725],[-81.70315,46.04642],[-81.7033,46.04904],[-81.70871,46.05276],[-81.70936,46.054],[-81.71148,46.05293],[-81.71416,46.05717],[-81.71632,46.05733],[-81.71974,46.05456],[-81.72085,46.05299],[-81.72018,46.05179],[-81.72922,46.04137],[-81.73041,46.03644],[-81.74137,46.02009],[-81.7577,46.0049],[-81.76067,46.00072],[-81.76459,45.99923],[-81.7742,45.99964],[-81.77947,46.00261],[-81.77988,46.00541],[-81.78139,46.0071],[-81.78103,46.01071],[-81.77869,46.01182],[-81.77597,46.01591],[-81.77768,46.01842],[-81.77751,46.02044],[-81.7821,46.02636],[-81.7839,46.04571],[-81.78962,46.05378],[-81.80416,46.05956],[-81.81935,46.06355],[-81.82768,46.06285],[-81.83039,46.06188],[-81.83447,46.0624],[-81.83586,46.06432],[-81.83808,46.06449],[-81.84329,46.06338],[-81.84718,46.06097],[-81.84746,46.06166],[-81.8527,46.06319],[-81.85954,46.06297],[-81.86304,46.06032],[-81.87824,46.06012],[-81.89844,46.05753],[-81.93342,46.04943],[-81.93574,46.0499],[-81.93578,46.05277],[-81.94715,46.05299],[-81.95379,46.05116],[-81.96069,46.04734],[-81.96318,46.04086],[-81.96974,46.0403],[-81.98488,46.04058],[-81.98946,46.03854],[-81.99267,46.03822],[-81.99597,46.03849],[-81.99833,46.03961],[-82.00038,46.05161],[-82.00562,46.05567],[-82.11158,46.08041],[-82.13406,46.08322],[-82.15241,46.08371],[-82.17671,46.07239],[-82.18928,46.06458],[-82.23811,46.06119],[-82.26055,46.06176],[-82.2846,46.06352],[-82.30504,46.07354],[-82.3299,46.08995],[-82.35605,46.1115],[-82.38853,46.10973],[-82.43412,46.09952],[-82.80523,46.06373],[-82.84548,46.0708],[-82.84637,46.07248],[-83.00063,46.05774],[-83.34886,46.08254],[-83.6636,46.14406],[-83.70588,46.17099],[-83.74406,46.22134],[-83.76195,46.24144],[-83.82328,46.27383],[-83.8474,46.27782],[-83.91069,46.29619],[-83.92162,46.29867],[-83.93094,46.29898],[-83.93531,46.29724],[-83.94113,46.29234],[-83.94592,46.29063],[-83.94892,46.29293],[-83.9514,46.29304],[-83.95814,46.29727],[-83.9666,46.30508],[-83.9739,46.30988],[-83.98568,46.31275],[-83.98899,46.31202],[-83.99602,46.31392],[-84.06388,46.30803],[-84.07039,46.31278]]]}},{"type":"Feature","properties":{"OGF_ID":67490697,"ECODISTRICT_NAME":"St. Thomas"},"geometry":{"type":"Polygon","coordinates":[[[-81.74886,43.32967],[-82.22665,43.38425],[-82.41378,43.01131],[-82.42414,42.99784],[-82.42459,42.99229],[-82.42145,42.98548],[-82.41312,42.97737],[-82.41678,42.96679],[-82.42887,42.95204],[-82.44778,42.93768],[-82.45531,42.92676],[-82.46231,42.90562],[-82.47034,42.88743],[-82.46825,42.85567],[-82.47275,42.83676],[-82.47887,42.82537],[-82.48203,42.80826],[-82.48073,42.80242],[-82.47195,42.78617],[-82.46784,42.77029],[-82.46737,42.76242],[-82.47483,42.74934],[-82.46982,42.74694],[-82.46405,42.74055],[-82.46074,42.7296],[-82.45848,42.72591],[-82.45688,42.72452],[-82.45017,42.72348],[-82.44333,42.72107],[-82.43792,42.71628],[-82.43659,42.70464],[-82.43488,42.7008],[-82.43469,42.69793],[-82.43366,42.69512],[-82.42784,42.68772],[-82.4122,42.67545],[-82.40344,42.67206],[-82.39718,42.67199],[-82.39241,42.67034],[-82.3638,42.66894],[-82.35937,42.66649],[-82.35697,42.66635],[-82.35121,42.66412],[-82.34332,42.6633],[-82.33654,42.66169],[-82.31751,42.6618],[-82.307,42.66095],[-82.26242,42.65372],[-82.25952,42.65124],[-82.23651,42.64844],[-82.23349,42.64876],[-82.22694,42.64756],[-82.20194,42.63525],[-82.19092,42.62833],[-82.18385,42.62592],[-82.17491,42.61954],[-82.17297,42.61511],[-82.17259,42.61127],[-82.17409,42.60917],[-82.17628,42.60828],[-82.19725,42.60778],[-82.23056,42.60987],[-82.24348,42.60999],[-82.25595,42.60903],[-82.25822,42.60795],[-82.26393,42.60475],[-82.27223,42.59463],[-82.2742,42.58835],[-82.28231,42.57641],[-82.28884,42.57029],[-82.29542,42.56178],[-82.29556,42.558],[-82.29202,42.55711],[-82.2759,42.56297],[-82.26508,42.56274],[-82.26145,42.56175],[-82.26002,42.55989],[-82.25779,42.55066],[-82.26504,42.5177],[-82.2618,42.50491],[-82.2569,42.49736],[-82.24861,42.48956],[-82.23876,42.48672],[-82.22768,42.4877],[-82.19506,42.48562],[-82.16606,42.48918],[-82.15161,42.49237],[-82.13219,42.50478],[-82.12939,42.51443],[-82.11247,42.52171],[-82.1036,42.52391],[-82.09307,42.52473],[-82.08335,42.52281],[-82.07502,42.51751],[-82.07085,42.50815],[-82.07411,42.49925],[-82.07943,42.49175],[-82.08922,42.48114],[-82.1107,42.46147],[-82.1216,42.45323],[-82.12472,42.45175],[-82.13911,42.43558],[-82.14774,42.42417],[-82.17162,42.40916],[-82.18011,42.40193],[-82.18876,42.3984],[-82.20352,42.39093],[-82.21829,42.3823],[-82.23241,42.37213],[-82.23323,42.36985],[-82.23255,42.36452],[-82.22947,42.35929],[-82.22225,42.35224],[-82.21407,42.347],[-82.20089,42.34396],[-82.19136,42.3445],[-82.17654,42.34689],[-82.16825,42.34727],[-82.1658,42.34644],[-82.16315,42.34327],[-82.16293,42.32489],[-82.15797,42.32175],[-82.152,42.32216],[-82.1454,42.32765],[-82.1113,42.34735],[-82.09975,42.35743],[-82.0828,42.36214],[-82.07273,42.3664],[-82.06531,42.37062],[-82.05416,42.37961],[-82.03369,42.39029],[-82.00834,42.40139],[-81.9783,42.42467],[-81.93896,42.43809],[-81.92365,42.44656],[-81.88237,42.46147],[-81.8353,42.49325],[-81.82161,42.50786],[-81.81218,42.526],[-81.78922,42.54221],[-81.78458,42.55079],[-81.78103,42.5528],[-81.78142,42.5425],[-81.77956,42.53918],[-81.77516,42.53821],[-81.77245,42.53867],[-81.76441,42.54565],[-81.76109,42.5476],[-81.74934,42.56306],[-81.73937,42.56873],[-81.73689,42.56907],[-81.73503,42.56416],[-81.73853,42.55403],[-81.7458,42.52237],[-81.74634,42.51877],[-81.7448,42.51265],[-81.74921,42.50022],[-81.74897,42.49748],[-81.7472,42.49313],[-81.73283,42.4929],[-81.73074,42.4916],[-81.73036,42.48083],[-81.72418,42.479],[-81.71768,42.47964],[-81.71096,42.47917],[-81.6999,42.47763],[-81.6955,42.47621],[-81.70493,42.46316],[-81.70608,42.45144],[-81.61917,42.03762],[-81.24573,42.20756],[-80.07995,42.39356],[-79.57423,42.58784],[-80.20147,42.78096],[-80.20047,42.78302],[-80.22137,42.79986],[-80.23753,42.80443],[-80.24702,42.80855],[-80.25399,42.81044],[-80.26442,42.81781],[-80.27732,42.82353],[-80.27887,42.82697],[-80.27802,42.83045],[-80.27593,42.83337],[-80.27152,42.83635],[-80.26372,42.83807],[-80.24493,42.83928],[-80.2396,42.839],[-80.2311,42.83701],[-80.21951,42.83151],[-80.21572,42.83072],[-80.21271,42.83181],[-80.21317,42.83524],[-80.22012,42.84113],[-80.22314,42.84227],[-80.22491,42.84581],[-80.22414,42.84913],[-80.20366,42.84485],[-80.19609,42.84646],[-80.18504,42.84659],[-80.18256,42.84624],[-80.17693,42.84298],[-80.17468,42.84258],[-80.17252,42.84379],[-80.1841,42.86181],[-80.18233,42.8653],[-80.17877,42.86971],[-80.17413,42.8736],[-80.16911,42.88099],[-80.16725,42.88929],[-80.16717,42.8965],[-80.17003,42.89667],[-80.17235,42.89563],[-80.17598,42.89272],[-80.18015,42.88739],[-80.18348,42.8859],[-80.21964,42.88405],[-80.22536,42.87706],[-80.22985,42.87409],[-80.23256,42.87323],[-80.24438,42.8715],[-80.25396,42.87396],[-80.25883,42.87373],[-80.26169,42.87465],[-80.26161,42.89032],[-80.26547,42.8949],[-80.26593,42.89725],[-80.26362,42.90732],[-80.26439,42.9186],[-80.26578,42.92283],[-80.27636,42.93473],[-80.27837,42.94005],[-80.2796,42.94755],[-80.2786,42.96534],[-80.27936,42.97438],[-80.27735,42.98286],[-80.27974,42.98761],[-80.2798,42.997],[-80.28427,43.00776],[-80.28598,43.00955],[-80.29606,43.01417],[-80.29959,43.01659],[-80.30045,43.01929],[-80.29548,43.02335],[-80.29019,43.02535],[-80.28333,43.02418],[-80.27649,43.021],[-80.26704,43.02098],[-80.26342,43.01976],[-80.25978,43.0201],[-80.24135,43.01856],[-80.23181,43.02174],[-80.22739,43.02471],[-80.22438,43.02792],[-80.22137,43.03331],[-80.22134,43.04158],[-80.22173,43.04416],[-80.22488,43.0463],[-80.22706,43.05445],[-80.22736,43.06059],[-80.2264,43.06345],[-80.22458,43.06621],[-80.20768,43.08016],[-80.19228,43.08914],[-80.18707,43.09372],[-80.18808,43.09883],[-80.1898,43.10066],[-80.19602,43.1039],[-80.19594,43.10648],[-80.19261,43.11123],[-80.18732,43.11598],[-80.18256,43.12384],[-80.18088,43.13485],[-80.1773,43.14436],[-80.17832,43.14637],[-80.18124,43.14759],[-80.19069,43.14785],[-80.1921,43.14974],[-80.19373,43.15588],[-80.18875,43.16179],[-80.183,43.16406],[-80.1778,43.16434],[-80.15408,43.16267],[-80.09045,43.17346],[-80.07847,43.17727],[-80.06507,43.17804],[-80.04378,43.18384],[-80.02508,43.19217],[-80.01577,43.19714],[-80.01025,43.1981],[-80.00407,43.20145],[-79.9908,43.21377],[-79.97919,43.23153],[-79.97285,43.23856],[-79.97785,43.23732],[-79.98306,43.2339],[-79.99071,43.22672],[-79.99979,43.22131],[-80.00554,43.2184],[-80.01224,43.21624],[-80.018,43.21545],[-80.02288,43.2165],[-80.02681,43.21851],[-80.03962,43.23078],[-80.04126,43.23572],[-80.04053,43.24065],[-80.03539,43.24678],[-80.02899,43.25227],[-80.01927,43.25841],[-80.01256,43.26085],[-79.99436,43.27152],[-79.98847,43.27734],[-79.98827,43.27968],[-79.9925,43.28429],[-79.99495,43.2853],[-79.99903,43.29054],[-80.00068,43.29635],[-79.99814,43.29975],[-79.99285,43.30374],[-79.98533,43.31627],[-79.98419,43.31884],[-79.98614,43.32375],[-80.01994,43.30218],[-80.04163,43.29426],[-80.0682,43.29009],[-80.09832,43.28391],[-80.10801,43.28302],[-80.11724,43.27971],[-80.12759,43.2724],[-80.13098,43.27097],[-80.14628,43.26751],[-80.15211,43.26672],[-80.15762,43.26697],[-80.16322,43.26601],[-80.17017,43.26339],[-80.17907,43.2618],[-80.21359,43.25983],[-80.22021,43.26105],[-80.22871,43.26062],[-80.23654,43.25123],[-80.23899,43.24997],[-80.24687,43.24942],[-80.24996,43.24369],[-80.25509,43.24203],[-80.27102,43.23806],[-80.2949,43.23462],[-80.29893,43.2328],[-80.3048,43.21944],[-80.31262,43.21286],[-80.33063,43.20057],[-80.34659,43.18506],[-80.35204,43.18129],[-80.35598,43.18072],[-80.35897,43.18113],[-80.37007,43.18444],[-80.37103,43.18168],[-80.36955,43.1776],[-80.36327,43.16685],[-80.35825,43.16173],[-80.35332,43.14995],[-80.35136,43.14759],[-80.34782,43.14541],[-80.3346,43.13905],[-80.33153,43.13686],[-80.3298,43.13491],[-80.32565,43.12531],[-80.33137,43.11316],[-80.34109,43.10217],[-80.3568,43.09532],[-80.36696,43.09426],[-80.37894,43.09475],[-80.38185,43.09418],[-80.3839,43.09563],[-80.37826,43.10645],[-80.37929,43.10921],[-80.38148,43.11094],[-80.38652,43.11267],[-80.39488,43.1139],[-80.41094,43.11371],[-80.41637,43.11597],[-80.42558,43.12283],[-80.43496,43.11884],[-80.43947,43.11351],[-80.44476,43.10916],[-80.44989,43.10637],[-80.45161,43.1097],[-80.45184,43.11395],[-80.4504,43.11997],[-80.44279,43.13407],[-80.43819,43.14484],[-80.42948,43.15963],[-80.43089,43.16158],[-80.4386,43.16585],[-80.45513,43.17129],[-80.46292,43.17533],[-80.46653,43.18056],[-80.4715,43.17868],[-80.47421,43.16825],[-80.50623,43.13584],[-80.5097,43.12949],[-80.52016,43.11585],[-80.53555,43.10487],[-80.53856,43.10132],[-80.53896,43.09845],[-80.53779,43.09506],[-80.5341,43.09098],[-80.52175,43.05748],[-80.51837,43.02735],[-80.51945,43.01133],[-80.52175,43.00542],[-80.52653,42.99723],[-80.52666,42.99515],[-80.5303,42.99223],[-80.53315,42.99103],[-80.53694,42.99097],[-80.54065,42.99205],[-80.55487,42.99324],[-80.5612,42.99531],[-80.56847,42.99628],[-80.57689,42.99478],[-80.58153,42.99174],[-80.59011,42.98138],[-80.59042,42.97555],[-80.59421,42.96925],[-80.60048,42.94984],[-80.6028,42.94795],[-80.62204,42.94233],[-80.62984,42.93644],[-80.63101,42.93374],[-80.63287,42.93237],[-80.6368,42.93082],[-80.64732,42.92915],[-80.65845,42.92944],[-80.66223,42.92875],[-80.67422,42.92268],[-80.68272,42.91088],[-80.69092,42.90664],[-80.7182,42.89902],[-80.72616,42.89432],[-80.74586,42.88653],[-80.79958,42.87328],[-80.82764,42.85552],[-80.91189,42.83225],[-80.92766,42.82875],[-80.93578,42.82839],[-80.94605,42.82605],[-80.95371,42.82118],[-80.96028,42.8091],[-80.97141,42.79988],[-80.981,42.79536],[-80.99738,42.79059],[-81.00179,42.78991],[-81.01322,42.79088],[-81.02396,42.79562],[-81.02867,42.79671],[-81.04227,42.80374],[-81.04961,42.80974],[-81.05471,42.81254],[-81.06051,42.81437],[-81.07218,42.81488],[-81.11492,42.79631],[-81.14144,42.78096],[-81.15241,42.77718],[-81.15558,42.77832],[-81.15936,42.78393],[-81.16013,42.79028],[-81.15913,42.7924],[-81.14677,42.79905],[-81.12241,42.82178],[-81.12056,42.82429],[-81.12187,42.82619],[-81.1262,42.82578],[-81.1337,42.8236],[-81.17473,42.82473],[-81.17952,42.82581],[-81.22125,42.82733],[-81.22883,42.82899],[-81.23895,42.83648],[-81.24374,42.83923],[-81.24814,42.84066],[-81.25147,42.84134],[-81.27357,42.84104],[-81.28292,42.84202],[-81.29251,42.84401],[-81.30433,42.84772],[-81.31213,42.85487],[-81.32334,42.85962],[-81.33585,42.86659],[-81.34258,42.8797],[-81.33894,42.88559],[-81.33438,42.888],[-81.32402,42.88898],[-81.31838,42.88829],[-81.31165,42.88486],[-81.30763,42.88504],[-81.3067,42.88784],[-81.30757,42.89036],[-81.3115,42.89539],[-81.34202,42.91432],[-81.34342,42.91861],[-81.3458,42.92182],[-81.34526,42.92399],[-81.35461,42.94619],[-81.35978,42.95471],[-81.36156,42.96267],[-81.36302,42.96484],[-81.37771,42.96947],[-81.42995,42.96904],[-81.44827,42.95993],[-81.48846,42.95505],[-81.49239,42.95711],[-81.49355,42.95917],[-81.49868,42.99499],[-81.49765,42.99716],[-81.49772,43.00216],[-81.49636,43.00818],[-81.49973,43.01227],[-81.50862,43.01792],[-81.51366,43.01959],[-81.53264,43.0228],[-81.5517,43.02709],[-81.5687,43.03219],[-81.58208,43.03808],[-81.5827,43.04078],[-81.57811,43.048],[-81.55251,43.07158],[-81.53709,43.08944],[-81.53503,43.09357],[-81.53288,43.10057],[-81.53279,43.1047],[-81.53317,43.10946],[-81.53504,43.11435],[-81.53455,43.11997],[-81.53098,43.12726],[-81.5215,43.13543],[-81.52172,43.14008],[-81.52029,43.14651],[-81.52182,43.16201],[-81.52029,43.17072],[-81.51626,43.18068],[-81.52055,43.18801],[-81.52252,43.18985],[-81.52905,43.19285],[-81.53329,43.19855],[-81.53587,43.20281],[-81.54659,43.23015],[-81.55663,43.24229],[-81.55908,43.24379],[-81.56056,43.24598],[-81.5634,43.2473],[-81.5707,43.25524],[-81.57375,43.26111],[-81.57972,43.26835],[-81.59261,43.27918],[-81.59608,43.28062],[-81.60284,43.28598],[-81.62604,43.29868],[-81.64254,43.30628],[-81.66007,43.31265],[-81.68141,43.32206],[-81.70201,43.32708],[-81.72077,43.32985],[-81.74886,43.32967]]]}},{"type":"Feature","properties":{"OGF_ID":67490689,"ECODISTRICT_NAME":"Picton"},"geometry":{"type":"Polygon","coordinates":[[[-76.30063,44.41197],[-76.28909,44.42578],[-76.29332,44.42899],[-76.30788,44.41888],[-76.32562,44.40355],[-76.33097,44.40328],[-76.33552,44.40888],[-76.33553,44.41112],[-76.33995,44.41512],[-76.34648,44.41025],[-76.36657,44.39908],[-76.36805,44.39748],[-76.37254,44.40111],[-76.37229,44.40581],[-76.36934,44.40847],[-76.36876,44.41531],[-76.37249,44.42359],[-76.38098,44.42428],[-76.38456,44.42205],[-76.39143,44.41297],[-76.39408,44.40619],[-76.39762,44.40235],[-76.40327,44.39728],[-76.41788,44.39169],[-76.41909,44.38798],[-76.41719,44.36614],[-76.41854,44.36067],[-76.42508,44.35194],[-76.42662,44.34807],[-76.43045,44.34508],[-76.43154,44.3404],[-76.43707,44.3395],[-76.45261,44.32574],[-76.45589,44.31961],[-76.45456,44.31535],[-76.46663,44.30945],[-76.48239,44.30537],[-76.5079,44.29507],[-76.50991,44.29154],[-76.53969,44.27986],[-76.54351,44.28324],[-76.54767,44.2802],[-76.55612,44.26595],[-76.56405,44.25621],[-76.57972,44.24337],[-76.58729,44.24387],[-76.5937,44.24648],[-76.6088,44.24633],[-76.61332,44.24451],[-76.6185,44.2392],[-76.61925,44.2363],[-76.6211,44.23474],[-76.6285,44.23252],[-76.6346,44.23438],[-76.64344,44.23238],[-76.64557,44.23619],[-76.64338,44.24377],[-76.64815,44.24761],[-76.65339,44.2486],[-76.66501,44.24727],[-76.67474,44.25095],[-76.67668,44.24703],[-76.67237,44.24393],[-76.67089,44.23968],[-76.67817,44.23291],[-76.68555,44.23169],[-76.69694,44.23282],[-76.70301,44.23582],[-76.70522,44.24009],[-76.70523,44.2457],[-76.7162,44.2419],[-76.72139,44.24196],[-76.72615,44.23997],[-76.72868,44.23485],[-76.73513,44.23569],[-76.74145,44.23817],[-76.74614,44.24195],[-76.74893,44.2456],[-76.74871,44.25098],[-76.75379,44.25196],[-76.76579,44.23633],[-76.79576,44.22093],[-76.80555,44.21883],[-76.81074,44.22211],[-76.81327,44.22592],[-76.81299,44.23072],[-76.81465,44.23436],[-76.81355,44.23961],[-76.81613,44.24502],[-76.8221,44.24545],[-76.84548,44.24061],[-76.85167,44.24195],[-76.85724,44.24009],[-76.8621,44.23724],[-76.87152,44.23444],[-76.87054,44.23826],[-76.87156,44.24228],[-76.9108,44.22015],[-76.92662,44.21412],[-76.93255,44.2162],[-76.93709,44.21953],[-76.94004,44.22306],[-76.94206,44.22819],[-76.94272,44.23363],[-76.94162,44.23894],[-76.93917,44.24394],[-76.92637,44.25328],[-76.91484,44.26371],[-76.91167,44.27174],[-76.91089,44.27694],[-76.9142,44.28191],[-76.9202,44.28142],[-76.92601,44.2792],[-76.97274,44.27297],[-76.97492,44.2813],[-76.9773,44.28494],[-76.98361,44.28491],[-76.99198,44.2825],[-76.99847,44.27887],[-77.01631,44.2719],[-77.02433,44.27383],[-77.02939,44.27288],[-77.03449,44.2702],[-77.04614,44.25851],[-77.05359,44.24595],[-77.05947,44.24088],[-77.06289,44.24436],[-77.07219,44.24626],[-77.08592,44.24634],[-77.09615,44.24933],[-77.10284,44.25005],[-77.11463,44.24512],[-77.12023,44.24485],[-77.12681,44.2497],[-77.13177,44.25222],[-77.13759,44.2527],[-77.14305,44.25186],[-77.14783,44.24906],[-77.1474,44.23503],[-77.15026,44.22682],[-77.15396,44.22304],[-77.16008,44.22101],[-77.16646,44.22155],[-77.16659,44.22527],[-77.16292,44.23432],[-77.16265,44.24468],[-77.16787,44.2435],[-77.17322,44.2434],[-77.1728,44.24716],[-77.17781,44.25153],[-77.1835,44.25098],[-77.18139,44.25507],[-77.18131,44.26074],[-77.18778,44.26083],[-77.2154,44.25593],[-77.22303,44.26348],[-77.22875,44.26453],[-77.2338,44.26362],[-77.23857,44.26174],[-77.24331,44.25779],[-77.24917,44.25645],[-77.26516,44.2641],[-77.27197,44.26706],[-77.27915,44.2675],[-77.28613,44.26633],[-77.29693,44.26247],[-77.30205,44.25916],[-77.30536,44.25509],[-77.30764,44.24728],[-77.3033,44.23646],[-77.30067,44.2331],[-77.29073,44.22838],[-77.28818,44.22503],[-77.28942,44.22052],[-77.36628,44.20141],[-77.37359,44.20025],[-77.37975,44.21482],[-77.38359,44.21762],[-77.38991,44.2173],[-77.39626,44.2127],[-77.39836,44.20923],[-77.40985,44.19776],[-77.4139,44.19542],[-77.41931,44.19033],[-77.42241,44.18168],[-77.42756,44.17413],[-77.43404,44.16792],[-77.43826,44.1654],[-77.44359,44.1633],[-77.47075,44.16287],[-77.49588,44.15805],[-77.50757,44.15403],[-77.51787,44.14805],[-77.52872,44.1396],[-77.55634,44.10738],[-77.55874,44.10279],[-77.57116,44.10239],[-77.57224,44.1],[-77.57422,44.09857],[-77.57316,44.09837],[-77.57323,44.0969],[-77.57947,44.09495],[-77.58514,44.09486],[-77.58941,44.09794],[-77.59599,44.09408],[-77.63545,44.08821],[-77.6434,44.08643],[-77.65423,44.0789],[-77.66224,44.07775],[-77.66547,44.07653],[-77.67035,44.07025],[-77.67753,44.06456],[-77.67777,44.05855],[-77.67525,44.05703],[-77.6703,44.05691],[-77.66412,44.05802],[-77.61963,44.07002],[-77.6084,44.06877],[-77.60201,44.06653],[-77.60213,44.06537],[-77.60118,44.06621],[-77.59817,44.06544],[-77.59882,44.06483],[-77.5978,44.06512],[-77.59814,44.06417],[-77.59698,44.0644],[-77.59778,44.06379],[-77.59672,44.06423],[-77.59747,44.06361],[-77.59654,44.06408],[-77.597,44.06351],[-77.59578,44.06368],[-77.5958,44.06291],[-77.59506,44.06325],[-77.59518,44.06262],[-77.59424,44.0629],[-77.59412,44.06212],[-77.59196,44.06182],[-77.58792,44.05967],[-77.58173,44.06132],[-77.58136,44.06068],[-77.58701,44.05882],[-77.58991,44.0561],[-77.59096,44.05484],[-77.59003,44.05333],[-77.59075,44.05487],[-77.58752,44.05752],[-77.5851,44.05842],[-77.57668,44.05585],[-77.57631,44.055],[-77.57544,44.05505],[-77.57612,44.05559],[-77.57523,44.05599],[-77.57496,44.05556],[-77.57598,44.0534],[-77.57663,44.05438],[-77.57812,44.05457],[-77.57608,44.05318],[-77.57766,44.04981],[-77.58336,44.04622],[-77.60184,44.04195],[-77.62207,44.04136],[-77.64168,44.03974],[-77.66756,44.03374],[-77.6776,44.03272],[-77.68268,44.03038],[-77.68989,44.02905],[-77.70336,44.02464],[-77.71159,44.01859],[-77.72008,44.01636],[-77.73145,44.01584],[-77.73473,44.01431],[-77.73908,44.01362],[-77.74099,44.01243],[-77.7491,44.01028],[-77.77912,43.98789],[-77.81679,43.92248],[-77.88439,43.63115],[-77.33933,43.63115],[-76.7967,43.63115],[-76.43895,44.09406],[-76.35286,44.13434],[-76.31272,44.19906],[-76.28667,44.20381],[-76.24547,44.20387],[-76.20684,44.21501],[-76.19172,44.22143],[-76.16431,44.23984],[-76.16181,44.28074],[-76.16453,44.29552],[-76.16279,44.30258],[-76.16487,44.30912],[-76.16659,44.31068],[-76.16634,44.31581],[-76.16719,44.31723],[-76.16908,44.31774],[-76.1747,44.31708],[-76.18431,44.32514],[-76.18418,44.32961],[-76.18089,44.34256],[-76.18523,44.34468],[-76.19048,44.34246],[-76.19913,44.33548],[-76.22266,44.32178],[-76.22931,44.32072],[-76.23258,44.32408],[-76.23341,44.32925],[-76.23328,44.3372],[-76.2268,44.34324],[-76.22085,44.34482],[-76.21907,44.34852],[-76.22416,44.34938],[-76.22856,44.35248],[-76.22312,44.35573],[-76.21537,44.35866],[-76.21254,44.36618],[-76.21386,44.37043],[-76.21126,44.37806],[-76.20869,44.38175],[-76.2032,44.38397],[-76.19377,44.3902],[-76.19224,44.39945],[-76.18982,44.40383],[-76.18259,44.41122],[-76.17681,44.41544],[-76.17179,44.41796],[-76.16794,44.42139],[-76.16672,44.42527],[-76.18782,44.42206],[-76.21135,44.4201],[-76.23037,44.41995],[-76.23734,44.41919],[-76.24658,44.41713],[-76.25739,44.41625],[-76.27553,44.41288],[-76.2827,44.41368],[-76.2896,44.41251],[-76.29589,44.40996],[-76.30063,44.41197]]]}},{"type":"Feature","properties":{"OGF_ID":67490698,"ECODISTRICT_NAME":"Niagara"},"geometry":{"type":"Polygon","coordinates":[[[-79.93828,43.24402],[-79.94659,43.24356],[-79.96314,43.2412],[-79.96908,43.2391],[-79.97285,43.23856],[-79.97919,43.23153],[-79.9908,43.21377],[-80.00407,43.20145],[-80.01025,43.1981],[-80.01577,43.19714],[-80.02508,43.19217],[-80.04378,43.18384],[-80.06507,43.17804],[-80.07847,43.17727],[-80.09045,43.17346],[-80.15408,43.16267],[-80.1778,43.16434],[-80.183,43.16406],[-80.18875,43.16179],[-80.19373,43.15588],[-80.1921,43.14974],[-80.19069,43.14785],[-80.18124,43.14759],[-80.17832,43.14637],[-80.1773,43.14436],[-80.18088,43.13485],[-80.18256,43.12384],[-80.18732,43.11598],[-80.19261,43.11123],[-80.19594,43.10648],[-80.19602,43.1039],[-80.1898,43.10066],[-80.18808,43.09883],[-80.18707,43.09372],[-80.19228,43.08914],[-80.20768,43.08016],[-80.22458,43.06621],[-80.2264,43.06345],[-80.22736,43.06059],[-80.22706,43.05445],[-80.22488,43.0463],[-80.22173,43.04416],[-80.22134,43.04158],[-80.22137,43.03331],[-80.22438,43.02792],[-80.22739,43.02471],[-80.23181,43.02174],[-80.24135,43.01856],[-80.25978,43.0201],[-80.26342,43.01976],[-80.26704,43.02098],[-80.27649,43.021],[-80.28333,43.02418],[-80.29019,43.02535],[-80.29548,43.02335],[-80.30045,43.01929],[-80.29959,43.01659],[-80.29606,43.01417],[-80.28598,43.00955],[-80.28427,43.00776],[-80.2798,42.997],[-80.27974,42.98761],[-80.27735,42.98286],[-80.27936,42.97438],[-80.2786,42.96534],[-80.2796,42.94755],[-80.27837,42.94005],[-80.27636,42.93473],[-80.26578,42.92283],[-80.26439,42.9186],[-80.26362,42.90732],[-80.26593,42.89725],[-80.26547,42.8949],[-80.26161,42.89032],[-80.26169,42.87465],[-80.25883,42.87373],[-80.25396,42.87396],[-80.24438,42.8715],[-80.23256,42.87323],[-80.22985,42.87409],[-80.22536,42.87706],[-80.21964,42.88405],[-80.18348,42.8859],[-80.18015,42.88739],[-80.17598,42.89272],[-80.17235,42.89563],[-80.17003,42.89667],[-80.16717,42.8965],[-80.16725,42.88929],[-80.16911,42.88099],[-80.17413,42.8736],[-80.17877,42.86971],[-80.18233,42.8653],[-80.1841,42.86181],[-80.17252,42.84379],[-80.17468,42.84258],[-80.17693,42.84298],[-80.18256,42.84624],[-80.18504,42.84659],[-80.19609,42.84646],[-80.20366,42.84485],[-80.22414,42.84913],[-80.22491,42.84581],[-80.22314,42.84227],[-80.22012,42.84113],[-80.21317,42.83524],[-80.21271,42.83181],[-80.21572,42.83072],[-80.21951,42.83151],[-80.2311,42.83701],[-80.2396,42.839],[-80.24493,42.83928],[-80.26372,42.83807],[-80.27152,42.83635],[-80.27593,42.83337],[-80.27802,42.83045],[-80.27887,42.82697],[-80.27732,42.82353],[-80.26442,42.81781],[-80.25399,42.81044],[-80.24702,42.80855],[-80.23753,42.80443],[-80.22137,42.79986],[-80.20047,42.78302],[-80.20147,42.78096],[-79.57423,42.58784],[-78.93539,42.82831],[-78.9155,42.88129],[-78.90595,42.90029],[-78.90609,42.92376],[-78.9095,42.9337],[-78.91925,42.94709],[-78.93275,42.95604],[-78.96178,42.95787],[-78.97503,42.96879],[-79.0117,42.98529],[-79.0202,42.99484],[-79.02345,43.01629],[-79.01186,43.02918],[-79.00534,43.04726],[-78.99967,43.05601],[-79.00742,43.06593],[-79.07411,43.07787],[-79.07539,43.08162],[-79.06981,43.08856],[-79.06623,43.09134],[-79.05792,43.10712],[-79.06014,43.11387],[-79.06967,43.12034],[-79.05945,43.12648],[-79.05711,43.12704],[-79.05414,43.12937],[-79.04953,43.13515],[-79.0437,43.13843],[-79.04234,43.14368],[-79.04275,43.14807],[-79.05827,43.14153],[-79.06938,43.13789],[-79.09211,43.13435],[-79.12396,43.12541],[-79.13839,43.1233],[-79.18539,43.11352],[-79.2366,43.10735],[-79.25803,43.10606],[-79.26523,43.10429],[-79.27233,43.10097],[-79.27454,43.09037],[-79.28332,43.0783],[-79.29969,43.07937],[-79.30189,43.0801],[-79.30233,43.08279],[-79.30027,43.09327],[-79.30228,43.09657],[-79.30523,43.09901],[-79.30784,43.10603],[-79.31052,43.10669],[-79.32323,43.10574],[-79.32899,43.10685],[-79.33128,43.10831],[-79.33482,43.11406],[-79.34209,43.11664],[-79.35395,43.11713],[-79.35945,43.12281],[-79.37995,43.12243],[-79.38251,43.12538],[-79.38892,43.12888],[-79.39728,43.13174],[-79.40547,43.13287],[-79.42077,43.13099],[-79.42683,43.13249],[-79.43829,43.13155],[-79.44098,43.13244],[-79.44639,43.13183],[-79.45241,43.12961],[-79.45412,43.12823],[-79.46062,43.12767],[-79.46661,43.12808],[-79.47445,43.12676],[-79.47811,43.12478],[-79.48289,43.12429],[-79.49281,43.12565],[-79.5129,43.13511],[-79.52875,43.14478],[-79.54178,43.16081],[-79.54519,43.16296],[-79.57658,43.17692],[-79.58478,43.1792],[-79.64407,43.1886],[-79.66148,43.19201],[-79.67323,43.19575],[-79.6787,43.19835],[-79.72303,43.20031],[-79.74612,43.20019],[-79.78114,43.1989],[-79.81143,43.19645],[-79.82351,43.20059],[-79.84859,43.21346],[-79.88794,43.24016],[-79.90842,43.24378],[-79.93489,43.24347],[-79.93828,43.24402]]]}},{"type":"Feature","properties":{"OGF_ID":67490699,"ECODISTRICT_NAME":"Essex"},"geometry":{"type":"Polygon","coordinates":[[[-82.40344,42.67206],[-82.4122,42.67545],[-82.42784,42.68772],[-82.43366,42.69512],[-82.43469,42.69793],[-82.43488,42.7008],[-82.43659,42.70464],[-82.43792,42.71628],[-82.44333,42.72107],[-82.45017,42.72348],[-82.45688,42.72452],[-82.45848,42.72591],[-82.46074,42.7296],[-82.46405,42.74055],[-82.46982,42.74694],[-82.47483,42.74934],[-82.48392,42.7334],[-82.48367,42.71845],[-82.49503,42.69962],[-82.5105,42.66504],[-82.50967,42.63817],[-82.51895,42.61376],[-82.52345,42.60734],[-82.54923,42.59123],[-82.55342,42.58512],[-82.5602,42.57929],[-82.56856,42.57423],[-82.58025,42.56415],[-82.58387,42.55395],[-82.59095,42.55004],[-82.60556,42.54856],[-82.61075,42.55001],[-82.6167,42.55448],[-82.62387,42.55706],[-82.633,42.55712],[-82.64114,42.55492],[-82.66217,42.54148],[-82.66781,42.5334],[-82.8282,42.37342],[-82.94539,42.34695],[-82.95914,42.33945],[-82.98878,42.33245],[-83.01903,42.3294],[-83.06342,42.31781],[-83.0795,42.30873],[-83.09678,42.28998],[-83.11164,42.26015],[-83.128,42.2387],[-83.13395,42.17481],[-83.1217,42.12545],[-83.1497,42.04101],[-83.06912,41.86359],[-82.67973,41.67656],[-82.39748,41.67656],[-81.61917,42.03762],[-81.70608,42.45144],[-81.70493,42.46316],[-81.6955,42.47621],[-81.6999,42.47763],[-81.71096,42.47917],[-81.71768,42.47964],[-81.72418,42.479],[-81.73036,42.48083],[-81.73074,42.4916],[-81.73283,42.4929],[-81.7472,42.49313],[-81.74897,42.49748],[-81.74921,42.50022],[-81.7448,42.51265],[-81.74634,42.51877],[-81.7458,42.52237],[-81.73853,42.55403],[-81.73503,42.56416],[-81.73689,42.56907],[-81.73937,42.56873],[-81.74934,42.56306],[-81.76109,42.5476],[-81.76441,42.54565],[-81.77245,42.53867],[-81.77516,42.53821],[-81.77956,42.53918],[-81.78142,42.5425],[-81.78103,42.5528],[-81.78458,42.55079],[-81.78922,42.54221],[-81.81218,42.526],[-81.82161,42.50786],[-81.8353,42.49325],[-81.88237,42.46147],[-81.92365,42.44656],[-81.93896,42.43809],[-81.9783,42.42467],[-82.00834,42.40139],[-82.03369,42.39029],[-82.05416,42.37961],[-82.06531,42.37062],[-82.07273,42.3664],[-82.0828,42.36214],[-82.09975,42.35743],[-82.1113,42.34735],[-82.1454,42.32765],[-82.152,42.32216],[-82.15797,42.32175],[-82.16293,42.32489],[-82.16315,42.34327],[-82.1658,42.34644],[-82.16825,42.34727],[-82.17654,42.34689],[-82.19136,42.3445],[-82.20089,42.34396],[-82.21407,42.347],[-82.22225,42.35224],[-82.22947,42.35929],[-82.23255,42.36452],[-82.23323,42.36985],[-82.23241,42.37213],[-82.21829,42.3823],[-82.20352,42.39093],[-82.18876,42.3984],[-82.18011,42.40193],[-82.17162,42.40916],[-82.14774,42.42417],[-82.13911,42.43558],[-82.12472,42.45175],[-82.1216,42.45323],[-82.1107,42.46147],[-82.08922,42.48114],[-82.07943,42.49175],[-82.07411,42.49925],[-82.07085,42.50815],[-82.07502,42.51751],[-82.08335,42.52281],[-82.09307,42.52473],[-82.1036,42.52391],[-82.11247,42.52171],[-82.12939,42.51443],[-82.13219,42.50478],[-82.15161,42.49237],[-82.16606,42.48918],[-82.19506,42.48562],[-82.22768,42.4877],[-82.23876,42.48672],[-82.24861,42.48956],[-82.2569,42.49736],[-82.2618,42.50491],[-82.26504,42.5177],[-82.25779,42.55066],[-82.26002,42.55989],[-82.26145,42.56175],[-82.26508,42.56274],[-82.2759,42.56297],[-82.29202,42.55711],[-82.29556,42.558],[-82.29542,42.56178],[-82.28884,42.57029],[-82.28231,42.57641],[-82.2742,42.58835],[-82.27223,42.59463],[-82.26393,42.60475],[-82.25822,42.60795],[-82.25595,42.60903],[-82.24348,42.60999],[-82.23056,42.60987],[-82.19725,42.60778],[-82.17628,42.60828],[-82.17409,42.60917],[-82.17259,42.61127],[-82.17297,42.61511],[-82.17491,42.61954],[-82.18385,42.62592],[-82.19092,42.62833],[-82.20194,42.63525],[-82.22694,42.64756],[-82.23349,42.64876],[-82.23651,42.64844],[-82.25952,42.65124],[-82.26242,42.65372],[-82.307,42.66095],[-82.31751,42.6618],[-82.33654,42.66169],[-82.34332,42.6633],[-82.35121,42.66412],[-82.35697,42.66635],[-82.35937,42.66649],[-82.3638,42.66894],[-82.39241,42.67034],[-82.39718,42.67199],[-82.40344,42.67206]]]}},{"type":"Feature","properties":{"OGF_ID":67490681,"ECODISTRICT_NAME":"Tobermory"},"geometry":{"type":"Polygon","coordinates":[[[-81.62585,45.38447],[-81.75207,45.36184],[-82.51844,45.3379],[-82.34632,44.5917],[-81.51618,44.89551],[-81.38325,44.94325],[-81.37736,44.95054],[-81.36776,44.95758],[-81.35682,44.96243],[-81.35191,44.96323],[-81.3448,44.96781],[-81.31883,44.97536],[-81.29123,44.98163],[-81.25862,44.98652],[-81.25112,44.99281],[-81.22744,45.01719],[-80.94288,45.37855],[-81.47349,45.37826],[-81.62585,45.38447]]]}},{"type":"Feature","properties":{"OGF_ID":67490692,"ECODISTRICT_NAME":"Oshawa-Cobourg"},"geometry":{"type":"Polygon","coordinates":[[[-77.60203,44.12239],[-77.60175,44.12559],[-77.60644,44.12474],[-77.61863,44.12021],[-77.62728,44.11913],[-77.64567,44.11851],[-77.65315,44.1165],[-77.67212,44.10588],[-77.73871,44.08302],[-77.74816,44.07599],[-77.77636,44.05783],[-77.7816,44.0528],[-77.79072,44.0401],[-77.8038,44.02608],[-77.81114,44.02624],[-77.82337,44.02898],[-77.85325,44.04381],[-77.88016,44.03221],[-77.88652,44.03035],[-77.89888,44.02834],[-77.90682,44.03],[-77.9313,44.02541],[-77.9469,44.02768],[-77.96711,44.02761],[-77.97568,44.02652],[-77.98317,44.02427],[-77.98933,44.02132],[-77.99281,44.01504],[-78.00329,44.01054],[-78.01048,44.00833],[-78.03325,44.00576],[-78.03988,44.00348],[-78.04629,44.00269],[-78.06074,44.00227],[-78.07359,44.00327],[-78.07718,44.00471],[-78.09929,44.00798],[-78.10464,44.00724],[-78.1132,44.00389],[-78.11879,44.00298],[-78.13803,44.00406],[-78.14824,44.00552],[-78.17144,44.01548],[-78.17606,44.01847],[-78.18106,44.02529],[-78.18726,44.0312],[-78.20179,44.03404],[-78.20418,44.03422],[-78.21393,44.03069],[-78.22745,44.02723],[-78.23472,44.02347],[-78.23939,44.01788],[-78.2417,44.01644],[-78.24922,44.0139],[-78.25409,44.01459],[-78.26844,44.02013],[-78.28065,44.01998],[-78.2829,44.02084],[-78.28681,44.02085],[-78.30403,44.02639],[-78.31026,44.02629],[-78.32121,44.02328],[-78.3303,44.02571],[-78.34916,44.02473],[-78.35627,44.02365],[-78.37621,44.02868],[-78.38244,44.02904],[-78.38849,44.03043],[-78.39305,44.03038],[-78.39504,44.032],[-78.3996,44.0316],[-78.40574,44.03305],[-78.41197,44.03163],[-78.44876,44.01701],[-78.45357,44.01302],[-78.46592,43.99931],[-78.46936,43.99765],[-78.47165,43.99956],[-78.48101,43.9944],[-78.48436,43.98676],[-78.48701,43.98434],[-78.49194,43.98367],[-78.49525,43.98428],[-78.50294,43.9892],[-78.51546,43.98614],[-78.52789,43.98684],[-78.53862,43.97869],[-78.54991,43.97192],[-78.56203,43.96221],[-78.5664,43.96035],[-78.56883,43.9601],[-78.58233,43.96481],[-78.59431,43.96775],[-78.60903,43.96947],[-78.62037,43.97162],[-78.62555,43.97107],[-78.63264,43.97233],[-78.64243,43.97592],[-78.64478,43.98088],[-78.64397,43.98523],[-78.64621,43.98733],[-78.64831,43.98669],[-78.65694,43.97462],[-78.66824,43.97905],[-78.6725,43.98566],[-78.67535,43.98758],[-78.67859,43.98921],[-78.68291,43.98832],[-78.68556,43.98704],[-78.68967,43.98329],[-78.68995,43.98111],[-78.68789,43.97392],[-78.6887,43.96991],[-78.688,43.9654],[-78.69852,43.95342],[-78.70765,43.94889],[-78.71384,43.94244],[-78.73095,43.92955],[-78.73498,43.92558],[-78.74086,43.92496],[-78.75196,43.92677],[-78.7582,43.92878],[-78.7601,43.93019],[-78.75925,43.93609],[-78.7611,43.93946],[-78.76607,43.9416],[-78.77062,43.94053],[-78.77418,43.9365],[-78.77918,43.93486],[-78.79017,43.93478],[-78.79963,43.93648],[-78.80285,43.93629],[-78.8183,43.93439],[-78.82926,43.93191],[-78.85113,43.93386],[-78.86396,43.94149],[-78.88224,43.94548],[-78.88773,43.94487],[-78.90726,43.93718],[-78.91308,43.93724],[-78.91814,43.93984],[-78.92348,43.94014],[-78.93668,43.93398],[-78.93928,43.93402],[-78.94528,43.93637],[-78.95222,43.93792],[-78.96171,43.93711],[-78.97526,43.93981],[-79.01494,43.92933],[-79.02099,43.92912],[-79.02929,43.92711],[-79.04203,43.92267],[-79.0516,43.91659],[-79.05952,43.90916],[-79.06274,43.90896],[-79.07465,43.90183],[-79.08096,43.89257],[-79.08949,43.89034],[-79.09977,43.88918],[-79.10165,43.88779],[-79.10741,43.87911],[-79.10589,43.87695],[-79.10795,43.87367],[-79.10847,43.87087],[-79.11109,43.86718],[-79.11637,43.86245],[-79.11764,43.85758],[-79.12457,43.84792],[-79.1317,43.84078],[-79.14088,43.83447],[-79.15892,43.82977],[-79.15304,43.82349],[-79.14496,43.81845],[-79.12724,43.81152],[-79.11491,43.81054],[-79.11088,43.80736],[-79.10859,43.80408],[-79.10253,43.80271],[-78.69674,43.62892],[-78.69039,43.63115],[-78.28618,43.63115],[-77.88439,43.63115],[-77.81679,43.92248],[-77.77912,43.98789],[-77.7491,44.01028],[-77.74099,44.01243],[-77.73908,44.01362],[-77.73473,44.01431],[-77.73145,44.01584],[-77.72008,44.01636],[-77.71159,44.01859],[-77.70336,44.02464],[-77.68989,44.02905],[-77.68268,44.03038],[-77.6776,44.03272],[-77.66756,44.03374],[-77.64168,44.03974],[-77.62207,44.04136],[-77.60184,44.04195],[-77.58336,44.04622],[-77.57766,44.04981],[-77.57608,44.05318],[-77.57812,44.05457],[-77.57663,44.05438],[-77.57598,44.0534],[-77.57496,44.05556],[-77.57523,44.05599],[-77.57612,44.05559],[-77.57544,44.05505],[-77.57631,44.055],[-77.57668,44.05585],[-77.5851,44.05842],[-77.58752,44.05752],[-77.59075,44.05487],[-77.59003,44.05333],[-77.59096,44.05484],[-77.58991,44.0561],[-77.58701,44.05882],[-77.58136,44.06068],[-77.58173,44.06132],[-77.58792,44.05967],[-77.59196,44.06182],[-77.59412,44.06212],[-77.59424,44.0629],[-77.59518,44.06262],[-77.59506,44.06325],[-77.5958,44.06291],[-77.59578,44.06368],[-77.597,44.06351],[-77.59654,44.06408],[-77.59747,44.06361],[-77.59672,44.06423],[-77.59778,44.06379],[-77.59698,44.0644],[-77.59814,44.06417],[-77.5978,44.06512],[-77.59882,44.06483],[-77.59817,44.06544],[-77.60118,44.06621],[-77.60213,44.06537],[-77.60201,44.06653],[-77.6084,44.06877],[-77.61963,44.07002],[-77.66412,44.05802],[-77.6703,44.05691],[-77.67525,44.05703],[-77.67777,44.05855],[-77.67753,44.06456],[-77.67035,44.07025],[-77.66547,44.07653],[-77.66224,44.07775],[-77.65423,44.0789],[-77.6434,44.08643],[-77.63545,44.08821],[-77.59599,44.09408],[-77.58941,44.09794],[-77.59571,44.10192],[-77.60634,44.11043],[-77.60576,44.11443],[-77.60203,44.12239]]]}},{"type":"Feature","properties":{"OGF_ID":67490683,"ECODISTRICT_NAME":"Barrie"},"geometry":{"type":"Polygon","coordinates":[[[-80.14192,44.94274],[-80.45569,44.98053],[-80.32129,44.52734],[-80.32077,44.5241],[-80.32165,44.52271],[-80.32032,44.51835],[-80.31802,44.51524],[-80.31797,44.51209],[-80.31379,44.50486],[-80.29756,44.48466],[-80.29391,44.48196],[-80.29337,44.47937],[-80.29768,44.46817],[-80.29691,44.4652],[-80.28278,44.46268],[-80.2714,44.45656],[-80.26751,44.45318],[-80.26546,44.44927],[-80.26556,44.44693],[-80.26774,44.44407],[-80.27444,44.43978],[-80.26916,44.43399],[-80.26,44.42666],[-80.25005,44.42375],[-80.23988,44.42283],[-80.22787,44.42006],[-80.18904,44.41959],[-80.17332,44.41821],[-80.16177,44.4159],[-80.15762,44.41405],[-80.15068,44.41312],[-80.14329,44.41035],[-80.12804,44.4062],[-80.1211,44.40295],[-80.11278,44.39741],[-80.10816,44.39233],[-80.1003,44.38771],[-80.08829,44.384],[-80.08459,44.38355],[-80.05039,44.37107],[-80.0467,44.36875],[-80.03884,44.36599],[-80.02821,44.36091],[-80.02359,44.3572],[-80.02267,44.3535],[-80.02359,44.3512],[-80.0393,44.3341],[-80.04208,44.32809],[-80.04208,44.32439],[-80.03006,44.31283],[-80.02035,44.30129],[-80.01897,44.29897],[-80.01712,44.28973],[-79.99909,44.28141],[-79.9954,44.27633],[-79.99493,44.27171],[-79.99771,44.26339],[-80.0051,44.25415],[-80.00048,44.23427],[-79.99678,44.22873],[-79.98939,44.21302],[-79.98199,44.20424],[-79.97968,44.19407],[-79.98431,44.18714],[-79.98292,44.18159],[-79.97876,44.17928],[-79.97691,44.17558],[-79.9746,44.16403],[-79.9709,44.15201],[-79.988,44.14941],[-79.9916,44.14748],[-79.99868,44.14615],[-80.00462,44.14292],[-80.00798,44.14202],[-80.01224,44.13842],[-80.01567,44.12974],[-80.00964,44.12417],[-79.9934,44.11529],[-79.99446,44.11203],[-79.9829,44.09726],[-79.98292,44.09428],[-79.97929,44.08334],[-79.97148,44.0796],[-79.95553,44.07395],[-79.93686,44.07184],[-79.91978,44.06728],[-79.91006,44.06107],[-79.90292,44.05041],[-79.90073,44.04073],[-79.89516,44.03447],[-79.87077,44.02555],[-79.86358,44.02398],[-79.85768,44.02134],[-79.84006,44.0174],[-79.8335,44.0187],[-79.82854,44.02132],[-79.81975,44.02302],[-79.81576,44.02118],[-79.8082,44.0155],[-79.79792,44.01157],[-79.79049,44.01184],[-79.78072,44.01829],[-79.77352,44.01901],[-79.76722,44.01836],[-79.76379,44.01716],[-79.75661,44.01388],[-79.74619,44.00533],[-79.74372,44.0048],[-79.74125,44.00268],[-79.73447,43.98949],[-79.73585,43.97679],[-79.73433,43.97434],[-79.73149,43.97344],[-79.72495,43.9779],[-79.68973,43.97593],[-79.67644,43.97448],[-79.65965,43.97083],[-79.64851,43.97143],[-79.64616,43.97185],[-79.63978,43.9771],[-79.62848,43.97764],[-79.62013,43.98148],[-79.61631,43.98946],[-79.61061,43.9919],[-79.6058,43.99651],[-79.60362,43.99751],[-79.59868,43.99789],[-79.59669,43.9967],[-79.57802,43.99306],[-79.57098,43.98888],[-79.55896,43.97792],[-79.55305,43.97689],[-79.55001,43.97828],[-79.5422,43.99041],[-79.5378,44.00662],[-79.53656,44.01807],[-79.52779,44.03556],[-79.51785,44.04349],[-79.51482,44.04422],[-79.50771,44.04335],[-79.50173,44.04099],[-79.49473,44.03261],[-79.49499,44.02987],[-79.49099,44.01257],[-79.48472,44.00077],[-79.48491,43.99741],[-79.47441,43.98789],[-79.46864,43.98569],[-79.45902,43.98336],[-79.45094,43.98383],[-79.43378,43.98681],[-79.43011,43.98878],[-79.4258,43.99499],[-79.42309,44.00829],[-79.41594,44.01908],[-79.41377,44.02011],[-79.40978,44.01952],[-79.40532,44.01751],[-79.39888,44.01075],[-79.39506,44.00895],[-79.39186,44.00987],[-79.38473,44.01437],[-79.38328,44.01625],[-79.3807,44.02432],[-79.37012,44.035],[-79.36506,44.04248],[-79.3644,44.04535],[-79.3575,44.0538],[-79.35525,44.05906],[-79.35563,44.06278],[-79.35801,44.06673],[-79.369,44.07329],[-79.37633,44.07668],[-79.38341,44.08311],[-79.38539,44.08781],[-79.39223,44.09436],[-79.3911,44.09652],[-79.3871,44.09857],[-79.38788,44.10236],[-79.39027,44.10625],[-79.39719,44.11308],[-79.39828,44.11784],[-79.39259,44.12217],[-79.38636,44.12371],[-79.37728,44.11739],[-79.37394,44.116],[-79.36053,44.11511],[-79.35039,44.11223],[-79.34073,44.11089],[-79.32798,44.10742],[-79.32165,44.11107],[-79.31843,44.11719],[-79.31697,44.12256],[-79.31927,44.12634],[-79.32499,44.13253],[-79.32748,44.14726],[-79.32561,44.15921],[-79.32236,44.17146],[-79.31248,44.18666],[-79.3079,44.19197],[-79.30226,44.20335],[-79.29391,44.21443],[-79.28826,44.22976],[-79.28837,44.24287],[-79.27917,44.24651],[-79.2727,44.24758],[-79.26815,44.247],[-79.26488,44.24482],[-79.26441,44.24258],[-79.26756,44.23481],[-79.26738,44.22026],[-79.26872,44.20527],[-79.26683,44.19909],[-79.26189,44.19569],[-79.25693,44.19694],[-79.25461,44.20014],[-79.24937,44.2121],[-79.24871,44.21645],[-79.24453,44.22353],[-79.24077,44.22632],[-79.22501,44.23092],[-79.21989,44.23572],[-79.21404,44.23817],[-79.21046,44.23735],[-79.20313,44.23276],[-79.19857,44.2336],[-79.19417,44.23549],[-79.18262,44.25028],[-79.17702,44.26933],[-79.16696,44.28917],[-79.16566,44.29512],[-79.16969,44.30532],[-79.17652,44.31489],[-79.17914,44.3169],[-79.1816,44.32263],[-79.18339,44.3334],[-79.18727,44.34148],[-79.18669,44.34589],[-79.17908,44.35279],[-79.14874,44.38844],[-79.14298,44.39031],[-79.14082,44.39219],[-79.13006,44.40511],[-79.09897,44.39479],[-79.09214,44.38521],[-79.0868,44.38268],[-79.0785,44.38294],[-79.07298,44.38412],[-79.06724,44.384],[-79.06212,44.38571],[-79.06043,44.38702],[-79.06598,44.39757],[-79.06491,44.40517],[-79.05689,44.41328],[-79.04874,44.41665],[-79.04928,44.41939],[-79.05335,44.41934],[-79.06158,44.41777],[-79.06966,44.41498],[-79.07101,44.41698],[-79.0708,44.42871],[-79.0683,44.43615],[-79.06524,44.44141],[-79.05898,44.4486],[-79.03298,44.4643],[-79.03527,44.46664],[-79.03862,44.46825],[-79.04436,44.46883],[-79.05291,44.46908],[-79.0657,44.4674],[-79.0692,44.46775],[-79.08092,44.4747],[-79.0863,44.48491],[-79.08709,44.48725],[-79.0861,44.49436],[-79.0844,44.4995],[-79.08176,44.50235],[-79.07655,44.50658],[-79.06544,44.51044],[-79.05847,44.51483],[-79.05517,44.52095],[-79.05492,44.52416],[-79.05553,44.53154],[-79.05799,44.53555],[-79.06679,44.53879],[-79.07969,44.54064],[-79.09231,44.53873],[-79.09758,44.53937],[-79.10306,44.54631],[-79.10689,44.54678],[-79.10897,44.54518],[-79.11162,44.54112],[-79.12128,44.54121],[-79.11348,44.53609],[-79.11173,44.53402],[-79.11263,44.52962],[-79.1164,44.52436],[-79.11651,44.5168],[-79.12076,44.51224],[-79.12333,44.51053],[-79.1274,44.5094],[-79.13035,44.51088],[-79.12682,44.51586],[-79.12752,44.5185],[-79.12542,44.52576],[-79.13326,44.54164],[-79.14578,44.54567],[-79.15217,44.5446],[-79.16033,44.56162],[-79.16383,44.5646],[-79.16682,44.5546],[-79.16906,44.55552],[-79.16873,44.55792],[-79.17539,44.56875],[-79.17514,44.5723],[-79.17249,44.5751],[-79.17093,44.58523],[-79.18417,44.60873],[-79.19922,44.61844],[-79.20471,44.62469],[-79.21252,44.62752],[-79.219,44.64476],[-79.22187,44.64712],[-79.22649,44.64872],[-79.22848,44.65194],[-79.23945,44.66284],[-79.24222,44.66698],[-79.24725,44.66836],[-79.25349,44.6682],[-79.26992,44.67064],[-79.27454,44.67318],[-79.2786,44.67685],[-79.27994,44.68183],[-79.27511,44.68841],[-79.27054,44.69291],[-79.26447,44.69548],[-79.25902,44.69952],[-79.2535,44.70219],[-79.24853,44.70712],[-79.25163,44.71027],[-79.25578,44.71154],[-79.2644,44.71235],[-79.2834,44.71252],[-79.28435,44.71584],[-79.27824,44.72464],[-79.27855,44.72888],[-79.2847,44.72878],[-79.28934,44.72685],[-79.29308,44.72749],[-79.29362,44.73178],[-79.29577,44.73418],[-79.29944,44.73477],[-79.30401,44.73337],[-79.3072,44.73113],[-79.30819,44.72368],[-79.31125,44.71797],[-79.31176,44.71081],[-79.31105,44.70755],[-79.31138,44.70532],[-79.31299,44.70355],[-79.31643,44.70179],[-79.31954,44.7015],[-79.32856,44.70308],[-79.33798,44.70332],[-79.34069,44.70499],[-79.33214,44.74527],[-79.33636,44.7463],[-79.35696,44.74842],[-79.36758,44.74776],[-79.3735,44.74634],[-79.38507,44.74769],[-79.38895,44.75044],[-79.39431,44.75497],[-79.39478,44.75704],[-79.39669,44.7587],[-79.40602,44.76141],[-79.40946,44.76],[-79.41481,44.75955],[-79.41624,44.76116],[-79.42287,44.76065],[-79.42853,44.7625],[-79.43077,44.76205],[-79.43181,44.75976],[-79.43064,44.75484],[-79.43721,44.74987],[-79.44042,44.74467],[-79.44243,44.74348],[-79.45432,44.7443],[-79.4588,44.74282],[-79.46171,44.73356],[-79.46419,44.73209],[-79.47075,44.73032],[-79.47492,44.72547],[-79.50744,44.7394],[-79.51758,44.73913],[-79.51942,44.74046],[-79.51836,44.74377],[-79.51172,44.74805],[-79.50109,44.75003],[-79.49837,44.75208],[-79.5017,44.75644],[-79.5068,44.75788],[-79.51575,44.75865],[-79.51934,44.7582],[-79.52748,44.75931],[-79.54082,44.75859],[-79.54784,44.75896],[-79.5485,44.7557],[-79.53271,44.75102],[-79.52753,44.74815],[-79.52962,44.74558],[-79.53297,44.74358],[-79.5374,44.73616],[-79.53242,44.7244],[-79.53378,44.722],[-79.54052,44.7155],[-79.54077,44.71206],[-79.54569,44.70051],[-79.54753,44.69908],[-79.55184,44.69926],[-79.55318,44.70253],[-79.55163,44.71306],[-79.54881,44.71774],[-79.55303,44.72016],[-79.55727,44.7196],[-79.56055,44.71829],[-79.56262,44.71944],[-79.5678,44.72048],[-79.58082,44.72143],[-79.58328,44.72344],[-79.57935,44.72727],[-79.5795,44.73047],[-79.5807,44.73242],[-79.58803,44.73427],[-79.59178,44.73417],[-79.60032,44.73705],[-79.60773,44.74118],[-79.6105,44.74778],[-79.61152,44.75099],[-79.60999,44.75309],[-79.60702,44.75699],[-79.60198,44.75926],[-79.59431,44.76194],[-79.58305,44.7611],[-79.5693,44.76474],[-79.56762,44.76616],[-79.56768,44.76988],[-79.57151,44.7715],[-79.58996,44.77005],[-79.59243,44.77115],[-79.5901,44.77332],[-79.58379,44.77461],[-79.57755,44.77724],[-79.5745,44.78157],[-79.57425,44.78501],[-79.5775,44.78988],[-79.57949,44.79229],[-79.58387,44.79477],[-79.59235,44.79266],[-79.5949,44.79113],[-79.59683,44.78896],[-79.5982,44.78501],[-79.59773,44.78283],[-79.60101,44.7805],[-79.61165,44.77938],[-79.6165,44.78162],[-79.62241,44.78296],[-79.63511,44.78235],[-79.64054,44.78328],[-79.64277,44.78255],[-79.64722,44.7718],[-79.64373,44.76394],[-79.64303,44.75959],[-79.64537,44.75456],[-79.64769,44.7521],[-79.65368,44.75235],[-79.6579,44.75396],[-79.66389,44.755],[-79.67525,44.7603],[-79.69346,44.75923],[-79.69897,44.7566],[-79.70105,44.75734],[-79.70224,44.75938],[-79.70791,44.76142],[-79.7104,44.76155],[-79.71511,44.76016],[-79.72293,44.7602],[-79.75334,44.77293],[-79.77968,44.78039],[-79.8464,44.80703],[-79.85945,44.81023],[-79.88583,44.8233],[-79.89004,44.82328],[-79.90135,44.86963],[-79.94401,44.88077],[-79.97742,44.92323],[-79.98389,44.93763],[-80.07542,44.91598],[-80.14192,44.94274]]]}},{"type":"Feature","properties":{"OGF_ID":67490688,"ECODISTRICT_NAME":"Mount Forest"},"geometry":{"type":"Polygon","coordinates":[[[-81.56834,43.99897],[-81.55337,43.99709],[-81.55198,43.98756],[-81.54224,43.97732],[-81.53706,43.97329],[-81.51645,43.96193],[-81.5133,43.96135],[-81.50959,43.96174],[-81.50414,43.9655],[-81.49804,43.97703],[-81.49424,43.98218],[-81.4918,43.98396],[-81.48408,43.98279],[-81.48125,43.98077],[-81.47945,43.97796],[-81.47671,43.97049],[-81.47642,43.9629],[-81.48284,43.94823],[-81.48563,43.93854],[-81.49055,43.90331],[-81.49118,43.87542],[-81.49452,43.86751],[-81.49877,43.84421],[-81.49855,43.83624],[-81.4969,43.83445],[-81.48628,43.8296],[-81.47699,43.82694],[-81.47275,43.82194],[-81.46356,43.78793],[-81.45574,43.76633],[-81.44972,43.75357],[-81.44264,43.74753],[-81.42644,43.73847],[-81.42219,43.73782],[-81.39417,43.72558],[-81.36959,43.7254],[-81.34627,43.72431],[-81.32784,43.72144],[-81.32021,43.71982],[-81.31273,43.71681],[-81.30131,43.71425],[-81.27377,43.70448],[-81.26527,43.69947],[-81.25513,43.69106],[-81.24893,43.68168],[-81.23727,43.65697],[-81.22894,43.65127],[-81.21422,43.6185],[-81.19785,43.58713],[-81.19739,43.58265],[-81.19184,43.56433],[-81.18086,43.54931],[-81.13667,43.5461],[-81.08482,43.5459],[-81.05171,43.5512],[-81.03052,43.55195],[-80.9878,43.55184],[-80.98212,43.55256],[-80.9785,43.55405],[-80.97384,43.55829],[-80.97279,43.56517],[-80.97372,43.56815],[-80.97199,43.5716],[-80.96693,43.57307],[-80.94772,43.57182],[-80.94778,43.57657],[-80.95265,43.57946],[-80.95516,43.58389],[-80.95784,43.58579],[-80.96082,43.59057],[-80.96836,43.59747],[-80.97063,43.60236],[-80.9707,43.60522],[-80.96158,43.62581],[-80.95366,43.63675],[-80.94695,43.64069],[-80.94347,43.64418],[-80.93401,43.64811],[-80.92832,43.65154],[-80.92603,43.65435],[-80.92624,43.6625],[-80.938,43.68348],[-80.9372,43.68784],[-80.94054,43.70076],[-80.94038,43.70358],[-80.93667,43.70644],[-80.92002,43.71242],[-80.91324,43.71435],[-80.86036,43.71726],[-80.8498,43.71957],[-80.82387,43.72105],[-80.81717,43.71972],[-80.8093,43.71614],[-80.80412,43.71222],[-80.79042,43.70701],[-80.77048,43.70829],[-80.76425,43.70929],[-80.75922,43.70745],[-80.75784,43.6912],[-80.75558,43.68655],[-80.74496,43.68095],[-80.73447,43.68098],[-80.73048,43.67357],[-80.72859,43.67195],[-80.71852,43.66831],[-80.70867,43.66714],[-80.70372,43.6643],[-80.70019,43.66046],[-80.69511,43.64615],[-80.69228,43.64391],[-80.6829,43.64376],[-80.6669,43.64647],[-80.634,43.6609],[-80.61672,43.66712],[-80.59807,43.68337],[-80.57474,43.71395],[-80.56515,43.7304],[-80.56288,43.7518],[-80.55972,43.75679],[-80.55724,43.76625],[-80.54584,43.78545],[-80.53167,43.80618],[-80.53478,43.81818],[-80.53823,43.82411],[-80.54324,43.83738],[-80.55077,43.84658],[-80.55444,43.85537],[-80.55584,43.86284],[-80.55521,43.86588],[-80.55338,43.86755],[-80.54692,43.86793],[-80.54149,43.86727],[-80.52811,43.86351],[-80.51543,43.86112],[-80.49274,43.86009],[-80.4676,43.86053],[-80.42456,43.86697],[-80.40147,43.8677],[-80.38775,43.86973],[-80.36598,43.87581],[-80.35445,43.88405],[-80.35215,43.88944],[-80.35229,43.89466],[-80.35086,43.90022],[-80.34904,43.90331],[-80.33807,43.91006],[-80.3334,43.91395],[-80.3326,43.91745],[-80.33517,43.92975],[-80.3301,43.93857],[-80.31935,43.94841],[-80.3138,43.96022],[-80.30534,43.96835],[-80.30117,43.96942],[-80.29652,43.96958],[-80.29528,43.9612],[-80.29174,43.96108],[-80.28968,43.96251],[-80.28558,43.96341],[-80.28133,43.96334],[-80.27874,43.95914],[-80.27519,43.95942],[-80.26935,43.96497],[-80.26917,43.97105],[-80.27554,43.97475],[-80.28079,43.98401],[-80.27943,43.98986],[-80.28131,43.99463],[-80.28012,43.99783],[-80.27342,44.00007],[-80.27412,44.00231],[-80.27335,44.00854],[-80.27108,44.01317],[-80.26649,44.01876],[-80.26112,44.01983],[-80.25012,44.02642],[-80.24644,44.02664],[-80.24157,44.01614],[-80.24173,44.0055],[-80.23951,44.00378],[-80.2364,44.00354],[-80.22454,44.00698],[-80.22213,44.00914],[-80.21876,44.00975],[-80.20536,44.01726],[-80.20006,44.02118],[-80.19577,44.0282],[-80.19554,44.0476],[-80.19416,44.05137],[-80.18995,44.05782],[-80.18425,44.06124],[-80.1764,44.06418],[-80.16247,44.06687],[-80.12051,44.0675],[-80.11793,44.06966],[-80.12501,44.07387],[-80.12643,44.07645],[-80.12633,44.07863],[-80.12807,44.08121],[-80.12861,44.08499],[-80.12799,44.09351],[-80.12987,44.09879],[-80.128,44.10324],[-80.12569,44.10439],[-80.1301,44.10824],[-80.12937,44.11108],[-80.11592,44.12447],[-80.11795,44.14103],[-80.11943,44.14613],[-80.11887,44.15659],[-80.1206,44.16055],[-80.12291,44.1616],[-80.12659,44.16177],[-80.13747,44.16028],[-80.14918,44.15397],[-80.16542,44.14088],[-80.16888,44.13883],[-80.17705,44.13663],[-80.18111,44.13665],[-80.18399,44.13757],[-80.18804,44.14046],[-80.1938,44.1407],[-80.19705,44.14375],[-80.20029,44.15853],[-80.20132,44.1709],[-80.20058,44.17421],[-80.18995,44.18418],[-80.18559,44.19996],[-80.17905,44.20938],[-80.17973,44.22506],[-80.17857,44.23009],[-80.18181,44.23491],[-80.18475,44.23669],[-80.19497,44.23897],[-80.19924,44.24396],[-80.20259,44.24472],[-80.20651,44.24456],[-80.21436,44.243],[-80.21787,44.243],[-80.22074,44.24353],[-80.22257,44.24474],[-80.24695,44.33979],[-80.25442,44.34559],[-80.2581,44.35551],[-80.25923,44.36404],[-80.26282,44.36565],[-80.26872,44.36676],[-80.27354,44.3649],[-80.27885,44.35989],[-80.28527,44.35602],[-80.29119,44.35467],[-80.29477,44.35698],[-80.2961,44.36121],[-80.28865,44.36318],[-80.28552,44.36483],[-80.28286,44.36849],[-80.27124,44.37505],[-80.27295,44.37875],[-80.27807,44.37848],[-80.28368,44.37512],[-80.28673,44.37457],[-80.2922,44.37997],[-80.29507,44.38095],[-80.29685,44.37804],[-80.2952,44.37414],[-80.30621,44.36525],[-80.3119,44.36345],[-80.32172,44.36527],[-80.32669,44.3733],[-80.32895,44.38109],[-80.32939,44.38664],[-80.33216,44.39019],[-80.33171,44.39718],[-80.3354,44.41602],[-80.33192,44.43284],[-80.33581,44.43628],[-80.34148,44.43688],[-80.34573,44.43403],[-80.35092,44.42386],[-80.36718,44.4086],[-80.38764,44.38745],[-80.41378,44.35465],[-80.42351,44.34679],[-80.42849,44.34389],[-80.43857,44.34251],[-80.45947,44.34659],[-80.47904,44.34794],[-80.48521,44.34623],[-80.49059,44.34369],[-80.49874,44.34223],[-80.50552,44.33585],[-80.50539,44.33001],[-80.5177,44.33086],[-80.52116,44.32831],[-80.52101,44.32625],[-80.52641,44.30978],[-80.52683,44.30686],[-80.52544,44.29959],[-80.53377,44.27696],[-80.53873,44.27527],[-80.54567,44.27816],[-80.54717,44.27977],[-80.54817,44.28538],[-80.54704,44.28777],[-80.54713,44.29533],[-80.555,44.31219],[-80.56304,44.34725],[-80.56471,44.3484],[-80.5655,44.35034],[-80.56757,44.36186],[-80.56812,44.37273],[-80.56746,44.37656],[-80.56638,44.38136],[-80.5634,44.38524],[-80.56173,44.39422],[-80.5592,44.40033],[-80.56005,44.42609],[-80.56264,44.44144],[-80.55968,44.45396],[-80.55918,44.46615],[-80.56107,44.47056],[-80.56088,44.4741],[-80.5646,44.47847],[-80.56837,44.48689],[-80.57385,44.50317],[-80.58158,44.51631],[-80.58131,44.5202],[-80.58478,44.53709],[-80.5933,44.55143],[-80.59544,44.55333],[-80.59648,44.56449],[-80.59508,44.56999],[-80.59656,44.57497],[-80.60069,44.57859],[-80.62209,44.58022],[-80.63151,44.5821],[-80.64051,44.58614],[-80.65662,44.60017],[-80.65995,44.60481],[-80.6626,44.61386],[-80.66545,44.61674],[-80.67295,44.61814],[-80.67607,44.61793],[-80.6836,44.61595],[-80.69268,44.60924],[-80.69548,44.60833],[-80.70174,44.60447],[-80.71992,44.60013],[-80.72403,44.59528],[-80.73021,44.59188],[-80.73293,44.59155],[-80.7383,44.58922],[-80.74258,44.58375],[-80.74413,44.57934],[-80.74334,44.56783],[-80.74633,44.56287],[-80.74979,44.55946],[-80.75291,44.55878],[-80.76712,44.55111],[-80.7677,44.54847],[-80.77125,44.54432],[-80.78146,44.5364],[-80.80286,44.51629],[-80.80671,44.51504],[-80.81046,44.51512],[-80.8137,44.52154],[-80.81837,44.53689],[-80.82813,44.54609],[-80.838,44.55219],[-80.85732,44.55479],[-80.8726,44.55274],[-80.88869,44.54915],[-80.89183,44.54572],[-80.89481,44.5443],[-80.90157,44.54735],[-80.91494,44.55508],[-80.921,44.55562],[-80.9223,44.55362],[-80.92256,44.5506],[-80.91924,44.53696],[-80.92209,44.52935],[-80.9281,44.52623],[-80.93506,44.5254],[-80.94257,44.52624],[-80.94672,44.52734],[-80.95132,44.53067],[-80.9514,44.54195],[-80.95296,44.54757],[-80.95541,44.55113],[-80.95543,44.55892],[-80.95693,44.56034],[-80.96222,44.55928],[-80.96727,44.55632],[-80.97656,44.55418],[-80.98112,44.55427],[-80.98692,44.55726],[-80.99693,44.55519],[-81.01039,44.55049],[-81.01968,44.54818],[-81.02374,44.54957],[-81.02609,44.55587],[-81.02981,44.56122],[-81.03255,44.569],[-81.04011,44.57264],[-81.04997,44.5685],[-81.05723,44.57088],[-81.0612,44.57324],[-81.06934,44.58501],[-81.07072,44.59325],[-81.08025,44.60199],[-81.08418,44.61007],[-81.08511,44.61471],[-81.08476,44.61895],[-81.08232,44.62368],[-81.07367,44.62565],[-81.0536,44.62746],[-81.04184,44.62965],[-81.03783,44.63106],[-81.03285,44.63408],[-81.02247,44.6445],[-81.01591,44.65564],[-81.01781,44.6577],[-81.02426,44.66089],[-81.03558,44.6643],[-81.04083,44.66747],[-81.0433,44.66914],[-81.04598,44.67447],[-81.04571,44.6775],[-81.04095,44.68419],[-81.04163,44.68854],[-81.04314,44.69009],[-81.04269,44.69563],[-81.04092,44.69741],[-81.03687,44.70557],[-81.03835,44.71095],[-81.03552,44.71552],[-81.04014,44.71628],[-81.0502,44.71644],[-81.0679,44.72298],[-81.07117,44.72328],[-81.07422,44.72289],[-81.09001,44.71614],[-81.09793,44.71492],[-81.10313,44.71505],[-81.10582,44.71746],[-81.10459,44.72181],[-81.10683,44.72233],[-81.10939,44.72154],[-81.12498,44.71045],[-81.13834,44.70804],[-81.14578,44.70767],[-81.14905,44.70802],[-81.15135,44.70952],[-81.15292,44.71307],[-81.15012,44.72519],[-81.15259,44.72607],[-81.16267,44.72519],[-81.16539,44.72434],[-81.16986,44.72448],[-81.18078,44.72824],[-81.18477,44.72894],[-81.19069,44.72828],[-81.20059,44.72895],[-81.21291,44.72751],[-81.22313,44.72865],[-81.22642,44.73031],[-81.22281,44.7184],[-81.2216,44.70895],[-81.22292,44.70454],[-81.22216,44.69905],[-81.22537,44.69706],[-81.22699,44.69386],[-81.2328,44.68702],[-81.23452,44.68256],[-81.22807,44.66914],[-81.22395,44.66375],[-81.22147,44.6626],[-81.19912,44.65947],[-81.19448,44.66002],[-81.18164,44.65671],[-81.17445,44.65737],[-81.1655,44.65682],[-81.15108,44.65121],[-81.14671,44.64821],[-81.14526,44.63785],[-81.14344,44.63595],[-81.14024,44.636],[-81.13613,44.64084],[-81.13364,44.64244],[-81.13036,44.6426],[-81.11514,44.6371],[-81.11015,44.63244],[-81.1102,44.62501],[-81.1161,44.61691],[-81.12129,44.6057],[-81.12428,44.60165],[-81.1312,44.59516],[-81.13369,44.59408],[-81.13768,44.59433],[-81.13878,44.59765],[-81.14211,44.60087],[-81.14587,44.60026],[-81.15309,44.59605],[-81.15653,44.59537],[-81.15876,44.59636],[-81.162,44.60146],[-81.1629,44.60902],[-81.16478,44.61475],[-81.16708,44.61728],[-81.16916,44.61655],[-81.17087,44.61271],[-81.17538,44.6085],[-81.1805,44.60646],[-81.19363,44.60411],[-81.19886,44.59904],[-81.21194,44.59223],[-81.21681,44.5919],[-81.22376,44.59353],[-81.22801,44.59206],[-81.25884,44.57302],[-81.26172,44.57262],[-81.26889,44.5647],[-81.27242,44.56283],[-81.2742,44.56043],[-81.28369,44.55264],[-81.28841,44.54177],[-81.28787,44.53794],[-81.28918,44.5336],[-81.28915,44.52827],[-81.28551,44.52362],[-81.27684,44.5178],[-81.27679,44.51363],[-81.28122,44.50942],[-81.29019,44.49595],[-81.30808,44.47593],[-81.32121,44.45138],[-81.32173,44.44611],[-81.32025,44.43105],[-81.32359,44.42254],[-81.32005,44.41509],[-81.314,44.41226],[-81.30901,44.40686],[-81.30705,44.40124],[-81.30733,44.39638],[-81.30928,44.39181],[-81.31445,44.38456],[-81.31389,44.37392],[-81.31204,44.36521],[-81.3127,44.36259],[-81.31825,44.3586],[-81.31842,44.3566],[-81.31667,44.35459],[-81.31181,44.34232],[-81.31104,44.33808],[-81.30546,44.33674],[-81.30258,44.32654],[-81.30035,44.32573],[-81.29443,44.32611],[-81.29026,44.32827],[-81.26879,44.33556],[-81.2628,44.33623],[-81.25816,44.33507],[-81.25372,44.33161],[-81.2523,44.32771],[-81.25345,44.32486],[-81.25987,44.32042],[-81.27013,44.31634],[-81.2905,44.29697],[-81.31549,44.28929],[-81.31975,44.28599],[-81.33225,44.27242],[-81.35827,44.26577],[-81.37694,44.25984],[-81.39508,44.25928],[-81.40021,44.25763],[-81.42485,44.25419],[-81.43007,44.25101],[-81.43928,44.24772],[-81.45296,44.246],[-81.46922,44.24104],[-81.47186,44.24104],[-81.47894,44.2353],[-81.48751,44.23299],[-81.494,44.22895],[-81.50543,44.2191],[-81.51108,44.21243],[-81.51333,44.21089],[-81.51415,44.20826],[-81.51444,44.19161],[-81.5105,44.18335],[-81.50267,44.17267],[-81.5048,44.16552],[-81.50787,44.16222],[-81.51161,44.15216],[-81.51051,44.13935],[-81.50871,44.13441],[-81.50851,44.13023],[-81.51038,44.12606],[-81.51657,44.11991],[-81.52033,44.10985],[-81.52036,44.09475],[-81.52344,44.08864],[-81.52632,44.07789],[-81.5315,44.07002],[-81.53758,44.05808],[-81.54613,44.04798],[-81.54785,44.04181],[-81.54772,44.039],[-81.54974,44.03603],[-81.54736,44.03228],[-81.54842,44.02574],[-81.55143,44.02096],[-81.55373,44.01353],[-81.56834,43.99897]]]}},{"type":"Feature","properties":{"OGF_ID":67490696,"ECODISTRICT_NAME":"London"},"geometry":{"type":"Polygon","coordinates":[[[-81.5827,43.04078],[-81.58208,43.03808],[-81.5687,43.03219],[-81.5517,43.02709],[-81.53264,43.0228],[-81.51366,43.01959],[-81.50862,43.01792],[-81.49973,43.01227],[-81.49636,43.00818],[-81.49772,43.00216],[-81.49765,42.99716],[-81.49868,42.99499],[-81.49355,42.95917],[-81.49239,42.95711],[-81.48846,42.95505],[-81.44827,42.95993],[-81.42995,42.96904],[-81.37771,42.96947],[-81.36302,42.96484],[-81.36156,42.96267],[-81.35978,42.95471],[-81.35461,42.94619],[-81.34526,42.92399],[-81.3458,42.92182],[-81.34342,42.91861],[-81.34202,42.91432],[-81.3115,42.89539],[-81.30757,42.89036],[-81.3067,42.88784],[-81.30763,42.88504],[-81.31165,42.88486],[-81.31838,42.88829],[-81.32402,42.88898],[-81.33438,42.888],[-81.33894,42.88559],[-81.34258,42.8797],[-81.33585,42.86659],[-81.32334,42.85962],[-81.31213,42.85487],[-81.30433,42.84772],[-81.29251,42.84401],[-81.28292,42.84202],[-81.27357,42.84104],[-81.25147,42.84134],[-81.24814,42.84066],[-81.24374,42.83923],[-81.23895,42.83648],[-81.22883,42.82899],[-81.22125,42.82733],[-81.17952,42.82581],[-81.17473,42.82473],[-81.1337,42.8236],[-81.1262,42.82578],[-81.12187,42.82619],[-81.12056,42.82429],[-81.12241,42.82178],[-81.14677,42.79905],[-81.15913,42.7924],[-81.16013,42.79028],[-81.15936,42.78393],[-81.15558,42.77832],[-81.15241,42.77718],[-81.14144,42.78096],[-81.11492,42.79631],[-81.07218,42.81488],[-81.06051,42.81437],[-81.05471,42.81254],[-81.04961,42.80974],[-81.04227,42.80374],[-81.02867,42.79671],[-81.02396,42.79562],[-81.01322,42.79088],[-81.00179,42.78991],[-80.99738,42.79059],[-80.981,42.79536],[-80.97141,42.79988],[-80.96028,42.8091],[-80.95371,42.82118],[-80.94605,42.82605],[-80.93578,42.82839],[-80.92766,42.82875],[-80.91189,42.83225],[-80.82764,42.85552],[-80.79958,42.87328],[-80.74586,42.88653],[-80.72616,42.89432],[-80.7182,42.89902],[-80.69092,42.90664],[-80.68272,42.91088],[-80.67422,42.92268],[-80.66223,42.92875],[-80.65845,42.92944],[-80.64732,42.92915],[-80.6368,42.93082],[-80.63287,42.93237],[-80.63101,42.93374],[-80.62984,42.93644],[-80.62204,42.94233],[-80.6028,42.94795],[-80.60048,42.94984],[-80.59421,42.96925],[-80.59042,42.97555],[-80.59011,42.98138],[-80.58153,42.99174],[-80.57689,42.99478],[-80.56847,42.99628],[-80.5612,42.99531],[-80.55487,42.99324],[-80.54065,42.99205],[-80.53694,42.99097],[-80.53315,42.99103],[-80.5303,42.99223],[-80.52666,42.99515],[-80.52653,42.99723],[-80.52175,43.00542],[-80.51945,43.01133],[-80.51837,43.02735],[-80.52175,43.05748],[-80.5341,43.09098],[-80.53779,43.09506],[-80.53896,43.09845],[-80.53856,43.10132],[-80.53555,43.10487],[-80.52016,43.11585],[-80.5097,43.12949],[-80.50623,43.13584],[-80.47421,43.16825],[-80.4715,43.17868],[-80.46653,43.18056],[-80.46292,43.17533],[-80.45513,43.17129],[-80.4386,43.16585],[-80.43089,43.16158],[-80.42948,43.15963],[-80.43819,43.14484],[-80.44279,43.13407],[-80.4504,43.11997],[-80.45184,43.11395],[-80.45161,43.1097],[-80.44989,43.10637],[-80.44476,43.10916],[-80.43947,43.11351],[-80.43496,43.11884],[-80.42558,43.12283],[-80.41637,43.11597],[-80.41094,43.11371],[-80.39488,43.1139],[-80.38652,43.11267],[-80.38148,43.11094],[-80.37929,43.10921],[-80.37826,43.10645],[-80.3839,43.09563],[-80.38185,43.09418],[-80.37894,43.09475],[-80.36696,43.09426],[-80.3568,43.09532],[-80.34109,43.10217],[-80.33137,43.11316],[-80.32565,43.12531],[-80.3298,43.13491],[-80.33153,43.13686],[-80.3346,43.13905],[-80.34782,43.14541],[-80.35136,43.14759],[-80.35332,43.14995],[-80.35825,43.16173],[-80.36327,43.16685],[-80.36955,43.1776],[-80.37103,43.18168],[-80.37007,43.18444],[-80.35897,43.18113],[-80.35598,43.18072],[-80.35204,43.18129],[-80.34659,43.18506],[-80.33063,43.20057],[-80.31262,43.21286],[-80.3048,43.21944],[-80.29893,43.2328],[-80.2949,43.23462],[-80.27102,43.23806],[-80.25509,43.24203],[-80.24996,43.24369],[-80.24687,43.24942],[-80.25285,43.25092],[-80.25332,43.25293],[-80.24941,43.26923],[-80.24337,43.28563],[-80.24112,43.30203],[-80.24174,43.30513],[-80.24976,43.30825],[-80.25275,43.30855],[-80.28846,43.30624],[-80.29775,43.30677],[-80.31051,43.31032],[-80.31192,43.31233],[-80.31891,43.34874],[-80.33561,43.34878],[-80.34712,43.34733],[-80.35019,43.34831],[-80.35381,43.34791],[-80.36502,43.34237],[-80.37897,43.34161],[-80.38818,43.34261],[-80.40174,43.34224],[-80.4127,43.33964],[-80.42927,43.30524],[-80.43749,43.29602],[-80.44554,43.2926],[-80.45595,43.28999],[-80.46975,43.28509],[-80.49279,43.27459],[-80.50415,43.27066],[-80.51086,43.26712],[-80.53226,43.25099],[-80.54237,43.24677],[-80.55597,43.23],[-80.57027,43.21649],[-80.5822,43.20768],[-80.59499,43.19664],[-80.60501,43.19356],[-80.61493,43.19578],[-80.62067,43.19883],[-80.62507,43.20458],[-80.6264,43.21015],[-80.62899,43.2112],[-80.6316,43.2093],[-80.64056,43.19113],[-80.64712,43.18306],[-80.66087,43.17099],[-80.66996,43.16108],[-80.68079,43.14671],[-80.69321,43.13228],[-80.70358,43.11772],[-80.70935,43.1112],[-80.71899,43.10262],[-80.72302,43.10102],[-80.72728,43.09581],[-80.73157,43.08801],[-80.73764,43.08304],[-80.73932,43.07719],[-80.73866,43.06387],[-80.74073,43.05371],[-80.73827,43.03299],[-80.74666,43.0228],[-80.76,43.01353],[-80.76726,43.01034],[-80.77846,43.0067],[-80.79099,43.00535],[-80.80178,43.00647],[-80.83427,42.99881],[-80.83868,42.9983],[-80.84372,42.99964],[-80.84797,43.00189],[-80.85252,43.00896],[-80.85794,43.01478],[-80.864,43.01789],[-80.87412,43.02991],[-80.88799,43.03219],[-80.89185,43.03156],[-80.93012,43.01738],[-80.938,43.01677],[-80.94697,43.01829],[-80.95422,43.02037],[-80.96413,43.02488],[-80.97183,43.03138],[-80.97597,43.04453],[-80.99186,43.05279],[-81.0021,43.05374],[-81.01984,43.04793],[-81.03349,43.04464],[-81.0364,43.04481],[-81.04089,43.04683],[-81.0482,43.05208],[-81.06087,43.05544],[-81.08183,43.05671],[-81.08821,43.05632],[-81.10017,43.05899],[-81.12645,43.07405],[-81.13258,43.08037],[-81.13525,43.08154],[-81.1544,43.08147],[-81.17333,43.07664],[-81.18028,43.07178],[-81.19177,43.06719],[-81.20575,43.06364],[-81.23831,43.05891],[-81.26691,43.05922],[-81.30094,43.06154],[-81.31929,43.06366],[-81.34734,43.06919],[-81.35646,43.07277],[-81.37638,43.07857],[-81.38937,43.08125],[-81.40102,43.08529],[-81.43375,43.10059],[-81.44822,43.10935],[-81.45137,43.11051],[-81.4568,43.11494],[-81.46205,43.12179],[-81.47707,43.1325],[-81.48053,43.13401],[-81.49734,43.15121],[-81.50706,43.1691],[-81.51626,43.18068],[-81.52029,43.17072],[-81.52182,43.16201],[-81.52029,43.14651],[-81.52172,43.14008],[-81.5215,43.13543],[-81.53098,43.12726],[-81.53455,43.11997],[-81.53504,43.11435],[-81.53317,43.10946],[-81.53279,43.1047],[-81.53288,43.10057],[-81.53503,43.09357],[-81.53709,43.08944],[-81.55251,43.07158],[-81.57811,43.048],[-81.5827,43.04078]]]}},{"type":"Feature","properties":{"OGF_ID":67490686,"ECODISTRICT_NAME":"Kincardine"},"geometry":{"type":"Polygon","coordinates":[[[-81.51618,44.89551],[-82.34632,44.5917],[-82.12281,43.5912],[-82.22665,43.38425],[-81.74886,43.32967],[-81.72077,43.32985],[-81.70201,43.32708],[-81.68141,43.32206],[-81.66007,43.31265],[-81.64254,43.30628],[-81.62604,43.29868],[-81.65678,43.44964],[-81.66313,43.48811],[-81.66725,43.50621],[-81.66081,43.52507],[-81.66179,43.53753],[-81.66105,43.54683],[-81.66538,43.57485],[-81.66889,43.58875],[-81.67162,43.62176],[-81.67195,43.6411],[-81.67087,43.65986],[-81.67223,43.68042],[-81.66715,43.69372],[-81.66458,43.70593],[-81.66449,43.71151],[-81.66682,43.72339],[-81.66987,43.73121],[-81.67063,43.73753],[-81.67031,43.74022],[-81.66849,43.74446],[-81.66579,43.74773],[-81.66539,43.75117],[-81.65896,43.76545],[-81.6509,43.77484],[-81.64581,43.7859],[-81.63665,43.79471],[-81.63403,43.79976],[-81.63093,43.8374],[-81.61833,43.86152],[-81.61601,43.8699],[-81.61695,43.8722],[-81.6163,43.88075],[-81.61835,43.90589],[-81.62277,43.9268],[-81.62272,43.94431],[-81.62168,43.94786],[-81.62266,43.96371],[-81.6205,43.97501],[-81.62235,43.98615],[-81.61322,43.98509],[-81.60778,43.98599],[-81.57372,43.99519],[-81.56834,43.99897],[-81.55373,44.01353],[-81.55143,44.02096],[-81.54842,44.02574],[-81.54736,44.03228],[-81.54974,44.03603],[-81.54772,44.039],[-81.54785,44.04181],[-81.54613,44.04798],[-81.53758,44.05808],[-81.5315,44.07002],[-81.52632,44.07789],[-81.52344,44.08864],[-81.52036,44.09475],[-81.52033,44.10985],[-81.51657,44.11991],[-81.51038,44.12606],[-81.50851,44.13023],[-81.50871,44.13441],[-81.51051,44.13935],[-81.51161,44.15216],[-81.50787,44.16222],[-81.5048,44.16552],[-81.50267,44.17267],[-81.5105,44.18335],[-81.51444,44.19161],[-81.51415,44.20826],[-81.51333,44.21089],[-81.51108,44.21243],[-81.50543,44.2191],[-81.494,44.22895],[-81.48751,44.23299],[-81.47894,44.2353],[-81.47186,44.24104],[-81.46922,44.24104],[-81.45296,44.246],[-81.43928,44.24772],[-81.43007,44.25101],[-81.42485,44.25419],[-81.40021,44.25763],[-81.39508,44.25928],[-81.37694,44.25984],[-81.35827,44.26577],[-81.33225,44.27242],[-81.31975,44.28599],[-81.31549,44.28929],[-81.2905,44.29697],[-81.27013,44.31634],[-81.25987,44.32042],[-81.25345,44.32486],[-81.2523,44.32771],[-81.25372,44.33161],[-81.25816,44.33507],[-81.2628,44.33623],[-81.26879,44.33556],[-81.29026,44.32827],[-81.29443,44.32611],[-81.30035,44.32573],[-81.30258,44.32654],[-81.30546,44.33674],[-81.31104,44.33808],[-81.31181,44.34232],[-81.31667,44.35459],[-81.31842,44.3566],[-81.31825,44.3586],[-81.3127,44.36259],[-81.31204,44.36521],[-81.31389,44.37392],[-81.31445,44.38456],[-81.30928,44.39181],[-81.30733,44.39638],[-81.30705,44.40124],[-81.30901,44.40686],[-81.314,44.41226],[-81.32005,44.41509],[-81.32359,44.42254],[-81.32025,44.43105],[-81.32173,44.44611],[-81.32121,44.45138],[-81.30808,44.47593],[-81.29019,44.49595],[-81.28122,44.50942],[-81.27679,44.51363],[-81.27684,44.5178],[-81.28551,44.52362],[-81.28915,44.52827],[-81.28918,44.5336],[-81.28787,44.53794],[-81.28841,44.54177],[-81.28369,44.55264],[-81.2742,44.56043],[-81.27242,44.56283],[-81.26889,44.5647],[-81.26172,44.57262],[-81.25884,44.57302],[-81.22801,44.59206],[-81.22376,44.59353],[-81.21681,44.5919],[-81.21194,44.59223],[-81.19886,44.59904],[-81.19363,44.60411],[-81.1805,44.60646],[-81.17538,44.6085],[-81.17087,44.61271],[-81.16916,44.61655],[-81.16708,44.61728],[-81.16478,44.61475],[-81.1629,44.60902],[-81.162,44.60146],[-81.15876,44.59636],[-81.15653,44.59537],[-81.15309,44.59605],[-81.14587,44.60026],[-81.14211,44.60087],[-81.13878,44.59765],[-81.13768,44.59433],[-81.13369,44.59408],[-81.1312,44.59516],[-81.12428,44.60165],[-81.12129,44.6057],[-81.1161,44.61691],[-81.1102,44.62501],[-81.11015,44.63244],[-81.11514,44.6371],[-81.13036,44.6426],[-81.13364,44.64244],[-81.13613,44.64084],[-81.14024,44.636],[-81.14344,44.63595],[-81.14526,44.63785],[-81.14671,44.64821],[-81.15108,44.65121],[-81.1655,44.65682],[-81.17445,44.65737],[-81.18164,44.65671],[-81.19448,44.66002],[-81.19912,44.65947],[-81.22147,44.6626],[-81.22395,44.66375],[-81.22807,44.66914],[-81.23452,44.68256],[-81.2328,44.68702],[-81.22699,44.69386],[-81.22537,44.69706],[-81.22216,44.69905],[-81.22292,44.70454],[-81.2216,44.70895],[-81.22281,44.7184],[-81.22642,44.73031],[-81.23691,44.73533],[-81.23987,44.73563],[-81.2421,44.73547],[-81.24941,44.73184],[-81.25204,44.7318],[-81.2521,44.73494],[-81.25,44.73824],[-81.2484,44.74797],[-81.2501,44.7561],[-81.24872,44.75971],[-81.25018,44.76646],[-81.24976,44.7688],[-81.25179,44.7742],[-81.25552,44.77953],[-81.26218,44.78626],[-81.26352,44.78924],[-81.26437,44.79205],[-81.26383,44.80051],[-81.25613,44.8145],[-81.25436,44.81581],[-81.24699,44.81801],[-81.24586,44.81984],[-81.24567,44.82321],[-81.24819,44.82814],[-81.25121,44.83108],[-81.25598,44.8335],[-81.27139,44.83688],[-81.2791,44.84211],[-81.2821,44.84654],[-81.28262,44.85272],[-81.27871,44.86232],[-81.27924,44.86495],[-81.27818,44.86856],[-81.27927,44.87148],[-81.28118,44.87286],[-81.2835,44.87298],[-81.28663,44.87122],[-81.29167,44.8701],[-81.29974,44.87098],[-81.31061,44.8704],[-81.31301,44.86978],[-81.31631,44.86762],[-81.31786,44.8627],[-81.31682,44.85275],[-81.31572,44.85022],[-81.31239,44.84735],[-81.30744,44.84589],[-81.30113,44.84547],[-81.29563,44.84298],[-81.29469,44.84087],[-81.29551,44.83801],[-81.30483,44.83284],[-81.30764,44.83045],[-81.31139,44.82598],[-81.31338,44.82042],[-81.34077,44.80429],[-81.35043,44.80215],[-81.51618,44.89551]]]}},{"type":"Feature","properties":{"OGF_ID":67490694,"ECODISTRICT_NAME":"Toronto"},"geometry":{"type":"Polygon","coordinates":[[[-79.24092,43.91531],[-79.26614,43.92067],[-79.28206,43.93016],[-79.29517,43.9352],[-79.30533,43.94171],[-79.3136,43.94971],[-79.32003,43.95413],[-79.32318,43.96538],[-79.33864,43.97018],[-79.36159,43.97104],[-79.36387,43.97057],[-79.36572,43.96856],[-79.36805,43.96081],[-79.36629,43.95831],[-79.35759,43.95448],[-79.35508,43.94896],[-79.35746,43.94493],[-79.36063,43.94153],[-79.37295,43.93555],[-79.39529,43.92073],[-79.40133,43.91423],[-79.41723,43.89981],[-79.42372,43.89198],[-79.43397,43.88303],[-79.44921,43.86674],[-79.47479,43.84223],[-79.48241,43.83697],[-79.49,43.83502],[-79.49776,43.83915],[-79.51061,43.84255],[-79.52763,43.85116],[-79.53539,43.85614],[-79.54832,43.85851],[-79.56034,43.85916],[-79.61542,43.84862],[-79.62136,43.84572],[-79.62335,43.84234],[-79.62026,43.82931],[-79.61116,43.80798],[-79.61284,43.8042],[-79.61707,43.80354],[-79.62879,43.81049],[-79.63327,43.81605],[-79.64323,43.83189],[-79.64694,43.83255],[-79.65618,43.83059],[-79.65926,43.83217],[-79.67171,43.84547],[-79.67599,43.84777],[-79.67842,43.84799],[-79.68253,43.84967],[-79.68602,43.85211],[-79.68811,43.8553],[-79.6938,43.858],[-79.69958,43.85533],[-79.70924,43.84439],[-79.73094,43.823],[-79.74315,43.80878],[-79.7476,43.79553],[-79.74696,43.77785],[-79.74406,43.77342],[-79.7363,43.76912],[-79.72891,43.7626],[-79.72394,43.75601],[-79.72403,43.75052],[-79.73012,43.73731],[-79.73023,43.7337],[-79.72737,43.72583],[-79.72681,43.71994],[-79.73602,43.71541],[-79.75104,43.71124],[-79.7578,43.71142],[-79.76463,43.71063],[-79.77093,43.71172],[-79.77885,43.71069],[-79.78368,43.70779],[-79.78775,43.7009],[-79.78976,43.69282],[-79.79217,43.66894],[-79.79083,43.66306],[-79.78673,43.66206],[-79.77393,43.65656],[-79.76788,43.65145],[-79.75904,43.64831],[-79.75773,43.64408],[-79.75995,43.6399],[-79.76369,43.63775],[-79.76784,43.63726],[-79.77386,43.63458],[-79.77881,43.6349],[-79.78641,43.6393],[-79.78932,43.63957],[-79.81296,43.63882],[-79.83356,43.64072],[-79.83835,43.64],[-79.84003,43.63649],[-79.84374,43.63252],[-79.83471,43.62172],[-79.83426,43.61743],[-79.85132,43.60151],[-79.85538,43.60023],[-79.86152,43.60069],[-79.86472,43.59976],[-79.86549,43.59764],[-79.86266,43.58707],[-79.86378,43.58242],[-79.86813,43.5737],[-79.87674,43.56569],[-79.88798,43.56069],[-79.89056,43.55969],[-79.89495,43.55926],[-79.90141,43.5607],[-79.9076,43.55945],[-79.91367,43.55558],[-79.91495,43.55156],[-79.91373,43.54837],[-79.91389,43.5435],[-79.91772,43.54125],[-79.92532,43.53992],[-79.93027,43.53989],[-79.941,43.53764],[-79.9431,43.53637],[-79.94515,43.53114],[-79.94468,43.52572],[-79.93907,43.51967],[-79.9338,43.51715],[-79.91422,43.51095],[-79.91042,43.50886],[-79.90112,43.49555],[-79.89545,43.47179],[-79.89812,43.46633],[-79.90988,43.45922],[-79.90842,43.45516],[-79.91772,43.43535],[-79.91815,43.43306],[-79.91711,43.43124],[-79.89456,43.43702],[-79.88364,43.43692],[-79.87734,43.436],[-79.87229,43.43432],[-79.85882,43.43162],[-79.84582,43.42359],[-79.83652,43.41531],[-79.83152,43.40081],[-79.83047,43.38807],[-79.82462,43.36282],[-79.82651,43.3517],[-79.83018,43.33984],[-79.82964,43.33453],[-79.82627,43.32946],[-79.82247,43.32754],[-79.80218,43.32077],[-79.79728,43.31977],[-79.27807,43.35088],[-79.15959,43.39117],[-79.20067,43.45048],[-78.69674,43.62892],[-79.10253,43.80271],[-79.10859,43.80408],[-79.11088,43.80736],[-79.11491,43.81054],[-79.12724,43.81152],[-79.14496,43.81845],[-79.15304,43.82349],[-79.15892,43.82977],[-79.17889,43.85592],[-79.19223,43.88317],[-79.19332,43.88774],[-79.19151,43.89325],[-79.18889,43.89681],[-79.18394,43.89622],[-79.17546,43.89679],[-79.17514,43.90223],[-79.17889,43.90616],[-79.17316,43.91254],[-79.16025,43.92185],[-79.15671,43.92629],[-79.15588,43.94592],[-79.1572,43.95036],[-79.16312,43.95204],[-79.17306,43.94956],[-79.17602,43.94799],[-79.18306,43.93987],[-79.18541,43.93402],[-79.19626,43.92382],[-79.2129,43.91734],[-79.22409,43.91394],[-79.24092,43.91531]]]}},{"type":"Feature","properties":{"OGF_ID":67490675,"ECODISTRICT_NAME":"Pembroke"},"geometry":{"type":"Polygon","coordinates":[[[-77.06207,45.82293],[-77.07081,45.83065],[-77.08936,45.83764],[-77.09415,45.83873],[-77.11081,45.84015],[-77.12864,45.84333],[-77.1533,45.85457],[-77.19341,45.86601],[-77.19874,45.87071],[-77.20333,45.87979],[-77.22821,45.90686],[-77.23466,45.91276],[-77.23563,45.91477],[-77.23562,45.92009],[-77.24015,45.92411],[-77.2418,45.89205],[-77.24324,45.88985],[-77.24434,45.88314],[-77.24654,45.87916],[-77.24916,45.8689],[-77.24591,45.85979],[-77.24572,45.85303],[-77.24838,45.84232],[-77.24026,45.829],[-77.23845,45.82714],[-77.21668,45.82552],[-77.21943,45.82291],[-77.21971,45.81886],[-77.21665,45.81651],[-77.21282,45.81594],[-77.21597,45.80749],[-77.20917,45.80321],[-77.20404,45.80304],[-77.20276,45.81245],[-77.19943,45.81414],[-77.19728,45.81722],[-77.18927,45.82145],[-77.18147,45.82254],[-77.17964,45.82113],[-77.18153,45.81219],[-77.18013,45.80449],[-77.17261,45.80155],[-77.16684,45.80134],[-77.16723,45.79551],[-77.16494,45.79138],[-77.16311,45.78997],[-77.15923,45.79029],[-77.15648,45.7929],[-77.15045,45.7963],[-77.1521,45.8004],[-77.15163,45.80714],[-77.14271,45.80593],[-77.1409,45.80407],[-77.13705,45.80395],[-77.13278,45.80065],[-77.13083,45.79158],[-77.12452,45.78057],[-77.12141,45.77911],[-77.119,45.77678],[-77.11857,45.77361],[-77.12024,45.75882],[-77.123,45.75621],[-77.12838,45.75279],[-77.13094,45.75288],[-77.13812,45.75132],[-77.15745,45.75062],[-77.16204,45.74943],[-77.16479,45.74682],[-77.16497,45.74413],[-77.16235,45.73549],[-77.16248,45.72424],[-77.15622,45.72179],[-77.14899,45.71478],[-77.14582,45.71422],[-77.13774,45.71036],[-77.12606,45.70275],[-77.11206,45.69148],[-77.10908,45.68822],[-77.10516,45.67999],[-77.09707,45.66712],[-77.09523,45.66569],[-77.08943,45.65695],[-77.08516,45.65365],[-77.08209,45.65175],[-77.06676,45.65077],[-77.05545,45.64722],[-77.0472,45.64604],[-77.03743,45.63895],[-77.03144,45.6329],[-77.02741,45.62645],[-77.02366,45.62497],[-77.00639,45.62437],[-77.01704,45.60989],[-77.01589,45.60804],[-77.01569,45.60174],[-77.01096,45.59617],[-76.99637,45.58486],[-76.99468,45.58164],[-76.98681,45.57507],[-76.98308,45.57359],[-76.97966,45.57662],[-76.96769,45.5825],[-76.9645,45.58238],[-76.96421,45.57743],[-76.95923,45.57545],[-76.9529,45.57432],[-76.9382,45.57381],[-76.93731,45.56837],[-76.94358,45.56139],[-76.94754,45.55973],[-76.95921,45.55789],[-76.96014,45.55387],[-76.95196,45.55179],[-76.94244,45.55055],[-76.93376,45.54664],[-76.93165,45.54026],[-76.92821,45.53474],[-76.91589,45.528],[-76.91628,45.52261],[-76.92018,45.52185],[-76.92465,45.52201],[-76.93857,45.5243],[-76.94189,45.52262],[-76.94027,45.51851],[-76.93091,45.51503],[-76.92246,45.50798],[-76.9151,45.50367],[-76.90881,45.50209],[-76.90431,45.50238],[-76.90229,45.50365],[-76.88496,45.50439],[-76.88033,45.50646],[-76.87143,45.50569],[-76.86904,45.50335],[-76.8652,45.50322],[-76.86275,45.50178],[-76.85555,45.49521],[-76.85572,45.49297],[-76.85907,45.49084],[-76.86552,45.49018],[-76.87317,45.49045],[-76.88463,45.49131],[-76.89854,45.49361],[-76.90812,45.49396],[-76.91925,45.49931],[-76.92748,45.5005],[-76.93709,45.5004],[-76.94268,45.49385],[-76.943,45.48936],[-76.93184,45.48446],[-76.93022,45.48035],[-76.90962,45.47331],[-76.8961,45.46562],[-76.8935,45.45743],[-76.89111,45.45509],[-76.88161,45.45385],[-76.87426,45.45809],[-76.86795,45.45695],[-76.85722,45.46377],[-76.85575,45.46641],[-76.85185,45.46718],[-76.85048,45.46848],[-76.84601,45.46831],[-76.83413,45.46472],[-76.8209,45.462],[-76.8134,45.45947],[-76.80354,45.4546],[-76.80307,45.45233],[-76.80531,45.44792],[-76.80413,45.44653],[-76.79971,45.44591],[-76.7596,45.44353],[-76.75061,45.44409],[-76.74199,45.44827],[-76.72251,45.45204],[-76.71985,45.4533],[-76.71083,45.4543],[-76.70613,45.45727],[-76.69172,45.46169],[-76.66929,45.46219],[-76.65887,45.45639],[-76.63538,45.45414],[-76.63074,45.45622],[-76.62239,45.4568],[-76.61987,45.45625],[-76.61806,45.45483],[-76.60474,45.45342],[-76.60431,45.4507],[-76.60016,45.44649],[-76.59974,45.44377],[-76.59665,45.4423],[-76.59223,45.44168],[-76.58731,45.43924],[-76.58361,45.42919],[-76.57738,45.42716],[-76.56857,45.42546],[-76.56074,45.4193],[-76.55915,45.41519],[-76.55561,45.41145],[-76.54795,45.41115],[-76.54141,45.41315],[-76.53783,45.41796],[-76.53755,45.42155],[-76.53489,45.4228],[-76.5212,45.41821],[-76.51323,45.41384],[-76.50903,45.41052],[-76.50608,45.40668],[-76.50358,45.40671],[-76.4976,45.40153],[-76.49616,45.39562],[-76.46398,45.38264],[-76.45542,45.37779],[-76.43318,45.3607],[-76.4283,45.35781],[-76.42272,45.35578],[-76.40872,45.35522],[-76.39334,45.35595],[-76.39009,45.35671],[-76.38054,45.35633],[-76.3768,45.35528],[-76.37567,45.35343],[-76.37316,45.35288],[-76.36048,45.35192],[-76.34355,45.34808],[-76.33155,45.34668],[-76.32154,45.34402],[-76.31747,45.33936],[-76.31551,45.33207],[-76.31368,45.3311],[-76.31263,45.32836],[-76.31218,45.32577],[-76.31402,45.32236],[-76.30729,45.32392],[-76.29669,45.3292],[-76.28617,45.33272],[-76.22985,45.33945],[-76.2274,45.34076],[-76.22362,45.34733],[-76.22501,45.36009],[-76.22288,45.36232],[-76.21466,45.36367],[-76.19802,45.35875],[-76.19191,45.35889],[-76.18995,45.36026],[-76.18675,45.36528],[-76.17901,45.36686],[-76.1643,45.36539],[-76.15781,45.36261],[-76.14993,45.35869],[-76.14476,45.35352],[-76.14112,45.34836],[-76.1401,45.34223],[-76.13681,45.33718],[-76.13038,45.33413],[-76.10519,45.33061],[-76.08211,45.32612],[-76.05693,45.31894],[-76.04915,45.31456],[-76.04061,45.31493],[-76.03115,45.31664],[-76.00331,45.32224],[-75.99713,45.322],[-75.99193,45.32083],[-75.99094,45.32591],[-75.98394,45.32259],[-75.9683,45.30689],[-75.9579,45.30182],[-75.94585,45.2993],[-75.93248,45.29237],[-75.92612,45.29385],[-75.91919,45.29957],[-75.91165,45.30356],[-75.90766,45.31192],[-75.9035,45.31754],[-75.89173,45.33047],[-75.87969,45.34013],[-75.87214,45.34423],[-75.86509,45.35663],[-75.84006,45.37509],[-75.84512,45.3774],[-75.86868,45.38442],[-75.90774,45.41063],[-75.92741,45.42787],[-75.95319,45.45781],[-75.96311,45.46648],[-75.96956,45.47338],[-75.97439,45.47656],[-75.97994,45.47858],[-75.99114,45.48042],[-76.01432,45.4866],[-76.02341,45.49025],[-76.04273,45.49626],[-76.08134,45.51042],[-76.08789,45.5157],[-76.09158,45.51675],[-76.11482,45.51729],[-76.13806,45.51875],[-76.15107,45.51679],[-76.16681,45.51592],[-76.17255,45.5161],[-76.18316,45.51779],[-76.2046,45.51764],[-76.21342,45.51604],[-76.22343,45.51297],[-76.22918,45.5108],[-76.23329,45.50819],[-76.23449,45.50539],[-76.23912,45.47333],[-76.24086,45.46991],[-76.24259,45.46881],[-76.24694,45.46797],[-76.26165,45.46818],[-76.28975,45.46593],[-76.29899,45.46375],[-76.31274,45.45828],[-76.31977,45.45706],[-76.3579,45.45711],[-76.36414,45.45789],[-76.37258,45.46014],[-76.39515,45.46902],[-76.41982,45.48517],[-76.43207,45.49174],[-76.44332,45.49663],[-76.45748,45.50141],[-76.47267,45.50248],[-76.4811,45.50505],[-76.49979,45.51752],[-76.50256,45.51792],[-76.51083,45.51687],[-76.519,45.51697],[-76.57269,45.52742],[-76.60741,45.53208],[-76.62192,45.54013],[-76.63434,45.54559],[-76.64236,45.5514],[-76.65709,45.55808],[-76.65944,45.55984],[-76.67487,45.58528],[-76.67482,45.58854],[-76.67132,45.59931],[-76.67307,45.60858],[-76.66994,45.62008],[-76.67023,45.62467],[-76.67492,45.62921],[-76.68305,45.6351],[-76.69026,45.64553],[-76.71265,45.66294],[-76.71277,45.66573],[-76.71055,45.6698],[-76.70366,45.67649],[-76.69997,45.67784],[-76.69121,45.67853],[-76.68872,45.68128],[-76.68662,45.68814],[-76.69258,45.69602],[-76.69598,45.70219],[-76.69217,45.70805],[-76.69202,45.71024],[-76.69788,45.7118],[-76.70128,45.71429],[-76.7039,45.71749],[-76.7036,45.72082],[-76.70439,45.72177],[-76.71089,45.72179],[-76.7178,45.71955],[-76.72118,45.71924],[-76.72944,45.72074],[-76.73444,45.72295],[-76.7489,45.72426],[-76.75361,45.72578],[-76.76868,45.73408],[-76.7696,45.7412],[-76.76588,45.74512],[-76.76567,45.7467],[-76.76645,45.74768],[-76.77103,45.74949],[-76.76792,45.75551],[-76.77034,45.75771],[-76.77359,45.76603],[-76.77486,45.77311],[-76.77979,45.78026],[-76.78076,45.78366],[-76.77739,45.7935],[-76.77216,45.80053],[-76.76681,45.80546],[-76.76559,45.80799],[-76.76563,45.81496],[-76.76785,45.81965],[-76.76874,45.82705],[-76.7711,45.83267],[-76.76662,45.84145],[-76.76436,45.85033],[-76.76571,45.85263],[-76.77111,45.8564],[-76.7743,45.85984],[-76.77707,45.86973],[-76.77969,45.87246],[-76.78626,45.87491],[-76.80364,45.87652],[-76.84503,45.89316],[-76.84992,45.8945],[-76.85394,45.89445],[-76.86677,45.89231],[-76.87058,45.89243],[-76.87668,45.89354],[-76.88765,45.89786],[-76.89323,45.89867],[-76.91973,45.8957],[-76.92774,45.8933],[-76.93017,45.8908],[-76.93043,45.88813],[-76.92675,45.88437],[-76.92586,45.88031],[-76.92342,45.87622],[-76.92319,45.87126],[-76.91826,45.86672],[-76.90957,45.86262],[-76.90699,45.85829],[-76.90301,45.85647],[-76.90256,45.85319],[-76.90104,45.85078],[-76.90291,45.84911],[-76.90806,45.84735],[-76.92149,45.84993],[-76.92622,45.84977],[-76.9286,45.84846],[-76.92817,45.84571],[-76.91234,45.81105],[-76.91173,45.80689],[-76.91266,45.80436],[-76.91634,45.80157],[-76.93964,45.78822],[-76.98054,45.78642],[-76.98842,45.78721],[-76.99384,45.78975],[-77.00852,45.80264],[-77.01756,45.80723],[-77.02494,45.80873],[-77.0422,45.80726],[-77.05026,45.80942],[-77.05433,45.8121],[-77.06207,45.82293]]]}},{"type":"Feature","properties":{"OGF_ID":67490687,"ECODISTRICT_NAME":"Havelock"},"geometry":{"type":"Polygon","coordinates":[[[-79.24853,44.70712],[-79.2535,44.70219],[-79.25902,44.69952],[-79.26447,44.69548],[-79.27054,44.69291],[-79.27511,44.68841],[-79.27994,44.68183],[-79.2786,44.67685],[-79.27454,44.67318],[-79.26992,44.67064],[-79.25349,44.6682],[-79.24725,44.66836],[-79.24222,44.66698],[-79.23945,44.66284],[-79.22848,44.65194],[-79.22649,44.64872],[-79.22187,44.64712],[-79.219,44.64476],[-79.21252,44.62752],[-79.20471,44.62469],[-79.19922,44.61844],[-79.18417,44.60873],[-79.17093,44.58523],[-79.17249,44.5751],[-79.17514,44.5723],[-79.17539,44.56875],[-79.16873,44.55792],[-79.16906,44.55552],[-79.16682,44.5546],[-79.16383,44.5646],[-79.16033,44.56162],[-79.15217,44.5446],[-79.14578,44.54567],[-79.13326,44.54164],[-79.12542,44.52576],[-79.12752,44.5185],[-79.12682,44.51586],[-79.13035,44.51088],[-79.1274,44.5094],[-79.12333,44.51053],[-79.12076,44.51224],[-79.11651,44.5168],[-79.1164,44.52436],[-79.11263,44.52962],[-79.11173,44.53402],[-79.11348,44.53609],[-79.12128,44.54121],[-79.11162,44.54112],[-79.10897,44.54518],[-79.10689,44.54678],[-79.10306,44.54631],[-79.09758,44.53937],[-79.09231,44.53873],[-79.07969,44.54064],[-79.06679,44.53879],[-79.05799,44.53555],[-79.05553,44.53154],[-79.05492,44.52416],[-79.05517,44.52095],[-79.05847,44.51483],[-79.06544,44.51044],[-79.07655,44.50658],[-79.08176,44.50235],[-79.0844,44.4995],[-79.0861,44.49436],[-79.08709,44.48725],[-79.0863,44.48491],[-79.08092,44.4747],[-79.0692,44.46775],[-79.0657,44.4674],[-79.05291,44.46908],[-79.04436,44.46883],[-79.03862,44.46825],[-79.03527,44.46664],[-79.03298,44.4643],[-79.02832,44.46817],[-79.02552,44.46918],[-79.01953,44.47015],[-79.0161,44.46939],[-79.0155,44.45852],[-79.01104,44.45645],[-78.99831,44.46385],[-78.99527,44.46625],[-78.99037,44.47357],[-78.98749,44.47379],[-78.9846,44.47751],[-78.98402,44.48357],[-78.98033,44.48734],[-78.97272,44.4915],[-78.96998,44.49745],[-78.9573,44.51459],[-78.94568,44.52148],[-78.92502,44.53626],[-78.91838,44.54002],[-78.89543,44.54827],[-78.86799,44.56252],[-78.85143,44.56894],[-78.84944,44.56802],[-78.85042,44.56133],[-78.85243,44.55835],[-78.85076,44.55606],[-78.84431,44.55375],[-78.83951,44.55363],[-78.82969,44.55492],[-78.81946,44.55787],[-78.80617,44.56597],[-78.80352,44.56911],[-78.80088,44.56997],[-78.79577,44.57075],[-78.78779,44.57032],[-78.78316,44.56929],[-78.77573,44.56887],[-78.77246,44.56783],[-78.76759,44.56765],[-78.76536,44.56598],[-78.76298,44.56208],[-78.76252,44.5579],[-78.75826,44.5461],[-78.75403,44.54209],[-78.74663,44.53766],[-78.7357,44.53661],[-78.71037,44.53854],[-78.69609,44.53628],[-78.68674,44.53717],[-78.68004,44.53675],[-78.66974,44.53421],[-78.66872,44.52975],[-78.67033,44.52808],[-78.66928,44.51212],[-78.67474,44.50365],[-78.67572,44.49977],[-78.67598,44.49438],[-78.67424,44.49071],[-78.66921,44.48973],[-78.66505,44.49173],[-78.66041,44.49275],[-78.65073,44.49839],[-78.63505,44.5039],[-78.62321,44.51017],[-78.60145,44.51911],[-78.59155,44.52039],[-78.57663,44.51819],[-78.57223,44.5204],[-78.56701,44.52503],[-78.55485,44.53147],[-78.54188,44.54076],[-78.5346,44.54282],[-78.52767,44.54028],[-78.52202,44.53614],[-78.5159,44.52794],[-78.49003,44.46714],[-78.48397,44.46742],[-78.47668,44.47066],[-78.46653,44.4735],[-78.45431,44.47456],[-78.41162,44.44806],[-78.40842,44.44828],[-78.40116,44.45246],[-78.39194,44.45388],[-78.38558,44.45729],[-78.38066,44.46196],[-78.3756,44.46434],[-78.36909,44.46404],[-78.358,44.46584],[-78.33606,44.471],[-78.31696,44.47415],[-78.29662,44.48034],[-78.28536,44.47993],[-78.27522,44.47742],[-78.2723,44.46945],[-78.26309,44.45951],[-78.25483,44.45581],[-78.24,44.45165],[-78.22922,44.45197],[-78.22427,44.45075],[-78.21973,44.44771],[-78.21886,44.44542],[-78.21951,44.44256],[-78.20019,44.44182],[-78.19319,44.43482],[-78.17129,44.44049],[-78.15641,44.44859],[-78.15432,44.45103],[-78.14705,44.45194],[-78.14139,44.45055],[-78.13939,44.44838],[-78.13925,44.44569],[-78.14377,44.43424],[-78.14667,44.42961],[-78.14808,44.41549],[-78.13882,44.41299],[-78.13236,44.41281],[-78.11757,44.41501],[-78.10918,44.41779],[-78.10103,44.41949],[-78.06978,44.40648],[-78.06283,44.40766],[-78.06028,44.40686],[-78.05009,44.39555],[-78.04113,44.38157],[-78.03898,44.37961],[-78.03691,44.37904],[-78.03116,44.37942],[-78.02557,44.37827],[-78.01399,44.37898],[-78.00744,44.37822],[-77.99862,44.37041],[-77.99183,44.36727],[-77.98597,44.3656],[-77.97422,44.36577],[-77.96361,44.36809],[-77.94452,44.37717],[-77.91829,44.3996],[-77.91514,44.40706],[-77.91168,44.41096],[-77.90231,44.41777],[-77.88778,44.42352],[-77.8816,44.42487],[-77.87458,44.42443],[-77.86889,44.42178],[-77.85782,44.41424],[-77.85248,44.41417],[-77.81505,44.4219],[-77.79361,44.42292],[-77.78103,44.42453],[-77.77681,44.42682],[-77.77049,44.42748],[-77.76468,44.42688],[-77.75618,44.4337],[-77.74981,44.43321],[-77.74871,44.42942],[-77.74972,44.42462],[-77.75396,44.42136],[-77.75567,44.40512],[-77.75689,44.40107],[-77.76661,44.39319],[-77.77432,44.38843],[-77.77924,44.38037],[-77.77281,44.37226],[-77.77157,44.36711],[-77.77494,44.35628],[-77.77558,44.34664],[-77.76713,44.34906],[-77.76082,44.35842],[-77.7596,44.36224],[-77.74978,44.37092],[-77.74395,44.37411],[-77.73512,44.38154],[-77.71424,44.39202],[-77.70754,44.39451],[-77.70092,44.39419],[-77.69352,44.38722],[-77.68997,44.39147],[-77.68197,44.39468],[-77.6746,44.39555],[-77.66968,44.39394],[-77.66731,44.38732],[-77.67013,44.3746],[-77.66914,44.36943],[-77.63686,44.36343],[-77.63371,44.35899],[-77.63082,44.35054],[-77.62637,44.35247],[-77.61924,44.35919],[-77.61158,44.37128],[-77.61132,44.37512],[-77.61463,44.38277],[-77.61206,44.39825],[-77.60272,44.40116],[-77.59729,44.40086],[-77.59224,44.4017],[-77.58616,44.40809],[-77.57992,44.41122],[-77.57434,44.41114],[-77.57226,44.40207],[-77.57335,44.39401],[-77.57242,44.38398],[-77.58734,44.36953],[-77.58976,44.36532],[-77.5916,44.35624],[-77.58835,44.35254],[-77.58172,44.35273],[-77.57503,44.35475],[-77.56923,44.35348],[-77.56478,44.35582],[-77.55143,44.35936],[-77.54633,44.3586],[-77.55015,44.34691],[-77.5485,44.34317],[-77.54211,44.34589],[-77.53127,44.35731],[-77.51985,44.37233],[-77.51452,44.37122],[-77.50838,44.37109],[-77.50176,44.3738],[-77.4964,44.37717],[-77.4907,44.37783],[-77.48576,44.3745],[-77.48579,44.37043],[-77.49293,44.36309],[-77.51384,44.34608],[-77.51545,44.34227],[-77.51593,44.33609],[-77.51381,44.33171],[-77.50918,44.32902],[-77.50082,44.33062],[-77.47222,44.34597],[-77.44353,44.37336],[-77.43716,44.37567],[-77.40725,44.38323],[-77.40063,44.38577],[-77.39387,44.38751],[-77.38739,44.38822],[-77.38222,44.38701],[-77.38073,44.37382],[-77.36812,44.37674],[-77.36371,44.37427],[-77.35802,44.37483],[-77.35338,44.36928],[-77.34087,44.35902],[-77.33335,44.34736],[-77.32532,44.34587],[-77.31678,44.34273],[-77.31555,44.33795],[-77.32024,44.3295],[-77.3111,44.32485],[-77.30547,44.32328],[-77.2996,44.32498],[-77.29792,44.33405],[-77.29431,44.33773],[-77.28792,44.34039],[-77.28144,44.34065],[-77.27728,44.33784],[-77.26405,44.32157],[-77.26336,44.31779],[-77.26302,44.31263],[-77.26484,44.3071],[-77.26326,44.30342],[-77.26409,44.29947],[-77.27036,44.29183],[-77.26471,44.28196],[-77.26516,44.2641],[-77.24917,44.25645],[-77.24331,44.25779],[-77.23857,44.26174],[-77.2338,44.26362],[-77.22875,44.26453],[-77.22303,44.26348],[-77.2154,44.25593],[-77.18778,44.26083],[-77.18131,44.26074],[-77.18139,44.25507],[-77.1835,44.25098],[-77.17781,44.25153],[-77.1728,44.24716],[-77.17322,44.2434],[-77.16787,44.2435],[-77.16265,44.24468],[-77.16292,44.23432],[-77.16659,44.22527],[-77.16646,44.22155],[-77.16008,44.22101],[-77.15396,44.22304],[-77.15026,44.22682],[-77.1474,44.23503],[-77.14783,44.24906],[-77.14305,44.25186],[-77.13759,44.2527],[-77.13177,44.25222],[-77.12681,44.2497],[-77.12023,44.24485],[-77.11463,44.24512],[-77.10284,44.25005],[-77.09615,44.24933],[-77.08592,44.24634],[-77.07219,44.24626],[-77.06289,44.24436],[-77.05947,44.24088],[-77.05359,44.24595],[-77.04614,44.25851],[-77.03449,44.2702],[-77.02939,44.27288],[-77.02433,44.27383],[-77.01631,44.2719],[-76.99847,44.27887],[-76.99198,44.2825],[-76.98361,44.28491],[-76.9773,44.28494],[-76.97492,44.2813],[-76.97274,44.27297],[-76.92601,44.2792],[-76.9202,44.28142],[-76.9142,44.28191],[-76.91089,44.27694],[-76.91167,44.27174],[-76.91484,44.26371],[-76.92637,44.25328],[-76.93917,44.24394],[-76.94162,44.23894],[-76.94272,44.23363],[-76.94206,44.22819],[-76.94004,44.22306],[-76.93709,44.21953],[-76.93255,44.2162],[-76.92662,44.21412],[-76.9108,44.22015],[-76.87156,44.24228],[-76.87054,44.23826],[-76.87152,44.23444],[-76.8621,44.23724],[-76.85724,44.24009],[-76.85167,44.24195],[-76.84548,44.24061],[-76.8221,44.24545],[-76.81613,44.24502],[-76.81355,44.23961],[-76.81465,44.23436],[-76.81299,44.23072],[-76.81327,44.22592],[-76.81074,44.22211],[-76.80555,44.21883],[-76.79576,44.22093],[-76.76579,44.23633],[-76.75379,44.25196],[-76.74871,44.25098],[-76.74893,44.2456],[-76.74614,44.24195],[-76.74145,44.23817],[-76.73513,44.23569],[-76.72868,44.23485],[-76.72615,44.23997],[-76.72139,44.24196],[-76.7162,44.2419],[-76.70523,44.2457],[-76.70522,44.24009],[-76.70301,44.23582],[-76.69694,44.23282],[-76.68555,44.23169],[-76.67817,44.23291],[-76.67089,44.23968],[-76.67237,44.24393],[-76.67668,44.24703],[-76.67474,44.25095],[-76.66501,44.24727],[-76.65339,44.2486],[-76.64815,44.24761],[-76.64338,44.24377],[-76.64557,44.23619],[-76.64344,44.23238],[-76.6346,44.23438],[-76.6285,44.23252],[-76.6211,44.23474],[-76.61925,44.2363],[-76.6185,44.2392],[-76.61332,44.24451],[-76.6088,44.24633],[-76.5937,44.24648],[-76.58729,44.24387],[-76.57972,44.24337],[-76.56405,44.25621],[-76.55612,44.26595],[-76.54767,44.2802],[-76.54351,44.28324],[-76.53969,44.27986],[-76.50991,44.29154],[-76.5079,44.29507],[-76.48239,44.30537],[-76.46663,44.30945],[-76.45456,44.31535],[-76.45589,44.31961],[-76.45261,44.32574],[-76.43707,44.3395],[-76.43154,44.3404],[-76.43045,44.34508],[-76.42662,44.34807],[-76.42508,44.35194],[-76.41854,44.36067],[-76.41719,44.36614],[-76.41909,44.38798],[-76.41788,44.39169],[-76.40327,44.39728],[-76.39762,44.40235],[-76.39408,44.40619],[-76.39143,44.41297],[-76.38456,44.42205],[-76.38556,44.42675],[-76.38873,44.43039],[-76.39398,44.43167],[-76.39947,44.43203],[-76.40038,44.43433],[-76.41613,44.43734],[-76.42163,44.43733],[-76.43302,44.43433],[-76.4474,44.42627],[-76.45783,44.42446],[-76.46315,44.42242],[-76.47937,44.41354],[-76.49448,44.40378],[-76.50621,44.39349],[-76.51054,44.39167],[-76.52979,44.38814],[-76.54515,44.38431],[-76.54457,44.38831],[-76.53932,44.39064],[-76.53302,44.39932],[-76.52488,44.40515],[-76.51244,44.41026],[-76.50885,44.41307],[-76.50684,44.41665],[-76.50077,44.41932],[-76.49971,44.42366],[-76.50629,44.42524],[-76.51252,44.42234],[-76.52187,44.41611],[-76.52573,44.41519],[-76.52728,44.41688],[-76.52491,44.42205],[-76.51831,44.42677],[-76.52099,44.42824],[-76.53056,44.42894],[-76.55602,44.4207],[-76.55912,44.42108],[-76.56169,44.42369],[-76.56175,44.43033],[-76.56066,44.43256],[-76.56195,44.43481],[-76.56054,44.43673],[-76.55972,44.44371],[-76.56131,44.44699],[-76.56318,44.44862],[-76.56832,44.44783],[-76.59139,44.43939],[-76.60586,44.43557],[-76.60962,44.43568],[-76.61394,44.4382],[-76.61538,44.44154],[-76.61081,44.45991],[-76.61266,44.46561],[-76.61811,44.47089],[-76.62165,44.47311],[-76.63057,44.47375],[-76.63579,44.47307],[-76.64878,44.46793],[-76.65055,44.46463],[-76.65046,44.46176],[-76.64794,44.45154],[-76.65012,44.44493],[-76.65352,44.44321],[-76.65726,44.4432],[-76.66059,44.44467],[-76.66355,44.45061],[-76.66632,44.45082],[-76.66755,44.45926],[-76.66943,44.4638],[-76.67602,44.46223],[-76.67813,44.46088],[-76.70277,44.46544],[-76.71056,44.46687],[-76.71095,44.4643],[-76.71301,44.46187],[-76.7156,44.46064],[-76.72142,44.45477],[-76.72969,44.45362],[-76.73097,44.45627],[-76.73068,44.46131],[-76.73278,44.46334],[-76.73329,44.46541],[-76.7417,44.46432],[-76.74447,44.46556],[-76.75418,44.4638],[-76.7575,44.46488],[-76.75911,44.46764],[-76.76566,44.4706],[-76.77879,44.46648],[-76.78231,44.46601],[-76.7837,44.46787],[-76.78389,44.47268],[-76.78512,44.47447],[-76.78858,44.47365],[-76.79255,44.47159],[-76.79218,44.47646],[-76.796,44.47702],[-76.80027,44.47582],[-76.80838,44.47725],[-76.81199,44.47644],[-76.8151,44.47688],[-76.81791,44.47932],[-76.82103,44.47902],[-76.82435,44.47741],[-76.83252,44.47036],[-76.84107,44.46733],[-76.87606,44.47336],[-76.88069,44.47353],[-76.88639,44.47263],[-76.89657,44.46791],[-76.91226,44.46394],[-76.91455,44.46168],[-76.92892,44.45912],[-76.93049,44.45703],[-76.94003,44.44977],[-76.9454,44.44899],[-76.94882,44.44961],[-76.95697,44.45247],[-76.96347,44.45731],[-76.9712,44.47001],[-76.97135,44.4916],[-76.97168,44.49424],[-76.97464,44.4969],[-76.97548,44.51999],[-76.9766,44.52293],[-76.98484,44.52503],[-77.01229,44.51437],[-77.0145,44.51205],[-77.0183,44.51044],[-77.02536,44.50899],[-77.03389,44.50962],[-77.03818,44.51076],[-77.04091,44.51344],[-77.04024,44.51738],[-77.04152,44.52032],[-77.04604,44.52152],[-77.06839,44.52217],[-77.07791,44.52493],[-77.08001,44.52714],[-77.08506,44.52944],[-77.09778,44.53161],[-77.09997,44.5333],[-77.09806,44.53625],[-77.09757,44.5398],[-77.0955,44.54246],[-77.09468,44.54937],[-77.09543,44.55138],[-77.09906,44.55287],[-77.10141,44.55159],[-77.12374,44.5319],[-77.13225,44.51788],[-77.13771,44.51669],[-77.14447,44.51833],[-77.15134,44.51797],[-77.15332,44.51547],[-77.15403,44.51274],[-77.16801,44.49781],[-77.17244,44.49661],[-77.18109,44.49272],[-77.19516,44.48902],[-77.20121,44.48681],[-77.20511,44.48446],[-77.21668,44.48198],[-77.21892,44.48453],[-77.21376,44.49528],[-77.20453,44.50317],[-77.20461,44.50643],[-77.20615,44.50857],[-77.21196,44.50951],[-77.21541,44.50893],[-77.22862,44.50453],[-77.2332,44.50935],[-77.23607,44.50949],[-77.25226,44.5017],[-77.27444,44.49645],[-77.27986,44.4963],[-77.28685,44.50726],[-77.29155,44.50819],[-77.29276,44.51359],[-77.2959,44.51855],[-77.29917,44.51888],[-77.30198,44.51823],[-77.30421,44.5154],[-77.3079,44.50572],[-77.31582,44.51785],[-77.31823,44.52006],[-77.32327,44.52001],[-77.32627,44.51839],[-77.32796,44.50267],[-77.33088,44.49791],[-77.33315,44.49982],[-77.33481,44.50351],[-77.33692,44.50537],[-77.34055,44.5069],[-77.34247,44.49794],[-77.34843,44.49596],[-77.35162,44.49606],[-77.36078,44.50637],[-77.36418,44.50757],[-77.37676,44.50911],[-77.38929,44.50968],[-77.39338,44.50905],[-77.42583,44.49604],[-77.45212,44.48334],[-77.46682,44.47718],[-77.47124,44.47626],[-77.48079,44.47457],[-77.48195,44.47664],[-77.4861,44.47945],[-77.4914,44.48731],[-77.49468,44.49033],[-77.49845,44.49272],[-77.50677,44.49524],[-77.51696,44.49338],[-77.55664,44.47623],[-77.56873,44.47519],[-77.57731,44.47679],[-77.58695,44.48081],[-77.59019,44.48498],[-77.59819,44.48789],[-77.60376,44.48877],[-77.60763,44.49346],[-77.61363,44.49583],[-77.63204,44.51572],[-77.63584,44.51686],[-77.63968,44.51668],[-77.64563,44.5151],[-77.64763,44.51227],[-77.65568,44.51856],[-77.66185,44.52111],[-77.66622,44.51287],[-77.67064,44.50786],[-77.67591,44.50584],[-77.69281,44.4954],[-77.69925,44.4931],[-77.72247,44.48972],[-77.747,44.47601],[-77.7663,44.46796],[-77.7706,44.46538],[-77.77525,44.45875],[-77.78565,44.45219],[-77.78838,44.45165],[-77.7997,44.45238],[-77.80295,44.45053],[-77.80592,44.44989],[-77.81517,44.4507],[-77.82319,44.44921],[-77.8269,44.45081],[-77.83083,44.45029],[-77.83319,44.44889],[-77.8387,44.44867],[-77.84397,44.44588],[-77.84757,44.4457],[-77.84033,44.46569],[-77.84061,44.48225],[-77.83982,44.48791],[-77.84015,44.49358],[-77.84137,44.49588],[-77.84549,44.49686],[-77.85289,44.49377],[-77.85923,44.48788],[-77.86957,44.48642],[-77.87627,44.48399],[-77.88985,44.48069],[-77.89322,44.47764],[-77.91089,44.4741],[-77.91383,44.47442],[-77.9164,44.47675],[-77.92633,44.47294],[-77.92862,44.47422],[-77.92861,44.47743],[-77.90542,44.54725],[-77.90702,44.55065],[-77.91581,44.55678],[-77.9204,44.55513],[-77.92523,44.55685],[-77.92755,44.55963],[-77.93133,44.56174],[-77.93632,44.56027],[-77.94279,44.56012],[-77.94602,44.55914],[-77.9518,44.55637],[-77.95391,44.55375],[-77.96924,44.56907],[-77.97379,44.57199],[-77.97783,44.57319],[-77.99658,44.57115],[-78.0121,44.5677],[-78.02774,44.57279],[-78.03371,44.57641],[-78.04023,44.57592],[-78.05156,44.57297],[-78.05795,44.56933],[-78.06736,44.56651],[-78.07351,44.56596],[-78.08301,44.5665],[-78.10444,44.56253],[-78.12903,44.56049],[-78.12725,44.56757],[-78.12284,44.57186],[-78.11828,44.5738],[-78.12105,44.58067],[-78.12495,44.5836],[-78.12763,44.59116],[-78.13273,44.59352],[-78.14133,44.59129],[-78.15239,44.5903],[-78.15558,44.59134],[-78.16012,44.59439],[-78.16699,44.59337],[-78.17277,44.58457],[-78.17019,44.57152],[-78.17141,44.56654],[-78.17728,44.55728],[-78.18392,44.55317],[-78.19598,44.55332],[-78.21233,44.55725],[-78.21592,44.55904],[-78.21734,44.56166],[-78.21567,44.56366],[-78.20574,44.56839],[-78.19707,44.57908],[-78.19297,44.58628],[-78.19104,44.59063],[-78.19127,44.59349],[-78.19285,44.5951],[-78.20027,44.59712],[-78.20347,44.5969],[-78.20707,44.59519],[-78.21414,44.58347],[-78.22177,44.5741],[-78.22801,44.56324],[-78.23406,44.5553],[-78.23895,44.5513],[-78.25415,44.54487],[-78.26031,44.54501],[-78.26789,44.54411],[-78.27291,44.54647],[-78.27594,44.54893],[-78.27999,44.55324],[-78.28165,44.55679],[-78.28116,44.55954],[-78.27225,44.56937],[-78.26887,44.57696],[-78.27054,44.57829],[-78.27117,44.58023],[-78.27225,44.59106],[-78.27405,44.59673],[-78.2793,44.60487],[-78.28296,44.60739],[-78.28695,44.60735],[-78.29062,44.60621],[-78.29326,44.60433],[-78.29777,44.5981],[-78.29893,44.59003],[-78.30303,44.58145],[-78.30488,44.5802],[-78.31109,44.58302],[-78.31476,44.58492],[-78.31666,44.58802],[-78.31149,44.6014],[-78.30812,44.60689],[-78.30745,44.61221],[-78.30992,44.61531],[-78.30831,44.61771],[-78.30607,44.61873],[-78.31052,44.62395],[-78.31722,44.62597],[-78.32233,44.62626],[-78.32801,44.62365],[-78.3293,44.62165],[-78.33054,44.611],[-78.33319,44.60672],[-78.33784,44.60239],[-78.34784,44.5976],[-78.3508,44.59754],[-78.35621,44.59939],[-78.36139,44.60249],[-78.36323,44.60456],[-78.36385,44.6076],[-78.36341,44.61772],[-78.36575,44.63044],[-78.36533,44.63519],[-78.36194,44.64383],[-78.36385,44.64583],[-78.36729,44.64441],[-78.37139,44.63801],[-78.38614,44.62368],[-78.39247,44.61877],[-78.3975,44.61809],[-78.39965,44.61987],[-78.40221,44.6196],[-78.40687,44.61331],[-78.41073,44.60496],[-78.4141,44.60171],[-78.45796,44.59574],[-78.45883,44.59821],[-78.45591,44.61016],[-78.45774,44.6112],[-78.46286,44.60899],[-78.4648,44.60349],[-78.46834,44.59778],[-78.4713,44.59646],[-78.47408,44.59762],[-78.48025,44.61423],[-78.47794,44.63026],[-78.47797,44.64319],[-78.48098,44.64875],[-78.48297,44.6499],[-78.48745,44.64882],[-78.49065,44.64568],[-78.49483,44.63934],[-78.50046,44.63374],[-78.50886,44.62804],[-78.51197,44.62748],[-78.51919,44.61839],[-78.52701,44.60444],[-78.53036,44.60376],[-78.53379,44.6048],[-78.53936,44.60928],[-78.54695,44.62796],[-78.54799,44.64777],[-78.54279,44.66865],[-78.54534,44.67038],[-78.55133,44.66953],[-78.56189,44.66532],[-78.5654,44.66481],[-78.56947,44.66556],[-78.57536,44.67125],[-78.57821,44.67744],[-78.57995,44.69862],[-78.57882,44.70377],[-78.57383,44.71183],[-78.57326,44.71692],[-78.57987,44.71946],[-78.58859,44.71535],[-78.601,44.70777],[-78.61699,44.70094],[-78.62827,44.69828],[-78.63027,44.69662],[-78.63156,44.69331],[-78.64882,44.6902],[-78.66638,44.69207],[-78.66862,44.69328],[-78.67293,44.69364],[-78.67995,44.69222],[-78.68951,44.69831],[-78.70267,44.70149],[-78.70595,44.7011],[-78.71691,44.69712],[-78.72058,44.69724],[-78.72677,44.70035],[-78.72583,44.70335],[-78.7267,44.70538],[-78.73211,44.70715],[-78.73946,44.72699],[-78.73891,44.74606],[-78.74048,44.7495],[-78.74743,44.74871],[-78.75192,44.74638],[-78.75599,44.74621],[-78.76367,44.74291],[-78.78391,44.71786],[-78.78721,44.72688],[-78.79088,44.72872],[-78.79342,44.73176],[-78.79629,44.73342],[-78.79948,44.73372],[-78.80148,44.73316],[-78.81005,44.72757],[-78.8161,44.73068],[-78.82429,44.73934],[-78.82155,44.74741],[-78.81673,44.75471],[-78.81592,44.75843],[-78.81887,44.7593],[-78.82932,44.75839],[-78.84565,44.75695],[-78.85743,44.76037],[-78.87422,44.75452],[-78.88884,44.75329],[-78.89881,44.75663],[-78.90168,44.75693],[-78.91304,44.75164],[-78.91688,44.75078],[-78.92533,44.75435],[-78.92733,44.75304],[-78.92843,44.75106],[-78.93069,44.7499],[-78.95639,44.77372],[-78.95878,44.77532],[-78.96086,44.77476],[-78.96639,44.76848],[-78.97404,44.75362],[-78.97812,44.75093],[-78.99193,44.73196],[-78.98952,44.71678],[-78.99364,44.70736],[-78.99635,44.70673],[-78.99834,44.70713],[-79.00194,44.70898],[-79.00951,44.71037],[-79.03895,44.71925],[-79.0498,44.72129],[-79.07503,44.72255],[-79.08398,44.72183],[-79.08669,44.72063],[-79.09206,44.71641],[-79.09565,44.69827],[-79.09463,44.69243],[-79.09171,44.68498],[-79.09413,44.67904],[-79.09756,44.67973],[-79.10114,44.68185],[-79.10944,44.68251],[-79.11902,44.6859],[-79.13014,44.68235],[-79.13497,44.68898],[-79.1364,44.69264],[-79.13534,44.69659],[-79.13859,44.70181],[-79.14577,44.70412],[-79.16126,44.70398],[-79.16365,44.70502],[-79.16444,44.7073],[-79.16331,44.71],[-79.15465,44.7193],[-79.15552,44.72234],[-79.16022,44.72407],[-79.18075,44.72097],[-79.18307,44.72229],[-79.19104,44.72454],[-79.1968,44.7237],[-79.23773,44.7115],[-79.24853,44.70712]]]}},{"type":"Feature","properties":{"OGF_ID":67490680,"ECODISTRICT_NAME":"Meaford"},"geometry":{"type":"Polygon","coordinates":[[[-80.94288,45.37855],[-81.22744,45.01719],[-81.25112,44.99281],[-81.25862,44.98652],[-81.29123,44.98163],[-81.31883,44.97536],[-81.3448,44.96781],[-81.35191,44.96323],[-81.35682,44.96243],[-81.36776,44.95758],[-81.37736,44.95054],[-81.38325,44.94325],[-81.51618,44.89551],[-81.35043,44.80215],[-81.34077,44.80429],[-81.31338,44.82042],[-81.31139,44.82598],[-81.30764,44.83045],[-81.30483,44.83284],[-81.29551,44.83801],[-81.29469,44.84087],[-81.29563,44.84298],[-81.30113,44.84547],[-81.30744,44.84589],[-81.31239,44.84735],[-81.31572,44.85022],[-81.31682,44.85275],[-81.31786,44.8627],[-81.31631,44.86762],[-81.31301,44.86978],[-81.31061,44.8704],[-81.29974,44.87098],[-81.29167,44.8701],[-81.28663,44.87122],[-81.2835,44.87298],[-81.28118,44.87286],[-81.27927,44.87148],[-81.27818,44.86856],[-81.27924,44.86495],[-81.27871,44.86232],[-81.28262,44.85272],[-81.2821,44.84654],[-81.2791,44.84211],[-81.27139,44.83688],[-81.25598,44.8335],[-81.25121,44.83108],[-81.24819,44.82814],[-81.24567,44.82321],[-81.24586,44.81984],[-81.24699,44.81801],[-81.25436,44.81581],[-81.25613,44.8145],[-81.26383,44.80051],[-81.26437,44.79205],[-81.26352,44.78924],[-81.26218,44.78626],[-81.25552,44.77953],[-81.25179,44.7742],[-81.24976,44.7688],[-81.25018,44.76646],[-81.24872,44.75971],[-81.2501,44.7561],[-81.2484,44.74797],[-81.25,44.73824],[-81.2521,44.73494],[-81.25204,44.7318],[-81.24941,44.73184],[-81.2421,44.73547],[-81.23987,44.73563],[-81.23691,44.73533],[-81.22642,44.73031],[-81.22313,44.72865],[-81.21291,44.72751],[-81.20059,44.72895],[-81.19069,44.72828],[-81.18477,44.72894],[-81.18078,44.72824],[-81.16986,44.72448],[-81.16539,44.72434],[-81.16267,44.72519],[-81.15259,44.72607],[-81.15012,44.72519],[-81.15292,44.71307],[-81.15135,44.70952],[-81.14905,44.70802],[-81.14578,44.70767],[-81.13834,44.70804],[-81.12498,44.71045],[-81.10939,44.72154],[-81.10683,44.72233],[-81.10459,44.72181],[-81.10582,44.71746],[-81.10313,44.71505],[-81.09793,44.71492],[-81.09001,44.71614],[-81.07422,44.72289],[-81.07117,44.72328],[-81.0679,44.72298],[-81.0502,44.71644],[-81.04014,44.71628],[-81.03552,44.71552],[-81.03835,44.71095],[-81.03687,44.70557],[-81.04092,44.69741],[-81.04269,44.69563],[-81.04314,44.69009],[-81.04163,44.68854],[-81.04095,44.68419],[-81.04571,44.6775],[-81.04598,44.67447],[-81.0433,44.66914],[-81.04083,44.66747],[-81.03558,44.6643],[-81.02426,44.66089],[-81.01781,44.6577],[-81.01591,44.65564],[-81.02247,44.6445],[-81.03285,44.63408],[-81.03783,44.63106],[-81.04184,44.62965],[-81.0536,44.62746],[-81.07367,44.62565],[-81.08232,44.62368],[-81.08476,44.61895],[-81.08511,44.61471],[-81.08418,44.61007],[-81.08025,44.60199],[-81.07072,44.59325],[-81.06934,44.58501],[-81.0612,44.57324],[-81.05723,44.57088],[-81.04997,44.5685],[-81.04011,44.57264],[-81.03255,44.569],[-81.02981,44.56122],[-81.02609,44.55587],[-81.02374,44.54957],[-81.01968,44.54818],[-81.01039,44.55049],[-80.99693,44.55519],[-80.98692,44.55726],[-80.98112,44.55427],[-80.97656,44.55418],[-80.96727,44.55632],[-80.96222,44.55928],[-80.95693,44.56034],[-80.95543,44.55892],[-80.95541,44.55113],[-80.95296,44.54757],[-80.9514,44.54195],[-80.95132,44.53067],[-80.94672,44.52734],[-80.94257,44.52624],[-80.93506,44.5254],[-80.9281,44.52623],[-80.92209,44.52935],[-80.91924,44.53696],[-80.92256,44.5506],[-80.9223,44.55362],[-80.921,44.55562],[-80.91494,44.55508],[-80.90157,44.54735],[-80.89481,44.5443],[-80.89183,44.54572],[-80.88869,44.54915],[-80.8726,44.55274],[-80.85732,44.55479],[-80.838,44.55219],[-80.82813,44.54609],[-80.81837,44.53689],[-80.8137,44.52154],[-80.81046,44.51512],[-80.80671,44.51504],[-80.80286,44.51629],[-80.78146,44.5364],[-80.77125,44.54432],[-80.7677,44.54847],[-80.76712,44.55111],[-80.75291,44.55878],[-80.74979,44.55946],[-80.74633,44.56287],[-80.74334,44.56783],[-80.74413,44.57934],[-80.74258,44.58375],[-80.7383,44.58922],[-80.73293,44.59155],[-80.73021,44.59188],[-80.72403,44.59528],[-80.71992,44.60013],[-80.70174,44.60447],[-80.69548,44.60833],[-80.69268,44.60924],[-80.6836,44.61595],[-80.67607,44.61793],[-80.67295,44.61814],[-80.66545,44.61674],[-80.6626,44.61386],[-80.65995,44.60481],[-80.65662,44.60017],[-80.64051,44.58614],[-80.63151,44.5821],[-80.62209,44.58022],[-80.60069,44.57859],[-80.59656,44.57497],[-80.59508,44.56999],[-80.59648,44.56449],[-80.59544,44.55333],[-80.5933,44.55143],[-80.58478,44.53709],[-80.58131,44.5202],[-80.58158,44.51631],[-80.57385,44.50317],[-80.56837,44.48689],[-80.5646,44.47847],[-80.56088,44.4741],[-80.56107,44.47056],[-80.55918,44.46615],[-80.55968,44.45396],[-80.56264,44.44144],[-80.56005,44.42609],[-80.5592,44.40033],[-80.56173,44.39422],[-80.5634,44.38524],[-80.56638,44.38136],[-80.56746,44.37656],[-80.56812,44.37273],[-80.56757,44.36186],[-80.5655,44.35034],[-80.56471,44.3484],[-80.56304,44.34725],[-80.555,44.31219],[-80.54713,44.29533],[-80.54704,44.28777],[-80.54817,44.28538],[-80.54717,44.27977],[-80.54567,44.27816],[-80.53873,44.27527],[-80.53377,44.27696],[-80.52544,44.29959],[-80.52683,44.30686],[-80.52641,44.30978],[-80.52101,44.32625],[-80.52116,44.32831],[-80.5177,44.33086],[-80.50539,44.33001],[-80.50552,44.33585],[-80.49874,44.34223],[-80.49059,44.34369],[-80.48521,44.34623],[-80.47904,44.34794],[-80.45947,44.34659],[-80.43857,44.34251],[-80.42849,44.34389],[-80.42351,44.34679],[-80.41378,44.35465],[-80.38764,44.38745],[-80.36718,44.4086],[-80.35092,44.42386],[-80.34573,44.43403],[-80.34148,44.43688],[-80.33581,44.43628],[-80.33192,44.43284],[-80.3354,44.41602],[-80.33171,44.39718],[-80.33216,44.39019],[-80.32939,44.38664],[-80.32895,44.38109],[-80.32669,44.3733],[-80.32172,44.36527],[-80.3119,44.36345],[-80.30621,44.36525],[-80.2952,44.37414],[-80.29685,44.37804],[-80.29507,44.38095],[-80.2922,44.37997],[-80.28673,44.37457],[-80.28368,44.37512],[-80.27807,44.37848],[-80.27295,44.37875],[-80.27124,44.37505],[-80.26109,44.3819],[-80.24866,44.38694],[-80.21356,44.39274],[-80.21464,44.39465],[-80.22334,44.39617],[-80.22557,44.39801],[-80.23372,44.40943],[-80.23991,44.41426],[-80.24757,44.41579],[-80.26884,44.4145],[-80.27851,44.41527],[-80.28505,44.41708],[-80.2879,44.41955],[-80.28939,44.42408],[-80.28802,44.42573],[-80.28088,44.42953],[-80.27444,44.43978],[-80.26774,44.44407],[-80.26556,44.44693],[-80.26546,44.44927],[-80.26751,44.45318],[-80.2714,44.45656],[-80.28278,44.46268],[-80.29691,44.4652],[-80.29768,44.46817],[-80.29337,44.47937],[-80.29391,44.48196],[-80.29756,44.48466],[-80.31379,44.50486],[-80.31797,44.51209],[-80.31802,44.51524],[-80.32032,44.51835],[-80.32165,44.52271],[-80.32077,44.5241],[-80.32129,44.52734],[-80.45569,44.98053],[-80.94288,45.37855]]]}},{"type":"Feature","properties":{"OGF_ID":67490679,"ECODISTRICT_NAME":"Smiths Falls"},"geometry":{"type":"Polygon","coordinates":[[[-76.15781,45.36261],[-76.1643,45.36539],[-76.17901,45.36686],[-76.18675,45.36528],[-76.18995,45.36026],[-76.19191,45.35889],[-76.19802,45.35875],[-76.21466,45.36367],[-76.22288,45.36232],[-76.22501,45.36009],[-76.22362,45.34733],[-76.2274,45.34076],[-76.22985,45.33945],[-76.28617,45.33272],[-76.29669,45.3292],[-76.30729,45.32392],[-76.31402,45.32236],[-76.31496,45.32039],[-76.31124,45.31706],[-76.30417,45.31469],[-76.29696,45.30957],[-76.2948,45.30372],[-76.29465,45.3011],[-76.29638,45.29692],[-76.30389,45.29248],[-76.30987,45.28501],[-76.30772,45.27675],[-76.31019,45.27276],[-76.3114,45.25907],[-76.30995,45.25667],[-76.30801,45.25569],[-76.3049,45.25677],[-76.30293,45.26088],[-76.30065,45.26162],[-76.28126,45.26618],[-76.27752,45.26663],[-76.2741,45.26588],[-76.26503,45.25858],[-76.2631,45.25519],[-76.26581,45.25039],[-76.26908,45.24892],[-76.28162,45.24627],[-76.28293,45.24415],[-76.28007,45.23178],[-76.28159,45.22274],[-76.27666,45.21625],[-76.27309,45.21441],[-76.26552,45.21559],[-76.25487,45.21522],[-76.25195,45.21405],[-76.25058,45.21147],[-76.25174,45.20741],[-76.24687,45.20539],[-76.24109,45.20561],[-76.23596,45.20725],[-76.23416,45.2093],[-76.22454,45.21184],[-76.21901,45.21245],[-76.21705,45.21348],[-76.21364,45.21255],[-76.21035,45.20453],[-76.20621,45.18843],[-76.20911,45.16519],[-76.21171,45.15084],[-76.21344,45.14747],[-76.21094,45.14282],[-76.21056,45.13819],[-76.21181,45.13332],[-76.20697,45.12541],[-76.20422,45.12288],[-76.20195,45.12219],[-76.19828,45.12252],[-76.18913,45.12606],[-76.18118,45.12703],[-76.16999,45.12393],[-76.17032,45.11843],[-76.16457,45.1213],[-76.16724,45.11327],[-76.17181,45.10731],[-76.16651,45.10569],[-76.16477,45.10436],[-76.16369,45.10246],[-76.16558,45.09926],[-76.16511,45.09705],[-76.15895,45.09554],[-76.15573,45.08956],[-76.15627,45.08625],[-76.16468,45.08577],[-76.16915,45.08216],[-76.16925,45.07981],[-76.16626,45.07421],[-76.16433,45.06716],[-76.16465,45.05812],[-76.16953,45.05018],[-76.17776,45.04388],[-76.17214,45.03847],[-76.17501,45.03692],[-76.2112,45.03928],[-76.21947,45.04383],[-76.22619,45.04929],[-76.24424,45.05165],[-76.24772,45.0548],[-76.2482,45.05732],[-76.24776,45.06155],[-76.24496,45.06767],[-76.24485,45.07191],[-76.2477,45.07278],[-76.25876,45.0727],[-76.26186,45.07145],[-76.26431,45.06991],[-76.26572,45.06471],[-76.26973,45.06049],[-76.27332,45.05935],[-76.27755,45.05903],[-76.28267,45.05928],[-76.28875,45.06335],[-76.29393,45.06882],[-76.29637,45.06986],[-76.30587,45.06977],[-76.31126,45.06819],[-76.31886,45.06243],[-76.32246,45.05826],[-76.33445,45.05281],[-76.3387,45.04968],[-76.34982,45.03883],[-76.35385,45.03038],[-76.35318,45.01967],[-76.34656,45.01055],[-76.34665,45.00843],[-76.34961,45.00358],[-76.35021,44.99877],[-76.35425,44.99468],[-76.35853,44.98619],[-76.35547,44.98105],[-76.35778,44.97519],[-76.36299,44.96827],[-76.36173,44.95881],[-76.36863,44.95461],[-76.37117,44.94932],[-76.37976,44.93839],[-76.37796,44.93401],[-76.38288,44.92016],[-76.38305,44.91358],[-76.38839,44.89888],[-76.38874,44.89208],[-76.40201,44.86432],[-76.42102,44.84619],[-76.42132,44.84094],[-76.42383,44.83667],[-76.42447,44.83055],[-76.41953,44.82121],[-76.41463,44.81508],[-76.41179,44.80704],[-76.40241,44.79758],[-76.39338,44.79315],[-76.38143,44.79196],[-76.3654,44.79671],[-76.35552,44.80369],[-76.35028,44.80895],[-76.32896,44.82617],[-76.31639,44.83205],[-76.31005,44.82873],[-76.30797,44.82245],[-76.31052,44.81528],[-76.32299,44.79417],[-76.32286,44.78479],[-76.31788,44.78012],[-76.31173,44.77667],[-76.29649,44.77939],[-76.27982,44.79176],[-76.27185,44.80175],[-76.2681,44.81477],[-76.26689,44.82345],[-76.26238,44.83498],[-76.2366,44.85719],[-76.21532,44.86748],[-76.19934,44.8653],[-76.19495,44.8575],[-76.20855,44.84049],[-76.21015,44.83276],[-76.21001,44.82379],[-76.20503,44.81899],[-76.18924,44.81531],[-76.17784,44.81998],[-76.17087,44.8244],[-76.14554,44.8356],[-76.13802,44.83594],[-76.13033,44.83316],[-76.13901,44.80195],[-76.1395,44.7862],[-76.13666,44.77815],[-76.12615,44.76392],[-76.12025,44.7519],[-76.12476,44.73943],[-76.13212,44.73392],[-76.15183,44.72797],[-76.15863,44.72042],[-76.17083,44.71019],[-76.18147,44.70702],[-76.20056,44.70732],[-76.20886,44.70494],[-76.22257,44.70234],[-76.24034,44.6972],[-76.27357,44.68552],[-76.2938,44.68732],[-76.30864,44.68949],[-76.32117,44.68864],[-76.33372,44.6855],[-76.35849,44.67224],[-76.37835,44.67065],[-76.39724,44.67245],[-76.44506,44.67231],[-76.46206,44.66716],[-76.46609,44.66201],[-76.47081,44.65554],[-76.46941,44.65074],[-76.46489,44.64652],[-76.45651,44.64177],[-76.43831,44.63956],[-76.43178,44.63862],[-76.40825,44.64045],[-76.38819,44.64055],[-76.37043,44.64325],[-76.32474,44.64394],[-76.30139,44.64728],[-76.28113,44.64915],[-76.26667,44.64847],[-76.25706,44.64499],[-76.25478,44.63967],[-76.25771,44.63371],[-76.26294,44.6294],[-76.28559,44.61628],[-76.29471,44.60616],[-76.29648,44.60073],[-76.2942,44.59569],[-76.27896,44.59705],[-76.26793,44.60307],[-76.25475,44.61492],[-76.24429,44.6219],[-76.23581,44.62183],[-76.22293,44.61614],[-76.21833,44.61067],[-76.19892,44.57311],[-76.19704,44.56493],[-76.19151,44.55537],[-76.18476,44.55449],[-76.17857,44.55852],[-76.17623,44.56353],[-76.17749,44.57551],[-76.17493,44.58487],[-76.1718,44.59191],[-76.16558,44.59961],[-76.15724,44.60646],[-76.13537,44.61919],[-76.12495,44.62101],[-76.1114,44.59954],[-76.09431,44.58879],[-76.07583,44.58374],[-76.02136,44.5788],[-76.00665,44.57919],[-75.99124,44.57757],[-75.97543,44.57743],[-75.96134,44.57935],[-75.9297,44.58179],[-75.91872,44.5806],[-75.90483,44.58117],[-75.89209,44.58459],[-75.87544,44.59438],[-75.86807,44.60193],[-75.86167,44.60503],[-75.84952,44.60761],[-75.8459,44.60065],[-75.86203,44.58134],[-75.87251,44.57123],[-75.91128,44.53744],[-75.91594,44.53232],[-75.94008,44.4969],[-75.93898,44.48765],[-75.93184,44.48827],[-75.92179,44.4928],[-75.91308,44.49749],[-75.90592,44.50273],[-75.90068,44.50799],[-75.88868,44.514],[-75.86016,44.54203],[-75.85164,44.54754],[-75.84155,44.5571],[-75.83555,44.5614],[-75.82723,44.56568],[-75.81895,44.56343],[-75.82015,44.55705],[-75.83259,44.5418],[-75.83805,44.53327],[-75.84157,44.52447],[-75.83833,44.52009],[-75.82303,44.52866],[-75.81703,44.53324],[-75.81314,44.53877],[-75.79645,44.55494],[-75.79351,44.56117],[-75.78691,44.56982],[-75.78244,44.57508],[-75.77546,44.58073],[-75.77233,44.58682],[-75.76514,44.59614],[-75.7603,44.60059],[-75.75756,44.60505],[-75.75175,44.6103],[-75.74384,44.6105],[-75.73909,44.60081],[-75.7397,44.59538],[-75.74989,44.57031],[-75.7602,44.55517],[-75.76797,44.52784],[-75.76702,44.51518],[-75.72586,44.54384],[-75.69934,44.56573],[-75.66134,44.59273],[-75.62003,44.61873],[-75.53413,44.68342],[-75.5312,44.72818],[-75.52806,44.73699],[-75.52145,44.7451],[-75.5193,44.74969],[-75.51907,44.75554],[-75.53177,44.75864],[-75.54103,44.75927],[-75.55086,44.7588],[-75.56422,44.75036],[-75.57059,44.74838],[-75.57622,44.74298],[-75.58163,44.74058],[-75.59384,44.73062],[-75.60023,44.72674],[-75.60469,44.72202],[-75.61128,44.71718],[-75.62094,44.71318],[-75.6381,44.71374],[-75.64307,44.72058],[-75.64974,44.73369],[-75.6499,44.73873],[-75.64635,44.74998],[-75.63466,44.76932],[-75.63289,44.77407],[-75.63224,44.78385],[-75.63472,44.78822],[-75.64009,44.79357],[-75.64891,44.79963],[-75.66893,44.80537],[-75.67469,44.80787],[-75.68393,44.8104],[-75.70494,44.81235],[-75.71805,44.81205],[-75.72674,44.81064],[-75.73386,44.8126],[-75.74019,44.8181],[-75.74228,44.82273],[-75.74224,44.8279],[-75.73239,44.83067],[-75.722,44.82773],[-75.71505,44.82943],[-75.71366,44.83581],[-75.71608,44.84943],[-75.70773,44.85901],[-75.70635,44.86335],[-75.71018,44.86732],[-75.72036,44.87285],[-75.72572,44.87969],[-75.72529,44.88581],[-75.73056,44.90653],[-75.7284,44.91113],[-75.71139,44.91887],[-75.70903,44.92578],[-75.71128,44.93587],[-75.7176,44.94244],[-75.72678,44.95461],[-75.7429,44.96618],[-75.75063,44.96325],[-75.75757,44.96263],[-75.76721,44.96326],[-75.77467,44.97189],[-75.78054,44.98785],[-75.77935,44.99436],[-75.77702,44.9983],[-75.76886,45.00611],[-75.76709,45.01057],[-75.75663,45.02001],[-75.73706,45.03356],[-75.73201,45.03964],[-75.73062,45.04698],[-75.73309,45.0523],[-75.75434,45.07464],[-75.77333,45.09058],[-75.79728,45.11281],[-75.80416,45.12157],[-75.81182,45.12966],[-75.82103,45.13748],[-75.84553,45.1653],[-75.85417,45.17135],[-75.87142,45.18565],[-75.88023,45.19538],[-75.88882,45.20919],[-75.89051,45.21709],[-75.89337,45.22146],[-75.90927,45.23765],[-75.9179,45.24465],[-75.92249,45.25122],[-75.93458,45.25921],[-75.93956,45.26523],[-75.95683,45.27722],[-75.96836,45.28398],[-75.9858,45.29976],[-75.99771,45.30503],[-76.01619,45.31076],[-76.02234,45.3134],[-76.02831,45.31454],[-76.03115,45.31664],[-76.04061,45.31493],[-76.04915,45.31456],[-76.05693,45.31894],[-76.08211,45.32612],[-76.10519,45.33061],[-76.13038,45.33413],[-76.13681,45.33718],[-76.1401,45.34223],[-76.14112,45.34836],[-76.14476,45.35352],[-76.14993,45.35869],[-76.15781,45.36261]]]}},{"type":"Feature","properties":{"OGF_ID":67490679,"ECODISTRICT_NAME":"Smiths Falls"},"geometry":{"type":"Polygon","coordinates":[[[-76.15781,45.36261],[-76.1643,45.36539],[-76.17901,45.36686],[-76.18675,45.36528],[-76.18995,45.36026],[-76.19191,45.35889],[-76.19802,45.35875],[-76.21466,45.36367],[-76.22288,45.36232],[-76.22501,45.36009],[-76.22362,45.34733],[-76.2274,45.34076],[-76.22985,45.33945],[-76.28617,45.33272],[-76.29669,45.3292],[-76.30729,45.32392],[-76.31402,45.32236],[-76.31496,45.32039],[-76.31124,45.31706],[-76.30417,45.31469],[-76.29696,45.30957],[-76.2948,45.30372],[-76.29465,45.3011],[-76.29638,45.29692],[-76.30389,45.29248],[-76.30987,45.28501],[-76.30772,45.27675],[-76.31019,45.27276],[-76.3114,45.25907],[-76.30995,45.25667],[-76.30801,45.25569],[-76.3049,45.25677],[-76.30293,45.26088],[-76.30065,45.26162],[-76.28126,45.26618],[-76.27752,45.26663],[-76.2741,45.26588],[-76.26503,45.25858],[-76.2631,45.25519],[-76.26581,45.25039],[-76.26908,45.24892],[-76.28162,45.24627],[-76.28293,45.24415],[-76.28007,45.23178],[-76.28159,45.22274],[-76.27666,45.21625],[-76.27309,45.21441],[-76.26552,45.21559],[-76.25487,45.21522],[-76.25195,45.21405],[-76.25058,45.21147],[-76.25174,45.20741],[-76.24687,45.20539],[-76.24109,45.20561],[-76.23596,45.20725],[-76.23416,45.2093],[-76.22454,45.21184],[-76.21901,45.21245],[-76.21705,45.21348],[-76.21364,45.21255],[-76.21035,45.20453],[-76.20621,45.18843],[-76.20911,45.16519],[-76.21171,45.15084],[-76.21344,45.14747],[-76.21094,45.14282],[-76.21056,45.13819],[-76.21181,45.13332],[-76.20697,45.12541],[-76.20422,45.12288],[-76.20195,45.12219],[-76.19828,45.12252],[-76.18913,45.12606],[-76.18118,45.12703],[-76.16999,45.12393],[-76.17032,45.11843],[-76.16457,45.1213],[-76.16724,45.11327],[-76.17181,45.10731],[-76.16651,45.10569],[-76.16477,45.10436],[-76.16369,45.10246],[-76.16558,45.09926],[-76.16511,45.09705],[-76.15895,45.09554],[-76.15573,45.08956],[-76.15627,45.08625],[-76.16468,45.08577],[-76.16915,45.08216],[-76.16925,45.07981],[-76.16626,45.07421],[-76.16433,45.06716],[-76.16465,45.05812],[-76.16953,45.05018],[-76.17776,45.04388],[-76.17214,45.03847],[-76.17501,45.03692],[-76.2112,45.03928],[-76.21947,45.04383],[-76.22619,45.04929],[-76.24424,45.05165],[-76.24772,45.0548],[-76.2482,45.05732],[-76.24776,45.06155],[-76.24496,45.06767],[-76.24485,45.07191],[-76.2477,45.07278],[-76.25876,45.0727],[-76.26186,45.07145],[-76.26431,45.06991],[-76.26572,45.06471],[-76.26973,45.06049],[-76.27332,45.05935],[-76.27755,45.05903],[-76.28267,45.05928],[-76.28875,45.06335],[-76.29393,45.06882],[-76.29637,45.06986],[-76.30587,45.06977],[-76.31126,45.06819],[-76.31886,45.06243],[-76.32246,45.05826],[-76.33445,45.05281],[-76.3387,45.04968],[-76.34982,45.03883],[-76.35385,45.03038],[-76.35318,45.01967],[-76.34656,45.01055],[-76.34665,45.00843],[-76.34961,45.00358],[-76.35021,44.99877],[-76.35425,44.99468],[-76.35853,44.98619],[-76.35547,44.98105],[-76.35778,44.97519],[-76.36299,44.96827],[-76.36173,44.95881],[-76.36863,44.95461],[-76.37117,44.94932],[-76.37976,44.93839],[-76.37796,44.93401],[-76.38288,44.92016],[-76.38305,44.91358],[-76.38839,44.89888],[-76.38874,44.89208],[-76.40201,44.86432],[-76.42102,44.84619],[-76.42132,44.84094],[-76.42383,44.83667],[-76.42447,44.83055],[-76.41953,44.82121],[-76.41463,44.81508],[-76.41179,44.80704],[-76.40241,44.79758],[-76.39338,44.79315],[-76.38143,44.79196],[-76.3654,44.79671],[-76.35552,44.80369],[-76.35028,44.80895],[-76.32896,44.82617],[-76.31639,44.83205],[-76.31005,44.82873],[-76.30797,44.82245],[-76.31052,44.81528],[-76.32299,44.79417],[-76.32286,44.78479],[-76.31788,44.78012],[-76.31173,44.77667],[-76.29649,44.77939],[-76.27982,44.79176],[-76.27185,44.80175],[-76.2681,44.81477],[-76.26689,44.82345],[-76.26238,44.83498],[-76.2366,44.85719],[-76.21532,44.86748],[-76.19934,44.8653],[-76.19495,44.8575],[-76.20855,44.84049],[-76.21015,44.83276],[-76.21001,44.82379],[-76.20503,44.81899],[-76.18924,44.81531],[-76.17784,44.81998],[-76.17087,44.8244],[-76.14554,44.8356],[-76.13802,44.83594],[-76.13033,44.83316],[-76.13901,44.80195],[-76.1395,44.7862],[-76.13666,44.77815],[-76.12615,44.76392],[-76.12025,44.7519],[-76.12476,44.73943],[-76.13212,44.73392],[-76.15183,44.72797],[-76.15863,44.72042],[-76.17083,44.71019],[-76.18147,44.70702],[-76.20056,44.70732],[-76.20886,44.70494],[-76.22257,44.70234],[-76.24034,44.6972],[-76.27357,44.68552],[-76.2938,44.68732],[-76.30864,44.68949],[-76.32117,44.68864],[-76.33372,44.6855],[-76.35849,44.67224],[-76.37835,44.67065],[-76.39724,44.67245],[-76.44506,44.67231],[-76.46206,44.66716],[-76.46609,44.66201],[-76.47081,44.65554],[-76.46941,44.65074],[-76.46489,44.64652],[-76.45651,44.64177],[-76.43831,44.63956],[-76.43178,44.63862],[-76.40825,44.64045],[-76.38819,44.64055],[-76.37043,44.64325],[-76.32474,44.64394],[-76.30139,44.64728],[-76.28113,44.64915],[-76.26667,44.64847],[-76.25706,44.64499],[-76.25478,44.63967],[-76.25771,44.63371],[-76.26294,44.6294],[-76.28559,44.61628],[-76.29471,44.60616],[-76.29648,44.60073],[-76.2942,44.59569],[-76.27896,44.59705],[-76.26793,44.60307],[-76.25475,44.61492],[-76.24429,44.6219],[-76.23581,44.62183],[-76.22293,44.61614],[-76.21833,44.61067],[-76.19892,44.57311],[-76.19704,44.56493],[-76.19151,44.55537],[-76.18476,44.55449],[-76.17857,44.55852],[-76.17623,44.56353],[-76.17749,44.57551],[-76.17493,44.58487],[-76.1718,44.59191],[-76.16558,44.59961],[-76.15724,44.60646],[-76.13537,44.61919],[-76.12495,44.62101],[-76.1114,44.59954],[-76.09431,44.58879],[-76.07583,44.58374],[-76.02136,44.5788],[-76.00665,44.57919],[-75.99124,44.57757],[-75.97543,44.57743],[-75.96134,44.57935],[-75.9297,44.58179],[-75.91872,44.5806],[-75.90483,44.58117],[-75.89209,44.58459],[-75.87544,44.59438],[-75.86807,44.60193],[-75.86167,44.60503],[-75.84952,44.60761],[-75.8459,44.60065],[-75.86203,44.58134],[-75.87251,44.57123],[-75.91128,44.53744],[-75.91594,44.53232],[-75.94008,44.4969],[-75.93898,44.48765],[-75.93184,44.48827],[-75.92179,44.4928],[-75.91308,44.49749],[-75.90592,44.50273],[-75.90068,44.50799],[-75.88868,44.514],[-75.86016,44.54203],[-75.85164,44.54754],[-75.84155,44.5571],[-75.83555,44.5614],[-75.82723,44.56568],[-75.81895,44.56343],[-75.82015,44.55705],[-75.83259,44.5418],[-75.83805,44.53327],[-75.84157,44.52447],[-75.83833,44.52009],[-75.82303,44.52866],[-75.81703,44.53324],[-75.81314,44.53877],[-75.79645,44.55494],[-75.79351,44.56117],[-75.78691,44.56982],[-75.78244,44.57508],[-75.77546,44.58073],[-75.77233,44.58682],[-75.76514,44.59614],[-75.7603,44.60059],[-75.75756,44.60505],[-75.75175,44.6103],[-75.74384,44.6105],[-75.73909,44.60081],[-75.7397,44.59538],[-75.74989,44.57031],[-75.7602,44.55517],[-75.76797,44.52784],[-75.76702,44.51518],[-75.72586,44.54384],[-75.69934,44.56573],[-75.66134,44.59273],[-75.62003,44.61873],[-75.53413,44.68342],[-75.5312,44.72818],[-75.52806,44.73699],[-75.52145,44.7451],[-75.5193,44.74969],[-75.51907,44.75554],[-75.53177,44.75864],[-75.54103,44.75927],[-75.55086,44.7588],[-75.56422,44.75036],[-75.57059,44.74838],[-75.57622,44.74298],[-75.58163,44.74058],[-75.59384,44.73062],[-75.60023,44.72674],[-75.60469,44.72202],[-75.61128,44.71718],[-75.62094,44.71318],[-75.6381,44.71374],[-75.64307,44.72058],[-75.64974,44.73369],[-75.6499,44.73873],[-75.64635,44.74998],[-75.63466,44.76932],[-75.63289,44.77407],[-75.63224,44.78385],[-75.63472,44.78822],[-75.64009,44.79357],[-75.64891,44.79963],[-75.66893,44.80537],[-75.67469,44.80787],[-75.68393,44.8104],[-75.70494,44.81235],[-75.71805,44.81205],[-75.72674,44.81064],[-75.73386,44.8126],[-75.74019,44.8181],[-75.74228,44.82273],[-75.74224,44.8279],[-75.73239,44.83067],[-75.722,44.82773],[-75.71505,44.82943],[-75.71366,44.83581],[-75.71608,44.84943],[-75.70773,44.85901],[-75.70635,44.86335],[-75.71018,44.86732],[-75.72036,44.87285],[-75.72572,44.87969],[-75.72529,44.88581],[-75.73056,44.90653],[-75.7284,44.91113],[-75.71139,44.91887],[-75.70903,44.92578],[-75.71128,44.93587],[-75.7176,44.94244],[-75.72678,44.95461],[-75.7429,44.96618],[-75.75063,44.96325],[-75.75757,44.96263],[-75.76721,44.96326],[-75.77467,44.97189],[-75.78054,44.98785],[-75.77935,44.99436],[-75.77702,44.9983],[-75.76886,45.00611],[-75.76709,45.01057],[-75.75663,45.02001],[-75.73706,45.03356],[-75.73201,45.03964],[-75.73062,45.04698],[-75.73309,45.0523],[-75.75434,45.07464],[-75.77333,45.09058],[-75.79728,45.11281],[-75.80416,45.12157],[-75.81182,45.12966],[-75.82103,45.13748],[-75.84553,45.1653],[-75.85417,45.17135],[-75.87142,45.18565],[-75.88023,45.19538],[-75.88882,45.20919],[-75.89051,45.21709],[-75.89337,45.22146],[-75.90927,45.23765],[-75.9179,45.24465],[-75.92249,45.25122],[-75.93458,45.25921],[-75.93956,45.26523],[-75.95683,45.27722],[-75.96836,45.28398],[-75.9858,45.29976],[-75.99771,45.30503],[-76.01619,45.31076],[-76.02234,45.3134],[-76.02831,45.31454],[-76.03115,45.31664],[-76.04061,45.31493],[-76.04915,45.31456],[-76.05693,45.31894],[-76.08211,45.32612],[-76.10519,45.33061],[-76.13038,45.33413],[-76.13681,45.33718],[-76.1401,45.34223],[-76.14112,45.34836],[-76.14476,45.35352],[-76.14993,45.35869],[-76.15781,45.36261]]]}}]}