{"type":"FeatureCollection","features":[{"type":"Feature","properties":{"OGF_ID":561,"ECOREGION_NAME":"Georgian Bay"},"geometry":{"type":"Polygon","coordinates":[[[-83.997,47.38582],[-83.99993,47.38582],[-83.99993,47.38093],[-84.0097,47.38093],[-84.01556,47.37996],[-84.01751,47.378],[-84.02142,47.37702],[-84.02337,47.37507],[-84.0263,47.3741],[-84.02923,47.3741],[-84.03509,47.37116],[-84.03704,47.36921],[-84.04583,47.36433],[-84.07025,47.35749],[-84.07611,47.3575],[-84.09271,47.35457],[-84.09955,47.35457],[-84.12689,47.35065],[-84.13471,47.34675],[-84.13861,47.34676],[-84.14936,47.33894],[-84.15424,47.33894],[-84.16205,47.33308],[-84.16498,47.33308],[-84.17377,47.33015],[-84.17572,47.3282],[-84.17865,47.3282],[-84.18061,47.32722],[-84.21576,47.32722],[-84.21869,47.32917],[-84.25971,47.33015],[-84.26167,47.32917],[-84.26753,47.32917],[-84.27436,47.32722],[-84.27632,47.32819],[-84.28413,47.32624],[-84.30854,47.32624],[-84.32514,47.32331],[-84.37495,47.32331],[-84.38081,47.32234],[-84.38276,47.32331],[-84.3896,47.32136],[-84.39448,47.31745],[-84.40034,47.3155],[-84.40132,47.30964],[-84.41207,47.30281],[-84.4189,47.29988],[-84.42085,47.29792],[-84.42769,47.29499],[-84.4316,47.29206],[-84.43453,47.29109],[-84.44136,47.29207],[-84.4482,47.29206],[-84.45015,47.29109],[-84.45406,47.28718],[-84.45796,47.28132],[-84.45992,47.28034],[-84.46285,47.27936],[-84.47164,47.28034],[-84.48824,47.28035],[-84.49605,47.28132],[-84.52437,47.28132],[-84.5273,47.27937],[-84.53414,47.28034],[-84.53707,47.27937],[-84.54976,47.27058],[-84.55757,47.26179],[-84.56343,47.25788],[-84.56441,47.25594],[-84.56832,47.25496],[-84.57515,47.25691],[-84.58004,47.25691],[-84.59371,47.25397],[-84.60836,47.25398],[-84.61227,47.25203],[-84.61911,47.25007],[-84.62203,47.24812],[-84.62887,47.24812],[-84.63131,47.24942],[-84.66024,47.25329],[-85.39419,47.11653],[-84.86014,46.88893],[-84.76284,46.63431],[-84.55684,46.46081],[-84.47564,46.45287],[-84.44523,46.48909],[-84.42114,46.50059],[-84.39553,46.49862],[-84.37414,46.50918],[-84.34189,46.50751],[-84.32517,46.49984],[-84.29376,46.4929],[-84.27626,46.49295],[-84.26548,46.49443],[-84.25481,46.50081],[-84.22589,46.53406],[-84.19367,46.54023],[-84.1777,46.52709],[-84.16681,46.52631],[-84.15367,46.52829],[-84.14684,46.53104],[-84.13948,46.53245],[-84.12901,46.53051],[-84.12334,46.52109],[-84.1182,46.51795],[-84.11114,46.50423],[-84.14606,46.41879],[-84.13901,46.37245],[-84.12009,46.33837],[-84.10595,46.32198],[-84.09143,46.32114],[-84.08385,46.31759],[-84.07415,46.31618],[-84.06388,46.30803],[-83.99602,46.31392],[-83.98899,46.31202],[-83.98568,46.31275],[-83.9739,46.30988],[-83.9666,46.30508],[-83.95814,46.29727],[-83.9514,46.29304],[-83.94892,46.29293],[-83.94592,46.29063],[-83.94113,46.29234],[-83.93531,46.29724],[-83.93094,46.29898],[-83.92162,46.29867],[-83.91069,46.29619],[-83.8474,46.27782],[-83.82328,46.27383],[-83.76195,46.24144],[-83.74406,46.22134],[-83.70588,46.17099],[-83.6636,46.14406],[-83.34886,46.08254],[-83.00063,46.05774],[-82.84637,46.07248],[-82.84548,46.0708],[-82.80523,46.06373],[-82.43412,46.09952],[-82.38853,46.10973],[-82.35605,46.1115],[-82.3299,46.08995],[-82.30504,46.07354],[-82.2846,46.06352],[-82.26055,46.06176],[-82.23811,46.06119],[-82.18928,46.06458],[-82.17671,46.07239],[-82.15241,46.08371],[-82.13406,46.08322],[-82.11158,46.08041],[-82.00562,46.05567],[-82.00038,46.05161],[-81.99833,46.03961],[-81.99597,46.03849],[-81.99267,46.03822],[-81.98946,46.03854],[-81.98488,46.04058],[-81.96974,46.0403],[-81.96318,46.04086],[-81.96069,46.04734],[-81.95379,46.05116],[-81.94715,46.05299],[-81.93578,46.05277],[-81.93574,46.0499],[-81.93342,46.04943],[-81.89844,46.05753],[-81.87824,46.06012],[-81.86304,46.06032],[-81.85954,46.06297],[-81.8527,46.06319],[-81.84746,46.06166],[-81.84718,46.06097],[-81.84329,46.06338],[-81.83808,46.06449],[-81.83586,46.06432],[-81.83447,46.0624],[-81.83039,46.06188],[-81.82768,46.06285],[-81.81935,46.06355],[-81.80416,46.05956],[-81.78962,46.05378],[-81.7839,46.04571],[-81.7821,46.02636],[-81.77751,46.02044],[-81.77768,46.01842],[-81.77601,46.01619],[-81.77869,46.01182],[-81.78103,46.01071],[-81.78169,46.00892],[-81.77988,46.00541],[-81.78004,46.00373],[-81.77653,46.00046],[-81.7742,45.99964],[-81.76459,45.99923],[-81.76067,46.00072],[-81.7577,46.0049],[-81.74137,46.02009],[-81.73041,46.03644],[-81.72922,46.04137],[-81.72018,46.05179],[-81.72085,46.05299],[-81.71974,46.05456],[-81.71632,46.05733],[-81.71416,46.05717],[-81.71148,46.05293],[-81.70936,46.054],[-81.70871,46.05276],[-81.7033,46.04904],[-81.70315,46.04642],[-81.71455,46.03725],[-81.73004,46.03061],[-81.73472,46.02594],[-81.73886,46.01983],[-81.73733,46.01672],[-81.73362,46.01359],[-81.7277,46.01024],[-81.72334,46.00476],[-81.72189,46.00023],[-81.72109,45.9763],[-81.72643,45.96739],[-81.74237,45.95307],[-81.78587,45.94673],[-81.80095,45.94049],[-81.80959,45.93335],[-81.80949,45.9238],[-81.79605,45.91419],[-81.76982,45.90697],[-81.74172,45.90804],[-81.71729,45.91614],[-81.71639,45.92518],[-81.70713,45.93659],[-81.69677,45.93753],[-81.6862,45.93662],[-81.67384,45.93698],[-81.66443,45.93897],[-81.65781,45.94158],[-81.65335,45.94491],[-81.61489,45.9527],[-81.59759,45.95819],[-81.5879,45.96649],[-81.57684,45.96634],[-81.57157,45.96452],[-81.56593,45.96842],[-81.55637,45.97102],[-81.55834,45.96727],[-81.56907,45.96022],[-81.56948,45.95803],[-81.56587,45.95428],[-81.53304,45.93878],[-81.40161,45.8717],[-80.94288,45.37855],[-80.45569,44.98053],[-80.14192,44.94274],[-80.07542,44.91598],[-79.98389,44.93763],[-79.97742,44.92323],[-79.94401,44.88077],[-79.90135,44.86963],[-79.89004,44.82328],[-79.88583,44.8233],[-79.85945,44.81023],[-79.8464,44.80703],[-79.77968,44.78039],[-79.75334,44.77293],[-79.72293,44.7602],[-79.71511,44.76016],[-79.7104,44.76155],[-79.70791,44.76142],[-79.70224,44.75938],[-79.70105,44.75734],[-79.69897,44.7566],[-79.69346,44.75923],[-79.67525,44.7603],[-79.66389,44.755],[-79.64985,44.75177],[-79.64769,44.7521],[-79.64537,44.75456],[-79.64303,44.75959],[-79.64373,44.76394],[-79.64722,44.7718],[-79.64277,44.78255],[-79.64054,44.78328],[-79.63511,44.78235],[-79.62241,44.78296],[-79.6165,44.78162],[-79.61165,44.77938],[-79.60101,44.7805],[-79.59773,44.78283],[-79.5982,44.78501],[-79.59683,44.78896],[-79.5949,44.79113],[-79.59235,44.79266],[-79.58387,44.79477],[-79.58132,44.79344],[-79.57949,44.79229],[-79.57425,44.78501],[-79.5745,44.78157],[-79.57755,44.77724],[-79.58379,44.77461],[-79.5901,44.77332],[-79.59243,44.77115],[-79.58996,44.77005],[-79.57151,44.7715],[-79.56768,44.76988],[-79.56762,44.76616],[-79.5693,44.76474],[-79.58305,44.7611],[-79.59215,44.76204],[-79.59926,44.7604],[-79.60702,44.75699],[-79.61152,44.75099],[-79.60773,44.74118],[-79.59625,44.73561],[-79.59178,44.73417],[-79.58803,44.73427],[-79.5807,44.73242],[-79.5795,44.73047],[-79.57935,44.72727],[-79.58328,44.72344],[-79.58082,44.72143],[-79.5678,44.72048],[-79.56262,44.71944],[-79.56055,44.71829],[-79.55727,44.7196],[-79.55303,44.72016],[-79.54881,44.71774],[-79.55163,44.71306],[-79.55318,44.70253],[-79.55184,44.69926],[-79.54753,44.69908],[-79.54569,44.70051],[-79.54077,44.71206],[-79.54052,44.7155],[-79.53378,44.722],[-79.53242,44.7244],[-79.5374,44.73616],[-79.53297,44.74358],[-79.52962,44.74558],[-79.52753,44.74815],[-79.53271,44.75102],[-79.5485,44.7557],[-79.54784,44.75896],[-79.54082,44.75859],[-79.52748,44.75931],[-79.51934,44.7582],[-79.51575,44.75865],[-79.5068,44.75788],[-79.5017,44.75644],[-79.49837,44.75208],[-79.50109,44.75003],[-79.51172,44.74805],[-79.51836,44.74377],[-79.51942,44.74046],[-79.51758,44.73913],[-79.50744,44.7394],[-79.47492,44.72547],[-79.47075,44.73032],[-79.46419,44.73209],[-79.46171,44.73356],[-79.4588,44.74282],[-79.45432,44.7443],[-79.44243,44.74348],[-79.44042,44.74467],[-79.43721,44.74987],[-79.43064,44.75484],[-79.43181,44.75976],[-79.43077,44.76205],[-79.42853,44.7625],[-79.42287,44.76065],[-79.41624,44.76116],[-79.41481,44.75955],[-79.40946,44.76],[-79.40602,44.76141],[-79.39669,44.7587],[-79.39145,44.75222],[-79.38507,44.74769],[-79.3735,44.74634],[-79.36758,44.74776],[-79.35696,44.74842],[-79.33636,44.7463],[-79.33214,44.74527],[-79.34069,44.70499],[-79.33798,44.70332],[-79.32856,44.70308],[-79.31954,44.7015],[-79.31643,44.70179],[-79.31299,44.70355],[-79.31138,44.70532],[-79.31105,44.70755],[-79.31176,44.71081],[-79.31125,44.71797],[-79.30819,44.72368],[-79.3072,44.73113],[-79.30401,44.73337],[-79.29944,44.73477],[-79.29577,44.73418],[-79.29362,44.73178],[-79.29308,44.72749],[-79.28934,44.72685],[-79.2847,44.72878],[-79.27855,44.72888],[-79.27824,44.72464],[-79.28435,44.71584],[-79.2834,44.71252],[-79.2644,44.71235],[-79.25578,44.71154],[-79.25163,44.71027],[-79.24853,44.70712],[-79.23773,44.7115],[-79.1968,44.7237],[-79.19104,44.72454],[-79.18307,44.72229],[-79.18075,44.72097],[-79.16022,44.72407],[-79.15552,44.72234],[-79.15465,44.7193],[-79.16331,44.71],[-79.16444,44.7073],[-79.16365,44.70502],[-79.16126,44.70398],[-79.14577,44.70412],[-79.13859,44.70181],[-79.13534,44.69659],[-79.1364,44.69264],[-79.13497,44.68898],[-79.13014,44.68235],[-79.11902,44.6859],[-79.10944,44.68251],[-79.10114,44.68185],[-79.09756,44.67973],[-79.09413,44.67904],[-79.09171,44.68498],[-79.09463,44.69243],[-79.09565,44.69827],[-79.09206,44.71641],[-79.08669,44.72063],[-79.08398,44.72183],[-79.07503,44.72255],[-79.0498,44.72129],[-79.03895,44.71925],[-79.00951,44.71037],[-79.00194,44.70898],[-78.99834,44.70713],[-78.99635,44.70673],[-78.99364,44.70736],[-78.98952,44.71678],[-78.99193,44.73196],[-78.97812,44.75093],[-78.97404,44.75362],[-78.96639,44.76848],[-78.96086,44.77476],[-78.95878,44.77532],[-78.9509,44.76912],[-78.93069,44.7499],[-78.92843,44.75106],[-78.92733,44.75304],[-78.92533,44.75435],[-78.91688,44.75078],[-78.91304,44.75164],[-78.90168,44.75693],[-78.89881,44.75663],[-78.88884,44.75329],[-78.88149,44.75379],[-78.87422,44.75452],[-78.85743,44.76037],[-78.84565,44.75695],[-78.82262,44.7592],[-78.81887,44.7593],[-78.81592,44.75843],[-78.81673,44.75471],[-78.82155,44.74741],[-78.82429,44.73934],[-78.8161,44.73068],[-78.81005,44.72757],[-78.80148,44.73316],[-78.79948,44.73372],[-78.79629,44.73342],[-78.79342,44.73176],[-78.79088,44.72872],[-78.78721,44.72688],[-78.78391,44.71786],[-78.76367,44.74291],[-78.75599,44.74621],[-78.75192,44.74638],[-78.74743,44.74871],[-78.74048,44.7495],[-78.73891,44.74606],[-78.73946,44.72699],[-78.73211,44.70715],[-78.7267,44.70538],[-78.72583,44.70335],[-78.72677,44.70035],[-78.72058,44.69724],[-78.71691,44.69712],[-78.70595,44.7011],[-78.70267,44.70149],[-78.68951,44.69831],[-78.67995,44.69222],[-78.67293,44.69364],[-78.66862,44.69328],[-78.66638,44.69207],[-78.64882,44.6902],[-78.63156,44.69331],[-78.63027,44.69662],[-78.62827,44.69828],[-78.61699,44.70094],[-78.601,44.70777],[-78.58859,44.71535],[-78.57987,44.71946],[-78.57326,44.71692],[-78.57383,44.71183],[-78.57882,44.70377],[-78.57995,44.69862],[-78.57821,44.67744],[-78.57536,44.67125],[-78.56947,44.66556],[-78.5654,44.66481],[-78.56189,44.66532],[-78.55133,44.66953],[-78.54534,44.67038],[-78.54279,44.66865],[-78.54799,44.64777],[-78.54695,44.62796],[-78.54111,44.61203],[-78.53936,44.60928],[-78.53379,44.6048],[-78.53036,44.60376],[-78.52701,44.60444],[-78.51919,44.61839],[-78.51197,44.62748],[-78.50886,44.62804],[-78.50046,44.63374],[-78.49483,44.63934],[-78.49065,44.64568],[-78.48745,44.64882],[-78.48297,44.6499],[-78.48098,44.64875],[-78.47797,44.64319],[-78.47794,44.63026],[-78.48025,44.61423],[-78.47408,44.59762],[-78.4713,44.59646],[-78.46834,44.59778],[-78.4648,44.60349],[-78.46286,44.60899],[-78.45774,44.6112],[-78.45591,44.61016],[-78.45883,44.59821],[-78.45796,44.59574],[-78.4141,44.60171],[-78.41073,44.60496],[-78.40687,44.61331],[-78.40221,44.6196],[-78.39965,44.61987],[-78.3975,44.61809],[-78.39247,44.61877],[-78.38614,44.62368],[-78.37139,44.63801],[-78.36729,44.64441],[-78.36385,44.64583],[-78.36194,44.64383],[-78.36533,44.63519],[-78.36575,44.63044],[-78.36341,44.61772],[-78.36385,44.6076],[-78.36323,44.60456],[-78.36139,44.60249],[-78.35621,44.59939],[-78.3508,44.59754],[-78.34784,44.5976],[-78.33784,44.60239],[-78.33319,44.60672],[-78.33054,44.611],[-78.3293,44.62165],[-78.32801,44.62365],[-78.32233,44.62626],[-78.31722,44.62597],[-78.31052,44.62395],[-78.30607,44.61873],[-78.30831,44.61771],[-78.30992,44.61531],[-78.30745,44.61221],[-78.30812,44.60689],[-78.31149,44.6014],[-78.31666,44.58802],[-78.31476,44.58492],[-78.31109,44.58302],[-78.30488,44.5802],[-78.30303,44.58145],[-78.29893,44.59003],[-78.29777,44.5981],[-78.29326,44.60433],[-78.29062,44.60621],[-78.28695,44.60735],[-78.28296,44.60739],[-78.2793,44.60487],[-78.27405,44.59673],[-78.27225,44.59106],[-78.27117,44.58023],[-78.27054,44.57829],[-78.26887,44.57696],[-78.27225,44.56937],[-78.28116,44.55954],[-78.28165,44.55679],[-78.27999,44.55324],[-78.27594,44.54893],[-78.27291,44.54647],[-78.26789,44.54411],[-78.26031,44.54501],[-78.25415,44.54487],[-78.24263,44.54925],[-78.23406,44.5553],[-78.22801,44.56324],[-78.22177,44.5741],[-78.21414,44.58347],[-78.20939,44.59221],[-78.20707,44.59519],[-78.20347,44.5969],[-78.20027,44.59712],[-78.19285,44.5951],[-78.19127,44.59349],[-78.19104,44.59063],[-78.19707,44.57908],[-78.2027,44.57148],[-78.20574,44.56839],[-78.21567,44.56366],[-78.21734,44.56166],[-78.21592,44.55904],[-78.21233,44.55725],[-78.19598,44.55332],[-78.18392,44.55317],[-78.17728,44.55728],[-78.17439,44.56094],[-78.17141,44.56654],[-78.17019,44.57152],[-78.17277,44.58457],[-78.16699,44.59337],[-78.16435,44.59411],[-78.16012,44.59439],[-78.15558,44.59134],[-78.15239,44.5903],[-78.14133,44.59129],[-78.13273,44.59352],[-78.12763,44.59116],[-78.12495,44.5836],[-78.12105,44.58067],[-78.11828,44.5738],[-78.12284,44.57186],[-78.12725,44.56757],[-78.12903,44.56049],[-78.10444,44.56253],[-78.08301,44.5665],[-78.07351,44.56596],[-78.06736,44.56651],[-78.05795,44.56933],[-78.05156,44.57297],[-78.04023,44.57592],[-78.03371,44.57641],[-78.02774,44.57279],[-78.0121,44.5677],[-77.99658,44.57115],[-77.97783,44.57319],[-77.97379,44.57199],[-77.96924,44.56907],[-77.95391,44.55375],[-77.9518,44.55637],[-77.94602,44.55914],[-77.94279,44.56012],[-77.93632,44.56027],[-77.93133,44.56174],[-77.92755,44.55963],[-77.92523,44.55685],[-77.9204,44.55513],[-77.91581,44.55678],[-77.90702,44.55065],[-77.90542,44.54725],[-77.92861,44.47743],[-77.92862,44.47422],[-77.92633,44.47294],[-77.9164,44.47675],[-77.91383,44.47442],[-77.91089,44.4741],[-77.89322,44.47764],[-77.88985,44.48069],[-77.87627,44.48399],[-77.86957,44.48642],[-77.85923,44.48788],[-77.85289,44.49377],[-77.84549,44.49686],[-77.84137,44.49588],[-77.84015,44.49358],[-77.83982,44.48791],[-77.84061,44.48225],[-77.84033,44.46569],[-77.84757,44.4457],[-77.84397,44.44588],[-77.8387,44.44867],[-77.83319,44.44889],[-77.83083,44.45029],[-77.8269,44.45081],[-77.82319,44.44921],[-77.81517,44.4507],[-77.80592,44.44989],[-77.80295,44.45053],[-77.7997,44.45238],[-77.78838,44.45165],[-77.78565,44.45219],[-77.77525,44.45875],[-77.7706,44.46538],[-77.7663,44.46796],[-77.747,44.47601],[-77.72247,44.48972],[-77.69925,44.4931],[-77.69281,44.4954],[-77.67591,44.50584],[-77.67064,44.50786],[-77.66622,44.51287],[-77.66185,44.52111],[-77.65568,44.51856],[-77.64763,44.51227],[-77.64563,44.5151],[-77.63968,44.51668],[-77.63584,44.51686],[-77.63204,44.51572],[-77.61363,44.49583],[-77.60763,44.49346],[-77.60376,44.48877],[-77.59819,44.48789],[-77.59019,44.48498],[-77.58695,44.48081],[-77.57731,44.47679],[-77.56873,44.47519],[-77.55664,44.47623],[-77.51696,44.49338],[-77.50677,44.49524],[-77.49845,44.49272],[-77.49468,44.49033],[-77.4914,44.48731],[-77.4861,44.47945],[-77.48195,44.47664],[-77.48079,44.47457],[-77.47124,44.47626],[-77.46682,44.47718],[-77.45212,44.48334],[-77.42583,44.49604],[-77.39338,44.50905],[-77.38929,44.50968],[-77.37676,44.50911],[-77.36418,44.50757],[-77.36078,44.50637],[-77.35162,44.49606],[-77.34843,44.49596],[-77.34247,44.49794],[-77.34055,44.5069],[-77.33692,44.50537],[-77.33481,44.50351],[-77.33315,44.49982],[-77.33088,44.49791],[-77.32796,44.50267],[-77.32627,44.51839],[-77.32327,44.52001],[-77.31823,44.52006],[-77.31582,44.51785],[-77.3079,44.50572],[-77.30421,44.5154],[-77.30198,44.51823],[-77.29917,44.51888],[-77.2959,44.51855],[-77.29276,44.51359],[-77.29155,44.50819],[-77.28685,44.50726],[-77.27986,44.4963],[-77.27444,44.49645],[-77.25226,44.5017],[-77.23607,44.50949],[-77.2332,44.50935],[-77.22862,44.50453],[-77.21541,44.50893],[-77.21196,44.50951],[-77.20615,44.50857],[-77.20461,44.50643],[-77.20453,44.50317],[-77.21376,44.49528],[-77.21892,44.48453],[-77.21668,44.48198],[-77.20511,44.48446],[-77.20121,44.48681],[-77.19516,44.48902],[-77.18109,44.49272],[-77.17244,44.49661],[-77.16801,44.49781],[-77.15403,44.51274],[-77.15332,44.51547],[-77.15134,44.51797],[-77.14447,44.51833],[-77.13771,44.51669],[-77.13225,44.51788],[-77.12374,44.5319],[-77.10141,44.55159],[-77.09906,44.55287],[-77.09543,44.55138],[-77.09468,44.54937],[-77.0955,44.54246],[-77.09757,44.5398],[-77.09806,44.53625],[-77.09997,44.5333],[-77.09778,44.53161],[-77.08506,44.52944],[-77.08001,44.52714],[-77.07791,44.52493],[-77.06839,44.52217],[-77.04604,44.52152],[-77.04152,44.52032],[-77.04024,44.51738],[-77.04091,44.51344],[-77.03818,44.51076],[-77.03389,44.50962],[-77.02536,44.50899],[-77.0183,44.51044],[-77.0145,44.51205],[-77.01229,44.51437],[-76.98484,44.52503],[-76.9766,44.52293],[-76.97548,44.51999],[-76.97464,44.4969],[-76.97168,44.49424],[-76.97135,44.4916],[-76.9712,44.47001],[-76.96347,44.45731],[-76.95697,44.45247],[-76.94882,44.44961],[-76.9454,44.44899],[-76.94003,44.44977],[-76.93049,44.45703],[-76.92892,44.45912],[-76.91455,44.46168],[-76.91226,44.46394],[-76.89657,44.46791],[-76.88639,44.47263],[-76.88069,44.47353],[-76.87606,44.47336],[-76.84107,44.46733],[-76.83252,44.47036],[-76.82435,44.47741],[-76.82103,44.47902],[-76.81791,44.47932],[-76.8151,44.47688],[-76.81199,44.47644],[-76.80838,44.47725],[-76.80027,44.47582],[-76.796,44.47702],[-76.79218,44.47646],[-76.79255,44.47159],[-76.78858,44.47365],[-76.78512,44.47447],[-76.78389,44.47268],[-76.7837,44.46787],[-76.78231,44.46601],[-76.77879,44.46648],[-76.76566,44.4706],[-76.75911,44.46764],[-76.7575,44.46488],[-76.75418,44.4638],[-76.74447,44.46556],[-76.7417,44.46432],[-76.73329,44.46541],[-76.73278,44.46334],[-76.73068,44.46131],[-76.73097,44.45627],[-76.72969,44.45362],[-76.72142,44.45477],[-76.7156,44.46064],[-76.71301,44.46187],[-76.71095,44.4643],[-76.71056,44.46687],[-76.70277,44.46544],[-76.70324,44.47164],[-76.69954,44.47572],[-76.69315,44.479],[-76.68094,44.49087],[-76.6733,44.50753],[-76.66868,44.50994],[-76.65639,44.5128],[-76.64435,44.521],[-76.64097,44.52485],[-76.61995,44.53424],[-76.61471,44.53319],[-76.60228,44.53801],[-76.57321,44.55273],[-76.56849,44.55587],[-76.55431,44.57262],[-76.53457,44.60023],[-76.52788,44.62373],[-76.52456,44.63125],[-76.52184,44.63476],[-76.51691,44.63967],[-76.50126,44.64249],[-76.49575,44.6454],[-76.48551,44.65236],[-76.46609,44.66201],[-76.46206,44.66716],[-76.44506,44.67231],[-76.39724,44.67245],[-76.37835,44.67065],[-76.35849,44.67224],[-76.33372,44.6855],[-76.32117,44.68864],[-76.30864,44.68949],[-76.2938,44.68732],[-76.27357,44.68552],[-76.24034,44.6972],[-76.22257,44.70234],[-76.20886,44.70494],[-76.20056,44.70732],[-76.18147,44.70702],[-76.17083,44.71019],[-76.15863,44.72042],[-76.15183,44.72797],[-76.13212,44.73392],[-76.12476,44.73943],[-76.12025,44.7519],[-76.12615,44.76392],[-76.13666,44.77815],[-76.1395,44.7862],[-76.13901,44.80195],[-76.13033,44.83316],[-76.13802,44.83594],[-76.14554,44.8356],[-76.17087,44.8244],[-76.17784,44.81998],[-76.18924,44.81531],[-76.20503,44.81899],[-76.21001,44.82379],[-76.21015,44.83276],[-76.20855,44.84049],[-76.19495,44.8575],[-76.19934,44.8653],[-76.21532,44.86748],[-76.2366,44.85719],[-76.26238,44.83498],[-76.26689,44.82345],[-76.2681,44.81477],[-76.27185,44.80175],[-76.27982,44.79176],[-76.29649,44.77939],[-76.31173,44.77667],[-76.31788,44.78012],[-76.32286,44.78479],[-76.32299,44.79417],[-76.31052,44.81528],[-76.30797,44.82245],[-76.31005,44.82873],[-76.31639,44.83205],[-76.32896,44.82617],[-76.35028,44.80895],[-76.35552,44.80369],[-76.3654,44.79671],[-76.38143,44.79196],[-76.39338,44.79315],[-76.40241,44.79758],[-76.41179,44.80704],[-76.41463,44.81508],[-76.41953,44.82121],[-76.42447,44.83055],[-76.42383,44.83667],[-76.42132,44.84094],[-76.42102,44.84619],[-76.40201,44.86432],[-76.38874,44.89208],[-76.38839,44.89888],[-76.38305,44.91358],[-76.38288,44.92016],[-76.37796,44.93401],[-76.37976,44.93839],[-76.37117,44.94932],[-76.36863,44.95461],[-76.36173,44.95881],[-76.36299,44.96827],[-76.35778,44.97519],[-76.35547,44.98105],[-76.35853,44.98619],[-76.35425,44.99468],[-76.35021,44.99877],[-76.34961,45.00358],[-76.34665,45.00843],[-76.34656,45.01055],[-76.35318,45.01967],[-76.35385,45.03038],[-76.34982,45.03883],[-76.3387,45.04968],[-76.33445,45.05281],[-76.32246,45.05826],[-76.31886,45.06243],[-76.31126,45.06819],[-76.30587,45.06977],[-76.29637,45.06986],[-76.29393,45.06882],[-76.28875,45.06335],[-76.28267,45.05928],[-76.27755,45.05903],[-76.27332,45.05935],[-76.26973,45.06049],[-76.26572,45.06471],[-76.26431,45.06991],[-76.26186,45.07145],[-76.25876,45.0727],[-76.2477,45.07278],[-76.24485,45.07191],[-76.24496,45.06767],[-76.24776,45.06155],[-76.2482,45.05732],[-76.24772,45.0548],[-76.24424,45.05165],[-76.22619,45.04929],[-76.21947,45.04383],[-76.2112,45.03928],[-76.17501,45.03692],[-76.17214,45.03847],[-76.17776,45.04388],[-76.16953,45.05018],[-76.16465,45.05812],[-76.16433,45.06716],[-76.16626,45.07421],[-76.16925,45.07981],[-76.16915,45.08216],[-76.16468,45.08577],[-76.15627,45.08625],[-76.15573,45.08956],[-76.15895,45.09554],[-76.16511,45.09705],[-76.16558,45.09926],[-76.16369,45.10246],[-76.16477,45.10436],[-76.16651,45.10569],[-76.17181,45.10731],[-76.16724,45.11327],[-76.16457,45.1213],[-76.17032,45.11843],[-76.16999,45.12393],[-76.18118,45.12703],[-76.18913,45.12606],[-76.19828,45.12252],[-76.20195,45.12219],[-76.20422,45.12288],[-76.20697,45.12541],[-76.21181,45.13332],[-76.21056,45.13819],[-76.21094,45.14282],[-76.21344,45.14747],[-76.21171,45.15084],[-76.20911,45.16519],[-76.20621,45.18843],[-76.21035,45.20453],[-76.21364,45.21255],[-76.21705,45.21348],[-76.21901,45.21245],[-76.22454,45.21184],[-76.23416,45.2093],[-76.23596,45.20725],[-76.24109,45.20561],[-76.24687,45.20539],[-76.25174,45.20741],[-76.25058,45.21147],[-76.25195,45.21405],[-76.25487,45.21522],[-76.26552,45.21559],[-76.27309,45.21441],[-76.27666,45.21625],[-76.28159,45.22274],[-76.28007,45.23178],[-76.28293,45.24415],[-76.28162,45.24627],[-76.26908,45.24892],[-76.26581,45.25039],[-76.2631,45.25519],[-76.26503,45.25858],[-76.2741,45.26588],[-76.27752,45.26663],[-76.28126,45.26618],[-76.30065,45.26162],[-76.30293,45.26088],[-76.3049,45.25677],[-76.30801,45.25569],[-76.30995,45.25667],[-76.3114,45.25907],[-76.31019,45.27276],[-76.30772,45.27675],[-76.30987,45.28501],[-76.30389,45.29248],[-76.29638,45.29692],[-76.29465,45.3011],[-76.2948,45.30372],[-76.29696,45.30957],[-76.29858,45.31106],[-76.30417,45.31469],[-76.31124,45.31706],[-76.31496,45.32039],[-76.31218,45.32577],[-76.31263,45.32836],[-76.31368,45.3311],[-76.31551,45.33207],[-76.31747,45.33936],[-76.32154,45.34402],[-76.33155,45.34668],[-76.34355,45.34808],[-76.36048,45.35192],[-76.37316,45.35288],[-76.37567,45.35343],[-76.3768,45.35528],[-76.38054,45.35633],[-76.39009,45.35671],[-76.39334,45.35595],[-76.40872,45.35522],[-76.42272,45.35578],[-76.4283,45.35781],[-76.43318,45.3607],[-76.45542,45.37779],[-76.46398,45.38264],[-76.49616,45.39562],[-76.4976,45.40153],[-76.50358,45.40671],[-76.50608,45.40668],[-76.50903,45.41052],[-76.51323,45.41384],[-76.5212,45.41821],[-76.53489,45.4228],[-76.53755,45.42155],[-76.53783,45.41796],[-76.54141,45.41315],[-76.54795,45.41115],[-76.55561,45.41145],[-76.55915,45.41519],[-76.56074,45.4193],[-76.56857,45.42546],[-76.57738,45.42716],[-76.58361,45.42919],[-76.58731,45.43924],[-76.59223,45.44168],[-76.59665,45.4423],[-76.59974,45.44377],[-76.60016,45.44649],[-76.60431,45.4507],[-76.60474,45.45342],[-76.61806,45.45483],[-76.61987,45.45625],[-76.62239,45.4568],[-76.63074,45.45622],[-76.63538,45.45414],[-76.65887,45.45639],[-76.66929,45.46219],[-76.69172,45.46169],[-76.70613,45.45727],[-76.71083,45.4543],[-76.71985,45.4533],[-76.72251,45.45204],[-76.74199,45.44827],[-76.75061,45.44409],[-76.7596,45.44353],[-76.77299,45.44403],[-76.80413,45.44653],[-76.80531,45.44792],[-76.80307,45.45233],[-76.80354,45.4546],[-76.8134,45.45947],[-76.8209,45.462],[-76.83413,45.46472],[-76.83909,45.46671],[-76.84601,45.46831],[-76.85048,45.46848],[-76.85185,45.46718],[-76.85575,45.46641],[-76.85722,45.46377],[-76.86795,45.45695],[-76.87426,45.45809],[-76.88161,45.45385],[-76.89111,45.45509],[-76.8935,45.45743],[-76.8961,45.46562],[-76.90962,45.47331],[-76.93022,45.48035],[-76.93184,45.48446],[-76.943,45.48936],[-76.94268,45.49385],[-76.93709,45.5004],[-76.92748,45.5005],[-76.91925,45.49931],[-76.90812,45.49396],[-76.89854,45.49361],[-76.88463,45.49131],[-76.86552,45.49018],[-76.85907,45.49084],[-76.85572,45.49297],[-76.85555,45.49521],[-76.85733,45.49708],[-76.86275,45.50178],[-76.8652,45.50322],[-76.86904,45.50335],[-76.87143,45.50569],[-76.88033,45.50646],[-76.88496,45.50439],[-76.90229,45.50365],[-76.90431,45.50238],[-76.90881,45.50209],[-76.9151,45.50367],[-76.92246,45.50798],[-76.93091,45.51503],[-76.94027,45.51851],[-76.94189,45.52262],[-76.93857,45.5243],[-76.92465,45.52201],[-76.92018,45.52185],[-76.91628,45.52261],[-76.91589,45.528],[-76.92821,45.53474],[-76.93165,45.54026],[-76.93376,45.54664],[-76.94244,45.55055],[-76.95196,45.55179],[-76.96014,45.55387],[-76.95921,45.55789],[-76.94754,45.55973],[-76.94358,45.56139],[-76.93731,45.56837],[-76.9382,45.57381],[-76.9529,45.57432],[-76.95923,45.57545],[-76.96421,45.57743],[-76.9645,45.58238],[-76.96769,45.5825],[-76.97966,45.57662],[-76.98308,45.57359],[-76.98681,45.57507],[-76.99468,45.58164],[-76.99637,45.58486],[-77.01096,45.59617],[-77.01569,45.60174],[-77.01589,45.60804],[-77.01704,45.60989],[-77.00639,45.62437],[-77.02366,45.62497],[-77.02741,45.62645],[-77.03144,45.6329],[-77.03743,45.63895],[-77.0472,45.64604],[-77.05545,45.64722],[-77.06676,45.65077],[-77.08209,45.65175],[-77.08516,45.65365],[-77.08943,45.65695],[-77.09523,45.66569],[-77.09707,45.66712],[-77.10516,45.67999],[-77.10908,45.68822],[-77.11206,45.69148],[-77.12606,45.70275],[-77.13774,45.71036],[-77.14582,45.71422],[-77.14899,45.71478],[-77.15622,45.72179],[-77.16248,45.72424],[-77.16235,45.73549],[-77.16497,45.74413],[-77.16479,45.74682],[-77.16204,45.74943],[-77.15745,45.75062],[-77.13812,45.75132],[-77.13094,45.75288],[-77.12838,45.75279],[-77.123,45.75621],[-77.12024,45.75882],[-77.11857,45.77361],[-77.119,45.77678],[-77.12141,45.77911],[-77.12452,45.78057],[-77.13083,45.79158],[-77.13278,45.80065],[-77.13705,45.80395],[-77.1409,45.80407],[-77.14271,45.80593],[-77.15163,45.80714],[-77.1521,45.8004],[-77.15045,45.7963],[-77.15648,45.7929],[-77.15923,45.79029],[-77.16311,45.78997],[-77.16494,45.79138],[-77.16723,45.79551],[-77.16684,45.80134],[-77.17261,45.80155],[-77.18013,45.80449],[-77.18153,45.81219],[-77.17964,45.82113],[-77.18147,45.82254],[-77.18927,45.82145],[-77.19728,45.81722],[-77.19943,45.81414],[-77.20276,45.81245],[-77.20404,45.80304],[-77.20917,45.80321],[-77.21597,45.80749],[-77.21282,45.81594],[-77.21665,45.81651],[-77.21971,45.81886],[-77.21943,45.82291],[-77.21668,45.82552],[-77.23845,45.82714],[-77.24026,45.829],[-77.24838,45.84232],[-77.24572,45.85303],[-77.24591,45.85979],[-77.24916,45.8689],[-77.24654,45.87916],[-77.24434,45.88314],[-77.24324,45.88985],[-77.2418,45.89205],[-77.24015,45.92411],[-77.25441,45.93015],[-77.26085,45.93413],[-77.27222,45.94299],[-77.2772,45.95021],[-77.27969,45.96071],[-77.28425,45.97076],[-77.28571,45.98123],[-77.28541,45.98773],[-77.28366,45.99338],[-77.2764,46.0085],[-77.27688,46.01195],[-77.28031,46.01585],[-77.28746,46.01925],[-77.31232,46.02682],[-77.32093,46.03202],[-77.3356,46.04384],[-77.35752,46.05784],[-77.36217,46.05985],[-77.37193,46.06247],[-77.38098,46.06661],[-77.39184,46.06984],[-77.43234,46.09023],[-77.49603,46.12045],[-77.5242,46.13662],[-77.5725,46.16225],[-77.58593,46.16569],[-77.59212,46.16604],[-77.60141,46.17085],[-77.61208,46.17361],[-77.61966,46.17361],[-77.6527,46.18841],[-77.66543,46.19495],[-77.67472,46.1977],[-77.67793,46.19843],[-77.6804,46.19766],[-77.68209,46.19589],[-77.68401,46.19081],[-77.68948,46.18418],[-77.69172,46.18318],[-77.69595,46.18272],[-77.70311,46.1848],[-77.71328,46.18934],[-77.72522,46.19242],[-77.7501,46.19323],[-77.79518,46.19736],[-77.82169,46.20458],[-77.85541,46.20871],[-77.87847,46.21525],[-77.89396,46.2211],[-77.91186,46.22248],[-77.92804,46.22523],[-77.9836,46.2461],[-77.98882,46.24675],[-77.99384,46.24857],[-78.02325,46.24687],[-78.03617,46.24369],[-78.03918,46.24225],[-78.04769,46.24247],[-78.05551,46.24519],[-78.0662,46.24663],[-78.08766,46.25556],[-78.10035,46.25835],[-78.11667,46.2634],[-78.12539,46.27056],[-78.13008,46.27338],[-78.14402,46.27614],[-78.15711,46.27377],[-78.17223,46.27579],[-78.18343,46.2756],[-78.19731,46.27399],[-78.20503,46.2707],[-78.21412,46.26988],[-78.2214,46.27071],[-78.23738,46.27476],[-78.25033,46.27579],[-78.25542,46.27555],[-78.2593,46.27456],[-78.26734,46.27023],[-78.27214,46.26877],[-78.2748,46.2667],[-78.28047,46.26459],[-78.29297,46.25761],[-78.31337,46.25261],[-78.31679,46.25521],[-78.32476,46.25876],[-78.34359,46.26526],[-78.37726,46.28727],[-78.38397,46.29023],[-78.38996,46.29173],[-78.40688,46.29446],[-78.41571,46.29501],[-78.43363,46.2952],[-78.44481,46.29439],[-78.45787,46.29505],[-78.47504,46.29403],[-78.48389,46.29565],[-78.49285,46.29418],[-78.50235,46.29441],[-78.51401,46.29669],[-78.5345,46.30402],[-78.54925,46.3082],[-78.59803,46.31868],[-78.63759,46.32121],[-78.67972,46.31787],[-78.69555,46.31919],[-78.70991,46.32445],[-78.71957,46.33177],[-78.72426,46.33762],[-78.72738,46.34401],[-78.7273,46.34757],[-78.72439,46.35695],[-78.72302,46.36959],[-78.7256,46.37872],[-78.73039,46.38463],[-78.7353,46.38763],[-78.74225,46.39044],[-78.75769,46.39308],[-78.76876,46.40209],[-78.78203,46.41067],[-78.79005,46.41479],[-78.79588,46.41924],[-78.81796,46.42927],[-78.8382,46.4373],[-78.84625,46.43994],[-78.85423,46.44116],[-78.85916,46.44302],[-78.87003,46.45032],[-78.88825,46.45894],[-78.90219,46.47134],[-78.91632,46.481],[-78.93204,46.49638],[-78.93782,46.50488],[-78.9424,46.50959],[-78.96105,46.52108],[-78.96619,46.52576],[-78.97102,46.53297],[-78.98712,46.54525],[-78.99453,46.56076],[-78.99727,46.57146],[-78.99745,46.57915],[-78.99497,46.58915],[-78.99515,46.59283],[-78.99766,46.5958],[-79.00526,46.60102],[-79.00778,46.6041],[-79.01143,46.62013],[-79.016,46.63182],[-79.01826,46.63417],[-79.02519,46.6381],[-79.04308,46.64511],[-79.05064,46.65104],[-79.07235,46.66499],[-79.07644,46.66914],[-79.07601,46.67098],[-79.07334,46.67408],[-79.07544,46.67745],[-79.07801,46.67912],[-79.08357,46.68047],[-79.09298,46.68777],[-79.09574,46.6974],[-79.09948,46.70554],[-79.09981,46.71069],[-79.10092,46.712],[-79.10419,46.71298],[-79.11962,46.73292],[-79.12107,46.73609],[-79.12134,46.74316],[-79.12266,46.74638],[-79.13703,46.76779],[-79.14325,46.78509],[-79.14835,46.79337],[-79.15844,46.80661],[-79.16546,46.82001],[-79.1703,46.82458],[-79.17737,46.82819],[-79.19565,46.82931],[-79.21048,46.83134],[-79.21334,46.83251],[-79.21657,46.83632],[-79.22851,46.84589],[-79.23449,46.86021],[-79.25704,46.88346],[-79.26575,46.89002],[-79.27904,46.89716],[-79.27904,46.88777],[-79.28002,46.88484],[-79.2849,46.87898],[-79.2849,46.87703],[-79.29076,46.86921],[-79.29271,46.86824],[-79.29467,46.86531],[-79.29467,46.86336],[-79.29857,46.85848],[-79.29857,46.85653],[-79.30542,46.85163],[-79.30542,46.84968],[-79.30932,46.84675],[-79.31225,46.84676],[-79.31615,46.84382],[-79.31909,46.83796],[-79.32397,46.83308],[-79.3269,46.83308],[-79.33276,46.83112],[-79.33569,46.83113],[-79.33667,46.82918],[-79.3396,46.82722],[-79.34057,46.82038],[-79.3435,46.81745],[-79.3435,46.8155],[-79.34643,46.81355],[-79.34741,46.8116],[-79.35425,46.80672],[-79.35913,46.80671],[-79.37866,46.80281],[-79.3894,46.79988],[-79.39233,46.79792],[-79.39819,46.80281],[-79.40112,46.80378],[-79.40893,46.81062],[-79.41284,46.81062],[-79.41577,46.80867],[-79.41675,46.80672],[-79.4187,46.80574],[-79.42261,46.80574],[-79.42358,46.81647],[-79.42554,46.81844],[-79.42749,46.82332],[-79.42554,46.82429],[-79.42163,46.82917],[-79.42065,46.83503],[-79.41772,46.83601],[-79.40991,46.82722],[-79.406,46.82527],[-79.39819,46.82527],[-79.39331,46.82819],[-79.39136,46.8321],[-79.38452,46.83796],[-79.38257,46.84285],[-79.38257,46.84578],[-79.38452,46.84773],[-79.38452,46.85163],[-79.37964,46.85554],[-79.37964,46.8575],[-79.37573,46.86043],[-79.37768,46.87215],[-79.37768,46.87898],[-79.37964,46.88094],[-79.37866,46.88289],[-79.37866,46.89363],[-79.37573,46.89656],[-79.37475,46.89948],[-79.37475,46.90535],[-79.37964,46.90925],[-79.38452,46.90926],[-79.39331,46.90339],[-79.40112,46.90339],[-79.40698,46.90633],[-79.40991,46.90925],[-79.41382,46.90925],[-79.41577,46.9073],[-79.42261,46.90632],[-79.43432,46.90633],[-79.43628,46.9073],[-79.43921,46.90729],[-79.44409,46.91121],[-79.44409,46.91317],[-79.44116,46.91609],[-79.44018,46.92488],[-79.44018,46.92781],[-79.44214,46.92977],[-79.44214,46.93172],[-79.448,46.93464],[-79.45483,46.9366],[-79.4646,46.93562],[-79.47436,46.93269],[-79.47632,46.93074],[-79.48218,46.92879],[-79.4939,46.92976],[-79.50464,46.93269],[-79.50757,46.93269],[-79.51246,46.92586],[-79.51539,46.9239],[-79.51734,46.92097],[-79.51734,46.91902],[-79.52125,46.91512],[-79.52125,46.90242],[-79.5232,46.90047],[-79.52418,46.89656],[-79.52711,46.89363],[-79.52711,46.8907],[-79.52808,46.88777],[-79.53004,46.88581],[-79.53004,46.88386],[-79.5398,46.88094],[-79.54175,46.87898],[-79.54957,46.87801],[-79.5525,46.87507],[-79.55543,46.87507],[-79.56421,46.88191],[-79.56519,46.88581],[-79.56714,46.88679],[-79.56714,46.89363],[-79.56421,46.89656],[-79.56421,46.89851],[-79.55347,46.90633],[-79.55445,46.91316],[-79.55738,46.91316],[-79.56226,46.91707],[-79.56226,46.91903],[-79.55836,46.92097],[-79.5564,46.92292],[-79.54859,46.9239],[-79.54468,46.92878],[-79.54566,46.93269],[-79.54664,46.93465],[-79.55054,46.9366],[-79.56421,46.93757],[-79.56812,46.93855],[-79.56812,46.94343],[-79.56519,46.94636],[-79.56421,46.95026],[-79.56519,46.95906],[-79.57496,46.95809],[-79.58765,46.95516],[-79.59058,46.95418],[-79.59449,46.95125],[-79.59742,46.94735],[-79.59742,46.94051],[-79.59644,46.93757],[-79.60425,46.93074],[-79.61109,46.92878],[-79.61207,46.9239],[-79.61011,46.92195],[-79.60523,46.92098],[-79.59937,46.91804],[-79.59742,46.9161],[-79.59742,46.91218],[-79.59839,46.90633],[-79.60132,46.90242],[-79.60132,46.90047],[-79.60328,46.89851],[-79.60425,46.89265],[-79.60621,46.8907],[-79.60718,46.88582],[-79.61011,46.88289],[-79.61109,46.87702],[-79.61304,46.87508],[-79.61402,46.87116],[-79.61695,46.86823],[-79.61695,46.86628],[-79.62183,46.86238],[-79.62379,46.86141],[-79.62671,46.8614],[-79.62867,46.85945],[-79.63453,46.8575],[-79.63843,46.8575],[-79.6482,46.85164],[-79.65015,46.84871],[-79.65504,46.84578],[-79.65796,46.84187],[-79.65894,46.83699],[-79.66285,46.83113],[-79.67847,46.81745],[-79.67945,46.81355],[-79.68141,46.81159],[-79.68239,46.80476],[-79.68532,46.80183],[-79.68531,46.7989],[-79.68726,46.79695],[-79.68825,46.78913],[-79.6902,46.78719],[-79.6902,46.77254],[-79.70582,46.77254],[-79.71754,46.77547],[-79.7195,46.77742],[-79.73707,46.78426],[-79.74,46.78718],[-79.74293,46.78719],[-79.74586,46.78913],[-79.74977,46.79011],[-79.75075,46.79597],[-79.75563,46.80086],[-79.75465,46.81159],[-79.75758,46.81355],[-79.77028,46.81355],[-79.77711,46.81746],[-79.77809,46.81941],[-79.78102,46.8194],[-79.78395,46.81746],[-79.78395,46.81062],[-79.78493,46.80769],[-79.78688,46.80574],[-79.78688,46.80281],[-79.79176,46.7989],[-79.79567,46.79988],[-79.7986,46.80183],[-79.7986,46.8116],[-79.79664,46.81355],[-79.7986,46.82527],[-79.79469,46.83992],[-79.79469,46.84285],[-79.79762,46.84578],[-79.80739,46.83992],[-79.80836,46.83601],[-79.81129,46.83308],[-79.81129,46.83113],[-79.8152,46.82723],[-79.81813,46.82137],[-79.82106,46.81844],[-79.82106,46.81649],[-79.82399,46.8155],[-79.83278,46.80867],[-79.83766,46.80672],[-79.84254,46.8077],[-79.84254,46.80574],[-79.84547,46.80476],[-79.85036,46.80086],[-79.85036,46.7989],[-79.85817,46.79304],[-79.86111,46.79207],[-79.86794,46.79305],[-79.87086,46.79206],[-79.87966,46.78426],[-79.89138,46.78426],[-79.89626,46.78328],[-79.90212,46.77839],[-79.90603,46.76961],[-79.907,46.76472],[-79.90896,46.76277],[-79.90993,46.75691],[-79.91384,46.75399],[-79.91384,46.75203],[-79.91775,46.74714],[-79.9197,46.74617],[-79.9197,46.74422],[-79.92556,46.73933],[-79.92653,46.73738],[-79.92556,46.72859],[-79.9197,46.72371],[-79.92068,46.72078],[-79.91872,46.71883],[-79.91872,46.71492],[-79.92165,46.71101],[-79.93825,46.71199],[-79.94314,46.70612],[-79.95974,46.70515],[-79.96853,46.7032],[-79.97341,46.70027],[-79.97536,46.69441],[-79.97439,46.69246],[-79.9695,46.68952],[-79.94997,46.68953],[-79.94607,46.69246],[-79.94314,46.69246],[-79.94118,46.69441],[-79.93825,46.69539],[-79.93239,46.69538],[-79.92556,46.69343],[-79.92361,46.69148],[-79.92849,46.68562],[-79.93142,46.68367],[-79.93142,46.68074],[-79.92947,46.67878],[-79.92068,46.67781],[-79.91677,46.67488],[-79.91677,46.67292],[-79.9197,46.66902],[-79.92849,46.66316],[-79.92849,46.65827],[-79.9363,46.65828],[-79.94314,46.6573],[-79.95876,46.65437],[-79.96169,46.65437],[-79.97243,46.65144],[-79.97536,46.65144],[-79.9822,46.65535],[-79.98318,46.65828],[-79.98904,46.66121],[-80.02517,46.66121],[-80.02712,46.65925],[-80.03005,46.65926],[-80.03689,46.65535],[-80.03982,46.65534],[-80.04177,46.6534],[-80.05154,46.6534],[-80.05251,46.65047],[-80.05544,46.64851],[-80.07204,46.64656],[-80.08376,46.64656],[-80.09841,46.6446],[-80.10525,46.63972],[-80.10622,46.63581],[-80.10818,46.63386],[-80.10915,46.628],[-80.11306,46.62312],[-80.11599,46.62312],[-80.11892,46.62116],[-80.12771,46.62117],[-80.12967,46.62215],[-80.12771,46.62409],[-80.12673,46.62801],[-80.12674,46.64851],[-80.12868,46.65046],[-80.13162,46.65144],[-80.13943,46.64558],[-80.13943,46.64363],[-80.14236,46.64069],[-80.14236,46.63874],[-80.14724,46.63094],[-80.15408,46.62801],[-80.16678,46.62604],[-80.17557,46.62019],[-80.17654,46.61824],[-80.1824,46.61531],[-80.19314,46.6153],[-80.19705,46.61921],[-80.19803,46.62312],[-80.20682,46.62996],[-80.21365,46.63093],[-80.21854,46.63288],[-80.22244,46.6368],[-80.22439,46.64265],[-80.23709,46.64363],[-80.24002,46.6446],[-80.24588,46.64851],[-80.24686,46.65144],[-80.26346,46.65144],[-80.26541,46.64949],[-80.26541,46.64753],[-80.25564,46.6368],[-80.24686,46.63581],[-80.23416,46.63289],[-80.22928,46.62898],[-80.2283,46.62702],[-80.22635,46.62605],[-80.22537,46.62214],[-80.22342,46.62019],[-80.22342,46.61042],[-80.22928,46.60945],[-80.23123,46.60749],[-80.25174,46.60456],[-80.26639,46.60456],[-80.27127,46.60554],[-80.27713,46.60554],[-80.28201,46.60944],[-80.29666,46.60847],[-80.29666,46.60652],[-80.29861,46.60456],[-80.29959,46.59089],[-80.30252,46.58504],[-80.30252,46.5821],[-80.30545,46.58015],[-80.30741,46.57722],[-80.31034,46.57722],[-80.31815,46.57136],[-80.32108,46.57136],[-80.32499,46.56842],[-80.34452,46.56648],[-80.3455,46.56159],[-80.34354,46.56062],[-80.34354,46.55574],[-80.3455,46.55378],[-80.3494,46.55182],[-80.36014,46.55183],[-80.36503,46.55671],[-80.37089,46.55671],[-80.37284,46.55476],[-80.37968,46.55475],[-80.38554,46.55769],[-80.39432,46.56648],[-80.39628,46.57137],[-80.40702,46.57331],[-80.40702,46.57918],[-80.40116,46.5821],[-80.39823,46.58503],[-80.39921,46.58796],[-80.39921,46.5987],[-80.39725,46.60065],[-80.39628,46.61531],[-80.40116,46.62019],[-80.41093,46.62507],[-80.44609,46.62703],[-80.44609,46.62898],[-80.44901,46.63093],[-80.45,46.63386],[-80.45488,46.63386],[-80.45683,46.63581],[-80.45682,46.63874],[-80.45879,46.64069],[-80.45976,46.64362],[-80.46855,46.64362],[-80.47441,46.64265],[-80.48906,46.64265],[-80.49101,46.6446],[-80.49101,46.64949],[-80.49296,46.65144],[-80.49296,46.6573],[-80.49492,46.65925],[-80.49882,46.66023],[-80.51347,46.66023],[-80.51543,46.6573],[-80.5164,46.64363],[-80.53886,46.64167],[-80.54472,46.64558],[-80.5457,46.64851],[-80.54961,46.64851],[-80.55546,46.64753],[-80.55839,46.6446],[-80.56132,46.64461],[-80.56621,46.64167],[-80.56718,46.63875],[-80.57109,46.63777],[-80.5789,46.63972],[-80.58183,46.64168],[-80.58183,46.64363],[-80.57304,46.64949],[-80.56816,46.65534],[-80.56718,46.6612],[-80.56425,46.66511],[-80.56328,46.67976],[-80.56425,46.68171],[-80.56523,46.69246],[-80.56718,46.69441],[-80.56621,46.69734],[-80.57402,46.70222],[-80.57793,46.7032],[-80.5916,46.70515],[-80.60039,46.70515],[-80.6082,46.71101],[-80.60918,46.7198],[-80.61406,46.71687],[-80.61503,46.71492],[-80.61699,46.71394],[-80.61992,46.71394],[-80.62382,46.71687],[-80.62676,46.71784],[-80.63457,46.72371],[-80.63554,46.72175],[-80.6375,46.72078],[-80.6375,46.71199],[-80.63554,46.71003],[-80.63457,46.69636],[-80.63946,46.69344],[-80.63946,46.68855],[-80.63847,46.68561],[-80.63262,46.68171],[-80.63164,46.67976],[-80.62382,46.6739],[-80.62285,46.66902],[-80.63066,46.66219],[-80.6336,46.65827],[-80.6336,46.6534],[-80.62871,46.64363],[-80.62578,46.6407],[-80.62481,46.62996],[-80.62286,46.628],[-80.62286,46.62507],[-80.62871,46.62507],[-80.63555,46.62116],[-80.64532,46.62214],[-80.64825,46.62312],[-80.64922,46.62898],[-80.65118,46.63093],[-80.65215,46.63483],[-80.65215,46.63972],[-80.65313,46.64167],[-80.65606,46.64363],[-80.66973,46.64363],[-80.67754,46.65046],[-80.6834,46.65242],[-80.69805,46.65535],[-80.70293,46.65534],[-80.72637,46.65828],[-80.73223,46.66315],[-80.73614,46.66315],[-80.74297,46.6573],[-80.7459,46.6573],[-80.74981,46.65437],[-80.75371,46.65339],[-80.75664,46.65535],[-80.76348,46.6573],[-80.77032,46.65828],[-80.77911,46.65827],[-80.79375,46.66121],[-80.79766,46.6612],[-80.80059,46.66316],[-80.80938,46.66121],[-80.8211,46.65144],[-80.82305,46.65339],[-80.82599,46.6534],[-80.83673,46.6612],[-80.83966,46.6612],[-80.84259,46.66316],[-80.86114,46.6778],[-80.8631,46.68073],[-80.87286,46.68757],[-80.87872,46.69441],[-80.87872,46.69636],[-80.88068,46.69733],[-80.88263,46.70027],[-80.88653,46.7032],[-80.88654,46.70515],[-80.88849,46.70612],[-80.8963,46.71394],[-80.90802,46.72273],[-80.91486,46.72664],[-80.91583,46.72859],[-80.91876,46.73055],[-80.91974,46.73347],[-80.91876,46.74714],[-80.92267,46.74616],[-80.9295,46.74616],[-80.93243,46.74226],[-80.93341,46.73835],[-80.93536,46.7364],[-80.93927,46.7364],[-80.94122,46.73444],[-80.94415,46.73444],[-80.94708,46.73249],[-80.95978,46.72957],[-80.95978,46.73738],[-80.96075,46.73933],[-80.96271,46.73835],[-80.98419,46.73347],[-80.99689,46.73347],[-80.99982,46.73055],[-81.01154,46.72956],[-81.01447,46.73152],[-81.02131,46.73347],[-81.02424,46.73347],[-81.02717,46.73543],[-81.03303,46.7364],[-81.04279,46.7364],[-81.04475,46.73445],[-81.04963,46.73249],[-81.06037,46.72273],[-81.06916,46.72174],[-81.07404,46.72566],[-81.07795,46.72566],[-81.08283,46.72273],[-81.09064,46.72077],[-81.0926,46.72273],[-81.09943,46.72272],[-81.10334,46.72175],[-81.1092,46.71784],[-81.1092,46.71199],[-81.11311,46.71198],[-81.12189,46.71004],[-81.12775,46.70808],[-81.13068,46.70613],[-81.13459,46.70515],[-81.13654,46.70319],[-81.13947,46.7032],[-81.14436,46.69929],[-81.14436,46.69734],[-81.14729,46.69538],[-81.14729,46.69343],[-81.15119,46.6905],[-81.18439,46.68659],[-81.18635,46.68562],[-81.20002,46.68269],[-81.20491,46.68269],[-81.20686,46.68464],[-81.21175,46.68562],[-81.22444,46.68562],[-81.22444,46.68172],[-81.22835,46.67781],[-81.23811,46.67781],[-81.23909,46.67194],[-81.23811,46.66901],[-81.24886,46.6612],[-81.24983,46.65828],[-81.25178,46.65632],[-81.2635,46.65241],[-81.27229,46.65241],[-81.27815,46.65046],[-81.28206,46.64655],[-81.28792,46.64362],[-81.29378,46.63776],[-81.29768,46.63777],[-81.30061,46.63483],[-81.30354,46.63483],[-81.31136,46.63289],[-81.3221,46.62604],[-81.326,46.62507],[-81.33382,46.61824],[-81.33382,46.61628],[-81.34554,46.60651],[-81.34749,46.60554],[-81.35042,46.60554],[-81.35237,46.60359],[-81.35823,46.60359],[-81.36018,46.60163],[-81.37776,46.60066],[-81.37971,46.60261],[-81.37971,46.60456],[-81.38264,46.60457],[-81.38557,46.60359],[-81.38557,46.60163],[-81.38948,46.59578],[-81.39632,46.5948],[-81.39729,46.59089],[-81.39925,46.58894],[-81.39925,46.58699],[-81.40218,46.58601],[-81.40804,46.58113],[-81.41781,46.58015],[-81.41976,46.57819],[-81.42269,46.57819],[-81.42464,46.57722],[-81.43734,46.56745],[-81.43734,46.5655],[-81.44515,46.55964],[-81.44515,46.55769],[-81.44808,46.55672],[-81.45004,46.55476],[-81.45004,46.5528],[-81.45296,46.55085],[-81.45785,46.54499],[-81.46078,46.54401],[-81.46859,46.54402],[-81.47054,46.54206],[-81.47152,46.54011],[-81.47152,46.53229],[-81.4725,46.52937],[-81.47445,46.52839],[-81.47543,46.52644],[-81.48031,46.52253],[-81.48129,46.52058],[-81.48519,46.51765],[-81.48812,46.51667],[-81.49496,46.50592],[-81.49593,46.49811],[-81.49886,46.49617],[-81.51058,46.4991],[-81.51351,46.49909],[-81.51937,46.503],[-81.52328,46.50788],[-81.52425,46.51277],[-81.52328,46.51472],[-81.52718,46.51374],[-81.52914,46.51667],[-81.53597,46.52156],[-81.53988,46.52253],[-81.54281,46.52253],[-81.54574,46.52156],[-81.54769,46.5196],[-81.54769,46.51667],[-81.54379,46.51179],[-81.54379,46.50593],[-81.55062,46.50007],[-81.5516,46.49617],[-81.55062,46.49421],[-81.54476,46.4903],[-81.54476,46.48835],[-81.54769,46.4864],[-81.55355,46.4864],[-81.5555,46.47957],[-81.55746,46.47858],[-81.57406,46.47957],[-81.58285,46.47273],[-81.58675,46.47077],[-81.58675,46.46882],[-81.58089,46.46491],[-81.58089,46.46101],[-81.59261,46.45222],[-81.59261,46.44441],[-81.59652,46.44441],[-81.61117,46.44148],[-81.61313,46.4405],[-81.63461,46.43659],[-81.63657,46.44636],[-81.65414,46.44637],[-81.65805,46.44538],[-81.66,46.44343],[-81.6561,46.43855],[-81.6561,46.43464],[-81.65903,46.43172],[-81.66196,46.43074],[-81.68246,46.42781],[-81.68442,46.42585],[-81.68442,46.41901],[-81.68637,46.41706],[-81.69125,46.41707],[-81.69223,46.41999],[-81.69125,46.43073],[-81.69028,46.43269],[-81.69125,46.43464],[-81.70981,46.43464],[-81.70981,46.43659],[-81.71372,46.43952],[-81.71762,46.4405],[-81.72055,46.44245],[-81.72446,46.44636],[-81.72543,46.44929],[-81.73227,46.45026],[-81.73911,46.45027],[-81.74301,46.4532],[-81.74594,46.4532],[-81.74789,46.45515],[-81.7518,46.45612],[-81.76157,46.45417],[-81.76645,46.45026],[-81.77329,46.44831],[-81.79184,46.44733],[-81.79868,46.44538],[-81.80551,46.43757],[-81.80649,46.43172],[-81.81235,46.42682],[-81.81528,46.42683],[-81.82114,46.42389],[-81.82504,46.41999],[-81.827,46.4112],[-81.83579,46.41316],[-81.85743,46.41133],[-81.86704,46.41706],[-81.87193,46.41316],[-81.87583,46.4112],[-81.87876,46.41121],[-81.88267,46.40925],[-81.89439,46.40828],[-81.89829,46.4112],[-81.90513,46.41121],[-81.90904,46.41022],[-81.91294,46.40729],[-81.91685,46.4073],[-81.9188,46.40828],[-81.92271,46.40242],[-81.92466,46.39655],[-81.93931,46.39362],[-81.94321,46.39656],[-81.94321,46.40729],[-81.94224,46.41218],[-81.93931,46.41609],[-81.94517,46.42292],[-81.94614,46.42585],[-81.94517,46.42781],[-81.96568,46.4278],[-81.96958,46.42097],[-81.97446,46.41804],[-81.97837,46.41804],[-81.98032,46.41608],[-81.98325,46.41609],[-81.98716,46.41316],[-81.99009,46.41316],[-81.99303,46.41023],[-82.00377,46.40632],[-82.01157,46.40632],[-82.01744,46.40828],[-82.02428,46.40827],[-82.02623,46.40632],[-82.03014,46.40436],[-82.0399,46.40339],[-82.04479,46.40729],[-82.05064,46.4073],[-82.05455,46.40632],[-82.05748,46.40339],[-82.07408,46.40144],[-82.07604,46.40046],[-82.07799,46.40339],[-82.08287,46.40729],[-82.08775,46.4073],[-82.09752,46.40437],[-82.10338,46.40827],[-82.10729,46.41413],[-82.12779,46.41413],[-82.13463,46.41804],[-82.13658,46.42],[-82.13951,46.41999],[-82.14732,46.42585],[-82.15514,46.42292],[-82.16295,46.42194],[-82.16588,46.41999],[-82.17271,46.41901],[-82.17467,46.41706],[-82.1776,46.41706],[-82.18736,46.41413],[-82.19225,46.41023],[-82.2069,46.4112],[-82.21081,46.41413],[-82.21081,46.41608],[-82.21471,46.42097],[-82.22253,46.42683],[-82.22643,46.4278],[-82.23718,46.43269],[-82.23718,46.43464],[-82.23425,46.43757],[-82.23132,46.43855],[-82.22839,46.44245],[-82.23425,46.44538],[-82.24206,46.4444],[-82.24401,46.44635],[-82.24694,46.44734],[-82.24694,46.44929],[-82.24401,46.45026],[-82.23815,46.45418],[-82.23425,46.45418],[-82.23229,46.45613],[-82.23229,46.45808],[-82.23522,46.46101],[-82.23718,46.46003],[-82.24206,46.46394],[-82.25085,46.46589],[-82.26354,46.46589],[-82.26452,46.46394],[-82.27038,46.45906],[-82.28014,46.45418],[-82.28405,46.45418],[-82.28698,46.45612],[-82.28991,46.45612],[-82.29284,46.45905],[-82.30944,46.45807],[-82.32018,46.45906],[-82.32214,46.46101],[-82.32702,46.44441],[-82.33386,46.4366],[-82.33386,46.43464],[-82.33581,46.43367],[-82.34753,46.41999],[-82.35143,46.41706],[-82.35827,46.41316],[-82.3612,46.41218],[-82.36413,46.41218],[-82.36706,46.41022],[-82.36999,46.41022],[-82.39441,46.40436],[-82.40613,46.40241],[-82.40808,46.40436],[-82.40808,46.4073],[-82.41492,46.41316],[-82.42371,46.41316],[-82.43152,46.41023],[-82.43347,46.40827],[-82.4364,46.40826],[-82.44812,46.40534],[-82.46472,46.40534],[-82.47547,46.40632],[-82.47644,46.40437],[-82.49011,46.40437],[-82.50964,46.39948],[-82.52429,46.39362],[-82.52918,46.39362],[-82.53308,46.39655],[-82.53894,46.39656],[-82.54089,46.3946],[-82.54089,46.39264],[-82.54578,46.38776],[-82.55652,46.39265],[-82.56922,46.39362],[-82.57605,46.39265],[-82.578,46.38678],[-82.58485,46.38776],[-82.59461,46.38776],[-82.59656,46.38972],[-82.60047,46.3907],[-82.60633,46.3907],[-82.60926,46.39362],[-82.62,46.39558],[-82.63661,46.40046],[-82.63954,46.39948],[-82.64149,46.40144],[-82.64637,46.40339],[-82.65028,46.40632],[-82.66102,46.41901],[-82.662,46.42097],[-82.66102,46.42292],[-82.66395,46.42195],[-82.6659,46.4239],[-82.67079,46.42487],[-82.68543,46.42487],[-82.69129,46.4239],[-82.7284,46.4239],[-82.73036,46.42487],[-82.73719,46.42487],[-82.7411,46.42683],[-82.74598,46.43268],[-82.75282,46.43757],[-82.76551,46.4444],[-82.76844,46.44538],[-82.77138,46.44538],[-82.77333,46.44635],[-82.78017,46.44538],[-82.78505,46.44343],[-82.78407,46.43952],[-82.78212,46.43757],[-82.77918,46.43757],[-82.77724,46.43561],[-82.7831,46.43073],[-82.79775,46.43269],[-82.81239,46.43171],[-82.82802,46.43269],[-82.83779,46.4405],[-82.8456,46.45221],[-82.85243,46.45612],[-82.86513,46.45612],[-82.88857,46.45807],[-82.90517,46.46882],[-82.9081,46.47175],[-82.91493,46.4737],[-82.93251,46.4737],[-82.94032,46.47565],[-82.94325,46.47761],[-82.94716,46.47858],[-82.95497,46.48249],[-82.9579,46.48053],[-82.97353,46.47956],[-82.98525,46.47761],[-82.99208,46.47565],[-82.99989,46.47468],[-83.00381,46.4737],[-83.00771,46.47077],[-83.02041,46.46882],[-83.03311,46.45904],[-83.03896,46.45612],[-83.04092,46.45417],[-83.04385,46.45807],[-83.04482,46.46686],[-83.04678,46.46882],[-83.05166,46.46979],[-83.05947,46.46979],[-83.06436,46.46882],[-83.06631,46.46687],[-83.06924,46.46784],[-83.07021,46.46491],[-83.07314,46.46296],[-83.09756,46.46003],[-83.09756,46.46198],[-83.09561,46.46393],[-83.09658,46.4737],[-83.09463,46.47565],[-83.09561,46.47761],[-83.09561,46.48248],[-83.09365,46.48444],[-83.09463,46.48933],[-83.09268,46.49128],[-83.09365,46.49909],[-83.0917,46.50105],[-83.09365,46.50495],[-83.09072,46.50495],[-83.09072,46.5069],[-83.08779,46.50983],[-83.08486,46.51178],[-83.08193,46.51276],[-83.079,46.51277],[-83.07021,46.5196],[-83.07021,46.52936],[-83.07119,46.53131],[-83.06924,46.53327],[-83.06631,46.54108],[-83.06338,46.54499],[-83.06045,46.54694],[-83.05947,46.54987],[-83.05361,46.55768],[-83.04189,46.56843],[-83.03799,46.57136],[-83.03018,46.57331],[-83.02432,46.57331],[-83.01455,46.57526],[-83.00967,46.57526],[-83.00674,46.57721],[-83.00283,46.57819],[-82.99892,46.58112],[-82.99599,46.58502],[-82.99501,46.58893],[-82.99501,46.59382],[-82.99794,46.59772],[-83.00479,46.59772],[-83.00771,46.59577],[-83.01064,46.59577],[-83.0165,46.59382],[-83.01846,46.59186],[-83.02236,46.59089],[-83.03115,46.58405],[-83.03408,46.58405],[-83.03408,46.58209],[-83.03896,46.57819],[-83.04189,46.57819],[-83.04678,46.57428],[-83.04971,46.57428],[-83.05166,46.57234],[-83.05557,46.57233],[-83.0624,46.56744],[-83.06533,46.56744],[-83.06729,46.56647],[-83.07021,46.56354],[-83.07021,46.56159],[-83.07217,46.55964],[-83.07314,46.55085],[-83.07607,46.54694],[-83.08682,46.54694],[-83.10049,46.54499],[-83.11318,46.54694],[-83.12002,46.54694],[-83.121,46.54889],[-83.12393,46.54889],[-83.13271,46.55475],[-83.13369,46.5567],[-83.14443,46.5655],[-83.14834,46.56646],[-83.16201,46.56647],[-83.16885,46.56745],[-83.1708,46.5694],[-83.17471,46.57135],[-83.17568,46.57721],[-83.1835,46.58308],[-83.18643,46.58307],[-83.19424,46.58112],[-83.19912,46.5821],[-83.204,46.5821],[-83.20791,46.58112],[-83.20987,46.57916],[-83.21378,46.57721],[-83.21573,46.57818],[-83.21964,46.57526],[-83.2294,46.57526],[-83.24014,46.58405],[-83.24014,46.59284],[-83.24307,46.59381],[-83.246,46.59381],[-83.24796,46.59284],[-83.24991,46.59381],[-83.25479,46.59967],[-83.26261,46.60163],[-83.28604,46.60162],[-83.29288,46.60651],[-83.29776,46.61237],[-83.30069,46.61237],[-83.3046,46.6153],[-83.30753,46.6153],[-83.30948,46.61725],[-83.31436,46.61725],[-83.31729,46.61921],[-83.32315,46.62018],[-83.33292,46.62018],[-83.3378,46.61725],[-83.34464,46.61627],[-83.36124,46.61628],[-83.3671,46.61726],[-83.37784,46.61725],[-83.40031,46.61334],[-83.41104,46.61335],[-83.41496,46.6153],[-83.41789,46.61921],[-83.41789,46.62214],[-83.42179,46.62507],[-83.42863,46.62507],[-83.43937,46.62214],[-83.4423,46.61921],[-83.44523,46.61921],[-83.45011,46.6153],[-83.45304,46.61432],[-83.45402,46.60651],[-83.44816,46.60065],[-83.44816,46.59381],[-83.45011,46.58893],[-83.45402,46.586],[-83.45695,46.586],[-83.45988,46.58405],[-83.46379,46.58307],[-83.46964,46.57819],[-83.46769,46.57526],[-83.46476,46.5733],[-83.46476,46.57136],[-83.46671,46.5694],[-83.46964,46.57038],[-83.47843,46.57037],[-83.48625,46.56452],[-83.48625,46.56257],[-83.49015,46.55768],[-83.49113,46.54108],[-83.49406,46.53816],[-83.50089,46.5362],[-83.51652,46.5362],[-83.51945,46.53522],[-83.5214,46.52741],[-83.52531,46.52448],[-83.53019,46.52155],[-83.53312,46.52154],[-83.54875,46.51764],[-83.55851,46.51667],[-83.56144,46.5196],[-83.56535,46.5196],[-83.57316,46.51764],[-83.57707,46.5196],[-83.57804,46.52155],[-83.58782,46.52937],[-83.59074,46.52838],[-83.59367,46.53034],[-83.59661,46.53034],[-83.59856,46.53229],[-83.60832,46.53522],[-83.61614,46.53523],[-83.6259,46.54303],[-83.6259,46.54499],[-83.62883,46.54889],[-83.63079,46.55475],[-83.63567,46.55476],[-83.6386,46.55377],[-83.64739,46.5528],[-83.65422,46.55768],[-83.6552,46.56061],[-83.66106,46.56354],[-83.66301,46.56257],[-83.66594,46.55866],[-83.68645,46.55768],[-83.69036,46.55963],[-83.69719,46.5694],[-83.70012,46.57135],[-83.70207,46.57819],[-83.70403,46.58014],[-83.71477,46.58014],[-83.71965,46.57623],[-83.72161,46.57038],[-83.71868,46.57038],[-83.71184,46.5655],[-83.70891,46.5655],[-83.70696,46.55475],[-83.70793,46.5528],[-83.7177,46.54499],[-83.72161,46.544],[-83.74211,46.54499],[-83.74407,46.54401],[-83.74504,46.54108],[-83.74407,46.52447],[-83.74016,46.52155],[-83.73918,46.51959],[-83.73235,46.51569],[-83.72454,46.50983],[-83.72551,46.50495],[-83.73137,46.50202],[-83.73528,46.50104],[-83.73723,46.49909],[-83.74016,46.49908],[-83.74211,46.49714],[-83.74504,46.49713],[-83.74993,46.49323],[-83.75383,46.49128],[-83.76361,46.4903],[-83.76556,46.49225],[-83.76849,46.49323],[-83.77532,46.49323],[-83.7763,46.50006],[-83.77923,46.5069],[-83.78607,46.51178],[-83.80169,46.51374],[-83.80657,46.5157],[-83.80853,46.51764],[-83.80853,46.51959],[-83.81243,46.52253],[-83.81536,46.52252],[-83.82122,46.52545],[-83.82415,46.53034],[-83.82415,46.53522],[-83.82513,46.53717],[-83.82806,46.54108],[-83.84075,46.55084],[-83.84075,46.5528],[-83.85247,46.55866],[-83.85736,46.56257],[-83.86419,46.56354],[-83.87103,46.5655],[-83.87396,46.5655],[-83.87786,46.5694],[-83.87591,46.57135],[-83.87103,46.57233],[-83.86419,46.57233],[-83.85443,46.5694],[-83.83685,46.56745],[-83.82415,46.56842],[-83.82025,46.57331],[-83.82708,46.57721],[-83.83294,46.57721],[-83.83489,46.57819],[-83.83782,46.57721],[-83.86907,46.57819],[-83.87298,46.57916],[-83.8681,46.58796],[-83.86321,46.59284],[-83.84271,46.59479],[-83.84075,46.59675],[-83.83782,46.59773],[-83.83489,46.59772],[-83.83099,46.59967],[-83.82806,46.6026],[-83.82318,46.60456],[-83.82611,46.60846],[-83.8388,46.60846],[-83.84271,46.60749],[-83.84564,46.60554],[-83.8515,46.60359],[-83.86321,46.60455],[-83.872,46.60847],[-83.88665,46.62213],[-83.88665,46.62409],[-83.89739,46.63776],[-83.89739,46.64167],[-83.89935,46.64851],[-83.89739,46.65534],[-83.89251,46.66022],[-83.89056,46.66412],[-83.89056,46.67096],[-83.88079,46.67389],[-83.87786,46.6739],[-83.88079,46.67585],[-83.88079,46.67878],[-83.88708,46.68352],[-83.88177,46.68659],[-83.87884,46.68659],[-83.87591,46.68854],[-83.86712,46.69147],[-83.86419,46.69148],[-83.86224,46.69343],[-83.85638,46.69636],[-83.85345,46.69635],[-83.84759,46.70124],[-83.84466,46.70124],[-83.83782,46.7071],[-83.82904,46.71296],[-83.82806,46.71491],[-83.82904,46.71784],[-83.82415,46.71784],[-83.8222,46.7237],[-83.8222,46.73346],[-83.83001,46.74127],[-83.82904,46.74909],[-83.83196,46.75104],[-83.83392,46.75397],[-83.84075,46.75984],[-83.85736,46.76081],[-83.85931,46.76178],[-83.86126,46.76373],[-83.86126,46.7696],[-83.86321,46.77155],[-83.86321,46.7735],[-83.86907,46.77839],[-83.872,46.77839],[-83.87982,46.78424],[-83.88275,46.78327],[-83.88958,46.78816],[-83.89251,46.78816],[-83.89446,46.79011],[-83.89739,46.79108],[-83.91986,46.79011],[-83.92181,46.79108],[-83.92474,46.79011],[-83.93157,46.79499],[-83.9345,46.79889],[-83.93841,46.79889],[-83.93744,46.80084],[-83.93939,46.8028],[-83.93939,46.80476],[-83.95111,46.81159],[-83.95404,46.81452],[-83.95794,46.81452],[-83.9599,46.81745],[-83.95795,46.83112],[-83.95892,46.83796],[-83.95794,46.84968],[-83.956,46.86042],[-83.95208,46.86335],[-83.95111,46.87214],[-83.94427,46.87409],[-83.93743,46.87409],[-83.93255,46.878],[-83.93255,46.87995],[-83.93548,46.8819],[-83.95208,46.88092],[-83.95404,46.87898],[-83.96478,46.87898],[-83.96869,46.88093],[-83.96869,46.88678],[-83.96186,46.89265],[-83.95989,46.89362],[-83.95697,46.89362],[-83.95404,46.89655],[-83.94622,46.90045],[-83.94232,46.90143],[-83.93255,46.90143],[-83.92963,46.90241],[-83.92767,46.90534],[-83.92767,46.90827],[-83.9306,46.91022],[-83.93744,46.91218],[-83.9472,46.91218],[-83.95111,46.9112],[-83.95404,46.90827],[-83.96479,46.90827],[-83.96868,46.90925],[-83.96967,46.91316],[-83.96674,46.91511],[-83.96283,46.91609],[-83.95404,46.91608],[-83.9472,46.92194],[-83.94622,46.92682],[-83.94232,46.92975],[-83.93646,46.93171],[-83.92864,46.93268],[-83.91986,46.93268],[-83.91693,46.93366],[-83.90032,46.94538],[-83.89739,46.94537],[-83.89446,46.94831],[-83.8847,46.95026],[-83.87103,46.95124],[-83.8681,46.95417],[-83.84271,46.95515],[-83.82611,46.95319],[-83.81732,46.95905],[-83.81439,46.95905],[-83.81243,46.961],[-83.79974,46.96491],[-83.79779,46.96686],[-83.79876,46.97077],[-83.80169,46.97175],[-83.81536,46.97175],[-83.82025,46.96979],[-83.8222,46.96784],[-83.84173,46.96491],[-83.85736,46.96491],[-83.87103,46.96295],[-83.87298,46.96101],[-83.87591,46.961],[-83.87786,46.96003],[-83.89251,46.96002],[-83.89642,46.96393],[-83.89642,46.96784],[-83.89251,46.9737],[-83.89154,46.97761],[-83.88861,46.98053],[-83.88665,46.98834],[-83.88372,46.99128],[-83.89251,47.00006],[-83.89837,47.00397],[-83.90423,47.0108],[-83.90814,47.0108],[-83.90911,47.01471],[-83.91595,47.01667],[-83.92083,47.01667],[-83.92571,47.02057],[-83.92962,47.02546],[-83.93548,47.02252],[-83.93841,47.02253],[-83.93939,47.02448],[-83.94232,47.0235],[-83.94818,47.02839],[-83.9638,47.03815],[-83.95794,47.04498],[-83.95501,47.04401],[-83.95306,47.04206],[-83.94622,47.04206],[-83.94134,47.04596],[-83.93646,47.04694],[-83.93353,47.04987],[-83.9306,47.04987],[-83.92279,47.05573],[-83.92181,47.06842],[-83.92376,47.07038],[-83.92474,47.07331],[-83.92279,47.07526],[-83.91986,47.07331],[-83.91693,47.07331],[-83.91302,47.07038],[-83.91009,47.07038],[-83.90716,47.0694],[-83.89837,47.07624],[-83.89642,47.07917],[-83.89251,47.08209],[-83.86224,47.08698],[-83.85736,47.08893],[-83.85736,47.09381],[-83.85931,47.09577],[-83.86029,47.09968],[-83.86224,47.10163],[-83.86321,47.10553],[-83.86712,47.10944],[-83.87884,47.11628],[-83.87982,47.12214],[-83.88275,47.12507],[-83.88861,47.12507],[-83.89446,47.12702],[-83.89739,47.12995],[-83.89446,47.13288],[-83.89349,47.14459],[-83.89544,47.14948],[-83.89837,47.15143],[-83.90618,47.15046],[-83.91497,47.14362],[-83.92474,47.14558],[-83.92767,47.14362],[-83.92669,47.13971],[-83.92962,47.1358],[-83.94036,47.13581],[-83.94427,47.15534],[-83.94427,47.16609],[-83.94622,47.16803],[-83.94622,47.17096],[-83.94818,47.17292],[-83.94818,47.17487],[-83.95111,47.1778],[-83.95111,47.17975],[-83.95892,47.18757],[-83.95599,47.19343],[-83.94915,47.19831],[-83.93841,47.19831],[-83.92962,47.19636],[-83.92376,47.19734],[-83.92279,47.20124],[-83.92571,47.20319],[-83.92669,47.20515],[-83.92571,47.21394],[-83.93255,47.22273],[-83.93841,47.22272],[-83.94134,47.22077],[-83.94232,47.21394],[-83.9472,47.21296],[-83.95306,47.21491],[-83.95696,47.21101],[-83.95794,47.20416],[-83.96087,47.20124],[-83.9638,47.19929],[-83.97064,47.19928],[-83.97161,47.20124],[-83.97064,47.20417],[-83.96575,47.21003],[-83.96478,47.22175],[-83.96771,47.2237],[-83.97943,47.22468],[-83.9804,47.22858],[-83.97161,47.2364],[-83.97259,47.24128],[-83.97845,47.24617],[-83.98138,47.24714],[-83.99993,47.25007],[-84.00579,47.2442],[-84.01165,47.24909],[-84.01556,47.25007],[-84.01653,47.25202],[-84.01654,47.25398],[-84.01458,47.25593],[-84.01361,47.25984],[-84.00775,47.25984],[-84.00384,47.25691],[-83.99993,47.25984],[-83.98821,47.25984],[-83.97747,47.26862],[-83.97454,47.26862],[-83.97454,47.27839],[-83.97552,47.28034],[-83.96966,47.28523],[-83.96868,47.28816],[-83.96087,47.28816],[-83.95208,47.29011],[-83.9472,47.29011],[-83.94525,47.29206],[-83.94232,47.29305],[-83.93939,47.29303],[-83.93646,47.29499],[-83.9306,47.29597],[-83.92083,47.29597],[-83.91693,47.29303],[-83.91595,47.29109],[-83.91107,47.29109],[-83.90032,47.2989],[-83.89739,47.29987],[-83.89446,47.29891],[-83.89446,47.29695],[-83.89153,47.295],[-83.87493,47.29402],[-83.87298,47.29695],[-83.87395,47.30378],[-83.87102,47.30476],[-83.86223,47.30476],[-83.8593,47.30671],[-83.85149,47.30769],[-83.84856,47.30964],[-83.84465,47.31062],[-83.84075,47.31062],[-83.83879,47.31257],[-83.83293,47.31355],[-83.82903,47.3155],[-83.82414,47.31941],[-83.8261,47.32332],[-83.83391,47.32917],[-83.83782,47.33015],[-83.84758,47.33015],[-83.84954,47.3282],[-83.85246,47.3282],[-83.85539,47.32625],[-83.8593,47.32624],[-83.86223,47.32527],[-83.86516,47.32332],[-83.87591,47.32038],[-83.87786,47.31843],[-83.88079,47.31843],[-83.88275,47.31648],[-83.89251,47.31355],[-83.90228,47.31355],[-83.90422,47.3155],[-83.90325,47.32039],[-83.89934,47.32429],[-83.89739,47.32819],[-83.89739,47.3321],[-83.9013,47.33699],[-83.90911,47.34285],[-83.9052,47.34773],[-83.9052,47.34968],[-83.89836,47.35359],[-83.8925,47.35848],[-83.88664,47.35945],[-83.88469,47.36141],[-83.88176,47.3614],[-83.87981,47.36336],[-83.8759,47.36335],[-83.87395,47.36531],[-83.87004,47.36628],[-83.8632,47.36629],[-83.86187,47.3654],[-83.86125,47.37508],[-83.88274,47.37898],[-83.91008,47.378],[-83.91789,47.37703],[-83.93157,47.37898],[-83.95501,47.37996],[-83.96966,47.37898],[-83.97845,47.38191],[-83.98138,47.38191],[-83.99017,47.38484],[-83.997,47.38582]]]}},{"type":"Feature","properties":{"OGF_ID":625,"ECOREGION_NAME":"Lake Simcoe - Rideau"},"geometry":{"type":"Polygon","coordinates":[[[-79.15892,43.82977],[-79.15304,43.82349],[-79.14496,43.81845],[-79.12724,43.81152],[-79.11491,43.81054],[-79.11088,43.80736],[-79.10859,43.80408],[-79.10253,43.80271],[-78.69674,43.62892],[-78.69039,43.63115],[-78.15606,43.63115],[-77.6245,43.63115],[-77.20921,43.63115],[-76.7967,43.63115],[-76.43895,44.09406],[-76.35286,44.13434],[-76.31272,44.19906],[-76.28667,44.20381],[-76.24547,44.20387],[-76.20684,44.21501],[-76.19172,44.22143],[-76.16431,44.23984],[-76.16181,44.28074],[-76.13117,44.2964],[-76.12945,44.29515],[-76.1182,44.29493],[-76.11184,44.29809],[-76.09697,44.29973],[-76.0455,44.33181],[-76.008,44.3442],[-76.00111,44.34787],[-75.98609,44.3469],[-75.98195,44.34748],[-75.98022,44.34604],[-75.97845,44.34651],[-75.97503,44.34601],[-75.97292,44.34304],[-75.9702,44.34254],[-75.94972,44.34898],[-75.94084,44.35468],[-75.92953,44.35931],[-75.92167,44.36876],[-75.91284,44.36781],[-75.86992,44.39618],[-75.82139,44.43206],[-75.80759,44.4717],[-75.76692,44.51529],[-75.72586,44.54384],[-75.69934,44.56573],[-75.66134,44.59273],[-75.62003,44.61873],[-75.50492,44.70537],[-75.47611,44.72079],[-75.42364,44.75609],[-75.41372,44.77218],[-75.39653,44.77351],[-75.38786,44.77959],[-75.36995,44.78298],[-75.36959,44.78776],[-75.34442,44.80904],[-75.33356,44.80626],[-75.30189,44.82648],[-75.30742,44.83665],[-75.28486,44.84831],[-75.26831,44.85493],[-75.25609,44.85734],[-75.24103,44.86715],[-75.22825,44.86834],[-75.21839,44.87779],[-75.20289,44.87784],[-75.19417,44.88268],[-75.18889,44.8832],[-75.16497,44.89356],[-75.14,44.89695],[-75.13467,44.91506],[-75.11759,44.92109],[-75.10478,44.91965],[-75.09642,44.92706],[-75.06467,44.92951],[-75.05995,44.93448],[-75.0267,44.94665],[-75.00503,44.95843],[-75.00289,44.96245],[-74.99945,44.96615],[-74.99934,44.97176],[-74.99281,44.97751],[-74.97256,44.98348],[-74.94725,44.98487],[-74.90806,44.98354],[-74.90106,44.99256],[-74.88845,44.99998],[-74.8772,45.00145],[-74.86636,45.00048],[-74.86261,45.00456],[-74.85617,45.00451],[-74.84611,45.01031],[-74.84189,45.01129],[-74.83478,45.01465],[-74.82653,45.01587],[-74.81709,45.01159],[-74.81325,45.01356],[-74.80147,45.01456],[-74.79984,45.01081],[-74.79289,45.00443],[-74.76314,45.00573],[-74.76034,44.99501],[-74.7445,44.99068],[-74.73095,44.99048],[-74.72181,44.99845],[-74.70228,45.00331],[-74.68356,44.99951],[-74.67328,45.00084],[-74.67053,45.00629],[-74.6685,45.00429],[-74.66125,45.01371],[-74.65797,45.01683],[-74.65359,45.01917],[-74.59609,45.0417],[-74.57401,45.04363],[-74.56569,45.04717],[-74.56558,45.04132],[-74.53081,45.05207],[-74.53102,45.06346],[-74.50947,45.0783],[-74.49339,45.06658],[-74.44231,45.13033],[-74.41938,45.14112],[-74.37692,45.15396],[-74.32011,45.18817],[-74.37313,45.22758],[-74.47134,45.30228],[-74.47008,45.30797],[-74.42705,45.42409],[-74.4104,45.47214],[-74.39535,45.51788],[-74.38114,45.56553],[-74.38656,45.56831],[-74.40215,45.57111],[-74.4187,45.57287],[-74.43135,45.57277],[-74.43941,45.57481],[-74.4482,45.57885],[-74.4632,45.58986],[-74.46958,45.59267],[-74.47804,45.59511],[-74.48674,45.59563],[-74.50435,45.59254],[-74.515,45.59162],[-74.52336,45.59146],[-74.52853,45.59243],[-74.55962,45.6047],[-74.60729,45.62108],[-74.61552,45.6256],[-74.6245,45.6338],[-74.63308,45.63725],[-74.64107,45.63849],[-74.64489,45.63838],[-74.65099,45.63733],[-74.65826,45.635],[-74.66915,45.63346],[-74.72514,45.62818],[-74.7301,45.62854],[-74.76742,45.63616],[-74.78645,45.63863],[-74.79814,45.63912],[-74.82062,45.63775],[-74.84401,45.63782],[-74.88535,45.64294],[-74.92436,45.64531],[-74.93544,45.64522],[-74.94469,45.64309],[-74.9513,45.64023],[-74.95753,45.63521],[-74.96699,45.62431],[-74.97286,45.62],[-74.9996,45.60555],[-75.01144,45.6005],[-75.02359,45.59689],[-75.04558,45.59206],[-75.08283,45.59025],[-75.10215,45.58223],[-75.1167,45.57779],[-75.13354,45.57612],[-75.14972,45.57818],[-75.16002,45.57874],[-75.17269,45.57691],[-75.18036,45.5783],[-75.1953,45.58448],[-75.20545,45.58692],[-75.22724,45.58743],[-75.24077,45.58588],[-75.24804,45.58314],[-75.2976,45.55985],[-75.30062,45.55783],[-75.30575,45.55193],[-75.31239,45.54812],[-75.31944,45.54492],[-75.34395,45.53695],[-75.36318,45.53199],[-75.37917,45.5288],[-75.38821,45.52494],[-75.41161,45.52341],[-75.41658,45.52162],[-75.427,45.51974],[-75.44553,45.52069],[-75.45831,45.51832],[-75.46811,45.51517],[-75.47861,45.51345],[-75.53456,45.49337],[-75.54759,45.48651],[-75.55829,45.48339],[-75.57059,45.47621],[-75.57815,45.47393],[-75.58897,45.47261],[-75.61925,45.4715],[-75.63653,45.46615],[-75.67617,45.46055],[-75.6837,45.45872],[-75.69032,45.45468],[-75.69553,45.44876],[-75.70286,45.43716],[-75.70432,45.42698],[-75.70953,45.42331],[-75.71778,45.42155],[-75.72266,45.42204],[-75.72364,45.42154],[-75.72397,45.41772],[-75.72487,45.41725],[-75.72997,45.41722],[-75.73465,45.41617],[-75.76167,45.40805],[-75.76526,45.40448],[-75.77139,45.39535],[-75.7779,45.38888],[-75.78711,45.38247],[-75.79956,45.37647],[-75.81269,45.37292],[-75.82693,45.37276],[-75.84006,45.37509],[-75.84512,45.3774],[-75.86868,45.38442],[-75.9028,45.40697],[-75.92741,45.42787],[-75.95319,45.45781],[-75.96311,45.46648],[-75.96956,45.47338],[-75.97331,45.47599],[-75.97994,45.47858],[-75.99114,45.48042],[-76.01432,45.4866],[-76.02341,45.49025],[-76.04273,45.49626],[-76.08134,45.51042],[-76.08789,45.5157],[-76.09158,45.51675],[-76.11482,45.51729],[-76.13806,45.51875],[-76.15107,45.51679],[-76.16681,45.51592],[-76.17255,45.5161],[-76.18146,45.5177],[-76.1922,45.518],[-76.2046,45.51764],[-76.21184,45.5164],[-76.22781,45.51144],[-76.23392,45.50724],[-76.23912,45.47333],[-76.24086,45.46991],[-76.24259,45.46881],[-76.24694,45.46797],[-76.26165,45.46818],[-76.28975,45.46593],[-76.29899,45.46375],[-76.31274,45.45828],[-76.31977,45.45706],[-76.35524,45.45698],[-76.36818,45.45886],[-76.39074,45.46704],[-76.39792,45.47042],[-76.41839,45.48435],[-76.43207,45.49174],[-76.45575,45.50101],[-76.4635,45.50224],[-76.47267,45.50248],[-76.48002,45.50461],[-76.49979,45.51752],[-76.50256,45.51792],[-76.51083,45.51687],[-76.519,45.51697],[-76.57269,45.52742],[-76.60741,45.53208],[-76.62192,45.54013],[-76.63434,45.54559],[-76.64236,45.5514],[-76.65709,45.55808],[-76.65944,45.55984],[-76.67487,45.58528],[-76.67482,45.58854],[-76.67132,45.59931],[-76.67307,45.60858],[-76.66994,45.62008],[-76.67023,45.62467],[-76.67492,45.62921],[-76.68305,45.6351],[-76.69026,45.64553],[-76.71265,45.66294],[-76.71277,45.66573],[-76.71055,45.6698],[-76.70366,45.67649],[-76.69997,45.67784],[-76.69121,45.67853],[-76.68872,45.68128],[-76.68662,45.68814],[-76.69258,45.69602],[-76.69598,45.70219],[-76.69217,45.70805],[-76.69202,45.71024],[-76.69788,45.7118],[-76.70128,45.71429],[-76.7039,45.71749],[-76.7036,45.72082],[-76.70439,45.72177],[-76.71089,45.72179],[-76.7178,45.71955],[-76.72118,45.71924],[-76.72944,45.72074],[-76.73444,45.72295],[-76.7489,45.72426],[-76.75361,45.72578],[-76.76868,45.73408],[-76.7696,45.7412],[-76.76588,45.74512],[-76.76567,45.7467],[-76.76645,45.74768],[-76.77103,45.74949],[-76.76792,45.75551],[-76.77034,45.75771],[-76.77359,45.76603],[-76.77486,45.77311],[-76.77979,45.78026],[-76.78076,45.78366],[-76.77739,45.7935],[-76.77216,45.80053],[-76.76681,45.80546],[-76.76559,45.80799],[-76.76563,45.81496],[-76.76785,45.81965],[-76.76874,45.82705],[-76.7711,45.83267],[-76.76662,45.84145],[-76.76436,45.85033],[-76.76571,45.85263],[-76.77397,45.85938],[-76.77545,45.86198],[-76.77707,45.86973],[-76.78023,45.87281],[-76.78626,45.87491],[-76.80364,45.87652],[-76.84503,45.89316],[-76.84992,45.8945],[-76.85394,45.89445],[-76.86677,45.89231],[-76.87058,45.89243],[-76.87668,45.89354],[-76.88765,45.89786],[-76.89323,45.89867],[-76.91973,45.8957],[-76.92722,45.89355],[-76.93017,45.8908],[-76.93043,45.88813],[-76.92675,45.88437],[-76.92586,45.88031],[-76.92342,45.87622],[-76.92319,45.87126],[-76.91826,45.86672],[-76.90957,45.86262],[-76.90699,45.85829],[-76.90301,45.85647],[-76.90256,45.85319],[-76.90104,45.85078],[-76.90291,45.84911],[-76.90806,45.84735],[-76.9223,45.84997],[-76.92664,45.84969],[-76.92872,45.84817],[-76.91234,45.81105],[-76.91157,45.80815],[-76.91242,45.8047],[-76.92015,45.79913],[-76.93875,45.78841],[-76.98508,45.78657],[-76.98941,45.78752],[-76.99316,45.78928],[-77.00852,45.80264],[-77.01756,45.80723],[-77.02494,45.80873],[-77.0422,45.80726],[-77.05164,45.8101],[-77.05433,45.8121],[-77.0639,45.82492],[-77.07168,45.83107],[-77.09252,45.83849],[-77.11081,45.84015],[-77.12864,45.84333],[-77.1533,45.85457],[-77.19341,45.86601],[-77.19874,45.87071],[-77.20333,45.87979],[-77.22821,45.90686],[-77.23466,45.91276],[-77.23563,45.91477],[-77.23562,45.92009],[-77.24015,45.92411],[-77.2418,45.89205],[-77.24324,45.88985],[-77.24434,45.88314],[-77.24654,45.87916],[-77.24916,45.8689],[-77.24591,45.85979],[-77.24572,45.85303],[-77.24838,45.84232],[-77.24026,45.829],[-77.23845,45.82714],[-77.21668,45.82552],[-77.21943,45.82291],[-77.21971,45.81886],[-77.21665,45.81651],[-77.21282,45.81594],[-77.21597,45.80749],[-77.20917,45.80321],[-77.20404,45.80304],[-77.20276,45.81245],[-77.19943,45.81414],[-77.19728,45.81722],[-77.18927,45.82145],[-77.18147,45.82254],[-77.17964,45.82113],[-77.18153,45.81219],[-77.18013,45.80449],[-77.17261,45.80155],[-77.16684,45.80134],[-77.16723,45.79551],[-77.16494,45.79138],[-77.16311,45.78997],[-77.15923,45.79029],[-77.15648,45.7929],[-77.15045,45.7963],[-77.1521,45.8004],[-77.15163,45.80714],[-77.14271,45.80593],[-77.1409,45.80407],[-77.13705,45.80395],[-77.13278,45.80065],[-77.13083,45.79158],[-77.12452,45.78057],[-77.12141,45.77911],[-77.119,45.77678],[-77.11857,45.77361],[-77.12024,45.75882],[-77.123,45.75621],[-77.12838,45.75279],[-77.13094,45.75288],[-77.13812,45.75132],[-77.15745,45.75062],[-77.16204,45.74943],[-77.16479,45.74682],[-77.16497,45.74413],[-77.16235,45.73549],[-77.16248,45.72424],[-77.15622,45.72179],[-77.14899,45.71478],[-77.14582,45.71422],[-77.13774,45.71036],[-77.12606,45.70275],[-77.11206,45.69148],[-77.10908,45.68822],[-77.10516,45.67999],[-77.09707,45.66712],[-77.09523,45.66569],[-77.08943,45.65695],[-77.08516,45.65365],[-77.08209,45.65175],[-77.06676,45.65077],[-77.05545,45.64722],[-77.0472,45.64604],[-77.03743,45.63895],[-77.03144,45.6329],[-77.02741,45.62645],[-77.02366,45.62497],[-77.00639,45.62437],[-77.01704,45.60989],[-77.01589,45.60804],[-77.01569,45.60174],[-77.01096,45.59617],[-76.99637,45.58486],[-76.99468,45.58164],[-76.98681,45.57507],[-76.98308,45.57359],[-76.97966,45.57662],[-76.96769,45.5825],[-76.9645,45.58238],[-76.96421,45.57743],[-76.95923,45.57545],[-76.9529,45.57432],[-76.9382,45.57381],[-76.93731,45.56837],[-76.94358,45.56139],[-76.94754,45.55973],[-76.95921,45.55789],[-76.96014,45.55387],[-76.95196,45.55179],[-76.94244,45.55055],[-76.93376,45.54664],[-76.93165,45.54026],[-76.92821,45.53474],[-76.91589,45.528],[-76.91628,45.52261],[-76.92018,45.52185],[-76.92465,45.52201],[-76.93857,45.5243],[-76.94189,45.52262],[-76.94027,45.51851],[-76.93091,45.51503],[-76.92246,45.50798],[-76.9151,45.50367],[-76.90881,45.50209],[-76.90431,45.50238],[-76.90229,45.50365],[-76.88496,45.50439],[-76.88033,45.50646],[-76.87143,45.50569],[-76.86904,45.50335],[-76.8652,45.50322],[-76.86275,45.50178],[-76.85733,45.49708],[-76.85555,45.49521],[-76.85572,45.49297],[-76.85907,45.49084],[-76.86552,45.49018],[-76.88463,45.49131],[-76.89854,45.49361],[-76.90812,45.49396],[-76.91925,45.49931],[-76.92748,45.5005],[-76.93709,45.5004],[-76.94268,45.49385],[-76.943,45.48936],[-76.93184,45.48446],[-76.93022,45.48035],[-76.90962,45.47331],[-76.8961,45.46562],[-76.8935,45.45743],[-76.89111,45.45509],[-76.88161,45.45385],[-76.87426,45.45809],[-76.86795,45.45695],[-76.85722,45.46377],[-76.85575,45.46641],[-76.85185,45.46718],[-76.85048,45.46848],[-76.84601,45.46831],[-76.83909,45.46671],[-76.83413,45.46472],[-76.8209,45.462],[-76.8134,45.45947],[-76.80354,45.4546],[-76.80307,45.45233],[-76.80531,45.44792],[-76.80413,45.44653],[-76.77299,45.44403],[-76.7596,45.44353],[-76.75061,45.44409],[-76.74199,45.44827],[-76.72251,45.45204],[-76.71985,45.4533],[-76.71083,45.4543],[-76.70613,45.45727],[-76.69172,45.46169],[-76.66929,45.46219],[-76.65887,45.45639],[-76.63538,45.45414],[-76.63074,45.45622],[-76.62239,45.4568],[-76.61987,45.45625],[-76.61806,45.45483],[-76.60474,45.45342],[-76.60431,45.4507],[-76.60016,45.44649],[-76.59974,45.44377],[-76.59665,45.4423],[-76.59223,45.44168],[-76.58731,45.43924],[-76.58361,45.42919],[-76.57738,45.42716],[-76.56857,45.42546],[-76.56074,45.4193],[-76.55915,45.41519],[-76.55561,45.41145],[-76.54795,45.41115],[-76.54141,45.41315],[-76.53783,45.41796],[-76.53755,45.42155],[-76.53489,45.4228],[-76.5212,45.41821],[-76.51323,45.41384],[-76.50903,45.41052],[-76.50608,45.40668],[-76.50358,45.40671],[-76.4976,45.40153],[-76.49616,45.39562],[-76.46398,45.38264],[-76.45542,45.37779],[-76.43318,45.3607],[-76.4283,45.35781],[-76.42272,45.35578],[-76.40872,45.35522],[-76.39334,45.35595],[-76.39009,45.35671],[-76.38054,45.35633],[-76.3768,45.35528],[-76.37567,45.35343],[-76.37316,45.35288],[-76.36048,45.35192],[-76.34355,45.34808],[-76.33155,45.34668],[-76.32154,45.34402],[-76.31747,45.33936],[-76.31551,45.33207],[-76.31368,45.3311],[-76.31263,45.32836],[-76.31218,45.32577],[-76.31496,45.32039],[-76.31124,45.31706],[-76.30417,45.31469],[-76.29858,45.31106],[-76.29696,45.30957],[-76.2948,45.30372],[-76.29465,45.3011],[-76.29638,45.29692],[-76.30389,45.29248],[-76.30987,45.28501],[-76.30772,45.27675],[-76.31019,45.27276],[-76.3114,45.25907],[-76.30995,45.25667],[-76.30801,45.25569],[-76.3049,45.25677],[-76.30293,45.26088],[-76.30065,45.26162],[-76.28126,45.26618],[-76.27752,45.26663],[-76.2741,45.26588],[-76.26503,45.25858],[-76.2631,45.25519],[-76.26581,45.25039],[-76.26908,45.24892],[-76.28162,45.24627],[-76.28293,45.24415],[-76.28007,45.23178],[-76.28159,45.22274],[-76.27666,45.21625],[-76.27309,45.21441],[-76.26552,45.21559],[-76.25487,45.21522],[-76.25195,45.21405],[-76.25058,45.21147],[-76.25174,45.20741],[-76.24687,45.20539],[-76.24109,45.20561],[-76.23596,45.20725],[-76.23416,45.2093],[-76.22454,45.21184],[-76.21901,45.21245],[-76.21705,45.21348],[-76.21364,45.21255],[-76.21035,45.20453],[-76.20621,45.18843],[-76.20911,45.16519],[-76.21171,45.15084],[-76.21344,45.14747],[-76.21094,45.14282],[-76.21056,45.13819],[-76.21181,45.13332],[-76.20697,45.12541],[-76.20422,45.12288],[-76.20195,45.12219],[-76.19828,45.12252],[-76.18913,45.12606],[-76.18118,45.12703],[-76.16999,45.12393],[-76.17032,45.11843],[-76.16457,45.1213],[-76.16724,45.11327],[-76.17181,45.10731],[-76.16651,45.10569],[-76.16477,45.10436],[-76.16369,45.10246],[-76.16558,45.09926],[-76.16511,45.09705],[-76.15895,45.09554],[-76.15573,45.08956],[-76.15627,45.08625],[-76.16468,45.08577],[-76.16915,45.08216],[-76.16925,45.07981],[-76.16626,45.07421],[-76.16433,45.06716],[-76.16465,45.05812],[-76.16953,45.05018],[-76.17776,45.04388],[-76.17214,45.03847],[-76.17501,45.03692],[-76.2112,45.03928],[-76.21947,45.04383],[-76.22619,45.04929],[-76.24424,45.05165],[-76.24772,45.0548],[-76.2482,45.05732],[-76.24776,45.06155],[-76.24496,45.06767],[-76.24485,45.07191],[-76.2477,45.07278],[-76.25876,45.0727],[-76.26186,45.07145],[-76.26431,45.06991],[-76.26572,45.06471],[-76.26973,45.06049],[-76.27332,45.05935],[-76.27755,45.05903],[-76.28267,45.05928],[-76.28875,45.06335],[-76.29393,45.06882],[-76.29637,45.06986],[-76.30587,45.06977],[-76.31126,45.06819],[-76.31886,45.06243],[-76.32246,45.05826],[-76.33445,45.05281],[-76.3387,45.04968],[-76.34982,45.03883],[-76.35385,45.03038],[-76.35318,45.01967],[-76.34656,45.01055],[-76.34665,45.00843],[-76.34961,45.00358],[-76.35021,44.99877],[-76.35425,44.99468],[-76.35853,44.98619],[-76.35547,44.98105],[-76.35778,44.97519],[-76.36299,44.96827],[-76.36173,44.95881],[-76.36863,44.95461],[-76.37117,44.94932],[-76.37976,44.93839],[-76.37796,44.93401],[-76.38288,44.92016],[-76.38305,44.91358],[-76.38839,44.89888],[-76.38874,44.89208],[-76.40201,44.86432],[-76.42102,44.84619],[-76.42132,44.84094],[-76.42383,44.83667],[-76.42447,44.83055],[-76.41953,44.82121],[-76.41463,44.81508],[-76.41179,44.80704],[-76.40241,44.79758],[-76.39338,44.79315],[-76.38143,44.79196],[-76.3654,44.79671],[-76.35552,44.80369],[-76.35028,44.80895],[-76.32896,44.82617],[-76.31639,44.83205],[-76.31005,44.82873],[-76.30797,44.82245],[-76.31052,44.81528],[-76.32299,44.79417],[-76.32286,44.78479],[-76.31788,44.78012],[-76.31173,44.77667],[-76.29649,44.77939],[-76.27982,44.79176],[-76.27185,44.80175],[-76.2681,44.81477],[-76.26689,44.82345],[-76.26238,44.83498],[-76.2366,44.85719],[-76.21532,44.86748],[-76.19934,44.8653],[-76.19495,44.8575],[-76.20855,44.84049],[-76.21015,44.83276],[-76.21001,44.82379],[-76.20503,44.81899],[-76.18924,44.81531],[-76.17784,44.81998],[-76.17087,44.8244],[-76.14554,44.8356],[-76.13802,44.83594],[-76.13033,44.83316],[-76.13901,44.80195],[-76.1395,44.7862],[-76.13666,44.77815],[-76.12615,44.76392],[-76.12025,44.7519],[-76.12476,44.73943],[-76.13212,44.73392],[-76.15183,44.72797],[-76.15863,44.72042],[-76.17083,44.71019],[-76.18147,44.70702],[-76.20056,44.70732],[-76.20886,44.70494],[-76.22257,44.70234],[-76.24034,44.6972],[-76.27357,44.68552],[-76.2938,44.68732],[-76.30864,44.68949],[-76.32117,44.68864],[-76.33372,44.6855],[-76.35849,44.67224],[-76.37835,44.67065],[-76.39724,44.67245],[-76.44506,44.67231],[-76.46206,44.66716],[-76.46609,44.66201],[-76.48551,44.65236],[-76.49575,44.6454],[-76.50126,44.64249],[-76.51691,44.63967],[-76.52184,44.63476],[-76.52456,44.63125],[-76.52788,44.62373],[-76.53457,44.60023],[-76.55431,44.57262],[-76.56849,44.55587],[-76.57321,44.55273],[-76.60228,44.53801],[-76.61471,44.53319],[-76.61995,44.53424],[-76.64097,44.52485],[-76.64435,44.521],[-76.65639,44.5128],[-76.66868,44.50994],[-76.6733,44.50753],[-76.68094,44.49087],[-76.69315,44.479],[-76.69954,44.47572],[-76.70324,44.47164],[-76.70277,44.46544],[-76.71056,44.46687],[-76.71095,44.4643],[-76.71301,44.46187],[-76.7156,44.46064],[-76.72142,44.45477],[-76.72969,44.45362],[-76.73097,44.45627],[-76.73068,44.46131],[-76.73278,44.46334],[-76.73329,44.46541],[-76.7417,44.46432],[-76.74447,44.46556],[-76.75418,44.4638],[-76.7575,44.46488],[-76.75911,44.46764],[-76.76566,44.4706],[-76.77879,44.46648],[-76.78231,44.46601],[-76.7837,44.46787],[-76.78389,44.47268],[-76.78512,44.47447],[-76.78858,44.47365],[-76.79255,44.47159],[-76.79218,44.47646],[-76.796,44.47702],[-76.80027,44.47582],[-76.80838,44.47725],[-76.81199,44.47644],[-76.8151,44.47688],[-76.81791,44.47932],[-76.82103,44.47902],[-76.82435,44.47741],[-76.83252,44.47036],[-76.84107,44.46733],[-76.87606,44.47336],[-76.88069,44.47353],[-76.88639,44.47263],[-76.89657,44.46791],[-76.91226,44.46394],[-76.91455,44.46168],[-76.92892,44.45912],[-76.93049,44.45703],[-76.94003,44.44977],[-76.9454,44.44899],[-76.94882,44.44961],[-76.95697,44.45247],[-76.96347,44.45731],[-76.9712,44.47001],[-76.97135,44.4916],[-76.97168,44.49424],[-76.97464,44.4969],[-76.97548,44.51999],[-76.9766,44.52293],[-76.98484,44.52503],[-77.01229,44.51437],[-77.0145,44.51205],[-77.0183,44.51044],[-77.02536,44.50899],[-77.03389,44.50962],[-77.03818,44.51076],[-77.04091,44.51344],[-77.04024,44.51738],[-77.04152,44.52032],[-77.04604,44.52152],[-77.06839,44.52217],[-77.07791,44.52493],[-77.08001,44.52714],[-77.08506,44.52944],[-77.09778,44.53161],[-77.09997,44.5333],[-77.09806,44.53625],[-77.09757,44.5398],[-77.0955,44.54246],[-77.09468,44.54937],[-77.09543,44.55138],[-77.09906,44.55287],[-77.10141,44.55159],[-77.12374,44.5319],[-77.13225,44.51788],[-77.13771,44.51669],[-77.14447,44.51833],[-77.15134,44.51797],[-77.15332,44.51547],[-77.15403,44.51274],[-77.16801,44.49781],[-77.17244,44.49661],[-77.18109,44.49272],[-77.19516,44.48902],[-77.20121,44.48681],[-77.20511,44.48446],[-77.21668,44.48198],[-77.21892,44.48453],[-77.21376,44.49528],[-77.20453,44.50317],[-77.20461,44.50643],[-77.20615,44.50857],[-77.21196,44.50951],[-77.21541,44.50893],[-77.22862,44.50453],[-77.2332,44.50935],[-77.23607,44.50949],[-77.25226,44.5017],[-77.27444,44.49645],[-77.27986,44.4963],[-77.28685,44.50726],[-77.29155,44.50819],[-77.29276,44.51359],[-77.2959,44.51855],[-77.29917,44.51888],[-77.30198,44.51823],[-77.30421,44.5154],[-77.3079,44.50572],[-77.31582,44.51785],[-77.31823,44.52006],[-77.32327,44.52001],[-77.32627,44.51839],[-77.32796,44.50267],[-77.33088,44.49791],[-77.33315,44.49982],[-77.33481,44.50351],[-77.33692,44.50537],[-77.34055,44.5069],[-77.34247,44.49794],[-77.34843,44.49596],[-77.35162,44.49606],[-77.36078,44.50637],[-77.36418,44.50757],[-77.37676,44.50911],[-77.38929,44.50968],[-77.39338,44.50905],[-77.42583,44.49604],[-77.45212,44.48334],[-77.46682,44.47718],[-77.47124,44.47626],[-77.48079,44.47457],[-77.48195,44.47664],[-77.4861,44.47945],[-77.4914,44.48731],[-77.49468,44.49033],[-77.49845,44.49272],[-77.50677,44.49524],[-77.51696,44.49338],[-77.55664,44.47623],[-77.56873,44.47519],[-77.57731,44.47679],[-77.58695,44.48081],[-77.59019,44.48498],[-77.59819,44.48789],[-77.60376,44.48877],[-77.60763,44.49346],[-77.61363,44.49583],[-77.63204,44.51572],[-77.63584,44.51686],[-77.63968,44.51668],[-77.64563,44.5151],[-77.64763,44.51227],[-77.65568,44.51856],[-77.66185,44.52111],[-77.66622,44.51287],[-77.67064,44.50786],[-77.67591,44.50584],[-77.69281,44.4954],[-77.69925,44.4931],[-77.72247,44.48972],[-77.747,44.47601],[-77.7663,44.46796],[-77.7706,44.46538],[-77.77525,44.45875],[-77.78565,44.45219],[-77.78838,44.45165],[-77.7997,44.45238],[-77.80295,44.45053],[-77.80592,44.44989],[-77.81517,44.4507],[-77.82319,44.44921],[-77.8269,44.45081],[-77.83083,44.45029],[-77.83319,44.44889],[-77.8387,44.44867],[-77.84397,44.44588],[-77.84757,44.4457],[-77.84033,44.46569],[-77.84061,44.48225],[-77.83982,44.48791],[-77.84015,44.49358],[-77.84137,44.49588],[-77.84549,44.49686],[-77.85289,44.49377],[-77.85923,44.48788],[-77.86957,44.48642],[-77.87627,44.48399],[-77.88985,44.48069],[-77.89322,44.47764],[-77.91089,44.4741],[-77.91383,44.47442],[-77.9164,44.47675],[-77.92633,44.47294],[-77.92862,44.47422],[-77.92861,44.47743],[-77.90542,44.54725],[-77.90702,44.55065],[-77.91581,44.55678],[-77.9204,44.55513],[-77.92523,44.55685],[-77.92755,44.55963],[-77.93133,44.56174],[-77.93632,44.56027],[-77.94279,44.56012],[-77.94602,44.55914],[-77.9518,44.55637],[-77.95391,44.55375],[-77.96924,44.56907],[-77.97379,44.57199],[-77.97783,44.57319],[-77.99658,44.57115],[-78.0121,44.5677],[-78.02774,44.57279],[-78.03371,44.57641],[-78.04023,44.57592],[-78.05156,44.57297],[-78.05795,44.56933],[-78.06736,44.56651],[-78.07351,44.56596],[-78.08301,44.5665],[-78.10444,44.56253],[-78.12903,44.56049],[-78.12725,44.56757],[-78.12284,44.57186],[-78.11828,44.5738],[-78.12105,44.58067],[-78.12495,44.5836],[-78.12763,44.59116],[-78.13273,44.59352],[-78.14133,44.59129],[-78.15239,44.5903],[-78.15558,44.59134],[-78.16012,44.59439],[-78.16435,44.59411],[-78.16699,44.59337],[-78.17277,44.58457],[-78.17019,44.57152],[-78.17141,44.56654],[-78.17439,44.56094],[-78.17728,44.55728],[-78.18392,44.55317],[-78.19598,44.55332],[-78.21233,44.55725],[-78.21592,44.55904],[-78.21734,44.56166],[-78.21567,44.56366],[-78.20574,44.56839],[-78.2027,44.57148],[-78.19707,44.57908],[-78.19104,44.59063],[-78.19127,44.59349],[-78.19285,44.5951],[-78.20027,44.59712],[-78.20347,44.5969],[-78.20707,44.59519],[-78.20939,44.59221],[-78.21414,44.58347],[-78.22177,44.5741],[-78.22801,44.56324],[-78.23406,44.5553],[-78.24263,44.54925],[-78.25415,44.54487],[-78.26031,44.54501],[-78.26789,44.54411],[-78.27291,44.54647],[-78.27594,44.54893],[-78.27999,44.55324],[-78.28165,44.55679],[-78.28116,44.55954],[-78.27225,44.56937],[-78.26887,44.57696],[-78.27054,44.57829],[-78.27117,44.58023],[-78.27225,44.59106],[-78.27405,44.59673],[-78.2793,44.60487],[-78.28296,44.60739],[-78.28695,44.60735],[-78.29062,44.60621],[-78.29326,44.60433],[-78.29777,44.5981],[-78.29893,44.59003],[-78.30303,44.58145],[-78.30488,44.5802],[-78.31109,44.58302],[-78.31476,44.58492],[-78.31666,44.58802],[-78.31149,44.6014],[-78.30812,44.60689],[-78.30745,44.61221],[-78.30992,44.61531],[-78.30831,44.61771],[-78.30607,44.61873],[-78.31052,44.62395],[-78.31722,44.62597],[-78.32233,44.62626],[-78.32801,44.62365],[-78.3293,44.62165],[-78.33054,44.611],[-78.33319,44.60672],[-78.33784,44.60239],[-78.34784,44.5976],[-78.3508,44.59754],[-78.35621,44.59939],[-78.36139,44.60249],[-78.36323,44.60456],[-78.36385,44.6076],[-78.36341,44.61772],[-78.36575,44.63044],[-78.36533,44.63519],[-78.36194,44.64383],[-78.36385,44.64583],[-78.36729,44.64441],[-78.37139,44.63801],[-78.38614,44.62368],[-78.39247,44.61877],[-78.3975,44.61809],[-78.39965,44.61987],[-78.40221,44.6196],[-78.40687,44.61331],[-78.41073,44.60496],[-78.4141,44.60171],[-78.45796,44.59574],[-78.45883,44.59821],[-78.45591,44.61016],[-78.45774,44.6112],[-78.46286,44.60899],[-78.4648,44.60349],[-78.46834,44.59778],[-78.4713,44.59646],[-78.47408,44.59762],[-78.48025,44.61423],[-78.47794,44.63026],[-78.47797,44.64319],[-78.48098,44.64875],[-78.48297,44.6499],[-78.48745,44.64882],[-78.49065,44.64568],[-78.49483,44.63934],[-78.50046,44.63374],[-78.50886,44.62804],[-78.51197,44.62748],[-78.51919,44.61839],[-78.52701,44.60444],[-78.53036,44.60376],[-78.53379,44.6048],[-78.53936,44.60928],[-78.54111,44.61203],[-78.54695,44.62796],[-78.54799,44.64777],[-78.54279,44.66865],[-78.54534,44.67038],[-78.55133,44.66953],[-78.56189,44.66532],[-78.5654,44.66481],[-78.56947,44.66556],[-78.57536,44.67125],[-78.57821,44.67744],[-78.57995,44.69862],[-78.57882,44.70377],[-78.57383,44.71183],[-78.57326,44.71692],[-78.57987,44.71946],[-78.58859,44.71535],[-78.601,44.70777],[-78.61699,44.70094],[-78.62827,44.69828],[-78.63027,44.69662],[-78.63156,44.69331],[-78.64882,44.6902],[-78.66638,44.69207],[-78.66862,44.69328],[-78.67293,44.69364],[-78.67995,44.69222],[-78.68951,44.69831],[-78.70267,44.70149],[-78.70595,44.7011],[-78.71691,44.69712],[-78.72058,44.69724],[-78.72677,44.70035],[-78.72583,44.70335],[-78.7267,44.70538],[-78.73211,44.70715],[-78.73946,44.72699],[-78.73891,44.74606],[-78.74048,44.7495],[-78.74743,44.74871],[-78.75192,44.74638],[-78.75599,44.74621],[-78.76367,44.74291],[-78.78391,44.71786],[-78.78721,44.72688],[-78.79088,44.72872],[-78.79342,44.73176],[-78.79629,44.73342],[-78.79948,44.73372],[-78.80148,44.73316],[-78.81005,44.72757],[-78.8161,44.73068],[-78.82429,44.73934],[-78.82155,44.74741],[-78.81673,44.75471],[-78.81592,44.75843],[-78.81887,44.7593],[-78.82262,44.7592],[-78.84565,44.75695],[-78.85743,44.76037],[-78.87422,44.75452],[-78.88149,44.75379],[-78.88884,44.75329],[-78.89881,44.75663],[-78.90168,44.75693],[-78.91304,44.75164],[-78.91688,44.75078],[-78.92533,44.75435],[-78.92733,44.75304],[-78.92843,44.75106],[-78.93069,44.7499],[-78.9509,44.76912],[-78.95878,44.77532],[-78.96086,44.77476],[-78.96639,44.76848],[-78.97404,44.75362],[-78.97812,44.75093],[-78.99193,44.73196],[-78.98952,44.71678],[-78.99364,44.70736],[-78.99635,44.70673],[-78.99834,44.70713],[-79.00194,44.70898],[-79.00951,44.71037],[-79.03895,44.71925],[-79.0498,44.72129],[-79.07503,44.72255],[-79.08398,44.72183],[-79.08669,44.72063],[-79.09206,44.71641],[-79.09565,44.69827],[-79.09463,44.69243],[-79.09171,44.68498],[-79.09413,44.67904],[-79.09756,44.67973],[-79.10114,44.68185],[-79.10944,44.68251],[-79.11902,44.6859],[-79.13014,44.68235],[-79.13497,44.68898],[-79.1364,44.69264],[-79.13534,44.69659],[-79.13859,44.70181],[-79.14577,44.70412],[-79.16126,44.70398],[-79.16365,44.70502],[-79.16444,44.7073],[-79.16331,44.71],[-79.15465,44.7193],[-79.15552,44.72234],[-79.16022,44.72407],[-79.18075,44.72097],[-79.18307,44.72229],[-79.19104,44.72454],[-79.1968,44.7237],[-79.23773,44.7115],[-79.24853,44.70712],[-79.25163,44.71027],[-79.25578,44.71154],[-79.2644,44.71235],[-79.2834,44.71252],[-79.28435,44.71584],[-79.27824,44.72464],[-79.27855,44.72888],[-79.2847,44.72878],[-79.28934,44.72685],[-79.29308,44.72749],[-79.29362,44.73178],[-79.29577,44.73418],[-79.29944,44.73477],[-79.30401,44.73337],[-79.3072,44.73113],[-79.30819,44.72368],[-79.31125,44.71797],[-79.31176,44.71081],[-79.31105,44.70755],[-79.31138,44.70532],[-79.31299,44.70355],[-79.31643,44.70179],[-79.31954,44.7015],[-79.32856,44.70308],[-79.33798,44.70332],[-79.34069,44.70499],[-79.33214,44.74527],[-79.33636,44.7463],[-79.35696,44.74842],[-79.36758,44.74776],[-79.3735,44.74634],[-79.38507,44.74769],[-79.39145,44.75222],[-79.39669,44.7587],[-79.40602,44.76141],[-79.40946,44.76],[-79.41481,44.75955],[-79.41624,44.76116],[-79.42287,44.76065],[-79.42853,44.7625],[-79.43077,44.76205],[-79.43181,44.75976],[-79.43064,44.75484],[-79.43721,44.74987],[-79.44042,44.74467],[-79.44243,44.74348],[-79.45432,44.7443],[-79.4588,44.74282],[-79.46171,44.73356],[-79.46419,44.73209],[-79.47075,44.73032],[-79.47492,44.72547],[-79.50744,44.7394],[-79.51758,44.73913],[-79.51942,44.74046],[-79.51836,44.74377],[-79.51172,44.74805],[-79.50109,44.75003],[-79.49837,44.75208],[-79.5017,44.75644],[-79.5068,44.75788],[-79.51575,44.75865],[-79.51934,44.7582],[-79.52748,44.75931],[-79.54082,44.75859],[-79.54784,44.75896],[-79.5485,44.7557],[-79.53271,44.75102],[-79.52753,44.74815],[-79.52962,44.74558],[-79.53297,44.74358],[-79.5374,44.73616],[-79.53242,44.7244],[-79.53378,44.722],[-79.54052,44.7155],[-79.54077,44.71206],[-79.54569,44.70051],[-79.54753,44.69908],[-79.55184,44.69926],[-79.55318,44.70253],[-79.55163,44.71306],[-79.54881,44.71774],[-79.55303,44.72016],[-79.55727,44.7196],[-79.56055,44.71829],[-79.56262,44.71944],[-79.5678,44.72048],[-79.58082,44.72143],[-79.58328,44.72344],[-79.57935,44.72727],[-79.5795,44.73047],[-79.5807,44.73242],[-79.58803,44.73427],[-79.59178,44.73417],[-79.59625,44.73561],[-79.60773,44.74118],[-79.61152,44.75099],[-79.60702,44.75699],[-79.59926,44.7604],[-79.59215,44.76204],[-79.58305,44.7611],[-79.5693,44.76474],[-79.56762,44.76616],[-79.56768,44.76988],[-79.57151,44.7715],[-79.58996,44.77005],[-79.59243,44.77115],[-79.5901,44.77332],[-79.58379,44.77461],[-79.57755,44.77724],[-79.5745,44.78157],[-79.57425,44.78501],[-79.57949,44.79229],[-79.58132,44.79344],[-79.58387,44.79477],[-79.59235,44.79266],[-79.5949,44.79113],[-79.59683,44.78896],[-79.5982,44.78501],[-79.59773,44.78283],[-79.60101,44.7805],[-79.61165,44.77938],[-79.6165,44.78162],[-79.62241,44.78296],[-79.63511,44.78235],[-79.64054,44.78328],[-79.64277,44.78255],[-79.64722,44.7718],[-79.64373,44.76394],[-79.64303,44.75959],[-79.64537,44.75456],[-79.64769,44.7521],[-79.64985,44.75177],[-79.66389,44.755],[-79.67525,44.7603],[-79.69346,44.75923],[-79.69897,44.7566],[-79.70105,44.75734],[-79.70224,44.75938],[-79.70791,44.76142],[-79.7104,44.76155],[-79.71511,44.76016],[-79.72293,44.7602],[-79.75334,44.77293],[-79.77968,44.78039],[-79.8464,44.80703],[-79.85945,44.81023],[-79.88583,44.8233],[-79.89004,44.82328],[-79.90135,44.86963],[-79.94401,44.88077],[-79.97742,44.92323],[-79.98389,44.93763],[-80.07542,44.91598],[-80.14192,44.94274],[-80.45569,44.98053],[-80.94288,45.37855],[-81.40161,45.8717],[-81.53304,45.93878],[-81.56587,45.95428],[-81.56948,45.95803],[-81.56907,45.96022],[-81.55834,45.96727],[-81.55637,45.97102],[-81.56593,45.96842],[-81.57157,45.96452],[-81.57684,45.96634],[-81.5879,45.96649],[-81.59759,45.95819],[-81.61489,45.9527],[-81.65335,45.94491],[-81.65781,45.94158],[-81.66443,45.93897],[-81.67384,45.93698],[-81.6862,45.93662],[-81.69677,45.93753],[-81.70713,45.93659],[-81.71639,45.92518],[-81.71729,45.91614],[-81.74172,45.90804],[-81.76982,45.90697],[-81.79605,45.91419],[-81.80949,45.9238],[-81.80959,45.93335],[-81.80095,45.94049],[-81.78587,45.94673],[-81.74237,45.95307],[-81.72643,45.96739],[-81.72109,45.9763],[-81.72189,46.00023],[-81.72334,46.00476],[-81.7277,46.01024],[-81.73362,46.01359],[-81.73733,46.01672],[-81.73886,46.01983],[-81.73472,46.02594],[-81.73004,46.03061],[-81.71455,46.03725],[-81.70315,46.04642],[-81.7033,46.04904],[-81.70871,46.05276],[-81.70936,46.054],[-81.71148,46.05293],[-81.71416,46.05717],[-81.71632,46.05733],[-81.71974,46.05456],[-81.72085,46.05299],[-81.72018,46.05179],[-81.72922,46.04137],[-81.73041,46.03644],[-81.74137,46.02009],[-81.7577,46.0049],[-81.76067,46.00072],[-81.76459,45.99923],[-81.7742,45.99964],[-81.77653,46.00046],[-81.78004,46.00373],[-81.77988,46.00541],[-81.78169,46.00892],[-81.78103,46.01071],[-81.77869,46.01182],[-81.77601,46.01619],[-81.77768,46.01842],[-81.77751,46.02044],[-81.7821,46.02636],[-81.7839,46.04571],[-81.78962,46.05378],[-81.80416,46.05956],[-81.81935,46.06355],[-81.82768,46.06285],[-81.83039,46.06188],[-81.83447,46.0624],[-81.83586,46.06432],[-81.83808,46.06449],[-81.84329,46.06338],[-81.84718,46.06097],[-81.84746,46.06166],[-81.8527,46.06319],[-81.85954,46.06297],[-81.86304,46.06032],[-81.87824,46.06012],[-81.89844,46.05753],[-81.93342,46.04943],[-81.93574,46.0499],[-81.93578,46.05277],[-81.94715,46.05299],[-81.95379,46.05116],[-81.96069,46.04734],[-81.96318,46.04086],[-81.96974,46.0403],[-81.98488,46.04058],[-81.98946,46.03854],[-81.99267,46.03822],[-81.99597,46.03849],[-81.99833,46.03961],[-82.00038,46.05161],[-82.00562,46.05567],[-82.11158,46.08041],[-82.13406,46.08322],[-82.15241,46.08371],[-82.17671,46.07239],[-82.18928,46.06458],[-82.23811,46.06119],[-82.26055,46.06176],[-82.2846,46.06352],[-82.30504,46.07354],[-82.3299,46.08995],[-82.35605,46.1115],[-82.38853,46.10973],[-82.43412,46.09952],[-82.80523,46.06373],[-82.84548,46.0708],[-82.84637,46.07248],[-83.00063,46.05774],[-83.34886,46.08254],[-83.6636,46.14406],[-83.70588,46.17099],[-83.74406,46.22134],[-83.76195,46.24144],[-83.82328,46.27383],[-83.8474,46.27782],[-83.91069,46.29619],[-83.92162,46.29867],[-83.93094,46.29898],[-83.93531,46.29724],[-83.94113,46.29234],[-83.94592,46.29063],[-83.94892,46.29293],[-83.9514,46.29304],[-83.95814,46.29727],[-83.9666,46.30508],[-83.9739,46.30988],[-83.98568,46.31275],[-83.98899,46.31202],[-83.99602,46.31392],[-84.06388,46.30803],[-84.07415,46.31618],[-84.08385,46.31759],[-84.09143,46.32114],[-84.10595,46.32198],[-84.11945,46.3149],[-84.11542,46.26804],[-84.09764,46.25637],[-84.10826,46.24145],[-84.08581,46.21015],[-84.07714,46.18734],[-84.00598,46.14945],[-84.00631,46.11831],[-83.97634,46.10243],[-83.95548,46.05676],[-83.90353,46.06045],[-83.82634,46.11887],[-83.75987,46.10273],[-83.655,46.1217],[-83.57195,46.10579],[-83.43378,45.99818],[-83.59717,45.82129],[-82.51862,45.33865],[-82.12281,43.5912],[-82.22665,43.38425],[-81.74835,43.32939],[-81.72077,43.32985],[-81.70201,43.32708],[-81.68141,43.32206],[-81.66007,43.31265],[-81.64254,43.30628],[-81.62604,43.29868],[-81.60716,43.2888],[-81.59608,43.28062],[-81.59261,43.27918],[-81.58271,43.27112],[-81.57375,43.26111],[-81.5707,43.25524],[-81.5634,43.2473],[-81.56056,43.24598],[-81.55908,43.24379],[-81.55663,43.24229],[-81.54659,43.23015],[-81.53587,43.20281],[-81.53329,43.19855],[-81.52905,43.19285],[-81.52252,43.18985],[-81.5189,43.18617],[-81.51626,43.18068],[-81.50706,43.1691],[-81.49734,43.15121],[-81.48053,43.13401],[-81.47707,43.1325],[-81.46205,43.12179],[-81.4568,43.11494],[-81.45137,43.11051],[-81.44822,43.10935],[-81.43375,43.10059],[-81.40102,43.08529],[-81.38937,43.08125],[-81.37638,43.07857],[-81.35646,43.07277],[-81.34734,43.06919],[-81.31929,43.06366],[-81.30094,43.06154],[-81.26691,43.05922],[-81.23831,43.05891],[-81.20575,43.06364],[-81.19177,43.06719],[-81.18028,43.07178],[-81.17333,43.07664],[-81.1544,43.08147],[-81.13525,43.08154],[-81.13258,43.08037],[-81.12645,43.07405],[-81.10017,43.05899],[-81.08821,43.05632],[-81.08183,43.05671],[-81.06087,43.05544],[-81.0482,43.05208],[-81.04089,43.04683],[-81.0364,43.04481],[-81.03349,43.04464],[-81.01984,43.04793],[-81.0021,43.05374],[-80.99186,43.05279],[-80.97597,43.04453],[-80.97183,43.03138],[-80.96413,43.02488],[-80.95422,43.02037],[-80.94697,43.01829],[-80.938,43.01677],[-80.93012,43.01738],[-80.89185,43.03156],[-80.88799,43.03219],[-80.87412,43.02991],[-80.864,43.01789],[-80.85794,43.01478],[-80.85252,43.00896],[-80.84797,43.00189],[-80.84372,42.99964],[-80.83868,42.9983],[-80.83427,42.99881],[-80.80178,43.00647],[-80.79099,43.00535],[-80.78209,43.00602],[-80.77436,43.00789],[-80.76,43.01353],[-80.74666,43.0228],[-80.73986,43.0303],[-80.73827,43.03299],[-80.74073,43.05371],[-80.73866,43.06387],[-80.73932,43.07719],[-80.73764,43.08304],[-80.73157,43.08801],[-80.72728,43.09581],[-80.72302,43.10102],[-80.71899,43.10262],[-80.70935,43.1112],[-80.70358,43.11772],[-80.69321,43.13228],[-80.68079,43.14671],[-80.66996,43.16108],[-80.66087,43.17099],[-80.64712,43.18306],[-80.64056,43.19113],[-80.6316,43.2093],[-80.62899,43.2112],[-80.6264,43.21015],[-80.62507,43.20458],[-80.62067,43.19883],[-80.61493,43.19578],[-80.60501,43.19356],[-80.59499,43.19664],[-80.5822,43.20768],[-80.57027,43.21649],[-80.55597,43.23],[-80.54237,43.24677],[-80.53226,43.25099],[-80.51086,43.26712],[-80.50415,43.27066],[-80.49279,43.27459],[-80.46975,43.28509],[-80.45595,43.28999],[-80.44554,43.2926],[-80.43749,43.29602],[-80.42927,43.30524],[-80.4127,43.33964],[-80.40174,43.34224],[-80.38818,43.34261],[-80.37897,43.34161],[-80.36502,43.34237],[-80.35381,43.34791],[-80.35019,43.34831],[-80.34712,43.34733],[-80.33561,43.34878],[-80.31891,43.34874],[-80.31192,43.31233],[-80.31051,43.31032],[-80.29775,43.30677],[-80.28846,43.30624],[-80.25275,43.30855],[-80.24976,43.30825],[-80.24174,43.30513],[-80.24112,43.30203],[-80.24337,43.28563],[-80.24941,43.26923],[-80.25332,43.25293],[-80.25285,43.25092],[-80.24687,43.24942],[-80.23899,43.24997],[-80.23654,43.25123],[-80.22871,43.26062],[-80.22021,43.26105],[-80.21359,43.25983],[-80.17907,43.2618],[-80.17017,43.26339],[-80.16322,43.26601],[-80.15762,43.26697],[-80.15211,43.26672],[-80.14628,43.26751],[-80.13098,43.27097],[-80.12759,43.2724],[-80.11724,43.27971],[-80.10801,43.28302],[-80.09832,43.28391],[-80.0682,43.29009],[-80.04163,43.29426],[-80.01994,43.30218],[-79.98614,43.32375],[-79.98193,43.33139],[-79.96913,43.34836],[-79.96413,43.35652],[-79.95884,43.35982],[-79.95225,43.36554],[-79.94502,43.37766],[-79.94476,43.38018],[-79.94185,43.38575],[-79.95007,43.40073],[-79.95431,43.40098],[-79.95594,43.39914],[-79.96135,43.39824],[-79.96557,43.40228],[-79.96178,43.40682],[-79.94763,43.41717],[-79.94112,43.42374],[-79.94344,43.42618],[-79.94573,43.42708],[-79.9659,43.43168],[-79.97007,43.4317],[-79.96964,43.43485],[-79.9622,43.43617],[-79.9526,43.43538],[-79.94997,43.43849],[-79.95775,43.44392],[-79.96367,43.44577],[-79.96427,43.44943],[-79.95357,43.45408],[-79.94403,43.46296],[-79.94008,43.47226],[-79.9402,43.47506],[-79.94277,43.4795],[-79.9542,43.48748],[-79.96513,43.48855],[-79.97282,43.48774],[-79.99373,43.48284],[-79.99734,43.4827],[-80.0053,43.48498],[-79.99387,43.4928],[-79.98825,43.49524],[-79.97039,43.49914],[-79.9577,43.50725],[-79.9469,43.51557],[-79.93907,43.51967],[-79.94468,43.52572],[-79.94515,43.53114],[-79.9431,43.53637],[-79.941,43.53764],[-79.93027,43.53989],[-79.92022,43.54047],[-79.91389,43.5435],[-79.91373,43.54837],[-79.91495,43.55156],[-79.91367,43.55558],[-79.9076,43.55945],[-79.90141,43.5607],[-79.89495,43.55926],[-79.89056,43.55969],[-79.87674,43.56569],[-79.87278,43.56915],[-79.86813,43.5737],[-79.86378,43.58242],[-79.86266,43.58707],[-79.86549,43.59764],[-79.86472,43.59976],[-79.86152,43.60069],[-79.85538,43.60023],[-79.85132,43.60151],[-79.83426,43.61743],[-79.83471,43.62172],[-79.84374,43.63252],[-79.84003,43.63649],[-79.83835,43.64],[-79.83356,43.64072],[-79.81296,43.63882],[-79.78932,43.63957],[-79.78641,43.6393],[-79.77881,43.6349],[-79.77386,43.63458],[-79.76784,43.63726],[-79.76369,43.63775],[-79.75995,43.6399],[-79.75773,43.64408],[-79.75904,43.64831],[-79.76788,43.65145],[-79.77393,43.65656],[-79.78673,43.66206],[-79.79083,43.66306],[-79.79217,43.66894],[-79.78976,43.69282],[-79.78775,43.7009],[-79.78368,43.70779],[-79.77885,43.71069],[-79.77093,43.71172],[-79.76463,43.71063],[-79.7578,43.71142],[-79.75104,43.71124],[-79.73602,43.71541],[-79.72681,43.71994],[-79.72737,43.72583],[-79.73023,43.7337],[-79.73012,43.73731],[-79.72403,43.75052],[-79.72394,43.75601],[-79.72891,43.7626],[-79.7363,43.76912],[-79.74406,43.77342],[-79.74696,43.77785],[-79.7476,43.79553],[-79.74315,43.80878],[-79.73094,43.823],[-79.70924,43.84439],[-79.69958,43.85533],[-79.6938,43.858],[-79.68811,43.8553],[-79.68602,43.85211],[-79.68253,43.84967],[-79.67842,43.84799],[-79.67599,43.84777],[-79.67171,43.84547],[-79.65926,43.83217],[-79.65618,43.83059],[-79.64694,43.83255],[-79.64323,43.83189],[-79.63327,43.81605],[-79.62879,43.81049],[-79.61707,43.80354],[-79.61284,43.8042],[-79.61116,43.80798],[-79.62026,43.82931],[-79.62335,43.84234],[-79.62136,43.84572],[-79.61542,43.84862],[-79.56034,43.85916],[-79.54832,43.85851],[-79.53539,43.85614],[-79.52763,43.85116],[-79.51061,43.84255],[-79.49776,43.83915],[-79.49,43.83502],[-79.48241,43.83697],[-79.47479,43.84223],[-79.44921,43.86674],[-79.43397,43.88303],[-79.42372,43.89198],[-79.41723,43.89981],[-79.40133,43.91423],[-79.39529,43.92073],[-79.37295,43.93555],[-79.36063,43.94153],[-79.35746,43.94493],[-79.35508,43.94896],[-79.35759,43.95448],[-79.36629,43.95831],[-79.36805,43.96081],[-79.36572,43.96856],[-79.36387,43.97057],[-79.36159,43.97104],[-79.33864,43.97018],[-79.32318,43.96538],[-79.32003,43.95413],[-79.3136,43.94971],[-79.30533,43.94171],[-79.29517,43.9352],[-79.28206,43.93016],[-79.26614,43.92067],[-79.24092,43.91531],[-79.22409,43.91394],[-79.2129,43.91734],[-79.19626,43.92382],[-79.18541,43.93402],[-79.18306,43.93987],[-79.17602,43.94799],[-79.17306,43.94956],[-79.16312,43.95204],[-79.1572,43.95036],[-79.15588,43.94592],[-79.15671,43.92629],[-79.16025,43.92185],[-79.17316,43.91254],[-79.17889,43.90616],[-79.17514,43.90223],[-79.17546,43.89679],[-79.18394,43.89622],[-79.18889,43.89681],[-79.19151,43.89325],[-79.19332,43.88774],[-79.19223,43.88317],[-79.17889,43.85592],[-79.15892,43.82977]]]}},{"type":"Feature","properties":{"OGF_ID":657,"ECOREGION_NAME":"Lake Temagami"},"geometry":{"type":"Polygon","coordinates":[[[-79.51767,47.89242],[-79.51765,47.99118],[-79.52026,47.99032],[-79.53393,47.98055],[-79.53393,47.9786],[-79.53979,47.97469],[-79.53979,47.97274],[-79.54175,47.97079],[-79.54272,47.96493],[-79.5437,47.94442],[-79.54077,47.94149],[-79.54077,47.93954],[-79.53686,47.93661],[-79.5271,47.92489],[-79.52514,47.92392],[-79.52417,47.91903],[-79.52221,47.91707],[-79.52221,47.91122],[-79.52417,47.9034],[-79.52807,47.89754],[-79.53686,47.89266],[-79.53979,47.89266],[-79.5437,47.88973],[-79.54663,47.88973],[-79.55347,47.88387],[-79.55543,47.88583],[-79.55836,47.88583],[-79.56421,47.88876],[-79.56421,47.89169],[-79.56226,47.89266],[-79.55737,47.89949],[-79.54858,47.90731],[-79.54663,47.91415],[-79.54663,47.91805],[-79.54956,47.92001],[-79.54956,47.92196],[-79.55346,47.92586],[-79.55444,47.92977],[-79.55639,47.93172],[-79.55835,47.9366],[-79.55933,47.96395],[-79.56518,47.96981],[-79.57007,47.96981],[-79.573,47.96883],[-79.57886,47.96395],[-79.58179,47.95906],[-79.58375,47.95809],[-79.58374,47.95613],[-79.58668,47.95515],[-79.59058,47.95223],[-79.60328,47.94931],[-79.60523,47.94735],[-79.61207,47.94344],[-79.61304,47.93954],[-79.615,47.93758],[-79.615,47.93075],[-79.61793,47.92684],[-79.62086,47.92392],[-79.62867,47.91903],[-79.62964,47.91707],[-79.63941,47.90926],[-79.63941,47.90731],[-79.64527,47.90243],[-79.64527,47.90047],[-79.6482,47.89852],[-79.65113,47.89363],[-79.65308,47.87606],[-79.62671,47.87118],[-79.6189,47.87215],[-79.60816,47.87508],[-79.6023,47.87508],[-79.59546,47.87117],[-79.59253,47.87118],[-79.59058,47.86923],[-79.58765,47.86922],[-79.58276,47.86532],[-79.57983,47.86434],[-79.57203,47.86434],[-79.57007,47.87117],[-79.56421,47.87118],[-79.55836,47.86629],[-79.55249,47.86238],[-79.54956,47.86141],[-79.54858,47.85848],[-79.55151,47.85555],[-79.55347,47.83895],[-79.55444,47.83699],[-79.55932,47.83309],[-79.56421,47.82527],[-79.56421,47.82332],[-79.56617,47.82137],[-79.56714,47.81161],[-79.56909,47.80965],[-79.57398,47.8077],[-79.57886,47.81063],[-79.58277,47.81453],[-79.58179,47.82528],[-79.58569,47.8282],[-79.59057,47.83017],[-79.59644,47.83504],[-79.59546,47.8409],[-79.59253,47.84286],[-79.59253,47.85067],[-79.59449,47.85263],[-79.59937,47.85261],[-79.60132,47.85067],[-79.60621,47.85067],[-79.61207,47.84578],[-79.61597,47.84579],[-79.62183,47.84091],[-79.62769,47.83894],[-79.63453,47.83505],[-79.63746,47.83504],[-79.64039,47.83308],[-79.64332,47.83309],[-79.64722,47.83017],[-79.65406,47.83015],[-79.65796,47.82723],[-79.66089,47.82723],[-79.66578,47.82333],[-79.66871,47.82333],[-79.67457,47.82528],[-79.6775,47.82528],[-79.67945,47.82724],[-79.70386,47.83211],[-79.7107,47.83602],[-79.71168,47.83895],[-79.71851,47.84481],[-79.74,47.84481],[-79.7439,47.84774],[-79.74781,47.84871],[-79.75269,47.8536],[-79.7566,47.85067],[-79.77028,47.85164],[-79.77321,47.8536],[-79.77614,47.8536],[-79.77809,47.85556],[-79.78981,47.85555],[-79.79274,47.84383],[-79.79567,47.8409],[-79.79762,47.83993],[-79.8025,47.8409],[-79.80641,47.84285],[-79.81032,47.84676],[-79.81227,47.85165],[-79.81227,47.85847],[-79.81715,47.86336],[-79.82106,47.86532],[-79.83082,47.86533],[-79.83668,47.86923],[-79.83668,47.87216],[-79.83473,47.8741],[-79.83375,47.87802],[-79.8318,47.87898],[-79.82789,47.88485],[-79.82496,47.88681],[-79.82301,47.88973],[-79.81813,47.89168],[-79.81325,47.89754],[-79.81325,47.90242],[-79.81715,47.90438],[-79.81911,47.90634],[-79.82496,47.90633],[-79.83571,47.9034],[-79.83961,47.90047],[-79.84254,47.90048],[-79.84743,47.89754],[-79.85231,47.89754],[-79.85524,47.89656],[-79.85914,47.89363],[-79.86891,47.89461],[-79.86989,47.89656],[-79.87086,47.91024],[-79.87282,47.91219],[-79.87086,47.92879],[-79.87379,47.92977],[-79.87282,47.9327],[-79.87282,47.94247],[-79.87184,47.94441],[-79.87086,47.96883],[-79.88844,47.96883],[-79.89332,47.9659],[-79.89625,47.96199],[-79.89625,47.96004],[-79.90407,47.95126],[-79.91188,47.95223],[-79.91969,47.95613],[-79.92164,47.95809],[-79.92848,47.96199],[-79.93239,47.96297],[-79.95486,47.96297],[-79.96169,47.96102],[-79.9656,47.96102],[-79.97536,47.95419],[-79.98318,47.94344],[-79.98513,47.94247],[-79.98513,47.93466],[-79.98122,47.92977],[-79.97732,47.92977],[-79.97341,47.92782],[-79.97146,47.92586],[-79.96462,47.92488],[-79.95681,47.91903],[-79.95681,47.91513],[-79.95974,47.91219],[-79.95974,47.91024],[-79.96267,47.90828],[-79.9695,47.89656],[-79.9695,47.8868],[-79.94411,47.86825],[-79.94118,47.86825],[-79.93336,47.86337],[-79.92555,47.86238],[-79.92556,47.86043],[-79.91383,47.84676],[-79.91188,47.84188],[-79.90895,47.83895],[-79.90895,47.837],[-79.90407,47.83114],[-79.90407,47.82333],[-79.91188,47.82528],[-79.91481,47.82528],[-79.91969,47.82918],[-79.9236,47.83016],[-79.93239,47.83505],[-79.93532,47.83504],[-79.93922,47.837],[-79.95681,47.8497],[-79.96169,47.85457],[-79.96853,47.85946],[-79.96853,47.86141],[-79.97243,47.86433],[-79.97341,47.86727],[-79.97732,47.86923],[-79.98025,47.87313],[-79.98025,47.87509],[-79.98318,47.87704],[-79.98318,47.87899],[-79.98806,47.88387],[-79.99392,47.88681],[-80.00661,47.88778],[-80.01736,47.88485],[-80.03298,47.88485],[-80.04275,47.8868],[-80.04958,47.8907],[-80.05251,47.89071],[-80.06032,47.89755],[-80.06228,47.89559],[-80.07693,47.89559],[-80.11404,47.89266],[-80.13064,47.89363],[-80.13943,47.89657],[-80.14333,47.8995],[-80.14529,47.90438],[-80.15213,47.91024],[-80.15407,47.91122],[-80.15701,47.91122],[-80.15896,47.91317],[-80.16482,47.91414],[-80.17557,47.91415],[-80.18338,47.91317],[-80.18533,47.9122],[-80.18924,47.91219],[-80.20291,47.90926],[-80.21365,47.90145],[-80.21756,47.8995],[-80.22049,47.8995],[-80.22049,47.89754],[-80.21365,47.89169],[-80.199,47.8829],[-80.19803,47.87996],[-80.19217,47.87704],[-80.18533,47.86922],[-80.1785,47.86336],[-80.17264,47.86044],[-80.17166,47.85848],[-80.16678,47.85457],[-80.16189,47.84774],[-80.15603,47.84384],[-80.15506,47.8409],[-80.15311,47.83895],[-80.14139,47.83211],[-80.13357,47.82626],[-80.13357,47.8243],[-80.1238,47.81551],[-80.11989,47.81356],[-80.11795,47.81161],[-80.11501,47.81161],[-80.11307,47.80966],[-80.10915,47.8077],[-80.09841,47.79989],[-80.09646,47.79598],[-80.0906,47.79305],[-80.08767,47.78914],[-80.09743,47.78231],[-80.0945,47.78036],[-80.0906,47.77938],[-80.08669,47.77645],[-80.08376,47.77645],[-80.0779,47.77157],[-80.07595,47.77059],[-80.07302,47.77059],[-80.06716,47.76571],[-80.06521,47.76473],[-80.06228,47.76473],[-80.06032,47.76278],[-80.05544,47.76082],[-80.04568,47.75204],[-80.03982,47.7452],[-80.03982,47.7413],[-80.04568,47.73641],[-80.04958,47.72469],[-80.05739,47.7159],[-80.06325,47.712],[-80.06618,47.712],[-80.07009,47.70907],[-80.07302,47.70809],[-80.07302,47.70613],[-80.07693,47.70516],[-80.08083,47.70223],[-80.08571,47.70028],[-80.08864,47.70028],[-80.09157,47.69735],[-80.09646,47.69735],[-80.10036,47.69637],[-80.10329,47.69442],[-80.10622,47.69442],[-80.10818,47.69246],[-80.1238,47.69247],[-80.12771,47.69345],[-80.13161,47.69345],[-80.1365,47.69735],[-80.14821,47.70321],[-80.15017,47.70613],[-80.15505,47.70906],[-80.16482,47.71883],[-80.16579,47.72079],[-80.16775,47.72177],[-80.16872,47.72665],[-80.17263,47.73152],[-80.17946,47.73543],[-80.1824,47.73641],[-80.18825,47.73642],[-80.19607,47.73544],[-80.20583,47.7286],[-80.20681,47.71786],[-80.20876,47.71199],[-80.21071,47.71004],[-80.2156,47.70809],[-80.22146,47.69832],[-80.21853,47.69735],[-80.21853,47.69539],[-80.2156,47.69247],[-80.2156,47.69051],[-80.20876,47.68465],[-80.20876,47.6827],[-80.20583,47.68172],[-80.20193,47.6788],[-80.20095,47.67586],[-80.19021,47.66805],[-80.19021,47.6661],[-80.18142,47.65926],[-80.17849,47.65047],[-80.17556,47.6495],[-80.17422,47.64816],[-80.18728,47.64169],[-80.19704,47.63094],[-80.20095,47.62899],[-80.20095,47.62704],[-80.21071,47.61629],[-80.2156,47.61336],[-80.21657,47.61141],[-80.23708,47.59676],[-80.24196,47.58993],[-80.24294,47.58797],[-80.24294,47.58309],[-80.24196,47.58114],[-80.24196,47.57528],[-80.24099,47.57138],[-80.23904,47.56942],[-80.23806,47.5616],[-80.23513,47.55575],[-80.23318,47.54597],[-80.23122,47.54402],[-80.23122,47.53914],[-80.23318,47.53719],[-80.24782,47.53914],[-80.26345,47.53817],[-80.27225,47.5284],[-80.29471,47.53231],[-80.31326,47.53231],[-80.32107,47.52742],[-80.32107,47.52547],[-80.324,47.52352],[-80.324,47.52156],[-80.32596,47.51961],[-80.32986,47.51961],[-80.33182,47.52156],[-80.33475,47.52254],[-80.34158,47.52352],[-80.34646,47.52742],[-80.34646,47.53134],[-80.34061,47.53914],[-80.34256,47.5411],[-80.34256,47.54305],[-80.35428,47.55184],[-80.3699,47.5616],[-80.37674,47.56845],[-80.38455,47.57235],[-80.38553,47.5743],[-80.39334,47.58114],[-80.41482,47.59481],[-80.41775,47.59481],[-80.41971,47.59676],[-80.42361,47.59774],[-80.43631,47.60067],[-80.43924,47.60067],[-80.44119,47.60262],[-80.44998,47.6036],[-80.45193,47.60555],[-80.46561,47.60946],[-80.46951,47.61043],[-80.47342,47.61044],[-80.47537,47.61238],[-80.48025,47.61337],[-80.48611,47.61629],[-80.48904,47.61629],[-80.49295,47.61923],[-80.49588,47.61922],[-80.49783,47.62118],[-80.50467,47.62313],[-80.50857,47.62606],[-80.51248,47.62606],[-80.51542,47.62899],[-80.52811,47.6329],[-80.53202,47.6329],[-80.53495,47.63191],[-80.53593,47.62509],[-80.533,47.62117],[-80.53593,47.61727],[-80.54276,47.61825],[-80.54764,47.62019],[-80.55057,47.62313],[-80.55741,47.62606],[-80.56718,47.62606],[-80.57108,47.62313],[-80.57108,47.61531],[-80.57011,47.61238],[-80.57499,47.60847],[-80.58671,47.60165],[-80.58768,47.58992],[-80.58671,47.58699],[-80.57987,47.58016],[-80.57304,47.57528],[-80.57011,47.57528],[-80.55057,47.5616],[-80.54667,47.55965],[-80.54569,47.5577],[-80.54179,47.55477],[-80.53983,47.54891],[-80.53788,47.54696],[-80.5369,47.54207],[-80.53104,47.54012],[-80.52909,47.53817],[-80.52518,47.53817],[-80.52128,47.53524],[-80.51639,47.53133],[-80.51639,47.52645],[-80.51932,47.52351],[-80.53495,47.52352],[-80.5369,47.52157],[-80.53983,47.52058],[-80.53886,47.50887],[-80.53983,47.50594],[-80.54276,47.50496],[-80.54862,47.49813],[-80.55253,47.4952],[-80.55741,47.48934],[-80.55741,47.48739],[-80.56034,47.48641],[-80.56327,47.48641],[-80.56522,47.48836],[-80.57108,47.48837],[-80.59159,47.48446],[-80.59647,47.4825],[-80.5994,47.4825],[-80.60526,47.48055],[-80.61307,47.48055],[-80.61307,47.48934],[-80.61112,47.49129],[-80.61014,47.49715],[-80.60721,47.50008],[-80.60721,47.50203],[-80.60526,47.50301],[-80.60331,47.50594],[-80.59452,47.51083],[-80.58964,47.51473],[-80.58085,47.51473],[-80.57987,47.51083],[-80.58182,47.50887],[-80.58182,47.50203],[-80.57499,47.49715],[-80.57206,47.49911],[-80.56913,47.50301],[-80.56815,47.51278],[-80.5662,47.51376],[-80.56229,47.51864],[-80.55741,47.52254],[-80.55741,47.5284],[-80.56132,47.53133],[-80.56718,47.53133],[-80.57206,47.52938],[-80.57889,47.52938],[-80.58768,47.52742],[-80.58964,47.52548],[-80.59257,47.52547],[-80.59647,47.52254],[-80.5994,47.52255],[-80.60233,47.52156],[-80.60624,47.51863],[-80.60624,47.5157],[-80.61503,47.50594],[-80.61796,47.50399],[-80.61991,47.50301],[-80.63065,47.50301],[-80.63358,47.50496],[-80.63846,47.51083],[-80.63846,47.51571],[-80.64335,47.52157],[-80.64725,47.52254],[-80.67167,47.5245],[-80.68046,47.53133],[-80.68143,47.53524],[-80.68436,47.53719],[-80.68632,47.545],[-80.68827,47.54696],[-80.69022,47.55672],[-80.69218,47.55867],[-80.69218,47.56356],[-80.69608,47.56649],[-80.73711,47.56649],[-80.74101,47.56551],[-80.74589,47.56258],[-80.75566,47.55086],[-80.75859,47.54989],[-80.76054,47.54695],[-80.7664,47.54305],[-80.76933,47.54305],[-80.77129,47.54109],[-80.80742,47.5411],[-80.80937,47.54305],[-80.81523,47.545],[-80.81816,47.545],[-80.82402,47.54988],[-80.82793,47.54988],[-80.84746,47.56454],[-80.85136,47.56649],[-80.85234,47.56942],[-80.86113,47.57723],[-80.86113,47.57918],[-80.87187,47.59188],[-80.87187,47.59383],[-80.87578,47.59676],[-80.87578,47.59871],[-80.87871,47.60164],[-80.88261,47.59676],[-80.88359,47.59187],[-80.88554,47.5909],[-80.88652,47.587],[-80.89531,47.57918],[-80.89824,47.57821],[-80.91289,47.57918],[-80.92168,47.58211],[-80.92461,47.58406],[-80.93144,47.58894],[-80.9373,47.59578],[-80.94023,47.59774],[-80.94121,47.59969],[-80.94414,47.59969],[-80.94804,47.60262],[-80.96661,47.60262],[-80.97442,47.60164],[-80.99981,47.60164],[-81.01348,47.60458],[-81.03106,47.6075],[-81.03496,47.60749],[-81.04278,47.61043],[-81.0545,47.61238],[-81.06719,47.61629],[-81.0711,47.61824],[-81.07598,47.61824],[-81.07891,47.62019],[-81.08477,47.62215],[-81.0877,47.62215],[-81.09063,47.6241],[-81.13653,47.6241],[-81.14532,47.62605],[-81.15118,47.62606],[-81.15313,47.62508],[-81.15313,47.62019],[-81.1502,47.61726],[-81.13946,47.60945],[-81.13653,47.60945],[-81.10137,47.58406],[-81.09942,47.58114],[-81.09844,47.56942],[-81.09942,47.56258],[-81.09746,47.56062],[-81.09746,47.55867],[-81.09063,47.55477],[-81.075,47.54305],[-81.06524,47.53719],[-81.06329,47.53621],[-81.06036,47.53621],[-81.05547,47.5323],[-81.05254,47.53231],[-81.04571,47.53035],[-81.0418,47.53328],[-81.04082,47.5411],[-81.03887,47.54305],[-81.03789,47.55184],[-81.03496,47.55574],[-81.03106,47.55574],[-81.02911,47.55379],[-81.02325,47.55086],[-81.02032,47.55087],[-81.01739,47.55282],[-81.01739,47.55574],[-81.01348,47.55574],[-81.00664,47.55379],[-81.00469,47.55183],[-80.99688,47.54793],[-80.9959,47.54402],[-80.99883,47.54012],[-80.99883,47.53523],[-80.9959,47.53328],[-80.99297,47.53328],[-80.98418,47.52644],[-80.98418,47.51765],[-80.98809,47.51472],[-80.9959,47.51375],[-80.99981,47.51571],[-81.00274,47.51863],[-81.00567,47.52547],[-81.00762,47.52743],[-81.01055,47.52645],[-81.01543,47.52645],[-81.01641,47.52156],[-81.01446,47.5196],[-81.0125,47.50985],[-81.0086,47.50594],[-81.00176,47.50105],[-80.99004,47.50106],[-80.97735,47.51473],[-80.97246,47.51863],[-80.97149,47.52059],[-80.96562,47.52547],[-80.96172,47.52742],[-80.95782,47.5323],[-80.95586,47.53914],[-80.9539,47.5411],[-80.95293,47.54891],[-80.95097,47.55086],[-80.94902,47.55965],[-80.94121,47.5616],[-80.92851,47.56161],[-80.91777,47.55379],[-80.91582,47.55086],[-80.91582,47.54012],[-80.91484,47.53621],[-80.91289,47.53426],[-80.90996,47.53426],[-80.90703,47.5323],[-80.89824,47.53133],[-80.89531,47.5284],[-80.89336,47.52743],[-80.89043,47.52742],[-80.88066,47.51961],[-80.86894,47.51766],[-80.86113,47.51376],[-80.8582,47.51375],[-80.85429,47.51082],[-80.85136,47.51082],[-80.8416,47.50399],[-80.83769,47.4991],[-80.83769,47.49519],[-80.83574,47.49324],[-80.83574,47.48837],[-80.83379,47.48641],[-80.83281,47.48153],[-80.82304,47.47469],[-80.82207,47.47273],[-80.82207,47.45516],[-80.82304,47.4493],[-80.825,47.44735],[-80.82597,47.44051],[-80.82793,47.43856],[-80.82793,47.43172],[-80.81328,47.43074],[-80.8123,47.42488],[-80.81425,47.42294],[-80.81523,47.41903],[-80.81816,47.4161],[-80.81914,47.41121],[-80.82207,47.4073],[-80.82304,47.4034],[-80.82597,47.40144],[-80.82597,47.39949],[-80.8289,47.39559],[-80.8289,47.39168],[-80.83281,47.38484],[-80.83281,47.38289],[-80.83574,47.38094],[-80.83574,47.37898],[-80.83964,47.3741],[-80.8416,47.37313],[-80.84355,47.36727],[-80.84649,47.36531],[-80.84746,47.35164],[-80.84551,47.34969],[-80.8455,47.34773],[-80.8377,47.34285],[-80.82989,47.33601],[-80.825,47.33308],[-80.8211,47.32821],[-80.82207,47.32332],[-80.82598,47.32039],[-80.8377,47.32137],[-80.84356,47.32624],[-80.84454,47.32918],[-80.84942,47.32918],[-80.85137,47.32722],[-80.8543,47.32722],[-80.86504,47.31941],[-80.86504,47.31453],[-80.86114,47.30965],[-80.86016,47.30574],[-80.86504,47.30183],[-80.86797,47.30086],[-80.87383,47.30086],[-80.87676,47.30379],[-80.87676,47.30671],[-80.88848,47.31746],[-80.89141,47.31746],[-80.89922,47.32332],[-80.90704,47.32332],[-80.90704,47.30769],[-80.90996,47.30476],[-80.91289,47.30379],[-80.92657,47.30378],[-80.94611,47.30769],[-80.95196,47.30769],[-80.95782,47.31062],[-80.95684,47.31648],[-80.95391,47.32331],[-80.95879,47.32917],[-80.96368,47.32918],[-80.96661,47.32722],[-80.96758,47.32526],[-80.97051,47.3243],[-80.97345,47.32137],[-80.98712,47.30085],[-80.99005,47.2989],[-80.99298,47.2989],[-81.0047,47.29597],[-81.03107,47.29597],[-81.03302,47.29793],[-81.03595,47.29792],[-81.03888,47.29988],[-81.04767,47.30281],[-81.05939,47.30281],[-81.06329,47.30183],[-81.06525,47.29987],[-81.06818,47.29988],[-81.07208,47.29694],[-81.07501,47.29304],[-81.07501,47.28816],[-81.07696,47.28621],[-81.07696,47.27546],[-81.07892,47.27351],[-81.08185,47.27254],[-81.09747,47.27351],[-81.11017,47.27742],[-81.11017,47.27937],[-81.1131,47.2823],[-81.11212,47.28426],[-81.10919,47.28621],[-81.10821,47.28914],[-81.10431,47.28914],[-81.10236,47.29109],[-81.10431,47.29695],[-81.11212,47.29695],[-81.12189,47.29304],[-81.13849,47.28914],[-81.14045,47.28718],[-81.14826,47.28426],[-81.16877,47.2823],[-81.17658,47.28621],[-81.18146,47.29207],[-81.18243,47.29694],[-81.18244,47.30867],[-81.18439,47.31062],[-81.18536,47.31941],[-81.18829,47.32234],[-81.19513,47.33503],[-81.19806,47.33796],[-81.20001,47.34382],[-81.2088,47.35066],[-81.21075,47.35359],[-81.21564,47.35652],[-81.21759,47.35944],[-81.22345,47.36335],[-81.23126,47.37507],[-81.23029,47.38679],[-81.21954,47.38679],[-81.21564,47.38582],[-81.20587,47.378],[-81.20685,47.37312],[-81.20587,47.37019],[-81.20392,47.36824],[-81.19611,47.36922],[-81.19025,47.37508],[-81.19415,47.38094],[-81.19904,47.38484],[-81.20001,47.38777],[-81.20587,47.3907],[-81.21368,47.40046],[-81.21661,47.40242],[-81.21954,47.40827],[-81.21954,47.4239],[-81.21857,47.42781],[-81.20978,47.42781],[-81.20685,47.42586],[-81.20001,47.42683],[-81.19708,47.42878],[-81.19708,47.43464],[-81.19513,47.43562],[-81.19513,47.4405],[-81.19708,47.44246],[-81.19707,47.45418],[-81.19513,47.4571],[-81.18927,47.46198],[-81.17657,47.46199],[-81.17657,47.47176],[-81.17754,47.47371],[-81.18243,47.47762],[-81.18633,47.48347],[-81.18536,47.48835],[-81.17657,47.48836],[-81.17364,47.49129],[-81.17364,47.50398],[-81.1834,47.5118],[-81.1834,47.51473],[-81.18145,47.51667],[-81.17461,47.51863],[-81.16192,47.52058],[-81.15996,47.52448],[-81.16094,47.52644],[-81.16582,47.53035],[-81.16973,47.53133],[-81.18731,47.53132],[-81.19414,47.53231],[-81.20098,47.53425],[-81.20586,47.53621],[-81.21172,47.54109],[-81.21465,47.54109],[-81.21661,47.54206],[-81.22247,47.54694],[-81.22637,47.54792],[-81.23223,47.55086],[-81.23516,47.55086],[-81.23711,47.55281],[-81.24395,47.55476],[-81.24688,47.55476],[-81.25469,47.55867],[-81.2586,47.55964],[-81.28789,47.56062],[-81.29571,47.56258],[-81.29864,47.56257],[-81.30547,47.5655],[-81.30841,47.56843],[-81.31329,47.56843],[-81.31818,47.57234],[-81.3211,47.57234],[-81.32404,47.57429],[-81.32696,47.5743],[-81.32892,47.57625],[-81.33771,47.5782],[-81.35724,47.5782],[-81.36896,47.57917],[-81.367,47.57233],[-81.36505,47.57039],[-81.36114,47.56941],[-81.35529,47.56453],[-81.36114,47.55671],[-81.37286,47.54793],[-81.37482,47.54402],[-81.36603,47.5362],[-81.36017,47.5323],[-81.35724,47.5284],[-81.35626,47.5196],[-81.35724,47.51472],[-81.34943,47.50789],[-81.34943,47.50398],[-81.3504,47.50202],[-81.35333,47.50105],[-81.35821,47.49714],[-81.36114,47.49714],[-81.367,47.49519],[-81.36896,47.49324],[-81.37775,47.49031],[-81.38068,47.4864],[-81.38068,47.48347],[-81.37677,47.47858],[-81.37091,47.47858],[-81.367,47.47761],[-81.36896,47.46882],[-81.37286,47.46491],[-81.37677,47.46296],[-81.38361,47.4571],[-81.38654,47.45613],[-81.39435,47.45124],[-81.39825,47.45124],[-81.39923,47.44929],[-81.40704,47.44245],[-81.40802,47.44051],[-81.40802,47.43366],[-81.40704,47.42487],[-81.41095,47.42],[-81.41193,47.41511],[-81.42267,47.4073],[-81.42657,47.40241],[-81.42657,47.39363],[-81.4256,47.38874],[-81.42364,47.38679],[-81.42267,47.37409],[-81.42072,47.37214],[-81.41974,47.34871],[-81.41779,47.34675],[-81.41779,47.33894],[-81.42463,47.33015],[-81.43244,47.32625],[-81.43635,47.32526],[-81.4383,47.32722],[-81.44807,47.33015],[-81.451,47.33015],[-81.45881,47.33503],[-81.46174,47.33504],[-81.46467,47.33699],[-81.47639,47.34968],[-81.48127,47.36042],[-81.48127,47.36531],[-81.48322,47.36726],[-81.48322,47.378],[-81.48127,47.37996],[-81.47833,47.38875],[-81.47638,47.3907],[-81.47443,47.40144],[-81.47247,47.40242],[-81.47052,47.40632],[-81.46759,47.40827],[-81.46564,47.41218],[-81.46564,47.41707],[-81.46759,47.41804],[-81.46954,47.42097],[-81.4754,47.42488],[-81.48224,47.43171],[-81.48518,47.43757],[-81.48907,47.4405],[-81.49006,47.44246],[-81.49689,47.44539],[-81.50372,47.44539],[-81.50959,47.4444],[-81.51154,47.44245],[-81.51447,47.44148],[-81.52717,47.44148],[-81.53205,47.44538],[-81.53596,47.44636],[-81.5467,47.44636],[-81.54963,47.44441],[-81.55061,47.4366],[-81.55451,47.43171],[-81.55744,47.43074],[-81.56232,47.43171],[-81.56623,47.43366],[-81.57111,47.43366],[-81.57795,47.43757],[-81.58088,47.43757],[-81.58869,47.44344],[-81.59162,47.44343],[-81.59357,47.44538],[-81.59943,47.44831],[-81.60236,47.44832],[-81.60822,47.4532],[-81.61018,47.45125],[-81.61506,47.44929],[-81.61604,47.43953],[-81.61799,47.43757],[-81.63068,47.43953],[-81.63752,47.43953],[-81.64338,47.43757],[-81.64436,47.43562],[-81.64338,47.43074],[-81.64143,47.42585],[-81.63947,47.4239],[-81.6385,47.41902],[-81.63654,47.41706],[-81.63557,47.4073],[-81.65608,47.40632],[-81.67464,47.40339],[-81.69222,47.39949],[-81.69417,47.39753],[-81.70296,47.39461],[-81.70784,47.3907],[-81.71175,47.38581],[-81.71272,47.37312],[-81.71468,47.37117],[-81.71565,47.36628],[-81.72737,47.36043],[-81.73421,47.35944],[-81.74886,47.35945],[-81.75374,47.36238],[-81.74983,47.36823],[-81.74788,47.36921],[-81.7469,47.37312],[-81.74397,47.37605],[-81.74202,47.37996],[-81.73616,47.38387],[-81.73323,47.39069],[-81.73323,47.39558],[-81.74397,47.40339],[-81.74983,47.40633],[-81.75667,47.4073],[-81.7596,47.40632],[-81.7635,47.40242],[-81.76448,47.39655],[-81.76839,47.39558],[-81.77522,47.40144],[-81.77913,47.40339],[-81.78304,47.40827],[-81.78792,47.41023],[-81.78987,47.41219],[-81.7928,47.41218],[-81.79964,47.41023],[-81.80452,47.40633],[-81.8094,47.40828],[-81.81917,47.42097],[-81.82405,47.4239],[-81.82698,47.42489],[-81.82991,47.42488],[-81.83479,47.42097],[-81.83382,47.41511],[-81.83186,47.41316],[-81.83186,47.40828],[-81.83675,47.40437],[-81.85629,47.40242],[-81.8641,47.40925],[-81.868,47.41511],[-81.87386,47.41902],[-81.87776,47.42488],[-81.8807,47.42683],[-81.8807,47.44051],[-81.88851,47.45222],[-81.89339,47.4532],[-81.89828,47.4532],[-81.90316,47.44929],[-81.90121,47.44637],[-81.90023,47.4405],[-81.89828,47.43855],[-81.89828,47.43562],[-81.90609,47.43464],[-81.9139,47.4405],[-81.92562,47.44148],[-81.92855,47.44344],[-81.93734,47.45418],[-81.94125,47.4571],[-81.94906,47.4659],[-81.95199,47.46785],[-81.95394,47.4659],[-81.95882,47.46589],[-81.96371,47.46492],[-81.99105,47.46492],[-81.993,47.46296],[-81.99984,47.46199],[-82.03109,47.46004],[-82.04476,47.45808],[-82.04867,47.45515],[-82.04964,47.45124],[-82.05257,47.45027],[-82.0555,47.45027],[-82.05941,47.45125],[-82.06527,47.45417],[-82.0682,47.45808],[-82.07504,47.46394],[-82.077,47.46785],[-82.07797,47.47859],[-82.07894,47.48054],[-82.07308,47.48542],[-82.07015,47.48543],[-82.07015,47.49031],[-82.07211,47.49227],[-82.08871,47.49031],[-82.09945,47.49226],[-82.10336,47.49519],[-82.10726,47.4952],[-82.1102,47.49128],[-82.10922,47.48933],[-82.11411,47.48445],[-82.11898,47.49031],[-82.12386,47.49422],[-82.1268,47.49519],[-82.13461,47.49715],[-82.15414,47.49812],[-82.16,47.4991],[-82.16391,47.49422],[-82.17172,47.48835],[-82.17661,47.48739],[-82.18539,47.48738],[-82.19125,47.48153],[-82.20786,47.47762],[-82.20981,47.47957],[-82.21274,47.48055],[-82.23129,47.48153],[-82.23911,47.48055],[-82.24106,47.4786],[-82.24985,47.4786],[-82.25571,47.48348],[-82.25961,47.48348],[-82.26254,47.48542],[-82.26938,47.48543],[-82.27426,47.48446],[-82.27622,47.4825],[-82.27524,47.46297],[-82.27719,47.46102],[-82.28305,47.46102],[-82.29379,47.46786],[-82.30063,47.46785],[-82.30356,47.46493],[-82.30454,47.462],[-82.30454,47.45418],[-82.30161,47.45028],[-82.30161,47.44149],[-82.3065,47.43465],[-82.30747,47.43074],[-82.31431,47.43075],[-82.32407,47.4327],[-82.33189,47.43269],[-82.33482,47.43465],[-82.33384,47.44246],[-82.33091,47.44441],[-82.32798,47.44441],[-82.32212,47.44149],[-82.31431,47.44246],[-82.31333,47.44441],[-82.32114,47.45418],[-82.327,47.45712],[-82.33188,47.46297],[-82.33383,47.46785],[-82.34164,47.47567],[-82.35239,47.47567],[-82.35434,47.47762],[-82.35434,47.48055],[-82.34262,47.48933],[-82.34067,47.49324],[-82.34262,47.4952],[-82.34946,47.49618],[-82.35141,47.49813],[-82.35043,47.50692],[-82.35336,47.5118],[-82.35825,47.5118],[-82.36606,47.51375],[-82.36899,47.51181],[-82.36997,47.50985],[-82.36997,47.4952],[-82.37094,47.49324],[-82.3768,47.48934],[-82.38071,47.49228],[-82.38559,47.49813],[-82.39047,47.49813],[-82.39536,47.50204],[-82.39829,47.50302],[-82.40512,47.50301],[-82.41196,47.49715],[-82.41391,47.4913],[-82.41197,47.46688],[-82.41489,47.46492],[-82.43539,47.46493],[-82.43735,47.46688],[-82.43442,47.47079],[-82.43442,47.4747],[-82.43735,47.47957],[-82.44711,47.48544],[-82.44907,47.48837],[-82.45493,47.49325],[-82.45786,47.49227],[-82.45883,47.49033],[-82.45883,47.48544],[-82.45981,47.48348],[-82.46274,47.48153],[-82.47641,47.4825],[-82.47348,47.49228],[-82.47543,47.49423],[-82.47641,47.49716],[-82.48715,47.49521],[-82.49008,47.49325],[-82.49301,47.49326],[-82.49497,47.4913],[-82.51059,47.4874],[-82.52133,47.48837],[-82.52719,47.4913],[-82.54672,47.49033],[-82.57016,47.49131],[-82.57211,47.49325],[-82.577,47.49423],[-82.59262,47.50498],[-82.59555,47.50498],[-82.59848,47.50692],[-82.60336,47.50693],[-82.60434,47.49521],[-82.60727,47.49325],[-82.61118,47.49326],[-82.61997,47.50009],[-82.62875,47.50009],[-82.63754,47.49326],[-82.64438,47.48935],[-82.65415,47.4874],[-82.6561,47.48545],[-82.66196,47.48544],[-82.66489,47.4874],[-82.66977,47.49423],[-82.6727,47.49619],[-82.67563,47.49619],[-82.67856,47.49814],[-82.68247,47.49814],[-82.6854,47.49912],[-82.69125,47.49424],[-82.69418,47.48544],[-82.69907,47.48154],[-82.702,47.48154],[-82.70883,47.47666],[-82.71176,47.47275],[-82.70786,47.46885],[-82.7059,47.46493],[-82.7059,47.45517],[-82.70688,47.45127],[-82.71176,47.44736],[-82.71469,47.44737],[-82.71762,47.44931],[-82.7186,47.45127],[-82.72543,47.45029],[-82.72641,47.44834],[-82.73813,47.44737],[-82.74008,47.4454],[-82.74204,47.42685],[-82.75082,47.41904],[-82.75865,47.41904],[-82.75767,47.44248],[-82.75962,47.44443],[-82.75962,47.46299],[-82.76157,47.46494],[-82.76255,47.47275],[-82.76548,47.47665],[-82.76548,47.4796],[-82.77232,47.48349],[-82.77427,47.48643],[-82.77427,47.48935],[-82.76743,47.49033],[-82.75865,47.48349],[-82.75375,47.48252],[-82.75278,47.48935],[-82.75375,47.49131],[-82.76157,47.49717],[-82.76548,47.49815],[-82.76645,47.504],[-82.7772,47.50205],[-82.78501,47.49619],[-82.7899,47.48838],[-82.79282,47.48643],[-82.79966,47.48545],[-82.80259,47.48642],[-82.8065,47.48936],[-82.80552,47.50009],[-82.80747,47.504],[-82.81431,47.50889],[-82.81822,47.51279],[-82.81724,47.54111],[-82.81529,47.54307],[-82.79771,47.54502],[-82.79966,47.55381],[-82.80552,47.55869],[-82.81431,47.56064],[-82.82407,47.56065],[-82.82603,47.55869],[-82.827,47.55088],[-82.83482,47.54405],[-82.83775,47.54405],[-82.84361,47.54111],[-82.84849,47.53525],[-82.84751,47.51865],[-82.84849,47.50498],[-82.85044,47.50205],[-82.8524,47.5001],[-82.85532,47.49912],[-82.86314,47.49717],[-82.86607,47.49717],[-82.86802,47.49521],[-82.87095,47.49424],[-82.87681,47.48643],[-82.87193,47.48056],[-82.86997,47.47569],[-82.8729,47.47471],[-82.88072,47.47569],[-82.89341,47.47471],[-82.89439,47.46884],[-82.89146,47.46592],[-82.89341,47.46397],[-82.89634,47.46299],[-82.90122,47.45615],[-82.89829,47.4503],[-82.89536,47.45029],[-82.8856,47.45713],[-82.88267,47.4581],[-82.87974,47.45712],[-82.88267,47.44737],[-82.88267,47.44443],[-82.88462,47.44248],[-82.8856,47.43858],[-82.8856,47.42686],[-82.90415,47.42587],[-82.90708,47.42783],[-82.90708,47.43467],[-82.90415,47.43662],[-82.90415,47.44053],[-82.90611,47.44248],[-82.90904,47.4415],[-82.91197,47.4415],[-82.91686,47.43857],[-82.92076,47.4415],[-82.92173,47.44345],[-82.9188,47.44737],[-82.91392,47.45127],[-82.91686,47.45518],[-82.92076,47.45615],[-82.92564,47.45615],[-82.92759,47.4581],[-82.92466,47.46201],[-82.91978,47.46592],[-82.92271,47.47276],[-82.92565,47.47373],[-82.93541,47.47373],[-82.93932,47.47276],[-82.95006,47.46397],[-82.94127,47.4542],[-82.94127,47.45029],[-82.9442,47.44639],[-82.94225,47.44444],[-82.94322,47.43564],[-82.94908,47.43467],[-82.95982,47.44443],[-82.96275,47.4454],[-82.96959,47.44541],[-82.97057,47.44052],[-82.95982,47.43076],[-82.9569,47.42978],[-82.9569,47.4249],[-82.96275,47.42002],[-82.96666,47.41806],[-82.97154,47.41708],[-82.97643,47.42099],[-82.98229,47.42099],[-82.98327,47.41415],[-82.97546,47.40439],[-82.97545,47.40048],[-82.97936,47.39658],[-82.99304,47.39756],[-82.99401,47.3956],[-82.99694,47.39365],[-82.99108,47.38876],[-82.99108,47.37998],[-82.98718,47.37607],[-82.98132,47.37509],[-82.97546,47.37803],[-82.95299,47.37802],[-82.95201,47.37314],[-82.95299,47.37021],[-82.96568,47.3585],[-82.97154,47.35165],[-82.97643,47.34482],[-82.9774,47.34189],[-82.98132,47.33701],[-82.98425,47.33505],[-82.98913,47.32822],[-82.99011,47.32432],[-82.99889,47.31357],[-83.00866,47.31357],[-83.01941,47.31454],[-83.03842,47.3251],[-83.03699,47.32724],[-83.04089,47.33017],[-83.04285,47.33408],[-83.03014,47.33701],[-83.02722,47.33896],[-83.02624,47.34287],[-83.02429,47.34482],[-83.02331,47.35653],[-83.02429,47.36045],[-83.03015,47.36728],[-83.03308,47.36924],[-83.04285,47.3702],[-83.04675,47.36728],[-83.05164,47.35849],[-83.05652,47.35849],[-83.06922,47.36825],[-83.0741,47.36923],[-83.07507,47.37119],[-83.07605,47.39365],[-83.07507,47.39755],[-83.07019,47.40439],[-83.05945,47.4122],[-83.0575,47.41611],[-83.05457,47.41903],[-83.05457,47.42294],[-83.05652,47.4249],[-83.05652,47.43467],[-83.05945,47.44053],[-83.05944,47.44442],[-83.06237,47.44834],[-83.06237,47.45615],[-83.04186,47.4581],[-83.03503,47.46298],[-83.03893,47.46592],[-83.05554,47.4669],[-83.05944,47.46592],[-83.06432,47.46983],[-83.07116,47.47079],[-83.078,47.46982],[-83.08483,47.46787],[-83.08679,47.46592],[-83.09265,47.46396],[-83.09656,47.46396],[-83.1073,47.47373],[-83.11804,47.47958],[-83.12683,47.48154],[-83.13953,47.47274],[-83.14734,47.46592],[-83.15808,47.45029],[-83.16297,47.44541],[-83.16688,47.43955],[-83.16786,47.43271],[-83.16981,47.43076],[-83.16883,47.41903],[-83.16395,47.41513],[-83.15809,47.41513],[-83.14637,47.42391],[-83.14344,47.42392],[-83.14051,47.4249],[-83.13757,47.42783],[-83.13464,47.42782],[-83.12976,47.43466],[-83.1239,47.4376],[-83.12097,47.43466],[-83.12196,47.4122],[-83.1161,47.40439],[-83.11317,47.39853],[-83.11414,47.39657],[-83.12391,47.3956],[-83.12586,47.39365],[-83.13368,47.38095],[-83.14149,47.37118],[-83.14246,47.3663],[-83.14051,47.36435],[-83.13368,47.36727],[-83.13075,47.36728],[-83.12782,47.36923],[-83.12489,47.36923],[-83.12293,47.37118],[-83.10926,47.37118],[-83.10633,47.37216],[-83.09852,47.36728],[-83.10047,47.36337],[-83.10829,47.35653],[-83.11121,47.35653],[-83.11512,47.3536],[-83.11805,47.3536],[-83.12977,47.34579],[-83.13563,47.33994],[-83.13856,47.33602],[-83.14051,47.33115],[-83.13856,47.31064],[-83.13563,47.30869],[-83.13758,47.30478],[-83.14051,47.30185],[-83.14832,47.30184],[-83.15809,47.31064],[-83.16298,47.31649],[-83.17274,47.3243],[-83.19032,47.32333],[-83.19521,47.32235],[-83.19814,47.31943],[-83.20107,47.31845],[-83.204,47.31942],[-83.20693,47.31844],[-83.20986,47.3204],[-83.21376,47.32724],[-83.21669,47.33016],[-83.21767,47.33408],[-83.21962,47.33603],[-83.2206,47.33896],[-83.21962,47.35556],[-83.22254,47.35946],[-83.22157,47.36434],[-83.22743,47.37021],[-83.2372,47.37021],[-83.24892,47.36142],[-83.25868,47.36239],[-83.26259,47.36631],[-83.25868,47.37021],[-83.24793,47.37606],[-83.245,47.37998],[-83.24403,47.38778],[-83.2411,47.38876],[-83.23524,47.39364],[-83.23426,47.39853],[-83.23914,47.40341],[-83.24891,47.40341],[-83.2577,47.39658],[-83.26356,47.39559],[-83.26649,47.39755],[-83.26649,47.40537],[-83.26258,47.40927],[-83.25184,47.4122],[-83.25086,47.41415],[-83.24793,47.41611],[-83.24989,47.41806],[-83.25086,47.4249],[-83.25672,47.43174],[-83.25965,47.43369],[-83.26063,47.43564],[-83.26942,47.44052],[-83.27235,47.44052],[-83.27528,47.44248],[-83.28504,47.44345],[-83.28895,47.44248],[-83.3075,47.42783],[-83.31727,47.42685],[-83.32704,47.43369],[-83.32997,47.43369],[-83.33192,47.43174],[-83.3368,47.43076],[-83.34364,47.4249],[-83.34559,47.42196],[-83.33975,47.41767],[-83.35208,47.41282],[-83.35926,47.4122],[-83.36219,47.41123],[-83.36903,47.41123],[-83.36414,47.4249],[-83.36512,47.43369],[-83.36219,47.43564],[-83.36122,47.4376],[-83.36121,47.45518],[-83.36902,47.46592],[-83.37195,47.46787],[-83.37,47.47275],[-83.37097,47.47471],[-83.36804,47.47862],[-83.36023,47.47861],[-83.3573,47.47959],[-83.3534,47.48447],[-83.35242,47.49033],[-83.35242,47.50205],[-83.35436,47.504],[-83.36022,47.51573],[-83.36608,47.51768],[-83.36315,47.51963],[-83.36901,47.52744],[-83.36901,47.53623],[-83.36413,47.54014],[-83.35827,47.53916],[-83.35534,47.53721],[-83.35339,47.53331],[-83.35046,47.53135],[-83.34362,47.53135],[-83.34167,47.5333],[-83.33776,47.53428],[-83.33386,47.53721],[-83.33288,47.53916],[-83.32995,47.54014],[-83.32311,47.54796],[-83.31237,47.55576],[-83.30944,47.55675],[-83.30651,47.55674],[-83.29675,47.56162],[-83.28503,47.56455],[-83.28307,47.56651],[-83.28015,47.5665],[-83.27722,47.56846],[-83.27331,47.57139],[-83.26354,47.58214],[-83.26354,47.58507],[-83.26842,47.58506],[-83.27722,47.58311],[-83.28014,47.58115],[-83.28307,47.58115],[-83.29089,47.57628],[-83.29382,47.57628],[-83.30847,47.57334],[-83.31042,47.5753],[-83.30944,47.58019],[-83.30749,47.58213],[-83.30847,47.58408],[-83.3114,47.58604],[-83.32311,47.58604],[-83.33288,47.57823],[-83.33581,47.57334],[-83.34167,47.56749],[-83.3446,47.56554],[-83.34753,47.56553],[-83.34948,47.56358],[-83.35436,47.5626],[-83.35925,47.5587],[-83.36218,47.55772],[-83.37292,47.5587],[-83.38464,47.55576],[-83.38757,47.55772],[-83.3905,47.56162],[-83.3944,47.56357],[-83.39929,47.56358],[-83.40124,47.56553],[-83.41393,47.56554],[-83.41686,47.56455],[-83.41882,47.5626],[-83.42175,47.5626],[-83.43151,47.55576],[-83.44323,47.55381],[-83.45495,47.55576],[-83.45788,47.55772],[-83.47156,47.5587],[-83.50476,47.55674],[-83.50769,47.5587],[-83.50769,47.56163],[-83.51843,47.5626],[-83.52136,47.56162],[-83.52722,47.55479],[-83.53015,47.55381],[-83.53894,47.55382],[-83.54285,47.5499],[-83.54285,47.54706],[-83.54953,47.54539],[-83.55164,47.54698],[-83.55945,47.54697],[-83.56629,47.54893],[-83.57117,47.54894],[-83.57508,47.54503],[-83.58958,47.53902],[-83.59265,47.54112],[-83.61121,47.5421],[-83.61804,47.54014],[-83.62914,47.54271],[-83.62781,47.54405],[-83.62488,47.54503],[-83.62586,47.55088],[-83.62879,47.55283],[-83.63562,47.55089],[-83.64734,47.54991],[-83.65418,47.54991],[-83.65613,47.55185],[-83.65613,47.55577],[-83.64929,47.5587],[-83.64539,47.5626],[-83.64539,47.56553],[-83.64832,47.56748],[-83.64929,47.57237],[-83.64636,47.57432],[-83.64636,47.57627],[-83.64246,47.58018],[-83.63855,47.58897],[-83.6405,47.59092],[-83.64148,47.59483],[-83.64441,47.59775],[-83.64441,47.59971],[-83.65222,47.60557],[-83.66394,47.59581],[-83.66882,47.59678],[-83.67175,47.59581],[-83.67468,47.59678],[-83.67468,47.60362],[-83.67859,47.60753],[-83.6825,47.60753],[-83.6864,47.60557],[-83.69324,47.59971],[-83.69324,47.59776],[-83.70203,47.58995],[-83.70399,47.58702],[-83.70204,47.58115],[-83.6991,47.58018],[-83.69519,47.58018],[-83.68933,47.57725],[-83.68933,47.57432],[-83.69422,47.56944],[-83.70008,47.56651],[-83.71473,47.56944],[-83.72157,47.56944],[-83.7245,47.56847],[-83.74598,47.57139],[-83.74891,47.56944],[-83.75184,47.56944],[-83.75672,47.56455],[-83.75672,47.5626],[-83.76258,47.55577],[-83.76551,47.55479],[-83.77625,47.55381],[-83.78504,47.55186],[-83.78602,47.55576],[-83.78407,47.55772],[-83.78407,47.56162],[-83.78602,47.56357],[-83.79188,47.56357],[-83.79481,47.5626],[-83.81336,47.56064],[-83.82118,47.55869],[-83.82314,47.55674],[-83.81532,47.55478],[-83.8124,47.55283],[-83.8124,47.54893],[-83.82509,47.54698],[-83.83193,47.54892],[-83.84755,47.5499],[-83.88368,47.54502],[-83.88661,47.54404],[-83.88857,47.54209],[-83.89052,47.53916],[-83.89247,47.53232],[-83.89638,47.53135],[-83.90029,47.53427],[-83.90029,47.53817],[-83.90615,47.54502],[-83.91005,47.54599],[-83.91786,47.54502],[-83.93838,47.5499],[-83.94912,47.55087],[-83.95205,47.54795],[-83.95205,47.54599],[-83.95597,47.54013],[-83.96378,47.54013],[-83.96964,47.54306],[-83.98233,47.55184],[-83.98233,47.55673],[-83.98038,47.55868],[-83.97257,47.55868],[-83.97061,47.55673],[-83.96768,47.55771],[-83.95987,47.55771],[-83.95889,47.56357],[-83.95107,47.56651],[-83.94815,47.56845],[-83.94424,47.56845],[-83.94229,47.57041],[-83.93643,47.57333],[-83.9335,47.57334],[-83.92471,47.58017],[-83.92079,47.58115],[-83.91103,47.5792],[-83.9081,47.57822],[-83.90615,47.57627],[-83.90322,47.57627],[-83.90029,47.57432],[-83.89345,47.57236],[-83.88759,47.57432],[-83.88564,47.57823],[-83.89443,47.58506],[-83.89833,47.58505],[-83.9081,47.59385],[-83.90907,47.5958],[-83.9081,47.60166],[-83.90224,47.60751],[-83.90224,47.60947],[-83.89931,47.6124],[-83.89736,47.61924],[-83.89443,47.62412],[-83.89247,47.62217],[-83.88954,47.62217],[-83.8749,47.61924],[-83.87001,47.61924],[-83.86708,47.62022],[-83.86025,47.6251],[-83.85536,47.6251],[-83.85341,47.62315],[-83.84559,47.62315],[-83.84168,47.62705],[-83.8456,47.63096],[-83.85731,47.63194],[-83.86025,47.63486],[-83.85927,47.64463],[-83.83094,47.64952],[-83.82508,47.6544],[-83.82508,47.66026],[-83.83192,47.66514],[-83.83387,47.66807],[-83.82899,47.67491],[-83.82606,47.67686],[-83.82606,47.67881],[-83.82118,47.68272],[-83.81825,47.6876],[-83.81727,47.69151],[-83.81629,47.69932],[-83.81825,47.70128],[-83.81825,47.70323],[-83.82606,47.71007],[-83.82899,47.70909],[-83.85536,47.71202],[-83.85926,47.713],[-83.86219,47.71495],[-83.86317,47.71788],[-83.87392,47.71592],[-83.88075,47.70616],[-83.87978,47.7042],[-83.88173,47.70224],[-83.88173,47.69932],[-83.88857,47.69444],[-83.89443,47.69541],[-83.90029,47.69541],[-83.90615,47.69834],[-83.91298,47.69835],[-83.91591,47.7003],[-83.91786,47.70616],[-83.91591,47.70811],[-83.91005,47.71104],[-83.90615,47.71103],[-83.90322,47.71299],[-83.90224,47.71495],[-83.90322,47.72276],[-83.90615,47.72471],[-83.91005,47.72471],[-83.91591,47.72178],[-83.91982,47.72276],[-83.92665,47.73057],[-83.92665,47.73545],[-83.92372,47.7374],[-83.92079,47.73741],[-83.91591,47.74131],[-83.91298,47.74131],[-83.90322,47.74913],[-83.89931,47.7501],[-83.8954,47.7501],[-83.89345,47.74815],[-83.89345,47.74521],[-83.8915,47.74326],[-83.89247,47.72667],[-83.89052,47.72471],[-83.88466,47.72472],[-83.88173,47.72666],[-83.87782,47.72764],[-83.8788,47.73252],[-83.88173,47.73546],[-83.88173,47.73838],[-83.88368,47.74034],[-83.88271,47.74229],[-83.8749,47.74424],[-83.8661,47.74424],[-83.86317,47.74522],[-83.84168,47.76182],[-83.83778,47.76182],[-83.81825,47.76573],[-83.80946,47.77158],[-83.80555,47.77549],[-83.80555,47.77842],[-83.80946,47.78135],[-83.81239,47.78233],[-83.82118,47.78232],[-83.82411,47.78037],[-83.82899,47.7794],[-83.83094,47.77745],[-83.83485,47.77549],[-83.83778,47.7755],[-83.84461,47.77354],[-83.84754,47.77549],[-83.85047,47.77549],[-83.85536,47.78135],[-83.85829,47.78233],[-83.86415,47.78232],[-83.87392,47.77452],[-83.87684,47.77549],[-83.8788,47.77744],[-83.87978,47.79307],[-83.87879,47.79503],[-83.87586,47.79697],[-83.87196,47.79698],[-83.86317,47.79405],[-83.85536,47.79405],[-83.85438,47.796],[-83.85731,47.79991],[-83.85731,47.80186],[-83.8495,47.80576],[-83.8495,47.8126],[-83.85438,47.81749],[-83.85731,47.81846],[-83.8661,47.81846],[-83.86805,47.81651],[-83.87196,47.81651],[-83.87879,47.81065],[-83.88368,47.80967],[-83.88563,47.80771],[-83.90517,47.80577],[-83.91884,47.80772],[-83.92275,47.80674],[-83.92372,47.80478],[-83.91982,47.79893],[-83.91396,47.796],[-83.91103,47.79698],[-83.9081,47.79503],[-83.90126,47.79307],[-83.89736,47.79014],[-83.89736,47.78526],[-83.912,47.77354],[-83.91786,47.76669],[-83.92665,47.75889],[-83.92958,47.75986],[-83.93251,47.76963],[-83.92958,47.77256],[-83.92861,47.77549],[-83.92958,47.78135],[-83.93154,47.78331],[-83.9413,47.78232],[-83.94814,47.77257],[-83.95888,47.76377],[-83.97158,47.7628],[-83.97451,47.76084],[-83.99014,47.76084],[-83.99307,47.76182],[-83.9999,47.76182],[-84.00674,47.754],[-84.01357,47.754],[-84.01846,47.75302],[-84.03018,47.74912],[-84.03408,47.74619],[-84.03506,47.74326],[-84.03702,47.74131],[-84.038,47.73936],[-84.038,47.73447],[-84.04679,47.72666],[-84.05362,47.72763],[-84.05753,47.72958],[-84.05655,47.74814],[-84.0546,47.7501],[-84.0546,47.75302],[-84.05753,47.75497],[-84.0712,47.75498],[-84.07999,47.76279],[-84.08682,47.76278],[-84.08682,47.75887],[-84.09367,47.754],[-84.09855,47.754],[-84.10148,47.75205],[-84.11027,47.75107],[-84.11808,47.75107],[-84.12101,47.75009],[-84.12394,47.75008],[-84.12589,47.7491],[-84.13274,47.75399],[-84.1386,47.76083],[-84.13567,47.77644],[-84.13567,47.77841],[-84.13762,47.78036],[-84.13664,47.78329],[-84.1386,47.78525],[-84.14153,47.79696],[-84.14446,47.80087],[-84.14543,47.80575],[-84.14739,47.8077],[-84.15325,47.8077],[-84.15422,47.81063],[-84.1552,47.82723],[-84.15325,47.82919],[-84.15129,47.84677],[-84.14739,47.85165],[-84.14739,47.85653],[-84.15422,47.86141],[-84.15715,47.86532],[-84.15422,47.86532],[-84.15129,47.86825],[-84.14641,47.87021],[-84.14543,47.87216],[-84.14347,47.87313],[-84.14739,47.8956],[-84.14739,47.90243],[-84.14446,47.90634],[-84.14739,47.90829],[-84.14836,47.91024],[-84.18157,47.91025],[-84.18352,47.90829],[-84.18743,47.90634],[-84.1884,47.9034],[-84.18547,47.90048],[-84.18547,47.89853],[-84.18743,47.89657],[-84.20696,47.89657],[-84.20989,47.89852],[-84.21282,47.89852],[-84.21575,47.90146],[-84.21477,47.90731],[-84.21086,47.91317],[-84.21086,47.91806],[-84.21184,47.92],[-84.21086,47.93271],[-84.20598,47.93955],[-84.20598,47.94149],[-84.21184,47.94637],[-84.21672,47.94637],[-84.22161,47.94247],[-84.23723,47.94345],[-84.23723,47.94149],[-84.23918,47.93954],[-84.23919,47.93368],[-84.2431,47.93466],[-84.24603,47.93368],[-84.24896,47.93465],[-84.25482,47.93271],[-84.26849,47.93172],[-84.27532,47.93661],[-84.28216,47.9454],[-84.28411,47.94637],[-84.28704,47.95223],[-84.28997,47.95418],[-84.29583,47.95418],[-84.30267,47.9493],[-84.30267,47.93953],[-84.3056,47.93661],[-84.31243,47.93661],[-84.31927,47.94052],[-84.31927,47.94247],[-84.32904,47.9493],[-84.3388,47.95028],[-84.34857,47.95712],[-84.35052,47.96004],[-84.35345,47.962],[-84.35833,47.962],[-84.372,47.96005],[-84.38177,47.95712],[-84.38275,47.94735],[-84.38568,47.94344],[-84.38763,47.94442],[-84.39837,47.94149],[-84.40716,47.9415],[-84.40716,47.94735],[-84.40325,47.95028],[-84.39837,47.95028],[-84.39544,47.95126],[-84.38958,47.95614],[-84.38861,47.95907],[-84.39251,47.96297],[-84.39544,47.96395],[-84.40814,47.96493],[-84.42083,47.96688],[-84.42571,47.96688],[-84.42864,47.96884],[-84.43256,47.96591],[-84.43646,47.96591],[-84.43939,47.96493],[-84.44525,47.96103],[-84.44818,47.96102],[-84.45111,47.96005],[-84.46283,47.95125],[-84.46283,47.9493],[-84.4599,47.94735],[-84.43549,47.94735],[-84.43451,47.94539],[-84.43842,47.94052],[-84.44623,47.93466],[-84.46283,47.93368],[-84.46771,47.9327],[-84.46967,47.93075],[-84.4726,47.93075],[-84.47455,47.92978],[-84.47553,47.92782],[-84.48041,47.9249],[-84.48236,47.91708],[-84.48041,47.91317],[-84.4892,47.91025],[-84.48822,47.90634],[-84.4892,47.90243],[-84.4892,47.89072],[-84.49213,47.8868],[-84.49408,47.88582],[-84.49701,47.88583],[-84.50092,47.8829],[-84.50092,47.87899],[-84.49604,47.87509],[-84.49311,47.87509],[-84.48725,47.87216],[-84.48236,47.86825],[-84.47846,47.86336],[-84.47846,47.86141],[-84.48334,47.86141],[-84.4892,47.85946],[-84.49994,47.85751],[-84.52729,47.85751],[-84.52924,47.85556],[-84.53021,47.84872],[-84.52729,47.84481],[-84.52631,47.83895],[-84.52826,47.837],[-84.54585,47.83895],[-84.56831,47.84481],[-84.58296,47.84775],[-84.58784,47.84775],[-84.59175,47.8497],[-84.5937,47.85164],[-84.59175,47.85263],[-84.59077,47.85458],[-84.58784,47.85555],[-84.58491,47.85946],[-84.5771,47.85946],[-84.56733,47.85653],[-84.55854,47.85653],[-84.55659,47.8575],[-84.55464,47.86142],[-84.55658,47.86728],[-84.56538,47.87412],[-84.58003,47.87997],[-84.58296,47.87997],[-84.58589,47.88192],[-84.59077,47.88778],[-84.58882,47.88973],[-84.58882,47.89169],[-84.58686,47.89267],[-84.58589,47.89462],[-84.57318,47.90731],[-84.57123,47.90828],[-84.5683,47.91121],[-84.56732,47.91415],[-84.56537,47.91513],[-84.56635,47.92293],[-84.57025,47.92391],[-84.57416,47.92391],[-84.57611,47.92489],[-84.5849,47.92391],[-84.59271,47.92196],[-84.59662,47.92294],[-84.59858,47.92099],[-84.60639,47.92196],[-84.623,47.91903],[-84.63276,47.91708],[-84.63764,47.91317],[-84.64448,47.91219],[-84.70405,47.91025],[-84.71772,47.91122],[-84.72065,47.91219],[-84.73237,47.91219],[-84.73237,47.91025],[-84.74311,47.90634],[-84.74604,47.90341],[-84.74605,47.90146],[-84.75093,47.89559],[-84.75386,47.89364],[-84.75679,47.89267],[-84.76656,47.89267],[-84.77535,47.89071],[-84.77828,47.88095],[-84.78121,47.87802],[-84.78414,47.87704],[-84.79097,47.87704],[-84.79488,47.87801],[-84.79683,47.87996],[-84.79976,47.87997],[-84.80269,47.88193],[-84.8066,47.88289],[-84.82418,47.8829],[-84.82613,47.88193],[-84.82808,47.88289],[-84.83394,47.87997],[-84.84664,47.87607],[-84.84859,47.87411],[-84.8525,47.87411],[-84.85836,47.86923],[-84.86617,47.86728],[-84.87496,47.86142],[-84.88277,47.85848],[-84.88864,47.8536],[-84.89547,47.85068],[-84.89743,47.84871],[-84.90133,47.84774],[-84.90231,47.84578],[-84.91207,47.84481],[-84.91403,47.84286],[-84.91891,47.84188],[-84.93982,47.84057],[-84.98865,47.84202],[-85.72251,47.84686],[-85.87928,47.84038],[-86.88023,47.72703],[-85.39419,47.11653],[-84.66024,47.25329],[-84.63131,47.24942],[-84.62887,47.24812],[-84.62203,47.24812],[-84.61911,47.25007],[-84.61227,47.25203],[-84.60836,47.25398],[-84.59371,47.25397],[-84.58004,47.25691],[-84.57515,47.25691],[-84.56832,47.25496],[-84.56441,47.25594],[-84.56343,47.25788],[-84.55757,47.26179],[-84.54976,47.27058],[-84.53707,47.27937],[-84.53414,47.28034],[-84.5273,47.27937],[-84.52437,47.28132],[-84.49605,47.28132],[-84.48824,47.28035],[-84.47164,47.28034],[-84.46285,47.27936],[-84.45992,47.28034],[-84.45796,47.28132],[-84.45406,47.28718],[-84.45015,47.29109],[-84.4482,47.29206],[-84.44136,47.29207],[-84.43453,47.29109],[-84.4316,47.29206],[-84.42769,47.29499],[-84.42085,47.29792],[-84.4189,47.29988],[-84.41207,47.30281],[-84.40132,47.30964],[-84.40034,47.3155],[-84.39448,47.31745],[-84.3896,47.32136],[-84.38276,47.32331],[-84.38081,47.32234],[-84.37495,47.32331],[-84.32514,47.32331],[-84.30854,47.32624],[-84.28413,47.32624],[-84.27632,47.32819],[-84.27436,47.32722],[-84.26753,47.32917],[-84.26167,47.32917],[-84.25971,47.33015],[-84.21869,47.32917],[-84.21576,47.32722],[-84.18061,47.32722],[-84.17865,47.3282],[-84.17572,47.3282],[-84.17377,47.33015],[-84.16498,47.33308],[-84.16205,47.33308],[-84.15424,47.33894],[-84.14936,47.33894],[-84.13861,47.34676],[-84.13471,47.34675],[-84.12689,47.35065],[-84.09955,47.35457],[-84.09271,47.35457],[-84.07611,47.3575],[-84.07025,47.35749],[-84.04583,47.36433],[-84.03704,47.36921],[-84.03509,47.37116],[-84.02923,47.3741],[-84.0263,47.3741],[-84.02337,47.37507],[-84.02142,47.37702],[-84.01751,47.378],[-84.01556,47.37996],[-84.0097,47.38093],[-83.99993,47.38093],[-83.99993,47.38582],[-83.997,47.38582],[-83.99017,47.38484],[-83.98138,47.38191],[-83.97845,47.38191],[-83.96966,47.37898],[-83.95501,47.37996],[-83.93157,47.37898],[-83.91789,47.37703],[-83.91008,47.378],[-83.88274,47.37898],[-83.86125,47.37508],[-83.86187,47.3654],[-83.8632,47.36629],[-83.87004,47.36628],[-83.87395,47.36531],[-83.8759,47.36335],[-83.87981,47.36336],[-83.88176,47.3614],[-83.88469,47.36141],[-83.88664,47.35945],[-83.8925,47.35848],[-83.89836,47.35359],[-83.9052,47.34968],[-83.9052,47.34773],[-83.90911,47.34285],[-83.9013,47.33699],[-83.89739,47.3321],[-83.89739,47.32819],[-83.89934,47.32429],[-83.90325,47.32039],[-83.90422,47.3155],[-83.90228,47.31355],[-83.89251,47.31355],[-83.88275,47.31648],[-83.88079,47.31843],[-83.87786,47.31843],[-83.87591,47.32038],[-83.86516,47.32332],[-83.86223,47.32527],[-83.8593,47.32624],[-83.85539,47.32625],[-83.85246,47.3282],[-83.84954,47.3282],[-83.84758,47.33015],[-83.83782,47.33015],[-83.83391,47.32917],[-83.8261,47.32332],[-83.82414,47.31941],[-83.82903,47.3155],[-83.83293,47.31355],[-83.83879,47.31257],[-83.84075,47.31062],[-83.84465,47.31062],[-83.84856,47.30964],[-83.85149,47.30769],[-83.8593,47.30671],[-83.86223,47.30476],[-83.87102,47.30476],[-83.87395,47.30378],[-83.87298,47.29695],[-83.87493,47.29402],[-83.89153,47.295],[-83.89446,47.29695],[-83.89446,47.29891],[-83.89739,47.29987],[-83.90032,47.2989],[-83.91107,47.29109],[-83.91595,47.29109],[-83.91693,47.29303],[-83.92083,47.29597],[-83.9306,47.29597],[-83.93646,47.29499],[-83.93939,47.29303],[-83.94232,47.29305],[-83.94525,47.29206],[-83.9472,47.29011],[-83.95208,47.29011],[-83.96087,47.28816],[-83.96868,47.28816],[-83.96966,47.28523],[-83.97552,47.28034],[-83.97454,47.27839],[-83.97454,47.26862],[-83.97747,47.26862],[-83.98821,47.25984],[-83.99993,47.25984],[-84.00384,47.25691],[-84.00775,47.25984],[-84.01361,47.25984],[-84.01458,47.25593],[-84.01654,47.25398],[-84.01653,47.25202],[-84.01556,47.25007],[-84.01165,47.24909],[-84.00579,47.2442],[-83.99993,47.25007],[-83.98138,47.24714],[-83.97845,47.24617],[-83.97259,47.24128],[-83.97161,47.2364],[-83.9804,47.22858],[-83.97943,47.22468],[-83.96771,47.2237],[-83.96478,47.22175],[-83.96575,47.21003],[-83.97064,47.20417],[-83.97161,47.20124],[-83.97064,47.19928],[-83.9638,47.19929],[-83.96087,47.20124],[-83.95794,47.20416],[-83.95696,47.21101],[-83.95306,47.21491],[-83.9472,47.21296],[-83.94232,47.21394],[-83.94134,47.22077],[-83.93841,47.22272],[-83.93255,47.22273],[-83.92571,47.21394],[-83.92669,47.20515],[-83.92571,47.20319],[-83.92279,47.20124],[-83.92376,47.19734],[-83.92962,47.19636],[-83.93841,47.19831],[-83.94915,47.19831],[-83.95599,47.19343],[-83.95892,47.18757],[-83.95111,47.17975],[-83.95111,47.1778],[-83.94818,47.17487],[-83.94818,47.17292],[-83.94622,47.17096],[-83.94622,47.16803],[-83.94427,47.16609],[-83.94427,47.15534],[-83.94036,47.13581],[-83.92962,47.1358],[-83.92669,47.13971],[-83.92767,47.14362],[-83.92474,47.14558],[-83.91497,47.14362],[-83.90618,47.15046],[-83.89837,47.15143],[-83.89544,47.14948],[-83.89349,47.14459],[-83.89446,47.13288],[-83.89739,47.12995],[-83.89446,47.12702],[-83.88861,47.12507],[-83.88275,47.12507],[-83.87982,47.12214],[-83.87884,47.11628],[-83.86712,47.10944],[-83.86321,47.10553],[-83.86224,47.10163],[-83.86029,47.09968],[-83.85931,47.09577],[-83.85736,47.09381],[-83.85736,47.08893],[-83.86224,47.08698],[-83.89251,47.08209],[-83.89642,47.07917],[-83.89837,47.07624],[-83.90716,47.0694],[-83.91009,47.07038],[-83.91302,47.07038],[-83.91693,47.07331],[-83.91986,47.07331],[-83.92279,47.07526],[-83.92474,47.07331],[-83.92376,47.07038],[-83.92181,47.06842],[-83.92279,47.05573],[-83.9306,47.04987],[-83.93353,47.04987],[-83.93646,47.04694],[-83.94134,47.04596],[-83.94622,47.04206],[-83.95306,47.04206],[-83.95501,47.04401],[-83.95794,47.04498],[-83.9638,47.03815],[-83.94818,47.02839],[-83.94232,47.0235],[-83.93939,47.02448],[-83.93841,47.02253],[-83.93548,47.02252],[-83.92962,47.02546],[-83.92571,47.02057],[-83.92083,47.01667],[-83.91595,47.01667],[-83.90911,47.01471],[-83.90814,47.0108],[-83.90423,47.0108],[-83.89837,47.00397],[-83.89251,47.00006],[-83.88372,46.99128],[-83.88665,46.98834],[-83.88861,46.98053],[-83.89154,46.97761],[-83.89251,46.9737],[-83.89642,46.96784],[-83.89642,46.96393],[-83.89251,46.96002],[-83.87786,46.96003],[-83.87591,46.961],[-83.87298,46.96101],[-83.87103,46.96295],[-83.85736,46.96491],[-83.84173,46.96491],[-83.8222,46.96784],[-83.82025,46.96979],[-83.81536,46.97175],[-83.80169,46.97175],[-83.79876,46.97077],[-83.79779,46.96686],[-83.79974,46.96491],[-83.81243,46.961],[-83.81439,46.95905],[-83.81732,46.95905],[-83.82611,46.95319],[-83.84271,46.95515],[-83.8681,46.95417],[-83.87103,46.95124],[-83.8847,46.95026],[-83.89446,46.94831],[-83.89739,46.94537],[-83.90032,46.94538],[-83.91693,46.93366],[-83.91986,46.93268],[-83.92864,46.93268],[-83.93646,46.93171],[-83.94232,46.92975],[-83.94622,46.92682],[-83.9472,46.92194],[-83.95404,46.91608],[-83.96283,46.91609],[-83.96674,46.91511],[-83.96967,46.91316],[-83.96868,46.90925],[-83.96479,46.90827],[-83.95404,46.90827],[-83.95111,46.9112],[-83.9472,46.91218],[-83.93744,46.91218],[-83.9306,46.91022],[-83.92767,46.90827],[-83.92767,46.90534],[-83.92963,46.90241],[-83.93255,46.90143],[-83.94232,46.90143],[-83.94622,46.90045],[-83.95404,46.89655],[-83.95697,46.89362],[-83.95989,46.89362],[-83.96186,46.89265],[-83.96869,46.88678],[-83.96869,46.88093],[-83.96478,46.87898],[-83.95404,46.87898],[-83.95208,46.88092],[-83.93548,46.8819],[-83.93255,46.87995],[-83.93255,46.878],[-83.93743,46.87409],[-83.94427,46.87409],[-83.95111,46.87214],[-83.95208,46.86335],[-83.956,46.86042],[-83.95794,46.84968],[-83.95892,46.83796],[-83.95795,46.83112],[-83.9599,46.81745],[-83.95794,46.81452],[-83.95404,46.81452],[-83.95111,46.81159],[-83.93939,46.80476],[-83.93939,46.8028],[-83.93744,46.80084],[-83.93841,46.79889],[-83.9345,46.79889],[-83.93157,46.79499],[-83.92474,46.79011],[-83.92181,46.79108],[-83.91986,46.79011],[-83.89739,46.79108],[-83.89446,46.79011],[-83.89251,46.78816],[-83.88958,46.78816],[-83.88275,46.78327],[-83.87982,46.78424],[-83.872,46.77839],[-83.86907,46.77839],[-83.86321,46.7735],[-83.86321,46.77155],[-83.86126,46.7696],[-83.86126,46.76373],[-83.85931,46.76178],[-83.85736,46.76081],[-83.84075,46.75984],[-83.83392,46.75397],[-83.83196,46.75104],[-83.82904,46.74909],[-83.83001,46.74127],[-83.8222,46.73346],[-83.8222,46.7237],[-83.82415,46.71784],[-83.82904,46.71784],[-83.82806,46.71491],[-83.82904,46.71296],[-83.83782,46.7071],[-83.84466,46.70124],[-83.84759,46.70124],[-83.85345,46.69635],[-83.85638,46.69636],[-83.86224,46.69343],[-83.86419,46.69148],[-83.86712,46.69147],[-83.87591,46.68854],[-83.87884,46.68659],[-83.88177,46.68659],[-83.88708,46.68352],[-83.88079,46.67878],[-83.88079,46.67585],[-83.87786,46.6739],[-83.88079,46.67389],[-83.89056,46.67096],[-83.89056,46.66412],[-83.89251,46.66022],[-83.89739,46.65534],[-83.89935,46.64851],[-83.89739,46.64167],[-83.89739,46.63776],[-83.88665,46.62409],[-83.88665,46.62213],[-83.872,46.60847],[-83.86321,46.60455],[-83.8515,46.60359],[-83.84564,46.60554],[-83.84271,46.60749],[-83.8388,46.60846],[-83.82611,46.60846],[-83.82318,46.60456],[-83.82806,46.6026],[-83.83099,46.59967],[-83.83489,46.59772],[-83.83782,46.59773],[-83.84075,46.59675],[-83.84271,46.59479],[-83.86321,46.59284],[-83.8681,46.58796],[-83.87298,46.57916],[-83.86907,46.57819],[-83.83782,46.57721],[-83.83489,46.57819],[-83.83294,46.57721],[-83.82708,46.57721],[-83.82025,46.57331],[-83.82415,46.56842],[-83.83685,46.56745],[-83.85443,46.5694],[-83.86419,46.57233],[-83.87103,46.57233],[-83.87591,46.57135],[-83.87786,46.5694],[-83.87396,46.5655],[-83.87103,46.5655],[-83.86419,46.56354],[-83.85736,46.56257],[-83.85247,46.55866],[-83.84075,46.5528],[-83.84075,46.55084],[-83.82806,46.54108],[-83.82513,46.53717],[-83.82415,46.53522],[-83.82415,46.53034],[-83.82122,46.52545],[-83.81536,46.52252],[-83.81243,46.52253],[-83.80853,46.51959],[-83.80853,46.51764],[-83.80657,46.5157],[-83.80169,46.51374],[-83.78607,46.51178],[-83.77923,46.5069],[-83.7763,46.50006],[-83.77532,46.49323],[-83.76849,46.49323],[-83.76556,46.49225],[-83.76361,46.4903],[-83.75383,46.49128],[-83.74993,46.49323],[-83.74504,46.49713],[-83.74211,46.49714],[-83.74016,46.49908],[-83.73723,46.49909],[-83.73528,46.50104],[-83.73137,46.50202],[-83.72551,46.50495],[-83.72454,46.50983],[-83.73235,46.51569],[-83.73918,46.51959],[-83.74016,46.52155],[-83.74407,46.52447],[-83.74504,46.54108],[-83.74407,46.54401],[-83.74211,46.54499],[-83.72161,46.544],[-83.7177,46.54499],[-83.70793,46.5528],[-83.70696,46.55475],[-83.70891,46.5655],[-83.71184,46.5655],[-83.71868,46.57038],[-83.72161,46.57038],[-83.71965,46.57623],[-83.71477,46.58014],[-83.70403,46.58014],[-83.70207,46.57819],[-83.70012,46.57135],[-83.69719,46.5694],[-83.69036,46.55963],[-83.68645,46.55768],[-83.66594,46.55866],[-83.66301,46.56257],[-83.66106,46.56354],[-83.6552,46.56061],[-83.65422,46.55768],[-83.64739,46.5528],[-83.6386,46.55377],[-83.63567,46.55476],[-83.63079,46.55475],[-83.62883,46.54889],[-83.6259,46.54499],[-83.6259,46.54303],[-83.61614,46.53523],[-83.60832,46.53522],[-83.59856,46.53229],[-83.59661,46.53034],[-83.59367,46.53034],[-83.59074,46.52838],[-83.58782,46.52937],[-83.57804,46.52155],[-83.57707,46.5196],[-83.57316,46.51764],[-83.56535,46.5196],[-83.56144,46.5196],[-83.55851,46.51667],[-83.54875,46.51764],[-83.53312,46.52154],[-83.53019,46.52155],[-83.52531,46.52448],[-83.5214,46.52741],[-83.51945,46.53522],[-83.51652,46.5362],[-83.50089,46.5362],[-83.49406,46.53816],[-83.49113,46.54108],[-83.49015,46.55768],[-83.48625,46.56257],[-83.48625,46.56452],[-83.47843,46.57037],[-83.46964,46.57038],[-83.46671,46.5694],[-83.46476,46.57136],[-83.46476,46.5733],[-83.46769,46.57526],[-83.46964,46.57819],[-83.46379,46.58307],[-83.45988,46.58405],[-83.45695,46.586],[-83.45402,46.586],[-83.45011,46.58893],[-83.44816,46.59381],[-83.44816,46.60065],[-83.45402,46.60651],[-83.45304,46.61432],[-83.45011,46.6153],[-83.44523,46.61921],[-83.4423,46.61921],[-83.43937,46.62214],[-83.42863,46.62507],[-83.42179,46.62507],[-83.41789,46.62214],[-83.41789,46.61921],[-83.41496,46.6153],[-83.41104,46.61335],[-83.40031,46.61334],[-83.37784,46.61725],[-83.3671,46.61726],[-83.36124,46.61628],[-83.34464,46.61627],[-83.3378,46.61725],[-83.33292,46.62018],[-83.32315,46.62018],[-83.31729,46.61921],[-83.31436,46.61725],[-83.30948,46.61725],[-83.30753,46.6153],[-83.3046,46.6153],[-83.30069,46.61237],[-83.29776,46.61237],[-83.29288,46.60651],[-83.28604,46.60162],[-83.26261,46.60163],[-83.25479,46.59967],[-83.24991,46.59381],[-83.24796,46.59284],[-83.246,46.59381],[-83.24307,46.59381],[-83.24014,46.59284],[-83.24014,46.58405],[-83.2294,46.57526],[-83.21964,46.57526],[-83.21573,46.57818],[-83.21378,46.57721],[-83.20987,46.57916],[-83.20791,46.58112],[-83.204,46.5821],[-83.19912,46.5821],[-83.19424,46.58112],[-83.18643,46.58307],[-83.1835,46.58308],[-83.17568,46.57721],[-83.17471,46.57135],[-83.1708,46.5694],[-83.16885,46.56745],[-83.16201,46.56647],[-83.14834,46.56646],[-83.14443,46.5655],[-83.13369,46.5567],[-83.13271,46.55475],[-83.12393,46.54889],[-83.121,46.54889],[-83.12002,46.54694],[-83.11318,46.54694],[-83.10049,46.54499],[-83.08682,46.54694],[-83.07607,46.54694],[-83.07314,46.55085],[-83.07217,46.55964],[-83.07021,46.56159],[-83.07021,46.56354],[-83.06729,46.56647],[-83.06533,46.56744],[-83.0624,46.56744],[-83.05557,46.57233],[-83.05166,46.57234],[-83.04971,46.57428],[-83.04678,46.57428],[-83.04189,46.57819],[-83.03896,46.57819],[-83.03408,46.58209],[-83.03408,46.58405],[-83.03115,46.58405],[-83.02236,46.59089],[-83.01846,46.59186],[-83.0165,46.59382],[-83.01064,46.59577],[-83.00771,46.59577],[-83.00479,46.59772],[-82.99794,46.59772],[-82.99501,46.59382],[-82.99501,46.58893],[-82.99599,46.58502],[-82.99892,46.58112],[-83.00283,46.57819],[-83.00674,46.57721],[-83.00967,46.57526],[-83.01455,46.57526],[-83.02432,46.57331],[-83.03018,46.57331],[-83.03799,46.57136],[-83.04189,46.56843],[-83.05361,46.55768],[-83.05947,46.54987],[-83.06045,46.54694],[-83.06338,46.54499],[-83.06631,46.54108],[-83.06924,46.53327],[-83.07119,46.53131],[-83.07021,46.52936],[-83.07021,46.5196],[-83.079,46.51277],[-83.08193,46.51276],[-83.08486,46.51178],[-83.08779,46.50983],[-83.09072,46.5069],[-83.09072,46.50495],[-83.09365,46.50495],[-83.0917,46.50105],[-83.09365,46.49909],[-83.09268,46.49128],[-83.09463,46.48933],[-83.09365,46.48444],[-83.09561,46.48248],[-83.09561,46.47761],[-83.09463,46.47565],[-83.09658,46.4737],[-83.09561,46.46393],[-83.09756,46.46198],[-83.09756,46.46003],[-83.07314,46.46296],[-83.07021,46.46491],[-83.06924,46.46784],[-83.06631,46.46687],[-83.06436,46.46882],[-83.05947,46.46979],[-83.05166,46.46979],[-83.04678,46.46882],[-83.04482,46.46686],[-83.04385,46.45807],[-83.04092,46.45417],[-83.03896,46.45612],[-83.03311,46.45904],[-83.02041,46.46882],[-83.00771,46.47077],[-83.00381,46.4737],[-82.99989,46.47468],[-82.99208,46.47565],[-82.98525,46.47761],[-82.97353,46.47956],[-82.9579,46.48053],[-82.95497,46.48249],[-82.94716,46.47858],[-82.94325,46.47761],[-82.94032,46.47565],[-82.93251,46.4737],[-82.91493,46.4737],[-82.9081,46.47175],[-82.90517,46.46882],[-82.88857,46.45807],[-82.86513,46.45612],[-82.85243,46.45612],[-82.8456,46.45221],[-82.83779,46.4405],[-82.82802,46.43269],[-82.81239,46.43171],[-82.79775,46.43269],[-82.7831,46.43073],[-82.77724,46.43561],[-82.77918,46.43757],[-82.78212,46.43757],[-82.78407,46.43952],[-82.78505,46.44343],[-82.78017,46.44538],[-82.77333,46.44635],[-82.77138,46.44538],[-82.76844,46.44538],[-82.76551,46.4444],[-82.75282,46.43757],[-82.74598,46.43268],[-82.7411,46.42683],[-82.73719,46.42487],[-82.73036,46.42487],[-82.7284,46.4239],[-82.69129,46.4239],[-82.68543,46.42487],[-82.67079,46.42487],[-82.6659,46.4239],[-82.66395,46.42195],[-82.66102,46.42292],[-82.662,46.42097],[-82.66102,46.41901],[-82.65028,46.40632],[-82.64637,46.40339],[-82.64149,46.40144],[-82.63954,46.39948],[-82.63661,46.40046],[-82.62,46.39558],[-82.60926,46.39362],[-82.60633,46.3907],[-82.60047,46.3907],[-82.59656,46.38972],[-82.59461,46.38776],[-82.58485,46.38776],[-82.578,46.38678],[-82.57605,46.39265],[-82.56922,46.39362],[-82.55652,46.39265],[-82.54578,46.38776],[-82.54089,46.39264],[-82.54089,46.3946],[-82.53894,46.39656],[-82.53308,46.39655],[-82.52918,46.39362],[-82.52429,46.39362],[-82.50964,46.39948],[-82.49011,46.40437],[-82.47644,46.40437],[-82.47547,46.40632],[-82.46472,46.40534],[-82.44812,46.40534],[-82.4364,46.40826],[-82.43347,46.40827],[-82.43152,46.41023],[-82.42371,46.41316],[-82.41492,46.41316],[-82.40808,46.4073],[-82.40808,46.40436],[-82.40613,46.40241],[-82.39441,46.40436],[-82.36999,46.41022],[-82.36706,46.41022],[-82.36413,46.41218],[-82.3612,46.41218],[-82.35827,46.41316],[-82.35143,46.41706],[-82.34753,46.41999],[-82.33581,46.43367],[-82.33386,46.43464],[-82.33386,46.4366],[-82.32702,46.44441],[-82.32214,46.46101],[-82.32018,46.45906],[-82.30944,46.45807],[-82.29284,46.45905],[-82.28991,46.45612],[-82.28698,46.45612],[-82.28405,46.45418],[-82.28014,46.45418],[-82.27038,46.45906],[-82.26452,46.46394],[-82.26354,46.46589],[-82.25085,46.46589],[-82.24206,46.46394],[-82.23718,46.46003],[-82.23522,46.46101],[-82.23229,46.45808],[-82.23229,46.45613],[-82.23425,46.45418],[-82.23815,46.45418],[-82.24401,46.45026],[-82.24694,46.44929],[-82.24694,46.44734],[-82.24401,46.44635],[-82.24206,46.4444],[-82.23425,46.44538],[-82.22839,46.44245],[-82.23132,46.43855],[-82.23425,46.43757],[-82.23718,46.43464],[-82.23718,46.43269],[-82.22643,46.4278],[-82.22253,46.42683],[-82.21471,46.42097],[-82.21081,46.41608],[-82.21081,46.41413],[-82.2069,46.4112],[-82.19225,46.41023],[-82.18736,46.41413],[-82.1776,46.41706],[-82.17467,46.41706],[-82.17271,46.41901],[-82.16588,46.41999],[-82.16295,46.42194],[-82.15514,46.42292],[-82.14732,46.42585],[-82.13951,46.41999],[-82.13658,46.42],[-82.13463,46.41804],[-82.12779,46.41413],[-82.10729,46.41413],[-82.10338,46.40827],[-82.09752,46.40437],[-82.08775,46.4073],[-82.08287,46.40729],[-82.07799,46.40339],[-82.07604,46.40046],[-82.07408,46.40144],[-82.05748,46.40339],[-82.05455,46.40632],[-82.05064,46.4073],[-82.04479,46.40729],[-82.0399,46.40339],[-82.03014,46.40436],[-82.02623,46.40632],[-82.02428,46.40827],[-82.01744,46.40828],[-82.01157,46.40632],[-82.00377,46.40632],[-81.99303,46.41023],[-81.99009,46.41316],[-81.98716,46.41316],[-81.98325,46.41609],[-81.98032,46.41608],[-81.97837,46.41804],[-81.97446,46.41804],[-81.96958,46.42097],[-81.96568,46.4278],[-81.94517,46.42781],[-81.94614,46.42585],[-81.94517,46.42292],[-81.93931,46.41609],[-81.94224,46.41218],[-81.94321,46.40729],[-81.94321,46.39656],[-81.93931,46.39362],[-81.92466,46.39655],[-81.92271,46.40242],[-81.9188,46.40828],[-81.91685,46.4073],[-81.91294,46.40729],[-81.90904,46.41022],[-81.90513,46.41121],[-81.89829,46.4112],[-81.89439,46.40828],[-81.88267,46.40925],[-81.87876,46.41121],[-81.87583,46.4112],[-81.87193,46.41316],[-81.86704,46.41706],[-81.85743,46.41133],[-81.83579,46.41316],[-81.827,46.4112],[-81.82504,46.41999],[-81.82114,46.42389],[-81.81528,46.42683],[-81.81235,46.42682],[-81.80649,46.43172],[-81.80551,46.43757],[-81.79868,46.44538],[-81.79184,46.44733],[-81.77329,46.44831],[-81.76645,46.45026],[-81.76157,46.45417],[-81.7518,46.45612],[-81.74789,46.45515],[-81.74594,46.4532],[-81.74301,46.4532],[-81.73911,46.45027],[-81.73227,46.45026],[-81.72543,46.44929],[-81.72446,46.44636],[-81.72055,46.44245],[-81.71762,46.4405],[-81.71372,46.43952],[-81.70981,46.43659],[-81.70981,46.43464],[-81.69125,46.43464],[-81.69028,46.43269],[-81.69125,46.43073],[-81.69223,46.41999],[-81.69125,46.41707],[-81.68637,46.41706],[-81.68442,46.41901],[-81.68442,46.42585],[-81.68246,46.42781],[-81.66196,46.43074],[-81.65903,46.43172],[-81.6561,46.43464],[-81.6561,46.43855],[-81.66,46.44343],[-81.65805,46.44538],[-81.65414,46.44637],[-81.63657,46.44636],[-81.63461,46.43659],[-81.61313,46.4405],[-81.61117,46.44148],[-81.59652,46.44441],[-81.59261,46.44441],[-81.59261,46.45222],[-81.58089,46.46101],[-81.58089,46.46491],[-81.58675,46.46882],[-81.58675,46.47077],[-81.58285,46.47273],[-81.57406,46.47957],[-81.55746,46.47858],[-81.5555,46.47957],[-81.55355,46.4864],[-81.54769,46.4864],[-81.54476,46.48835],[-81.54476,46.4903],[-81.55062,46.49421],[-81.5516,46.49617],[-81.55062,46.50007],[-81.54379,46.50593],[-81.54379,46.51179],[-81.54769,46.51667],[-81.54769,46.5196],[-81.54574,46.52156],[-81.54281,46.52253],[-81.53988,46.52253],[-81.53597,46.52156],[-81.52914,46.51667],[-81.52718,46.51374],[-81.52328,46.51472],[-81.52425,46.51277],[-81.52328,46.50788],[-81.51937,46.503],[-81.51351,46.49909],[-81.51058,46.4991],[-81.49886,46.49617],[-81.49593,46.49811],[-81.49496,46.50592],[-81.48812,46.51667],[-81.48519,46.51765],[-81.48129,46.52058],[-81.48031,46.52253],[-81.47543,46.52644],[-81.47445,46.52839],[-81.4725,46.52937],[-81.47152,46.53229],[-81.47152,46.54011],[-81.47054,46.54206],[-81.46859,46.54402],[-81.46078,46.54401],[-81.45785,46.54499],[-81.45296,46.55085],[-81.45004,46.5528],[-81.45004,46.55476],[-81.44808,46.55672],[-81.44515,46.55769],[-81.44515,46.55964],[-81.43734,46.5655],[-81.43734,46.56745],[-81.42464,46.57722],[-81.42269,46.57819],[-81.41976,46.57819],[-81.41781,46.58015],[-81.40804,46.58113],[-81.40218,46.58601],[-81.39925,46.58699],[-81.39925,46.58894],[-81.39729,46.59089],[-81.39632,46.5948],[-81.38948,46.59578],[-81.38557,46.60163],[-81.38557,46.60359],[-81.38264,46.60457],[-81.37971,46.60456],[-81.37971,46.60261],[-81.37776,46.60066],[-81.36018,46.60163],[-81.35823,46.60359],[-81.35237,46.60359],[-81.35042,46.60554],[-81.34749,46.60554],[-81.34554,46.60651],[-81.33382,46.61628],[-81.33382,46.61824],[-81.326,46.62507],[-81.3221,46.62604],[-81.31136,46.63289],[-81.30354,46.63483],[-81.30061,46.63483],[-81.29768,46.63777],[-81.29378,46.63776],[-81.28792,46.64362],[-81.28206,46.64655],[-81.27815,46.65046],[-81.27229,46.65241],[-81.2635,46.65241],[-81.25178,46.65632],[-81.24983,46.65828],[-81.24886,46.6612],[-81.23811,46.66901],[-81.23909,46.67194],[-81.23811,46.67781],[-81.22835,46.67781],[-81.22444,46.68172],[-81.22444,46.68562],[-81.21175,46.68562],[-81.20686,46.68464],[-81.20491,46.68269],[-81.20002,46.68269],[-81.18635,46.68562],[-81.18439,46.68659],[-81.15119,46.6905],[-81.14729,46.69343],[-81.14729,46.69538],[-81.14436,46.69734],[-81.14436,46.69929],[-81.13947,46.7032],[-81.13654,46.70319],[-81.13459,46.70515],[-81.13068,46.70613],[-81.12775,46.70808],[-81.12189,46.71004],[-81.11311,46.71198],[-81.1092,46.71199],[-81.1092,46.71784],[-81.10334,46.72175],[-81.09943,46.72272],[-81.0926,46.72273],[-81.09064,46.72077],[-81.08283,46.72273],[-81.07795,46.72566],[-81.07404,46.72566],[-81.06916,46.72174],[-81.06037,46.72273],[-81.04963,46.73249],[-81.04475,46.73445],[-81.04279,46.7364],[-81.03303,46.7364],[-81.02717,46.73543],[-81.02424,46.73347],[-81.02131,46.73347],[-81.01447,46.73152],[-81.01154,46.72956],[-80.99982,46.73055],[-80.99689,46.73347],[-80.98419,46.73347],[-80.96271,46.73835],[-80.96075,46.73933],[-80.95978,46.73738],[-80.95978,46.72957],[-80.94708,46.73249],[-80.94415,46.73444],[-80.94122,46.73444],[-80.93927,46.7364],[-80.93536,46.7364],[-80.93341,46.73835],[-80.93243,46.74226],[-80.9295,46.74616],[-80.92267,46.74616],[-80.91876,46.74714],[-80.91974,46.73347],[-80.91876,46.73055],[-80.91583,46.72859],[-80.91486,46.72664],[-80.90802,46.72273],[-80.8963,46.71394],[-80.88849,46.70612],[-80.88654,46.70515],[-80.88653,46.7032],[-80.88263,46.70027],[-80.88068,46.69733],[-80.87872,46.69636],[-80.87872,46.69441],[-80.87286,46.68757],[-80.8631,46.68073],[-80.86114,46.6778],[-80.84259,46.66316],[-80.83966,46.6612],[-80.83673,46.6612],[-80.82599,46.6534],[-80.82305,46.65339],[-80.8211,46.65144],[-80.80938,46.66121],[-80.80059,46.66316],[-80.79766,46.6612],[-80.79375,46.66121],[-80.77911,46.65827],[-80.77032,46.65828],[-80.76348,46.6573],[-80.75664,46.65535],[-80.75371,46.65339],[-80.74981,46.65437],[-80.7459,46.6573],[-80.74297,46.6573],[-80.73614,46.66315],[-80.73223,46.66315],[-80.72637,46.65828],[-80.70293,46.65534],[-80.69805,46.65535],[-80.6834,46.65242],[-80.67754,46.65046],[-80.66973,46.64363],[-80.65606,46.64363],[-80.65313,46.64167],[-80.65215,46.63972],[-80.65215,46.63483],[-80.65118,46.63093],[-80.64922,46.62898],[-80.64825,46.62312],[-80.64532,46.62214],[-80.63555,46.62116],[-80.62871,46.62507],[-80.62286,46.62507],[-80.62286,46.628],[-80.62481,46.62996],[-80.62578,46.6407],[-80.62871,46.64363],[-80.6336,46.6534],[-80.6336,46.65827],[-80.63066,46.66219],[-80.62285,46.66902],[-80.62382,46.6739],[-80.63164,46.67976],[-80.63262,46.68171],[-80.63847,46.68561],[-80.63946,46.68855],[-80.63946,46.69344],[-80.63457,46.69636],[-80.63554,46.71003],[-80.6375,46.71199],[-80.6375,46.72078],[-80.63554,46.72175],[-80.63457,46.72371],[-80.62676,46.71784],[-80.62382,46.71687],[-80.61992,46.71394],[-80.61699,46.71394],[-80.61503,46.71492],[-80.61406,46.71687],[-80.60918,46.7198],[-80.6082,46.71101],[-80.60039,46.70515],[-80.5916,46.70515],[-80.57793,46.7032],[-80.57402,46.70222],[-80.56621,46.69734],[-80.56718,46.69441],[-80.56523,46.69246],[-80.56425,46.68171],[-80.56328,46.67976],[-80.56425,46.66511],[-80.56718,46.6612],[-80.56816,46.65534],[-80.57304,46.64949],[-80.58183,46.64363],[-80.58183,46.64168],[-80.5789,46.63972],[-80.57109,46.63777],[-80.56718,46.63875],[-80.56621,46.64167],[-80.56132,46.64461],[-80.55839,46.6446],[-80.55546,46.64753],[-80.54961,46.64851],[-80.5457,46.64851],[-80.54472,46.64558],[-80.53886,46.64167],[-80.5164,46.64363],[-80.51543,46.6573],[-80.51347,46.66023],[-80.49882,46.66023],[-80.49492,46.65925],[-80.49296,46.6573],[-80.49296,46.65144],[-80.49101,46.64949],[-80.49101,46.6446],[-80.48906,46.64265],[-80.47441,46.64265],[-80.46855,46.64362],[-80.45976,46.64362],[-80.45879,46.64069],[-80.45682,46.63874],[-80.45683,46.63581],[-80.45488,46.63386],[-80.45,46.63386],[-80.44901,46.63093],[-80.44609,46.62898],[-80.44609,46.62703],[-80.41093,46.62507],[-80.40116,46.62019],[-80.39628,46.61531],[-80.39725,46.60065],[-80.39921,46.5987],[-80.39921,46.58796],[-80.39823,46.58503],[-80.40116,46.5821],[-80.40702,46.57918],[-80.40702,46.57331],[-80.39628,46.57137],[-80.39432,46.56648],[-80.38554,46.55769],[-80.37968,46.55475],[-80.37284,46.55476],[-80.37089,46.55671],[-80.36503,46.55671],[-80.36014,46.55183],[-80.3494,46.55182],[-80.3455,46.55378],[-80.34354,46.55574],[-80.34354,46.56062],[-80.3455,46.56159],[-80.34452,46.56648],[-80.32499,46.56842],[-80.32108,46.57136],[-80.31815,46.57136],[-80.31034,46.57722],[-80.30741,46.57722],[-80.30545,46.58015],[-80.30252,46.5821],[-80.30252,46.58504],[-80.29959,46.59089],[-80.29861,46.60456],[-80.29666,46.60652],[-80.29666,46.60847],[-80.28201,46.60944],[-80.27713,46.60554],[-80.27127,46.60554],[-80.26639,46.60456],[-80.25174,46.60456],[-80.23123,46.60749],[-80.22928,46.60945],[-80.22342,46.61042],[-80.22342,46.62019],[-80.22537,46.62214],[-80.22635,46.62605],[-80.2283,46.62702],[-80.22928,46.62898],[-80.23416,46.63289],[-80.24686,46.63581],[-80.25564,46.6368],[-80.26541,46.64753],[-80.26541,46.64949],[-80.26346,46.65144],[-80.24686,46.65144],[-80.24588,46.64851],[-80.24002,46.6446],[-80.23709,46.64363],[-80.22439,46.64265],[-80.22244,46.6368],[-80.21854,46.63288],[-80.21365,46.63093],[-80.20682,46.62996],[-80.19803,46.62312],[-80.19705,46.61921],[-80.19314,46.6153],[-80.1824,46.61531],[-80.17654,46.61824],[-80.17557,46.62019],[-80.16678,46.62604],[-80.15408,46.62801],[-80.14724,46.63094],[-80.14236,46.63874],[-80.14236,46.64069],[-80.13943,46.64363],[-80.13943,46.64558],[-80.13162,46.65144],[-80.12868,46.65046],[-80.12674,46.64851],[-80.12673,46.62801],[-80.12771,46.62409],[-80.12967,46.62215],[-80.12771,46.62117],[-80.11892,46.62116],[-80.11599,46.62312],[-80.11306,46.62312],[-80.10915,46.628],[-80.10818,46.63386],[-80.10622,46.63581],[-80.10525,46.63972],[-80.09841,46.6446],[-80.08376,46.64656],[-80.07204,46.64656],[-80.05544,46.64851],[-80.05251,46.65047],[-80.05154,46.6534],[-80.04177,46.6534],[-80.03982,46.65534],[-80.03689,46.65535],[-80.03005,46.65926],[-80.02712,46.65925],[-80.02517,46.66121],[-79.98904,46.66121],[-79.98318,46.65828],[-79.9822,46.65535],[-79.97536,46.65144],[-79.97243,46.65144],[-79.96169,46.65437],[-79.95876,46.65437],[-79.94314,46.6573],[-79.9363,46.65828],[-79.92849,46.65827],[-79.92849,46.66316],[-79.9197,46.66902],[-79.91677,46.67292],[-79.91677,46.67488],[-79.92068,46.67781],[-79.92947,46.67878],[-79.93142,46.68074],[-79.93142,46.68367],[-79.92849,46.68562],[-79.92361,46.69148],[-79.92556,46.69343],[-79.93239,46.69538],[-79.93825,46.69539],[-79.94118,46.69441],[-79.94314,46.69246],[-79.94607,46.69246],[-79.94997,46.68953],[-79.9695,46.68952],[-79.97439,46.69246],[-79.97536,46.69441],[-79.97341,46.70027],[-79.96853,46.7032],[-79.95974,46.70515],[-79.94314,46.70612],[-79.93825,46.71199],[-79.92165,46.71101],[-79.91872,46.71492],[-79.91872,46.71883],[-79.92068,46.72078],[-79.9197,46.72371],[-79.92556,46.72859],[-79.92653,46.73738],[-79.92556,46.73933],[-79.9197,46.74422],[-79.9197,46.74617],[-79.91775,46.74714],[-79.91384,46.75203],[-79.91384,46.75399],[-79.90993,46.75691],[-79.90896,46.76277],[-79.907,46.76472],[-79.90603,46.76961],[-79.90212,46.77839],[-79.89626,46.78328],[-79.89138,46.78426],[-79.87966,46.78426],[-79.87086,46.79206],[-79.86794,46.79305],[-79.86111,46.79207],[-79.85817,46.79304],[-79.85036,46.7989],[-79.85036,46.80086],[-79.84547,46.80476],[-79.84254,46.80574],[-79.84254,46.8077],[-79.83766,46.80672],[-79.83278,46.80867],[-79.82399,46.8155],[-79.82106,46.81649],[-79.82106,46.81844],[-79.81813,46.82137],[-79.8152,46.82723],[-79.81129,46.83113],[-79.81129,46.83308],[-79.80836,46.83601],[-79.80739,46.83992],[-79.79762,46.84578],[-79.79469,46.84285],[-79.79469,46.83992],[-79.7986,46.82527],[-79.79664,46.81355],[-79.7986,46.8116],[-79.7986,46.80183],[-79.79567,46.79988],[-79.79176,46.7989],[-79.78688,46.80281],[-79.78688,46.80574],[-79.78493,46.80769],[-79.78395,46.81062],[-79.78395,46.81746],[-79.78102,46.8194],[-79.77809,46.81941],[-79.77711,46.81746],[-79.77028,46.81355],[-79.75758,46.81355],[-79.75465,46.81159],[-79.75563,46.80086],[-79.75075,46.79597],[-79.74977,46.79011],[-79.74586,46.78913],[-79.74293,46.78719],[-79.74,46.78718],[-79.73707,46.78426],[-79.7195,46.77742],[-79.71754,46.77547],[-79.70582,46.77254],[-79.6902,46.77254],[-79.6902,46.78719],[-79.68825,46.78913],[-79.68726,46.79695],[-79.68531,46.7989],[-79.68532,46.80183],[-79.68239,46.80476],[-79.68141,46.81159],[-79.67945,46.81355],[-79.67847,46.81745],[-79.66285,46.83113],[-79.65894,46.83699],[-79.65796,46.84187],[-79.65504,46.84578],[-79.65015,46.84871],[-79.6482,46.85164],[-79.63843,46.8575],[-79.63453,46.8575],[-79.62867,46.85945],[-79.62671,46.8614],[-79.62379,46.86141],[-79.62183,46.86238],[-79.61695,46.86628],[-79.61695,46.86823],[-79.61402,46.87116],[-79.61304,46.87508],[-79.61109,46.87702],[-79.61011,46.88289],[-79.60718,46.88582],[-79.60621,46.8907],[-79.60425,46.89265],[-79.60328,46.89851],[-79.60132,46.90047],[-79.60132,46.90242],[-79.59839,46.90633],[-79.59742,46.91218],[-79.59742,46.9161],[-79.59937,46.91804],[-79.60523,46.92098],[-79.61011,46.92195],[-79.61207,46.9239],[-79.61109,46.92878],[-79.60425,46.93074],[-79.59644,46.93757],[-79.59742,46.94051],[-79.59742,46.94735],[-79.59449,46.95125],[-79.59058,46.95418],[-79.58765,46.95516],[-79.57496,46.95809],[-79.56519,46.95906],[-79.56421,46.95026],[-79.56519,46.94636],[-79.56812,46.94343],[-79.56812,46.93855],[-79.56421,46.93757],[-79.55054,46.9366],[-79.54664,46.93465],[-79.54566,46.93269],[-79.54468,46.92878],[-79.54859,46.9239],[-79.5564,46.92292],[-79.55836,46.92097],[-79.56226,46.91903],[-79.56226,46.91707],[-79.55738,46.91316],[-79.55445,46.91316],[-79.55347,46.90633],[-79.56421,46.89851],[-79.56421,46.89656],[-79.56714,46.89363],[-79.56714,46.88679],[-79.56519,46.88581],[-79.56421,46.88191],[-79.55543,46.87507],[-79.5525,46.87507],[-79.54957,46.87801],[-79.54175,46.87898],[-79.5398,46.88094],[-79.53004,46.88386],[-79.53004,46.88581],[-79.52808,46.88777],[-79.52711,46.8907],[-79.52711,46.89363],[-79.52418,46.89656],[-79.5232,46.90047],[-79.52125,46.90242],[-79.52125,46.91512],[-79.51734,46.91902],[-79.51734,46.92097],[-79.51539,46.9239],[-79.51246,46.92586],[-79.50757,46.93269],[-79.50464,46.93269],[-79.4939,46.92976],[-79.48218,46.92879],[-79.47632,46.93074],[-79.47436,46.93269],[-79.4646,46.93562],[-79.45483,46.9366],[-79.448,46.93464],[-79.44214,46.93172],[-79.44214,46.92977],[-79.44018,46.92781],[-79.44018,46.92488],[-79.44116,46.91609],[-79.44409,46.91317],[-79.44409,46.91121],[-79.43921,46.90729],[-79.43628,46.9073],[-79.43432,46.90633],[-79.42261,46.90632],[-79.41577,46.9073],[-79.41382,46.90925],[-79.40991,46.90925],[-79.40698,46.90633],[-79.40112,46.90339],[-79.39331,46.90339],[-79.38452,46.90926],[-79.37964,46.90925],[-79.37475,46.90535],[-79.37475,46.89948],[-79.37573,46.89656],[-79.37866,46.89363],[-79.37866,46.88289],[-79.37964,46.88094],[-79.37768,46.87898],[-79.37768,46.87215],[-79.37573,46.86043],[-79.37964,46.8575],[-79.37964,46.85554],[-79.38452,46.85163],[-79.38452,46.84773],[-79.38257,46.84578],[-79.38257,46.84285],[-79.38452,46.83796],[-79.39136,46.8321],[-79.39331,46.82819],[-79.39819,46.82527],[-79.406,46.82527],[-79.40991,46.82722],[-79.41772,46.83601],[-79.42065,46.83503],[-79.42163,46.82917],[-79.42554,46.82429],[-79.42749,46.82332],[-79.42554,46.81844],[-79.42358,46.81647],[-79.42261,46.80574],[-79.4187,46.80574],[-79.41675,46.80672],[-79.41577,46.80867],[-79.41284,46.81062],[-79.40893,46.81062],[-79.40112,46.80378],[-79.39819,46.80281],[-79.39233,46.79792],[-79.3894,46.79988],[-79.37866,46.80281],[-79.35913,46.80671],[-79.35425,46.80672],[-79.34741,46.8116],[-79.34643,46.81355],[-79.3435,46.8155],[-79.3435,46.81745],[-79.34057,46.82038],[-79.3396,46.82722],[-79.33667,46.82918],[-79.33569,46.83113],[-79.33276,46.83112],[-79.3269,46.83308],[-79.32397,46.83308],[-79.31909,46.83796],[-79.31615,46.84382],[-79.31225,46.84676],[-79.30932,46.84675],[-79.30542,46.84968],[-79.30542,46.85163],[-79.29857,46.85653],[-79.29857,46.85848],[-79.29467,46.86336],[-79.29467,46.86531],[-79.29271,46.86824],[-79.29076,46.86921],[-79.2849,46.87703],[-79.2849,46.87898],[-79.28002,46.88484],[-79.27904,46.88777],[-79.27904,46.89716],[-79.28421,46.90101],[-79.29256,46.9145],[-79.29655,46.9191],[-79.31102,46.92841],[-79.31776,46.93577],[-79.33271,46.96509],[-79.33821,46.97086],[-79.33771,46.98632],[-79.3385,46.98996],[-79.34716,47.00739],[-79.35535,47.01601],[-79.38171,47.03413],[-79.4282,47.07614],[-79.43623,47.08684],[-79.44526,47.11183],[-79.44623,47.12433],[-79.43534,47.16639],[-79.43368,47.17703],[-79.43373,47.18773],[-79.43781,47.20488],[-79.4387,47.21666],[-79.43602,47.22382],[-79.42974,47.23313],[-79.42574,47.24155],[-79.42603,47.25047],[-79.43582,47.25914],[-79.44966,47.27647],[-79.46541,47.28742],[-79.48641,47.30481],[-79.49899,47.32261],[-79.50412,47.33229],[-79.51403,47.34388],[-79.5199,47.35025],[-79.53316,47.36021],[-79.54286,47.36871],[-79.56952,47.39658],[-79.58192,47.41709],[-79.58566,47.42816],[-79.58707,47.438],[-79.58562,47.4481],[-79.58069,47.45594],[-79.56731,47.46878],[-79.5606,47.47784],[-79.55659,47.49057],[-79.55577,47.50545],[-79.55295,47.51184],[-79.54634,47.51814],[-79.51698,47.53322],[-79.51176,47.53825],[-79.51038,47.54245],[-79.51107,47.54636],[-79.51622,47.55358],[-79.51759,47.56022],[-79.51767,47.89242]]]}},{"type":"Feature","properties":{"OGF_ID":705,"ECOREGION_NAME":"Lake Erie - Lake Ontario"},"geometry":{"type":"Polygon","coordinates":[[[-79.24092,43.91531],[-79.26614,43.92067],[-79.28206,43.93016],[-79.29517,43.9352],[-79.30533,43.94171],[-79.3136,43.94971],[-79.32003,43.95413],[-79.32318,43.96538],[-79.33864,43.97018],[-79.36159,43.97104],[-79.36387,43.97057],[-79.36572,43.96856],[-79.36805,43.96081],[-79.36629,43.95831],[-79.35759,43.95448],[-79.35508,43.94896],[-79.35746,43.94493],[-79.36063,43.94153],[-79.37295,43.93555],[-79.39529,43.92073],[-79.40133,43.91423],[-79.41723,43.89981],[-79.42372,43.89198],[-79.43397,43.88303],[-79.44921,43.86674],[-79.47479,43.84223],[-79.48241,43.83697],[-79.49,43.83502],[-79.49776,43.83915],[-79.51061,43.84255],[-79.52763,43.85116],[-79.53539,43.85614],[-79.54832,43.85851],[-79.56034,43.85916],[-79.61542,43.84862],[-79.62136,43.84572],[-79.62335,43.84234],[-79.62026,43.82931],[-79.61116,43.80798],[-79.61284,43.8042],[-79.61707,43.80354],[-79.62879,43.81049],[-79.63327,43.81605],[-79.64323,43.83189],[-79.64694,43.83255],[-79.65618,43.83059],[-79.65926,43.83217],[-79.67171,43.84547],[-79.67599,43.84777],[-79.67842,43.84799],[-79.68253,43.84967],[-79.68602,43.85211],[-79.68811,43.8553],[-79.6938,43.858],[-79.69958,43.85533],[-79.70924,43.84439],[-79.73094,43.823],[-79.74315,43.80878],[-79.7476,43.79553],[-79.74696,43.77785],[-79.74406,43.77342],[-79.7363,43.76912],[-79.72891,43.7626],[-79.72394,43.75601],[-79.72403,43.75052],[-79.73012,43.73731],[-79.73023,43.7337],[-79.72737,43.72583],[-79.72681,43.71994],[-79.73602,43.71541],[-79.75104,43.71124],[-79.7578,43.71142],[-79.76463,43.71063],[-79.77093,43.71172],[-79.77885,43.71069],[-79.78368,43.70779],[-79.78775,43.7009],[-79.78976,43.69282],[-79.79217,43.66894],[-79.79083,43.66306],[-79.78673,43.66206],[-79.77393,43.65656],[-79.76788,43.65145],[-79.75904,43.64831],[-79.75773,43.64408],[-79.75995,43.6399],[-79.76369,43.63775],[-79.76784,43.63726],[-79.77386,43.63458],[-79.77881,43.6349],[-79.78641,43.6393],[-79.78932,43.63957],[-79.81296,43.63882],[-79.83356,43.64072],[-79.83835,43.64],[-79.84003,43.63649],[-79.84374,43.63252],[-79.83471,43.62172],[-79.83426,43.61743],[-79.85132,43.60151],[-79.85538,43.60023],[-79.86152,43.60069],[-79.86472,43.59976],[-79.86549,43.59764],[-79.86266,43.58707],[-79.86378,43.58242],[-79.86813,43.5737],[-79.87278,43.56915],[-79.87674,43.56569],[-79.89056,43.55969],[-79.89495,43.55926],[-79.90141,43.5607],[-79.9076,43.55945],[-79.91367,43.55558],[-79.91495,43.55156],[-79.91373,43.54837],[-79.91389,43.5435],[-79.92022,43.54047],[-79.93027,43.53989],[-79.941,43.53764],[-79.9431,43.53637],[-79.94515,43.53114],[-79.94468,43.52572],[-79.93907,43.51967],[-79.9469,43.51557],[-79.9577,43.50725],[-79.97039,43.49914],[-79.98825,43.49524],[-79.99387,43.4928],[-80.0053,43.48498],[-79.99734,43.4827],[-79.99373,43.48284],[-79.97282,43.48774],[-79.96513,43.48855],[-79.9542,43.48748],[-79.94277,43.4795],[-79.9402,43.47506],[-79.94008,43.47226],[-79.94403,43.46296],[-79.95357,43.45408],[-79.96427,43.44943],[-79.96367,43.44577],[-79.95775,43.44392],[-79.94997,43.43849],[-79.9526,43.43538],[-79.9622,43.43617],[-79.96964,43.43485],[-79.97007,43.4317],[-79.9659,43.43168],[-79.94573,43.42708],[-79.94344,43.42618],[-79.94112,43.42374],[-79.94763,43.41717],[-79.96178,43.40682],[-79.96557,43.40228],[-79.96135,43.39824],[-79.95594,43.39914],[-79.95431,43.40098],[-79.95007,43.40073],[-79.94185,43.38575],[-79.94476,43.38018],[-79.94502,43.37766],[-79.95225,43.36554],[-79.95884,43.35982],[-79.96413,43.35652],[-79.96913,43.34836],[-79.98193,43.33139],[-79.98614,43.32375],[-80.01994,43.30218],[-80.04163,43.29426],[-80.0682,43.29009],[-80.09832,43.28391],[-80.10801,43.28302],[-80.11724,43.27971],[-80.12759,43.2724],[-80.13098,43.27097],[-80.14628,43.26751],[-80.15211,43.26672],[-80.15762,43.26697],[-80.16322,43.26601],[-80.17017,43.26339],[-80.17907,43.2618],[-80.21359,43.25983],[-80.22021,43.26105],[-80.22871,43.26062],[-80.23654,43.25123],[-80.23899,43.24997],[-80.24687,43.24942],[-80.25285,43.25092],[-80.25332,43.25293],[-80.24941,43.26923],[-80.24337,43.28563],[-80.24112,43.30203],[-80.24174,43.30513],[-80.24976,43.30825],[-80.25275,43.30855],[-80.28846,43.30624],[-80.29775,43.30677],[-80.31051,43.31032],[-80.31192,43.31233],[-80.31891,43.34874],[-80.33561,43.34878],[-80.34712,43.34733],[-80.35019,43.34831],[-80.35381,43.34791],[-80.36502,43.34237],[-80.37897,43.34161],[-80.38818,43.34261],[-80.40174,43.34224],[-80.4127,43.33964],[-80.42927,43.30524],[-80.43749,43.29602],[-80.44554,43.2926],[-80.45595,43.28999],[-80.46975,43.28509],[-80.49279,43.27459],[-80.50415,43.27066],[-80.51086,43.26712],[-80.53226,43.25099],[-80.54237,43.24677],[-80.55597,43.23],[-80.57027,43.21649],[-80.5822,43.20768],[-80.59499,43.19664],[-80.60501,43.19356],[-80.61493,43.19578],[-80.62067,43.19883],[-80.62507,43.20458],[-80.6264,43.21015],[-80.62899,43.2112],[-80.6316,43.2093],[-80.64056,43.19113],[-80.64712,43.18306],[-80.66087,43.17099],[-80.66996,43.16108],[-80.68079,43.14671],[-80.69321,43.13228],[-80.70358,43.11772],[-80.70935,43.1112],[-80.71899,43.10262],[-80.72302,43.10102],[-80.72728,43.09581],[-80.73157,43.08801],[-80.73764,43.08304],[-80.73932,43.07719],[-80.73866,43.06387],[-80.74073,43.05371],[-80.73827,43.03299],[-80.73986,43.0303],[-80.74666,43.0228],[-80.76,43.01353],[-80.77436,43.00789],[-80.78209,43.00602],[-80.79099,43.00535],[-80.80178,43.00647],[-80.83427,42.99881],[-80.83868,42.9983],[-80.84372,42.99964],[-80.84797,43.00189],[-80.85252,43.00896],[-80.85794,43.01478],[-80.864,43.01789],[-80.87412,43.02991],[-80.88799,43.03219],[-80.89185,43.03156],[-80.93012,43.01738],[-80.938,43.01677],[-80.94697,43.01829],[-80.95422,43.02037],[-80.96413,43.02488],[-80.97183,43.03138],[-80.97597,43.04453],[-80.99186,43.05279],[-81.0021,43.05374],[-81.01984,43.04793],[-81.03349,43.04464],[-81.0364,43.04481],[-81.04089,43.04683],[-81.0482,43.05208],[-81.06087,43.05544],[-81.08183,43.05671],[-81.08821,43.05632],[-81.10017,43.05899],[-81.12645,43.07405],[-81.13258,43.08037],[-81.13525,43.08154],[-81.1544,43.08147],[-81.17333,43.07664],[-81.18028,43.07178],[-81.19177,43.06719],[-81.20575,43.06364],[-81.23831,43.05891],[-81.26691,43.05922],[-81.30094,43.06154],[-81.31929,43.06366],[-81.34734,43.06919],[-81.35646,43.07277],[-81.37638,43.07857],[-81.38937,43.08125],[-81.40102,43.08529],[-81.43375,43.10059],[-81.44822,43.10935],[-81.45137,43.11051],[-81.4568,43.11494],[-81.46205,43.12179],[-81.47707,43.1325],[-81.48053,43.13401],[-81.49734,43.15121],[-81.50706,43.1691],[-81.51626,43.18068],[-81.5189,43.18617],[-81.52252,43.18985],[-81.52905,43.19285],[-81.53329,43.19855],[-81.53587,43.20281],[-81.54659,43.23015],[-81.55663,43.24229],[-81.55908,43.24379],[-81.56056,43.24598],[-81.5634,43.2473],[-81.5707,43.25524],[-81.57375,43.26111],[-81.58271,43.27112],[-81.59261,43.27918],[-81.59608,43.28062],[-81.60716,43.2888],[-81.62604,43.29868],[-81.64254,43.30628],[-81.66007,43.31265],[-81.68141,43.32206],[-81.70201,43.32708],[-81.72077,43.32985],[-81.74835,43.32939],[-82.22665,43.38425],[-82.41378,43.01131],[-82.42414,42.99784],[-82.42459,42.99229],[-82.42145,42.98548],[-82.41312,42.97737],[-82.41678,42.96679],[-82.42887,42.95204],[-82.44778,42.93768],[-82.45531,42.92676],[-82.46231,42.90562],[-82.47034,42.88743],[-82.46825,42.85567],[-82.47275,42.83676],[-82.47887,42.82537],[-82.48203,42.80826],[-82.48073,42.80242],[-82.47195,42.78617],[-82.46784,42.77029],[-82.46737,42.76242],[-82.48392,42.7334],[-82.48367,42.71845],[-82.49503,42.69962],[-82.5105,42.66504],[-82.50967,42.63817],[-82.51895,42.61376],[-82.52345,42.60734],[-82.54923,42.59123],[-82.55342,42.58512],[-82.5602,42.57929],[-82.56856,42.57423],[-82.58025,42.56415],[-82.58387,42.55395],[-82.59095,42.55004],[-82.60556,42.54856],[-82.61075,42.55001],[-82.6167,42.55448],[-82.62387,42.55706],[-82.633,42.55712],[-82.64114,42.55492],[-82.66217,42.54148],[-82.66781,42.5334],[-82.8282,42.37342],[-82.94539,42.34695],[-82.95914,42.33945],[-82.98878,42.33245],[-83.01903,42.3294],[-83.06342,42.31781],[-83.0795,42.30873],[-83.09678,42.28998],[-83.11164,42.26015],[-83.128,42.2387],[-83.13395,42.17481],[-83.1217,42.12545],[-83.1497,42.04101],[-83.06912,41.86359],[-82.67973,41.67656],[-82.39748,41.67656],[-81.24573,42.20756],[-80.07995,42.39356],[-78.93539,42.82831],[-78.9155,42.88129],[-78.90595,42.90029],[-78.90609,42.92376],[-78.9095,42.9337],[-78.91925,42.94709],[-78.93275,42.95604],[-78.96178,42.95787],[-78.97503,42.96879],[-79.0117,42.98529],[-79.0202,42.99484],[-79.02345,43.01629],[-79.01186,43.02918],[-79.00534,43.04726],[-78.99967,43.05601],[-79.00742,43.06593],[-79.07411,43.07787],[-79.07539,43.08162],[-79.06981,43.08856],[-79.06623,43.09134],[-79.05792,43.10712],[-79.06014,43.11387],[-79.06967,43.12034],[-79.05945,43.12648],[-79.05711,43.12704],[-79.05414,43.12937],[-79.04953,43.13515],[-79.0437,43.13843],[-79.04234,43.14368],[-79.04286,43.14929],[-79.04425,43.1519],[-79.04667,43.1624],[-79.05109,43.16762],[-79.05334,43.17393],[-79.05273,43.18406],[-79.04873,43.20018],[-79.05659,43.21031],[-79.05306,43.22348],[-79.05581,43.23909],[-79.0547,43.24876],[-79.05595,43.25468],[-79.07039,43.2624],[-79.20067,43.45048],[-78.69674,43.62892],[-79.10253,43.80271],[-79.10859,43.80408],[-79.11088,43.80736],[-79.11491,43.81054],[-79.12724,43.81152],[-79.14496,43.81845],[-79.15304,43.82349],[-79.15892,43.82977],[-79.17889,43.85592],[-79.19223,43.88317],[-79.19332,43.88774],[-79.19151,43.89325],[-79.18889,43.89681],[-79.18394,43.89622],[-79.17546,43.89679],[-79.17514,43.90223],[-79.17889,43.90616],[-79.17316,43.91254],[-79.16025,43.92185],[-79.15671,43.92629],[-79.15588,43.94592],[-79.1572,43.95036],[-79.16312,43.95204],[-79.17306,43.94956],[-79.17602,43.94799],[-79.18306,43.93987],[-79.18541,43.93402],[-79.19626,43.92382],[-79.2129,43.91734],[-79.22409,43.91394],[-79.24092,43.91531]]]}}]}