{"type":"FeatureCollection","features":[{"type":"Feature","properties":{"OGF_ID":16,"DESIGNATION":"Urban River Valley","EFFECTIVE_DATETIME":"2017-05-18","SYSTEM_DATETIME":"2023-12-14"},"geometry":{"type":"Polygon","coordinates":[[[-79.74038,43.4054],[-79.74081,43.40547],[-79.73882,43.40689],[-79.73843,43.40772],[-79.73905,43.40839],[-79.7414,43.40927],[-79.74233,43.40841],[-79.74009,43.40748],[-79.74207,43.40606],[-79.74218,43.4049],[-79.73796,43.40337],[-79.73952,43.40335],[-79.74051,43.40387],[-79.7416,43.40351],[-79.74453,43.40441],[-79.7465,43.40386],[-79.74697,43.40316],[-79.74795,43.40323],[-79.74893,43.4023],[-79.74679,43.40201],[-79.74412,43.40308],[-79.74191,43.40242],[-79.74065,43.40262],[-79.73795,43.40219],[-79.73469,43.40057],[-79.73526,43.39896],[-79.73479,43.39796],[-79.73297,43.3975],[-79.73158,43.3976],[-79.73044,43.39813],[-79.72825,43.39796],[-79.72576,43.39559],[-79.72166,43.39435],[-79.72118,43.39319],[-79.72027,43.39254],[-79.71897,43.39263],[-79.71655,43.3939],[-79.71485,43.39145],[-79.71328,43.39035],[-79.71226,43.39049],[-79.71008,43.39239],[-79.70858,43.3927],[-79.70809,43.39234],[-79.70582,43.39283],[-79.70721,43.39333],[-79.70702,43.39378],[-79.71049,43.39428],[-79.71336,43.39247],[-79.71487,43.39507],[-79.71606,43.39536],[-79.71655,43.39586],[-79.71768,43.39554],[-79.71958,43.3939],[-79.72002,43.39508],[-79.72182,43.39632],[-79.72362,43.3964],[-79.72429,43.39716],[-79.72545,43.3973],[-79.72561,43.3984],[-79.72639,43.39895],[-79.72988,43.39941],[-79.73285,43.39863],[-79.73348,43.39958],[-79.73323,43.40161],[-79.73535,43.40217],[-79.7374,43.40459],[-79.74038,43.4054]]]}},{"type":"Feature","properties":{"OGF_ID":17,"DESIGNATION":"Urban River Valley","EFFECTIVE_DATETIME":"2017-05-18","SYSTEM_DATETIME":"2023-12-14"},"geometry":{"type":"Polygon","coordinates":[[[-79.85518,43.55439],[-79.85632,43.55511],[-79.85726,43.55426],[-79.85531,43.55323],[-79.85338,43.55357],[-79.85285,43.55258],[-79.85121,43.55164],[-79.8502,43.55255],[-79.85168,43.55325],[-79.85227,43.55438],[-79.85372,43.55477],[-79.85518,43.55439]]]}},{"type":"Feature","properties":{"OGF_ID":18,"DESIGNATION":"Urban River Valley","EFFECTIVE_DATETIME":"2017-05-18","SYSTEM_DATETIME":"2023-12-14"},"geometry":{"type":"Polygon","coordinates":[[[-79.843,43.56426],[-79.84399,43.56533],[-79.84496,43.56534],[-79.84613,43.56429],[-79.84475,43.56421],[-79.84257,43.56229],[-79.84139,43.56191],[-79.84056,43.56208],[-79.84008,43.56171],[-79.83913,43.56254],[-79.84044,43.56321],[-79.84148,43.56306],[-79.843,43.56426]]]}},{"type":"Feature","properties":{"OGF_ID":19,"DESIGNATION":"Urban River Valley","EFFECTIVE_DATETIME":"2017-05-18","SYSTEM_DATETIME":"2023-12-14"},"geometry":{"type":"Polygon","coordinates":[[[-79.9296,43.68113],[-79.9294,43.68222],[-79.93204,43.68357],[-79.93127,43.68163],[-79.93281,43.6803],[-79.93276,43.67918],[-79.93358,43.67844],[-79.93339,43.67767],[-79.93218,43.6763],[-79.93037,43.67566],[-79.92935,43.6744],[-79.92572,43.6731],[-79.92938,43.67108],[-79.9284,43.66858],[-79.92727,43.66798],[-79.9287,43.66664],[-79.92987,43.66638],[-79.93161,43.66657],[-79.93257,43.66777],[-79.9351,43.66831],[-79.93608,43.66744],[-79.93348,43.66689],[-79.93242,43.66563],[-79.93004,43.66526],[-79.92771,43.66577],[-79.9262,43.66706],[-79.92456,43.66671],[-79.92322,43.66592],[-79.92178,43.66433],[-79.92033,43.66361],[-79.91972,43.66379],[-79.9199,43.6643],[-79.91943,43.66472],[-79.92073,43.66536],[-79.9223,43.66705],[-79.92725,43.66973],[-79.92765,43.67062],[-79.92498,43.67174],[-79.92397,43.67324],[-79.9246,43.67423],[-79.92819,43.67535],[-79.92925,43.67662],[-79.93122,43.67739],[-79.93176,43.67809],[-79.93083,43.67886],[-79.9312,43.67972],[-79.9296,43.68113]]]}},{"type":"Feature","properties":{"OGF_ID":20,"DESIGNATION":"Urban River Valley","EFFECTIVE_DATETIME":"2017-05-18","SYSTEM_DATETIME":"2023-12-14"},"geometry":{"type":"Polygon","coordinates":[[[-79.83016,43.75238],[-79.83167,43.75208],[-79.8323,43.75094],[-79.83471,43.75015],[-79.83652,43.74997],[-79.83734,43.74921],[-79.83971,43.7486],[-79.8401,43.7477],[-79.83888,43.74681],[-79.83877,43.74618],[-79.83988,43.7449],[-79.83886,43.74412],[-79.83832,43.74445],[-79.83727,43.74603],[-79.83723,43.74708],[-79.83783,43.74762],[-79.8375,43.74806],[-79.83644,43.74812],[-79.8326,43.74986],[-79.83137,43.75004],[-79.83066,43.75126],[-79.82831,43.7508],[-79.82737,43.75109],[-79.82761,43.75018],[-79.82711,43.74883],[-79.82577,43.74846],[-79.82355,43.74846],[-79.82411,43.74644],[-79.8234,43.7455],[-79.82215,43.74506],[-79.82346,43.7427],[-79.82467,43.74253],[-79.82679,43.74123],[-79.82742,43.74029],[-79.82697,43.73935],[-79.82307,43.73807],[-79.822,43.73819],[-79.81973,43.73772],[-79.81957,43.73692],[-79.81761,43.73602],[-79.8181,43.7351],[-79.81742,43.73431],[-79.81793,43.73374],[-79.8175,43.7326],[-79.8161,43.73247],[-79.81489,43.73305],[-79.81391,43.73143],[-79.81245,43.73047],[-79.81209,43.7295],[-79.81121,43.7292],[-79.80977,43.7295],[-79.8088,43.7278],[-79.80688,43.72715],[-79.80637,43.72614],[-79.80411,43.72573],[-79.80222,43.72589],[-79.80235,43.72511],[-79.80356,43.72375],[-79.80321,43.72251],[-79.80191,43.72199],[-79.80028,43.72201],[-79.79816,43.72313],[-79.79577,43.7221],[-79.79554,43.72073],[-79.79686,43.71892],[-79.79677,43.71819],[-79.79551,43.71734],[-79.79437,43.7172],[-79.7927,43.71522],[-79.79001,43.71421],[-79.78737,43.71174],[-79.786,43.71133],[-79.78485,43.70975],[-79.78094,43.7098],[-79.78051,43.70851],[-79.7795,43.70824],[-79.77879,43.7085],[-79.77815,43.70767],[-79.77721,43.70754],[-79.77614,43.70679],[-79.77521,43.70682],[-79.77446,43.70593],[-79.77473,43.70539],[-79.77719,43.7055],[-79.77854,43.70455],[-79.77803,43.70156],[-79.77714,43.6995],[-79.77408,43.69784],[-79.77051,43.69659],[-79.76666,43.69416],[-79.76329,43.69363],[-79.76209,43.69198],[-79.75852,43.69016],[-79.75661,43.69004],[-79.75498,43.68906],[-79.75405,43.68747],[-79.75108,43.68646],[-79.74969,43.68458],[-79.7506,43.68144],[-79.75056,43.67938],[-79.74976,43.67658],[-79.75019,43.67535],[-79.74918,43.6747],[-79.74669,43.67456],[-79.74368,43.67208],[-79.74265,43.67036],[-79.74096,43.66969],[-79.73905,43.67073],[-79.73806,43.66948],[-79.73582,43.66848],[-79.73111,43.66783],[-79.72941,43.66618],[-79.72959,43.66513],[-79.72808,43.66475],[-79.72654,43.66526],[-79.72566,43.66719],[-79.7243,43.66829],[-79.72314,43.66846],[-79.72266,43.66909],[-79.72087,43.66904],[-79.71973,43.66846],[-79.71856,43.66861],[-79.71778,43.6679],[-79.71682,43.66802],[-79.71471,43.66948],[-79.7144,43.67106],[-79.71494,43.67219],[-79.71385,43.67173],[-79.71082,43.67168],[-79.70981,43.67262],[-79.70985,43.67337],[-79.70866,43.67386],[-79.70819,43.67319],[-79.70655,43.67271],[-79.70449,43.67337],[-79.70163,43.6734],[-79.70039,43.67382],[-79.69899,43.67366],[-79.69729,43.6742],[-79.6969,43.67513],[-79.69422,43.6754],[-79.69138,43.6765],[-79.68988,43.67658],[-79.68851,43.6775],[-79.68737,43.67691],[-79.68611,43.6775],[-79.68509,43.67703],[-79.68224,43.67684],[-79.68177,43.6755],[-79.67951,43.67476],[-79.67851,43.67544],[-79.6789,43.67788],[-79.67814,43.67817],[-79.67701,43.67778],[-79.67564,43.6764],[-79.67335,43.67536],[-79.67042,43.67565],[-79.66814,43.67519],[-79.66715,43.67329],[-79.66598,43.6732],[-79.66398,43.67145],[-79.66074,43.67032],[-79.65927,43.67047],[-79.65839,43.67014],[-79.65892,43.66875],[-79.65765,43.66789],[-79.65554,43.66829],[-79.65476,43.66978],[-79.6511,43.67193],[-79.64851,43.67292],[-79.6471,43.67206],[-79.6447,43.67172],[-79.64324,43.6705],[-79.64222,43.67013],[-79.64133,43.67026],[-79.63934,43.66943],[-79.63941,43.66825],[-79.6387,43.66746],[-79.63956,43.6672],[-79.63989,43.66645],[-79.63943,43.66439],[-79.63869,43.66372],[-79.63643,43.66337],[-79.63351,43.66406],[-79.63253,43.66318],[-79.63315,43.66213],[-79.63282,43.66148],[-79.63082,43.66101],[-79.6302,43.66035],[-79.62783,43.65945],[-79.62652,43.65961],[-79.62602,43.65926],[-79.62523,43.65824],[-79.62618,43.65589],[-79.62593,43.65499],[-79.62278,43.6533],[-79.62249,43.65213],[-79.62159,43.65153],[-79.62071,43.65147],[-79.61956,43.65212],[-79.61793,43.6516],[-79.61669,43.64987],[-79.61754,43.64916],[-79.61748,43.64839],[-79.616,43.64653],[-79.61282,43.64595],[-79.61008,43.64663],[-79.60742,43.64402],[-79.60582,43.6442],[-79.6048,43.64383],[-79.60296,43.6441],[-79.60225,43.64354],[-79.59711,43.64244],[-79.59507,43.64272],[-79.59252,43.64415],[-79.58893,43.64208],[-79.58767,43.63902],[-79.5861,43.63712],[-79.58689,43.63542],[-79.58594,43.63157],[-79.58687,43.62965],[-79.58595,43.62843],[-79.58337,43.62748],[-79.58125,43.62721],[-79.58027,43.62647],[-79.57508,43.62486],[-79.56999,43.62639],[-79.5682,43.6262],[-79.56663,43.62767],[-79.56464,43.62756],[-79.56446,43.62507],[-79.56555,43.62513],[-79.5663,43.62455],[-79.56677,43.6228],[-79.56642,43.62181],[-79.56778,43.62086],[-79.56743,43.61796],[-79.56865,43.61698],[-79.56924,43.61447],[-79.568,43.61323],[-79.5649,43.61272],[-79.56794,43.61099],[-79.56786,43.60883],[-79.56575,43.60752],[-79.56535,43.60674],[-79.56309,43.60624],[-79.5571,43.60229],[-79.55662,43.59949],[-79.55441,43.59831],[-79.55481,43.59629],[-79.55448,43.59545],[-79.55322,43.59489],[-79.54943,43.59455],[-79.55057,43.59192],[-79.55022,43.59022],[-79.5481,43.58916],[-79.54173,43.58416],[-79.5414,43.58465],[-79.54079,43.58459],[-79.54109,43.58489],[-79.54067,43.58532],[-79.54193,43.58653],[-79.54321,43.58718],[-79.54613,43.58975],[-79.54856,43.59085],[-79.54862,43.59214],[-79.54778,43.59439],[-79.54823,43.59549],[-79.5491,43.59587],[-79.5531,43.59629],[-79.5528,43.59847],[-79.55365,43.59955],[-79.55506,43.60006],[-79.55574,43.60308],[-79.56176,43.60708],[-79.56389,43.60755],[-79.56374,43.6083],[-79.56435,43.60891],[-79.5663,43.60932],[-79.56643,43.61021],[-79.56535,43.61051],[-79.56309,43.61249],[-79.56419,43.61393],[-79.56635,43.614],[-79.56743,43.61447],[-79.567,43.61657],[-79.56567,43.61785],[-79.56605,43.62056],[-79.56479,43.62145],[-79.56481,43.62374],[-79.56351,43.62398],[-79.56274,43.62495],[-79.56247,43.62685],[-79.56318,43.62815],[-79.56438,43.6288],[-79.5674,43.62874],[-79.56875,43.62741],[-79.57034,43.62758],[-79.57491,43.62606],[-79.57918,43.6274],[-79.58082,43.62841],[-79.58492,43.6293],[-79.58518,43.62967],[-79.5843,43.63188],[-79.58498,43.63368],[-79.58469,43.63449],[-79.58527,43.63528],[-79.58454,43.6375],[-79.586,43.63933],[-79.58747,43.64263],[-79.59007,43.64454],[-79.59281,43.64534],[-79.59573,43.64382],[-79.5978,43.6437],[-79.60285,43.64532],[-79.60457,43.6451],[-79.60583,43.64549],[-79.60692,43.64523],[-79.60769,43.64663],[-79.60973,43.6478],[-79.61277,43.6472],[-79.61359,43.64772],[-79.61513,43.64764],[-79.61566,43.64868],[-79.61503,43.65017],[-79.61671,43.65245],[-79.61936,43.65342],[-79.6202,43.65336],[-79.62094,43.65283],[-79.62137,43.65395],[-79.62452,43.65563],[-79.62355,43.65821],[-79.62462,43.65991],[-79.62614,43.66085],[-79.6273,43.66066],[-79.62918,43.66135],[-79.63024,43.66227],[-79.63127,43.6622],[-79.63082,43.66296],[-79.6311,43.66393],[-79.63303,43.66526],[-79.6365,43.66458],[-79.63763,43.66471],[-79.63801,43.66629],[-79.6372,43.66663],[-79.63687,43.66731],[-79.63775,43.66856],[-79.63798,43.6702],[-79.63996,43.6709],[-79.64101,43.67181],[-79.64253,43.67165],[-79.64359,43.67263],[-79.6464,43.67317],[-79.64796,43.67407],[-79.64916,43.67403],[-79.65218,43.67281],[-79.65581,43.67068],[-79.65662,43.66915],[-79.65715,43.66903],[-79.65676,43.67035],[-79.65727,43.67126],[-79.65906,43.67185],[-79.6604,43.67138],[-79.66121,43.67159],[-79.66304,43.67231],[-79.6649,43.6741],[-79.66603,43.67437],[-79.6673,43.67609],[-79.66921,43.67636],[-79.66946,43.67697],[-79.67034,43.67719],[-79.67132,43.67659],[-79.67279,43.67636],[-79.67547,43.67775],[-79.67617,43.67867],[-79.67828,43.67927],[-79.68017,43.67858],[-79.68069,43.67672],[-79.68083,43.67744],[-79.68153,43.67787],[-79.68479,43.67814],[-79.68628,43.67865],[-79.68727,43.6782],[-79.68866,43.67866],[-79.69047,43.67757],[-79.69201,43.67751],[-79.69464,43.67643],[-79.69775,43.67605],[-79.69838,43.67496],[-79.69939,43.67471],[-79.70049,43.6749],[-79.70184,43.67447],[-79.70479,43.67443],[-79.70652,43.67379],[-79.70711,43.67397],[-79.70745,43.67491],[-79.70864,43.67509],[-79.71081,43.67424],[-79.7114,43.67267],[-79.71417,43.6733],[-79.71588,43.67304],[-79.71666,43.6721],[-79.71589,43.67099],[-79.71611,43.66989],[-79.71728,43.66928],[-79.71814,43.66978],[-79.71929,43.66958],[-79.72248,43.67033],[-79.72404,43.66992],[-79.72689,43.66779],[-79.72785,43.66591],[-79.72892,43.66788],[-79.73056,43.66886],[-79.73515,43.66944],[-79.73689,43.67032],[-79.73877,43.67191],[-79.7396,43.67183],[-79.74073,43.67105],[-79.74178,43.67127],[-79.74171,43.67209],[-79.74412,43.67375],[-79.74565,43.67537],[-79.74867,43.67572],[-79.74807,43.6766],[-79.74909,43.67954],[-79.74911,43.6814],[-79.7482,43.6847],[-79.74986,43.68708],[-79.75305,43.68826],[-79.7538,43.68972],[-79.75581,43.69096],[-79.75785,43.69113],[-79.76123,43.69288],[-79.7613,43.69356],[-79.76243,43.69464],[-79.76588,43.69508],[-79.76967,43.69748],[-79.7754,43.69969],[-79.77655,43.70167],[-79.77695,43.7043],[-79.77424,43.70436],[-79.77311,43.70519],[-79.77304,43.70628],[-79.77417,43.70765],[-79.77572,43.70784],[-79.77631,43.70875],[-79.77858,43.70975],[-79.77934,43.70973],[-79.7802,43.71082],[-79.78386,43.71071],[-79.78544,43.71268],[-79.78653,43.71283],[-79.78833,43.71414],[-79.78891,43.71513],[-79.79175,43.71609],[-79.79248,43.71714],[-79.7925,43.7181],[-79.7947,43.71828],[-79.79512,43.71864],[-79.79405,43.72073],[-79.7948,43.72299],[-79.79811,43.72421],[-79.79907,43.72399],[-79.80023,43.72312],[-79.80214,43.72329],[-79.80085,43.72474],[-79.80096,43.72649],[-79.8019,43.72696],[-79.80388,43.72684],[-79.80525,43.72723],[-79.80561,43.72805],[-79.80726,43.72836],[-79.80678,43.72893],[-79.80733,43.72969],[-79.80835,43.72984],[-79.8094,43.73064],[-79.81073,43.73039],[-79.81187,43.73247],[-79.81374,43.73381],[-79.81526,43.73428],[-79.81617,43.73661],[-79.81743,43.73712],[-79.81734,43.73805],[-79.81783,43.73868],[-79.82571,43.74001],[-79.82531,43.74067],[-79.82395,43.74142],[-79.82182,43.74196],[-79.8218,43.74278],[-79.82075,43.74395],[-79.82029,43.74559],[-79.82247,43.74641],[-79.82201,43.74857],[-79.82237,43.74927],[-79.82454,43.74984],[-79.82581,43.74957],[-79.82601,43.75197],[-79.82701,43.75228],[-79.8286,43.75194],[-79.83016,43.75238]]]}},{"type":"Feature","properties":{"OGF_ID":21,"DESIGNATION":"Urban River Valley","EFFECTIVE_DATETIME":"2017-05-18","SYSTEM_DATETIME":"2023-12-14"},"geometry":{"type":"Polygon","coordinates":[[[-79.61166,43.84082],[-79.61451,43.83927],[-79.61345,43.83738],[-79.61401,43.83595],[-79.613,43.83518],[-79.61043,43.8355],[-79.61076,43.83692],[-79.61179,43.83664],[-79.61195,43.83701],[-79.6112,43.83759],[-79.6113,43.83925],[-79.61166,43.84082]]]}},{"type":"Feature","properties":{"OGF_ID":22,"DESIGNATION":"Urban River Valley","EFFECTIVE_DATETIME":"2017-05-18","SYSTEM_DATETIME":"2023-12-14"},"geometry":{"type":"Polygon","coordinates":[[[-79.23729,43.83854],[-79.23798,43.83961],[-79.24019,43.8391],[-79.23921,43.83857],[-79.23842,43.83725],[-79.23612,43.8363],[-79.23492,43.83303],[-79.23311,43.8329],[-79.22776,43.83139],[-79.22655,43.83047],[-79.22532,43.82774],[-79.22377,43.82707],[-79.22357,43.82625],[-79.22263,43.82576],[-79.22136,43.82307],[-79.21762,43.82059],[-79.21448,43.8191],[-79.21343,43.81905],[-79.2126,43.81943],[-79.21191,43.81863],[-79.20996,43.81795],[-79.20847,43.81564],[-79.20509,43.81403],[-79.20354,43.8144],[-79.20409,43.81494],[-79.20603,43.81556],[-79.20619,43.81629],[-79.20797,43.81747],[-79.20878,43.81863],[-79.21171,43.82036],[-79.21284,43.82056],[-79.21379,43.82021],[-79.21806,43.82232],[-79.22005,43.82377],[-79.22096,43.82499],[-79.22117,43.82629],[-79.22223,43.82696],[-79.22245,43.82767],[-79.22404,43.82834],[-79.22517,43.83114],[-79.22613,43.83208],[-79.22916,43.83326],[-79.23037,43.83321],[-79.23376,43.83416],[-79.23477,43.83701],[-79.23713,43.8381],[-79.23729,43.83854]]]}},{"type":"Feature","properties":{"OGF_ID":23,"DESIGNATION":"Urban River Valley","EFFECTIVE_DATETIME":"2017-05-18","SYSTEM_DATETIME":"2023-12-14"},"geometry":{"type":"Polygon","coordinates":[[[-79.62558,43.84629],[-79.62487,43.84807],[-79.62497,43.84914],[-79.62384,43.85037],[-79.62611,43.84989],[-79.62662,43.84728],[-79.62784,43.84631],[-79.62748,43.84557],[-79.62575,43.84522],[-79.6235,43.84527],[-79.6215,43.84419],[-79.62039,43.84418],[-79.61941,43.84464],[-79.61773,43.84422],[-79.61613,43.84477],[-79.61529,43.84411],[-79.61393,43.84407],[-79.61415,43.84298],[-79.6127,43.84181],[-79.61187,43.84169],[-79.6126,43.84482],[-79.61449,43.84545],[-79.61461,43.84608],[-79.61528,43.84639],[-79.61668,43.84638],[-79.6176,43.84537],[-79.61951,43.84578],[-79.62075,43.84529],[-79.6231,43.84632],[-79.62558,43.84629]]]}},{"type":"Feature","properties":{"OGF_ID":24,"DESIGNATION":"Urban River Valley","EFFECTIVE_DATETIME":"2017-05-18","SYSTEM_DATETIME":"2023-12-14"},"geometry":{"type":"Polygon","coordinates":[[[-79.55757,43.86356],[-79.55745,43.86446],[-79.56124,43.86375],[-79.56352,43.86335],[-79.5654,43.86173],[-79.56913,43.86066],[-79.56976,43.85893],[-79.56943,43.85801],[-79.57327,43.85803],[-79.57391,43.85763],[-79.57407,43.85682],[-79.57558,43.8564],[-79.57624,43.85558],[-79.57769,43.85541],[-79.57871,43.85244],[-79.58066,43.85228],[-79.58131,43.85181],[-79.58118,43.85116],[-79.58246,43.85138],[-79.58374,43.85231],[-79.58304,43.85304],[-79.5842,43.85427],[-79.58419,43.855],[-79.58562,43.85594],[-79.58479,43.85727],[-79.5859,43.8583],[-79.58597,43.85909],[-79.58619,43.85905],[-79.58743,43.85883],[-79.5874,43.85808],[-79.58652,43.85722],[-79.587,43.85683],[-79.5871,43.8556],[-79.58482,43.85314],[-79.58599,43.85023],[-79.58536,43.84913],[-79.58588,43.84794],[-79.58555,43.84699],[-79.58576,43.84638],[-79.58786,43.84635],[-79.58782,43.84615],[-79.58743,43.84517],[-79.58447,43.8454],[-79.58417,43.84746],[-79.58326,43.84847],[-79.58439,43.85017],[-79.58397,43.8507],[-79.58141,43.84989],[-79.58033,43.85009],[-79.5795,43.85117],[-79.57756,43.85161],[-79.5763,43.85442],[-79.57305,43.85588],[-79.57252,43.85685],[-79.5699,43.85667],[-79.56837,43.85714],[-79.56779,43.85762],[-79.56764,43.85962],[-79.56453,43.86079],[-79.56265,43.86224],[-79.56089,43.86299],[-79.55837,43.86309],[-79.55757,43.86356]]]}},{"type":"Feature","properties":{"OGF_ID":25,"DESIGNATION":"Urban River Valley","EFFECTIVE_DATETIME":"2017-05-18","SYSTEM_DATETIME":"2023-12-14"},"geometry":{"type":"Polygon","coordinates":[[[-79.5314,43.86147],[-79.53211,43.86295],[-79.53417,43.86449],[-79.53464,43.86646],[-79.53771,43.86898],[-79.53895,43.86871],[-79.53902,43.8681],[-79.53602,43.86569],[-79.53555,43.86407],[-79.53371,43.86249],[-79.53264,43.86073],[-79.53164,43.85989],[-79.52937,43.85898],[-79.52885,43.85617],[-79.52712,43.85456],[-79.52721,43.85259],[-79.52456,43.85124],[-79.52334,43.85003],[-79.52306,43.84757],[-79.52213,43.84546],[-79.52287,43.84366],[-79.52246,43.8416],[-79.51942,43.8391],[-79.51849,43.83882],[-79.51835,43.83784],[-79.51659,43.8365],[-79.51631,43.83516],[-79.51514,43.83406],[-79.51246,43.83392],[-79.51088,43.8328],[-79.50878,43.83292],[-79.50786,43.83214],[-79.50647,43.83198],[-79.50673,43.83025],[-79.50625,43.82941],[-79.50505,43.82818],[-79.5015,43.82626],[-79.50277,43.82438],[-79.50272,43.82272],[-79.50377,43.82169],[-79.50375,43.82081],[-79.50315,43.82038],[-79.50273,43.81912],[-79.50156,43.81817],[-79.50021,43.81785],[-79.49585,43.81802],[-79.49343,43.81852],[-79.49409,43.81751],[-79.49319,43.81623],[-79.49178,43.8157],[-79.49134,43.81514],[-79.49138,43.81255],[-79.49094,43.81187],[-79.49004,43.81155],[-79.4869,43.81203],[-79.48674,43.81068],[-79.48722,43.8098],[-79.48608,43.80894],[-79.48608,43.80857],[-79.48712,43.80801],[-79.48671,43.80724],[-79.48693,43.80644],[-79.48473,43.8053],[-79.48354,43.80312],[-79.48479,43.80142],[-79.48448,43.79998],[-79.48239,43.79845],[-79.47902,43.79781],[-79.47767,43.79794],[-79.47625,43.79742],[-79.47704,43.79631],[-79.47652,43.79473],[-79.47406,43.7936],[-79.47349,43.79266],[-79.47083,43.7921],[-79.47089,43.79111],[-79.47019,43.78989],[-79.4679,43.78874],[-79.4669,43.78595],[-79.46907,43.78527],[-79.469,43.78411],[-79.46764,43.78346],[-79.46553,43.78376],[-79.46387,43.78358],[-79.46123,43.78043],[-79.4595,43.77994],[-79.45863,43.78007],[-79.45801,43.77924],[-79.45779,43.77875],[-79.45906,43.77711],[-79.46172,43.77695],[-79.46318,43.7757],[-79.4641,43.77674],[-79.46579,43.7771],[-79.46651,43.7768],[-79.46655,43.77594],[-79.46809,43.77613],[-79.46874,43.77585],[-79.46858,43.77515],[-79.46703,43.77478],[-79.4679,43.77378],[-79.46716,43.77247],[-79.4662,43.77152],[-79.46478,43.77123],[-79.46568,43.77001],[-79.46552,43.76936],[-79.46477,43.76913],[-79.46268,43.76967],[-79.46226,43.77074],[-79.45929,43.77118],[-79.45792,43.77077],[-79.45683,43.77125],[-79.45576,43.76889],[-79.45311,43.76899],[-79.45213,43.76829],[-79.45108,43.76858],[-79.45057,43.76809],[-79.44784,43.7672],[-79.44756,43.7666],[-79.44673,43.76628],[-79.44591,43.76411],[-79.44424,43.76299],[-79.44289,43.76109],[-79.44158,43.76067],[-79.43928,43.76097],[-79.43858,43.76022],[-79.43895,43.75951],[-79.43848,43.75879],[-79.43584,43.75851],[-79.43359,43.75676],[-79.43069,43.75707],[-79.42883,43.75398],[-79.42436,43.75129],[-79.42274,43.74919],[-79.42042,43.74879],[-79.41742,43.7493],[-79.41573,43.75018],[-79.41509,43.7514],[-79.41423,43.75102],[-79.41158,43.75098],[-79.41068,43.75004],[-79.4113,43.74602],[-79.40931,43.74427],[-79.40943,43.74352],[-79.40895,43.74286],[-79.40529,43.74192],[-79.40535,43.74045],[-79.4048,43.7398],[-79.40351,43.73943],[-79.40154,43.73972],[-79.40082,43.73906],[-79.39956,43.73866],[-79.39737,43.73896],[-79.39649,43.74003],[-79.39365,43.73931],[-79.3914,43.73938],[-79.39084,43.73858],[-79.38975,43.73815],[-79.39205,43.73646],[-79.39174,43.73544],[-79.3922,43.73431],[-79.39169,43.73345],[-79.38945,43.73283],[-79.38712,43.73295],[-79.38538,43.73369],[-79.38474,43.73344],[-79.38542,43.73177],[-79.38453,43.73026],[-79.38357,43.73003],[-79.38253,43.73062],[-79.37986,43.72825],[-79.37721,43.72848],[-79.37553,43.72962],[-79.37461,43.7286],[-79.37501,43.72761],[-79.37381,43.72637],[-79.37228,43.72621],[-79.37157,43.7265],[-79.36952,43.72603],[-79.36833,43.72649],[-79.36711,43.72634],[-79.36545,43.72436],[-79.36579,43.72337],[-79.3655,43.72216],[-79.36615,43.7214],[-79.36635,43.72074],[-79.36635,43.72069],[-79.36626,43.72041],[-79.36623,43.72037],[-79.36585,43.72],[-79.36419,43.72007],[-79.3631,43.71948],[-79.35991,43.71909],[-79.35705,43.71958],[-79.35685,43.71886],[-79.35615,43.71855],[-79.35473,43.71874],[-79.35405,43.71926],[-79.35339,43.71742],[-79.35387,43.71639],[-79.35276,43.71533],[-79.3501,43.71527],[-79.34876,43.71578],[-79.3471,43.71557],[-79.34669,43.71483],[-79.34542,43.71455],[-79.34324,43.71292],[-79.3409,43.71215],[-79.34088,43.71102],[-79.34005,43.70986],[-79.33888,43.70926],[-79.33878,43.70728],[-79.338,43.70667],[-79.3389,43.70588],[-79.33891,43.7052],[-79.33578,43.70379],[-79.33983,43.70171],[-79.34211,43.69987],[-79.34456,43.6989],[-79.34673,43.69963],[-79.34792,43.70051],[-79.35035,43.70049],[-79.35116,43.70017],[-79.35172,43.69931],[-79.35577,43.69848],[-79.35749,43.69591],[-79.35919,43.69619],[-79.36137,43.69532],[-79.36256,43.69443],[-79.36276,43.69373],[-79.36205,43.69254],[-79.36079,43.69169],[-79.36345,43.68812],[-79.36256,43.68506],[-79.36391,43.6837],[-79.36627,43.68264],[-79.36717,43.68165],[-79.36653,43.68012],[-79.36676,43.67937],[-79.36519,43.67899],[-79.36439,43.67823],[-79.36584,43.67705],[-79.36543,43.67545],[-79.36372,43.6745],[-79.36391,43.67347],[-79.3635,43.67277],[-79.36121,43.67163],[-79.36027,43.66994],[-79.35832,43.66847],[-79.35521,43.65775],[-79.34853,43.65093],[-79.35473,43.64825],[-79.35367,43.6471],[-79.347,43.64969],[-79.34634,43.65087],[-79.349,43.65422],[-79.35329,43.65794],[-79.35666,43.66885],[-79.35876,43.67057],[-79.36014,43.6727],[-79.36217,43.67361],[-79.36217,43.6752],[-79.36385,43.67678],[-79.36272,43.67787],[-79.36288,43.67904],[-79.36555,43.68122],[-79.36261,43.68284],[-79.36092,43.68481],[-79.36081,43.68588],[-79.36176,43.68797],[-79.36062,43.68886],[-79.35901,43.69168],[-79.36097,43.69386],[-79.35949,43.69484],[-79.35755,43.69465],[-79.35653,43.6949],[-79.35464,43.69752],[-79.35105,43.69815],[-79.34967,43.69932],[-79.34869,43.69936],[-79.34598,43.69783],[-79.3436,43.69778],[-79.34079,43.69904],[-79.33587,43.70241],[-79.33373,43.70241],[-79.33273,43.70278],[-79.33231,43.70319],[-79.3323,43.70322],[-79.33216,43.70374],[-79.33203,43.70512],[-79.33109,43.70573],[-79.32965,43.70584],[-79.32775,43.70745],[-79.32562,43.70774],[-79.32415,43.7092],[-79.31934,43.7101],[-79.3178,43.7111],[-79.3185,43.71277],[-79.31955,43.71325],[-79.31965,43.7142],[-79.31914,43.71506],[-79.31955,43.71628],[-79.3228,43.71705],[-79.32306,43.71829],[-79.32188,43.719],[-79.3218,43.71981],[-79.32345,43.72103],[-79.32433,43.72125],[-79.3231,43.72157],[-79.32257,43.72213],[-79.32152,43.72539],[-79.32244,43.72681],[-79.32017,43.72739],[-79.31785,43.72877],[-79.31811,43.72961],[-79.31949,43.73001],[-79.3187,43.73097],[-79.31894,43.73186],[-79.32039,43.73218],[-79.32326,43.73005],[-79.3241,43.73003],[-79.32379,43.73127],[-79.32429,43.73218],[-79.32686,43.73352],[-79.32769,43.73472],[-79.32937,43.73458],[-79.33037,43.73514],[-79.32988,43.73638],[-79.33062,43.73712],[-79.32931,43.73867],[-79.32998,43.74025],[-79.32986,43.74141],[-79.33149,43.74218],[-79.33292,43.742],[-79.33377,43.74139],[-79.33515,43.74132],[-79.3358,43.74227],[-79.33538,43.74299],[-79.33595,43.74396],[-79.33726,43.74445],[-79.33875,43.74405],[-79.3394,43.74475],[-79.3384,43.74674],[-79.339,43.7473],[-79.34153,43.74795],[-79.34194,43.75113],[-79.34534,43.75173],[-79.34449,43.75283],[-79.34484,43.75409],[-79.34289,43.75503],[-79.3432,43.75705],[-79.34402,43.75809],[-79.34533,43.75886],[-79.34583,43.75991],[-79.34785,43.76044],[-79.34907,43.76138],[-79.34849,43.76314],[-79.34872,43.76381],[-79.3507,43.76476],[-79.35191,43.76419],[-79.35289,43.76443],[-79.3538,43.76422],[-79.35456,43.76515],[-79.35729,43.76528],[-79.35881,43.76613],[-79.35898,43.7673],[-79.36003,43.76837],[-79.36047,43.77058],[-79.36399,43.7723],[-79.36412,43.77306],[-79.3658,43.77383],[-79.36524,43.77452],[-79.36535,43.77522],[-79.36704,43.77558],[-79.36875,43.77736],[-79.36962,43.77761],[-79.36982,43.77799],[-79.36925,43.77873],[-79.36986,43.78157],[-79.37184,43.78193],[-79.37341,43.78297],[-79.37441,43.78281],[-79.37566,43.78199],[-79.37653,43.78227],[-79.37567,43.78338],[-79.37728,43.7854],[-79.37535,43.78792],[-79.37498,43.78944],[-79.37535,43.79036],[-79.37688,43.79139],[-79.37592,43.79258],[-79.37625,43.79342],[-79.37942,43.79447],[-79.37961,43.79565],[-79.38132,43.79671],[-79.38206,43.79766],[-79.38383,43.79758],[-79.38714,43.79893],[-79.3882,43.79904],[-79.38889,43.79872],[-79.38961,43.79998],[-79.39054,43.80048],[-79.39133,43.80037],[-79.39181,43.79985],[-79.39277,43.80001],[-79.3944,43.80183],[-79.39448,43.80248],[-79.39609,43.80295],[-79.39624,43.80344],[-79.39475,43.80517],[-79.39458,43.80754],[-79.39537,43.80806],[-79.39674,43.80801],[-79.39646,43.80907],[-79.39755,43.80944],[-79.39794,43.81051],[-79.40008,43.81084],[-79.40066,43.81143],[-79.40031,43.81237],[-79.40168,43.81364],[-79.40184,43.81446],[-79.40327,43.81471],[-79.40418,43.8157],[-79.40458,43.81704],[-79.40601,43.81795],[-79.40931,43.81819],[-79.41004,43.81773],[-79.41231,43.81736],[-79.41317,43.81668],[-79.41338,43.81748],[-79.41509,43.81835],[-79.41846,43.81839],[-79.41945,43.81802],[-79.42183,43.81848],[-79.42329,43.81994],[-79.42717,43.81995],[-79.4289,43.82088],[-79.43314,43.82112],[-79.43283,43.82196],[-79.43337,43.8228],[-79.43469,43.82311],[-79.43483,43.82414],[-79.43686,43.82494],[-79.43861,43.82838],[-79.44111,43.83036],[-79.44233,43.83242],[-79.44349,43.83275],[-79.44557,43.83255],[-79.44675,43.83303],[-79.44701,43.83461],[-79.4495,43.8357],[-79.45037,43.83798],[-79.45209,43.83914],[-79.45226,43.84049],[-79.45393,43.84083],[-79.45612,43.84266],[-79.45988,43.84391],[-79.4615,43.84516],[-79.4624,43.84756],[-79.46607,43.85094],[-79.46701,43.85408],[-79.46811,43.85462],[-79.46779,43.85696],[-79.46883,43.85864],[-79.46903,43.8606],[-79.46764,43.86137],[-79.4673,43.86204],[-79.46795,43.86303],[-79.46977,43.86365],[-79.4701,43.86256],[-79.46892,43.86204],[-79.47034,43.86133],[-79.47058,43.85955],[-79.46952,43.85711],[-79.46965,43.85439],[-79.46919,43.85365],[-79.46849,43.85346],[-79.46805,43.85134],[-79.46739,43.85041],[-79.46376,43.8469],[-79.46311,43.84553],[-79.46325,43.84478],[-79.45941,43.84209],[-79.45705,43.84175],[-79.45438,43.8398],[-79.45379,43.83827],[-79.45201,43.8375],[-79.4516,43.83623],[-79.45005,43.83426],[-79.44858,43.83413],[-79.44902,43.83358],[-79.44838,43.83198],[-79.44509,43.8313],[-79.44339,43.83165],[-79.44101,43.82825],[-79.4399,43.8278],[-79.43813,43.82436],[-79.43628,43.82327],[-79.43609,43.82226],[-79.43433,43.82179],[-79.43462,43.82096],[-79.43424,43.82038],[-79.43241,43.81958],[-79.4293,43.81983],[-79.42748,43.81888],[-79.42377,43.81892],[-79.42263,43.81755],[-79.41967,43.81694],[-79.41803,43.81718],[-79.41707,43.8168],[-79.41562,43.81711],[-79.41402,43.81546],[-79.41283,43.81554],[-79.41159,43.81641],[-79.4088,43.81705],[-79.40679,43.8168],[-79.40508,43.81466],[-79.40565,43.81397],[-79.40513,43.81274],[-79.40363,43.81254],[-79.40288,43.81298],[-79.40185,43.81211],[-79.40275,43.81141],[-79.40258,43.81062],[-79.40007,43.80942],[-79.39911,43.80952],[-79.39778,43.80688],[-79.39621,43.80675],[-79.39631,43.80571],[-79.39775,43.80334],[-79.39732,43.80229],[-79.39603,43.80171],[-79.39441,43.80004],[-79.39411,43.79908],[-79.39184,43.79824],[-79.39055,43.79857],[-79.38925,43.79762],[-79.38741,43.79783],[-79.38445,43.79657],[-79.38279,43.7965],[-79.38086,43.79504],[-79.38068,43.79376],[-79.37746,43.79274],[-79.37902,43.79173],[-79.3794,43.79067],[-79.37897,43.79003],[-79.37746,43.79022],[-79.37647,43.78951],[-79.37673,43.78832],[-79.37793,43.78725],[-79.37882,43.78548],[-79.37725,43.78334],[-79.37836,43.78234],[-79.37828,43.78172],[-79.3758,43.78073],[-79.37363,43.78184],[-79.37273,43.78101],[-79.3711,43.78064],[-79.37107,43.77917],[-79.37161,43.77828],[-79.37046,43.77661],[-79.37098,43.77611],[-79.3709,43.77551],[-79.36999,43.77494],[-79.36862,43.77523],[-79.36736,43.77432],[-79.36703,43.77302],[-79.36185,43.7695],[-79.36153,43.76794],[-79.36055,43.76696],[-79.35999,43.76528],[-79.3579,43.76418],[-79.35547,43.76408],[-79.3544,43.7631],[-79.35159,43.76293],[-79.35035,43.76324],[-79.35041,43.76046],[-79.3487,43.75938],[-79.3471,43.75909],[-79.34671,43.75823],[-79.34478,43.75665],[-79.34455,43.75553],[-79.34636,43.75454],[-79.34616,43.75293],[-79.34714,43.7518],[-79.34703,43.75114],[-79.34545,43.75042],[-79.34339,43.75038],[-79.34301,43.74737],[-79.34036,43.74631],[-79.34102,43.74493],[-79.34088,43.74421],[-79.3394,43.74296],[-79.33712,43.74309],[-79.33745,43.74206],[-79.33622,43.74037],[-79.33417,43.7401],[-79.33134,43.74097],[-79.33161,43.74009],[-79.33092,43.73879],[-79.33241,43.73709],[-79.3316,43.73617],[-79.33194,43.73483],[-79.33066,43.73372],[-79.32857,43.73338],[-79.32808,43.73253],[-79.32555,43.7314],[-79.32587,43.72919],[-79.32333,43.7288],[-79.32128,43.72982],[-79.32057,43.72895],[-79.32393,43.72737],[-79.32398,43.72617],[-79.32314,43.72527],[-79.32423,43.72254],[-79.32725,43.72183],[-79.32766,43.72121],[-79.32692,43.71996],[-79.32431,43.71999],[-79.32366,43.71958],[-79.3248,43.71838],[-79.32432,43.71651],[-79.32086,43.71522],[-79.32187,43.71466],[-79.32152,43.71372],[-79.32235,43.71286],[-79.32245,43.71212],[-79.32161,43.71165],[-79.31976,43.71188],[-79.31945,43.7114],[-79.32472,43.71036],[-79.32623,43.70889],[-79.3285,43.70853],[-79.33068,43.70692],[-79.33258,43.70642],[-79.33358,43.70562],[-79.33383,43.7037],[-79.3343,43.70362],[-79.33479,43.70462],[-79.33727,43.70565],[-79.33645,43.7069],[-79.33718,43.70759],[-79.33754,43.70975],[-79.33947,43.71137],[-79.33876,43.71246],[-79.33901,43.71325],[-79.34005,43.71361],[-79.34106,43.71325],[-79.34237,43.7138],[-79.34435,43.71561],[-79.34562,43.71567],[-79.34644,43.71658],[-79.34879,43.71689],[-79.35174,43.71628],[-79.35219,43.71676],[-79.3519,43.71751],[-79.35259,43.71951],[-79.35159,43.72035],[-79.35184,43.72116],[-79.35251,43.72151],[-79.35256,43.72152],[-79.35335,43.72144],[-79.3534,43.72143],[-79.35341,43.72143],[-79.35509,43.72018],[-79.35639,43.72087],[-79.35862,43.72023],[-79.36156,43.72034],[-79.36356,43.72137],[-79.3645,43.72134],[-79.36402,43.72199],[-79.36395,43.72453],[-79.36641,43.72773],[-79.3684,43.72769],[-79.36955,43.72719],[-79.3708,43.72798],[-79.37236,43.72836],[-79.37327,43.72766],[-79.37343,43.72789],[-79.3731,43.72891],[-79.3746,43.73051],[-79.37556,43.73092],[-79.3764,43.73077],[-79.37779,43.72953],[-79.3787,43.73015],[-79.37972,43.72969],[-79.3815,43.73147],[-79.38271,43.73192],[-79.38385,43.73168],[-79.38312,43.73381],[-79.38364,43.73436],[-79.38539,43.73487],[-79.38651,43.73482],[-79.38751,43.73404],[-79.3895,43.73392],[-79.3906,43.7342],[-79.3902,43.73544],[-79.39054,43.7361],[-79.38858,43.73732],[-79.38825,43.73817],[-79.39046,43.74025],[-79.39235,43.74056],[-79.39344,43.74038],[-79.39662,43.7411],[-79.39771,43.74078],[-79.39825,43.73991],[-79.39949,43.73974],[-79.40114,43.74076],[-79.40381,43.74061],[-79.40363,43.74169],[-79.40413,43.74262],[-79.4059,43.74345],[-79.4079,43.74364],[-79.40798,43.74476],[-79.40903,43.74604],[-79.4099,43.74643],[-79.4092,43.75019],[-79.41069,43.75186],[-79.41215,43.75222],[-79.41394,43.7521],[-79.41542,43.75254],[-79.41777,43.75038],[-79.42039,43.74987],[-79.42196,43.75013],[-79.42326,43.75203],[-79.4276,43.7546],[-79.4279,43.75571],[-79.42974,43.75792],[-79.43077,43.75815],[-79.43297,43.75775],[-79.43319,43.75841],[-79.43494,43.75943],[-79.43718,43.75963],[-79.43706,43.76083],[-79.43849,43.76191],[-79.43984,43.76215],[-79.44174,43.7618],[-79.44304,43.76363],[-79.44465,43.76469],[-79.44523,43.76705],[-79.44632,43.76735],[-79.44773,43.76842],[-79.4497,43.76901],[-79.45,43.76987],[-79.45084,43.77003],[-79.45174,43.76966],[-79.45257,43.77013],[-79.45482,43.76996],[-79.45535,43.77203],[-79.45614,43.77262],[-79.45804,43.77197],[-79.45884,43.77227],[-79.46122,43.77207],[-79.4612,43.77336],[-79.46268,43.77382],[-79.46082,43.77459],[-79.45968,43.77581],[-79.45805,43.7763],[-79.4573,43.77742],[-79.45595,43.77834],[-79.45732,43.78129],[-79.45819,43.78171],[-79.45944,43.78114],[-79.4601,43.78141],[-79.46336,43.78462],[-79.46556,43.78484],[-79.46673,43.78456],[-79.46527,43.78593],[-79.46534,43.78695],[-79.46613,43.78806],[-79.46568,43.78941],[-79.46712,43.79038],[-79.46813,43.79039],[-79.46928,43.79112],[-79.46962,43.79288],[-79.4716,43.79317],[-79.47256,43.79366],[-79.47294,43.79439],[-79.47532,43.79541],[-79.47554,43.79618],[-79.47469,43.79756],[-79.47502,43.79822],[-79.47741,43.79902],[-79.47872,43.79887],[-79.48179,43.79944],[-79.48326,43.80061],[-79.48331,43.80111],[-79.48155,43.80289],[-79.48347,43.80599],[-79.48533,43.80682],[-79.48435,43.80809],[-79.48545,43.81128],[-79.4851,43.8125],[-79.48567,43.81304],[-79.48748,43.81334],[-79.48929,43.8127],[-79.48986,43.81335],[-79.49014,43.81641],[-79.49207,43.81712],[-79.49163,43.81822],[-79.49219,43.81962],[-79.49321,43.81997],[-79.49448,43.81937],[-79.49643,43.81909],[-79.5008,43.8192],[-79.50215,43.82163],[-79.501,43.82259],[-79.50119,43.82425],[-79.5001,43.82554],[-79.49986,43.82685],[-79.50391,43.82904],[-79.50487,43.83002],[-79.5049,43.83182],[-79.50556,43.83311],[-79.50702,43.83308],[-79.50788,43.83391],[-79.50999,43.83397],[-79.51176,43.83555],[-79.51435,43.83521],[-79.51504,43.83755],[-79.51672,43.83853],[-79.51737,43.8397],[-79.51849,43.84014],[-79.51968,43.84157],[-79.5209,43.84213],[-79.52125,43.84343],[-79.52039,43.84439],[-79.52032,43.84518],[-79.5216,43.84782],[-79.52185,43.85031],[-79.52351,43.85207],[-79.52594,43.85321],[-79.52562,43.85478],[-79.52732,43.85689],[-79.5272,43.85776],[-79.52785,43.85887],[-79.52752,43.86115],[-79.52829,43.86179],[-79.52982,43.86119],[-79.5314,43.86147]]]}},{"type":"Feature","properties":{"OGF_ID":26,"DESIGNATION":"Urban River Valley","EFFECTIVE_DATETIME":"2017-05-18","SYSTEM_DATETIME":"2023-12-14"},"geometry":{"type":"Polygon","coordinates":[[[-79.72363,43.88706],[-79.72396,43.88713],[-79.72455,43.88705],[-79.72654,43.88507],[-79.72829,43.88605],[-79.72971,43.88602],[-79.73037,43.88515],[-79.73431,43.88453],[-79.73531,43.88299],[-79.74035,43.88203],[-79.7413,43.88081],[-79.74207,43.88055],[-79.7426,43.88118],[-79.74502,43.88222],[-79.74611,43.88201],[-79.7466,43.88144],[-79.74616,43.88118],[-79.74877,43.87873],[-79.74798,43.87816],[-79.74863,43.87788],[-79.74781,43.87765],[-79.74636,43.87837],[-79.74597,43.87956],[-79.74503,43.87986],[-79.74473,43.88085],[-79.74351,43.88027],[-79.74306,43.87916],[-79.74217,43.87899],[-79.7402,43.88006],[-79.73951,43.88113],[-79.7373,43.88134],[-79.73431,43.88218],[-79.73305,43.88379],[-79.73028,43.88401],[-79.72907,43.88439],[-79.72864,43.8849],[-79.72743,43.88411],[-79.726,43.88393],[-79.72483,43.88526],[-79.72287,43.88534],[-79.72209,43.8848],[-79.72073,43.88469],[-79.71846,43.88584],[-79.71719,43.88589],[-79.71778,43.88694],[-79.71914,43.8868],[-79.72096,43.88578],[-79.72363,43.88706]]]}},{"type":"Feature","properties":{"OGF_ID":27,"DESIGNATION":"Urban River Valley","EFFECTIVE_DATETIME":"2017-05-18","SYSTEM_DATETIME":"2023-12-14"},"geometry":{"type":"Polygon","coordinates":[[[-79.74201,43.89174],[-79.74348,43.89242],[-79.74368,43.89343],[-79.74542,43.89593],[-79.74678,43.89567],[-79.74478,43.89183],[-79.74371,43.89115],[-79.7418,43.89064],[-79.74056,43.89116],[-79.73936,43.89059],[-79.73698,43.89097],[-79.73747,43.89133],[-79.73688,43.89188],[-79.7391,43.89169],[-79.74037,43.89231],[-79.74201,43.89174]]]}},{"type":"Feature","properties":{"OGF_ID":28,"DESIGNATION":"Urban River Valley","EFFECTIVE_DATETIME":"2017-05-18","SYSTEM_DATETIME":"2023-12-14"},"geometry":{"type":"Polygon","coordinates":[[[-79.05551,43.88852],[-79.05548,43.88949],[-79.05797,43.89091],[-79.05843,43.89164],[-79.05931,43.89145],[-79.05988,43.89132],[-79.05917,43.89027],[-79.05694,43.88888],[-79.05731,43.88852],[-79.05916,43.88854],[-79.05943,43.88785],[-79.05887,43.88716],[-79.05969,43.88679],[-79.06044,43.88482],[-79.06148,43.88491],[-79.06203,43.88441],[-79.06207,43.88258],[-79.06117,43.88145],[-79.06121,43.88022],[-79.06042,43.87984],[-79.05903,43.88023],[-79.05891,43.87998],[-79.05969,43.87903],[-79.06067,43.87887],[-79.06154,43.87822],[-79.06081,43.87681],[-79.05965,43.87597],[-79.06138,43.87507],[-79.06043,43.87371],[-79.06409,43.87319],[-79.06548,43.87224],[-79.06622,43.87105],[-79.06823,43.87091],[-79.06902,43.87042],[-79.06953,43.8688],[-79.07031,43.86795],[-79.07107,43.86788],[-79.07178,43.86727],[-79.07118,43.86564],[-79.07236,43.86474],[-79.07226,43.86292],[-79.07321,43.8611],[-79.07338,43.86149],[-79.07337,43.86211],[-79.07358,43.86248],[-79.07352,43.86375],[-79.07382,43.86448],[-79.07244,43.86657],[-79.07376,43.8704],[-79.07316,43.87636],[-79.07527,43.87712],[-79.07712,43.87901],[-79.07864,43.8793],[-79.08079,43.88081],[-79.08169,43.88095],[-79.08535,43.88487],[-79.08662,43.88425],[-79.08337,43.88032],[-79.08056,43.8792],[-79.07932,43.87811],[-79.07811,43.87812],[-79.07507,43.87511],[-79.07561,43.87392],[-79.07505,43.87305],[-79.07522,43.86895],[-79.07431,43.86704],[-79.07536,43.86473],[-79.07488,43.86192],[-79.07572,43.86251],[-79.07811,43.8624],[-79.08288,43.86405],[-79.08353,43.86454],[-79.08439,43.86655],[-79.08522,43.86718],[-79.08775,43.86855],[-79.08956,43.86885],[-79.09034,43.87014],[-79.09398,43.87115],[-79.09405,43.87194],[-79.09485,43.8723],[-79.09508,43.87297],[-79.09803,43.87582],[-79.09646,43.87874],[-79.0966,43.87939],[-79.09891,43.87788],[-79.09887,43.87726],[-79.0999,43.87625],[-79.09874,43.87383],[-79.09769,43.87338],[-79.09494,43.87024],[-79.09141,43.8693],[-79.09136,43.8687],[-79.09032,43.8678],[-79.08831,43.8674],[-79.08636,43.86643],[-79.08405,43.86301],[-79.08093,43.86232],[-79.07818,43.86108],[-79.07635,43.86106],[-79.07377,43.86004],[-79.07386,43.85781],[-79.07177,43.85392],[-79.07707,43.85063],[-79.08209,43.8494],[-79.08253,43.85046],[-79.0843,43.85098],[-79.08649,43.85032],[-79.08841,43.85037],[-79.08895,43.85115],[-79.08876,43.85213],[-79.09132,43.85357],[-79.09099,43.85417],[-79.09164,43.85529],[-79.09135,43.85643],[-79.09339,43.85701],[-79.09455,43.85793],[-79.09645,43.8582],[-79.09716,43.85895],[-79.0985,43.85899],[-79.09804,43.85994],[-79.09905,43.86082],[-79.10118,43.86095],[-79.1013,43.86181],[-79.10243,43.86227],[-79.10381,43.86192],[-79.10448,43.86099],[-79.1065,43.86075],[-79.10855,43.86128],[-79.1085,43.86201],[-79.11006,43.86307],[-79.11102,43.86299],[-79.11045,43.86267],[-79.11082,43.86212],[-79.11003,43.86169],[-79.11055,43.86076],[-79.10971,43.86027],[-79.1064,43.85962],[-79.10372,43.85989],[-79.10266,43.86112],[-79.10258,43.86037],[-79.10201,43.86],[-79.0998,43.85986],[-79.1006,43.85905],[-79.10037,43.85828],[-79.09963,43.85789],[-79.09787,43.85784],[-79.09722,43.85715],[-79.09588,43.85692],[-79.09525,43.85585],[-79.09326,43.85547],[-79.09251,43.85426],[-79.09325,43.85259],[-79.09237,43.85198],[-79.09139,43.85212],[-79.09034,43.85168],[-79.09035,43.85077],[-79.08892,43.84914],[-79.08613,43.84927],[-79.08465,43.84985],[-79.0838,43.84965],[-79.08259,43.84832],[-79.08065,43.84848],[-79.07671,43.8495],[-79.07176,43.85247],[-79.06922,43.85303],[-79.06884,43.85433],[-79.06754,43.85404],[-79.06618,43.85462],[-79.06487,43.85376],[-79.06358,43.85373],[-79.05756,43.84818],[-79.05636,43.84811],[-79.05396,43.84708],[-79.05245,43.84715],[-79.05217,43.84548],[-79.05038,43.84366],[-79.04849,43.84346],[-79.04703,43.84421],[-79.04492,43.84406],[-79.04308,43.84334],[-79.04367,43.84234],[-79.04292,43.84142],[-79.04297,43.84057],[-79.04232,43.84003],[-79.04132,43.83995],[-79.03917,43.83757],[-79.03965,43.83612],[-79.0386,43.83437],[-79.04385,43.83321],[-79.04241,43.82981],[-79.04422,43.82941],[-79.04469,43.82844],[-79.04618,43.82732],[-79.04593,43.82673],[-79.04832,43.82615],[-79.04616,43.82106],[-79.0443,43.82078],[-79.04253,43.81936],[-79.04042,43.81982],[-79.03882,43.816],[-79.03586,43.8161],[-79.03506,43.81655],[-79.03362,43.81664],[-79.02811,43.81639],[-79.02883,43.8181],[-79.03004,43.81855],[-79.03106,43.82024],[-79.03332,43.82132],[-79.03682,43.82443],[-79.03454,43.82525],[-79.03449,43.82607],[-79.03375,43.82646],[-79.03479,43.82894],[-79.03695,43.82855],[-79.03909,43.83018],[-79.03866,43.83185],[-79.03808,43.83136],[-79.03697,43.83129],[-79.03554,43.83191],[-79.03544,43.83367],[-79.0376,43.83564],[-79.03672,43.836],[-79.03629,43.8376],[-79.03722,43.83891],[-79.03867,43.83895],[-79.03962,43.84008],[-79.03966,43.84084],[-79.04068,43.84125],[-79.04033,43.84207],[-79.04171,43.84254],[-79.0419,43.84407],[-79.04467,43.84516],[-79.04734,43.84528],[-79.04874,43.84454],[-79.04951,43.84459],[-79.05072,43.84582],[-79.05139,43.84791],[-79.05223,43.84825],[-79.05356,43.84813],[-79.05559,43.84906],[-79.05669,43.84917],[-79.06288,43.85479],[-79.06431,43.85478],[-79.06604,43.85571],[-79.0678,43.85514],[-79.06954,43.856],[-79.07079,43.85542],[-79.07215,43.85809],[-79.07183,43.85945],[-79.07225,43.85995],[-79.07079,43.86271],[-79.07092,43.86435],[-79.06979,43.86509],[-79.06982,43.86617],[-79.06888,43.86655],[-79.0688,43.86781],[-79.06774,43.86969],[-79.06528,43.87018],[-79.06345,43.87221],[-79.06139,43.87184],[-79.06004,43.87259],[-79.05917,43.87213],[-79.05804,43.87254],[-79.05817,43.87396],[-79.05978,43.87482],[-79.05778,43.87512],[-79.05721,43.87637],[-79.05803,43.87714],[-79.05917,43.87714],[-79.05963,43.8779],[-79.05795,43.87837],[-79.05748,43.88036],[-79.05833,43.88136],[-79.05971,43.88119],[-79.06062,43.88295],[-79.05719,43.88667],[-79.05737,43.88744],[-79.05622,43.88775],[-79.05551,43.88852]]]}},{"type":"Feature","properties":{"OGF_ID":29,"DESIGNATION":"Urban River Valley","EFFECTIVE_DATETIME":"2017-05-18","SYSTEM_DATETIME":"2023-12-14"},"geometry":{"type":"Polygon","coordinates":[[[-79.01357,43.88297],[-79.01403,43.88449],[-79.01309,43.88504],[-79.01284,43.88568],[-79.01441,43.88835],[-79.01399,43.89005],[-79.0146,43.89109],[-79.01527,43.89135],[-79.01552,43.89282],[-79.01706,43.895],[-79.01598,43.89548],[-79.01568,43.89607],[-79.01592,43.89717],[-79.01705,43.8984],[-79.01692,43.90023],[-79.01759,43.90128],[-79.019,43.90092],[-79.01891,43.89832],[-79.01765,43.89681],[-79.01862,43.8948],[-79.01697,43.89242],[-79.01658,43.89072],[-79.01601,43.89035],[-79.01561,43.88907],[-79.01591,43.8881],[-79.01501,43.88712],[-79.01448,43.88561],[-79.01561,43.88487],[-79.0152,43.88349],[-79.01549,43.88291],[-79.01408,43.88175],[-79.0135,43.88025],[-79.01231,43.87965],[-79.01126,43.8783],[-79.01121,43.87641],[-79.01061,43.87577],[-79.01046,43.87442],[-79.00821,43.8713],[-79.00915,43.87083],[-79.00903,43.87008],[-79.0098,43.86891],[-79.00831,43.86715],[-79.00679,43.86692],[-79.00594,43.8648],[-79.00526,43.86444],[-79.00524,43.86254],[-79.00434,43.86126],[-79.00563,43.85998],[-79.00389,43.8565],[-79.00393,43.85524],[-79.00217,43.85401],[-79.00333,43.85246],[-79.00166,43.85041],[-78.99994,43.84943],[-79.00042,43.84726],[-79.00223,43.84641],[-79.00177,43.84364],[-79.00127,43.84318],[-79.00205,43.84171],[-79.00172,43.84065],[-79.0021,43.83968],[-79.00085,43.8387],[-78.9992,43.83886],[-78.99934,43.83789],[-78.99872,43.83642],[-78.99648,43.83544],[-78.99663,43.83476],[-78.99875,43.83463],[-78.9994,43.83309],[-78.99818,43.83259],[-78.99771,43.83183],[-78.9965,43.8315],[-78.99479,43.83185],[-78.99357,43.83127],[-78.9911,43.83117],[-78.98979,43.82811],[-78.98787,43.82799],[-78.98742,43.82736],[-78.98347,43.82714],[-78.9815,43.82783],[-78.98157,43.82856],[-78.98449,43.83051],[-78.98527,43.83197],[-78.98733,43.83184],[-78.99009,43.8329],[-78.99166,43.8327],[-78.99162,43.83239],[-78.99323,43.83241],[-78.99479,43.83312],[-78.99604,43.83278],[-78.99628,43.83336],[-78.99725,43.8337],[-78.99568,43.83388],[-78.99473,43.83551],[-78.99536,43.8364],[-78.99717,43.8371],[-78.99772,43.83986],[-78.99987,43.8404],[-79.00022,43.84171],[-78.99949,43.84212],[-78.99947,43.84303],[-78.99988,43.8454],[-79.00049,43.84595],[-78.99937,43.84635],[-78.9979,43.84804],[-78.99857,43.84863],[-78.99861,43.85056],[-79.00037,43.85149],[-79.00127,43.85258],[-79.00039,43.85309],[-79.00006,43.85408],[-79.00074,43.85517],[-79.00223,43.85579],[-79.00271,43.85739],[-79.00215,43.85775],[-79.00213,43.85846],[-79.00356,43.85944],[-79.00348,43.86009],[-79.00271,43.86067],[-79.0033,43.86328],[-79.00298,43.86403],[-79.00486,43.86605],[-79.00443,43.86682],[-79.00509,43.86774],[-79.00784,43.8688],[-79.00664,43.87135],[-79.00702,43.87224],[-79.00789,43.87278],[-79.00865,43.87561],[-79.00985,43.87755],[-79.00985,43.87975],[-79.01183,43.88087],[-79.01272,43.88261],[-79.01357,43.88297]]]}},{"type":"Feature","properties":{"OGF_ID":30,"DESIGNATION":"Urban River Valley","EFFECTIVE_DATETIME":"2017-05-18","SYSTEM_DATETIME":"2023-12-14"},"geometry":{"type":"Polygon","coordinates":[[[-79.26859,43.90903],[-79.26878,43.90935],[-79.26994,43.90905],[-79.27026,43.90897],[-79.26953,43.90767],[-79.26822,43.90696],[-79.26665,43.90699],[-79.26565,43.90629],[-79.26512,43.90327],[-79.26452,43.90283],[-79.26356,43.90296],[-79.26375,43.89719],[-79.26338,43.89673],[-79.26248,43.89656],[-79.26148,43.89498],[-79.26262,43.89459],[-79.26291,43.89404],[-79.26054,43.88601],[-79.25953,43.88536],[-79.25739,43.88576],[-79.25588,43.88412],[-79.25463,43.87977],[-79.25523,43.87767],[-79.25681,43.87634],[-79.25691,43.87576],[-79.25035,43.87295],[-79.24968,43.87147],[-79.25048,43.8706],[-79.25294,43.87143],[-79.25461,43.87139],[-79.25652,43.86983],[-79.25838,43.86937],[-79.25944,43.86948],[-79.25863,43.87047],[-79.25929,43.8726],[-79.26119,43.87375],[-79.26254,43.8777],[-79.2637,43.87846],[-79.26411,43.87927],[-79.26386,43.88001],[-79.26438,43.88065],[-79.26763,43.88224],[-79.26833,43.88344],[-79.27017,43.88356],[-79.27236,43.88472],[-79.27245,43.88577],[-79.27352,43.88623],[-79.2753,43.88905],[-79.27647,43.88941],[-79.27788,43.89116],[-79.27982,43.89189],[-79.28235,43.8921],[-79.28665,43.8938],[-79.28689,43.89515],[-79.28904,43.89664],[-79.29358,43.89803],[-79.29508,43.89812],[-79.2957,43.89866],[-79.29538,43.89926],[-79.29588,43.90033],[-79.29661,43.90092],[-79.2965,43.90278],[-79.29793,43.90246],[-79.29813,43.9008],[-79.29694,43.89927],[-79.29729,43.89854],[-79.29656,43.89722],[-79.29407,43.89693],[-79.28982,43.89571],[-79.28832,43.8947],[-79.28848,43.89416],[-79.28761,43.89288],[-79.28278,43.89102],[-79.27896,43.89018],[-79.27814,43.88878],[-79.27651,43.88829],[-79.27335,43.88373],[-79.27108,43.88241],[-79.26962,43.8823],[-79.26869,43.88137],[-79.26542,43.87984],[-79.26554,43.87895],[-79.26472,43.87754],[-79.26386,43.87712],[-79.26261,43.87334],[-79.26101,43.87201],[-79.26028,43.87072],[-79.26105,43.87035],[-79.26238,43.87046],[-79.26316,43.87002],[-79.26327,43.86772],[-79.26489,43.86794],[-79.26807,43.86735],[-79.26971,43.86748],[-79.26989,43.86609],[-79.26808,43.86544],[-79.27403,43.86274],[-79.27453,43.86068],[-79.27566,43.86112],[-79.27747,43.86084],[-79.27945,43.86253],[-79.28379,43.86275],[-79.28507,43.86515],[-79.28746,43.866],[-79.28917,43.86561],[-79.29084,43.8633],[-79.29402,43.86432],[-79.2952,43.86549],[-79.30038,43.8647],[-79.30104,43.86615],[-79.30171,43.86657],[-79.30294,43.86661],[-79.30399,43.86599],[-79.30542,43.86602],[-79.30738,43.86773],[-79.30858,43.86774],[-79.30962,43.86834],[-79.31007,43.86926],[-79.31219,43.87058],[-79.31274,43.87182],[-79.31485,43.87342],[-79.31751,43.87436],[-79.3163,43.87576],[-79.31684,43.87646],[-79.31806,43.87688],[-79.31731,43.8776],[-79.3183,43.87874],[-79.31736,43.88031],[-79.31765,43.88131],[-79.319,43.88183],[-79.32044,43.88152],[-79.32227,43.88216],[-79.32475,43.8817],[-79.32537,43.88109],[-79.32706,43.8813],[-79.32753,43.88337],[-79.32845,43.88411],[-79.33079,43.88461],[-79.33162,43.88672],[-79.33092,43.88753],[-79.33108,43.88816],[-79.32931,43.88905],[-79.32931,43.89017],[-79.32656,43.89169],[-79.32488,43.89398],[-79.32484,43.89526],[-79.3224,43.89592],[-79.32231,43.89691],[-79.32459,43.8966],[-79.32611,43.89585],[-79.32633,43.89464],[-79.32699,43.89422],[-79.32704,43.89349],[-79.32779,43.89315],[-79.3279,43.89231],[-79.33096,43.89087],[-79.33085,43.8896],[-79.33214,43.88912],[-79.33341,43.88684],[-79.33254,43.88444],[-79.33158,43.88369],[-79.3288,43.88279],[-79.32855,43.88111],[-79.32794,43.8804],[-79.32526,43.87988],[-79.32384,43.88065],[-79.32214,43.88091],[-79.32073,43.88044],[-79.31886,43.88056],[-79.31963,43.8802],[-79.31999,43.87922],[-79.3194,43.87754],[-79.31965,43.87681],[-79.3191,43.87595],[-79.31812,43.87576],[-79.32153,43.87405],[-79.32344,43.87489],[-79.32409,43.87564],[-79.32698,43.87492],[-79.32811,43.87606],[-79.33014,43.87659],[-79.33,43.8773],[-79.33104,43.87867],[-79.33198,43.87863],[-79.33489,43.87969],[-79.33665,43.87959],[-79.33771,43.87905],[-79.33869,43.87957],[-79.33915,43.88075],[-79.34051,43.8809],[-79.34111,43.8814],[-79.34194,43.88384],[-79.33998,43.88496],[-79.33998,43.88665],[-79.33902,43.88793],[-79.33846,43.89063],[-79.3407,43.89191],[-79.34343,43.89238],[-79.34483,43.89176],[-79.34039,43.89039],[-79.34044,43.8883],[-79.34155,43.88673],[-79.34132,43.88546],[-79.34321,43.88479],[-79.34362,43.88394],[-79.34252,43.88083],[-79.3392,43.87835],[-79.33771,43.87794],[-79.33601,43.87853],[-79.33326,43.87791],[-79.33188,43.87729],[-79.33237,43.87681],[-79.33211,43.87626],[-79.32907,43.87506],[-79.32885,43.87406],[-79.32719,43.87348],[-79.32457,43.87403],[-79.32165,43.87263],[-79.31902,43.87384],[-79.31457,43.87],[-79.31337,43.86992],[-79.31128,43.86854],[-79.31075,43.86684],[-79.30755,43.86636],[-79.307,43.86578],[-79.3082,43.86323],[-79.30924,43.86207],[-79.3091,43.86046],[-79.30833,43.85977],[-79.30818,43.85888],[-79.30901,43.85872],[-79.30939,43.8593],[-79.31061,43.85979],[-79.31245,43.85985],[-79.31551,43.85878],[-79.31792,43.8585],[-79.31883,43.85767],[-79.3188,43.85673],[-79.31801,43.85579],[-79.3185,43.85506],[-79.31943,43.85501],[-79.32214,43.85586],[-79.32433,43.8555],[-79.32565,43.85593],[-79.32743,43.8557],[-79.33113,43.85313],[-79.33152,43.85217],[-79.33272,43.85189],[-79.33297,43.85088],[-79.33541,43.85035],[-79.33588,43.84939],[-79.33494,43.84807],[-79.33704,43.84863],[-79.33925,43.84797],[-79.34042,43.84865],[-79.34113,43.84968],[-79.34218,43.84957],[-79.34295,43.85025],[-79.34527,43.8502],[-79.34651,43.85107],[-79.34781,43.85119],[-79.34955,43.85302],[-79.34833,43.85462],[-79.34904,43.85577],[-79.35002,43.85637],[-79.35267,43.85672],[-79.3534,43.85803],[-79.35453,43.85823],[-79.35508,43.85931],[-79.35628,43.85957],[-79.35675,43.86022],[-79.35761,43.86016],[-79.35751,43.86147],[-79.35929,43.86269],[-79.36249,43.86313],[-79.36332,43.8629],[-79.36311,43.86432],[-79.36558,43.86469],[-79.36444,43.86588],[-79.36506,43.86718],[-79.36675,43.86833],[-79.36882,43.86881],[-79.36907,43.87046],[-79.37147,43.8714],[-79.37181,43.87294],[-79.373,43.87301],[-79.37352,43.87366],[-79.37455,43.87367],[-79.37703,43.8746],[-79.3792,43.87489],[-79.38174,43.87727],[-79.38318,43.87739],[-79.38389,43.87791],[-79.38529,43.87758],[-79.38716,43.87806],[-79.38827,43.87902],[-79.38989,43.8797],[-79.38999,43.88249],[-79.38746,43.88334],[-79.38708,43.88489],[-79.38603,43.88515],[-79.38534,43.88584],[-79.38411,43.8859],[-79.38323,43.88724],[-79.38352,43.88792],[-79.38263,43.88806],[-79.38225,43.88852],[-79.38312,43.89025],[-79.3875,43.8934],[-79.38666,43.89473],[-79.38711,43.89624],[-79.38578,43.89745],[-79.38766,43.90039],[-79.38742,43.90219],[-79.38656,43.90276],[-79.38641,43.90477],[-79.38688,43.90645],[-79.38834,43.90613],[-79.38809,43.9033],[-79.38893,43.90293],[-79.39092,43.9039],[-79.39398,43.9037],[-79.39429,43.90479],[-79.39574,43.90446],[-79.39469,43.90249],[-79.39194,43.90283],[-79.38906,43.9018],[-79.38899,43.89945],[-79.3875,43.89764],[-79.38879,43.89689],[-79.38907,43.89586],[-79.38838,43.89515],[-79.38905,43.89434],[-79.38914,43.89318],[-79.3853,43.88973],[-79.38415,43.8893],[-79.38537,43.88863],[-79.38493,43.88741],[-79.38605,43.88712],[-79.3872,43.88597],[-79.38881,43.88535],[-79.3889,43.88395],[-79.39081,43.88342],[-79.39196,43.8848],[-79.39376,43.88532],[-79.395,43.88657],[-79.3963,43.88674],[-79.39655,43.88747],[-79.39821,43.88869],[-79.39996,43.88872],[-79.40191,43.88925],[-79.40452,43.89046],[-79.40569,43.89244],[-79.408,43.89289],[-79.40945,43.89441],[-79.41066,43.89468],[-79.41173,43.89593],[-79.41529,43.89545],[-79.41615,43.89601],[-79.41769,43.89621],[-79.41956,43.8975],[-79.42011,43.89882],[-79.42076,43.8987],[-79.42226,43.90421],[-79.42283,43.90388],[-79.42283,43.90323],[-79.42149,43.89829],[-79.4209,43.89697],[-79.41939,43.8958],[-79.41552,43.89428],[-79.4127,43.89484],[-79.41179,43.89381],[-79.41055,43.89352],[-79.40854,43.89176],[-79.40696,43.89166],[-79.40668,43.89078],[-79.40473,43.88893],[-79.40046,43.8875],[-79.39902,43.88774],[-79.39724,43.8858],[-79.39561,43.88556],[-79.39475,43.88438],[-79.39315,43.88387],[-79.39303,43.88325],[-79.39227,43.88299],[-79.39138,43.88181],[-79.3914,43.87929],[-79.38838,43.87694],[-79.38463,43.87653],[-79.38423,43.8761],[-79.38203,43.87548],[-79.38095,43.87411],[-79.37743,43.87355],[-79.37466,43.87255],[-79.37432,43.87195],[-79.37328,43.8716],[-79.37307,43.87065],[-79.37057,43.8697],[-79.37026,43.86932],[-79.37095,43.86848],[-79.37071,43.86786],[-79.36726,43.86722],[-79.3666,43.86677],[-79.36642,43.86579],[-79.36731,43.86549],[-79.36752,43.86484],[-79.36671,43.86386],[-79.365,43.86348],[-79.36464,43.86199],[-79.36328,43.86166],[-79.36011,43.86175],[-79.35922,43.86131],[-79.35906,43.85962],[-79.35777,43.85868],[-79.35622,43.8584],[-79.35555,43.8571],[-79.35431,43.85674],[-79.35403,43.85566],[-79.35277,43.8552],[-79.35057,43.85525],[-79.34994,43.85482],[-79.35136,43.85278],[-79.34987,43.8518],[-79.34902,43.85053],[-79.3474,43.8501],[-79.34643,43.84901],[-79.34362,43.84867],[-79.34303,43.84806],[-79.34188,43.84792],[-79.33937,43.84643],[-79.33812,43.84651],[-79.3369,43.84719],[-79.33471,43.84694],[-79.33347,43.84731],[-79.3331,43.8482],[-79.33416,43.84963],[-79.332,43.85005],[-79.32858,43.85334],[-79.32759,43.85342],[-79.32581,43.85476],[-79.32444,43.85435],[-79.32259,43.85479],[-79.32136,43.85403],[-79.3204,43.85414],[-79.31844,43.85352],[-79.31732,43.85407],[-79.31651,43.85554],[-79.31688,43.85672],[-79.31576,43.85694],[-79.31391,43.85822],[-79.31097,43.85856],[-79.31015,43.85777],[-79.30926,43.85759],[-79.30726,43.85803],[-79.30617,43.85893],[-79.30658,43.85971],[-79.30615,43.86036],[-79.30775,43.86192],[-79.3068,43.86279],[-79.30594,43.86491],[-79.30368,43.86492],[-79.30244,43.86556],[-79.30213,43.86488],[-79.30299,43.86462],[-79.30325,43.86412],[-79.30227,43.86318],[-79.30104,43.86317],[-79.29857,43.864],[-79.29594,43.86433],[-79.29448,43.86309],[-79.29086,43.86207],[-79.28951,43.8626],[-79.28786,43.86484],[-79.28643,43.86432],[-79.28596,43.86267],[-79.28476,43.86171],[-79.27998,43.8613],[-79.27894,43.86008],[-79.27762,43.85957],[-79.27309,43.85932],[-79.27151,43.85998],[-79.2716,43.86119],[-79.26931,43.86166],[-79.26807,43.86273],[-79.26439,43.86408],[-79.26386,43.86473],[-79.26396,43.86562],[-79.26109,43.86578],[-79.26009,43.86621],[-79.25974,43.86716],[-79.26047,43.86855],[-79.25829,43.86816],[-79.25604,43.86867],[-79.25457,43.86954],[-79.25418,43.87022],[-79.2533,43.8703],[-79.25097,43.86929],[-79.24974,43.86765],[-79.2513,43.86764],[-79.2525,43.86682],[-79.2524,43.86488],[-79.25158,43.86439],[-79.25042,43.86439],[-79.25008,43.86369],[-79.24926,43.86329],[-79.24651,43.86333],[-79.2463,43.86101],[-79.24428,43.85913],[-79.24173,43.85835],[-79.23988,43.85904],[-79.23877,43.85856],[-79.23553,43.85903],[-79.235,43.85845],[-79.23267,43.85752],[-79.2329,43.85571],[-79.23502,43.85415],[-79.23609,43.85249],[-79.23653,43.85011],[-79.23559,43.8495],[-79.23334,43.84991],[-79.23177,43.8495],[-79.23239,43.84499],[-79.23172,43.84433],[-79.2297,43.84351],[-79.22862,43.84192],[-79.22698,43.84226],[-79.22847,43.84435],[-79.2306,43.84553],[-79.23016,43.8467],[-79.23035,43.85009],[-79.23226,43.85109],[-79.23472,43.85082],[-79.23469,43.85181],[-79.23355,43.85279],[-79.23349,43.85359],[-79.23127,43.85545],[-79.23097,43.85752],[-79.23133,43.8583],[-79.23387,43.85935],[-79.23418,43.86015],[-79.2349,43.86051],[-79.23853,43.85978],[-79.23973,43.86024],[-79.24072,43.86016],[-79.24151,43.85962],[-79.24311,43.86004],[-79.24484,43.86161],[-79.24485,43.86358],[-79.24534,43.86426],[-79.24632,43.86461],[-79.24841,43.86436],[-79.24958,43.86548],[-79.25104,43.86567],[-79.25087,43.86642],[-79.2487,43.86655],[-79.24732,43.86751],[-79.24739,43.86825],[-79.24849,43.86845],[-79.24927,43.86975],[-79.24822,43.8712],[-79.24824,43.87261],[-79.24929,43.87383],[-79.25517,43.87608],[-79.25372,43.87739],[-79.2537,43.87873],[-79.25313,43.87964],[-79.25382,43.88268],[-79.25445,43.88444],[-79.25638,43.88678],[-79.25915,43.88652],[-79.26093,43.89242],[-79.25991,43.89304],[-79.25994,43.89491],[-79.26073,43.89705],[-79.26219,43.89776],[-79.26195,43.90374],[-79.26258,43.9042],[-79.26379,43.90403],[-79.26391,43.90633],[-79.26454,43.90733],[-79.26588,43.9081],[-79.26746,43.90804],[-79.26859,43.90903]]]}},{"type":"Feature","properties":{"OGF_ID":31,"DESIGNATION":"Urban River Valley","EFFECTIVE_DATETIME":"2017-05-18","SYSTEM_DATETIME":"2023-12-14"},"geometry":{"type":"Polygon","coordinates":[[[-78.57378,43.92197],[-78.57453,43.92197],[-78.57352,43.92012],[-78.57388,43.91973],[-78.57469,43.91974],[-78.57614,43.91844],[-78.57706,43.91849],[-78.57851,43.91769],[-78.57838,43.91689],[-78.57709,43.91642],[-78.57758,43.91588],[-78.57748,43.91486],[-78.57895,43.9142],[-78.57902,43.91285],[-78.58084,43.91107],[-78.58142,43.90916],[-78.58379,43.90817],[-78.5836,43.90589],[-78.58453,43.90454],[-78.5831,43.90299],[-78.58581,43.90233],[-78.58265,43.89886],[-78.57923,43.89842],[-78.57778,43.8976],[-78.57664,43.89572],[-78.57589,43.89547],[-78.57814,43.89865],[-78.5798,43.899],[-78.58065,43.90113],[-78.58195,43.9017],[-78.58152,43.9033],[-78.58285,43.90467],[-78.58213,43.90568],[-78.58243,43.90712],[-78.58007,43.90854],[-78.57993,43.9093],[-78.57911,43.90987],[-78.57941,43.91068],[-78.57799,43.91202],[-78.57813,43.91233],[-78.57578,43.91496],[-78.57561,43.91721],[-78.57392,43.91809],[-78.57193,43.91989],[-78.57212,43.92106],[-78.57378,43.92197]]]}},{"type":"Feature","properties":{"OGF_ID":32,"DESIGNATION":"Urban River Valley","EFFECTIVE_DATETIME":"2017-05-18","SYSTEM_DATETIME":"2023-12-14"},"geometry":{"type":"Polygon","coordinates":[[[-78.88365,43.96785],[-78.88398,43.96794],[-78.88574,43.96794],[-78.88572,43.96706],[-78.88444,43.9666],[-78.88567,43.96569],[-78.88554,43.96474],[-78.88498,43.96431],[-78.88558,43.96381],[-78.88547,43.96303],[-78.88643,43.9624],[-78.88556,43.96015],[-78.88621,43.95979],[-78.88648,43.95899],[-78.88871,43.95838],[-78.88908,43.95795],[-78.88808,43.95681],[-78.8887,43.9562],[-78.88842,43.95541],[-78.88896,43.95508],[-78.88938,43.95382],[-78.88861,43.95203],[-78.88896,43.95121],[-78.8878,43.94939],[-78.88832,43.94894],[-78.8886,43.94711],[-78.88721,43.94579],[-78.88745,43.94489],[-78.88657,43.94387],[-78.88566,43.94376],[-78.88233,43.9448],[-78.88253,43.94324],[-78.88113,43.94278],[-78.88232,43.94197],[-78.88205,43.94082],[-78.88429,43.93731],[-78.88564,43.93721],[-78.88575,43.93609],[-78.88646,43.93545],[-78.88966,43.93471],[-78.89124,43.93392],[-78.89299,43.93423],[-78.89422,43.93361],[-78.89469,43.93415],[-78.89396,43.93436],[-78.89361,43.93498],[-78.89469,43.93771],[-78.89542,43.93843],[-78.89772,43.93847],[-78.8978,43.9395],[-78.89911,43.9407],[-78.89876,43.94235],[-78.89966,43.9429],[-78.90164,43.94328],[-78.90166,43.94423],[-78.90239,43.94462],[-78.9025,43.9463],[-78.90424,43.94713],[-78.90613,43.94641],[-78.90758,43.94761],[-78.90941,43.94803],[-78.91052,43.94869],[-78.91081,43.94986],[-78.91264,43.95101],[-78.91375,43.95116],[-78.91355,43.95194],[-78.91637,43.95554],[-78.92082,43.95751],[-78.92323,43.95749],[-78.92386,43.95804],[-78.92369,43.9588],[-78.92472,43.95946],[-78.92633,43.95937],[-78.92764,43.95854],[-78.92729,43.95816],[-78.92576,43.95795],[-78.92377,43.95628],[-78.92263,43.9561],[-78.92154,43.95644],[-78.92113,43.95591],[-78.92024,43.9559],[-78.91749,43.95477],[-78.9155,43.95203],[-78.91504,43.95003],[-78.91364,43.95002],[-78.91174,43.9477],[-78.91084,43.94761],[-78.90702,43.94546],[-78.90464,43.94558],[-78.9039,43.94473],[-78.90327,43.94266],[-78.90205,43.94199],[-78.90024,43.94184],[-78.90082,43.94057],[-78.89918,43.93908],[-78.89931,43.93815],[-78.89855,43.93755],[-78.89684,43.93717],[-78.89647,43.93644],[-78.8974,43.93505],[-78.89723,43.93371],[-78.89287,43.93175],[-78.89197,43.93012],[-78.89183,43.92786],[-78.89111,43.92735],[-78.89,43.92724],[-78.88834,43.92482],[-78.88634,43.92411],[-78.88716,43.92221],[-78.88479,43.92026],[-78.88479,43.91859],[-78.88389,43.91771],[-78.88369,43.91674],[-78.88263,43.9159],[-78.88106,43.91608],[-78.88037,43.91556],[-78.88089,43.91476],[-78.88041,43.91327],[-78.87894,43.91198],[-78.87977,43.91141],[-78.88028,43.91008],[-78.87919,43.90842],[-78.87753,43.90701],[-78.87733,43.9062],[-78.87557,43.90505],[-78.87633,43.90421],[-78.87635,43.90331],[-78.87047,43.89904],[-78.86984,43.89697],[-78.86801,43.89526],[-78.86702,43.89355],[-78.86526,43.8878],[-78.86374,43.88499],[-78.86296,43.88405],[-78.86202,43.88398],[-78.8599,43.88291],[-78.85977,43.88138],[-78.85867,43.88025],[-78.85913,43.87897],[-78.85691,43.87595],[-78.85546,43.87569],[-78.85361,43.87673],[-78.85281,43.8758],[-78.85378,43.87408],[-78.85355,43.87313],[-78.85131,43.87181],[-78.84898,43.87208],[-78.84807,43.87101],[-78.84797,43.8683],[-78.84682,43.86781],[-78.84553,43.86603],[-78.84466,43.86566],[-78.84379,43.86581],[-78.84223,43.86512],[-78.84121,43.86522],[-78.83985,43.86456],[-78.83879,43.86474],[-78.83576,43.86385],[-78.83429,43.86404],[-78.83045,43.86601],[-78.82907,43.86759],[-78.83025,43.86824],[-78.83151,43.86681],[-78.83254,43.86737],[-78.83368,43.86708],[-78.8349,43.86725],[-78.83688,43.86604],[-78.83927,43.86793],[-78.84044,43.86802],[-78.84131,43.86739],[-78.84201,43.86737],[-78.84262,43.86838],[-78.84403,43.86807],[-78.84528,43.86903],[-78.84576,43.86869],[-78.84666,43.86889],[-78.84617,43.86989],[-78.8466,43.87054],[-78.84639,43.87115],[-78.84785,43.8728],[-78.84959,43.87344],[-78.85076,43.87281],[-78.85231,43.87375],[-78.85109,43.87593],[-78.85128,43.87651],[-78.85337,43.87786],[-78.85479,43.87774],[-78.85583,43.87677],[-78.85684,43.87781],[-78.85756,43.87907],[-78.85707,43.88039],[-78.85826,43.88181],[-78.8585,43.88332],[-78.86238,43.88543],[-78.86382,43.88807],[-78.86579,43.89458],[-78.8683,43.89749],[-78.86901,43.8996],[-78.87475,43.90376],[-78.87396,43.90444],[-78.87402,43.90536],[-78.8759,43.90683],[-78.8761,43.90762],[-78.87702,43.90818],[-78.87864,43.91029],[-78.87725,43.91183],[-78.87754,43.91265],[-78.87861,43.91322],[-78.87903,43.91469],[-78.87831,43.91531],[-78.87822,43.91628],[-78.87958,43.91665],[-78.88097,43.91766],[-78.88225,43.91727],[-78.88222,43.91795],[-78.8832,43.91906],[-78.88308,43.9206],[-78.8852,43.92251],[-78.88487,43.92454],[-78.88725,43.92557],[-78.88891,43.92808],[-78.89062,43.92851],[-78.89054,43.93045],[-78.89141,43.93149],[-78.89144,43.93222],[-78.89262,43.93311],[-78.89138,43.93268],[-78.89025,43.93311],[-78.88931,43.93303],[-78.88859,43.93372],[-78.88532,43.93466],[-78.88297,43.93675],[-78.88058,43.94043],[-78.88053,43.94157],[-78.87943,43.94253],[-78.87979,43.94342],[-78.88077,43.94394],[-78.88056,43.94512],[-78.88165,43.94579],[-78.88244,43.94591],[-78.88591,43.94496],[-78.88553,43.94625],[-78.88656,43.9468],[-78.88666,43.94821],[-78.88573,43.94896],[-78.88553,43.9497],[-78.88639,43.95021],[-78.88645,43.95238],[-78.88741,43.95291],[-78.88788,43.95381],[-78.88673,43.95478],[-78.88709,43.95594],[-78.88659,43.95698],[-78.88703,43.9577],[-78.88532,43.95828],[-78.88377,43.96022],[-78.88431,43.96218],[-78.88403,43.96347],[-78.88331,43.96426],[-78.88379,43.96501],[-78.88306,43.96527],[-78.88276,43.96592],[-78.88365,43.96785]]]}},{"type":"Feature","properties":{"OGF_ID":33,"DESIGNATION":"Urban River Valley","EFFECTIVE_DATETIME":"2017-05-18","SYSTEM_DATETIME":"2023-12-14"},"geometry":{"type":"Polygon","coordinates":[[[-78.61142,43.91606],[-78.61235,43.91519],[-78.61059,43.91308],[-78.60988,43.91129],[-78.60915,43.91093],[-78.60914,43.90999],[-78.60738,43.90945],[-78.60649,43.90808],[-78.60359,43.90587],[-78.60208,43.90565],[-78.60157,43.90267],[-78.60408,43.90059],[-78.60353,43.89833],[-78.60031,43.8975],[-78.59887,43.89749],[-78.59898,43.89672],[-78.59813,43.89587],[-78.59435,43.89606],[-78.5956,43.89735],[-78.59612,43.89867],[-78.59477,43.90027],[-78.59532,43.90147],[-78.59934,43.90182],[-78.5996,43.90543],[-78.60036,43.90524],[-78.60049,43.90622],[-78.60149,43.90666],[-78.6018,43.9073],[-78.60262,43.90742],[-78.60331,43.90738],[-78.60337,43.90743],[-78.60354,43.9077],[-78.60363,43.90778],[-78.60442,43.90829],[-78.60448,43.90834],[-78.60472,43.90921],[-78.60476,43.90927],[-78.60587,43.9097],[-78.60592,43.9097],[-78.60624,43.91023],[-78.60762,43.91054],[-78.60748,43.9114],[-78.60856,43.91195],[-78.60923,43.91353],[-78.61142,43.91606]]]}},{"type":"Feature","properties":{"OGF_ID":34,"DESIGNATION":"Urban River Valley","EFFECTIVE_DATETIME":"2017-05-18","SYSTEM_DATETIME":"2023-12-14"},"geometry":{"type":"Polygon","coordinates":[[[-78.67556,43.949],[-78.6761,43.95015],[-78.67762,43.9498],[-78.67739,43.94821],[-78.6764,43.94771],[-78.67622,43.94521],[-78.6763,43.9446],[-78.67728,43.94377],[-78.677,43.94317],[-78.67866,43.94284],[-78.67922,43.94236],[-78.67815,43.94055],[-78.67851,43.93995],[-78.6782,43.93831],[-78.67723,43.93784],[-78.6784,43.93627],[-78.67654,43.93438],[-78.67664,43.93333],[-78.67569,43.93244],[-78.67423,43.92948],[-78.67356,43.92877],[-78.67243,43.92856],[-78.67167,43.9279],[-78.67206,43.92675],[-78.67171,43.92584],[-78.66922,43.92401],[-78.66919,43.92218],[-78.66823,43.92163],[-78.66894,43.92057],[-78.66789,43.91877],[-78.66854,43.91695],[-78.66819,43.91639],[-78.66885,43.91684],[-78.67013,43.91696],[-78.67088,43.91572],[-78.67021,43.91518],[-78.67009,43.91417],[-78.66705,43.91252],[-78.66838,43.90949],[-78.66971,43.90793],[-78.66877,43.90669],[-78.67157,43.90549],[-78.67183,43.90495],[-78.67146,43.9044],[-78.67297,43.90264],[-78.67278,43.90134],[-78.6743,43.90006],[-78.6741,43.8983],[-78.67265,43.89678],[-78.67739,43.89641],[-78.67845,43.8973],[-78.68029,43.90182],[-78.6812,43.90216],[-78.68336,43.90169],[-78.68547,43.9053],[-78.6868,43.90557],[-78.68763,43.90668],[-78.6878,43.90834],[-78.6896,43.91054],[-78.69125,43.91106],[-78.69183,43.91205],[-78.69293,43.91266],[-78.69339,43.91408],[-78.69564,43.91449],[-78.6955,43.91599],[-78.6965,43.91713],[-78.69771,43.91732],[-78.69844,43.91691],[-78.70044,43.91679],[-78.6995,43.91868],[-78.70232,43.92081],[-78.7014,43.92095],[-78.70092,43.92199],[-78.69937,43.92256],[-78.69961,43.92407],[-78.70063,43.92426],[-78.70076,43.92483],[-78.70299,43.92615],[-78.70403,43.92617],[-78.7054,43.92677],[-78.70667,43.92673],[-78.70837,43.9276],[-78.71369,43.92902],[-78.71211,43.93021],[-78.71274,43.93146],[-78.71419,43.93114],[-78.71368,43.93048],[-78.71453,43.93019],[-78.71513,43.9294],[-78.71496,43.92841],[-78.70896,43.92661],[-78.70727,43.92572],[-78.70536,43.92565],[-78.70471,43.92475],[-78.70328,43.92477],[-78.70226,43.92425],[-78.70175,43.92328],[-78.7007,43.92311],[-78.70199,43.92292],[-78.70241,43.92188],[-78.7033,43.92173],[-78.7039,43.92108],[-78.7034,43.92],[-78.70094,43.91837],[-78.70201,43.91718],[-78.70193,43.91607],[-78.70078,43.91572],[-78.69765,43.9159],[-78.69696,43.91555],[-78.69732,43.91434],[-78.69698,43.91371],[-78.69466,43.91311],[-78.69427,43.91203],[-78.6932,43.91134],[-78.69232,43.91008],[-78.6911,43.90982],[-78.69028,43.90792],[-78.68911,43.90736],[-78.68925,43.90644],[-78.68827,43.90504],[-78.68844,43.90437],[-78.6877,43.90385],[-78.68768,43.90316],[-78.68667,43.90201],[-78.68544,43.90177],[-78.68522,43.90117],[-78.6839,43.9004],[-78.68155,43.90076],[-78.67996,43.89667],[-78.67805,43.89489],[-78.67718,43.89469],[-78.6762,43.89384],[-78.67445,43.89337],[-78.67373,43.89233],[-78.67343,43.89215],[-78.6719,43.89032],[-78.67176,43.88997],[-78.67016,43.88791],[-78.66517,43.88909],[-78.66446,43.88779],[-78.66423,43.88829],[-78.66608,43.89244],[-78.66688,43.89332],[-78.66888,43.89455],[-78.67088,43.89442],[-78.67142,43.8951],[-78.67087,43.89713],[-78.66915,43.8979],[-78.66931,43.89822],[-78.6707,43.89897],[-78.67249,43.8987],[-78.67263,43.89903],[-78.67268,43.89972],[-78.67118,43.90104],[-78.67147,43.90233],[-78.66961,43.90403],[-78.66974,43.90486],[-78.66718,43.90637],[-78.66717,43.90699],[-78.66789,43.9077],[-78.66765,43.90847],[-78.66671,43.90897],[-78.66688,43.90983],[-78.66546,43.91269],[-78.66784,43.91447],[-78.66724,43.91492],[-78.66729,43.9155],[-78.66593,43.91593],[-78.66628,43.9172],[-78.66575,43.91857],[-78.6662,43.91927],[-78.66601,43.91999],[-78.6666,43.92051],[-78.66654,43.92154],[-78.6675,43.92316],[-78.66736,43.92395],[-78.67052,43.92657],[-78.66967,43.92812],[-78.67209,43.93025],[-78.67297,43.93036],[-78.67359,43.93093],[-78.67414,43.93307],[-78.67475,43.93347],[-78.67462,43.93412],[-78.67656,43.93597],[-78.67588,43.93652],[-78.67545,43.93803],[-78.67583,43.93875],[-78.6766,43.939],[-78.67662,43.94069],[-78.67747,43.94186],[-78.67578,43.94218],[-78.67527,43.94331],[-78.67432,43.94389],[-78.67483,43.94611],[-78.67448,43.94688],[-78.67556,43.949]]]}},{"type":"Feature","properties":{"OGF_ID":35,"DESIGNATION":"Urban River Valley","EFFECTIVE_DATETIME":"2017-05-18","SYSTEM_DATETIME":"2023-12-14"},"geometry":{"type":"Polygon","coordinates":[[[-78.84345,43.94725],[-78.8432,43.94923],[-78.84257,43.95032],[-78.84023,43.95143],[-78.83887,43.95276],[-78.83868,43.95382],[-78.83917,43.95502],[-78.83838,43.95537],[-78.83778,43.95632],[-78.83807,43.9588],[-78.83986,43.96295],[-78.84044,43.96708],[-78.84005,43.96739],[-78.84077,43.96902],[-78.842,43.96713],[-78.84136,43.96268],[-78.84016,43.96022],[-78.83928,43.95651],[-78.84075,43.95539],[-78.84045,43.95311],[-78.84145,43.95218],[-78.84402,43.95089],[-78.84483,43.9496],[-78.84498,43.9473],[-78.84575,43.94704],[-78.84611,43.9464],[-78.84494,43.94445],[-78.84385,43.94415],[-78.84236,43.94098],[-78.84242,43.93976],[-78.84182,43.93895],[-78.84304,43.93788],[-78.84232,43.93716],[-78.84267,43.93625],[-78.84145,43.93264],[-78.84234,43.93062],[-78.84434,43.92945],[-78.84474,43.9248],[-78.84593,43.92421],[-78.8462,43.92168],[-78.84924,43.9196],[-78.84912,43.91852],[-78.84998,43.91811],[-78.84994,43.91691],[-78.84804,43.91463],[-78.84716,43.91271],[-78.84371,43.91022],[-78.84271,43.90817],[-78.84015,43.90491],[-78.83857,43.90375],[-78.8365,43.89947],[-78.83448,43.89854],[-78.82981,43.89827],[-78.82795,43.89859],[-78.82739,43.89621],[-78.82609,43.89406],[-78.82695,43.89188],[-78.82648,43.89117],[-78.82686,43.89048],[-78.82533,43.88756],[-78.82534,43.88716],[-78.82864,43.88642],[-78.8284,43.88433],[-78.82646,43.87971],[-78.82254,43.88063],[-78.82196,43.87884],[-78.82264,43.87861],[-78.8212,43.87522],[-78.81689,43.8724],[-78.81456,43.86937],[-78.811,43.86982],[-78.80781,43.86969],[-78.80157,43.86834],[-78.80224,43.8699],[-78.80318,43.87212],[-78.81073,43.87759],[-78.81287,43.88266],[-78.81744,43.8816],[-78.81872,43.88447],[-78.81805,43.88653],[-78.82014,43.88694],[-78.82051,43.88852],[-78.81993,43.88931],[-78.82053,43.89023],[-78.81928,43.89047],[-78.81771,43.89231],[-78.81777,43.89427],[-78.81562,43.89488],[-78.81445,43.8947],[-78.81314,43.89559],[-78.81187,43.8955],[-78.81094,43.89618],[-78.80967,43.89627],[-78.80919,43.89681],[-78.80802,43.89682],[-78.80741,43.89733],[-78.80749,43.89809],[-78.80641,43.89834],[-78.80563,43.89948],[-78.80329,43.8997],[-78.8022,43.90101],[-78.80184,43.90306],[-78.80302,43.90413],[-78.80188,43.90614],[-78.80065,43.90703],[-78.80036,43.90804],[-78.79325,43.91081],[-78.79244,43.91146],[-78.79048,43.91103],[-78.78567,43.91145],[-78.78369,43.91092],[-78.77954,43.91108],[-78.77461,43.91359],[-78.77342,43.91364],[-78.77162,43.91514],[-78.76898,43.91624],[-78.76947,43.91733],[-78.77199,43.91644],[-78.77433,43.91467],[-78.7758,43.91456],[-78.78024,43.91205],[-78.78264,43.91203],[-78.78572,43.91257],[-78.79041,43.91211],[-78.79284,43.91252],[-78.79965,43.90956],[-78.79907,43.9107],[-78.79984,43.9132],[-78.80146,43.91481],[-78.80251,43.91862],[-78.80342,43.91935],[-78.80274,43.91998],[-78.80337,43.92126],[-78.80234,43.92141],[-78.80167,43.92215],[-78.80219,43.92269],[-78.80194,43.92357],[-78.80301,43.92403],[-78.80277,43.92504],[-78.80337,43.92575],[-78.80576,43.92521],[-78.80393,43.92127],[-78.8037,43.92079],[-78.80467,43.92057],[-78.80475,43.91993],[-78.80569,43.91951],[-78.8057,43.91891],[-78.80402,43.91817],[-78.80353,43.91561],[-78.8029,43.91509],[-78.80288,43.91433],[-78.80133,43.91287],[-78.80062,43.91074],[-78.80174,43.90962],[-78.80197,43.90768],[-78.80322,43.90664],[-78.80351,43.90574],[-78.80425,43.90565],[-78.80474,43.90513],[-78.80453,43.90362],[-78.80368,43.90308],[-78.80423,43.90247],[-78.80375,43.90131],[-78.80478,43.90053],[-78.80683,43.90035],[-78.80748,43.89919],[-78.80883,43.89866],[-78.80899,43.89791],[-78.80994,43.89792],[-78.81056,43.89734],[-78.81177,43.89741],[-78.81235,43.89654],[-78.81374,43.89666],[-78.81476,43.89582],[-78.81623,43.89612],[-78.81726,43.89539],[-78.81875,43.89509],[-78.81935,43.89425],[-78.81931,43.8924],[-78.82025,43.89134],[-78.82143,43.89153],[-78.82241,43.89095],[-78.82229,43.89007],[-78.82164,43.88949],[-78.82202,43.88849],[-78.82166,43.88717],[-78.82385,43.8874],[-78.82498,43.88993],[-78.82399,43.89115],[-78.82508,43.89209],[-78.82458,43.8942],[-78.82596,43.89652],[-78.8267,43.89939],[-78.82749,43.89972],[-78.82983,43.89935],[-78.83423,43.89961],[-78.83539,43.9002],[-78.83726,43.90427],[-78.83889,43.90551],[-78.84117,43.90839],[-78.84251,43.91092],[-78.84594,43.91343],[-78.84641,43.91508],[-78.84779,43.91611],[-78.84836,43.91718],[-78.84757,43.91822],[-78.84781,43.91906],[-78.84567,43.92024],[-78.84484,43.92119],[-78.84453,43.92368],[-78.84322,43.92447],[-78.84334,43.92618],[-78.8425,43.92899],[-78.84104,43.93006],[-78.83996,43.9324],[-78.84107,43.93605],[-78.84051,43.93707],[-78.84116,43.93786],[-78.84024,43.93904],[-78.84089,43.94121],[-78.84268,43.94488],[-78.84446,43.94603],[-78.84345,43.94725]]]}},{"type":"Feature","properties":{"OGF_ID":36,"DESIGNATION":"Urban River Valley","EFFECTIVE_DATETIME":"2017-05-18","SYSTEM_DATETIME":"2023-12-14"},"geometry":{"type":"Polygon","coordinates":[[[-79.76608,43.42292],[-79.76442,43.42303],[-79.7631,43.42361],[-79.76089,43.42356],[-79.75904,43.42466],[-79.75724,43.42341],[-79.75556,43.42365],[-79.75373,43.4221],[-79.75258,43.42356],[-79.75097,43.42236],[-79.75194,43.4218],[-79.75254,43.42206],[-79.75374,43.42177],[-79.75265,43.42126],[-79.75061,43.42131],[-79.74827,43.42209],[-79.74741,43.42195],[-79.74557,43.42313],[-79.74188,43.42217],[-79.73932,43.42356],[-79.73855,43.42233],[-79.73754,43.42191],[-79.73602,43.42195],[-79.73528,43.42232],[-79.7334,43.42162],[-79.72992,43.42267],[-79.72906,43.42291],[-79.72924,43.42297],[-79.72933,43.42366],[-79.7295,43.42486],[-79.72903,43.42548],[-79.73198,43.42547],[-79.73351,43.42407],[-79.73619,43.42446],[-79.73932,43.42597],[-79.74026,43.42569],[-79.74215,43.42412],[-79.74313,43.42421],[-79.74475,43.42498],[-79.74705,43.42523],[-79.74564,43.42618],[-79.74786,43.42752],[-79.74919,43.4266],[-79.74965,43.42695],[-79.75122,43.4255],[-79.75363,43.42723],[-79.7564,43.42468],[-79.75685,43.4247],[-79.75745,43.42554],[-79.75956,43.42573],[-79.76138,43.42459],[-79.76347,43.42473],[-79.76569,43.42402],[-79.76807,43.42625],[-79.77094,43.42684],[-79.77111,43.42775],[-79.77326,43.42898],[-79.77557,43.42908],[-79.77682,43.42999],[-79.77828,43.43005],[-79.77861,43.43071],[-79.78177,43.43288],[-79.78313,43.43346],[-79.78677,43.4341],[-79.78812,43.4361],[-79.78752,43.4372],[-79.78795,43.43935],[-79.78907,43.44045],[-79.79293,43.44046],[-79.79367,43.43944],[-79.78939,43.43904],[-79.78901,43.43722],[-79.78959,43.43571],[-79.78784,43.43327],[-79.7826,43.43198],[-79.77994,43.43009],[-79.78021,43.42928],[-79.77919,43.42863],[-79.77824,43.42854],[-79.77761,43.42899],[-79.77599,43.42759],[-79.77477,43.42793],[-79.77366,43.4278],[-79.77241,43.42707],[-79.77193,43.42594],[-79.76919,43.42544],[-79.76658,43.42309],[-79.76608,43.42292]]]}},{"type":"Feature","properties":{"OGF_ID":37,"DESIGNATION":"Urban River Valley","EFFECTIVE_DATETIME":"2017-05-18","SYSTEM_DATETIME":"2023-12-14"},"geometry":{"type":"Polygon","coordinates":[[[-79.64525,43.84049],[-79.64399,43.84113],[-79.64368,43.84248],[-79.64289,43.84329],[-79.64283,43.84429],[-79.64349,43.84413],[-79.64734,43.8432],[-79.64653,43.84094],[-79.64525,43.84049]]]}},{"type":"Feature","properties":{"OGF_ID":38,"DESIGNATION":"Urban River Valley","EFFECTIVE_DATETIME":"2017-05-18","SYSTEM_DATETIME":"2023-12-14"},"geometry":{"type":"Polygon","coordinates":[[[-79.63806,43.84366],[-79.63707,43.84427],[-79.63745,43.84548],[-79.63908,43.8451],[-79.63896,43.84467],[-79.63997,43.84369],[-79.63952,43.84267],[-79.6363,43.84151],[-79.63444,43.84153],[-79.63212,43.84049],[-79.63065,43.84038],[-79.6297,43.84078],[-79.62919,43.84052],[-79.63021,43.83964],[-79.63027,43.83886],[-79.63125,43.83837],[-79.63188,43.83561],[-79.63129,43.83414],[-79.63026,43.83349],[-79.63046,43.83277],[-79.62974,43.83213],[-79.63038,43.83102],[-79.629,43.82939],[-79.63025,43.82841],[-79.6328,43.82961],[-79.63606,43.82868],[-79.6363,43.82748],[-79.63445,43.82521],[-79.63417,43.82401],[-79.63552,43.8246],[-79.63648,43.82451],[-79.63733,43.82255],[-79.63564,43.82035],[-79.63142,43.81868],[-79.63051,43.81794],[-79.63078,43.81691],[-79.62895,43.81364],[-79.62756,43.80979],[-79.62637,43.80932],[-79.62353,43.8098],[-79.623,43.80902],[-79.62387,43.80912],[-79.62449,43.80875],[-79.62595,43.80702],[-79.6259,43.80607],[-79.62451,43.80548],[-79.62346,43.80405],[-79.62135,43.80381],[-79.61949,43.80492],[-79.61861,43.80615],[-79.61841,43.80769],[-79.61716,43.80799],[-79.61778,43.80631],[-79.61777,43.80462],[-79.61715,43.80409],[-79.61742,43.80298],[-79.61648,43.80244],[-79.6144,43.80258],[-79.61346,43.80014],[-79.61114,43.79962],[-79.6091,43.79971],[-79.60915,43.79775],[-79.60788,43.79673],[-79.6039,43.7968],[-79.60113,43.79787],[-79.6006,43.79752],[-79.60047,43.79726],[-79.60269,43.79559],[-79.60237,43.79447],[-79.59792,43.79339],[-79.59613,43.79129],[-79.59411,43.79029],[-79.59301,43.78872],[-79.59087,43.78798],[-79.5903,43.78551],[-79.59237,43.78394],[-79.59296,43.78179],[-79.59222,43.78014],[-79.58968,43.77791],[-79.59017,43.77702],[-79.58984,43.77623],[-79.58832,43.77577],[-79.58654,43.77644],[-79.58573,43.77717],[-79.58513,43.77672],[-79.584,43.77659],[-79.58356,43.77606],[-79.58394,43.77454],[-79.58556,43.77268],[-79.58792,43.77135],[-79.58872,43.77029],[-79.58849,43.76933],[-79.58775,43.76898],[-79.58417,43.7693],[-79.58387,43.76745],[-79.58256,43.76555],[-79.58259,43.76441],[-79.58161,43.76387],[-79.58156,43.76284],[-79.57961,43.76166],[-79.58147,43.76056],[-79.58162,43.7593],[-79.58377,43.75941],[-79.58457,43.75912],[-79.58479,43.75779],[-79.58598,43.7571],[-79.58592,43.7558],[-79.58498,43.7551],[-79.58518,43.75428],[-79.58399,43.75342],[-79.58379,43.75235],[-79.57823,43.74977],[-79.57542,43.74936],[-79.5735,43.74965],[-79.5743,43.74766],[-79.57343,43.74649],[-79.56451,43.74479],[-79.56305,43.74395],[-79.56338,43.74313],[-79.56284,43.74238],[-79.56164,43.74192],[-79.55925,43.74191],[-79.55925,43.74123],[-79.55821,43.74038],[-79.55655,43.74066],[-79.55596,43.74144],[-79.55596,43.74262],[-79.55405,43.74258],[-79.55108,43.74359],[-79.55072,43.7434],[-79.55125,43.74244],[-79.55087,43.74186],[-79.54929,43.74114],[-79.54792,43.74118],[-79.54701,43.74049],[-79.54903,43.73936],[-79.54924,43.73864],[-79.55061,43.73827],[-79.55134,43.73682],[-79.55094,43.73559],[-79.5514,43.73475],[-79.55127,43.73342],[-79.54998,43.7325],[-79.55065,43.73187],[-79.55052,43.73095],[-79.5551,43.73003],[-79.55661,43.72835],[-79.55725,43.72834],[-79.55904,43.7295],[-79.56628,43.73247],[-79.56718,43.7346],[-79.56915,43.73634],[-79.57233,43.73671],[-79.57427,43.73629],[-79.57667,43.73474],[-79.58072,43.73342],[-79.5814,43.73197],[-79.5801,43.72919],[-79.581,43.72903],[-79.58491,43.72967],[-79.58689,43.72941],[-79.5906,43.7267],[-79.59272,43.72617],[-79.59331,43.72443],[-79.59528,43.72401],[-79.59685,43.7247],[-79.59762,43.72543],[-79.59734,43.72673],[-79.59785,43.7276],[-79.59964,43.72838],[-79.60123,43.72796],[-79.60228,43.7268],[-79.60406,43.72698],[-79.60594,43.72638],[-79.60699,43.72399],[-79.60894,43.72388],[-79.61118,43.72315],[-79.61322,43.7245],[-79.61291,43.72639],[-79.61418,43.72835],[-79.61573,43.7289],[-79.61674,43.73025],[-79.61812,43.73114],[-79.62107,43.73199],[-79.62283,43.73556],[-79.6294,43.73786],[-79.63125,43.73988],[-79.63195,43.74193],[-79.63528,43.74424],[-79.63621,43.74576],[-79.63697,43.74618],[-79.63907,43.74635],[-79.64348,43.74979],[-79.64507,43.74975],[-79.64642,43.7486],[-79.6483,43.74836],[-79.64877,43.74921],[-79.6508,43.75014],[-79.65316,43.75017],[-79.65497,43.7494],[-79.65656,43.74971],[-79.65805,43.75105],[-79.65937,43.75123],[-79.66109,43.75043],[-79.66295,43.75063],[-79.66366,43.74939],[-79.66471,43.74933],[-79.66534,43.74885],[-79.66738,43.74902],[-79.66782,43.7509],[-79.66667,43.75247],[-79.66762,43.75385],[-79.66925,43.75409],[-79.67113,43.7537],[-79.67264,43.75231],[-79.67387,43.75224],[-79.67446,43.75384],[-79.67413,43.75499],[-79.67528,43.75579],[-79.67553,43.75673],[-79.67671,43.7579],[-79.6784,43.75898],[-79.68142,43.75977],[-79.68316,43.76095],[-79.68064,43.76165],[-79.6794,43.76267],[-79.67905,43.76335],[-79.67994,43.76576],[-79.67735,43.76709],[-79.67674,43.76782],[-79.6769,43.76906],[-79.67918,43.7708],[-79.6763,43.7716],[-79.67604,43.77234],[-79.67666,43.77348],[-79.67848,43.77455],[-79.67977,43.77485],[-79.68082,43.77497],[-79.68243,43.77442],[-79.68352,43.77468],[-79.6819,43.77516],[-79.68058,43.77725],[-79.67931,43.77768],[-79.67928,43.77936],[-79.68007,43.77995],[-79.68187,43.78039],[-79.68411,43.77977],[-79.68776,43.77685],[-79.68987,43.77705],[-79.69066,43.77952],[-79.69131,43.78009],[-79.69168,43.78293],[-79.69233,43.7833],[-79.69362,43.78324],[-79.69473,43.78395],[-79.69415,43.78488],[-79.69435,43.78612],[-79.69723,43.78785],[-79.69665,43.78832],[-79.69624,43.78978],[-79.69766,43.79099],[-79.69882,43.79123],[-79.69776,43.79424],[-79.69904,43.79545],[-79.70094,43.79494],[-79.702,43.79558],[-79.70247,43.79644],[-79.70347,43.79661],[-79.70371,43.79717],[-79.70539,43.79796],[-79.70603,43.80001],[-79.70808,43.80153],[-79.70755,43.8024],[-79.7083,43.80318],[-79.71166,43.8038],[-79.71533,43.8056],[-79.71637,43.80879],[-79.71589,43.80944],[-79.71632,43.81038],[-79.71418,43.81217],[-79.71391,43.81312],[-79.71606,43.81439],[-79.71551,43.81541],[-79.71716,43.81738],[-79.71864,43.81723],[-79.72161,43.81902],[-79.72256,43.81889],[-79.72288,43.81824],[-79.72338,43.81865],[-79.72317,43.82051],[-79.72462,43.82198],[-79.72519,43.82146],[-79.72555,43.82114],[-79.72503,43.82031],[-79.7252,43.81846],[-79.72416,43.81736],[-79.72296,43.81711],[-79.72149,43.81763],[-79.72046,43.8164],[-79.71817,43.81615],[-79.7176,43.81534],[-79.71791,43.81481],[-79.71758,43.81349],[-79.71575,43.81279],[-79.71803,43.81044],[-79.71746,43.80962],[-79.71789,43.80868],[-79.71757,43.80686],[-79.71689,43.8059],[-79.71703,43.80504],[-79.7162,43.80434],[-79.71522,43.80428],[-79.7123,43.80279],[-79.70938,43.80216],[-79.70931,43.80076],[-79.70738,43.79953],[-79.70741,43.79817],[-79.7065,43.79713],[-79.70539,43.79669],[-79.70532,43.79599],[-79.70366,43.79549],[-79.70361,43.79483],[-79.70262,43.79454],[-79.70206,43.79378],[-79.69952,43.79347],[-79.70069,43.79067],[-79.69853,43.7901],[-79.6978,43.78946],[-79.69808,43.78884],[-79.69941,43.78834],[-79.69956,43.78748],[-79.69874,43.78637],[-79.69736,43.78657],[-79.6957,43.78564],[-79.69566,43.78492],[-79.69671,43.78438],[-79.69688,43.78374],[-79.69514,43.78291],[-79.69473,43.78207],[-79.69315,43.78187],[-79.69285,43.77999],[-79.692,43.77882],[-79.69129,43.77639],[-79.68988,43.7759],[-79.68709,43.77584],[-79.68614,43.7768],[-79.68419,43.77755],[-79.68313,43.77893],[-79.68144,43.77917],[-79.68067,43.7789],[-79.6806,43.77846],[-79.68196,43.77771],[-79.68228,43.7767],[-79.68308,43.77599],[-79.68476,43.77541],[-79.68528,43.77466],[-79.68497,43.77404],[-79.68357,43.77334],[-79.68021,43.7738],[-79.6779,43.77283],[-79.67765,43.77232],[-79.68009,43.77168],[-79.68066,43.77102],[-79.68023,43.76971],[-79.67818,43.76822],[-79.68112,43.76652],[-79.6815,43.76539],[-79.68062,43.76334],[-79.68138,43.76268],[-79.68473,43.76184],[-79.6878,43.76369],[-79.68821,43.76526],[-79.68785,43.76611],[-79.68886,43.76712],[-79.69028,43.76702],[-79.69112,43.76765],[-79.69248,43.76762],[-79.69351,43.76672],[-79.69571,43.76592],[-79.6958,43.76646],[-79.69674,43.76703],[-79.69742,43.76875],[-79.69885,43.76953],[-79.70044,43.76934],[-79.70077,43.76803],[-79.70235,43.76954],[-79.70427,43.76943],[-79.70549,43.76865],[-79.70685,43.76894],[-79.70812,43.7707],[-79.70911,43.77129],[-79.71129,43.77156],[-79.71239,43.7711],[-79.71362,43.77186],[-79.71625,43.77242],[-79.71913,43.77407],[-79.71856,43.77597],[-79.72163,43.77888],[-79.72628,43.78068],[-79.7276,43.78021],[-79.72961,43.78104],[-79.73135,43.78085],[-79.73233,43.78198],[-79.73358,43.78185],[-79.73437,43.78102],[-79.73507,43.78147],[-79.73498,43.78333],[-79.73568,43.78389],[-79.73864,43.78411],[-79.7419,43.78542],[-79.74748,43.7853],[-79.7486,43.78494],[-79.74998,43.78534],[-79.75145,43.78469],[-79.75266,43.78526],[-79.75496,43.78468],[-79.75642,43.78506],[-79.75729,43.78432],[-79.76195,43.78325],[-79.76381,43.78359],[-79.76706,43.78594],[-79.7681,43.78516],[-79.76649,43.78355],[-79.76522,43.78317],[-79.76443,43.7824],[-79.76251,43.78214],[-79.76045,43.78228],[-79.75857,43.78306],[-79.7568,43.78291],[-79.75587,43.78365],[-79.75406,43.78346],[-79.75277,43.78379],[-79.75151,43.78316],[-79.75026,43.78395],[-79.74944,43.78366],[-79.74743,43.78417],[-79.74218,43.78436],[-79.73778,43.78259],[-79.73647,43.78276],[-79.73683,43.78077],[-79.73503,43.77939],[-79.73402,43.7794],[-79.73272,43.78038],[-79.73136,43.77945],[-79.72999,43.7798],[-79.72863,43.77917],[-79.72649,43.77932],[-79.72494,43.77885],[-79.72414,43.778],[-79.72299,43.77815],[-79.72009,43.77577],[-79.72063,43.77408],[-79.72015,43.77325],[-79.72224,43.77237],[-79.72557,43.77284],[-79.72751,43.772],[-79.72861,43.77212],[-79.72938,43.77278],[-79.73048,43.773],[-79.73344,43.77152],[-79.73849,43.77104],[-79.73995,43.77045],[-79.74081,43.76964],[-79.74237,43.76931],[-79.7463,43.76967],[-79.74793,43.76931],[-79.74859,43.77003],[-79.75029,43.77019],[-79.75269,43.77009],[-79.75471,43.76935],[-79.75807,43.76956],[-79.76297,43.77109],[-79.76593,43.77123],[-79.76711,43.77086],[-79.77212,43.77105],[-79.77386,43.77023],[-79.77451,43.76937],[-79.77745,43.76925],[-79.78178,43.771],[-79.78302,43.77111],[-79.7841,43.77007],[-79.78256,43.76993],[-79.77766,43.76816],[-79.77367,43.76841],[-79.77208,43.76973],[-79.76904,43.76993],[-79.7673,43.76958],[-79.76538,43.77008],[-79.7604,43.76926],[-79.75845,43.76846],[-79.75647,43.76851],[-79.75561,43.76808],[-79.75425,43.76815],[-79.75233,43.769],[-79.74971,43.76885],[-79.74764,43.76767],[-79.74637,43.76836],[-79.74236,43.76793],[-79.73983,43.76848],[-79.73882,43.7696],[-79.73783,43.77001],[-79.73347,43.77033],[-79.73009,43.77174],[-79.72939,43.77107],[-79.72753,43.77063],[-79.72557,43.77158],[-79.72276,43.771],[-79.72152,43.77114],[-79.71954,43.77211],[-79.71421,43.77085],[-79.71257,43.77001],[-79.70948,43.77013],[-79.70782,43.76767],[-79.70513,43.76753],[-79.70388,43.76828],[-79.70321,43.76826],[-79.7025,43.76766],[-79.7031,43.7673],[-79.70315,43.76674],[-79.70229,43.76615],[-79.70004,43.76643],[-79.69914,43.7681],[-79.69751,43.766],[-79.69748,43.76529],[-79.69608,43.76472],[-79.69237,43.76583],[-79.69192,43.76658],[-79.69075,43.76587],[-79.68941,43.76606],[-79.68992,43.765],[-79.68907,43.76304],[-79.68237,43.75892],[-79.67906,43.75801],[-79.67695,43.75634],[-79.67685,43.75519],[-79.67558,43.7547],[-79.67648,43.7541],[-79.67666,43.75339],[-79.67564,43.75274],[-79.67509,43.75144],[-79.67364,43.75094],[-79.67203,43.75114],[-79.6706,43.75256],[-79.66874,43.75287],[-79.66842,43.75243],[-79.66923,43.7517],[-79.66951,43.75071],[-79.66903,43.7494],[-79.66936,43.74864],[-79.66864,43.74789],[-79.66596,43.74771],[-79.66454,43.74724],[-79.66352,43.74815],[-79.66247,43.74842],[-79.66186,43.74919],[-79.66069,43.74901],[-79.65899,43.74997],[-79.65766,43.74872],[-79.65541,43.74816],[-79.65407,43.74828],[-79.65275,43.74891],[-79.65127,43.74889],[-79.65018,43.74837],[-79.6499,43.74755],[-79.6491,43.74711],[-79.64629,43.74723],[-79.6447,43.74809],[-79.64301,43.74754],[-79.64272,43.74639],[-79.64102,43.74523],[-79.64006,43.74272],[-79.63677,43.74095],[-79.63535,43.74112],[-79.63477,43.73843],[-79.63593,43.73745],[-79.6357,43.73636],[-79.63273,43.73549],[-79.63058,43.73584],[-79.63005,43.73629],[-79.6287,43.73633],[-79.62428,43.73489],[-79.62218,43.73111],[-79.61909,43.7302],[-79.618,43.72951],[-79.61705,43.72811],[-79.61536,43.72736],[-79.61458,43.72593],[-79.61475,43.72499],[-79.61541,43.7245],[-79.61519,43.72394],[-79.61161,43.72203],[-79.60828,43.7227],[-79.60675,43.72264],[-79.60513,43.7237],[-79.60464,43.72552],[-79.60389,43.72568],[-79.60283,43.72533],[-79.60156,43.72568],[-79.59973,43.72722],[-79.599,43.7265],[-79.59911,43.72488],[-79.59731,43.72339],[-79.59503,43.72276],[-79.59245,43.72334],[-79.59138,43.7242],[-79.59121,43.72518],[-79.58928,43.7259],[-79.58597,43.7284],[-79.58122,43.72768],[-79.57899,43.72823],[-79.57841,43.72926],[-79.57982,43.73208],[-79.57937,43.7327],[-79.5768,43.73336],[-79.57209,43.73553],[-79.57031,43.73536],[-79.56909,43.73463],[-79.56722,43.73152],[-79.5575,43.72719],[-79.5553,43.72756],[-79.55435,43.729],[-79.54927,43.73011],[-79.5488,43.7306],[-79.54896,43.73137],[-79.5483,43.7317],[-79.54719,43.73095],[-79.54582,43.73072],[-79.54385,43.72938],[-79.54089,43.72892],[-79.53969,43.72924],[-79.53908,43.72715],[-79.54121,43.72672],[-79.54213,43.72606],[-79.54161,43.72247],[-79.54362,43.72073],[-79.54505,43.71796],[-79.54466,43.71705],[-79.54374,43.71643],[-79.5423,43.71602],[-79.54131,43.71619],[-79.54169,43.71539],[-79.54102,43.71452],[-79.53883,43.71413],[-79.53882,43.71251],[-79.54052,43.71104],[-79.54006,43.70919],[-79.53822,43.70786],[-79.53648,43.70767],[-79.53689,43.70495],[-79.53631,43.70401],[-79.53159,43.70423],[-79.53003,43.70314],[-79.52937,43.70214],[-79.52186,43.6993],[-79.5211,43.69778],[-79.51911,43.69652],[-79.51662,43.69619],[-79.51282,43.69653],[-79.51429,43.69413],[-79.51412,43.69082],[-79.51411,43.69066],[-79.5141,43.69065],[-79.51407,43.69053],[-79.51407,43.69052],[-79.51401,43.69032],[-79.51399,43.69029],[-79.51386,43.69011],[-79.51373,43.68992],[-79.51368,43.68982],[-79.51349,43.68818],[-79.51224,43.68688],[-79.51219,43.68561],[-79.51024,43.68254],[-79.50904,43.68183],[-79.50644,43.68168],[-79.50631,43.68074],[-79.50779,43.67987],[-79.50976,43.67663],[-79.51244,43.67514],[-79.51333,43.67401],[-79.5135,43.67297],[-79.51232,43.66815],[-79.51398,43.66654],[-79.51313,43.66225],[-79.51185,43.66148],[-79.51031,43.66126],[-79.50641,43.6624],[-79.50064,43.65869],[-79.50054,43.6578],[-79.50203,43.65685],[-79.50374,43.65475],[-79.50392,43.6534],[-79.5032,43.65241],[-79.50173,43.65176],[-79.49798,43.65125],[-79.49373,43.65157],[-79.49254,43.65137],[-79.49187,43.64995],[-79.49363,43.64802],[-79.49387,43.64568],[-79.49198,43.64378],[-79.49076,43.64108],[-79.48962,43.64045],[-79.48814,43.64081],[-79.48755,43.6395],[-79.48621,43.63924],[-79.48519,43.63771],[-79.48334,43.63728],[-79.47999,43.63737],[-79.47692,43.63458],[-79.47634,43.63331],[-79.47198,43.63109],[-79.47115,43.63113],[-79.47148,43.63147],[-79.4703,43.63221],[-79.4704,43.63251],[-79.47457,43.63472],[-79.47705,43.6387],[-79.47841,43.63909],[-79.47877,43.63974],[-79.48032,43.64047],[-79.48193,43.64079],[-79.48409,43.64069],[-79.48425,43.64238],[-79.4861,43.64354],[-79.48953,43.6435],[-79.49169,43.64628],[-79.49142,43.64751],[-79.48972,43.64993],[-79.49057,43.65219],[-79.4925,43.65299],[-79.49718,43.65266],[-79.50173,43.65321],[-79.50178,43.65485],[-79.49894,43.65704],[-79.49831,43.65798],[-79.49849,43.65915],[-79.50555,43.66362],[-79.50735,43.66359],[-79.51007,43.66262],[-79.51129,43.66301],[-79.51216,43.66624],[-79.51045,43.66781],[-79.51034,43.66926],[-79.51055,43.66973],[-79.51058,43.66976],[-79.51062,43.66978],[-79.51066,43.66987],[-79.51068,43.67002],[-79.51069,43.67005],[-79.5107,43.67013],[-79.5107,43.67014],[-79.51073,43.67022],[-79.51073,43.67024],[-79.51074,43.67031],[-79.51074,43.67032],[-79.51077,43.67048],[-79.51077,43.67052],[-79.51147,43.67247],[-79.5114,43.67375],[-79.50811,43.67587],[-79.50641,43.67903],[-79.50501,43.67993],[-79.50453,43.68098],[-79.50475,43.68209],[-79.50565,43.68293],[-79.50875,43.68314],[-79.51092,43.68796],[-79.51174,43.6885],[-79.51246,43.69229],[-79.51179,43.69358],[-79.51189,43.69498],[-79.511,43.69638],[-79.51119,43.69716],[-79.5127,43.69785],[-79.51652,43.69741],[-79.51862,43.69774],[-79.52074,43.70032],[-79.52781,43.70297],[-79.52846,43.70396],[-79.53049,43.70532],[-79.53352,43.70568],[-79.53478,43.70532],[-79.53454,43.70703],[-79.53503,43.70839],[-79.53575,43.70893],[-79.53811,43.70943],[-79.53876,43.71059],[-79.53705,43.71229],[-79.53723,43.71484],[-79.53954,43.71561],[-79.53949,43.71665],[-79.54016,43.71729],[-79.54212,43.7173],[-79.54325,43.71775],[-79.54184,43.72035],[-79.54058,43.72116],[-79.53986,43.72232],[-79.54053,43.72555],[-79.53839,43.72588],[-79.53738,43.72677],[-79.53799,43.72908],[-79.53781,43.73235],[-79.53909,43.73274],[-79.53993,43.73258],[-79.54027,43.73091],[-79.54076,43.73017],[-79.54136,43.73021],[-79.54295,43.73046],[-79.54368,43.73095],[-79.54301,43.73207],[-79.54386,43.7329],[-79.54532,43.73291],[-79.54606,43.73206],[-79.5496,43.73388],[-79.54969,43.73443],[-79.54816,43.73582],[-79.54858,43.73645],[-79.54946,43.73662],[-79.5492,43.73722],[-79.54571,43.73948],[-79.54529,43.74032],[-79.54554,43.74115],[-79.54684,43.74212],[-79.5484,43.74237],[-79.54896,43.74386],[-79.54975,43.74448],[-79.55181,43.74477],[-79.55442,43.74381],[-79.55668,43.74374],[-79.55758,43.743],[-79.55865,43.74358],[-79.55969,43.74314],[-79.56159,43.74321],[-79.56151,43.74454],[-79.56392,43.746],[-79.57245,43.74754],[-79.5718,43.74983],[-79.57264,43.75083],[-79.57346,43.75101],[-79.57541,43.75063],[-79.57792,43.75107],[-79.57947,43.75213],[-79.58221,43.75301],[-79.58221,43.75411],[-79.58335,43.75465],[-79.58329,43.75555],[-79.58434,43.75654],[-79.58315,43.75702],[-79.58297,43.75791],[-79.58115,43.75808],[-79.58003,43.75866],[-79.57995,43.75994],[-79.5769,43.76169],[-79.57672,43.76276],[-79.57748,43.76319],[-79.5788,43.76273],[-79.57983,43.76333],[-79.57946,43.76388],[-79.5797,43.76471],[-79.58092,43.76533],[-79.5822,43.76772],[-79.58222,43.76992],[-79.58402,43.77074],[-79.58533,43.77023],[-79.587,43.77026],[-79.58511,43.77107],[-79.58396,43.77211],[-79.58135,43.77517],[-79.58139,43.77623],[-79.58317,43.77775],[-79.58413,43.77785],[-79.58556,43.77867],[-79.58694,43.77845],[-79.58732,43.77758],[-79.58835,43.77715],[-79.58802,43.77833],[-79.59063,43.78066],[-79.5912,43.78188],[-79.5907,43.7835],[-79.58857,43.78526],[-79.58904,43.78822],[-79.5881,43.78948],[-79.58742,43.78967],[-79.58551,43.78903],[-79.58473,43.7897],[-79.58306,43.78979],[-79.58248,43.79024],[-79.58293,43.79111],[-79.58184,43.7955],[-79.58241,43.79714],[-79.5807,43.79744],[-79.57979,43.79919],[-79.5837,43.80232],[-79.58282,43.80203],[-79.58198,43.80234],[-79.5817,43.8039],[-79.58229,43.80385],[-79.58471,43.80341],[-79.58523,43.8024],[-79.5847,43.8013],[-79.58154,43.79913],[-79.58176,43.79821],[-79.58313,43.79833],[-79.58391,43.79776],[-79.58333,43.79546],[-79.58427,43.79258],[-79.58434,43.79075],[-79.58541,43.79081],[-79.586,43.7904],[-79.58824,43.79066],[-79.58915,43.79026],[-79.59006,43.78912],[-79.59185,43.78953],[-79.59283,43.79104],[-79.5949,43.79209],[-79.59695,43.79434],[-79.59869,43.79507],[-79.60086,43.79531],[-79.59874,43.79693],[-79.59915,43.79809],[-79.60018,43.79901],[-79.60129,43.79916],[-79.60416,43.79796],[-79.60712,43.7979],[-79.60757,43.79822],[-79.60739,43.79995],[-79.60783,43.80066],[-79.61222,43.80105],[-79.61261,43.80296],[-79.61355,43.80363],[-79.61501,43.80393],[-79.61489,43.80488],[-79.61607,43.80521],[-79.61548,43.8079],[-79.61635,43.80904],[-79.62024,43.80871],[-79.62062,43.80814],[-79.61996,43.80725],[-79.6203,43.80642],[-79.62095,43.80559],[-79.6225,43.80508],[-79.6232,43.80641],[-79.62426,43.80674],[-79.62319,43.80765],[-79.62198,43.80762],[-79.62052,43.80868],[-79.62075,43.80954],[-79.62188,43.8099],[-79.62224,43.81061],[-79.62202,43.81179],[-79.62273,43.81231],[-79.62378,43.81239],[-79.62533,43.81138],[-79.62651,43.81114],[-79.62689,43.81318],[-79.62918,43.81717],[-79.62901,43.81849],[-79.63047,43.81966],[-79.63443,43.82117],[-79.63557,43.82265],[-79.63551,43.82305],[-79.63346,43.82207],[-79.63223,43.82265],[-79.63276,43.82335],[-79.6323,43.8262],[-79.63286,43.82671],[-79.63371,43.82671],[-79.6344,43.82807],[-79.63282,43.82826],[-79.63126,43.82736],[-79.62982,43.82725],[-79.62833,43.82797],[-79.62732,43.82918],[-79.6274,43.82995],[-79.62868,43.83122],[-79.62787,43.8319],[-79.62842,43.83297],[-79.62791,43.83402],[-79.62975,43.83464],[-79.63023,43.83565],[-79.62979,43.83763],[-79.6284,43.83821],[-79.62852,43.83926],[-79.62754,43.84017],[-79.6274,43.84087],[-79.62952,43.84224],[-79.63052,43.84223],[-79.63152,43.84163],[-79.63389,43.84273],[-79.63574,43.84264],[-79.63806,43.84366]]]}},{"type":"Feature","properties":{"OGF_ID":39,"DESIGNATION":"Urban River Valley","EFFECTIVE_DATETIME":"2017-05-18","SYSTEM_DATETIME":"2023-12-14"},"geometry":{"type":"Polygon","coordinates":[[[-79.76727,43.46047],[-79.76845,43.46267],[-79.77046,43.46261],[-79.76591,43.45929],[-79.76252,43.4611],[-79.76133,43.46101],[-79.76039,43.46139],[-79.75808,43.46037],[-79.75641,43.46123],[-79.75358,43.46013],[-79.7527,43.45912],[-79.74899,43.45721],[-79.74575,43.45683],[-79.74362,43.45748],[-79.74272,43.45706],[-79.7378,43.45662],[-79.73628,43.45582],[-79.73538,43.45449],[-79.7343,43.45395],[-79.73278,43.45413],[-79.73028,43.45632],[-79.72923,43.45549],[-79.72822,43.45334],[-79.72655,43.45285],[-79.72523,43.45313],[-79.7239,43.45394],[-79.72249,43.45586],[-79.72236,43.45712],[-79.72128,43.45707],[-79.72052,43.45749],[-79.71907,43.45457],[-79.71735,43.45314],[-79.71643,43.45287],[-79.71429,43.45308],[-79.71277,43.45359],[-79.71184,43.45458],[-79.71114,43.45447],[-79.71014,43.4536],[-79.70949,43.45129],[-79.70814,43.45033],[-79.70669,43.45053],[-79.70496,43.45202],[-79.70282,43.4522],[-79.70178,43.45178],[-79.70098,43.45089],[-79.6994,43.45069],[-79.69472,43.45187],[-79.69297,43.45105],[-79.69164,43.44893],[-79.69026,43.44857],[-79.68817,43.44914],[-79.68787,43.45062],[-79.68644,43.44962],[-79.68477,43.44945],[-79.68338,43.44988],[-79.68032,43.45222],[-79.67968,43.45228],[-79.67534,43.45016],[-79.67403,43.44989],[-79.67241,43.44844],[-79.6721,43.4475],[-79.6743,43.44703],[-79.67572,43.4457],[-79.67495,43.44327],[-79.67157,43.44228],[-79.67117,43.44176],[-79.66996,43.44144],[-79.66933,43.4403],[-79.66725,43.43972],[-79.66656,43.43986],[-79.66614,43.43937],[-79.66538,43.43945],[-79.666,43.44138],[-79.66571,43.44159],[-79.67218,43.44392],[-79.67276,43.44482],[-79.67395,43.44493],[-79.67007,43.44595],[-79.66911,43.44746],[-79.66955,43.44894],[-79.67223,43.45079],[-79.6792,43.45365],[-79.68097,43.45366],[-79.68221,43.45324],[-79.68499,43.45076],[-79.68687,43.45172],[-79.68811,43.45384],[-79.68938,43.45411],[-79.69058,43.45381],[-79.69122,43.45255],[-79.68973,43.45124],[-79.68949,43.45018],[-79.68955,43.44988],[-79.6903,43.44979],[-79.69198,43.45209],[-79.69453,43.45309],[-79.6967,43.45252],[-79.69868,43.45249],[-79.70001,43.45193],[-79.70088,43.45279],[-79.70313,43.45351],[-79.70609,43.45301],[-79.70774,43.45154],[-79.70858,43.45424],[-79.70977,43.4553],[-79.71238,43.45578],[-79.71389,43.45445],[-79.71618,43.45407],[-79.7177,43.45524],[-79.71896,43.45796],[-79.72028,43.45866],[-79.72365,43.45789],[-79.7253,43.45455],[-79.72679,43.45408],[-79.72787,43.45627],[-79.72971,43.45747],[-79.73159,43.4572],[-79.73402,43.45516],[-79.73593,43.45775],[-79.73726,43.45861],[-79.74026,43.45889],[-79.74206,43.45833],[-79.74354,43.45871],[-79.74577,43.45804],[-79.74771,43.45824],[-79.75143,43.46],[-79.75245,43.4611],[-79.75594,43.46242],[-79.75755,43.4623],[-79.75815,43.46159],[-79.75952,43.46253],[-79.76089,43.46268],[-79.76162,43.46227],[-79.76341,43.46218],[-79.76513,43.46111],[-79.76658,43.46083],[-79.76711,43.46026],[-79.76727,43.46047]]]}},{"type":"Feature","properties":{"OGF_ID":40,"DESIGNATION":"Urban River Valley","EFFECTIVE_DATETIME":"2017-05-18","SYSTEM_DATETIME":"2023-12-14"},"geometry":{"type":"Polygon","coordinates":[[[-79.78,43.46666],[-79.78239,43.46755],[-79.78456,43.46703],[-79.78496,43.46574],[-79.78318,43.46614],[-79.78301,43.46665],[-79.7807,43.46496],[-79.7798,43.46429],[-79.77923,43.4656],[-79.78,43.46666]]]}},{"type":"Feature","properties":{"OGF_ID":41,"DESIGNATION":"Urban River Valley","EFFECTIVE_DATETIME":"2017-05-18","SYSTEM_DATETIME":"2023-12-14"},"geometry":{"type":"Polygon","coordinates":[[[-79.91876,43.51776],[-79.91975,43.51758],[-79.92208,43.51561],[-79.92421,43.51683],[-79.92672,43.5168],[-79.92756,43.51637],[-79.92646,43.51557],[-79.92463,43.51576],[-79.92298,43.51454],[-79.92217,43.51439],[-79.92109,43.51465],[-79.91857,43.51666],[-79.91708,43.51501],[-79.91632,43.51476],[-79.91188,43.5159],[-79.91089,43.51563],[-79.91058,43.51401],[-79.90818,43.51385],[-79.90757,43.51291],[-79.90671,43.51264],[-79.90549,43.51295],[-79.90478,43.51423],[-79.90371,43.51318],[-79.90249,43.51281],[-79.90016,43.514],[-79.8999,43.51484],[-79.89732,43.51481],[-79.89602,43.51514],[-79.89314,43.51371],[-79.89361,43.51315],[-79.89337,43.51265],[-79.89193,43.51238],[-79.8841,43.51339],[-79.88209,43.51432],[-79.88065,43.51403],[-79.8777,43.51219],[-79.87608,43.5106],[-79.87283,43.51091],[-79.8714,43.50911],[-79.86936,43.50851],[-79.86869,43.50705],[-79.86501,43.50539],[-79.86453,43.50473],[-79.86254,43.50401],[-79.86154,43.50423],[-79.86097,43.5038],[-79.85929,43.50372],[-79.85856,43.50242],[-79.85677,43.50205],[-79.85593,43.50098],[-79.85289,43.4995],[-79.85254,43.49864],[-79.85095,43.49813],[-79.84682,43.4984],[-79.84533,43.49739],[-79.84381,43.49694],[-79.84254,43.49589],[-79.84099,43.49565],[-79.83871,43.49429],[-79.83602,43.49416],[-79.83428,43.49348],[-79.83306,43.49406],[-79.83282,43.49478],[-79.83202,43.49429],[-79.83265,43.49302],[-79.83152,43.4925],[-79.83056,43.49085],[-79.82957,43.49175],[-79.83083,43.49354],[-79.83071,43.49487],[-79.83227,43.49591],[-79.83366,43.49592],[-79.83456,43.49462],[-79.83563,43.49526],[-79.8382,43.49535],[-79.84031,43.49668],[-79.84162,43.49675],[-79.8429,43.4978],[-79.8445,43.49829],[-79.84635,43.49946],[-79.85137,43.49946],[-79.85172,43.5002],[-79.85496,43.50181],[-79.85588,43.50292],[-79.85725,43.50322],[-79.85737,43.50382],[-79.85839,43.50459],[-79.86019,43.50494],[-79.86127,43.50557],[-79.8624,43.50515],[-79.86352,43.50555],[-79.86425,43.5064],[-79.86763,43.50781],[-79.86816,43.50917],[-79.87035,43.50987],[-79.8719,43.51177],[-79.8734,43.5121],[-79.87537,43.51156],[-79.87666,43.51296],[-79.88011,43.51505],[-79.88245,43.51545],[-79.88387,43.51461],[-79.88517,43.51529],[-79.88697,43.51532],[-79.88925,43.51407],[-79.89154,43.51375],[-79.89204,43.51462],[-79.89433,43.51545],[-79.89441,43.51618],[-79.89523,43.5165],[-79.89687,43.51604],[-79.90052,43.51582],[-79.90175,43.51451],[-79.90279,43.51415],[-79.90337,43.51485],[-79.90548,43.51555],[-79.90625,43.51503],[-79.90635,43.51399],[-79.90747,43.51497],[-79.90953,43.5149],[-79.90937,43.516],[-79.91038,43.51665],[-79.91225,43.51697],[-79.91389,43.51649],[-79.91496,43.5167],[-79.91623,43.51609],[-79.91751,43.51758],[-79.91876,43.51776]]]}},{"type":"Feature","properties":{"OGF_ID":42,"DESIGNATION":"Urban River Valley","EFFECTIVE_DATETIME":"2017-05-18","SYSTEM_DATETIME":"2023-12-14"},"geometry":{"type":"Polygon","coordinates":[[[-78.96868,43.91976],[-78.96898,43.92003],[-78.96969,43.91921],[-78.96819,43.91853],[-78.96837,43.91822],[-78.96778,43.91795],[-78.96802,43.91704],[-78.96657,43.91581],[-78.96479,43.91561],[-78.96475,43.91479],[-78.96532,43.91414],[-78.96499,43.91307],[-78.96566,43.91232],[-78.9651,43.91117],[-78.96557,43.91041],[-78.96384,43.90776],[-78.96505,43.90688],[-78.96436,43.906],[-78.96452,43.90509],[-78.96336,43.90432],[-78.9621,43.90501],[-78.96209,43.90423],[-78.96309,43.90401],[-78.96336,43.90297],[-78.96493,43.90231],[-78.96535,43.90164],[-78.96473,43.90052],[-78.96518,43.8993],[-78.96447,43.8989],[-78.96432,43.89795],[-78.96355,43.89734],[-78.96371,43.89662],[-78.96293,43.89571],[-78.96319,43.89507],[-78.96222,43.89418],[-78.96251,43.8936],[-78.96156,43.89169],[-78.96214,43.89079],[-78.96054,43.88904],[-78.95886,43.88543],[-78.95872,43.88462],[-78.95984,43.88412],[-78.95953,43.88279],[-78.96017,43.88209],[-78.95969,43.88148],[-78.96083,43.87959],[-78.96109,43.8809],[-78.96201,43.8813],[-78.96226,43.88268],[-78.96465,43.88492],[-78.96559,43.88623],[-78.96579,43.88749],[-78.96711,43.88837],[-78.96759,43.88952],[-78.96736,43.89049],[-78.96857,43.89095],[-78.96815,43.89379],[-78.969,43.89446],[-78.96887,43.89528],[-78.97059,43.89666],[-78.97157,43.8968],[-78.97257,43.89824],[-78.97496,43.89846],[-78.97767,43.90003],[-78.97849,43.90099],[-78.97982,43.90111],[-78.98067,43.90231],[-78.97987,43.90283],[-78.97998,43.90388],[-78.98116,43.90422],[-78.98138,43.90592],[-78.98188,43.90649],[-78.98287,43.90665],[-78.98381,43.90741],[-78.98284,43.90817],[-78.9833,43.90929],[-78.98472,43.90896],[-78.98448,43.90855],[-78.98559,43.90843],[-78.98573,43.90755],[-78.98379,43.90568],[-78.98363,43.90486],[-78.9827,43.90461],[-78.98181,43.90302],[-78.98221,43.90214],[-78.981,43.90042],[-78.97926,43.90001],[-78.97871,43.89873],[-78.97754,43.89862],[-78.97559,43.89748],[-78.9744,43.89734],[-78.97384,43.89625],[-78.97257,43.89563],[-78.97165,43.89571],[-78.97079,43.89509],[-78.97081,43.89359],[-78.96974,43.8928],[-78.97023,43.89144],[-78.96944,43.88918],[-78.96868,43.88863],[-78.96847,43.88776],[-78.96716,43.88688],[-78.96673,43.88492],[-78.96445,43.88244],[-78.9636,43.88209],[-78.96349,43.88085],[-78.96224,43.87921],[-78.96238,43.87671],[-78.9608,43.87463],[-78.9652,43.87303],[-78.96658,43.87129],[-78.96387,43.86763],[-78.96385,43.86608],[-78.96312,43.86625],[-78.96234,43.8664],[-78.96228,43.86843],[-78.96508,43.87132],[-78.96423,43.8721],[-78.95984,43.87369],[-78.95917,43.8744],[-78.96093,43.87699],[-78.961,43.87809],[-78.95923,43.87879],[-78.95931,43.87982],[-78.95819,43.881],[-78.95775,43.88238],[-78.95824,43.8836],[-78.95733,43.8839],[-78.95699,43.88454],[-78.95878,43.88879],[-78.96042,43.89098],[-78.95945,43.89164],[-78.9593,43.89224],[-78.95994,43.8927],[-78.96017,43.89424],[-78.96142,43.89524],[-78.96171,43.89783],[-78.96218,43.89839],[-78.96176,43.89969],[-78.963,43.90108],[-78.9623,43.9014],[-78.96228,43.9022],[-78.96062,43.90375],[-78.96035,43.90527],[-78.96124,43.90636],[-78.96279,43.90625],[-78.96293,43.90661],[-78.96214,43.90798],[-78.96306,43.90888],[-78.96268,43.90971],[-78.96378,43.91031],[-78.96316,43.91106],[-78.96396,43.9122],[-78.96319,43.91479],[-78.9634,43.91607],[-78.96393,43.91654],[-78.9655,43.91678],[-78.96629,43.91737],[-78.96596,43.91788],[-78.96639,43.91881],[-78.96758,43.91963],[-78.96868,43.91976]]]}},{"type":"Feature","properties":{"OGF_ID":43,"DESIGNATION":"Urban River Valley","EFFECTIVE_DATETIME":"2017-05-18","SYSTEM_DATETIME":"2023-12-14"},"geometry":{"type":"Polygon","coordinates":[[[-78.96279,43.95992],[-78.96335,43.96019],[-78.96351,43.96094],[-78.96444,43.96132],[-78.96328,43.96206],[-78.9627,43.96481],[-78.9651,43.96637],[-78.96491,43.96814],[-78.96585,43.96867],[-78.9664,43.96968],[-78.96821,43.96925],[-78.96713,43.96789],[-78.96641,43.96584],[-78.96439,43.96445],[-78.96476,43.96272],[-78.96604,43.96135],[-78.96542,43.96026],[-78.96554,43.95897],[-78.96493,43.95858],[-78.96295,43.95861],[-78.96156,43.95916],[-78.95912,43.95803],[-78.95908,43.95297],[-78.9576,43.9524],[-78.95584,43.95044],[-78.95584,43.94961],[-78.95494,43.9491],[-78.95455,43.94793],[-78.9535,43.94769],[-78.95323,43.94728],[-78.95371,43.94619],[-78.95301,43.94521],[-78.9533,43.94465],[-78.95488,43.94447],[-78.95532,43.94389],[-78.95503,43.94287],[-78.95347,43.9423],[-78.95293,43.9416],[-78.95328,43.94102],[-78.95264,43.93953],[-78.95356,43.93841],[-78.95217,43.93591],[-78.95642,43.93558],[-78.95688,43.93485],[-78.95844,43.93397],[-78.96089,43.93432],[-78.96314,43.93415],[-78.9645,43.93215],[-78.96454,43.93135],[-78.96408,43.93031],[-78.96293,43.93086],[-78.96298,43.93182],[-78.96227,43.93312],[-78.96015,43.93307],[-78.95803,43.93253],[-78.95521,43.93455],[-78.95349,43.93451],[-78.95115,43.93511],[-78.95058,43.93614],[-78.95184,43.93855],[-78.95036,43.94052],[-78.9512,43.94235],[-78.95255,43.94323],[-78.95125,43.94505],[-78.95189,43.94613],[-78.95143,43.94657],[-78.95142,43.9477],[-78.95413,43.95152],[-78.95741,43.95358],[-78.95764,43.9584],[-78.96088,43.96044],[-78.96279,43.95992]]]}},{"type":"Feature","properties":{"OGF_ID":44,"DESIGNATION":"Urban River Valley","EFFECTIVE_DATETIME":"2017-05-18","SYSTEM_DATETIME":"2023-12-14"},"geometry":{"type":"Polygon","coordinates":[[[-79.78625,43.64783],[-79.7877,43.64754],[-79.79222,43.64458],[-79.79314,43.64441],[-79.8021,43.64617],[-79.80426,43.64564],[-79.80515,43.6446],[-79.80587,43.64453],[-79.80682,43.64524],[-79.80891,43.64589],[-79.81097,43.64558],[-79.81243,43.64612],[-79.81419,43.64608],[-79.81481,43.64659],[-79.8168,43.64702],[-79.81726,43.64693],[-79.81678,43.64652],[-79.81721,43.64628],[-79.81787,43.64649],[-79.81767,43.64588],[-79.81511,43.64486],[-79.81252,43.64481],[-79.81122,43.64429],[-79.80892,43.64456],[-79.8078,43.64422],[-79.8071,43.64347],[-79.80595,43.64327],[-79.80439,43.6435],[-79.80253,43.64483],[-79.79985,43.64458],[-79.79835,43.64384],[-79.79283,43.64314],[-79.79153,43.64339],[-79.78639,43.64655],[-79.78397,43.64577],[-79.78282,43.64585],[-79.7819,43.6447],[-79.78018,43.64387],[-79.7802,43.64311],[-79.77951,43.6426],[-79.77765,43.64267],[-79.77576,43.64385],[-79.77438,43.64302],[-79.77231,43.64291],[-79.77084,43.64229],[-79.76952,43.64029],[-79.76874,43.64001],[-79.76796,43.6402],[-79.76364,43.63636],[-79.76312,43.63421],[-79.75997,43.63226],[-79.75826,43.63213],[-79.7555,43.63112],[-79.7513,43.63329],[-79.75058,43.63256],[-79.74898,43.63211],[-79.74776,43.63053],[-79.7472,43.62893],[-79.74614,43.62812],[-79.74458,43.62797],[-79.74262,43.62856],[-79.74026,43.63144],[-79.73846,43.63248],[-79.73701,43.63145],[-79.73679,43.63061],[-79.73687,43.63007],[-79.73807,43.62936],[-79.73812,43.62821],[-79.73743,43.62748],[-79.73561,43.62677],[-79.7356,43.62489],[-79.7337,43.62409],[-79.73422,43.62264],[-79.73393,43.62143],[-79.73205,43.62034],[-79.73373,43.61919],[-79.73427,43.61726],[-79.73355,43.61619],[-79.73061,43.61548],[-79.73149,43.61479],[-79.73137,43.61352],[-79.72937,43.61113],[-79.72225,43.60668],[-79.72038,43.60663],[-79.71781,43.60879],[-79.71556,43.60914],[-79.71338,43.60742],[-79.71525,43.60638],[-79.71607,43.60495],[-79.71788,43.60464],[-79.71894,43.60394],[-79.71911,43.60175],[-79.72044,43.60108],[-79.72249,43.60182],[-79.72358,43.60181],[-79.72498,43.60124],[-79.72588,43.60019],[-79.72486,43.5975],[-79.72383,43.59615],[-79.72215,43.59507],[-79.71831,43.59388],[-79.7184,43.59107],[-79.71758,43.59018],[-79.71627,43.58964],[-79.71771,43.58781],[-79.71719,43.58595],[-79.71413,43.58361],[-79.71242,43.58303],[-79.70925,43.58262],[-79.70947,43.58172],[-79.70899,43.58036],[-79.70534,43.57842],[-79.70521,43.57698],[-79.70458,43.57627],[-79.70339,43.57624],[-79.70157,43.57725],[-79.70025,43.57743],[-79.69984,43.57628],[-79.6986,43.57528],[-79.69479,43.57417],[-79.69375,43.57264],[-79.69432,43.57193],[-79.69445,43.57051],[-79.69395,43.56967],[-79.69171,43.56847],[-79.69188,43.56727],[-79.69132,43.56636],[-79.69005,43.56589],[-79.68834,43.56635],[-79.68401,43.56502],[-79.68548,43.56422],[-79.68578,43.56333],[-79.68433,43.56114],[-79.68336,43.56092],[-79.68191,43.5612],[-79.67987,43.5622],[-79.67764,43.56108],[-79.67421,43.56128],[-79.66948,43.55703],[-79.66814,43.5552],[-79.6642,43.55533],[-79.6621,43.55288],[-79.65951,43.55163],[-79.65844,43.55154],[-79.65589,43.54878],[-79.65628,43.54788],[-79.65876,43.54582],[-79.65929,43.54407],[-79.65898,43.54306],[-79.65749,43.54216],[-79.65366,43.54181],[-79.65296,43.54032],[-79.65125,43.53906],[-79.64991,43.53887],[-79.64843,43.54019],[-79.64703,43.54291],[-79.6477,43.54445],[-79.64667,43.54612],[-79.64237,43.54555],[-79.64099,43.5456],[-79.64004,43.54604],[-79.63986,43.54742],[-79.64166,43.5491],[-79.64082,43.55003],[-79.63867,43.54974],[-79.636,43.54872],[-79.63379,43.54868],[-79.63209,43.54805],[-79.63158,43.54748],[-79.63056,43.54741],[-79.62877,43.5482],[-79.6279,43.55082],[-79.62562,43.5521],[-79.62379,43.55242],[-79.62083,43.55393],[-79.6186,43.55405],[-79.61723,43.55462],[-79.61614,43.55439],[-79.61511,43.5548],[-79.61341,43.5547],[-79.61022,43.55586],[-79.60668,43.55419],[-79.60149,43.55329],[-79.59875,43.55209],[-79.5871,43.55006],[-79.58432,43.54884],[-79.58471,43.54797],[-79.58406,43.54729],[-79.58221,43.54707],[-79.58184,43.54654],[-79.5817,43.54691],[-79.58122,43.54684],[-79.5803,43.54841],[-79.58108,43.5494],[-79.58049,43.54936],[-79.58165,43.55002],[-79.58332,43.55033],[-79.5836,43.55113],[-79.58474,43.5518],[-79.5858,43.55189],[-79.58641,43.55152],[-79.58946,43.55222],[-79.5916,43.55229],[-79.59257,43.5535],[-79.59874,43.55448],[-79.60093,43.55563],[-79.60522,43.55556],[-79.60679,43.55601],[-79.60926,43.55746],[-79.61266,43.55685],[-79.61619,43.55734],[-79.61736,43.55682],[-79.61758,43.55613],[-79.61926,43.55592],[-79.6195,43.55531],[-79.62201,43.55496],[-79.62415,43.55375],[-79.62643,43.5532],[-79.62848,43.55222],[-79.62953,43.55135],[-79.63041,43.54877],[-79.63244,43.54965],[-79.6354,43.54992],[-79.63874,43.55113],[-79.64172,43.55109],[-79.64291,43.55018],[-79.64334,43.54917],[-79.64284,43.54813],[-79.64141,43.54686],[-79.64564,43.5474],[-79.64799,43.54696],[-79.64941,43.54458],[-79.6488,43.54303],[-79.65049,43.54024],[-79.65139,43.54087],[-79.65273,43.54301],[-79.65698,43.54337],[-79.65741,43.54379],[-79.65727,43.54473],[-79.65471,43.5474],[-79.65411,43.54871],[-79.65486,43.55019],[-79.65723,43.55238],[-79.66065,43.5536],[-79.66356,43.55658],[-79.66471,43.5568],[-79.66706,43.55631],[-79.66806,43.55784],[-79.67052,43.55979],[-79.67195,43.56204],[-79.67364,43.56287],[-79.67701,43.5623],[-79.67886,43.56325],[-79.68026,43.56341],[-79.68332,43.56221],[-79.68322,43.56384],[-79.68216,43.5645],[-79.68217,43.56542],[-79.68321,43.56628],[-79.68736,43.56745],[-79.68916,43.56761],[-79.69008,43.56722],[-79.69002,43.5688],[-79.69259,43.57068],[-79.69207,43.57291],[-79.69369,43.57537],[-79.69753,43.57637],[-79.69963,43.5787],[-79.7033,43.57815],[-79.70398,43.57949],[-79.70539,43.58059],[-79.70577,43.58176],[-79.7075,43.58218],[-79.7074,43.5833],[-79.70839,43.58423],[-79.70973,43.5847],[-79.71196,43.58467],[-79.71565,43.58724],[-79.7137,43.58807],[-79.71337,43.58902],[-79.71407,43.59017],[-79.71642,43.59148],[-79.71644,43.59374],[-79.71699,43.59523],[-79.72064,43.59627],[-79.72245,43.59882],[-79.7235,43.5992],[-79.72406,43.60002],[-79.72328,43.60031],[-79.71984,43.59971],[-79.71817,43.60009],[-79.71702,43.60187],[-79.71727,43.60321],[-79.71579,43.6035],[-79.71425,43.60433],[-79.71389,43.6055],[-79.71161,43.60707],[-79.71158,43.60813],[-79.71414,43.61014],[-79.71584,43.61055],[-79.71839,43.61024],[-79.72105,43.60785],[-79.72789,43.61186],[-79.72827,43.61253],[-79.72724,43.614],[-79.72761,43.61453],[-79.7284,43.61459],[-79.72833,43.61587],[-79.7297,43.61671],[-79.73226,43.61712],[-79.73252,43.61771],[-79.73021,43.62023],[-79.73059,43.62121],[-79.73203,43.62167],[-79.73239,43.62227],[-79.73123,43.62501],[-79.73248,43.62594],[-79.73389,43.62547],[-79.73414,43.62746],[-79.73637,43.62869],[-79.73536,43.62937],[-79.73494,43.63037],[-79.73537,43.63203],[-79.73662,43.63336],[-79.73846,43.63383],[-79.74028,43.63345],[-79.74352,43.63052],[-79.74384,43.62953],[-79.74539,43.62929],[-79.74618,43.63173],[-79.74823,43.63338],[-79.74944,43.63365],[-79.75077,43.63454],[-79.75238,43.63466],[-79.75566,43.63253],[-79.75648,43.63306],[-79.75909,43.63347],[-79.76168,43.63497],[-79.76115,43.63635],[-79.76136,43.63696],[-79.76599,43.64044],[-79.76679,43.64177],[-79.76875,43.64224],[-79.77002,43.64355],[-79.77383,43.64428],[-79.77528,43.64513],[-79.77668,43.64503],[-79.77774,43.64445],[-79.77844,43.64505],[-79.78049,43.64546],[-79.78207,43.647],[-79.7835,43.64703],[-79.78625,43.64783]]]}},{"type":"Feature","properties":{"OGF_ID":45,"DESIGNATION":"Urban River Valley","EFFECTIVE_DATETIME":"2017-05-18","SYSTEM_DATETIME":"2023-12-14"},"geometry":{"type":"Polygon","coordinates":[[[-79.93511,43.6589],[-79.93594,43.65904],[-79.93796,43.65732],[-79.93704,43.65725],[-79.93592,43.65795],[-79.93325,43.65778],[-79.93033,43.65653],[-79.92761,43.65637],[-79.92669,43.65552],[-79.9249,43.65515],[-79.9244,43.65447],[-79.92356,43.65433],[-79.92307,43.65263],[-79.92435,43.65027],[-79.92299,43.64764],[-79.92024,43.64672],[-79.91984,43.64517],[-79.91824,43.64393],[-79.91607,43.64377],[-79.91559,43.64325],[-79.91408,43.64294],[-79.91608,43.64235],[-79.91981,43.64257],[-79.92134,43.64186],[-79.923,43.6418],[-79.92358,43.64127],[-79.92355,43.63915],[-79.92299,43.63789],[-79.92389,43.63731],[-79.92458,43.63471],[-79.92617,43.63317],[-79.92662,43.62997],[-79.9276,43.62866],[-79.92723,43.62688],[-79.92592,43.62605],[-79.92673,43.62484],[-79.92604,43.62403],[-79.92425,43.62601],[-79.92455,43.62675],[-79.92569,43.62727],[-79.92612,43.62828],[-79.92528,43.62878],[-79.92485,43.63253],[-79.92322,43.63417],[-79.92257,43.63666],[-79.9214,43.6377],[-79.92218,43.64069],[-79.92044,43.64062],[-79.91919,43.64147],[-79.91553,43.6412],[-79.91475,43.64171],[-79.91407,43.64098],[-79.91425,43.63997],[-79.91328,43.63943],[-79.91207,43.63938],[-79.90939,43.64012],[-79.90907,43.63934],[-79.90781,43.63846],[-79.90598,43.63823],[-79.90452,43.6385],[-79.90339,43.63762],[-79.90217,43.63776],[-79.90119,43.63691],[-79.89737,43.63773],[-79.89616,43.6368],[-79.89307,43.63635],[-79.89023,43.63739],[-79.88727,43.63684],[-79.88429,43.63717],[-79.8813,43.63874],[-79.8797,43.6403],[-79.87831,43.63994],[-79.87702,43.64027],[-79.8752,43.64152],[-79.87333,43.64415],[-79.87215,43.64417],[-79.8716,43.64606],[-79.87067,43.64584],[-79.86864,43.64558],[-79.86678,43.64576],[-79.86618,43.64614],[-79.86681,43.64669],[-79.86875,43.64617],[-79.86978,43.64704],[-79.87175,43.6473],[-79.87237,43.64665],[-79.87212,43.64531],[-79.87446,43.64489],[-79.87636,43.64222],[-79.87797,43.6411],[-79.88057,43.64135],[-79.88233,43.63969],[-79.88538,43.63803],[-79.88706,43.63792],[-79.89142,43.63853],[-79.89277,43.63762],[-79.89407,43.63746],[-79.89546,43.63779],[-79.89623,43.6389],[-79.89706,43.6392],[-79.89864,43.6384],[-79.90067,43.63804],[-79.90199,43.63912],[-79.90307,43.63905],[-79.90441,43.63962],[-79.90608,43.63932],[-79.90741,43.63963],[-79.90874,43.64131],[-79.91275,43.64048],[-79.91219,43.64185],[-79.91281,43.64364],[-79.91534,43.64486],[-79.91731,43.64484],[-79.91849,43.64565],[-79.91907,43.64744],[-79.9217,43.6485],[-79.92285,43.65028],[-79.92152,43.6526],[-79.92243,43.6552],[-79.92418,43.65624],[-79.92578,43.6564],[-79.92696,43.65737],[-79.9299,43.65757],[-79.93294,43.65887],[-79.93511,43.6589]]]}},{"type":"Feature","properties":{"OGF_ID":88,"DESIGNATION":"Urban River Valley","EFFECTIVE_DATETIME":"2022-12-18","SYSTEM_DATETIME":"2023-12-14"},"geometry":{"type":"Polygon","coordinates":[[[-79.52079,43.77541],[-79.52283,43.77515],[-79.51966,43.77358],[-79.51955,43.77285],[-79.51773,43.77163],[-79.51736,43.7704],[-79.51655,43.76963],[-79.51492,43.76892],[-79.5138,43.76962],[-79.51305,43.76946],[-79.51098,43.76686],[-79.50795,43.76441],[-79.50804,43.76389],[-79.50913,43.76335],[-79.50934,43.76195],[-79.50774,43.7604],[-79.50564,43.76015],[-79.50523,43.75817],[-79.50621,43.75773],[-79.5072,43.75818],[-79.50777,43.75912],[-79.51127,43.76151],[-79.51586,43.76543],[-79.51688,43.76564],[-79.51889,43.76501],[-79.51841,43.76426],[-79.51678,43.76454],[-79.51236,43.76077],[-79.51041,43.75965],[-79.50834,43.75728],[-79.5076,43.75702],[-79.50743,43.75645],[-79.50871,43.75453],[-79.51144,43.75386],[-79.51131,43.75333],[-79.51053,43.7531],[-79.5108,43.75253],[-79.51035,43.75108],[-79.50826,43.75031],[-79.50772,43.7495],[-79.50575,43.74905],[-79.50225,43.74668],[-79.49872,43.74568],[-79.49872,43.7435],[-79.49758,43.74212],[-79.49784,43.7413],[-79.49491,43.7384],[-79.49538,43.73753],[-79.49518,43.73682],[-79.49664,43.73541],[-79.49891,43.73547],[-79.50043,43.73485],[-79.50163,43.73557],[-79.5035,43.73515],[-79.50606,43.73544],[-79.51334,43.73281],[-79.51632,43.73338],[-79.51709,43.73283],[-79.51849,43.73299],[-79.51979,43.73248],[-79.51976,43.72971],[-79.51922,43.72895],[-79.51783,43.72823],[-79.51727,43.72701],[-79.51723,43.72585],[-79.51792,43.7253],[-79.51779,43.72409],[-79.51614,43.72264],[-79.5138,43.72297],[-79.51278,43.72258],[-79.51096,43.72278],[-79.50854,43.72112],[-79.50715,43.71729],[-79.50938,43.71626],[-79.5098,43.71511],[-79.50819,43.71202],[-79.50465,43.71111],[-79.504,43.70994],[-79.50407,43.70774],[-79.50323,43.70591],[-79.50159,43.7052],[-79.49998,43.70547],[-79.49853,43.70487],[-79.49739,43.7051],[-79.49698,43.7046],[-79.49387,43.70344],[-79.49047,43.70155],[-79.48866,43.70152],[-79.488,43.69729],[-79.48516,43.69449],[-79.48561,43.69329],[-79.48455,43.69176],[-79.48236,43.69116],[-79.4818,43.69039],[-79.48188,43.68889],[-79.4814,43.68806],[-79.48186,43.68732],[-79.48169,43.68632],[-79.48023,43.6841],[-79.48481,43.67705],[-79.4893,43.67586],[-79.49366,43.67634],[-79.49606,43.676],[-79.49863,43.67612],[-79.50319,43.67417],[-79.50428,43.6753],[-79.50585,43.6753],[-79.50692,43.67454],[-79.50762,43.67218],[-79.51077,43.67052],[-79.51077,43.67048],[-79.51074,43.67032],[-79.51074,43.67031],[-79.51073,43.67024],[-79.51073,43.67022],[-79.5107,43.67014],[-79.5107,43.67013],[-79.51069,43.67005],[-79.51068,43.67002],[-79.51066,43.66987],[-79.51062,43.66978],[-79.51058,43.66976],[-79.51055,43.66973],[-79.51034,43.66926],[-79.50644,43.67153],[-79.50555,43.6741],[-79.50506,43.67435],[-79.50439,43.67343],[-79.50305,43.67309],[-79.49832,43.67507],[-79.49595,43.67492],[-79.49368,43.67526],[-79.48904,43.6748],[-79.48366,43.67636],[-79.48238,43.67382],[-79.48147,43.67348],[-79.47295,43.67502],[-79.47246,43.67558],[-79.47333,43.67606],[-79.48119,43.67461],[-79.48171,43.6761],[-79.4828,43.67732],[-79.4822,43.67903],[-79.47864,43.68416],[-79.48022,43.68651],[-79.47989,43.68819],[-79.48038,43.68895],[-79.48045,43.69086],[-79.48143,43.69201],[-79.48343,43.69248],[-79.48419,43.69364],[-79.4836,43.69467],[-79.48187,43.6944],[-79.47983,43.69476],[-79.47729,43.6955],[-79.47707,43.6963],[-79.47863,43.69649],[-79.48212,43.69552],[-79.48356,43.6959],[-79.48475,43.69567],[-79.48503,43.69652],[-79.48651,43.69744],[-79.48674,43.69831],[-79.48568,43.69857],[-79.48542,43.69908],[-79.48685,43.69966],[-79.48709,43.70147],[-79.4877,43.70236],[-79.48863,43.70265],[-79.48974,43.7025],[-79.49305,43.70434],[-79.49496,43.70494],[-79.49615,43.70632],[-79.49772,43.70621],[-79.49882,43.70683],[-79.50112,43.70632],[-79.50159,43.70658],[-79.50259,43.70789],[-79.50252,43.70948],[-79.50171,43.70967],[-79.50163,43.71029],[-79.50276,43.71062],[-79.50398,43.71213],[-79.50709,43.71275],[-79.50723,43.71387],[-79.50835,43.71536],[-79.50618,43.71646],[-79.50565,43.71715],[-79.50591,43.71886],[-79.50725,43.72167],[-79.51032,43.72376],[-79.51513,43.72387],[-79.51636,43.72447],[-79.51574,43.72535],[-79.51564,43.72744],[-79.51658,43.72887],[-79.51831,43.72999],[-79.51806,43.73154],[-79.51584,43.73206],[-79.51301,43.73162],[-79.50597,43.73419],[-79.50343,43.73375],[-79.50188,43.73419],[-79.50075,43.73366],[-79.49602,43.73439],[-79.49193,43.73583],[-79.49224,43.73652],[-79.49364,43.73655],[-79.49344,43.73806],[-79.49284,43.73884],[-79.49236,43.73906],[-79.48766,43.73844],[-79.48699,43.73903],[-79.48814,43.73972],[-79.49215,43.74014],[-79.49403,43.7396],[-79.49529,43.7406],[-79.49535,43.74131],[-79.49475,43.74158],[-79.48995,43.74111],[-79.48913,43.74179],[-79.48931,43.74263],[-79.4902,43.74277],[-79.49061,43.7422],[-79.49472,43.74267],[-79.49612,43.74233],[-79.49704,43.74427],[-79.49721,43.74612],[-79.49796,43.74661],[-79.49781,43.74746],[-79.49853,43.7476],[-79.49968,43.74714],[-79.50134,43.74756],[-79.50525,43.75018],[-79.50662,43.7505],[-79.50702,43.75137],[-79.50902,43.7516],[-79.50927,43.75243],[-79.50868,43.7533],[-79.50738,43.75371],[-79.50705,43.75477],[-79.50581,43.75525],[-79.50541,43.75656],[-79.50346,43.75793],[-79.50429,43.76087],[-79.50635,43.76124],[-79.50757,43.76232],[-79.50667,43.76304],[-79.50638,43.76429],[-79.50495,43.76604],[-79.50584,43.76638],[-79.50723,43.76562],[-79.50829,43.7662],[-79.50949,43.76783],[-79.50759,43.76933],[-79.50825,43.77087],[-79.5093,43.77081],[-79.50921,43.76972],[-79.51053,43.76899],[-79.51229,43.7705],[-79.51568,43.77058],[-79.51634,43.77213],[-79.51809,43.77336],[-79.51796,43.77438],[-79.52079,43.77541]]]}},{"type":"Feature","properties":{"OGF_ID":89,"DESIGNATION":"Urban River Valley","EFFECTIVE_DATETIME":"2022-12-18","SYSTEM_DATETIME":"2023-12-14"},"geometry":{"type":"Polygon","coordinates":[[[-78.77579,43.87572],[-78.77601,43.87619],[-78.79192,43.87461],[-78.79631,43.87526],[-78.80121,43.87667],[-78.80205,43.87561],[-78.80709,43.87495],[-78.80318,43.87212],[-78.80224,43.8699],[-78.80163,43.86847],[-78.79702,43.86702],[-78.79569,43.86741],[-78.79364,43.86731],[-78.78892,43.86878],[-78.78435,43.86946],[-78.78122,43.86937],[-78.77631,43.86841],[-78.77254,43.86823],[-78.77579,43.87572]]]}},{"type":"Feature","properties":{"OGF_ID":90,"DESIGNATION":"Urban River Valley","EFFECTIVE_DATETIME":"2022-12-18","SYSTEM_DATETIME":"2023-12-14"},"geometry":{"type":"Polygon","coordinates":[[[-78.84121,43.8836],[-78.84262,43.88329],[-78.84242,43.88295],[-78.84015,43.88138],[-78.83866,43.88105],[-78.83723,43.87848],[-78.8361,43.87787],[-78.83509,43.87608],[-78.83244,43.87484],[-78.83209,43.874],[-78.83113,43.87362],[-78.83025,43.87094],[-78.8295,43.87093],[-78.82896,43.86995],[-78.82686,43.86931],[-78.82617,43.86971],[-78.82413,43.86971],[-78.82623,43.8702],[-78.82717,43.87155],[-78.82881,43.87124],[-78.82981,43.8742],[-78.83111,43.87544],[-78.83442,43.87732],[-78.83467,43.87844],[-78.83572,43.87899],[-78.83738,43.88169],[-78.84121,43.8836]]]}},{"type":"Feature","properties":{"OGF_ID":91,"DESIGNATION":"Urban River Valley","EFFECTIVE_DATETIME":"2022-12-18","SYSTEM_DATETIME":"2023-12-14"},"geometry":{"type":"Polygon","coordinates":[[[-78.67373,43.89233],[-78.67445,43.89337],[-78.67706,43.89337],[-78.67618,43.89132],[-78.67636,43.89053],[-78.67687,43.88995],[-78.67726,43.89013],[-78.68025,43.88938],[-78.68081,43.88488],[-78.68356,43.88153],[-78.6823,43.88183],[-78.68116,43.8811],[-78.67869,43.88467],[-78.67523,43.88678],[-78.67608,43.88873],[-78.67176,43.88997],[-78.6719,43.89032],[-78.67343,43.89215],[-78.67373,43.89233]]]}},{"type":"Feature","properties":{"OGF_ID":92,"DESIGNATION":"Urban River Valley","EFFECTIVE_DATETIME":"2022-12-18","SYSTEM_DATETIME":"2023-12-14"},"geometry":{"type":"Polygon","coordinates":[[[-78.5859,43.90749],[-78.58768,43.9074],[-78.58881,43.90613],[-78.59145,43.90531],[-78.59167,43.90396],[-78.59523,43.90155],[-78.59477,43.90027],[-78.59442,43.90016],[-78.59211,43.90247],[-78.59045,43.90328],[-78.58983,43.90464],[-78.58823,43.90496],[-78.5863,43.90614],[-78.5859,43.90749]]]}},{"type":"Feature","properties":{"OGF_ID":93,"DESIGNATION":"Urban River Valley","EFFECTIVE_DATETIME":"2022-12-18","SYSTEM_DATETIME":"2023-12-14"},"geometry":{"type":"Polygon","coordinates":[[[-78.60383,43.91009],[-78.60464,43.91131],[-78.60545,43.91118],[-78.60519,43.91036],[-78.60624,43.91023],[-78.60592,43.9097],[-78.60587,43.9097],[-78.60476,43.90927],[-78.60472,43.90921],[-78.60448,43.90834],[-78.60442,43.90829],[-78.60363,43.90778],[-78.60354,43.9077],[-78.60337,43.90743],[-78.60331,43.90738],[-78.60262,43.90742],[-78.60068,43.90798],[-78.60167,43.91015],[-78.60383,43.91009]]]}},{"type":"Feature","properties":{"OGF_ID":46,"DESIGNATION":"Urban River Valley","EFFECTIVE_DATETIME":"2017-05-18","SYSTEM_DATETIME":"2023-12-14"},"geometry":{"type":"Polygon","coordinates":[[[-79.7807,43.46496],[-79.78301,43.46665],[-79.78318,43.46614],[-79.785,43.45513],[-79.78162,43.45266],[-79.7844,43.44671],[-79.78512,43.44337],[-79.77664,43.43718],[-79.77554,43.43821],[-79.77509,43.4379],[-79.77463,43.43831],[-79.77408,43.43821],[-79.77456,43.43913],[-79.77416,43.43989],[-79.77531,43.44016],[-79.776,43.44142],[-79.77595,43.44319],[-79.7805,43.44668],[-79.78029,43.44713],[-79.77261,43.45404],[-79.77033,43.45399],[-79.76916,43.45331],[-79.76611,43.45575],[-79.75945,43.45454],[-79.76591,43.45929],[-79.77046,43.46261],[-79.77208,43.46375],[-79.77342,43.46373],[-79.77523,43.46274],[-79.77555,43.46349],[-79.77692,43.4643],[-79.77849,43.4645],[-79.7792,43.46385],[-79.7798,43.46429],[-79.7807,43.46496]]]}},{"type":"Feature","properties":{"OGF_ID":47,"DESIGNATION":"Protected Countryside","EFFECTIVE_DATETIME":"2017-05-18","SYSTEM_DATETIME":"2023-12-14"},"geometry":{"type":"Polygon","coordinates":[[[-79.20232,43.10422],[-79.19879,43.11007],[-79.20067,43.11069],[-79.20076,43.11121],[-79.20603,43.10802],[-79.21051,43.10397],[-79.21204,43.10407],[-79.21203,43.10495],[-79.21305,43.10504],[-79.21302,43.10431],[-79.2141,43.10441],[-79.21407,43.10379],[-79.219,43.10469],[-79.21899,43.10581],[-79.21794,43.10547],[-79.21656,43.10611],[-79.21561,43.1057],[-79.21445,43.10621],[-79.21239,43.10606],[-79.21174,43.10802],[-79.21196,43.10885],[-79.22065,43.10631],[-79.23,43.1075],[-79.24321,43.1075],[-79.24341,43.10749],[-79.24365,43.10747],[-79.24939,43.1071],[-79.24944,43.10712],[-79.24966,43.10722],[-79.24969,43.10723],[-79.24972,43.10725],[-79.24975,43.10726],[-79.25008,43.10738],[-79.25017,43.10742],[-79.25015,43.10492],[-79.25015,43.10471],[-79.25152,43.10547],[-79.25128,43.10582],[-79.25299,43.10626],[-79.25535,43.1061],[-79.25532,43.10513],[-79.25744,43.10503],[-79.25741,43.10417],[-79.25853,43.10412],[-79.25855,43.1045],[-79.2595,43.10446],[-79.25967,43.1052],[-79.26224,43.10606],[-79.26208,43.10142],[-79.26206,43.10094],[-79.26148,43.08322],[-79.26147,43.08307],[-79.26147,43.08307],[-79.26133,43.07821],[-79.26639,43.07795],[-79.26556,43.05923],[-79.26588,43.05924],[-79.26578,43.05508],[-79.26785,43.05427],[-79.26779,43.05218],[-79.27022,43.05113],[-79.26991,43.03398],[-79.26742,43.034],[-79.26757,43.03813],[-79.26503,43.03815],[-79.26508,43.04066],[-79.25862,43.04047],[-79.25867,43.04221],[-79.24976,43.04209],[-79.25023,43.05988],[-79.25072,43.06337],[-79.24588,43.06953],[-79.23501,43.06982],[-79.23502,43.07489],[-79.23569,43.07916],[-79.21042,43.08001],[-79.20814,43.09424],[-79.20698,43.09685],[-79.20232,43.10422]]]}},{"type":"Feature","properties":{"OGF_ID":48,"DESIGNATION":"Protected Countryside","EFFECTIVE_DATETIME":"2017-05-18","SYSTEM_DATETIME":"2023-12-14"},"geometry":{"type":"Polygon","coordinates":[[[-79.36754,43.11883],[-79.36774,43.12449],[-79.38803,43.12405],[-79.38912,43.12341],[-79.39109,43.12307],[-79.38926,43.09592],[-79.38705,43.01475],[-79.31099,43.01594],[-79.31097,43.02505],[-79.30017,43.02517],[-79.30016,43.03408],[-79.3006,43.03408],[-79.30073,43.03844],[-79.30044,43.04143],[-79.30291,43.04141],[-79.30297,43.04342],[-79.30058,43.04343],[-79.30086,43.05275],[-79.3404,43.05237],[-79.34063,43.06108],[-79.33604,43.06111],[-79.33647,43.07045],[-79.33144,43.07051],[-79.33235,43.08928],[-79.33191,43.09205],[-79.32254,43.08954],[-79.32255,43.08972],[-79.32289,43.0991],[-79.32979,43.09892],[-79.33298,43.10542],[-79.33219,43.10752],[-79.34185,43.10718],[-79.34712,43.1066],[-79.34736,43.11514],[-79.3457,43.11625],[-79.36742,43.11523],[-79.36754,43.11883]]]}},{"type":"Feature","properties":{"OGF_ID":49,"DESIGNATION":"Protected Countryside","EFFECTIVE_DATETIME":"2023-12-06","SYSTEM_DATETIME":"2023-12-14"},"geometry":{"type":"Polygon","coordinates":[[[-79.63833,43.21335],[-79.63925,43.2117],[-79.64164,43.21226],[-79.64206,43.21126],[-79.64122,43.21107],[-79.64169,43.20992],[-79.64254,43.2101],[-79.64377,43.20711],[-79.64324,43.20716],[-79.63904,43.20728],[-79.63117,43.20618],[-79.62896,43.21107],[-79.63833,43.21335]]]}},{"type":"Feature","properties":{"OGF_ID":50,"DESIGNATION":"Protected Countryside","EFFECTIVE_DATETIME":"2017-05-18","SYSTEM_DATETIME":"2023-12-14"},"geometry":{"type":"Polygon","coordinates":[[[-79.67413,43.21605],[-79.67824,43.21711],[-79.67892,43.21549],[-79.68039,43.21587],[-79.68264,43.21049],[-79.67461,43.20738],[-79.67461,43.20738],[-79.67423,43.20737],[-79.67346,43.20745],[-79.66984,43.2152],[-79.67301,43.21592],[-79.67335,43.21511],[-79.67443,43.21535],[-79.67413,43.21605]]]}},{"type":"Feature","properties":{"OGF_ID":79,"DESIGNATION":"Protected Countryside","EFFECTIVE_DATETIME":"2023-12-06","SYSTEM_DATETIME":"2023-12-14"},"geometry":{"type":"Polygon","coordinates":[[[-79.55244,43.91179],[-79.55256,43.91529],[-79.55264,43.91757],[-79.55344,43.91983],[-79.55952,43.92904],[-79.56182,43.93926],[-79.56536,43.94221],[-79.56873,43.94217],[-79.57479,43.93966],[-79.58733,43.93815],[-79.59076,43.93613],[-79.5921,43.93309],[-79.5929,43.92751],[-79.59142,43.92271],[-79.58653,43.91533],[-79.5866,43.91316],[-79.58876,43.91176],[-79.62239,43.91789],[-79.62889,43.91763],[-79.63705,43.91613],[-79.65828,43.91538],[-79.68743,43.91745],[-79.71739,43.92161],[-79.72364,43.92134],[-79.72628,43.92066],[-79.72895,43.9189],[-79.72976,43.91675],[-79.72836,43.9132],[-79.7246,43.90945],[-79.7252,43.90586],[-79.7202,43.9019],[-79.71365,43.89955],[-79.71286,43.90125],[-79.71387,43.90929],[-79.71308,43.91099],[-79.71246,43.9108],[-79.70828,43.89974],[-79.7082,43.89812],[-79.70909,43.89777],[-79.71553,43.89913],[-79.72332,43.90186],[-79.72619,43.90163],[-79.72767,43.9022],[-79.73079,43.90224],[-79.73361,43.90418],[-79.73885,43.90417],[-79.73865,43.90678],[-79.74173,43.90844],[-79.74324,43.91235],[-79.74572,43.91292],[-79.74578,43.915],[-79.74953,43.91496],[-79.7514,43.91432],[-79.74753,43.91149],[-79.75031,43.90943],[-79.74256,43.90413],[-79.74498,43.90207],[-79.74207,43.90002],[-79.73786,43.90055],[-79.73637,43.90164],[-79.73463,43.90046],[-79.73181,43.90018],[-79.72929,43.89852],[-79.7298,43.89807],[-79.73072,43.89832],[-79.73122,43.89809],[-79.73035,43.89716],[-79.72933,43.89757],[-79.72698,43.89569],[-79.72798,43.89519],[-79.72942,43.89591],[-79.73267,43.8964],[-79.7336,43.89692],[-79.73386,43.89667],[-79.7334,43.89605],[-79.73504,43.89482],[-79.73419,43.89421],[-79.73747,43.89133],[-79.73698,43.89097],[-79.7361,43.89033],[-79.73519,43.89099],[-79.73437,43.89043],[-79.73309,43.89081],[-79.73072,43.89069],[-79.7306,43.89032],[-79.73191,43.88959],[-79.73076,43.88896],[-79.72891,43.89021],[-79.72455,43.88705],[-79.72396,43.88713],[-79.7184,43.88804],[-79.71778,43.88694],[-79.71719,43.88589],[-79.70934,43.872],[-79.70198,43.87317],[-79.69745,43.87322],[-79.69676,43.8724],[-79.69551,43.86668],[-79.70148,43.86556],[-79.70074,43.86402],[-79.69764,43.86343],[-79.69671,43.86098],[-79.69377,43.86147],[-79.69396,43.86224],[-79.6912,43.86284],[-79.69428,43.86554],[-79.69122,43.86649],[-79.6877,43.86633],[-79.68527,43.86712],[-79.68528,43.86116],[-79.68864,43.86045],[-79.68904,43.86002],[-79.68358,43.85776],[-79.68081,43.85001],[-79.67834,43.85052],[-79.68034,43.85793],[-79.67567,43.85893],[-79.66769,43.85694],[-79.66096,43.85712],[-79.65705,43.85363],[-79.65882,43.85212],[-79.65789,43.84991],[-79.66002,43.84942],[-79.66023,43.84983],[-79.6617,43.84945],[-79.6609,43.84766],[-79.65994,43.84788],[-79.65809,43.84732],[-79.65757,43.84603],[-79.65697,43.84617],[-79.65545,43.84482],[-79.6533,43.84529],[-79.65171,43.84473],[-79.65214,43.84421],[-79.65483,43.84372],[-79.65441,43.84302],[-79.65027,43.84305],[-79.64955,43.84267],[-79.64734,43.8432],[-79.64349,43.84413],[-79.64343,43.84578],[-79.64092,43.84635],[-79.63963,43.8454],[-79.64008,43.84486],[-79.63745,43.84548],[-79.63631,43.84575],[-79.63745,43.84774],[-79.63703,43.84875],[-79.63749,43.84901],[-79.63819,43.84887],[-79.63903,43.84972],[-79.63964,43.84946],[-79.64037,43.84984],[-79.64282,43.84927],[-79.64359,43.84875],[-79.64462,43.84892],[-79.64491,43.85142],[-79.64606,43.85229],[-79.64311,43.85321],[-79.64323,43.85368],[-79.6452,43.85444],[-79.64683,43.85365],[-79.64782,43.85372],[-79.64831,43.8559],[-79.6458,43.85647],[-79.64588,43.85678],[-79.64735,43.85641],[-79.64786,43.85677],[-79.64629,43.85704],[-79.64603,43.85738],[-79.6464,43.8574],[-79.64669,43.85937],[-79.64723,43.86005],[-79.64857,43.85974],[-79.64855,43.86065],[-79.64709,43.86103],[-79.64685,43.86175],[-79.64619,43.86162],[-79.64587,43.86284],[-79.64427,43.86333],[-79.64388,43.8626],[-79.64382,43.86362],[-79.64421,43.86557],[-79.64731,43.86497],[-79.64691,43.86403],[-79.64951,43.86346],[-79.64978,43.86441],[-79.64804,43.86506],[-79.64854,43.86751],[-79.6447,43.8683],[-79.64434,43.8669],[-79.64301,43.86699],[-79.64145,43.86612],[-79.6388,43.86575],[-79.63749,43.86599],[-79.63702,43.86522],[-79.63835,43.86242],[-79.63757,43.86098],[-79.63671,43.86103],[-79.63623,43.85808],[-79.63434,43.85651],[-79.63295,43.85673],[-79.63203,43.85658],[-79.63217,43.85621],[-79.63168,43.85662],[-79.63064,43.85624],[-79.62956,43.85643],[-79.62934,43.85567],[-79.62995,43.85513],[-79.63205,43.85481],[-79.63206,43.85421],[-79.63012,43.85382],[-79.63008,43.85313],[-79.63091,43.85296],[-79.63054,43.85275],[-79.62962,43.85295],[-79.62759,43.85191],[-79.62746,43.85135],[-79.62849,43.85016],[-79.62858,43.84936],[-79.62611,43.84989],[-79.62384,43.85037],[-79.61001,43.85329],[-79.60973,43.8526],[-79.60852,43.85281],[-79.60762,43.85006],[-79.61354,43.84885],[-79.6126,43.84482],[-79.61187,43.84169],[-79.61166,43.84082],[-79.6113,43.83925],[-79.61076,43.83692],[-79.61043,43.8355],[-79.60801,43.82512],[-79.60698,43.82371],[-79.60229,43.82256],[-79.59772,43.81826],[-79.5925,43.81887],[-79.59151,43.81692],[-79.59079,43.81693],[-79.5904,43.81641],[-79.5906,43.81567],[-79.59194,43.81531],[-79.59197,43.81574],[-79.59267,43.81567],[-79.59264,43.81497],[-79.59432,43.81455],[-79.5936,43.81412],[-79.59417,43.81317],[-79.58879,43.80948],[-79.58471,43.80341],[-79.58229,43.80385],[-79.58197,43.80562],[-79.57879,43.80631],[-79.58047,43.81367],[-79.57896,43.814],[-79.57963,43.81573],[-79.57846,43.81645],[-79.57867,43.81824],[-79.57936,43.81908],[-79.57995,43.81901],[-79.5796,43.81824],[-79.58025,43.81786],[-79.58133,43.81841],[-79.5821,43.8212],[-79.58001,43.82166],[-79.58019,43.82225],[-79.57968,43.82265],[-79.57642,43.82359],[-79.57662,43.82407],[-79.58036,43.82438],[-79.58062,43.82549],[-79.583,43.82499],[-79.58782,43.84615],[-79.58786,43.84635],[-79.58821,43.84788],[-79.59624,43.85269],[-79.5979,43.85257],[-79.59935,43.85406],[-79.59819,43.85599],[-79.5905,43.8576],[-79.59169,43.86302],[-79.59041,43.86328],[-79.58999,43.86206],[-79.58827,43.86118],[-79.5881,43.86047],[-79.58731,43.86006],[-79.58754,43.85881],[-79.58619,43.85905],[-79.58597,43.85909],[-79.58518,43.85924],[-79.58435,43.86069],[-79.58464,43.86144],[-79.58181,43.86198],[-79.58144,43.86291],[-79.57906,43.86337],[-79.57823,43.86207],[-79.57045,43.86315],[-79.57007,43.8622],[-79.56482,43.86308],[-79.56495,43.86381],[-79.56681,43.86613],[-79.56832,43.86662],[-79.56891,43.86831],[-79.5704,43.86863],[-79.57263,43.86814],[-79.57246,43.86776],[-79.57697,43.8668],[-79.5772,43.86787],[-79.57659,43.86887],[-79.57797,43.87003],[-79.57882,43.86987],[-79.57932,43.87171],[-79.57763,43.87201],[-79.57804,43.87332],[-79.5788,43.87363],[-79.58001,43.87335],[-79.58071,43.87562],[-79.584,43.87502],[-79.58326,43.87287],[-79.58121,43.87319],[-79.58011,43.86963],[-79.58066,43.86875],[-79.57995,43.86796],[-79.58365,43.8672],[-79.58405,43.86405],[-79.58661,43.86356],[-79.58746,43.86444],[-79.58775,43.86602],[-79.58682,43.86628],[-79.58629,43.86824],[-79.58666,43.86893],[-79.58599,43.86939],[-79.58622,43.87048],[-79.58656,43.87041],[-79.58784,43.87198],[-79.58859,43.87184],[-79.58915,43.87348],[-79.58697,43.87587],[-79.58533,43.8764],[-79.58572,43.87855],[-79.58383,43.87877],[-79.5779,43.88319],[-79.57789,43.88397],[-79.57874,43.88513],[-79.57834,43.88611],[-79.57879,43.88741],[-79.57999,43.88758],[-79.58115,43.88929],[-79.58066,43.89046],[-79.5771,43.89121],[-79.57857,43.89582],[-79.57996,43.89566],[-79.58037,43.8968],[-79.58254,43.89637],[-79.58277,43.89715],[-79.58357,43.89725],[-79.58371,43.89775],[-79.58493,43.89753],[-79.58472,43.89704],[-79.58524,43.89665],[-79.58471,43.8951],[-79.58508,43.89417],[-79.58471,43.89239],[-79.58327,43.89082],[-79.5837,43.88947],[-79.58109,43.88603],[-79.58123,43.88468],[-79.57992,43.88365],[-79.58191,43.88323],[-79.58246,43.88387],[-79.58343,43.88363],[-79.58341,43.88202],[-79.58674,43.88035],[-79.58732,43.88214],[-79.58829,43.8819],[-79.58946,43.88458],[-79.5878,43.88708],[-79.58884,43.88761],[-79.58979,43.88753],[-79.59058,43.88652],[-79.59125,43.88693],[-79.59192,43.88684],[-79.59291,43.88772],[-79.59419,43.88693],[-79.5922,43.88508],[-79.59656,43.88417],[-79.59602,43.8819],[-79.591,43.8829],[-79.58967,43.8805],[-79.58986,43.87968],[-79.5921,43.87928],[-79.5914,43.87716],[-79.59475,43.87648],[-79.5955,43.87977],[-79.59662,43.8796],[-79.59701,43.88106],[-79.60106,43.8803],[-79.60193,43.88247],[-79.60497,43.88186],[-79.60567,43.88374],[-79.60712,43.88345],[-79.60819,43.88624],[-79.60926,43.88641],[-79.60966,43.88804],[-79.60801,43.88838],[-79.60795,43.89057],[-79.60988,43.89084],[-79.61099,43.89005],[-79.61068,43.88898],[-79.61399,43.88828],[-79.61194,43.88389],[-79.61589,43.88301],[-79.61619,43.88399],[-79.61837,43.88357],[-79.61846,43.88392],[-79.61987,43.88445],[-79.62168,43.88408],[-79.62222,43.88675],[-79.619,43.88734],[-79.61947,43.88907],[-79.61902,43.89025],[-79.61934,43.89134],[-79.61821,43.89157],[-79.61784,43.89049],[-79.60889,43.89247],[-79.60998,43.8961],[-79.60424,43.89728],[-79.60406,43.89652],[-79.60162,43.89702],[-79.60188,43.89777],[-79.59988,43.89822],[-79.59966,43.89722],[-79.59663,43.89742],[-79.59728,43.89966],[-79.5959,43.90003],[-79.59511,43.89905],[-79.59353,43.89942],[-79.59403,43.90087],[-79.59088,43.90105],[-79.58578,43.90318],[-79.5855,43.90435],[-79.57987,43.90565],[-79.57787,43.90505],[-79.57502,43.90562],[-79.57531,43.90649],[-79.56953,43.90692],[-79.56971,43.90766],[-79.56567,43.9084],[-79.5648,43.90743],[-79.55615,43.90906],[-79.55427,43.90833],[-79.5541,43.90784],[-79.55174,43.90832],[-79.55239,43.90985],[-79.55113,43.90988],[-79.55244,43.91179]],[[-79.63126,43.88113],[-79.62958,43.88141],[-79.62968,43.88187],[-79.62513,43.88267],[-79.62477,43.88154],[-79.62421,43.88167],[-79.62401,43.88127],[-79.62116,43.88183],[-79.62093,43.88054],[-79.62191,43.87997],[-79.62165,43.87811],[-79.62258,43.87795],[-79.6216,43.87622],[-79.62322,43.87595],[-79.62361,43.87406],[-79.62585,43.87366],[-79.62672,43.87497],[-79.62888,43.8758],[-79.62917,43.87682],[-79.62965,43.87674],[-79.63126,43.88113]],[[-79.59453,43.87485],[-79.59034,43.87594],[-79.59054,43.873],[-79.58792,43.87014],[-79.59333,43.86909],[-79.59453,43.87485]],[[-79.62891,43.86889],[-79.62789,43.86782],[-79.62681,43.86805],[-79.6266,43.86717],[-79.62394,43.86771],[-79.62402,43.86837],[-79.62173,43.86879],[-79.62052,43.86647],[-79.61855,43.86682],[-79.61755,43.86641],[-79.61544,43.85621],[-79.61714,43.85701],[-79.61843,43.85675],[-79.61821,43.85562],[-79.62313,43.85457],[-79.62331,43.85658],[-79.62559,43.8594],[-79.62263,43.86015],[-79.62345,43.8607],[-79.62323,43.86187],[-79.62568,43.8613],[-79.62581,43.86286],[-79.62832,43.86504],[-79.6331,43.86396],[-79.63341,43.86533],[-79.63222,43.86554],[-79.63165,43.86617],[-79.63192,43.86694],[-79.63286,43.8672],[-79.63337,43.86952],[-79.63386,43.86954],[-79.63427,43.87141],[-79.63369,43.87208],[-79.63274,43.87225],[-79.63222,43.87193],[-79.63178,43.87069],[-79.63115,43.87077],[-79.63151,43.87192],[-79.63012,43.87221],[-79.62891,43.86889]]]}},{"type":"Feature","properties":{"OGF_ID":53,"DESIGNATION":"Protected Countryside","EFFECTIVE_DATETIME":"2017-05-18","SYSTEM_DATETIME":"2023-12-14"},"geometry":{"type":"Polygon","coordinates":[[[-79.89612,43.29032],[-79.89421,43.29238],[-79.89398,43.29361],[-79.89605,43.2964],[-79.89775,43.29763],[-79.89435,43.29317],[-79.89532,43.2916],[-79.89723,43.29033],[-79.89812,43.28822],[-79.89735,43.28603],[-79.89695,43.28616],[-79.89715,43.28859],[-79.89612,43.29032]]]}},{"type":"Feature","properties":{"OGF_ID":54,"DESIGNATION":"Protected Countryside","EFFECTIVE_DATETIME":"2017-05-18","SYSTEM_DATETIME":"2023-12-14"},"geometry":{"type":"Polygon","coordinates":[[[-79.90763,43.30479],[-79.90764,43.30479],[-79.90437,43.30243],[-79.90763,43.30479]]]}},{"type":"Feature","properties":{"OGF_ID":55,"DESIGNATION":"Protected Countryside","EFFECTIVE_DATETIME":"2017-05-18","SYSTEM_DATETIME":"2023-12-14"},"geometry":{"type":"Polygon","coordinates":[[[-79.88242,43.31672],[-79.88389,43.32312],[-79.902,43.31066],[-79.90482,43.30834],[-79.89882,43.30663],[-79.89801,43.30548],[-79.89979,43.30496],[-79.89751,43.30301],[-79.89775,43.30223],[-79.9014,43.30338],[-79.90119,43.30384],[-79.90215,43.30395],[-79.90248,43.30285],[-79.90362,43.30299],[-79.90367,43.30255],[-79.9031,43.30227],[-79.90346,43.30177],[-79.90398,43.30214],[-79.90126,43.30017],[-79.90023,43.30127],[-79.89424,43.29955],[-79.89071,43.2962],[-79.88494,43.2975],[-79.88621,43.30042],[-79.89187,43.30058],[-79.89409,43.30387],[-79.88854,43.30162],[-79.88388,43.30047],[-79.88109,43.2982],[-79.87932,43.29938],[-79.88152,43.30285],[-79.88478,43.3041],[-79.88559,43.30248],[-79.88813,43.30394],[-79.88891,43.30714],[-79.89067,43.30717],[-79.89056,43.30482],[-79.89573,43.30809],[-79.89704,43.31181],[-79.89489,43.31457],[-79.88293,43.30655],[-79.88411,43.30576],[-79.87736,43.30084],[-79.87589,43.30194],[-79.87767,43.30342],[-79.87661,43.30397],[-79.8748,43.30237],[-79.8728,43.30362],[-79.87478,43.30504],[-79.87503,43.30665],[-79.87633,43.30773],[-79.87895,43.30628],[-79.88123,43.30798],[-79.8785,43.31017],[-79.87581,43.30986],[-79.87422,43.30774],[-79.86844,43.30579],[-79.8674,43.30652],[-79.86629,43.30731],[-79.87193,43.30933],[-79.87361,43.3118],[-79.87955,43.31309],[-79.87852,43.31416],[-79.88242,43.31672]]]}},{"type":"Feature","properties":{"OGF_ID":56,"DESIGNATION":"Protected Countryside","EFFECTIVE_DATETIME":"2017-05-18","SYSTEM_DATETIME":"2023-12-14"},"geometry":{"type":"Polygon","coordinates":[[[-79.84383,43.33737],[-79.84681,43.33765],[-79.85303,43.34214],[-79.85152,43.34332],[-79.84964,43.3434],[-79.85446,43.34808],[-79.855,43.34639],[-79.85576,43.34399],[-79.85387,43.34265],[-79.86387,43.3361],[-79.8683,43.33272],[-79.86755,43.33226],[-79.86857,43.32974],[-79.87054,43.32825],[-79.86729,43.32584],[-79.86807,43.32535],[-79.8663,43.32406],[-79.86783,43.3234],[-79.87222,43.32651],[-79.87332,43.32615],[-79.87276,43.32517],[-79.87332,43.32481],[-79.87487,43.32697],[-79.8765,43.32764],[-79.8797,43.32601],[-79.87928,43.32558],[-79.87703,43.32632],[-79.87488,43.32391],[-79.87669,43.32231],[-79.87291,43.32119],[-79.8694,43.31859],[-79.86824,43.31637],[-79.86542,43.31575],[-79.86048,43.31254],[-79.85642,43.31629],[-79.86093,43.31928],[-79.85515,43.32227],[-79.86486,43.33193],[-79.85979,43.33564],[-79.85727,43.33361],[-79.85528,43.3351],[-79.85385,43.3341],[-79.85226,43.33693],[-79.84842,43.33664],[-79.84533,43.33472],[-79.84317,43.33663],[-79.84383,43.33737]]]}},{"type":"Feature","properties":{"OGF_ID":57,"DESIGNATION":"Protected Countryside","EFFECTIVE_DATETIME":"2017-05-18","SYSTEM_DATETIME":"2023-12-14"},"geometry":{"type":"Polygon","coordinates":[[[-79.8386,43.37906],[-79.83734,43.38017],[-79.83986,43.37794],[-79.8386,43.37906]]]}},{"type":"Feature","properties":{"OGF_ID":58,"DESIGNATION":"Protected Countryside","EFFECTIVE_DATETIME":"2017-05-18","SYSTEM_DATETIME":"2023-12-14"},"geometry":{"type":"Polygon","coordinates":[[[-79.83045,43.55916],[-79.83712,43.56431],[-79.83913,43.56254],[-79.84008,43.56171],[-79.84038,43.56144],[-79.83545,43.55788],[-79.8397,43.55409],[-79.84638,43.55371],[-79.84783,43.55468],[-79.85121,43.55164],[-79.84874,43.5497],[-79.84583,43.5495],[-79.84395,43.55118],[-79.83966,43.55006],[-79.83865,43.55166],[-79.83728,43.55218],[-79.83557,43.55181],[-79.83457,43.55243],[-79.83199,43.55222],[-79.82965,43.55354],[-79.80736,43.53711],[-79.80537,43.53698],[-79.80332,43.53541],[-79.80215,43.53633],[-79.80006,43.53477],[-79.8017,43.5334],[-79.79787,43.53054],[-79.79535,43.52971],[-79.79348,43.52981],[-79.79261,43.53045],[-79.7908,43.5291],[-79.78725,43.53217],[-79.78228,43.52872],[-79.78597,43.52556],[-79.78369,43.52401],[-79.78312,43.52447],[-79.78105,43.52296],[-79.78219,43.52172],[-79.78086,43.52063],[-79.78179,43.51831],[-79.77882,43.51617],[-79.77891,43.51572],[-79.78254,43.5152],[-79.78242,43.51416],[-79.78034,43.51411],[-79.77679,43.51112],[-79.78017,43.50812],[-79.7768,43.50543],[-79.77925,43.50327],[-79.78472,43.50489],[-79.78657,43.50428],[-79.78417,43.50266],[-79.78073,43.50111],[-79.78172,43.50022],[-79.78052,43.49932],[-79.78113,43.49759],[-79.7844,43.49672],[-79.78424,43.49546],[-79.77994,43.49577],[-79.7721,43.48999],[-79.77156,43.4882],[-79.77733,43.48393],[-79.77853,43.48416],[-79.78371,43.4799],[-79.78635,43.47888],[-79.7875,43.47973],[-79.78857,43.47909],[-79.78937,43.47989],[-79.79266,43.47781],[-79.79514,43.47738],[-79.79549,43.4785],[-79.79754,43.47974],[-79.79757,43.48053],[-79.80034,43.48221],[-79.8009,43.48337],[-79.79897,43.48514],[-79.7992,43.48581],[-79.79707,43.48667],[-79.7976,43.48775],[-79.79996,43.4872],[-79.80047,43.48796],[-79.80001,43.48872],[-79.80084,43.48937],[-79.80171,43.48862],[-79.80288,43.48941],[-79.80429,43.48811],[-79.80228,43.48607],[-79.80413,43.48461],[-79.80818,43.4866],[-79.80976,43.48661],[-79.81337,43.4889],[-79.81449,43.48803],[-79.81672,43.49028],[-79.816,43.49082],[-79.81931,43.4924],[-79.82107,43.49095],[-79.82278,43.49204],[-79.82439,43.49153],[-79.82625,43.4928],[-79.8282,43.49301],[-79.83196,43.48958],[-79.82962,43.48812],[-79.82583,43.48829],[-79.82442,43.48693],[-79.81818,43.486],[-79.80723,43.48143],[-79.80646,43.48211],[-79.80453,43.48099],[-79.80508,43.47848],[-79.80653,43.4788],[-79.80748,43.4781],[-79.80479,43.47697],[-79.80504,43.47639],[-79.81167,43.47729],[-79.81087,43.47523],[-79.80579,43.47445],[-79.80405,43.47445],[-79.80291,43.47504],[-79.80085,43.47401],[-79.80252,43.47216],[-79.80456,43.47197],[-79.80507,43.47134],[-79.80481,43.46989],[-79.80631,43.46851],[-79.80338,43.46717],[-79.79986,43.46826],[-79.79925,43.46659],[-79.80068,43.46367],[-79.80311,43.46253],[-79.81796,43.44936],[-79.8199,43.44364],[-79.81917,43.43925],[-79.82278,43.43196],[-79.82527,43.42967],[-79.83841,43.43917],[-79.8393,43.43836],[-79.86704,43.45731],[-79.86444,43.4597],[-79.8613,43.45977],[-79.85983,43.46114],[-79.86122,43.4628],[-79.86932,43.46865],[-79.86968,43.47003],[-79.87062,43.47074],[-79.87306,43.4699],[-79.88376,43.47738],[-79.8891,43.4726],[-79.88364,43.46874],[-79.89419,43.45933],[-79.86895,43.4416],[-79.85241,43.43696],[-79.85235,43.43693],[-79.84471,43.43322],[-79.83774,43.42862],[-79.83763,43.42856],[-79.83643,43.42788],[-79.83515,43.42643],[-79.83208,43.42489],[-79.82663,43.42016],[-79.84221,43.40604],[-79.84217,43.40552],[-79.8344,43.39946],[-79.83538,43.39532],[-79.83536,43.38681],[-79.83605,43.38549],[-79.83971,43.38199],[-79.83708,43.3804],[-79.83486,43.38238],[-79.83587,43.38346],[-79.83412,43.38574],[-79.83398,43.39546],[-79.83212,43.40161],[-79.82936,43.40633],[-79.82599,43.41041],[-79.81933,43.41616],[-79.81831,43.41627],[-79.81502,43.41435],[-79.81425,43.41417],[-79.8127,43.4148],[-79.81189,43.41429],[-79.80917,43.41748],[-79.8054,43.41882],[-79.8037,43.41849],[-79.80369,43.41541],[-79.80068,43.41301],[-79.79836,43.41174],[-79.79429,43.41171],[-79.79205,43.41078],[-79.78985,43.41055],[-79.78714,43.40906],[-79.78502,43.40854],[-79.78294,43.40885],[-79.78082,43.41057],[-79.77962,43.41082],[-79.77771,43.40964],[-79.7757,43.40936],[-79.75642,43.39539],[-79.74795,43.40323],[-79.74233,43.40841],[-79.7414,43.40927],[-79.74086,43.40977],[-79.75082,43.41711],[-79.75289,43.41478],[-79.75548,43.4154],[-79.75318,43.41771],[-79.75398,43.41843],[-79.75339,43.41901],[-79.75869,43.42291],[-79.76264,43.41958],[-79.76365,43.42018],[-79.76305,43.42073],[-79.76608,43.42292],[-79.76658,43.42309],[-79.77275,43.41744],[-79.78389,43.4255],[-79.78465,43.42478],[-79.78645,43.4261],[-79.79738,43.41605],[-79.79824,43.41717],[-79.79778,43.41768],[-79.79978,43.42058],[-79.80156,43.42122],[-79.80119,43.42158],[-79.80232,43.42239],[-79.80366,43.42301],[-79.80475,43.42213],[-79.80695,43.4227],[-79.8079,43.42361],[-79.80842,43.42249],[-79.81047,43.42396],[-79.79807,43.43468],[-79.79367,43.43944],[-79.78941,43.44658],[-79.78787,43.45048],[-79.78456,43.46703],[-79.78316,43.46993],[-79.77958,43.47439],[-79.76411,43.48592],[-79.76205,43.48795],[-79.76066,43.49052],[-79.75935,43.49612],[-79.75809,43.49919],[-79.75848,43.49942],[-79.76325,43.49695],[-79.7655,43.49851],[-79.76999,43.49618],[-79.7732,43.49843],[-79.7716,43.49987],[-79.76948,43.50054],[-79.76918,43.50214],[-79.76827,43.50302],[-79.77026,43.50442],[-79.76647,43.50706],[-79.7701,43.5097],[-79.77086,43.51413],[-79.77208,43.51482],[-79.76888,43.51729],[-79.76598,43.51815],[-79.76523,43.51879],[-79.76582,43.52003],[-79.76301,43.5207],[-79.76257,43.51896],[-79.76053,43.51871],[-79.7586,43.51894],[-79.7562,43.51705],[-79.75298,43.51873],[-79.75036,43.52195],[-79.75116,43.52257],[-79.7513,43.52373],[-79.74968,43.52523],[-79.7501,43.52704],[-79.75139,43.52701],[-79.75205,43.52554],[-79.75288,43.52606],[-79.7533,43.52843],[-79.75581,43.53007],[-79.7552,43.53057],[-79.75692,43.53163],[-79.75825,43.53056],[-79.76053,43.53188],[-79.7619,43.53081],[-79.76228,43.52876],[-79.76115,43.52794],[-79.76367,43.52565],[-79.76088,43.52377],[-79.75939,43.52499],[-79.75692,43.52323],[-79.75956,43.52092],[-79.76096,43.52063],[-79.7633,43.52235],[-79.76427,43.52164],[-79.76766,43.52194],[-79.77034,43.51962],[-79.77286,43.52221],[-79.77212,43.52371],[-79.7746,43.52538],[-79.77471,43.52604],[-79.77305,43.52723],[-79.77481,43.52867],[-79.77504,43.53096],[-79.78658,43.53948],[-79.78806,43.53812],[-79.79322,43.53897],[-79.79361,43.5422],[-79.79849,43.54482],[-79.80099,43.54374],[-79.81095,43.54952],[-79.81869,43.5549],[-79.81797,43.55621],[-79.81886,43.55679],[-79.81969,43.55613],[-79.82359,43.55882],[-79.82433,43.55817],[-79.83045,43.55916]]]}},{"type":"Feature","properties":{"OGF_ID":59,"DESIGNATION":"Protected Countryside","EFFECTIVE_DATETIME":"2017-05-18","SYSTEM_DATETIME":"2023-12-14"},"geometry":{"type":"Polygon","coordinates":[[[-79.91072,43.58044],[-79.91898,43.58655],[-79.92169,43.58412],[-79.92129,43.58389],[-79.93746,43.56959],[-79.94275,43.57351],[-79.94273,43.57173],[-79.94272,43.57168],[-79.94267,43.57115],[-79.94265,43.57104],[-79.94166,43.56555],[-79.94165,43.56545],[-79.94056,43.56294],[-79.94051,43.56289],[-79.93764,43.56092],[-79.94304,43.55618],[-79.93336,43.54899],[-79.93253,43.54837],[-79.93008,43.54793],[-79.92906,43.54942],[-79.92679,43.54987],[-79.92603,43.54898],[-79.91976,43.54972],[-79.91713,43.54781],[-79.90938,43.55356],[-79.90542,43.54978],[-79.90669,43.54863],[-79.90503,43.54643],[-79.90559,43.54594],[-79.9042,43.54499],[-79.9024,43.54644],[-79.9032,43.54724],[-79.89948,43.55052],[-79.8968,43.55161],[-79.88447,43.55037],[-79.88257,43.54925],[-79.88118,43.55048],[-79.87957,43.54959],[-79.87727,43.54975],[-79.87549,43.55252],[-79.87227,43.5519],[-79.87112,43.55265],[-79.87062,43.55365],[-79.86626,43.5536],[-79.86041,43.5549],[-79.85789,43.55369],[-79.85726,43.55426],[-79.85632,43.55511],[-79.84613,43.56429],[-79.84496,43.56534],[-79.84653,43.56664],[-79.85129,43.56365],[-79.85645,43.56181],[-79.85814,43.56306],[-79.85926,43.56221],[-79.86543,43.56623],[-79.8664,43.56546],[-79.86636,43.56465],[-79.86983,43.56471],[-79.87448,43.56374],[-79.87655,43.56527],[-79.87345,43.56744],[-79.87233,43.56652],[-79.86969,43.56875],[-79.87271,43.57088],[-79.8734,43.57031],[-79.87527,43.57159],[-79.87455,43.57278],[-79.87723,43.57455],[-79.88068,43.57191],[-79.88395,43.57413],[-79.88544,43.57307],[-79.88708,43.57427],[-79.88578,43.57539],[-79.88855,43.57876],[-79.89013,43.57879],[-79.89391,43.57518],[-79.89032,43.57274],[-79.89029,43.57154],[-79.88827,43.57053],[-79.89188,43.56741],[-79.89194,43.56619],[-79.89006,43.565],[-79.8866,43.56701],[-79.88436,43.5652],[-79.88465,43.56351],[-79.88317,43.5625],[-79.87639,43.56247],[-79.87494,43.56156],[-79.86962,43.5626],[-79.86621,43.56282],[-79.86448,43.56145],[-79.86735,43.55957],[-79.87181,43.55981],[-79.87357,43.55845],[-79.87467,43.5594],[-79.87838,43.55957],[-79.8799,43.56068],[-79.88116,43.55957],[-79.8839,43.55956],[-79.88546,43.5588],[-79.88728,43.55891],[-79.88984,43.55684],[-79.89724,43.55701],[-79.90128,43.55662],[-79.90302,43.55777],[-79.90992,43.55906],[-79.90879,43.56001],[-79.91005,43.56093],[-79.91288,43.56011],[-79.91327,43.55865],[-79.91698,43.55569],[-79.91922,43.55603],[-79.92427,43.55975],[-79.92141,43.56227],[-79.92418,43.5641],[-79.92154,43.56652],[-79.92673,43.5703],[-79.92137,43.57512],[-79.91873,43.57317],[-79.91072,43.58044]]]}},{"type":"Feature","properties":{"OGF_ID":60,"DESIGNATION":"Protected Countryside","EFFECTIVE_DATETIME":"2017-05-18","SYSTEM_DATETIME":"2023-12-14"},"geometry":{"type":"Polygon","coordinates":[[[-79.94711,43.64708],[-79.94814,43.64722],[-79.94998,43.6465],[-79.95882,43.63844],[-79.94307,43.62651],[-79.9439,43.62577],[-79.94417,43.62552],[-79.95918,43.61201],[-79.94798,43.6037],[-79.95336,43.59882],[-79.94135,43.58985],[-79.94063,43.58932],[-79.93987,43.59162],[-79.93651,43.59334],[-79.93636,43.59721],[-79.93779,43.59811],[-79.93241,43.61456],[-79.93201,43.62008],[-79.92418,43.62163],[-79.92344,43.62356],[-79.92321,43.62638],[-79.92604,43.62403],[-79.92831,43.6251],[-79.92974,43.62361],[-79.93191,43.62304],[-79.93186,43.63201],[-79.93337,43.63698],[-79.94681,43.64708],[-79.94711,43.64708]]]}},{"type":"Feature","properties":{"OGF_ID":61,"DESIGNATION":"Protected Countryside","EFFECTIVE_DATETIME":"2017-05-18","SYSTEM_DATETIME":"2023-12-14"},"geometry":{"type":"Polygon","coordinates":[[[-79.82147,43.86154],[-79.82215,43.86363],[-79.82315,43.86382],[-79.82618,43.86224],[-79.82782,43.86101],[-79.82159,43.85671],[-79.82147,43.86154]]]}},{"type":"Feature","properties":{"OGF_ID":62,"DESIGNATION":"Protected Countryside","EFFECTIVE_DATETIME":"2017-05-18","SYSTEM_DATETIME":"2023-12-14"},"geometry":{"type":"Polygon","coordinates":[[[-79.86188,43.84155],[-79.86119,43.84406],[-79.85727,43.85132],[-79.85118,43.8598],[-79.85006,43.86474],[-79.85248,43.86739],[-79.85707,43.86835],[-79.86145,43.86778],[-79.86801,43.86508],[-79.87131,43.8626],[-79.87263,43.85982],[-79.87311,43.85081],[-79.87062,43.83635],[-79.87265,43.83476],[-79.87927,43.83439],[-79.88092,43.83288],[-79.87979,43.82872],[-79.87554,43.82425],[-79.87268,43.81943],[-79.87356,43.81881],[-79.87693,43.81868],[-79.87837,43.81599],[-79.88115,43.81432],[-79.88543,43.80771],[-79.88806,43.80747],[-79.89239,43.80852],[-79.8926,43.80987],[-79.88885,43.81523],[-79.88399,43.82039],[-79.88136,43.82072],[-79.87981,43.82304],[-79.88424,43.82536],[-79.88858,43.82614],[-79.89022,43.82544],[-79.88947,43.82525],[-79.89128,43.82275],[-79.89428,43.82224],[-79.89821,43.81463],[-79.90229,43.81109],[-79.9073,43.80998],[-79.91733,43.81237],[-79.92237,43.81242],[-79.92441,43.81055],[-79.92494,43.81007],[-79.92635,43.80884],[-79.92432,43.80704],[-79.92729,43.80587],[-79.92452,43.80389],[-79.92632,43.80271],[-79.92607,43.80252],[-79.92546,43.80209],[-79.92549,43.79983],[-79.92454,43.79905],[-79.92473,43.79872],[-79.92539,43.79919],[-79.92615,43.79783],[-79.92619,43.79644],[-79.92546,43.79546],[-79.92743,43.79476],[-79.92746,43.7947],[-79.92805,43.79449],[-79.92764,43.79376],[-79.92857,43.79363],[-79.92893,43.79315],[-79.92617,43.79113],[-79.93017,43.7874],[-79.93134,43.78482],[-79.93042,43.78323],[-79.92953,43.783],[-79.92918,43.7824],[-79.92833,43.78237],[-79.9281,43.78089],[-79.92663,43.77982],[-79.92679,43.77924],[-79.92797,43.77878],[-79.92653,43.77625],[-79.92697,43.77559],[-79.92656,43.77569],[-79.92616,43.77121],[-79.92369,43.769],[-79.92421,43.76846],[-79.92377,43.76758],[-79.92429,43.76642],[-79.92154,43.76351],[-79.92075,43.76071],[-79.91615,43.75686],[-79.91872,43.75455],[-79.91606,43.75261],[-79.91881,43.75015],[-79.91612,43.74816],[-79.92344,43.74108],[-79.92342,43.74046],[-79.92542,43.7379],[-79.9281,43.73616],[-79.92851,43.73466],[-79.9268,43.73303],[-79.92658,43.7286],[-79.9271,43.72806],[-79.92833,43.72801],[-79.92853,43.72718],[-79.93029,43.72565],[-79.93164,43.72188],[-79.93081,43.72064],[-79.93177,43.72018],[-79.93263,43.7187],[-79.93417,43.71806],[-79.93427,43.71623],[-79.93698,43.71287],[-79.93631,43.71132],[-79.9365,43.71025],[-79.93823,43.71151],[-79.93827,43.71155],[-79.93968,43.71257],[-79.9409,43.71239],[-79.94408,43.71277],[-79.9441,43.71265],[-79.94404,43.71025],[-79.9416,43.70279],[-79.94176,43.69983],[-79.9418,43.69972],[-79.94188,43.69956],[-79.94193,43.69943],[-79.94202,43.69924],[-79.94205,43.69915],[-79.94207,43.6991],[-79.9421,43.69903],[-79.94225,43.69878],[-79.94229,43.69867],[-79.9423,43.69865],[-79.94235,43.69856],[-79.9457,43.69376],[-79.94658,43.69162],[-79.94561,43.68183],[-79.9456,43.68177],[-79.94556,43.68144],[-79.9455,43.68111],[-79.945,43.67731],[-79.94497,43.67712],[-79.94534,43.67679],[-79.95005,43.67263],[-79.95325,43.66982],[-79.94788,43.66576],[-79.95884,43.65619],[-79.95075,43.65026],[-79.94895,43.64976],[-79.94661,43.64999],[-79.94269,43.65303],[-79.94915,43.65784],[-79.94744,43.65903],[-79.94516,43.65916],[-79.94086,43.65696],[-79.93859,43.65679],[-79.93796,43.65732],[-79.93594,43.65904],[-79.93547,43.65945],[-79.93628,43.65941],[-79.93916,43.65785],[-79.94023,43.65797],[-79.94279,43.65952],[-79.94349,43.66076],[-79.93608,43.66744],[-79.9351,43.66831],[-79.93225,43.67087],[-79.93995,43.67624],[-79.93907,43.67688],[-79.94245,43.6794],[-79.93523,43.68595],[-79.93204,43.68357],[-79.9294,43.68222],[-79.9296,43.68113],[-79.92975,43.68028],[-79.92522,43.67717],[-79.9247,43.67764],[-79.92302,43.67708],[-79.92268,43.6756],[-79.92055,43.67404],[-79.91541,43.6714],[-79.91553,43.67101],[-79.91382,43.67005],[-79.9199,43.6643],[-79.91972,43.66379],[-79.91855,43.66265],[-79.91697,43.66206],[-79.91521,43.66226],[-79.91357,43.6633],[-79.91295,43.66328],[-79.90872,43.66186],[-79.90572,43.65988],[-79.90227,43.66025],[-79.89973,43.65958],[-79.8993,43.65873],[-79.90148,43.65743],[-79.90048,43.65665],[-79.89915,43.65672],[-79.89624,43.65865],[-79.89524,43.65824],[-79.89489,43.6569],[-79.8939,43.65617],[-79.89263,43.65656],[-79.89176,43.65828],[-79.89118,43.65852],[-79.89007,43.65835],[-79.88838,43.65721],[-79.88723,43.65691],[-79.88329,43.65785],[-79.87855,43.65724],[-79.87681,43.65454],[-79.87516,43.65347],[-79.87308,43.65337],[-79.87176,43.65294],[-79.86984,43.6536],[-79.86939,43.65344],[-79.86982,43.653],[-79.86949,43.65275],[-79.86845,43.6527],[-79.86731,43.65324],[-79.86633,43.65269],[-79.86538,43.65103],[-79.86585,43.64965],[-79.86459,43.6486],[-79.86703,43.64687],[-79.86618,43.64614],[-79.86678,43.64576],[-79.86864,43.64558],[-79.87067,43.64584],[-79.8716,43.64606],[-79.87215,43.64417],[-79.87132,43.64404],[-79.87024,43.64483],[-79.86389,43.6433],[-79.86071,43.64469],[-79.85575,43.64239],[-79.84649,43.6436],[-79.84986,43.64617],[-79.84935,43.64717],[-79.84858,43.64754],[-79.84708,43.64732],[-79.84623,43.64632],[-79.84403,43.64556],[-79.84301,43.64618],[-79.84186,43.64823],[-79.84047,43.64858],[-79.83877,43.64762],[-79.83838,43.64481],[-79.83702,43.64327],[-79.83562,43.64314],[-79.83418,43.64366],[-79.83223,43.64283],[-79.82983,43.64335],[-79.82653,43.64266],[-79.82419,43.64375],[-79.82136,43.64305],[-79.81913,43.64315],[-79.81857,43.64404],[-79.8191,43.64582],[-79.81849,43.64647],[-79.81787,43.64649],[-79.81721,43.64628],[-79.81678,43.64652],[-79.81861,43.64763],[-79.81863,43.64962],[-79.82108,43.65179],[-79.82403,43.65248],[-79.82483,43.65175],[-79.82083,43.64953],[-79.82073,43.64834],[-79.8227,43.64684],[-79.82984,43.64556],[-79.8327,43.64563],[-79.83342,43.64869],[-79.83253,43.64928],[-79.83292,43.64983],[-79.8339,43.64973],[-79.83594,43.65149],[-79.83832,43.65234],[-79.84011,43.65082],[-79.84645,43.65124],[-79.85032,43.65403],[-79.84927,43.65484],[-79.85636,43.66046],[-79.86058,43.65684],[-79.86607,43.66054],[-79.86991,43.66091],[-79.91578,43.69473],[-79.91019,43.69988],[-79.90973,43.6996],[-79.89899,43.70941],[-79.89943,43.70974],[-79.88294,43.72525],[-79.87458,43.72515],[-79.87471,43.72425],[-79.87241,43.72274],[-79.86932,43.72371],[-79.87172,43.7252],[-79.8703,43.72618],[-79.86547,43.72631],[-79.86424,43.72565],[-79.86051,43.72621],[-79.85812,43.72461],[-79.85675,43.72494],[-79.85375,43.72311],[-79.85114,43.72548],[-79.85072,43.73227],[-79.8516,43.73287],[-79.8475,43.73667],[-79.84473,43.73714],[-79.84302,43.73922],[-79.84387,43.74039],[-79.83845,43.7438],[-79.84257,43.74696],[-79.84325,43.74668],[-79.84468,43.74333],[-79.84634,43.74459],[-79.84945,43.74225],[-79.84831,43.74138],[-79.84983,43.74017],[-79.84838,43.73901],[-79.85687,43.7321],[-79.85959,43.73389],[-79.85888,43.73454],[-79.8605,43.73569],[-79.85941,43.73653],[-79.86249,43.73853],[-79.86372,43.73762],[-79.8643,43.738],[-79.86571,43.73682],[-79.8646,43.73602],[-79.86796,43.73327],[-79.86575,43.73344],[-79.86207,43.73179],[-79.86375,43.73027],[-79.85573,43.72861],[-79.85733,43.72735],[-79.87299,43.7285],[-79.87442,43.72707],[-79.88088,43.72707],[-79.86231,43.74381],[-79.88909,43.76376],[-79.86529,43.78585],[-79.86479,43.78385],[-79.86322,43.78194],[-79.86112,43.7807],[-79.85429,43.77858],[-79.85354,43.77732],[-79.85393,43.77685],[-79.8507,43.77279],[-79.84573,43.76863],[-79.84373,43.76862],[-79.84232,43.76664],[-79.83878,43.76591],[-79.83531,43.764],[-79.82665,43.764],[-79.82105,43.76592],[-79.81892,43.76752],[-79.81569,43.7677],[-79.81184,43.76867],[-79.81128,43.77034],[-79.8067,43.77006],[-79.79862,43.77159],[-79.7919,43.77029],[-79.78734,43.77006],[-79.78584,43.77042],[-79.78449,43.76972],[-79.7841,43.77007],[-79.78302,43.77111],[-79.78525,43.77212],[-79.79008,43.77259],[-79.79783,43.77424],[-79.81354,43.77193],[-79.81525,43.76958],[-79.82312,43.77],[-79.82468,43.7686],[-79.83044,43.76709],[-79.83558,43.76695],[-79.84725,43.7747],[-79.84798,43.77646],[-79.84967,43.77787],[-79.84985,43.77984],[-79.84666,43.78111],[-79.84416,43.78309],[-79.84615,43.78454],[-79.83793,43.79177],[-79.84332,43.7957],[-79.8408,43.79801],[-79.84625,43.80211],[-79.84309,43.80497],[-79.84034,43.80471],[-79.83545,43.80123],[-79.8319,43.80412],[-79.82796,43.80319],[-79.82247,43.80346],[-79.82143,43.80283],[-79.81843,43.80344],[-79.81719,43.80281],[-79.81968,43.80073],[-79.8177,43.79938],[-79.81394,43.80237],[-79.81325,43.80186],[-79.80573,43.80098],[-79.79938,43.79586],[-79.79576,43.79667],[-79.79151,43.79465],[-79.79201,43.79176],[-79.79111,43.79033],[-79.79254,43.78966],[-79.79196,43.78693],[-79.79482,43.78662],[-79.79829,43.78864],[-79.80288,43.78476],[-79.8001,43.78301],[-79.80379,43.78038],[-79.80575,43.78167],[-79.80732,43.78035],[-79.8082,43.7809],[-79.80989,43.78071],[-79.81093,43.77972],[-79.80977,43.77896],[-79.81307,43.77617],[-79.81511,43.7776],[-79.81762,43.77534],[-79.81358,43.77251],[-79.81005,43.77546],[-79.80534,43.77735],[-79.80042,43.77791],[-79.79542,43.7817],[-79.7921,43.78222],[-79.78948,43.78052],[-79.78777,43.78167],[-79.78361,43.78073],[-79.78195,43.78192],[-79.78455,43.78366],[-79.78409,43.78399],[-79.77712,43.78313],[-79.77384,43.78491],[-79.77207,43.78358],[-79.76959,43.78403],[-79.7681,43.78516],[-79.7663,43.78651],[-79.76794,43.78784],[-79.77022,43.78844],[-79.77534,43.7872],[-79.77735,43.78751],[-79.77891,43.78611],[-79.78739,43.78797],[-79.78787,43.78903],[-79.78737,43.79009],[-79.78883,43.79257],[-79.78841,43.79451],[-79.79458,43.79899],[-79.79918,43.79773],[-79.80161,43.79979],[-79.8011,43.80023],[-79.80478,43.80284],[-79.81151,43.80355],[-79.81263,43.80479],[-79.80855,43.80816],[-79.81089,43.80962],[-79.81488,43.80633],[-79.8225,43.81139],[-79.81715,43.81564],[-79.82063,43.81832],[-79.82393,43.81633],[-79.82519,43.81721],[-79.82753,43.81533],[-79.82953,43.81683],[-79.83098,43.81566],[-79.83142,43.81595],[-79.83049,43.81678],[-79.83923,43.82321],[-79.83669,43.82544],[-79.8419,43.82939],[-79.84448,43.82708],[-79.84727,43.82914],[-79.84464,43.83146],[-79.85259,43.83736],[-79.85523,43.83505],[-79.85803,43.83715],[-79.84947,43.84473],[-79.85653,43.84139],[-79.86104,43.84028],[-79.86188,43.84155]]]}},{"type":"Feature","properties":{"OGF_ID":63,"DESIGNATION":"Protected Countryside","EFFECTIVE_DATETIME":"2017-05-18","SYSTEM_DATETIME":"2023-12-14"},"geometry":{"type":"Polygon","coordinates":[[[-79.75586,43.89238],[-79.7599,43.89528],[-79.76328,43.89653],[-79.76415,43.8959],[-79.76326,43.89266],[-79.76475,43.89142],[-79.77233,43.89599],[-79.77764,43.89134],[-79.7764,43.89036],[-79.77922,43.88781],[-79.78306,43.89004],[-79.78623,43.88719],[-79.80438,43.87564],[-79.81495,43.86722],[-79.81573,43.86615],[-79.80598,43.86691],[-79.80387,43.86643],[-79.8024,43.8656],[-79.80086,43.8626],[-79.80131,43.85972],[-79.80285,43.85821],[-79.80714,43.85629],[-79.80857,43.85433],[-79.81046,43.84877],[-79.80876,43.84819],[-79.80047,43.84908],[-79.79599,43.85014],[-79.79484,43.84941],[-79.79163,43.84931],[-79.78861,43.85199],[-79.78262,43.85234],[-79.78131,43.85406],[-79.77915,43.85442],[-79.77573,43.85207],[-79.77688,43.85118],[-79.77598,43.85058],[-79.77804,43.84784],[-79.77638,43.84658],[-79.77712,43.84589],[-79.77345,43.8419],[-79.7738,43.84022],[-79.77903,43.83711],[-79.77925,43.83565],[-79.78096,43.83458],[-79.78382,43.8365],[-79.78568,43.83504],[-79.78313,43.83321],[-79.78576,43.83096],[-79.78391,43.82962],[-79.78148,43.83165],[-79.78029,43.83081],[-79.77163,43.83749],[-79.76572,43.8342],[-79.75877,43.83155],[-79.75857,43.83262],[-79.74541,43.83516],[-79.73333,43.82796],[-79.7326,43.82645],[-79.73415,43.82504],[-79.72898,43.82118],[-79.72744,43.82131],[-79.72607,43.82067],[-79.72519,43.82146],[-79.72462,43.82198],[-79.72405,43.82249],[-79.72762,43.82452],[-79.72788,43.8275],[-79.7263,43.82747],[-79.72566,43.82803],[-79.7339,43.83487],[-79.73678,43.83477],[-79.73809,43.83721],[-79.74574,43.83941],[-79.75073,43.83805],[-79.75445,43.83808],[-79.75478,43.83988],[-79.7655,43.84774],[-79.76879,43.84481],[-79.77187,43.84823],[-79.77066,43.84981],[-79.77117,43.85196],[-79.77787,43.85601],[-79.78248,43.85638],[-79.78662,43.8548],[-79.78824,43.85589],[-79.79143,43.85712],[-79.79169,43.85807],[-79.79311,43.85836],[-79.79397,43.85764],[-79.79934,43.86114],[-79.79933,43.86261],[-79.80082,43.86361],[-79.8009,43.86711],[-79.79897,43.86889],[-79.80111,43.87019],[-79.79933,43.87173],[-79.8036,43.87448],[-79.79886,43.87855],[-79.79734,43.87876],[-79.79597,43.878],[-79.79463,43.88027],[-79.78233,43.87745],[-79.77727,43.87567],[-79.7711,43.87212],[-79.76663,43.87483],[-79.77023,43.87716],[-79.76855,43.87852],[-79.7624,43.875],[-79.75728,43.87922],[-79.75526,43.87596],[-79.75378,43.87726],[-79.75254,43.87622],[-79.74863,43.87788],[-79.74798,43.87816],[-79.74877,43.87873],[-79.74616,43.88118],[-79.7466,43.88144],[-79.74962,43.88322],[-79.75022,43.88465],[-79.74902,43.88747],[-79.75329,43.89053],[-79.75588,43.88846],[-79.75734,43.89108],[-79.75586,43.89238]]]}},{"type":"Feature","properties":{"OGF_ID":64,"DESIGNATION":"Protected Countryside","EFFECTIVE_DATETIME":"2017-05-18","SYSTEM_DATETIME":"2023-12-14"},"geometry":{"type":"Polygon","coordinates":[[[-79.5201,43.89665],[-79.52229,43.8977],[-79.52172,43.89537],[-79.5254,43.89462],[-79.52825,43.89261],[-79.53657,43.89005],[-79.53745,43.89248],[-79.54061,43.89174],[-79.53972,43.88904],[-79.53758,43.88943],[-79.53723,43.88866],[-79.53796,43.88523],[-79.53951,43.88451],[-79.54147,43.87957],[-79.53968,43.8785],[-79.54137,43.8736],[-79.54205,43.87322],[-79.54019,43.86981],[-79.53938,43.86995],[-79.53895,43.86871],[-79.53771,43.86898],[-79.5366,43.86922],[-79.53662,43.87092],[-79.53613,43.87103],[-79.53749,43.87498],[-79.53872,43.87479],[-79.53706,43.87871],[-79.53866,43.87992],[-79.53826,43.88315],[-79.53639,43.88446],[-79.53512,43.88904],[-79.52718,43.89177],[-79.52586,43.89289],[-79.52322,43.89387],[-79.52132,43.89274],[-79.51701,43.8936],[-79.5201,43.89665]]]}},{"type":"Feature","properties":{"OGF_ID":65,"DESIGNATION":"Protected Countryside","EFFECTIVE_DATETIME":"2017-05-18","SYSTEM_DATETIME":"2023-12-14"},"geometry":{"type":"Polygon","coordinates":[[[-79.5619,43.90174],[-79.56358,43.90141],[-79.56418,43.9003],[-79.56521,43.90012],[-79.56596,43.90075],[-79.56654,43.90063],[-79.56662,43.90004],[-79.57026,43.89928],[-79.57007,43.89874],[-79.57176,43.89843],[-79.57239,43.90015],[-79.57599,43.89947],[-79.5748,43.89556],[-79.57254,43.89597],[-79.57226,43.89493],[-79.57134,43.89509],[-79.57123,43.89606],[-79.57043,43.8967],[-79.56651,43.8975],[-79.56636,43.89682],[-79.56868,43.89422],[-79.56751,43.89048],[-79.56246,43.88718],[-79.56425,43.88683],[-79.56356,43.88445],[-79.56082,43.88503],[-79.55972,43.8804],[-79.56432,43.87945],[-79.56479,43.8771],[-79.56633,43.87686],[-79.5672,43.87728],[-79.56815,43.87711],[-79.56788,43.8756],[-79.5659,43.87495],[-79.56501,43.87355],[-79.56218,43.87327],[-79.55953,43.87171],[-79.55979,43.87],[-79.56078,43.86968],[-79.56064,43.86924],[-79.55837,43.86962],[-79.55695,43.86899],[-79.55691,43.86848],[-79.55745,43.86838],[-79.55667,43.86762],[-79.55764,43.86656],[-79.55774,43.86536],[-79.55974,43.86493],[-79.56051,43.86522],[-79.56102,43.86421],[-79.56261,43.8642],[-79.56226,43.86356],[-79.56124,43.86375],[-79.55745,43.86446],[-79.55573,43.86479],[-79.55346,43.86588],[-79.55458,43.87042],[-79.55611,43.87023],[-79.55641,43.87134],[-79.55487,43.87159],[-79.55527,43.87288],[-79.55704,43.8726],[-79.55744,43.87383],[-79.55843,43.87387],[-79.55876,43.87482],[-79.55778,43.87498],[-79.55806,43.87595],[-79.55601,43.87662],[-79.55737,43.88248],[-79.55814,43.88326],[-79.55923,43.88679],[-79.5592,43.88756],[-79.55865,43.88793],[-79.55969,43.89236],[-79.56458,43.89142],[-79.56608,43.89295],[-79.56262,43.89779],[-79.56082,43.89708],[-79.5619,43.90174]]]}},{"type":"Feature","properties":{"OGF_ID":66,"DESIGNATION":"Protected Countryside","EFFECTIVE_DATETIME":"2017-05-18","SYSTEM_DATETIME":"2023-12-14"},"geometry":{"type":"Polygon","coordinates":[[[-79.42011,43.89882],[-79.41907,43.89902],[-79.42031,43.90346],[-79.41856,43.90377],[-79.41907,43.90547],[-79.41717,43.90815],[-79.41766,43.90876],[-79.41811,43.90931],[-79.4192,43.90942],[-79.41922,43.90942],[-79.42463,43.90749],[-79.42313,43.90742],[-79.42226,43.90421],[-79.42076,43.8987],[-79.42011,43.89882]]]}},{"type":"Feature","properties":{"OGF_ID":67,"DESIGNATION":"Protected Countryside","EFFECTIVE_DATETIME":"2017-05-18","SYSTEM_DATETIME":"2023-12-14"},"geometry":{"type":"Polygon","coordinates":[[[-79.74678,43.89567],[-79.74542,43.89593],[-79.74679,43.89686],[-79.74595,43.89751],[-79.74635,43.89782],[-79.74552,43.89859],[-79.74764,43.90015],[-79.74783,43.90107],[-79.75103,43.90368],[-79.7496,43.9047],[-79.75211,43.90642],[-79.75161,43.90687],[-79.75668,43.91056],[-79.75549,43.91157],[-79.75583,43.9128],[-79.76442,43.90648],[-79.76028,43.90373],[-79.7604,43.90244],[-79.75925,43.90077],[-79.7599,43.9003],[-79.75897,43.89961],[-79.75506,43.89858],[-79.75088,43.89553],[-79.74849,43.89534],[-79.74678,43.89567]]]}},{"type":"Feature","properties":{"OGF_ID":68,"DESIGNATION":"Protected Countryside","EFFECTIVE_DATETIME":"2017-05-18","SYSTEM_DATETIME":"2023-12-14"},"geometry":{"type":"Polygon","coordinates":[[[-79.26994,43.90905],[-79.26907,43.90927],[-79.27038,43.91059],[-79.27176,43.91349],[-79.27609,43.91583],[-79.27706,43.91502],[-79.27475,43.91404],[-79.27258,43.9122],[-79.272,43.91035],[-79.27047,43.90892],[-79.26994,43.90905]]]}},{"type":"Feature","properties":{"OGF_ID":51,"DESIGNATION":"Protected Countryside","EFFECTIVE_DATETIME":"2023-12-06","SYSTEM_DATETIME":"2023-12-14"},"geometry":{"type":"Polygon","coordinates":[[[-79.61839,43.22594],[-79.61985,43.22668],[-79.62126,43.22552],[-79.62229,43.22575],[-79.62331,43.22338],[-79.62352,43.2229],[-79.62305,43.22267],[-79.61872,43.22124],[-79.62143,43.2151],[-79.60197,43.21078],[-79.60279,43.20887],[-79.62213,43.21351],[-79.62543,43.20598],[-79.62321,43.20577],[-79.61489,43.20375],[-79.60913,43.20046],[-79.60439,43.19623],[-79.60289,43.19563],[-79.59837,43.19488],[-79.57754,43.19342],[-79.57583,43.19743],[-79.56427,43.19509],[-79.55736,43.19136],[-79.53385,43.18557],[-79.52753,43.185],[-79.51718,43.18505],[-79.51533,43.1843],[-79.5153,43.18429],[-79.50862,43.18079],[-79.50282,43.1747],[-79.48773,43.16952],[-79.48743,43.16149],[-79.48669,43.1615],[-79.48639,43.15571],[-79.48636,43.15516],[-79.48621,43.15213],[-79.48044,43.15219],[-79.46987,43.15281],[-79.47005,43.15603],[-79.47015,43.15735],[-79.46468,43.15764],[-79.46476,43.15912],[-79.46429,43.15913],[-79.46494,43.16217],[-79.45637,43.15957],[-79.44721,43.15795],[-79.43571,43.15893],[-79.41806,43.15763],[-79.41198,43.15776],[-79.40381,43.15454],[-79.40377,43.15391],[-79.39985,43.15235],[-79.39921,43.15171],[-79.39911,43.15001],[-79.39612,43.15004],[-79.39336,43.14988],[-79.39301,43.14433],[-79.39173,43.14437],[-79.39195,43.14917],[-79.38944,43.14929],[-79.38736,43.14853],[-79.38741,43.14926],[-79.38088,43.1478],[-79.38084,43.14769],[-79.38043,43.14705],[-79.3803,43.14704],[-79.37946,43.14686],[-79.37926,43.14735],[-79.37922,43.14746],[-79.37936,43.14848],[-79.37935,43.14849],[-79.37834,43.1506],[-79.37673,43.15182],[-79.37508,43.15212],[-79.37382,43.15409],[-79.37539,43.15449],[-79.37501,43.15581],[-79.37558,43.1579],[-79.37616,43.15803],[-79.37639,43.16026],[-79.37612,43.16132],[-79.37277,43.16332],[-79.37194,43.16487],[-79.37292,43.166],[-79.37301,43.1661],[-79.37296,43.16711],[-79.37226,43.16805],[-79.37311,43.16918],[-79.37323,43.17122],[-79.37368,43.17167],[-79.37394,43.17181],[-79.37468,43.17264],[-79.37481,43.17452],[-79.37479,43.17476],[-79.36923,43.1734],[-79.36964,43.17217],[-79.3682,43.17045],[-79.36781,43.16813],[-79.36612,43.16652],[-79.36631,43.16491],[-79.36852,43.16451],[-79.36936,43.16337],[-79.36894,43.16173],[-79.37008,43.1599],[-79.36878,43.15912],[-79.37041,43.15918],[-79.37131,43.15707],[-79.3698,43.15656],[-79.36896,43.1557],[-79.36918,43.15267],[-79.37006,43.15263],[-79.37088,43.15202],[-79.37019,43.15057],[-79.37051,43.14844],[-79.37129,43.14764],[-79.36971,43.14592],[-79.3691,43.14247],[-79.36917,43.14254],[-79.37077,43.14232],[-79.37178,43.1407],[-79.37312,43.13964],[-79.36834,43.13727],[-79.36859,43.14188],[-79.3649,43.14203],[-79.36388,43.14174],[-79.36395,43.1427],[-79.34721,43.13859],[-79.33985,43.13769],[-79.33645,43.13762],[-79.33205,43.13646],[-79.32994,43.13754],[-79.32232,43.13681],[-79.31446,43.13739],[-79.31141,43.13958],[-79.30909,43.13883],[-79.30181,43.13973],[-79.30064,43.11776],[-79.28445,43.1181],[-79.27491,43.118],[-79.27489,43.11747],[-79.27395,43.11777],[-79.27161,43.12199],[-79.27297,43.13877],[-79.27274,43.14287],[-79.27589,43.14236],[-79.27617,43.15063],[-79.28693,43.15235],[-79.28704,43.15499],[-79.27634,43.15537],[-79.2764,43.15698],[-79.27988,43.15844],[-79.28138,43.16023],[-79.2818,43.16142],[-79.28177,43.1669],[-79.28441,43.17077],[-79.28491,43.17248],[-79.28519,43.1775],[-79.28001,43.17708],[-79.27947,43.17831],[-79.27976,43.17957],[-79.27908,43.18102],[-79.27961,43.18139],[-79.27969,43.18218],[-79.28131,43.18304],[-79.28193,43.18398],[-79.28434,43.18504],[-79.28405,43.18617],[-79.28551,43.18733],[-79.28672,43.1907],[-79.28846,43.19021],[-79.28879,43.19647],[-79.2917,43.1956],[-79.29258,43.19571],[-79.29481,43.1943],[-79.29957,43.19217],[-79.30525,43.18841],[-79.31612,43.18405],[-79.32538,43.18174],[-79.33219,43.18091],[-79.33906,43.18071],[-79.33905,43.18024],[-79.33946,43.1808],[-79.35077,43.18091],[-79.35747,43.18153],[-79.36402,43.18279],[-79.36413,43.18311],[-79.36419,43.18286],[-79.36514,43.18296],[-79.36496,43.18356],[-79.36654,43.18406],[-79.36683,43.18352],[-79.36822,43.18377],[-79.36802,43.18408],[-79.37097,43.18454],[-79.37274,43.18518],[-79.373,43.18567],[-79.37335,43.18497],[-79.37397,43.1855],[-79.3832,43.18882],[-79.38976,43.19255],[-79.39437,43.19426],[-79.4057,43.19739],[-79.41197,43.19827],[-79.42664,43.19773],[-79.43303,43.19795],[-79.43538,43.19764],[-79.43854,43.1982],[-79.44064,43.19761],[-79.44348,43.19757],[-79.44691,43.19839],[-79.45073,43.1982],[-79.45923,43.19692],[-79.46166,43.19563],[-79.46513,43.19507],[-79.46709,43.19535],[-79.46754,43.19513],[-79.46891,43.19562],[-79.46923,43.19536],[-79.47018,43.19568],[-79.47225,43.19551],[-79.47765,43.19651],[-79.48362,43.19559],[-79.48564,43.19473],[-79.48725,43.19471],[-79.48787,43.19433],[-79.4915,43.19445],[-79.50098,43.19659],[-79.51219,43.19526],[-79.51617,43.19558],[-79.51624,43.19518],[-79.51734,43.19496],[-79.52338,43.19543],[-79.5281,43.19516],[-79.53227,43.19572],[-79.5383,43.19745],[-79.5419,43.19906],[-79.5471,43.20209],[-79.55092,43.20371],[-79.55138,43.2047],[-79.55126,43.20357],[-79.55187,43.20368],[-79.55196,43.20473],[-79.55236,43.20339],[-79.55331,43.20482],[-79.55753,43.20623],[-79.56141,43.20685],[-79.56594,43.20688],[-79.56996,43.20603],[-79.58034,43.20477],[-79.58565,43.20624],[-79.59501,43.21066],[-79.5974,43.21112],[-79.60788,43.21686],[-79.61538,43.2221],[-79.61876,43.22371],[-79.61942,43.22508],[-79.61917,43.22556],[-79.61833,43.22557],[-79.61797,43.22601],[-79.61839,43.22594]]]}},{"type":"Feature","properties":{"OGF_ID":52,"DESIGNATION":"Protected Countryside","EFFECTIVE_DATETIME":"2017-05-18","SYSTEM_DATETIME":"2023-12-14"},"geometry":{"type":"Polygon","coordinates":[[[-79.08534,43.26242],[-79.08765,43.26237],[-79.09314,43.26142],[-79.09407,43.26088],[-79.10136,43.25889],[-79.11524,43.25638],[-79.11899,43.25636],[-79.12533,43.25692],[-79.12623,43.25725],[-79.12631,43.25789],[-79.12748,43.25864],[-79.13384,43.25724],[-79.13574,43.25608],[-79.13754,43.25603],[-79.13864,43.25561],[-79.14594,43.25206],[-79.15161,43.24873],[-79.15218,43.24784],[-79.15452,43.24707],[-79.15508,43.24651],[-79.16007,43.2443],[-79.16128,43.24408],[-79.16185,43.24319],[-79.162,43.24354],[-79.16252,43.24347],[-79.16664,43.24096],[-79.17277,43.23908],[-79.17339,43.23836],[-79.17747,43.23696],[-79.18171,43.23447],[-79.18776,43.2321],[-79.18756,43.23145],[-79.18815,43.23099],[-79.19228,43.23003],[-79.19335,43.22902],[-79.19836,43.22821],[-79.20235,43.22714],[-79.2016,43.21339],[-79.21107,43.2102],[-79.2111,43.2096],[-79.20741,43.20013],[-79.20328,43.19429],[-79.19821,43.18523],[-79.19588,43.16821],[-79.19634,43.16716],[-79.19544,43.16579],[-79.19538,43.16113],[-79.19471,43.15878],[-79.19519,43.16315],[-79.19389,43.15613],[-79.19309,43.14555],[-79.19267,43.14523],[-79.1912,43.14537],[-79.18603,43.14701],[-79.1782,43.14982],[-79.1781,43.14708],[-79.16329,43.15144],[-79.16281,43.15158],[-79.15537,43.15378],[-79.15494,43.1536],[-79.15314,43.15288],[-79.15224,43.15253],[-79.14951,43.15191],[-79.14947,43.15191],[-79.13404,43.15313],[-79.13408,43.15412],[-79.1213,43.15415],[-79.12155,43.15779],[-79.1142,43.15811],[-79.11285,43.15816],[-79.10941,43.15831],[-79.10864,43.15834],[-79.10866,43.15914],[-79.1087,43.16048],[-79.10873,43.16135],[-79.10882,43.16407],[-79.10887,43.16569],[-79.09588,43.16592],[-79.09528,43.16592],[-79.09306,43.16594],[-79.09171,43.16595],[-79.0893,43.16599],[-79.06965,43.16631],[-79.0696,43.16406],[-79.06403,43.16557],[-79.06415,43.1732],[-79.05713,43.1733],[-79.05599,43.17913],[-79.05759,43.18278],[-79.05769,43.1853],[-79.05357,43.19336],[-79.05227,43.19734],[-79.05213,43.19976],[-79.05285,43.20184],[-79.05889,43.20685],[-79.06027,43.21052],[-79.05952,43.21666],[-79.05733,43.22195],[-79.05701,43.22415],[-79.05883,43.22944],[-79.05999,43.23659],[-79.05803,43.24774],[-79.05821,43.25118],[-79.05861,43.25234],[-79.06126,43.25509],[-79.06278,43.25419],[-79.06234,43.25506],[-79.06339,43.25595],[-79.06308,43.25619],[-79.06149,43.25538],[-79.06365,43.25706],[-79.06931,43.25816],[-79.07284,43.25985],[-79.07639,43.26213],[-79.08534,43.26242]]]}},{"type":"Feature","properties":{"OGF_ID":74,"DESIGNATION":"Protected Countryside","EFFECTIVE_DATETIME":"2023-12-06","SYSTEM_DATETIME":"2023-12-14"},"geometry":{"type":"Polygon","coordinates":[[[-79.34381,43.95271],[-79.34428,43.95305],[-79.34925,43.94824],[-79.35195,43.94906],[-79.3516,43.95147],[-79.35289,43.95033],[-79.35605,43.95092],[-79.35497,43.94861],[-79.35611,43.94632],[-79.35533,43.94459],[-79.35168,43.94434],[-79.34964,43.9425],[-79.34965,43.94146],[-79.35585,43.94114],[-79.3551,43.93914],[-79.34765,43.94091],[-79.34269,43.93591],[-79.33954,43.93191],[-79.33672,43.92698],[-79.33425,43.92672],[-79.32951,43.92338],[-79.32606,43.92168],[-79.32322,43.91895],[-79.32879,43.91727],[-79.33282,43.91497],[-79.33262,43.91427],[-79.33719,43.91269],[-79.33636,43.90925],[-79.32921,43.90365],[-79.32791,43.89951],[-79.32459,43.8966],[-79.32231,43.89691],[-79.32119,43.89717],[-79.32449,43.90164],[-79.32492,43.9016],[-79.3254,43.90228],[-79.3236,43.90428],[-79.32447,43.9066],[-79.32932,43.91091],[-79.33082,43.91327],[-79.32717,43.9141],[-79.32669,43.91503],[-79.32164,43.91609],[-79.31988,43.91883],[-79.32004,43.92035],[-79.31631,43.92115],[-79.31377,43.91684],[-79.3156,43.91623],[-79.31567,43.91446],[-79.31236,43.90662],[-79.30869,43.90541],[-79.30283,43.90655],[-79.30092,43.90553],[-79.29881,43.90225],[-79.2956,43.90299],[-79.29602,43.90433],[-79.29744,43.90479],[-79.29842,43.90673],[-79.29718,43.9098],[-79.2948,43.91018],[-79.29618,43.91602],[-79.2988,43.91552],[-79.2991,43.91388],[-79.30826,43.91172],[-79.30855,43.91293],[-79.30566,43.91353],[-79.30663,43.91589],[-79.30796,43.91563],[-79.30831,43.91642],[-79.30962,43.91657],[-79.31159,43.91887],[-79.30788,43.92029],[-79.30893,43.92314],[-79.31221,43.92249],[-79.31364,43.92465],[-79.3159,43.9241],[-79.31632,43.92524],[-79.31704,43.92508],[-79.31723,43.92275],[-79.32051,43.92199],[-79.33486,43.93023],[-79.33655,43.93476],[-79.3394,43.93714],[-79.34248,43.94186],[-79.33745,43.94299],[-79.33821,43.94548],[-79.33613,43.94593],[-79.33733,43.94934],[-79.33832,43.94602],[-79.34167,43.94477],[-79.34214,43.9458],[-79.34324,43.94604],[-79.34323,43.94684],[-79.34594,43.94685],[-79.34381,43.95271]]]}},{"type":"Feature","properties":{"OGF_ID":75,"DESIGNATION":"Protected Countryside","EFFECTIVE_DATETIME":"2023-12-06","SYSTEM_DATETIME":"2023-12-14"},"geometry":{"type":"Polygon","coordinates":[[[-79.98969,43.96319],[-79.99264,43.9753],[-80.00081,43.97342],[-80.00044,43.9721],[-80.01632,43.96873],[-80.01617,43.96818],[-80.02404,43.9665],[-80.02326,43.96398],[-80.04061,43.96028],[-80.04783,43.95784],[-80.05462,43.95618],[-80.07862,43.951],[-80.08066,43.95127],[-80.08632,43.95],[-80.08641,43.94825],[-80.08731,43.94673],[-80.087,43.9424],[-80.08579,43.94014],[-80.08644,43.93871],[-80.08997,43.93541],[-80.09522,43.93473],[-80.09794,43.93592],[-80.10151,43.93892],[-80.10387,43.93939],[-80.1077,43.94185],[-80.10705,43.94328],[-80.1079,43.945],[-80.10914,43.94546],[-80.10924,43.94699],[-80.11333,43.9481],[-80.11332,43.94936],[-80.11192,43.9507],[-80.11402,43.95207],[-80.1164,43.95164],[-80.11766,43.95021],[-80.12451,43.95071],[-80.12527,43.95009],[-80.12788,43.95029],[-80.13014,43.9494],[-80.13225,43.95023],[-80.13462,43.94953],[-80.13553,43.94737],[-80.13665,43.94711],[-80.13879,43.9456],[-80.13815,43.94303],[-80.13972,43.942],[-80.1396,43.94119],[-80.14335,43.9405],[-80.14613,43.93809],[-80.14628,43.93629],[-80.14754,43.9354],[-80.14667,43.93476],[-80.14771,43.93234],[-80.1502,43.93122],[-80.15039,43.92768],[-80.15139,43.92705],[-80.15142,43.92534],[-80.15047,43.92382],[-80.15015,43.92212],[-80.15212,43.92151],[-80.15107,43.91508],[-80.1517,43.91391],[-80.15372,43.91258],[-80.15374,43.91088],[-80.15255,43.90882],[-80.15443,43.90767],[-80.15508,43.90587],[-80.15359,43.9042],[-80.15165,43.90375],[-80.1534,43.90153],[-80.15651,43.90156],[-80.15719,43.89742],[-80.15645,43.89697],[-80.15698,43.89472],[-80.15942,43.8934],[-80.15698,43.89098],[-80.1518,43.88987],[-80.14819,43.89011],[-80.14809,43.88979],[-80.14972,43.88845],[-80.15001,43.88557],[-80.15289,43.88433],[-80.15687,43.88463],[-80.16001,43.88259],[-80.16249,43.88323],[-80.16836,43.88063],[-80.17448,43.87932],[-80.17817,43.88259],[-80.18158,43.88254],[-80.18269,43.87956],[-80.18583,43.87733],[-80.19028,43.87971],[-80.19289,43.88027],[-80.1939,43.87928],[-80.19613,43.87975],[-80.19628,43.87788],[-80.1947,43.87671],[-80.19422,43.87343],[-80.19117,43.87073],[-80.19168,43.86776],[-80.19083,43.86702],[-80.19079,43.86102],[-80.1842,43.8604],[-80.17989,43.85676],[-80.17595,43.85549],[-80.17636,43.8529],[-80.18012,43.8505],[-80.18325,43.84908],[-80.18364,43.84628],[-80.17743,43.84576],[-80.17463,43.84359],[-80.17577,43.84101],[-80.17728,43.84039],[-80.17569,43.83804],[-80.17721,43.83598],[-80.18492,43.83649],[-80.18792,43.83525],[-80.19003,43.83535],[-80.19056,43.83293],[-80.18906,43.83171],[-80.18985,43.83076],[-80.19333,43.83087],[-80.19771,43.82838],[-80.20244,43.82806],[-80.20674,43.8226],[-80.20698,43.81275],[-80.21202,43.80756],[-80.20719,43.806],[-80.19724,43.80593],[-80.19463,43.80654],[-80.18615,43.80066],[-80.18236,43.79622],[-80.17875,43.79629],[-80.17205,43.79205],[-80.16599,43.7913],[-80.16293,43.78794],[-80.16011,43.7873],[-80.15962,43.78515],[-80.15632,43.78253],[-80.14994,43.78433],[-80.14072,43.78072],[-80.14573,43.77606],[-80.15045,43.77443],[-80.1541,43.77131],[-80.15658,43.77142],[-80.15811,43.76821],[-80.14964,43.76195],[-80.13903,43.76471],[-80.13101,43.76087],[-80.12282,43.76045],[-80.11924,43.75907],[-80.115,43.75994],[-80.10511,43.7568],[-80.09973,43.75901],[-80.09789,43.75773],[-80.0959,43.75763],[-80.093,43.75986],[-80.09221,43.75933],[-80.09136,43.7593],[-80.08944,43.75791],[-80.08881,43.75847],[-80.08501,43.75845],[-80.08563,43.75234],[-80.08309,43.75184],[-80.08224,43.75248],[-80.07909,43.75245],[-80.07911,43.75012],[-80.07954,43.75044],[-80.08194,43.74832],[-80.08199,43.7468],[-80.08449,43.74683],[-80.08581,43.74613],[-80.08588,43.74332],[-80.09165,43.74337],[-80.09324,43.73951],[-80.10276,43.73933],[-80.10402,43.74081],[-80.10041,43.74408],[-80.10316,43.74612],[-80.10429,43.74527],[-80.10806,43.74616],[-80.11311,43.74895],[-80.11219,43.74983],[-80.11508,43.75209],[-80.11917,43.74844],[-80.11809,43.74688],[-80.11882,43.7463],[-80.11864,43.74583],[-80.11482,43.74368],[-80.11603,43.74259],[-80.11787,43.7433],[-80.119,43.74229],[-80.1178,43.74171],[-80.12249,43.7377],[-80.12284,43.73688],[-80.12683,43.73692],[-80.12847,43.73637],[-80.13081,43.73801],[-80.13469,43.73455],[-80.0625,43.68077],[-80.06303,43.67826],[-80.06595,43.67798],[-80.06427,43.67499],[-80.06603,43.67365],[-80.06301,43.66986],[-80.06298,43.66201],[-80.0654,43.65798],[-80.06609,43.65348],[-80.06795,43.6535],[-80.06986,43.65066],[-80.06921,43.64424],[-80.07482,43.64257],[-80.0759,43.63805],[-80.09531,43.61996],[-80.13422,43.58541],[-80.12857,43.58142],[-80.13947,43.57187],[-80.13868,43.57132],[-80.14418,43.56659],[-80.15055,43.57109],[-80.16097,43.56156],[-80.08877,43.51025],[-80.09051,43.50794],[-80.09027,43.50704],[-80.09177,43.50615],[-80.09167,43.50521],[-80.08995,43.50388],[-80.08949,43.50154],[-80.09186,43.50012],[-80.08675,43.49482],[-80.08546,43.49023],[-80.08595,43.48887],[-80.08994,43.48683],[-80.09242,43.48613],[-80.09258,43.48361],[-80.09621,43.48326],[-80.10006,43.48118],[-80.1076,43.47121],[-80.10835,43.47095],[-80.10726,43.46914],[-80.10729,43.46698],[-80.10856,43.46501],[-80.11056,43.46358],[-80.10926,43.46224],[-80.10952,43.45837],[-80.10869,43.45766],[-80.11106,43.45633],[-80.11262,43.45774],[-80.11523,43.45704],[-80.1199,43.45888],[-80.12308,43.46125],[-80.12483,43.46],[-80.12561,43.45678],[-80.12527,43.45651],[-80.12563,43.45568],[-80.1265,43.45569],[-80.12688,43.45491],[-80.12275,43.45199],[-80.1231,43.45125],[-80.12495,43.45136],[-80.12558,43.45076],[-80.12411,43.45054],[-80.12413,43.44959],[-80.12625,43.44825],[-80.12678,43.44573],[-80.1296,43.4459],[-80.1306,43.44432],[-80.12857,43.44393],[-80.12868,43.44103],[-80.13177,43.44132],[-80.13287,43.44223],[-80.13473,43.44153],[-80.13591,43.43824],[-80.13581,43.43689],[-80.12659,43.43376],[-80.12847,43.43134],[-80.1285,43.42927],[-80.12987,43.42901],[-80.13195,43.43029],[-80.13628,43.42987],[-80.13853,43.42781],[-80.14939,43.42651],[-80.15089,43.42562],[-80.15771,43.42441],[-80.15896,43.42325],[-80.16181,43.42228],[-80.16186,43.42042],[-80.16631,43.41889],[-80.16512,43.41765],[-80.16957,43.41652],[-80.17424,43.4167],[-80.17695,43.41726],[-80.17919,43.41646],[-80.17837,43.41487],[-80.17962,43.41326],[-80.18123,43.41336],[-80.18638,43.41507],[-80.19131,43.41529],[-80.19452,43.4137],[-80.19326,43.40966],[-80.19352,43.40841],[-80.19194,43.4065],[-80.1932,43.40444],[-80.1868,43.40028],[-80.20642,43.39711],[-80.20342,43.38815],[-80.20283,43.38825],[-80.19889,43.37505],[-80.20189,43.37572],[-80.20296,43.37782],[-80.2076,43.37734],[-80.20734,43.37631],[-80.20894,43.37625],[-80.2072,43.37895],[-80.20862,43.37924],[-80.20929,43.37866],[-80.21007,43.37883],[-80.21077,43.38],[-80.21162,43.37985],[-80.21142,43.37866],[-80.2104,43.37752],[-80.21361,43.37689],[-80.21431,43.3776],[-80.21624,43.37689],[-80.21849,43.378],[-80.22111,43.37705],[-80.22279,43.377],[-80.2233,43.37589],[-80.22215,43.37467],[-80.22058,43.37508],[-80.21909,43.37256],[-80.21549,43.37315],[-80.2149,43.37019],[-80.21243,43.37019],[-80.21242,43.37153],[-80.20944,43.37008],[-80.20868,43.36847],[-80.20553,43.369],[-80.20392,43.36845],[-80.20236,43.36546],[-80.20402,43.36521],[-80.20518,43.36451],[-80.20934,43.36546],[-80.2138,43.36523],[-80.21687,43.36373],[-80.21693,43.36184],[-80.21555,43.35959],[-80.21403,43.35966],[-80.21366,43.3589],[-80.21023,43.35939],[-80.21044,43.36032],[-80.20916,43.36058],[-80.20811,43.36333],[-80.20686,43.36264],[-80.20832,43.35645],[-80.2162,43.35582],[-80.21919,43.35616],[-80.21778,43.35131],[-80.2174,43.352],[-80.21565,43.35209],[-80.21722,43.34999],[-80.21564,43.3465],[-80.21326,43.34644],[-80.21286,43.34563],[-80.21147,43.34507],[-80.20844,43.34569],[-80.20489,43.34508],[-80.20406,43.34631],[-80.20152,43.34542],[-80.20073,43.34733],[-80.19963,43.34784],[-80.20167,43.35131],[-80.20121,43.35243],[-80.20188,43.35391],[-80.20374,43.35382],[-80.20518,43.35282],[-80.20608,43.35305],[-80.20431,43.35643],[-80.20108,43.35774],[-80.20035,43.35897],[-80.20095,43.35993],[-80.1996,43.35988],[-80.19824,43.3578],[-80.19818,43.35636],[-80.20068,43.35603],[-80.19843,43.35327],[-80.20054,43.35217],[-80.19986,43.35111],[-80.19687,43.35165],[-80.19712,43.35247],[-80.19382,43.35275],[-80.19302,43.35426],[-80.18909,43.34288],[-80.24856,43.33345],[-80.21825,43.25463],[-80.20491,43.22115],[-80.20367,43.21819],[-80.20316,43.21829],[-80.20047,43.21073],[-80.17042,43.19945],[-80.09722,43.17331],[-79.99225,43.1348],[-79.83572,43.07925],[-79.75404,43.05064],[-79.70986,43.15594],[-79.65841,43.14422],[-79.64985,43.16326],[-79.52831,43.13652],[-79.53514,43.12048],[-79.53815,43.11926],[-79.51305,43.11337],[-79.51132,43.11375],[-79.51165,43.12407],[-79.50616,43.12374],[-79.4739,43.12466],[-79.46264,43.1255],[-79.45346,43.12519],[-79.44339,43.12591],[-79.40698,43.12677],[-79.40746,43.13603],[-79.43064,43.13532],[-79.4307,43.13616],[-79.43212,43.13612],[-79.4322,43.13733],[-79.4362,43.13729],[-79.4361,43.13603],[-79.43815,43.13601],[-79.43812,43.13521],[-79.45384,43.13455],[-79.45844,43.13491],[-79.47422,43.13421],[-79.47915,43.1374],[-79.48511,43.13922],[-79.48861,43.14021],[-79.50182,43.14257],[-79.50196,43.14679],[-79.50574,43.15204],[-79.51236,43.15207],[-79.5399,43.1584],[-79.53415,43.17144],[-79.60809,43.18775],[-79.61202,43.18777],[-79.62158,43.19003],[-79.63992,43.18993],[-79.66593,43.19585],[-79.67698,43.19776],[-79.67881,43.19339],[-79.70876,43.19975],[-79.7396,43.20761],[-79.74472,43.20863],[-79.74673,43.20387],[-79.75691,43.20687],[-79.76195,43.20799],[-79.76362,43.20356],[-79.7691,43.19036],[-79.74948,43.18569],[-79.76496,43.15094],[-79.82763,43.16496],[-79.83204,43.15456],[-79.83391,43.15571],[-79.83517,43.15586],[-79.83658,43.15555],[-79.83782,43.1542],[-79.8393,43.15506],[-79.84055,43.15499],[-79.84077,43.15438],[-79.84302,43.15495],[-79.84469,43.15475],[-79.84512,43.15582],[-79.8446,43.15756],[-79.84584,43.15821],[-79.84691,43.15788],[-79.84595,43.15663],[-79.84638,43.15619],[-79.84848,43.15737],[-79.84761,43.16049],[-79.84922,43.16117],[-79.85079,43.16086],[-79.85108,43.16013],[-79.84923,43.15964],[-79.84952,43.157],[-79.84821,43.1562],[-79.8479,43.15559],[-79.84821,43.15476],[-79.84941,43.15505],[-79.84975,43.15611],[-79.85143,43.15667],[-79.85249,43.15842],[-79.85548,43.15915],[-79.85667,43.15835],[-79.85645,43.15951],[-79.85682,43.15971],[-79.85869,43.15939],[-79.85967,43.16045],[-79.85907,43.16164],[-79.86032,43.16207],[-79.86316,43.15909],[-79.86357,43.1605],[-79.86253,43.16159],[-79.86326,43.16336],[-79.86299,43.16402],[-79.86806,43.16638],[-79.86709,43.1678],[-79.86724,43.16861],[-79.86832,43.16953],[-79.8693,43.17237],[-79.87054,43.17383],[-79.86936,43.17683],[-79.86751,43.17638],[-79.86691,43.17771],[-79.8677,43.178],[-79.86735,43.17913],[-79.87094,43.17932],[-79.87136,43.17873],[-79.87423,43.17919],[-79.87481,43.17982],[-79.87805,43.18039],[-79.87753,43.18107],[-79.87769,43.18169],[-79.87936,43.18199],[-79.87932,43.18253],[-79.88132,43.18281],[-79.88095,43.18081],[-79.88427,43.18151],[-79.88426,43.18298],[-79.88827,43.18477],[-79.88745,43.18558],[-79.89233,43.18742],[-79.89172,43.18879],[-79.89275,43.18904],[-79.89244,43.18963],[-79.89841,43.19107],[-79.8997,43.18797],[-79.89677,43.18773],[-79.89698,43.18717],[-79.89581,43.18598],[-79.89875,43.17991],[-79.89757,43.17899],[-79.89556,43.17893],[-79.8937,43.18315],[-79.88979,43.18216],[-79.89008,43.18024],[-79.88873,43.17993],[-79.88905,43.17902],[-79.88797,43.17838],[-79.88202,43.17821],[-79.88321,43.17527],[-79.87523,43.17268],[-79.87398,43.16874],[-79.87164,43.16798],[-79.87213,43.16683],[-79.87519,43.16753],[-79.87497,43.16844],[-79.87733,43.16905],[-79.87846,43.16685],[-79.86655,43.16354],[-79.86713,43.16225],[-79.86518,43.16121],[-79.86598,43.16017],[-79.86511,43.15936],[-79.8656,43.15795],[-79.86765,43.15838],[-79.87306,43.14655],[-79.88068,43.1483],[-79.8859,43.13691],[-79.94215,43.1501],[-79.94152,43.15097],[-79.94199,43.15168],[-79.94463,43.15222],[-79.94499,43.15299],[-79.94434,43.15454],[-79.94125,43.15392],[-79.94042,43.1548],[-79.93892,43.15453],[-79.9383,43.15375],[-79.93924,43.15227],[-79.93568,43.15123],[-79.93552,43.15275],[-79.93357,43.15233],[-79.933,43.1513],[-79.93164,43.15151],[-79.92992,43.153],[-79.92958,43.15353],[-79.93017,43.15449],[-79.93523,43.15576],[-79.93742,43.15563],[-79.94281,43.15685],[-79.94235,43.15754],[-79.94712,43.15873],[-79.94924,43.15777],[-79.94911,43.15525],[-79.95012,43.15525],[-79.95075,43.15422],[-79.95269,43.15467],[-79.9517,43.15631],[-79.95307,43.16047],[-79.95629,43.16265],[-79.95893,43.16224],[-79.9593,43.16396],[-79.95673,43.16446],[-79.95672,43.16496],[-79.95461,43.16513],[-79.95537,43.16732],[-79.95723,43.16699],[-79.95769,43.16887],[-79.95998,43.16848],[-79.96021,43.16986],[-79.9564,43.17084],[-79.95455,43.17399],[-79.95473,43.17546],[-79.95389,43.17617],[-79.95332,43.17605],[-79.95083,43.17836],[-79.95297,43.17918],[-79.95416,43.18058],[-79.95511,43.18049],[-79.95574,43.17912],[-79.95726,43.17894],[-79.95693,43.18016],[-79.95837,43.18046],[-79.95918,43.1833],[-79.95841,43.18763],[-79.95895,43.19033],[-79.95834,43.19231],[-79.95913,43.19253],[-79.95984,43.19237],[-79.96036,43.19097],[-79.96119,43.19075],[-79.96103,43.18879],[-79.9624,43.18945],[-79.963,43.19134],[-79.96402,43.19182],[-79.96395,43.18584],[-79.96475,43.18283],[-79.96435,43.18107],[-79.96538,43.18081],[-79.9646,43.17847],[-79.96631,43.1768],[-79.96421,43.16998],[-79.96285,43.16801],[-79.96382,43.16785],[-79.96298,43.1649],[-79.96466,43.16463],[-79.96399,43.16241],[-79.95984,43.16124],[-79.95955,43.1605],[-79.96097,43.15999],[-79.96097,43.15858],[-79.95362,43.15678],[-79.95397,43.15606],[-79.95577,43.15509],[-79.95539,43.15376],[-79.95238,43.15222],[-79.95537,43.1503],[-79.96567,43.14855],[-79.97666,43.18444],[-79.97712,43.18436],[-79.98275,43.20149],[-80.01178,43.1967],[-80.00938,43.18855],[-80.03893,43.18352],[-80.04145,43.19179],[-80.02697,43.19429],[-80.02808,43.19791],[-80.01338,43.20067],[-80.01772,43.21469],[-80.04067,43.21086],[-80.04586,43.22831],[-80.05504,43.22678],[-80.05538,43.22721],[-80.05595,43.22991],[-80.05399,43.23354],[-80.05374,43.23495],[-80.05476,43.2388],[-80.04972,43.23973],[-80.05552,43.25871],[-80.0458,43.26036],[-80.04724,43.26481],[-80.03238,43.26728],[-80.03281,43.26866],[-80.04054,43.27384],[-80.04494,43.27555],[-80.05294,43.27697],[-80.06205,43.27934],[-80.06268,43.28135],[-80.04322,43.28455],[-80.04217,43.28129],[-80.04045,43.28159],[-80.03979,43.27964],[-80.03372,43.28067],[-80.03438,43.28271],[-80.03216,43.28311],[-80.03335,43.28697],[-80.0319,43.28721],[-80.03155,43.28611],[-80.03039,43.2863],[-80.02939,43.28314],[-80.02688,43.28358],[-80.02813,43.28786],[-80.0257,43.28827],[-80.02429,43.28399],[-80.01695,43.28527],[-80.01654,43.28393],[-80.01532,43.28457],[-80.01125,43.2846],[-80.01023,43.28488],[-80.01003,43.28623],[-80.00894,43.28622],[-80.00705,43.28597],[-80.00589,43.28235],[-79.94714,43.29216],[-79.94999,43.30104],[-79.92812,43.30472],[-79.92478,43.30615],[-79.89563,43.33104],[-79.90431,43.33727],[-79.87983,43.35548],[-79.88334,43.35796],[-79.89134,43.35201],[-79.89893,43.35734],[-79.91161,43.36642],[-79.90361,43.37225],[-79.92638,43.38843],[-79.93039,43.38552],[-79.94674,43.39698],[-79.95479,43.39102],[-79.95958,43.39684],[-79.96428,43.40601],[-79.95389,43.4135],[-79.95932,43.41733],[-79.95392,43.42199],[-79.97594,43.43766],[-79.97731,43.44076],[-79.97932,43.44362],[-79.98932,43.45187],[-79.98683,43.45404],[-79.99232,43.458],[-79.99154,43.45877],[-79.992,43.45931],[-79.99196,43.46044],[-79.98998,43.46166],[-79.98936,43.46291],[-79.98805,43.46382],[-79.98752,43.46531],[-79.98565,43.46668],[-79.9818,43.46814],[-79.99259,43.4759],[-79.98869,43.47964],[-79.98614,43.48149],[-79.98411,43.48408],[-79.98347,43.48584],[-79.98213,43.48712],[-80.01426,43.5095],[-79.99744,43.52473],[-80.00439,43.52967],[-79.9937,43.53921],[-79.99254,43.53837],[-79.98726,43.54314],[-79.99592,43.54941],[-79.99436,43.5501],[-79.99576,43.5522],[-79.99262,43.55504],[-79.99218,43.55474],[-79.98772,43.55869],[-79.98919,43.55947],[-79.99088,43.56172],[-79.99003,43.5611],[-79.98264,43.56757],[-79.9908,43.57395],[-79.9854,43.57878],[-79.98583,43.5791],[-79.98062,43.58388],[-79.99128,43.59179],[-79.98602,43.59657],[-79.99129,43.60056],[-79.98611,43.60541],[-80.00202,43.61729],[-80.00712,43.61271],[-80.023,43.62449],[-80.01227,43.63412],[-80.01496,43.63614],[-80.00962,43.64092],[-80.01226,43.64292],[-79.9907,43.66231],[-80.00145,43.67037],[-79.99064,43.68002],[-79.99597,43.68403],[-79.98509,43.69362],[-80.00115,43.70563],[-79.96903,43.73449],[-79.97966,43.74241],[-79.96966,43.75152],[-79.98003,43.75916],[-79.97469,43.76406],[-79.9738,43.76341],[-79.96829,43.76827],[-79.97383,43.77239],[-79.96845,43.77729],[-79.96958,43.77813],[-79.96421,43.78314],[-79.98057,43.79542],[-79.98629,43.79046],[-79.99072,43.79373],[-80.00164,43.78414],[-80.00684,43.78796],[-80.01226,43.78303],[-80.02028,43.78897],[-80.02535,43.78463],[-80.03066,43.78864],[-80.02573,43.793],[-80.0337,43.7989],[-80.02822,43.80384],[-80.03908,43.81189],[-80.02828,43.82165],[-80.02975,43.82273],[-80.02436,43.82762],[-80.02971,43.83158],[-80.02338,43.8378],[-80.01816,43.84103],[-80.00136,43.82858],[-79.99581,43.83357],[-79.99613,43.83381],[-79.99071,43.8389],[-79.9881,43.83695],[-79.97703,43.8463],[-79.9745,43.84445],[-79.97335,43.8454],[-79.96371,43.85408],[-79.96905,43.85807],[-79.96343,43.86288],[-79.9691,43.86699],[-79.95824,43.87661],[-79.96354,43.88051],[-79.95263,43.89021],[-79.9471,43.88613],[-79.93622,43.89579],[-79.93689,43.89628],[-79.93147,43.901],[-79.98878,43.94337],[-79.98501,43.94426],[-79.98969,43.96319]]]}},{"type":"Feature","properties":{"OGF_ID":77,"DESIGNATION":"Protected Countryside","EFFECTIVE_DATETIME":"2023-12-06","SYSTEM_DATETIME":"2023-12-14"},"geometry":{"type":"Polygon","coordinates":[[[-78.49779,44.05564],[-78.50178,44.06504],[-78.50368,44.0646],[-78.50485,44.06432],[-78.50653,44.06079],[-78.50554,44.05391],[-78.50384,44.05115],[-78.50512,44.05071],[-78.50953,44.05315],[-78.51081,44.05282],[-78.51146,44.05145],[-78.50945,44.04891],[-78.50915,44.04742],[-78.51125,44.04595],[-78.51473,44.04679],[-78.51866,44.04934],[-78.52048,44.05405],[-78.52284,44.05556],[-78.52852,44.05768],[-78.5274,44.05812],[-78.52439,44.05718],[-78.5236,44.05729],[-78.52343,44.05797],[-78.52594,44.05971],[-78.53022,44.06101],[-78.53246,44.05977],[-78.53154,44.05736],[-78.53347,44.05612],[-78.53208,44.05393],[-78.53099,44.05289],[-78.52609,44.05124],[-78.51747,44.04441],[-78.51764,44.04372],[-78.5186,44.04361],[-78.52556,44.04529],[-78.52716,44.04461],[-78.52608,44.04277],[-78.5264,44.0418],[-78.52831,44.0417],[-78.52975,44.04103],[-78.53149,44.04185],[-78.53262,44.0406],[-78.53437,44.04061],[-78.5364,44.04257],[-78.54411,44.04722],[-78.54964,44.04876],[-78.55377,44.04903],[-78.55523,44.04721],[-78.55493,44.04606],[-78.55321,44.04456],[-78.54785,44.04188],[-78.54583,44.0398],[-78.54555,44.03693],[-78.54943,44.03353],[-78.55356,44.03311],[-78.55736,44.03383],[-78.5586,44.03556],[-78.56099,44.03524],[-78.56301,44.03835],[-78.56411,44.03882],[-78.56445,44.03767],[-78.56306,44.03514],[-78.56639,44.03586],[-78.56814,44.03542],[-78.56938,44.03703],[-78.57039,44.03383],[-78.57135,44.0335],[-78.57277,44.03397],[-78.57434,44.03558],[-78.57454,44.03261],[-78.57646,44.03217],[-78.58111,44.02935],[-78.5881,44.02941],[-78.58953,44.02965],[-78.59141,44.03104],[-78.5941,44.03152],[-78.59589,44.02924],[-78.58846,44.02678],[-78.59319,44.02619],[-78.59451,44.02603],[-78.5942,44.02557],[-78.59055,44.02519],[-78.58995,44.02313],[-78.58691,44.02459],[-78.58214,44.02443],[-78.5791,44.02635],[-78.57464,44.02677],[-78.57258,44.02618],[-78.56655,44.02613],[-78.56336,44.02678],[-78.55987,44.02641],[-78.5487,44.01979],[-78.54688,44.01531],[-78.5464,44.01519],[-78.54669,44.01702],[-78.54556,44.01816],[-78.54554,44.01953],[-78.54377,44.02066],[-78.53516,44.02219],[-78.53422,44.02172],[-78.5376,44.01912],[-78.5408,44.01766],[-78.53976,44.01341],[-78.53689,44.01407],[-78.53659,44.01281],[-78.53065,44.01665],[-78.53084,44.01505],[-78.52975,44.01378],[-78.53103,44.01288],[-78.5317,44.01105],[-78.53002,44.00748],[-78.53131,44.00647],[-78.53056,44.00382],[-78.53247,44.00327],[-78.53437,44.00398],[-78.53628,44.00342],[-78.5377,44.004],[-78.53866,44.00367],[-78.53757,44.00228],[-78.53623,43.99897],[-78.53759,43.99717],[-78.54097,43.99708],[-78.54197,43.99897],[-78.54397,43.99816],[-78.54497,43.9996],[-78.54859,43.99969],[-78.54984,43.99753],[-78.55097,43.99788],[-78.55122,43.99942],[-78.55421,43.99753],[-78.55358,43.99644],[-78.55746,43.9969],[-78.55733,43.99509],[-78.55632,43.99446],[-78.55657,43.99257],[-78.55482,43.99221],[-78.55443,43.98968],[-78.55256,43.9895],[-78.55007,43.99239],[-78.54731,43.98923],[-78.54693,43.9877],[-78.54792,43.98536],[-78.55254,43.98436],[-78.55367,43.98508],[-78.55417,43.98689],[-78.55906,43.99086],[-78.56356,43.9913],[-78.56457,43.99419],[-78.56607,43.99329],[-78.56681,43.9913],[-78.56831,43.99131],[-78.57087,43.99626],[-78.57132,43.99419],[-78.56968,43.99094],[-78.57005,43.98896],[-78.57193,43.98932],[-78.57479,43.98689],[-78.57753,43.98661],[-78.5783,43.98914],[-78.5808,43.99067],[-78.58055,43.99247],[-78.58355,43.9923],[-78.58456,43.99292],[-78.58385,43.99588],[-78.58831,43.99527],[-78.5877,43.9977],[-78.5887,43.99842],[-78.59031,43.99572],[-78.59156,43.9949],[-78.59256,43.995],[-78.59062,44.00137],[-78.59122,44.00208],[-78.5942,44.00358],[-78.59597,44.0044],[-78.59623,44.00784],[-78.60022,44.00672],[-78.60199,44.00548],[-78.60374,44.00538],[-78.60396,44.01122],[-78.60474,44.01203],[-78.6054,44.01021],[-78.60898,44.00992],[-78.60967,44.01196],[-78.61127,44.01117],[-78.61297,44.01359],[-78.61364,44.01199],[-78.61473,44.01292],[-78.61666,44.01133],[-78.61793,44.01168],[-78.61886,44.01283],[-78.61848,44.01684],[-78.62037,44.01788],[-78.62052,44.01891],[-78.62276,44.01756],[-78.62272,44.01996],[-78.62449,44.01872],[-78.62431,44.01986],[-78.6251,44.02033],[-78.62695,44.01359],[-78.62744,44.01279],[-78.62856,44.01257],[-78.62769,44.01703],[-78.63227,44.01867],[-78.63238,44.02188],[-78.63494,44.02075],[-78.63589,44.02099],[-78.6333,44.02452],[-78.63219,44.02405],[-78.63028,44.02472],[-78.62848,44.02746],[-78.62943,44.0277],[-78.63326,44.02669],[-78.6342,44.02762],[-78.63338,44.02933],[-78.63367,44.03071],[-78.63826,44.03211],[-78.63953,44.0319],[-78.6383,44.02948],[-78.63882,44.02674],[-78.64028,44.02458],[-78.64299,44.02391],[-78.64456,44.02564],[-78.6416,44.03157],[-78.64336,44.0309],[-78.64337,44.02998],[-78.64434,44.02931],[-78.64669,44.03104],[-78.64604,44.03275],[-78.6481,44.03265],[-78.64951,44.03404],[-78.65251,44.0351],[-78.65191,44.03291],[-78.65004,44.03061],[-78.65185,44.03034],[-78.65475,44.02366],[-78.6565,44.02368],[-78.65683,44.02322],[-78.65735,44.01979],[-78.65767,44.01945],[-78.65894,44.01992],[-78.66166,44.01856],[-78.66316,44.01411],[-78.66478,44.01206],[-78.66715,44.01288],[-78.66893,44.01061],[-78.67021,44.01016],[-78.67604,44.01249],[-78.6773,44.01354],[-78.67797,44.02213],[-78.67952,44.02443],[-78.67839,44.02568],[-78.68109,44.02593],[-78.6825,44.02686],[-78.68206,44.02468],[-78.68288,44.02297],[-78.68544,44.02184],[-78.68924,44.02255],[-78.68944,44.01958],[-78.69009,44.01902],[-78.69326,44.01938],[-78.69244,44.02121],[-78.69321,44.02282],[-78.69464,44.02271],[-78.69721,44.0209],[-78.70133,44.02128],[-78.70439,44.02989],[-78.70551,44.02875],[-78.70709,44.02979],[-78.70854,44.02854],[-78.71012,44.0289],[-78.71093,44.02776],[-78.71252,44.02777],[-78.71487,44.02962],[-78.71568,44.02894],[-78.71621,44.02528],[-78.71861,44.02369],[-78.72132,44.02349],[-78.72145,44.02498],[-78.72,44.02691],[-78.72126,44.02772],[-78.72061,44.02875],[-78.72584,44.02936],[-78.72708,44.03131],[-78.72608,44.03474],[-78.72734,44.03567],[-78.72913,44.03248],[-78.73132,44.03501],[-78.73373,44.0332],[-78.73661,44.03207],[-78.73724,44.03208],[-78.73658,44.03356],[-78.73706,44.03402],[-78.74043,44.0313],[-78.74374,44.03304],[-78.74483,44.03465],[-78.74562,44.03454],[-78.74611,44.03386],[-78.74549,44.03282],[-78.74662,44.03169],[-78.74314,44.02994],[-78.74494,44.02686],[-78.74556,44.02756],[-78.74684,44.02676],[-78.74955,44.02701],[-78.75124,44.03069],[-78.75281,44.03219],[-78.75424,44.03232],[-78.75347,44.03025],[-78.75173,44.02977],[-78.7513,44.02646],[-78.75389,44.02315],[-78.75993,44.0225],[-78.75582,44.02145],[-78.75743,44.01962],[-78.75715,44.01676],[-78.75796,44.01516],[-78.75877,44.01448],[-78.76082,44.01507],[-78.76117,44.01359],[-78.76196,44.01347],[-78.7659,44.01613],[-78.76641,44.01362],[-78.76991,44.0125],[-78.77165,44.01331],[-78.77163,44.01526],[-78.77415,44.01642],[-78.77654,44.01598],[-78.77828,44.01645],[-78.77827,44.01714],[-78.77985,44.01772],[-78.78045,44.02013],[-78.78173,44.01991],[-78.78161,44.02113],[-78.78154,44.02186],[-78.78331,44.02084],[-78.78457,44.0213],[-78.78617,44.02074],[-78.78694,44.02223],[-78.78981,44.02334],[-78.79076,44.02146],[-78.79171,44.02135],[-78.79203,44.02204],[-78.79298,44.02216],[-78.79348,44.02068],[-78.79601,44.02127],[-78.80009,44.02507],[-78.80121,44.02393],[-78.8031,44.02498],[-78.80378,44.02212],[-78.80633,44.0211],[-78.80582,44.02408],[-78.80677,44.0242],[-78.80726,44.02329],[-78.80885,44.02295],[-78.81154,44.02401],[-78.81061,44.02182],[-78.8095,44.02158],[-78.81063,44.01988],[-78.81411,44.02139],[-78.81811,44.01958],[-78.81872,44.02119],[-78.82349,44.02133],[-78.82552,44.02387],[-78.82632,44.02364],[-78.82602,44.02192],[-78.82666,44.02113],[-78.83108,44.0239],[-78.83094,44.02287],[-78.82746,44.02056],[-78.82412,44.021],[-78.82049,44.01937],[-78.81829,44.01763],[-78.81863,44.01615],[-78.82436,44.01539],[-78.82484,44.01481],[-78.81784,44.0158],[-78.81607,44.01751],[-78.81527,44.0175],[-78.81465,44.01601],[-78.80973,44.01598],[-78.80927,44.01517],[-78.80751,44.01574],[-78.80578,44.01446],[-78.80482,44.01537],[-78.80275,44.01524],[-78.80214,44.01364],[-78.80056,44.01294],[-78.80202,44.01031],[-78.79883,44.01167],[-78.79566,44.0113],[-78.79295,44.01209],[-78.79168,44.01174],[-78.79027,44.01046],[-78.79123,44.00979],[-78.78901,44.00931],[-78.79332,44.00819],[-78.78778,44.00655],[-78.77965,43.99992],[-78.77913,43.99722],[-78.78051,43.99695],[-78.78351,43.9982],[-78.78563,43.99811],[-78.79295,43.99106],[-78.79393,43.98889],[-78.79468,43.9888],[-78.79582,43.98988],[-78.80095,43.99104],[-78.80135,43.99402],[-78.80184,43.99384],[-78.80285,43.99265],[-78.80319,43.98996],[-78.80557,43.99067],[-78.80741,43.98661],[-78.80877,43.98534],[-78.81004,43.98678],[-78.81058,43.99201],[-78.81159,43.99372],[-78.81308,43.99282],[-78.81471,43.99291],[-78.81382,43.99156],[-78.81541,43.98678],[-78.81739,43.98515],[-78.82351,43.98495],[-78.82477,43.98585],[-78.82566,43.98801],[-78.82904,43.98882],[-78.82991,43.98791],[-78.82965,43.98692],[-78.83052,43.98656],[-78.83267,43.98853],[-78.83379,43.9888],[-78.83466,43.98808],[-78.83648,43.98168],[-78.83909,43.98005],[-78.84136,43.98247],[-78.84149,43.98365],[-78.84424,43.98309],[-78.84524,43.98346],[-78.84627,43.98715],[-78.84716,43.98778],[-78.84712,43.98417],[-78.84823,43.98272],[-78.84793,43.98129],[-78.84862,43.98082],[-78.84817,43.97989],[-78.84562,43.97825],[-78.84446,43.97565],[-78.8426,43.97322],[-78.84077,43.96902],[-78.84005,43.96739],[-78.81805,43.91756],[-78.80467,43.92057],[-78.8037,43.92079],[-78.80393,43.92127],[-78.80576,43.92521],[-78.80337,43.92575],[-78.80074,43.92635],[-78.80283,43.93078],[-78.80256,43.93104],[-78.79311,43.93322],[-78.78891,43.92414],[-78.77406,43.92755],[-78.76947,43.91733],[-78.76898,43.91624],[-78.76777,43.91356],[-78.75942,43.91336],[-78.75531,43.91416],[-78.74642,43.91395],[-78.73481,43.91255],[-78.72336,43.91063],[-78.72606,43.91665],[-78.72096,43.91766],[-78.72584,43.92849],[-78.71274,43.93146],[-78.71123,43.93181],[-78.71553,43.94103],[-78.67762,43.9498],[-78.6761,43.95015],[-78.67556,43.949],[-78.67477,43.94731],[-78.67088,43.9483],[-78.66956,43.95141],[-78.66828,43.95207],[-78.66556,43.95459],[-78.66367,43.95317],[-78.66195,43.95352],[-78.6608,43.95125],[-78.65764,43.95206],[-78.65711,43.954],[-78.65633,43.95415],[-78.6567,43.95496],[-78.65494,43.95539],[-78.64984,43.95176],[-78.6482,43.94827],[-78.64725,43.94848],[-78.64574,43.95234],[-78.64643,43.95423],[-78.64564,43.95443],[-78.64635,43.95593],[-78.64543,43.95614],[-78.6456,43.95653],[-78.64294,43.9573],[-78.64214,43.95942],[-78.64365,43.96321],[-78.63352,43.96566],[-78.63282,43.96393],[-78.62991,43.96355],[-78.62908,43.96173],[-78.62997,43.96146],[-78.62518,43.95183],[-78.62557,43.95064],[-78.62357,43.94476],[-78.62117,43.94075],[-78.61999,43.94125],[-78.61811,43.93598],[-78.62043,43.93539],[-78.61976,43.93357],[-78.62116,43.93226],[-78.6205,43.92447],[-78.61695,43.92099],[-78.6152,43.91649],[-78.61294,43.91464],[-78.61235,43.91519],[-78.61095,43.91649],[-78.61359,43.92313],[-78.61511,43.92575],[-78.61485,43.92719],[-78.61709,43.93141],[-78.61158,43.93424],[-78.61478,43.94148],[-78.61367,43.94174],[-78.61442,43.94351],[-78.60888,43.94501],[-78.60952,43.94634],[-78.609,43.94692],[-78.60544,43.94794],[-78.60386,43.94941],[-78.60063,43.9507],[-78.58992,43.95298],[-78.58911,43.95112],[-78.58712,43.95152],[-78.58516,43.9472],[-78.58172,43.94797],[-78.58146,43.94736],[-78.57902,43.94788],[-78.57779,43.9452],[-78.58702,43.94275],[-78.58542,43.93932],[-78.58282,43.93935],[-78.5783,43.94005],[-78.57424,43.93789],[-78.57205,43.93332],[-78.57382,43.93074],[-78.57414,43.92654],[-78.57543,43.92561],[-78.57558,43.92254],[-78.57378,43.92197],[-78.57212,43.92106],[-78.57193,43.91989],[-78.57392,43.91809],[-78.57561,43.91721],[-78.57578,43.91496],[-78.57813,43.91233],[-78.57799,43.91202],[-78.57649,43.90848],[-78.58174,43.90728],[-78.57569,43.90665],[-78.57165,43.8973],[-78.56234,43.8951],[-78.5588,43.8954],[-78.55602,43.89622],[-78.55402,43.89636],[-78.54138,43.89596],[-78.53547,43.89737],[-78.53028,43.89816],[-78.51963,43.89929],[-78.50852,43.8998],[-78.50293,43.90061],[-78.49659,43.89987],[-78.49098,43.89845],[-78.48702,43.89702],[-78.48196,43.89656],[-78.46642,43.90036],[-78.46322,43.90207],[-78.45458,43.905],[-78.45099,43.9074],[-78.44619,43.90965],[-78.43706,43.91193],[-78.46102,43.96552],[-78.4682,43.98304],[-78.48447,44.0198],[-78.49187,44.04125],[-78.49779,44.05564]]]}},{"type":"Feature","properties":{"OGF_ID":80,"DESIGNATION":"Protected Countryside","EFFECTIVE_DATETIME":"2023-12-06","SYSTEM_DATETIME":"2023-12-14"},"geometry":{"type":"Polygon","coordinates":[[[-78.9332,44.01502],[-78.93396,44.01524],[-78.93376,44.01799],[-78.93057,44.02026],[-78.93006,44.02289],[-78.9328,44.01959],[-78.93518,44.01903],[-78.9357,44.01548],[-78.93461,44.01341],[-78.93573,44.01297],[-78.94031,44.01494],[-78.93716,44.01263],[-78.93798,44.01023],[-78.93909,44.01058],[-78.94036,44.0099],[-78.94084,44.01036],[-78.94228,44.00945],[-78.94307,44.01026],[-78.94371,44.009],[-78.94673,44.00844],[-78.94752,44.00879],[-78.94831,44.00971],[-78.94687,44.01074],[-78.94893,44.01086],[-78.94971,44.01223],[-78.94827,44.01395],[-78.94791,44.01727],[-78.94902,44.01705],[-78.94983,44.01567],[-78.9511,44.01626],[-78.95221,44.01603],[-78.95315,44.01753],[-78.95379,44.01719],[-78.95398,44.01455],[-78.95161,44.01271],[-78.95147,44.0119],[-78.95322,44.01088],[-78.95165,44.00916],[-78.95596,44.00678],[-78.95882,44.00725],[-78.95911,44.00977],[-78.95974,44.01],[-78.96009,44.00749],[-78.96118,44.00909],[-78.96136,44.00669],[-78.96279,44.00612],[-78.96314,44.00429],[-78.96904,44.00181],[-78.96949,44.00353],[-78.9706,44.00388],[-78.96963,44.00559],[-78.97361,44.00515],[-78.97503,44.00562],[-78.97475,44.00607],[-78.9739,44.00744],[-78.97453,44.00836],[-78.9766,44.0078],[-78.97724,44.00654],[-78.97567,44.00528],[-78.97583,44.0047],[-78.97871,44.00346],[-78.98044,44.0045],[-78.98138,44.00588],[-78.98026,44.00748],[-78.98167,44.00874],[-78.98243,44.0123],[-78.98322,44.01264],[-78.98387,44.01116],[-78.98329,44.00612],[-78.98361,44.00578],[-78.98471,44.00647],[-78.986,44.00407],[-78.98423,43.99988],[-78.98731,43.99572],[-78.98881,43.9959],[-78.98748,43.99996],[-78.98887,44.00328],[-78.99072,43.99941],[-78.99708,43.99803],[-78.99921,43.99838],[-79.00047,43.99627],[-79.00603,43.99643],[-79.00906,43.99564],[-79.01191,43.99659],[-79.01361,43.99924],[-79.01637,43.99593],[-79.01956,43.99515],[-79.01799,43.99376],[-79.016,43.98949],[-79.0186,43.98652],[-79.01939,43.98652],[-79.01951,43.98871],[-79.02273,43.9862],[-79.02587,43.98875],[-79.02811,43.9875],[-79.02922,43.98763],[-79.03048,43.98856],[-79.03075,43.99143],[-79.03296,43.99225],[-79.03357,43.99409],[-79.0365,43.9894],[-79.03825,43.98942],[-79.03987,43.98724],[-79.04196,43.98645],[-79.04641,43.98648],[-79.04747,43.9889],[-79.04679,43.99234],[-79.04868,43.99293],[-79.0538,43.99124],[-79.06237,43.99153],[-79.0648,43.98913],[-79.06655,43.98834],[-79.06813,43.98893],[-79.06715,43.99099],[-79.06778,43.99122],[-79.071,43.98884],[-79.0703,43.99262],[-79.06755,43.99571],[-79.06834,43.99617],[-79.07074,43.9955],[-79.0704,43.99653],[-79.07103,43.99711],[-79.07232,43.99294],[-79.07287,43.99114],[-79.07382,43.9915],[-79.07454,43.99587],[-79.07598,43.9953],[-79.07873,43.99222],[-79.08065,43.99165],[-79.08146,43.99028],[-79.0837,43.98949],[-79.08575,43.99054],[-79.08703,43.98985],[-79.08797,43.99078],[-79.08972,43.99114],[-79.09117,43.98988],[-79.0932,43.99151],[-79.09526,43.99186],[-79.09407,43.98737],[-79.09727,43.98555],[-79.10395,43.98536],[-79.10366,43.98341],[-79.1043,43.98295],[-79.1073,43.98458],[-79.11126,43.98518],[-79.11096,43.98414],[-79.10985,43.98391],[-79.11003,43.98253],[-79.10499,43.97974],[-79.10598,43.97767],[-79.10296,43.97754],[-79.10218,43.97673],[-79.09821,43.97625],[-79.09617,43.97485],[-79.09826,43.97291],[-79.10273,43.97145],[-79.1045,43.97008],[-79.10518,43.96732],[-79.10661,43.96745],[-79.10965,43.96609],[-79.11042,43.96724],[-79.10976,43.96908],[-79.11216,43.96795],[-79.11365,43.96416],[-79.11634,43.96521],[-79.11647,43.96636],[-79.11758,43.96706],[-79.1184,43.965],[-79.12143,43.96478],[-79.12208,43.96352],[-79.12728,43.96654],[-79.13776,43.96684],[-79.13855,43.9673],[-79.13739,43.96982],[-79.1398,43.968],[-79.13999,43.96616],[-79.14079,43.9657],[-79.14172,43.96755],[-79.14283,43.96733],[-79.14425,43.96791],[-79.14334,43.96537],[-79.14747,43.96505],[-79.14622,43.96367],[-79.14719,43.96275],[-79.14672,43.96206],[-79.14739,43.96],[-79.15699,43.9558],[-79.15809,43.95615],[-79.15886,43.95822],[-79.16106,43.95915],[-79.16104,43.96019],[-79.16278,43.96077],[-79.16198,43.9618],[-79.1642,43.96204],[-79.16482,43.96286],[-79.16833,43.96161],[-79.16912,43.96161],[-79.16975,43.96277],[-79.16931,43.96024],[-79.17012,43.95932],[-79.17216,43.96037],[-79.17371,43.96337],[-79.17517,43.96084],[-79.17582,43.9605],[-79.17613,43.96108],[-79.17694,43.95902],[-79.17759,43.95856],[-79.17949,43.95903],[-79.18073,43.96134],[-79.17971,43.96616],[-79.18148,43.96456],[-79.18312,43.96055],[-79.18142,43.95709],[-79.18286,43.95675],[-79.18678,43.96045],[-79.18978,43.9615],[-79.19258,43.96577],[-79.19262,43.96232],[-79.18932,43.96024],[-79.18885,43.95931],[-79.18968,43.95736],[-79.19208,43.95611],[-79.19415,43.95601],[-79.19591,43.95464],[-79.19893,43.95465],[-79.20182,43.9526],[-79.20357,43.95215],[-79.20594,43.95274],[-79.20833,43.95252],[-79.20766,43.95516],[-79.2097,43.95315],[-79.21027,43.953],[-79.21325,43.95243],[-79.21518,43.95141],[-79.21724,43.95107],[-79.21851,43.95154],[-79.21785,43.95349],[-79.22089,43.95144],[-79.22357,43.95318],[-79.22802,43.95274],[-79.228,43.954],[-79.23084,43.95563],[-79.22821,43.9509],[-79.22825,43.94756],[-79.23049,43.94666],[-79.23258,43.94449],[-79.23478,43.94587],[-79.23685,43.94554],[-79.23873,43.94705],[-79.24023,43.94211],[-79.2414,43.94212],[-79.24371,43.94362],[-79.24374,43.94121],[-79.2425,43.9389],[-79.23964,43.93912],[-79.23441,43.93829],[-79.23429,43.93484],[-79.23542,43.93392],[-79.2408,43.9351],[-79.24126,43.93649],[-79.24318,43.9358],[-79.24443,43.93673],[-79.24508,43.93581],[-79.24604,43.9357],[-79.24726,43.93666],[-79.24855,43.93774],[-79.24853,43.93916],[-79.24628,43.94088],[-79.24706,43.94226],[-79.24546,43.94329],[-79.24592,43.94398],[-79.2491,43.94457],[-79.25165,43.94343],[-79.2548,43.94494],[-79.25671,43.94518],[-79.25875,43.94703],[-79.25862,43.94473],[-79.26149,43.94325],[-79.26313,43.94304],[-79.26357,43.94298],[-79.26048,43.93096],[-79.24858,43.93377],[-79.24444,43.91742],[-79.24673,43.91699],[-79.24743,43.91915],[-79.24985,43.9186],[-79.25123,43.91956],[-79.2578,43.91828],[-79.25766,43.9203],[-79.25528,43.92457],[-79.25872,43.92374],[-79.25887,43.92437],[-79.27104,43.92175],[-79.27246,43.9277],[-79.27433,43.92732],[-79.27476,43.92908],[-79.27293,43.92948],[-79.27342,43.93182],[-79.27803,43.93083],[-79.27792,43.93039],[-79.28315,43.92921],[-79.2842,43.93241],[-79.28351,43.93258],[-79.28375,43.93337],[-79.28297,43.93368],[-79.28212,43.93616],[-79.28363,43.9375],[-79.2845,43.93736],[-79.28499,43.93978],[-79.28409,43.94001],[-79.28384,43.94211],[-79.28229,43.94246],[-79.28034,43.94511],[-79.27798,43.9456],[-79.27526,43.94332],[-79.27263,43.94384],[-79.26955,43.94651],[-79.26668,43.94753],[-79.26603,43.94914],[-79.26645,43.95059],[-79.26664,43.95121],[-79.26423,43.95269],[-79.26565,43.95339],[-79.26628,43.95454],[-79.26758,43.95179],[-79.27095,43.94859],[-79.27097,43.94744],[-79.27193,43.94675],[-79.27266,43.94702],[-79.27383,43.94745],[-79.27388,43.94508],[-79.2744,43.94511],[-79.27502,43.94643],[-79.2774,43.94815],[-79.28208,43.94711],[-79.28468,43.9442],[-79.28586,43.94386],[-79.2868,43.94183],[-79.28757,43.94167],[-79.2876,43.93904],[-79.28841,43.93793],[-79.28806,43.93681],[-79.28564,43.93519],[-79.28663,43.93458],[-79.28881,43.93514],[-79.2903,43.93606],[-79.29042,43.93751],[-79.28985,43.93763],[-79.29041,43.93989],[-79.29274,43.93955],[-79.29371,43.94379],[-79.29302,43.94495],[-79.29194,43.94509],[-79.29229,43.9466],[-79.2935,43.94646],[-79.29375,43.94729],[-79.29598,43.94876],[-79.29493,43.94897],[-79.29556,43.95163],[-79.29618,43.95155],[-79.29539,43.95308],[-79.29576,43.95453],[-79.29422,43.95559],[-79.29482,43.95824],[-79.29796,43.9583],[-79.29957,43.95918],[-79.30021,43.95861],[-79.29769,43.95756],[-79.29691,43.95641],[-79.2974,43.95446],[-79.29901,43.9532],[-79.29841,43.95071],[-79.29922,43.95049],[-79.29872,43.94787],[-79.29627,43.94662],[-79.29608,43.94617],[-79.29658,43.94613],[-79.2957,43.94435],[-79.29605,43.94367],[-79.29544,43.94179],[-79.29884,43.941],[-79.30273,43.94329],[-79.30907,43.94502],[-79.31079,43.94952],[-79.30918,43.95261],[-79.30897,43.95693],[-79.30992,43.95751],[-79.31073,43.95647],[-79.31058,43.95521],[-79.31265,43.9551],[-79.31538,43.95247],[-79.31727,43.95374],[-79.31838,43.95363],[-79.3181,43.95007],[-79.31936,43.95145],[-79.31966,43.95306],[-79.32219,43.954],[-79.32019,43.94835],[-79.3237,43.94768],[-79.32198,43.94502],[-79.31771,43.94351],[-79.31868,43.94179],[-79.31684,43.94219],[-79.31565,43.93822],[-79.31354,43.93812],[-79.31405,43.93947],[-79.31162,43.93999],[-79.30093,43.93565],[-79.2999,43.93146],[-79.29643,43.93222],[-79.29107,43.92844],[-79.29025,43.92643],[-79.27873,43.92252],[-79.27748,43.91894],[-79.27222,43.91622],[-79.26508,43.91729],[-79.26363,43.9111],[-79.25067,43.91412],[-79.24935,43.91268],[-79.24684,43.91192],[-79.24636,43.91132],[-79.24559,43.9115],[-79.24385,43.90872],[-79.24239,43.90855],[-79.24149,43.90541],[-79.22535,43.90375],[-79.22,43.90202],[-79.21703,43.90038],[-79.21469,43.89788],[-79.21297,43.89491],[-79.21017,43.8835],[-79.20854,43.88428],[-79.20662,43.87935],[-79.2049,43.87662],[-79.2083,43.87584],[-79.20742,43.87223],[-79.22626,43.84872],[-79.2128,43.84764],[-79.20921,43.84623],[-79.23008,43.84156],[-79.22966,43.84043],[-79.23063,43.83837],[-79.22811,43.83729],[-79.22659,43.8376],[-79.22489,43.83363],[-79.22214,43.83208],[-79.21977,43.83212],[-79.21891,43.83109],[-79.22108,43.83018],[-79.21996,43.8275],[-79.22016,43.82646],[-79.21928,43.82553],[-79.21738,43.82499],[-79.21719,43.82529],[-79.21535,43.82526],[-79.21405,43.826],[-79.21238,43.82517],[-79.21167,43.82531],[-79.21077,43.82441],[-79.20661,43.82268],[-79.20457,43.82389],[-79.20471,43.82421],[-79.2034,43.82398],[-79.20287,43.82434],[-79.19949,43.81873],[-79.19833,43.81282],[-79.20021,43.81262],[-79.20208,43.81298],[-79.20354,43.8144],[-79.20509,43.81403],[-79.20612,43.81356],[-79.20225,43.81131],[-79.19062,43.80896],[-79.18547,43.8108],[-79.1844,43.81168],[-79.1826,43.81223],[-79.18077,43.81338],[-79.18014,43.81235],[-79.1769,43.81074],[-79.17385,43.80999],[-79.16724,43.80942],[-79.16213,43.80684],[-79.15909,43.80703],[-79.15893,43.80668],[-79.15855,43.80698],[-79.15727,43.80527],[-79.15568,43.80533],[-79.1555,43.8049],[-79.15753,43.80437],[-79.15654,43.80384],[-79.15511,43.80427],[-79.15486,43.80391],[-79.1562,43.80355],[-79.153,43.80238],[-79.15067,43.80331],[-79.15047,43.80299],[-79.14993,43.80317],[-79.14972,43.8021],[-79.14926,43.8019],[-79.14648,43.80155],[-79.14475,43.80246],[-79.14344,43.80387],[-79.14197,43.80163],[-79.14069,43.80241],[-79.13955,43.79995],[-79.13636,43.79988],[-79.13343,43.80058],[-79.131,43.79977],[-79.13144,43.79923],[-79.13027,43.79807],[-79.13133,43.79692],[-79.13031,43.79519],[-79.12875,43.79443],[-79.1228,43.79557],[-79.1228,43.79519],[-79.12372,43.79467],[-79.12398,43.79202],[-79.12285,43.791],[-79.12057,43.79061],[-79.11771,43.79346],[-79.11556,43.79465],[-79.11578,43.79482],[-79.11469,43.79486],[-79.11491,43.79563],[-79.11611,43.7956],[-79.11624,43.7959],[-79.11473,43.79584],[-79.11518,43.79659],[-79.11724,43.79646],[-79.11832,43.79697],[-79.11891,43.79683],[-79.11919,43.79722],[-79.11874,43.79738],[-79.11934,43.79756],[-79.11892,43.79775],[-79.12069,43.79843],[-79.12073,43.79888],[-79.12122,43.79877],[-79.12109,43.79845],[-79.1215,43.7984],[-79.12166,43.79879],[-79.12233,43.79864],[-79.12224,43.79812],[-79.12284,43.79774],[-79.12334,43.79793],[-79.12298,43.79856],[-79.12383,43.79828],[-79.12394,43.79875],[-79.12354,43.7993],[-79.12403,43.79923],[-79.12523,43.80038],[-79.12654,43.80034],[-79.12546,43.80105],[-79.12688,43.80042],[-79.12623,43.80133],[-79.12674,43.80081],[-79.12708,43.80093],[-79.12653,43.8015],[-79.12699,43.80163],[-79.12751,43.80108],[-79.1289,43.80192],[-79.1284,43.80244],[-79.12864,43.80267],[-79.12919,43.8021],[-79.12962,43.80236],[-79.13137,43.80554],[-79.13331,43.80707],[-79.13375,43.80811],[-79.1358,43.80889],[-79.13653,43.81049],[-79.13971,43.81191],[-79.14055,43.81386],[-79.14349,43.81325],[-79.14317,43.81294],[-79.14388,43.81276],[-79.14653,43.81348],[-79.14668,43.81399],[-79.14757,43.81438],[-79.147,43.81508],[-79.14952,43.81485],[-79.14979,43.81549],[-79.14795,43.81545],[-79.1481,43.8158],[-79.14709,43.81603],[-79.14728,43.81649],[-79.14982,43.81643],[-79.15095,43.81745],[-79.15245,43.81797],[-79.15309,43.81925],[-79.15368,43.81911],[-79.15476,43.82148],[-79.15357,43.82177],[-79.15438,43.82359],[-79.15558,43.82278],[-79.15627,43.82431],[-79.15162,43.82736],[-79.15194,43.82811],[-79.1504,43.82846],[-79.15068,43.82912],[-79.15222,43.82877],[-79.15323,43.83115],[-79.15185,43.83145],[-79.15226,43.83236],[-79.15292,43.83319],[-79.15418,43.8329],[-79.15437,43.83345],[-79.15004,43.8351],[-79.15058,43.83639],[-79.14239,43.83769],[-79.13726,43.83984],[-79.1253,43.85074],[-79.11598,43.85606],[-79.11307,43.85902],[-79.11082,43.86212],[-79.11045,43.86267],[-79.11102,43.86299],[-79.11514,43.86363],[-79.11719,43.86336],[-79.11682,43.86556],[-79.11754,43.8662],[-79.12002,43.86548],[-79.12195,43.86565],[-79.12342,43.8664],[-79.12334,43.86754],[-79.12529,43.86758],[-79.12505,43.8688],[-79.12622,43.86964],[-79.12867,43.86864],[-79.12978,43.87061],[-79.13102,43.87053],[-79.13207,43.87145],[-79.13372,43.87089],[-79.13669,43.87349],[-79.13656,43.87418],[-79.13508,43.87403],[-79.13564,43.87545],[-79.13712,43.87527],[-79.13757,43.87552],[-79.13743,43.87483],[-79.13815,43.8733],[-79.13919,43.87321],[-79.13979,43.874],[-79.13956,43.8743],[-79.14045,43.87453],[-79.14165,43.87377],[-79.14123,43.87299],[-79.14207,43.8724],[-79.14377,43.87241],[-79.14502,43.87303],[-79.14644,43.87236],[-79.14699,43.87384],[-79.14652,43.87503],[-79.1483,43.87549],[-79.14914,43.87511],[-79.14956,43.87529],[-79.15101,43.8774],[-79.15235,43.87758],[-79.15341,43.87717],[-79.15382,43.87748],[-79.15406,43.87943],[-79.15299,43.88019],[-79.15296,43.8814],[-79.15461,43.88117],[-79.15495,43.88271],[-79.15731,43.88319],[-79.15831,43.8838],[-79.15933,43.8837],[-79.16028,43.88469],[-79.1604,43.88545],[-79.16159,43.88609],[-79.16224,43.88784],[-79.16305,43.88838],[-79.16584,43.88889],[-79.16792,43.8887],[-79.1678,43.88954],[-79.16859,43.88971],[-79.16864,43.89006],[-79.16704,43.89103],[-79.16613,43.89224],[-79.16629,43.89279],[-79.16755,43.8931],[-79.17009,43.89548],[-79.17136,43.89536],[-79.17229,43.89655],[-79.17394,43.89644],[-79.17453,43.89591],[-79.17652,43.89619],[-79.17945,43.89841],[-79.18131,43.90216],[-79.18413,43.90269],[-79.18466,43.9033],[-79.1875,43.9037],[-79.18638,43.90585],[-79.18801,43.90628],[-79.18887,43.90713],[-79.18799,43.90837],[-79.18879,43.90874],[-79.18912,43.90994],[-79.15864,43.9172],[-79.16279,43.92652],[-79.16417,43.92619],[-79.1723,43.94436],[-79.16279,43.94648],[-79.16456,43.95059],[-79.12152,43.95999],[-79.11809,43.95909],[-79.11525,43.95977],[-79.11245,43.95938],[-79.11062,43.95981],[-79.10862,43.95539],[-79.10962,43.95439],[-79.11135,43.95408],[-79.11175,43.95365],[-79.11419,43.95288],[-79.11339,43.95104],[-79.11051,43.9517],[-79.10993,43.95061],[-79.11083,43.94889],[-79.11034,43.94754],[-79.11153,43.94723],[-79.10977,43.94405],[-79.10663,43.94458],[-79.10633,43.9439],[-79.09955,43.94548],[-79.1012,43.94918],[-79.09858,43.94977],[-79.09711,43.94893],[-79.09475,43.9494],[-79.09145,43.9474],[-79.08982,43.94397],[-79.09396,43.94311],[-79.09247,43.93975],[-79.09538,43.93908],[-79.09451,43.93702],[-79.09156,43.93759],[-79.08553,43.92395],[-79.09651,43.92121],[-79.08836,43.90414],[-79.08792,43.90365],[-79.08694,43.90385],[-79.08255,43.89275],[-79.07799,43.89459],[-79.07526,43.88758],[-79.05931,43.89145],[-79.05843,43.89164],[-79.019,43.90092],[-79.01759,43.90128],[-79.01124,43.90287],[-78.9793,43.8285],[-78.97223,43.8321],[-78.96963,43.83415],[-78.96507,43.839],[-78.96086,43.84217],[-78.95571,43.84456],[-78.94918,43.8458],[-78.95087,43.84982],[-78.95226,43.84974],[-78.95598,43.85079],[-78.95722,43.85169],[-78.95727,43.85296],[-78.95592,43.85546],[-78.95673,43.85638],[-78.95697,43.85704],[-78.95658,43.85724],[-78.96074,43.86673],[-78.96234,43.8664],[-78.96312,43.86625],[-78.97544,43.86349],[-78.97685,43.86627],[-78.97561,43.8667],[-78.97529,43.86808],[-78.97655,43.87051],[-78.97883,43.8731],[-78.97817,43.87325],[-78.97876,43.87447],[-78.97962,43.87431],[-78.98343,43.88139],[-78.98585,43.88181],[-78.98697,43.88437],[-78.98828,43.88414],[-78.99034,43.88497],[-78.9921,43.889],[-78.99353,43.89035],[-78.99593,43.89542],[-78.99514,43.89607],[-78.99672,43.90057],[-78.99853,43.90017],[-78.99874,43.90079],[-78.99939,43.90067],[-79.00652,43.91798],[-79.00204,43.91879],[-79.00118,43.91689],[-79.00055,43.917],[-78.99884,43.91314],[-78.99831,43.91323],[-78.99704,43.91021],[-78.99503,43.91067],[-78.99684,43.91476],[-78.99386,43.91544],[-78.99312,43.91521],[-78.99291,43.91472],[-78.98938,43.91479],[-78.98661,43.90853],[-78.98472,43.90896],[-78.9833,43.90929],[-78.97954,43.91017],[-78.98007,43.91142],[-78.98108,43.91119],[-78.98182,43.91306],[-78.98351,43.91266],[-78.98423,43.91524],[-78.98251,43.9157],[-78.98328,43.91764],[-78.98012,43.91825],[-78.98038,43.91869],[-78.97857,43.91911],[-78.97806,43.91802],[-78.97544,43.91869],[-78.97522,43.91803],[-78.97321,43.91849],[-78.9741,43.92043],[-78.97316,43.92065],[-78.97078,43.91904],[-78.96883,43.91812],[-78.96837,43.91822],[-78.96819,43.91853],[-78.96969,43.91921],[-78.96878,43.92026],[-78.96663,43.92136],[-78.96731,43.92347],[-78.96688,43.92496],[-78.96493,43.92609],[-78.96371,43.92764],[-78.96408,43.93031],[-78.96454,43.93135],[-78.96662,43.93735],[-78.97107,43.93528],[-78.97563,43.93687],[-78.9769,43.93659],[-78.97902,43.94148],[-78.97551,43.94266],[-78.97478,43.9437],[-78.97607,43.9468],[-78.9826,43.94518],[-78.98406,43.94614],[-78.98577,43.94963],[-78.98811,43.95165],[-78.98937,43.95132],[-78.99044,43.95376],[-78.98879,43.95595],[-78.99145,43.95538],[-78.99122,43.95469],[-78.99376,43.95262],[-78.99228,43.94917],[-78.99375,43.94881],[-78.99321,43.94763],[-78.99574,43.94897],[-78.99601,43.94964],[-78.99732,43.94932],[-78.9989,43.95257],[-78.99661,43.95315],[-78.99723,43.95459],[-78.99637,43.95481],[-78.9972,43.95674],[-78.99771,43.95666],[-78.99978,43.96132],[-79.00363,43.96433],[-79.00466,43.96588],[-79.00655,43.96604],[-79.01129,43.96825],[-79.01184,43.96899],[-79.01392,43.96943],[-79.01452,43.97037],[-79.01732,43.97022],[-79.01953,43.97262],[-79.02027,43.97455],[-79.02121,43.9744],[-79.02273,43.97598],[-79.01023,43.97896],[-79.01019,43.97684],[-79.00796,43.97477],[-79.00658,43.97452],[-79.00426,43.9706],[-78.99792,43.9719],[-78.99893,43.97414],[-78.99706,43.97449],[-78.9975,43.97569],[-78.99894,43.97549],[-79.00051,43.97899],[-79.00095,43.97891],[-79.0017,43.97953],[-79.00221,43.98077],[-78.98548,43.98444],[-78.98444,43.98255],[-78.98249,43.98297],[-78.98143,43.98248],[-78.97985,43.97851],[-78.97889,43.97868],[-78.97783,43.9781],[-78.9773,43.97693],[-78.97925,43.97651],[-78.978,43.97363],[-78.97514,43.97382],[-78.97539,43.97456],[-78.97283,43.97511],[-78.97032,43.96943],[-78.96926,43.96959],[-78.9691,43.96904],[-78.96821,43.96925],[-78.9664,43.96968],[-78.9658,43.96983],[-78.96851,43.97601],[-78.96527,43.97684],[-78.96596,43.97857],[-78.96385,43.97918],[-78.96498,43.98158],[-78.96567,43.98138],[-78.96649,43.97986],[-78.96929,43.97929],[-78.96995,43.9807],[-78.97148,43.98034],[-78.97277,43.98316],[-78.97226,43.98574],[-78.97296,43.98731],[-78.95266,43.99195],[-78.95142,43.99136],[-78.95045,43.99158],[-78.94966,43.98977],[-78.94786,43.98847],[-78.94712,43.9842],[-78.94479,43.98101],[-78.94332,43.97761],[-78.94147,43.97553],[-78.94077,43.9757],[-78.94099,43.97326],[-78.94139,43.97315],[-78.93979,43.9708],[-78.93883,43.97025],[-78.93767,43.96778],[-78.93447,43.96566],[-78.93478,43.96312],[-78.93302,43.96006],[-78.9279,43.95905],[-78.92764,43.95854],[-78.92633,43.95937],[-78.9237,43.96103],[-78.92386,43.96137],[-78.92521,43.96187],[-78.92584,43.96309],[-78.92664,43.96358],[-78.92755,43.96332],[-78.92826,43.96236],[-78.92935,43.96215],[-78.93098,43.96586],[-78.93049,43.96643],[-78.92831,43.96689],[-78.92705,43.96775],[-78.92289,43.96879],[-78.92292,43.9702],[-78.91837,43.97193],[-78.91868,43.97286],[-78.91721,43.97466],[-78.91571,43.97503],[-78.91631,43.97743],[-78.91507,43.97772],[-78.91565,43.97914],[-78.91938,43.97831],[-78.9192,43.97668],[-78.92201,43.97321],[-78.92482,43.97157],[-78.92688,43.97111],[-78.92768,43.97025],[-78.93012,43.96957],[-78.93071,43.97097],[-78.92936,43.97222],[-78.92909,43.97331],[-78.92531,43.97602],[-78.92333,43.9765],[-78.92211,43.97773],[-78.92341,43.98062],[-78.92227,43.98325],[-78.92342,43.98581],[-78.92265,43.98686],[-78.92331,43.98896],[-78.92222,43.98912],[-78.9235,43.99261],[-78.92535,43.99218],[-78.92465,43.99512],[-78.92375,43.99525],[-78.92401,43.9985],[-78.90574,44.00267],[-78.90627,44.00177],[-78.90615,44.00083],[-78.9052,43.99987],[-78.90495,43.9989],[-78.90618,43.99861],[-78.90392,43.99348],[-78.90124,43.99408],[-78.90205,43.9962],[-78.89919,43.99703],[-78.89857,43.9954],[-78.89571,43.99242],[-78.89622,43.99156],[-78.89507,43.98878],[-78.89267,43.98679],[-78.89623,43.98605],[-78.89542,43.98405],[-78.89642,43.98385],[-78.89352,43.97705],[-78.89202,43.97731],[-78.89104,43.97561],[-78.88585,43.97145],[-78.8888,43.97064],[-78.88776,43.96808],[-78.88574,43.96794],[-78.88398,43.96794],[-78.88308,43.96813],[-78.8831,43.96867],[-78.88033,43.97063],[-78.87949,43.97215],[-78.87774,43.97264],[-78.87784,43.97311],[-78.86989,43.97522],[-78.87034,43.97606],[-78.8721,43.9756],[-78.87402,43.97822],[-78.87028,43.98076],[-78.86932,43.98477],[-78.86227,43.98783],[-78.86319,43.98849],[-78.86504,43.9898],[-78.86406,43.99215],[-78.86282,43.99278],[-78.86209,43.99532],[-78.86384,43.99422],[-78.86716,43.98944],[-78.87264,43.98568],[-78.87297,43.9838],[-78.8746,43.98343],[-78.87399,43.98191],[-78.87797,43.97964],[-78.87864,43.97771],[-78.87787,43.97662],[-78.87791,43.97539],[-78.88313,43.97291],[-78.88442,43.97514],[-78.88411,43.97639],[-78.88525,43.97691],[-78.88594,43.97877],[-78.88761,43.97837],[-78.88866,43.98085],[-78.88732,43.98114],[-78.88611,43.98287],[-78.87911,43.98688],[-78.87747,43.98892],[-78.87394,43.98976],[-78.87342,43.99129],[-78.87225,43.99157],[-78.87439,43.99632],[-78.87401,43.99905],[-78.87187,44.0],[-78.87186,44.0008],[-78.86898,44.00284],[-78.86768,44.00512],[-78.86815,44.0057],[-78.86895,44.00536],[-78.87041,44.00239],[-78.87103,44.00366],[-78.87168,44.00194],[-78.87295,44.00229],[-78.87423,44.0015],[-78.87771,44.00278],[-78.87659,44.00358],[-78.87245,44.00412],[-78.87165,44.00503],[-78.87579,44.00449],[-78.87593,44.00621],[-78.87816,44.00507],[-78.87637,44.00895],[-78.8738,44.01134],[-78.87635,44.01033],[-78.87666,44.01055],[-78.87714,44.01091],[-78.87956,44.00783],[-78.88388,44.00534],[-78.88437,43.99888],[-78.88407,43.996],[-78.88453,43.99514],[-78.88324,43.99206],[-78.8841,43.99042],[-78.8841,43.9881],[-78.88569,43.98667],[-78.88659,43.98653],[-78.88894,43.99155],[-78.8914,43.99104],[-78.8908,43.99301],[-78.8917,43.99574],[-78.8917,43.99936],[-78.89218,44.00093],[-78.89194,44.00241],[-78.88998,44.0023],[-78.88932,44.00308],[-78.89199,44.00446],[-78.89154,44.00592],[-78.88481,44.00695],[-78.88662,44.00792],[-78.88781,44.00857],[-78.87997,44.01333],[-78.87997,44.0139],[-78.88088,44.01369],[-78.88088,44.01369],[-78.88236,44.01334],[-78.88218,44.0146],[-78.88297,44.01541],[-78.88746,44.01131],[-78.88903,44.0127],[-78.89064,44.01064],[-78.89255,44.01066],[-78.89283,44.01421],[-78.89186,44.01592],[-78.89164,44.0213],[-78.89243,44.02119],[-78.89343,44.01753],[-78.89372,44.01959],[-78.89467,44.01949],[-78.89487,44.01617],[-78.89697,44.01355],[-78.89682,44.01251],[-78.89856,44.01241],[-78.9,44.01127],[-78.90112,44.01174],[-78.90382,44.01107],[-78.90683,44.01223],[-78.90821,44.01613],[-78.90885,44.01544],[-78.90906,44.01155],[-78.90954,44.0111],[-78.91128,44.01191],[-78.91256,44.01089],[-78.91268,44.01444],[-78.91091,44.01649],[-78.91058,44.01752],[-78.91121,44.0182],[-78.91315,44.01513],[-78.91489,44.01571],[-78.91443,44.01388],[-78.91573,44.01171],[-78.91667,44.01263],[-78.91716,44.01183],[-78.91827,44.01161],[-78.91857,44.01344],[-78.91969,44.01241],[-78.92096,44.01276],[-78.92145,44.0114],[-78.9224,44.01129],[-78.92366,44.01244],[-78.92363,44.01496],[-78.92507,44.01393],[-78.92558,44.01154],[-78.92668,44.01211],[-78.92781,44.0112],[-78.92827,44.01201],[-78.93003,44.01156],[-78.93158,44.01489],[-78.92997,44.01614],[-78.93172,44.01603],[-78.9332,44.01502]],[[-78.93011,43.99711],[-78.92979,43.99611],[-78.93055,43.99548],[-78.9285,43.99126],[-78.92803,43.98859],[-78.92888,43.98847],[-78.92724,43.98334],[-78.92765,43.9799],[-78.9269,43.97821],[-78.93124,43.9772],[-78.93155,43.97624],[-78.93339,43.9759],[-78.93335,43.97489],[-78.93244,43.97391],[-78.9348,43.97099],[-78.93647,43.9707],[-78.93725,43.97246],[-78.93808,43.97278],[-78.9386,43.9738],[-78.93805,43.97459],[-78.93814,43.97635],[-78.93999,43.97945],[-78.94154,43.984],[-78.93994,43.98441],[-78.94062,43.98588],[-78.94207,43.98549],[-78.94338,43.98639],[-78.94316,43.99155],[-78.94271,43.99246],[-78.94336,43.99408],[-78.93011,43.99711]],[[-79.04436,43.97299],[-79.04319,43.97204],[-79.03998,43.97255],[-79.03814,43.97144],[-79.03535,43.97197],[-79.03437,43.97066],[-79.0297,43.96878],[-79.02607,43.96957],[-79.0236,43.96821],[-79.02018,43.96855],[-79.01917,43.96777],[-79.01546,43.96768],[-79.01265,43.9664],[-79.01215,43.96511],[-79.01045,43.9652],[-79.00562,43.96243],[-79.00247,43.95517],[-79.00335,43.95499],[-79.00249,43.95296],[-79.00291,43.95283],[-79.00097,43.94854],[-79.00667,43.94718],[-79.00486,43.94314],[-79.00645,43.94276],[-79.0052,43.93978],[-79.00571,43.93774],[-79.00725,43.93731],[-79.01056,43.939],[-79.01383,43.93824],[-79.01633,43.93924],[-79.01515,43.93669],[-79.02005,43.93541],[-79.02218,43.93629],[-79.02878,43.93471],[-79.03069,43.93693],[-79.05434,43.93133],[-79.05154,43.92567],[-79.05508,43.92464],[-79.05433,43.92284],[-79.05529,43.92265],[-79.05571,43.92203],[-79.06116,43.92045],[-79.06242,43.91884],[-79.06439,43.9184],[-79.06701,43.92429],[-79.06499,43.92474],[-79.0667,43.92827],[-79.06609,43.9284],[-79.06688,43.93013],[-79.07154,43.92914],[-79.0722,43.93058],[-79.07113,43.93181],[-79.072,43.93435],[-79.07327,43.93491],[-79.07569,43.93999],[-79.07433,43.94044],[-79.07617,43.94462],[-79.07355,43.94529],[-79.07458,43.94771],[-79.07328,43.94802],[-79.07766,43.95816],[-79.07589,43.96067],[-79.0743,43.96101],[-79.07483,43.96217],[-79.07397,43.9624],[-79.0748,43.96412],[-79.07541,43.96399],[-79.07646,43.96605],[-79.04436,43.97299]],[[-78.99214,43.88374],[-78.99107,43.88322],[-78.99002,43.88065],[-78.98779,43.88019],[-78.98606,43.87765],[-78.98383,43.87741],[-78.97887,43.86527],[-78.9793,43.86518],[-78.97673,43.85989],[-78.97851,43.85952],[-78.97599,43.85399],[-78.97418,43.85431],[-78.97391,43.85369],[-78.97886,43.85262],[-78.99214,43.88374]]]}},{"type":"Feature","properties":{"OGF_ID":81,"DESIGNATION":"Protected Countryside","EFFECTIVE_DATETIME":"2023-12-06","SYSTEM_DATETIME":"2023-12-14"},"geometry":{"type":"Polygon","coordinates":[[[-79.09028,44.51675],[-79.09254,44.51663],[-79.09483,44.51576],[-79.09709,44.51345],[-79.10586,44.50971],[-79.1074,44.50926],[-79.11315,44.50895],[-79.11734,44.50828],[-79.11862,44.50751],[-79.12102,44.5074],[-79.12184,44.50705],[-79.1213,44.50605],[-79.12268,44.50599],[-79.12555,44.50498],[-79.12606,44.50522],[-79.12581,44.50697],[-79.1289,44.50727],[-79.13201,44.50955],[-79.13114,44.50984],[-79.13149,44.51051],[-79.13447,44.51133],[-79.1357,44.51089],[-79.13621,44.51191],[-79.13563,44.51265],[-79.13817,44.51208],[-79.13875,44.51253],[-79.13774,44.51308],[-79.13999,44.5128],[-79.13954,44.51385],[-79.14006,44.51423],[-79.14189,44.51344],[-79.14213,44.51288],[-79.14164,44.51216],[-79.14336,44.51268],[-79.14422,44.51209],[-79.14515,44.5122],[-79.14531,44.51102],[-79.14421,44.50912],[-79.14637,44.50769],[-79.14654,44.5068],[-79.14737,44.5063],[-79.14746,44.5053],[-79.14816,44.50468],[-79.14797,44.50197],[-79.14935,44.50099],[-79.14813,44.50051],[-79.15192,44.49997],[-79.15192,44.49809],[-79.154,44.49832],[-79.15471,44.49802],[-79.15465,44.49735],[-79.15376,44.49645],[-79.15512,44.49535],[-79.15379,44.49451],[-79.15431,44.4936],[-79.15557,44.49294],[-79.15306,44.49236],[-79.15558,44.49096],[-79.15394,44.48993],[-79.15398,44.48953],[-79.1555,44.48821],[-79.15807,44.48845],[-79.15832,44.48799],[-79.1578,44.48761],[-79.15819,44.48701],[-79.16016,44.48672],[-79.15955,44.48581],[-79.16015,44.48512],[-79.15824,44.48463],[-79.15867,44.48426],[-79.15783,44.48349],[-79.15846,44.48294],[-79.1565,44.48201],[-79.15984,44.48026],[-79.15973,44.4795],[-79.15846,44.47956],[-79.15789,44.47924],[-79.15805,44.47823],[-79.15652,44.47776],[-79.15645,44.47665],[-79.16049,44.47461],[-79.16101,44.47407],[-79.16104,44.47209],[-79.16162,44.47174],[-79.16313,44.47178],[-79.1636,44.47098],[-79.16293,44.46966],[-79.16082,44.46921],[-79.15932,44.46844],[-79.15772,44.46618],[-79.1565,44.46245],[-79.15602,44.45548],[-79.15837,44.4446],[-79.16122,44.44104],[-79.16231,44.43803],[-79.16468,44.43376],[-79.16632,44.43273],[-79.16943,44.43299],[-79.16583,44.43262],[-79.16585,44.4322],[-79.16997,44.43252],[-79.16997,44.43244],[-79.16724,44.43216],[-79.16661,44.43145],[-79.17063,44.42518],[-79.17327,44.41604],[-79.17324,44.41269],[-79.17173,44.41051],[-79.17095,44.41065],[-79.16997,44.40796],[-79.17006,44.40497],[-79.17141,44.40034],[-79.17366,44.39502],[-79.17573,44.39168],[-79.17816,44.38939],[-79.18182,44.38421],[-79.18198,44.3835],[-79.18111,44.38249],[-79.18111,44.38166],[-79.1866,44.37347],[-79.18662,44.36959],[-79.18874,44.36673],[-79.19153,44.3644],[-79.19276,44.36279],[-79.19379,44.35999],[-79.19387,44.35827],[-79.19616,44.35416],[-79.20005,44.34976],[-79.20651,44.34566],[-79.21796,44.33985],[-79.21853,44.33985],[-79.21838,44.34142],[-79.21853,44.341],[-79.21985,44.34068],[-79.21971,44.34018],[-79.22025,44.33992],[-79.22779,44.33784],[-79.23734,44.33676],[-79.24177,44.33704],[-79.24149,44.33674],[-79.24625,44.3378],[-79.24617,44.33756],[-79.24485,44.33692],[-79.24357,44.33662],[-79.2475,44.33676],[-79.24835,44.33747],[-79.24835,44.3383],[-79.24767,44.33825],[-79.24867,44.33889],[-79.24923,44.33992],[-79.24941,44.34096],[-79.24873,44.34102],[-79.24933,44.3415],[-79.24945,44.34353],[-79.24977,44.34345],[-79.25031,44.34427],[-79.25114,44.34674],[-79.24909,44.35002],[-79.24964,44.35255],[-79.24953,44.35475],[-79.25012,44.35574],[-79.24948,44.35641],[-79.24993,44.35644],[-79.24932,44.35754],[-79.24957,44.35839],[-79.25131,44.35802],[-79.25173,44.35728],[-79.25098,44.35526],[-79.25262,44.35212],[-79.25247,44.34914],[-79.25347,44.34797],[-79.25666,44.34685],[-79.26257,44.3476],[-79.26379,44.34726],[-79.26536,44.34581],[-79.26773,44.33999],[-79.26788,44.33754],[-79.26702,44.33641],[-79.26742,44.335],[-79.27078,44.33044],[-79.27529,44.32686],[-79.27732,44.32659],[-79.27998,44.32678],[-79.28263,44.32794],[-79.28463,44.32787],[-79.2846,44.32849],[-79.28498,44.32842],[-79.28485,44.328],[-79.2863,44.32787],[-79.28656,44.32744],[-79.28676,44.32789],[-79.29007,44.32797],[-79.29134,44.32833],[-79.29404,44.33002],[-79.29388,44.33054],[-79.29458,44.33044],[-79.29559,44.33119],[-79.29999,44.3306],[-79.30036,44.33083],[-79.30034,44.33053],[-79.30066,44.33093],[-79.30093,44.3306],[-79.30094,44.33103],[-79.30273,44.33152],[-79.30338,44.33219],[-79.30967,44.33019],[-79.31097,44.33074],[-79.31303,44.33057],[-79.31341,44.33116],[-79.31553,44.33237],[-79.3176,44.33237],[-79.31728,44.33317],[-79.31766,44.33283],[-79.31773,44.33247],[-79.31891,44.33225],[-79.32037,44.33241],[-79.31998,44.3332],[-79.32033,44.33286],[-79.32041,44.3324],[-79.32257,44.33252],[-79.32321,44.33315],[-79.32248,44.33319],[-79.32358,44.33341],[-79.32413,44.33425],[-79.32375,44.33434],[-79.32419,44.33443],[-79.32378,44.33453],[-79.32437,44.33463],[-79.32384,44.33474],[-79.32455,44.33493],[-79.3239,44.33498],[-79.32457,44.33499],[-79.3238,44.3354],[-79.32471,44.33535],[-79.32482,44.33594],[-79.32782,44.33501],[-79.32963,44.33367],[-79.33876,44.32878],[-79.33988,44.32777],[-79.34133,44.32714],[-79.34223,44.32721],[-79.34216,44.32669],[-79.34512,44.32341],[-79.34676,44.32292],[-79.34655,44.32239],[-79.35994,44.32185],[-79.36084,44.32275],[-79.36388,44.32402],[-79.36434,44.32488],[-79.36532,44.32524],[-79.36519,44.32552],[-79.36747,44.32612],[-79.36832,44.32722],[-79.3675,44.32809],[-79.36965,44.32671],[-79.36968,44.32694],[-79.36769,44.32866],[-79.36696,44.32857],[-79.36737,44.32912],[-79.36933,44.32858],[-79.37259,44.32643],[-79.37361,44.32432],[-79.37492,44.32324],[-79.37801,44.32187],[-79.38218,44.32065],[-79.38522,44.32034],[-79.38589,44.32065],[-79.38627,44.32044],[-79.3866,44.32076],[-79.3863,44.32099],[-79.38945,44.32064],[-79.39211,44.32104],[-79.39447,44.32279],[-79.39336,44.32404],[-79.39357,44.32451],[-79.39836,44.32377],[-79.39842,44.32351],[-79.39966,44.32358],[-79.4019,44.32261],[-79.40546,44.32281],[-79.4066,44.32239],[-79.40681,44.32072],[-79.40784,44.32009],[-79.41147,44.31829],[-79.41438,44.31752],[-79.41728,44.31583],[-79.418,44.31585],[-79.41833,44.31627],[-79.41818,44.31565],[-79.41912,44.31486],[-79.42348,44.31194],[-79.42476,44.3115],[-79.4294,44.31058],[-79.43396,44.31032],[-79.43618,44.31079],[-79.43571,44.31146],[-79.43635,44.31198],[-79.43968,44.31268],[-79.44305,44.31079],[-79.44546,44.31009],[-79.44708,44.3101],[-79.44768,44.31079],[-79.44738,44.31018],[-79.44787,44.31007],[-79.44802,44.3105],[-79.44844,44.31037],[-79.44924,44.31104],[-79.45258,44.30983],[-79.45432,44.30976],[-79.45509,44.30861],[-79.45802,44.30739],[-79.45928,44.30639],[-79.46288,44.30599],[-79.46747,44.30387],[-79.46864,44.30412],[-79.46944,44.30296],[-79.47224,44.30153],[-79.47357,44.30106],[-79.47379,44.3013],[-79.47364,44.30103],[-79.47501,44.30051],[-79.47648,44.30047],[-79.4769,44.29817],[-79.47943,44.29586],[-79.48419,44.29445],[-79.48484,44.29276],[-79.48484,44.29032],[-79.48902,44.28695],[-79.48824,44.28571],[-79.48865,44.28495],[-79.49201,44.28305],[-79.49376,44.28099],[-79.49597,44.2795],[-79.5005,44.27781],[-79.50508,44.2727],[-79.50513,44.26971],[-79.50602,44.26906],[-79.50394,44.26861],[-79.50398,44.26794],[-79.50384,44.26856],[-79.50295,44.26866],[-79.49836,44.26799],[-79.49673,44.26732],[-79.49689,44.26782],[-79.49647,44.26793],[-79.49638,44.2668],[-79.49712,44.26635],[-79.4966,44.26556],[-79.49546,44.26544],[-79.49395,44.26632],[-79.49193,44.26607],[-79.4896,44.26493],[-79.48789,44.2634],[-79.48764,44.26191],[-79.48813,44.2599],[-79.48772,44.258],[-79.48809,44.25659],[-79.4897,44.25425],[-79.48978,44.25315],[-79.48871,44.25176],[-79.49005,44.24842],[-79.49019,44.2457],[-79.48953,44.24511],[-79.48812,44.24545],[-79.48649,44.24525],[-79.48538,44.24455],[-79.48564,44.24414],[-79.48596,44.24436],[-79.48558,44.24398],[-79.48519,44.2443],[-79.48481,44.24409],[-79.48443,44.24284],[-79.48502,44.24137],[-79.48437,44.24131],[-79.48412,44.24172],[-79.48264,44.24222],[-79.47922,44.24147],[-79.47789,44.2407],[-79.47721,44.24079],[-79.47741,44.24056],[-79.4763,44.23968],[-79.47566,44.23966],[-79.47555,44.23917],[-79.47482,44.23917],[-79.47205,44.23665],[-79.47208,44.23609],[-79.47067,44.2342],[-79.47044,44.23159],[-79.46971,44.23144],[-79.46967,44.23067],[-79.46864,44.23014],[-79.4692,44.22898],[-79.46884,44.22702],[-79.46951,44.22655],[-79.46891,44.22614],[-79.46901,44.22479],[-79.46995,44.22554],[-79.47073,44.22377],[-79.47273,44.22352],[-79.47102,44.22355],[-79.47103,44.22302],[-79.47026,44.22275],[-79.47037,44.22193],[-79.47117,44.22158],[-79.47034,44.22102],[-79.47097,44.22056],[-79.4707,44.21935],[-79.47225,44.21778],[-79.47319,44.216],[-79.47359,44.213],[-79.47511,44.21112],[-79.4755,44.20927],[-79.47776,44.20686],[-79.47891,44.20712],[-79.47884,44.20641],[-79.47968,44.20595],[-79.47903,44.20598],[-79.47952,44.20578],[-79.47904,44.20451],[-79.47969,44.20371],[-79.47935,44.2018],[-79.47961,44.20082],[-79.4804,44.20023],[-79.48009,44.19988],[-79.48249,44.19788],[-79.48428,44.19701],[-79.484,44.19665],[-79.48496,44.19635],[-79.48733,44.19416],[-79.49047,44.19295],[-79.49037,44.1922],[-79.49083,44.19297],[-79.4929,44.19283],[-79.49693,44.19355],[-79.49693,44.19452],[-79.49883,44.19537],[-79.49855,44.19601],[-79.49904,44.19675],[-79.50091,44.19746],[-79.5065,44.20134],[-79.51136,44.20318],[-79.51221,44.20347],[-79.51312,44.20326],[-79.5162,44.20156],[-79.51621,44.20316],[-79.52009,44.20508],[-79.52167,44.20696],[-79.52196,44.20833],[-79.52243,44.20867],[-79.52297,44.20837],[-79.52246,44.20888],[-79.5221,44.20881],[-79.52291,44.20917],[-79.52341,44.20913],[-79.52297,44.20932],[-79.52234,44.20919],[-79.52075,44.20793],[-79.51998,44.20793],[-79.51967,44.20667],[-79.51985,44.20793],[-79.52071,44.20945],[-79.52339,44.21081],[-79.52486,44.21235],[-79.5257,44.21247],[-79.52588,44.21291],[-79.52729,44.21357],[-79.52857,44.21544],[-79.52986,44.22376],[-79.53649,44.22248],[-79.54212,44.2181],[-79.5395,44.2139],[-79.53915,44.2108],[-79.53974,44.20386],[-79.54326,44.19479],[-79.54352,44.19306],[-79.54346,44.17657],[-79.54638,44.16657],[-79.55042,44.15841],[-79.55398,44.14316],[-79.55319,44.12973],[-79.54761,44.13086],[-79.54807,44.12742],[-79.55509,44.12591],[-79.55719,44.12225],[-79.55763,44.12009],[-79.55701,44.11834],[-79.55506,44.11647],[-79.54579,44.11359],[-79.5459,44.1131],[-79.54857,44.11135],[-79.55053,44.11317],[-79.55698,44.11458],[-79.55685,44.11391],[-79.55936,44.11333],[-79.55928,44.1106],[-79.56205,44.1045],[-79.55942,44.09374],[-79.56018,44.09279],[-79.56339,44.09035],[-79.56648,44.08932],[-79.56981,44.08741],[-79.57315,44.0866],[-79.57347,44.0879],[-79.57781,44.08674],[-79.57913,44.08541],[-79.59586,44.08168],[-79.59434,44.07602],[-79.59822,44.0703],[-79.59805,44.06809],[-79.60055,44.06586],[-79.60423,44.06406],[-79.61123,44.05516],[-79.6233,44.05034],[-79.62541,44.04711],[-79.63235,44.04368],[-79.63698,44.04441],[-79.65801,44.03241],[-79.66039,44.02843],[-79.65708,44.01577],[-79.73766,43.9979],[-79.73753,43.99724],[-79.73836,43.99679],[-79.73931,43.99627],[-79.74062,43.99394],[-79.73987,43.99217],[-79.72824,43.98323],[-79.72351,43.9811],[-79.72016,43.97876],[-79.71615,43.97821],[-79.70847,43.98061],[-79.70419,43.97991],[-79.70005,43.97796],[-79.69279,43.97821],[-79.68627,43.97928],[-79.67154,43.97861],[-79.66246,43.9818],[-79.66046,43.9815],[-79.65905,43.97851],[-79.65509,43.97754],[-79.63983,43.97812],[-79.63391,43.97946],[-79.6301,43.98148],[-79.62549,43.98537],[-79.62124,43.98945],[-79.61848,43.99392],[-79.61695,43.99912],[-79.61749,44.00468],[-79.61592,44.01179],[-79.61117,44.02155],[-79.6061,44.02741],[-79.59278,44.03615],[-79.5661,44.04788],[-79.5526,44.05214],[-79.53163,44.05663],[-79.52718,44.05709],[-79.52194,44.05606],[-79.51574,44.05296],[-79.5068,44.0509],[-79.50996,44.06352],[-79.50038,44.06564],[-79.50124,44.06779],[-79.50542,44.067],[-79.50625,44.06925],[-79.50444,44.06966],[-79.50513,44.07185],[-79.49965,44.07312],[-79.50044,44.07581],[-79.50343,44.07519],[-79.50787,44.07659],[-79.50917,44.08083],[-79.50578,44.08166],[-79.50758,44.08573],[-79.49864,44.08794],[-79.50461,44.09022],[-79.50684,44.09157],[-79.51782,44.10399],[-79.5207,44.10621],[-79.52286,44.11478],[-79.51747,44.11595],[-79.51665,44.11237],[-79.50933,44.11393],[-79.51131,44.121],[-79.51824,44.11953],[-79.51871,44.12361],[-79.51124,44.12526],[-79.51342,44.13242],[-79.50708,44.13383],[-79.50689,44.13488],[-79.50064,44.13629],[-79.49949,44.1317],[-79.49823,44.13199],[-79.4972,44.12811],[-79.49125,44.12943],[-79.49092,44.12794],[-79.49508,44.12707],[-79.49442,44.12405],[-79.48722,44.12571],[-79.48556,44.11886],[-79.47943,44.12035],[-79.47882,44.11917],[-79.47644,44.11982],[-79.47671,44.12047],[-79.47182,44.12167],[-79.47335,44.127],[-79.47612,44.12764],[-79.47632,44.1282],[-79.47458,44.12851],[-79.47502,44.12964],[-79.47566,44.12971],[-79.47592,44.13114],[-79.479,44.13035],[-79.47928,44.1314],[-79.48046,44.13118],[-79.48066,44.13176],[-79.48441,44.13094],[-79.48542,44.13356],[-79.48492,44.13373],[-79.48479,44.13515],[-79.48613,44.13502],[-79.48562,44.14111],[-79.48762,44.14273],[-79.48802,44.1456],[-79.47165,44.14919],[-79.4704,44.14514],[-79.46853,44.14438],[-79.46634,44.14628],[-79.46701,44.14854],[-79.46603,44.15044],[-79.4406,44.15628],[-79.43958,44.15364],[-79.43996,44.1518],[-79.4418,44.15075],[-79.44124,44.1493],[-79.43861,44.15063],[-79.43767,44.14785],[-79.43408,44.14871],[-79.43536,44.15164],[-79.43736,44.15267],[-79.43691,44.15375],[-79.43799,44.15685],[-79.43518,44.15745],[-79.43262,44.15708],[-79.43011,44.15528],[-79.42873,44.15556],[-79.41195,44.08953],[-79.42486,44.08668],[-79.42019,44.06847],[-79.41661,44.04993],[-79.41066,44.03241],[-79.40751,44.01748],[-79.40723,44.01772],[-79.40489,44.01706],[-79.39891,44.01113],[-79.39219,44.00666],[-79.3895,44.00405],[-79.38703,44.00294],[-79.38275,44.00245],[-79.38192,44.003],[-79.38245,44.00474],[-79.38827,44.00814],[-79.3879,44.00893],[-79.38392,44.01132],[-79.38429,44.01547],[-79.38206,44.01539],[-79.37948,44.01347],[-79.37481,44.01434],[-79.3715,44.01378],[-79.36879,44.01391],[-79.36697,44.01489],[-79.36482,44.01848],[-79.36014,44.02176],[-79.35933,44.02679],[-79.35711,44.029],[-79.35045,44.03325],[-79.34164,44.03399],[-79.33922,44.03448],[-79.33837,44.03526],[-79.33839,44.03743],[-79.33952,44.03954],[-79.34895,44.04868],[-79.34887,44.04983],[-79.34638,44.05135],[-79.35063,44.05459],[-79.35056,44.05551],[-79.34956,44.05616],[-79.34658,44.0556],[-79.34341,44.05768],[-79.33814,44.05544],[-79.33763,44.05576],[-79.33904,44.05867],[-79.34676,44.06479],[-79.34639,44.06558],[-79.34355,44.06514],[-79.34272,44.06557],[-79.34311,44.06684],[-79.34703,44.07018],[-79.34944,44.07463],[-79.34941,44.07761],[-79.34705,44.07948],[-79.34905,44.08299],[-79.35136,44.08421],[-79.37288,44.08654],[-79.37801,44.08866],[-79.38537,44.09063],[-79.38864,44.08947],[-79.39065,44.08793],[-79.39418,44.08759],[-79.39664,44.08412],[-79.39893,44.08328],[-79.40396,44.08677],[-79.40706,44.09054],[-79.40931,44.09521],[-79.40831,44.09816],[-79.40917,44.1022],[-79.40834,44.10263],[-79.40632,44.10176],[-79.40454,44.10216],[-79.39721,44.10937],[-79.39357,44.10902],[-79.38818,44.11079],[-79.38358,44.11041],[-79.38243,44.11083],[-79.38175,44.11402],[-79.38423,44.11754],[-79.38193,44.12331],[-79.38556,44.1236],[-79.38759,44.12454],[-79.38855,44.12445],[-79.39372,44.12118],[-79.39466,44.12133],[-79.39495,44.12401],[-79.39349,44.12943],[-79.39386,44.13346],[-79.39324,44.13574],[-79.39576,44.13627],[-79.3956,44.14097],[-79.39672,44.1409],[-79.4003,44.13746],[-79.4027,44.13743],[-79.40662,44.1457],[-79.40854,44.15287],[-79.41003,44.15453],[-79.413,44.15555],[-79.41938,44.15564],[-79.42026,44.1567],[-79.41962,44.1592],[-79.41489,44.16076],[-79.41369,44.16199],[-79.41157,44.16261],[-79.41079,44.16235],[-79.41043,44.1605],[-79.40904,44.15988],[-79.40913,44.15851],[-79.40798,44.15664],[-79.40077,44.15456],[-79.39698,44.15146],[-79.39635,44.15144],[-79.3966,44.15477],[-79.39554,44.15634],[-79.38269,44.1527],[-79.38147,44.15197],[-79.38153,44.15094],[-79.38448,44.1499],[-79.38652,44.1456],[-79.39103,44.14243],[-79.39079,44.14139],[-79.38763,44.14082],[-79.38759,44.13899],[-79.38331,44.13862],[-79.38117,44.13717],[-79.37975,44.137],[-79.37421,44.13865],[-79.37165,44.13868],[-79.36224,44.1363],[-79.36058,44.13476],[-79.35865,44.13504],[-79.35734,44.13557],[-79.3545,44.13983],[-79.35387,44.14451],[-79.3509,44.15072],[-79.35192,44.15224],[-79.35923,44.15272],[-79.36047,44.15322],[-79.36027,44.15379],[-79.35742,44.15828],[-79.35453,44.16082],[-79.34906,44.16155],[-79.34486,44.15992],[-79.34287,44.161],[-79.33984,44.16813],[-79.3418,44.17461],[-79.3417,44.1784],[-79.33378,44.18696],[-79.33043,44.18926],[-79.32849,44.18976],[-79.32508,44.18816],[-79.3245,44.18481],[-79.32688,44.1803],[-79.33328,44.17306],[-79.33488,44.1683],[-79.3365,44.15127],[-79.3349,44.14422],[-79.33272,44.13863],[-79.3303,44.13913],[-79.32746,44.14098],[-79.32568,44.14127],[-79.31952,44.13785],[-79.3134,44.13649],[-79.31247,44.13359],[-79.31481,44.12736],[-79.31664,44.12387],[-79.3211,44.1192],[-79.32112,44.11645],[-79.31945,44.11295],[-79.31659,44.11033],[-79.31082,44.10842],[-79.3079,44.10683],[-79.30369,44.11242],[-79.29454,44.11337],[-79.29267,44.11261],[-79.29158,44.10983],[-79.28644,44.10805],[-79.28418,44.10372],[-79.28146,44.10157],[-79.26909,44.09816],[-79.26652,44.09841],[-79.26291,44.09989],[-79.25705,44.10635],[-79.25378,44.1075],[-79.25083,44.10636],[-79.24768,44.1035],[-79.24739,44.10063],[-79.24459,44.1019],[-79.24288,44.10368],[-79.24143,44.10386],[-79.23717,44.10314],[-79.2311,44.10098],[-79.22024,44.09888],[-79.21483,44.09869],[-79.2076,44.09947],[-79.19586,44.10319],[-79.18821,44.10773],[-79.18243,44.11281],[-79.18212,44.11727],[-79.17524,44.11519],[-79.16878,44.11175],[-79.16561,44.11153],[-79.16153,44.11287],[-79.15853,44.1169],[-79.15816,44.11987],[-79.16274,44.12737],[-79.16241,44.12988],[-79.15868,44.13067],[-79.1584,44.1255],[-79.15728,44.12328],[-79.15662,44.1236],[-79.15551,44.13033],[-79.1527,44.13183],[-79.15029,44.13198],[-79.14957,44.13092],[-79.15424,44.12122],[-79.15476,44.11837],[-79.15306,44.11074],[-79.14981,44.10707],[-79.14993,44.10306],[-79.14911,44.10108],[-79.1437,44.10089],[-79.13723,44.10215],[-79.12742,44.101],[-79.12122,44.10307],[-79.11816,44.10124],[-79.11702,44.09925],[-79.10207,44.09642],[-79.09993,44.09737],[-79.09922,44.10068],[-79.09771,44.10177],[-79.0947,44.10143],[-79.08704,44.09921],[-79.08209,44.09926],[-79.079,44.10018],[-79.07347,44.10388],[-79.07138,44.10415],[-79.06982,44.10363],[-79.06745,44.10103],[-79.06793,44.09439],[-79.06542,44.09155],[-79.06227,44.09098],[-79.06073,44.09253],[-79.05976,44.0949],[-79.05729,44.09596],[-79.05255,44.09315],[-79.04913,44.09405],[-79.04804,44.09379],[-79.0477,44.08735],[-79.04679,44.08674],[-79.04402,44.08756],[-79.04374,44.08698],[-79.04573,44.08143],[-79.04465,44.07875],[-79.04454,44.07359],[-79.03943,44.07156],[-79.033,44.07007],[-79.0308,44.06517],[-79.02989,44.06456],[-79.02822,44.06565],[-79.02781,44.06553],[-79.02728,44.06538],[-79.02808,44.06094],[-79.02591,44.06017],[-79.02444,44.0584],[-79.01934,44.05833],[-79.01393,44.05595],[-79.01017,44.05513],[-79.00599,44.05119],[-79.00204,44.04864],[-79.00053,44.04893],[-78.99897,44.05075],[-78.99414,44.05037],[-78.9932,44.04888],[-78.99339,44.04545],[-78.99198,44.04418],[-78.98801,44.04347],[-78.97962,44.04057],[-78.96852,44.0381],[-78.958,44.04045],[-78.95272,44.04397],[-78.94773,44.05105],[-78.94371,44.05515],[-78.94256,44.05823],[-78.94161,44.05857],[-78.93971,44.05787],[-78.93642,44.05259],[-78.93216,44.05061],[-78.92961,44.05106],[-78.9224,44.05594],[-78.92227,44.05343],[-78.92131,44.05307],[-78.91873,44.05764],[-78.91529,44.05235],[-78.91228,44.05073],[-78.9091,44.05117],[-78.90303,44.05343],[-78.89399,44.05269],[-78.88905,44.05312],[-78.88826,44.05277],[-78.88844,44.05117],[-78.88765,44.05059],[-78.88526,44.05149],[-78.88113,44.05124],[-78.88063,44.05261],[-78.88268,44.05468],[-78.8825,44.05571],[-78.87509,44.06471],[-78.87168,44.0711],[-78.86719,44.07417],[-78.8694,44.07487],[-78.86971,44.07647],[-78.86476,44.07724],[-78.86524,44.07782],[-78.86968,44.07865],[-78.87062,44.08003],[-78.86966,44.08106],[-78.86551,44.08149],[-78.86566,44.08217],[-78.86898,44.0838],[-78.8669,44.08505],[-78.86356,44.08525],[-78.86023,44.0842],[-78.85996,44.08031],[-78.85776,44.078],[-78.85428,44.07626],[-78.85335,44.07465],[-78.85401,44.07226],[-78.8553,44.07135],[-78.85942,44.07229],[-78.86008,44.07046],[-78.862,44.06955],[-78.8648,44.07053],[-78.86743,44.06764],[-78.87047,44.06548],[-78.86922,44.0633],[-78.86541,44.06305],[-78.85987,44.06153],[-78.8535,44.06263],[-78.85077,44.0641],[-78.84561,44.07014],[-78.84188,44.0771],[-78.84092,44.07767],[-78.83742,44.07719],[-78.83554,44.07488],[-78.83525,44.07213],[-78.83721,44.06791],[-78.83562,44.06802],[-78.83402,44.06949],[-78.8283,44.06843],[-78.8165,44.07091],[-78.8143,44.06994],[-78.81079,44.0706],[-78.81033,44.06922],[-78.8089,44.0691],[-78.80777,44.07047],[-78.80661,44.07447],[-78.806,44.08454],[-78.80039,44.08816],[-78.79792,44.09514],[-78.79516,44.09866],[-78.79341,44.09957],[-78.79229,44.0991],[-78.79489,44.09511],[-78.79657,44.08814],[-78.79521,44.08309],[-78.79255,44.07918],[-78.79243,44.07632],[-78.7918,44.07586],[-78.79069,44.07573],[-78.78942,44.07652],[-78.78697,44.08098],[-78.78552,44.08211],[-78.78362,44.08175],[-78.78241,44.07739],[-78.77859,44.07714],[-78.77777,44.07863],[-78.77705,44.08537],[-78.78116,44.08735],[-78.78115,44.08849],[-78.77619,44.09063],[-78.77278,44.0953],[-78.77039,44.09609],[-78.76832,44.09585],[-78.76612,44.09457],[-78.76527,44.08632],[-78.7621,44.08573],[-78.75997,44.07839],[-78.75538,44.07686],[-78.74883,44.07899],[-78.74817,44.08048],[-78.74939,44.08472],[-78.74904,44.08666],[-78.74301,44.09715],[-78.74279,44.10173],[-78.74466,44.10449],[-78.7424,44.10757],[-78.74128,44.10814],[-78.73698,44.10799],[-78.71968,44.11601],[-78.76934,44.22576],[-78.77723,44.22142],[-78.78699,44.21047],[-78.80251,44.19508],[-78.80829,44.19069],[-78.81731,44.18517],[-78.83234,44.17724],[-78.84435,44.16781],[-78.84236,44.17145],[-78.84116,44.17508],[-78.84193,44.17848],[-78.84615,44.18444],[-78.84802,44.18915],[-78.84859,44.1935],[-78.84661,44.20482],[-78.84744,44.20788],[-78.85004,44.21372],[-78.85292,44.21627],[-78.85633,44.21802],[-78.86047,44.21883],[-78.86395,44.2188],[-78.86722,44.21927],[-78.87009,44.22037],[-78.8743,44.22103],[-78.87798,44.21979],[-78.88695,44.21543],[-78.89421,44.21146],[-78.89629,44.20909],[-78.89834,44.20549],[-78.90825,44.19551],[-78.91198,44.19101],[-78.91529,44.18606],[-78.91636,44.1819],[-78.91653,44.17715],[-78.91358,44.16923],[-78.91411,44.16788],[-78.92116,44.15955],[-78.92138,44.15074],[-78.93569,44.1842],[-78.95354,44.22337],[-78.97886,44.28527],[-79.03961,44.41968],[-79.08216,44.51646],[-79.08378,44.5162],[-79.09028,44.51675]],[[-78.88849,44.18313],[-78.88385,44.17257],[-78.89092,44.17099],[-78.8929,44.17554],[-78.89212,44.1781],[-78.88849,44.18313]],[[-78.89238,44.17818],[-78.89306,44.17598],[-78.89611,44.18318],[-78.88918,44.1847],[-78.88861,44.18342],[-78.89238,44.17818]],[[-78.88728,44.18532],[-78.88902,44.18493],[-78.89434,44.19699],[-78.88037,44.20019],[-78.87895,44.19707],[-78.88728,44.18532]],[[-78.87883,44.1968],[-78.87487,44.18815],[-78.88691,44.18541],[-78.87883,44.1968]]]}},{"type":"Feature","properties":{"OGF_ID":82,"DESIGNATION":"Urban River Valley","EFFECTIVE_DATETIME":"2022-12-18","SYSTEM_DATETIME":"2023-12-14"},"geometry":{"type":"Polygon","coordinates":[[[-79.73842,43.24571],[-79.74351,43.24514],[-79.74391,43.24377],[-79.74321,43.24324],[-79.74483,43.24235],[-79.74527,43.24119],[-79.7463,43.2403],[-79.74828,43.2398],[-79.75158,43.23385],[-79.75292,43.23311],[-79.75461,43.22969],[-79.75672,43.22909],[-79.75748,43.22743],[-79.75864,43.22768],[-79.75931,43.22745],[-79.76097,43.22472],[-79.76172,43.22233],[-79.76302,43.22174],[-79.76393,43.22005],[-79.76644,43.21953],[-79.76695,43.21895],[-79.76624,43.2188],[-79.76609,43.21877],[-79.76351,43.21899],[-79.76233,43.2196],[-79.76182,43.22104],[-79.76098,43.22121],[-79.76033,43.22195],[-79.75876,43.22594],[-79.75826,43.22641],[-79.75694,43.22628],[-79.75572,43.22704],[-79.75558,43.22803],[-79.75338,43.22904],[-79.75186,43.23156],[-79.75132,43.22913],[-79.75165,43.22841],[-79.75095,43.22749],[-79.75151,43.22685],[-79.75202,43.22428],[-79.754,43.22246],[-79.75376,43.2199],[-79.75683,43.2147],[-79.75648,43.21463],[-79.75577,43.21546],[-79.7547,43.2152],[-79.75423,43.21582],[-79.75231,43.21972],[-79.75259,43.22206],[-79.75069,43.22373],[-79.75008,43.22657],[-79.74943,43.22719],[-79.7498,43.23022],[-79.75041,43.23135],[-79.75007,43.23376],[-79.74905,43.23585],[-79.74794,43.23704],[-79.74706,43.23911],[-79.74532,43.23936],[-79.7429,43.24114],[-79.74278,43.24215],[-79.74163,43.24275],[-79.74122,43.24374],[-79.7375,43.24497],[-79.73729,43.2454],[-79.73842,43.24571]]]}},{"type":"Feature","properties":{"OGF_ID":83,"DESIGNATION":"Urban River Valley","EFFECTIVE_DATETIME":"2022-12-18","SYSTEM_DATETIME":"2023-12-14"},"geometry":{"type":"Polygon","coordinates":[[[-79.71954,43.42366],[-79.72308,43.4233],[-79.72547,43.42197],[-79.72933,43.42366],[-79.72924,43.42297],[-79.72906,43.42291],[-79.72992,43.42267],[-79.7256,43.42079],[-79.72291,43.42216],[-79.721,43.42252],[-79.71841,43.42227],[-79.71717,43.42175],[-79.71205,43.422],[-79.70976,43.42098],[-79.7068,43.42119],[-79.70499,43.42053],[-79.70263,43.42097],[-79.70207,43.42002],[-79.70028,43.42024],[-79.69939,43.41965],[-79.69821,43.42],[-79.69779,43.42073],[-79.69633,43.42082],[-79.69376,43.41986],[-79.69206,43.42013],[-79.69173,43.41934],[-79.69,43.41783],[-79.68758,43.41703],[-79.68672,43.41603],[-79.68575,43.41654],[-79.68607,43.41678],[-79.68577,43.41729],[-79.68917,43.41874],[-79.69089,43.42082],[-79.69166,43.42118],[-79.69349,43.42093],[-79.69688,43.42193],[-79.69814,43.4218],[-79.69914,43.42124],[-79.70117,43.4212],[-79.70223,43.42205],[-79.70485,43.42164],[-79.70667,43.42227],[-79.70927,43.42203],[-79.71179,43.42307],[-79.71713,43.42286],[-79.71764,43.42331],[-79.71954,43.42366]]]}},{"type":"Feature","properties":{"OGF_ID":84,"DESIGNATION":"Urban River Valley","EFFECTIVE_DATETIME":"2022-12-18","SYSTEM_DATETIME":"2023-12-14"},"geometry":{"type":"Polygon","coordinates":[[[-79.53582,43.69708],[-79.54052,43.69643],[-79.54128,43.69586],[-79.54308,43.69573],[-79.5438,43.69526],[-79.54598,43.69572],[-79.54697,43.69697],[-79.54799,43.69718],[-79.54976,43.69668],[-79.5515,43.69434],[-79.55365,43.69454],[-79.55418,43.6939],[-79.55252,43.69317],[-79.5508,43.69338],[-79.54874,43.69587],[-79.54804,43.69603],[-79.54676,43.69476],[-79.5437,43.69413],[-79.54187,43.69485],[-79.54084,43.69477],[-79.53989,43.69541],[-79.53587,43.696],[-79.53218,43.69325],[-79.52817,43.69191],[-79.5253,43.692],[-79.52495,43.69133],[-79.52312,43.69093],[-79.5215,43.68969],[-79.51924,43.69001],[-79.51575,43.6892],[-79.51368,43.68982],[-79.51373,43.68992],[-79.51386,43.69011],[-79.51399,43.69029],[-79.51401,43.69032],[-79.51407,43.69052],[-79.51407,43.69053],[-79.5141,43.69065],[-79.51411,43.69066],[-79.51412,43.69082],[-79.51569,43.6903],[-79.51912,43.6911],[-79.52089,43.69076],[-79.52209,43.69183],[-79.52375,43.69224],[-79.5238,43.69286],[-79.52497,43.69348],[-79.52774,43.69302],[-79.53004,43.69358],[-79.53141,43.69418],[-79.53502,43.69689],[-79.53582,43.69708]]]}},{"type":"Feature","properties":{"OGF_ID":85,"DESIGNATION":"Urban River Valley","EFFECTIVE_DATETIME":"2022-12-18","SYSTEM_DATETIME":"2023-12-14"},"geometry":{"type":"Polygon","coordinates":[[[-79.36697,43.72172],[-79.3692,43.72166],[-79.37057,43.72069],[-79.3736,43.72077],[-79.37455,43.72045],[-79.37669,43.72069],[-79.37974,43.71918],[-79.38042,43.71837],[-79.38138,43.71811],[-79.38288,43.71687],[-79.38622,43.71619],[-79.38717,43.71764],[-79.38889,43.7182],[-79.3903,43.71944],[-79.39203,43.71922],[-79.39423,43.72008],[-79.39638,43.71961],[-79.39831,43.7205],[-79.39912,43.71992],[-79.39839,43.71908],[-79.39697,43.7186],[-79.39417,43.719],[-79.39236,43.71816],[-79.3909,43.71837],[-79.38972,43.71729],[-79.3883,43.71692],[-79.38732,43.71537],[-79.38648,43.71504],[-79.38203,43.71594],[-79.37865,43.71839],[-79.37631,43.71949],[-79.37466,43.71924],[-79.37349,43.71969],[-79.37042,43.7196],[-79.36831,43.72052],[-79.36585,43.72],[-79.36623,43.72037],[-79.36626,43.72041],[-79.36635,43.72069],[-79.36635,43.72074],[-79.36615,43.7214],[-79.36697,43.72172]]]}},{"type":"Feature","properties":{"OGF_ID":86,"DESIGNATION":"Urban River Valley","EFFECTIVE_DATETIME":"2022-12-18","SYSTEM_DATETIME":"2023-12-14"},"geometry":{"type":"Polygon","coordinates":[[[-79.26488,43.72392],[-79.26655,43.72356],[-79.26504,43.72161],[-79.2655,43.72047],[-79.26417,43.71777],[-79.26494,43.717],[-79.26689,43.71652],[-79.26756,43.71578],[-79.27172,43.7148],[-79.27304,43.71472],[-79.27425,43.71521],[-79.27628,43.71512],[-79.27866,43.71352],[-79.28107,43.71343],[-79.28342,43.71263],[-79.28276,43.71089],[-79.28183,43.71033],[-79.28175,43.70928],[-79.28204,43.70806],[-79.28172,43.70706],[-79.28305,43.70615],[-79.28323,43.70415],[-79.28402,43.70337],[-79.28371,43.70256],[-79.28285,43.70205],[-79.28301,43.69969],[-79.28662,43.6988],[-79.28886,43.69911],[-79.29067,43.69822],[-79.29365,43.69863],[-79.29594,43.69796],[-79.29878,43.69796],[-79.30293,43.69836],[-79.30536,43.69962],[-79.31018,43.70002],[-79.31279,43.70177],[-79.31588,43.70172],[-79.31852,43.70244],[-79.32026,43.70189],[-79.32181,43.70302],[-79.3241,43.70203],[-79.33113,43.70218],[-79.33136,43.70318],[-79.33216,43.70374],[-79.3323,43.70322],[-79.33231,43.70319],[-79.33273,43.70278],[-79.33251,43.70172],[-79.33171,43.70113],[-79.32516,43.70084],[-79.32277,43.70114],[-79.32201,43.70168],[-79.32038,43.70072],[-79.31855,43.70136],[-79.31612,43.70065],[-79.31331,43.70071],[-79.31087,43.69904],[-79.30571,43.69856],[-79.30341,43.69732],[-79.29889,43.69688],[-79.2957,43.69681],[-79.29358,43.69752],[-79.29044,43.69715],[-79.2885,43.69803],[-79.28647,43.69768],[-79.28244,43.69869],[-79.28138,43.6991],[-79.28107,43.69962],[-79.28167,43.70123],[-79.28122,43.70257],[-79.28248,43.70318],[-79.28174,43.7039],[-79.28153,43.70565],[-79.28022,43.70705],[-79.28055,43.70806],[-79.28028,43.71088],[-79.2814,43.71137],[-79.28184,43.71214],[-79.27773,43.71256],[-79.2758,43.71407],[-79.27244,43.71363],[-79.26928,43.71421],[-79.26673,43.71485],[-79.26607,43.7156],[-79.26389,43.71624],[-79.26265,43.71791],[-79.26401,43.72059],[-79.26363,43.72199],[-79.26488,43.72392]]]}},{"type":"Feature","properties":{"OGF_ID":87,"DESIGNATION":"Urban River Valley","EFFECTIVE_DATETIME":"2022-12-18","SYSTEM_DATETIME":"2023-12-14"},"geometry":{"type":"Polygon","coordinates":[[[-79.38239,43.74911],[-79.38307,43.74888],[-79.38313,43.74835],[-79.38031,43.74614],[-79.37915,43.74569],[-79.37945,43.7448],[-79.37843,43.74302],[-79.37375,43.74057],[-79.3733,43.73996],[-79.37178,43.74003],[-79.37153,43.73885],[-79.36997,43.73753],[-79.36882,43.73743],[-79.36823,43.73656],[-79.36706,43.73611],[-79.36513,43.73604],[-79.36453,43.73548],[-79.36478,43.73476],[-79.36434,43.73393],[-79.36343,43.7337],[-79.36265,43.73404],[-79.3613,43.73294],[-79.35998,43.73269],[-79.35997,43.73155],[-79.35846,43.7309],[-79.3576,43.72949],[-79.35533,43.72914],[-79.35473,43.72847],[-79.35474,43.7277],[-79.3536,43.72678],[-79.35323,43.7259],[-79.35081,43.72522],[-79.35141,43.72438],[-79.35098,43.72336],[-79.35227,43.72273],[-79.35341,43.72143],[-79.3534,43.72143],[-79.35335,43.72144],[-79.35256,43.72152],[-79.35251,43.72151],[-79.35184,43.72116],[-79.35116,43.722],[-79.35003,43.72217],[-79.34924,43.72281],[-79.34912,43.72378],[-79.34972,43.72435],[-79.34928,43.72519],[-79.34949,43.72578],[-79.35211,43.72683],[-79.35204,43.72792],[-79.35256,43.72846],[-79.35324,43.72853],[-79.35411,43.73],[-79.35633,43.73044],[-79.35709,43.7316],[-79.35861,43.73219],[-79.35871,43.73356],[-79.36052,43.73389],[-79.36176,43.73494],[-79.36263,43.73516],[-79.36269,43.7364],[-79.36518,43.7373],[-79.36723,43.73743],[-79.36781,43.73835],[-79.36913,43.73849],[-79.36978,43.73906],[-79.37029,43.74114],[-79.37167,43.74153],[-79.37248,43.74126],[-79.37743,43.74382],[-79.37794,43.74496],[-79.37784,43.74628],[-79.38059,43.74787],[-79.38091,43.74863],[-79.38239,43.74911]]]}},{"type":"Feature","properties":{"OGF_ID":1,"DESIGNATION":"Niagara Escarpment Plan","EFFECTIVE_DATETIME":"2017-05-18","SYSTEM_DATETIME":"2023-12-14"},"geometry":{"type":"Polygon","coordinates":[[[-79.98295,44.0068],[-79.98469,44.01117],[-79.98437,44.01287],[-79.98827,44.02863],[-79.9947,44.02724],[-79.99699,44.02802],[-80.01349,44.02447],[-80.01304,44.02317],[-80.03691,44.01775],[-80.03972,44.02857],[-80.04788,44.02675],[-80.05443,44.05349],[-80.06281,44.05171],[-80.06857,44.07422],[-80.0679,44.07609],[-80.06984,44.07932],[-80.07613,44.10433],[-80.10624,44.09746],[-80.10776,44.10344],[-80.09981,44.10522],[-80.10104,44.11049],[-80.09726,44.11136],[-80.09858,44.11675],[-80.08634,44.11968],[-80.08895,44.13033],[-80.08066,44.13206],[-80.08457,44.14821],[-80.0848,44.15074],[-80.08532,44.15133],[-80.08605,44.15439],[-80.08555,44.1554],[-80.08668,44.15686],[-80.08714,44.15898],[-80.10373,44.15561],[-80.10674,44.16867],[-80.10653,44.16975],[-80.10724,44.17076],[-80.10864,44.17694],[-80.12475,44.17343],[-80.13497,44.21687],[-80.11863,44.22032],[-80.1199,44.22566],[-80.10337,44.22894],[-80.10466,44.2344],[-80.08804,44.23854],[-80.08932,44.24405],[-80.08098,44.24586],[-80.08482,44.26209],[-80.07649,44.26396],[-80.08146,44.28473],[-80.08325,44.28436],[-80.09,44.31473],[-80.09087,44.31491],[-80.09321,44.31723],[-80.0945,44.31921],[-80.09748,44.321],[-80.10781,44.31885],[-80.10871,44.32325],[-80.11182,44.3229],[-80.11279,44.32468],[-80.11752,44.32366],[-80.11847,44.32836],[-80.13543,44.32459],[-80.14075,44.32471],[-80.14263,44.32402],[-80.14568,44.32384],[-80.14728,44.32451],[-80.14838,44.32444],[-80.14956,44.32524],[-80.14974,44.32721],[-80.1521,44.32803],[-80.15325,44.32919],[-80.15311,44.32952],[-80.15267,44.32942],[-80.15308,44.33315],[-80.15254,44.33615],[-80.15209,44.3369],[-80.15054,44.33781],[-80.15101,44.33851],[-80.15071,44.33985],[-80.15156,44.34142],[-80.15009,44.34291],[-80.14961,44.34489],[-80.14973,44.34612],[-80.15092,44.34753],[-80.15716,44.34877],[-80.16064,44.34906],[-80.16358,44.34889],[-80.16649,44.35049],[-80.16862,44.35309],[-80.1702,44.35288],[-80.17581,44.35371],[-80.17599,44.35458],[-80.1774,44.35421],[-80.17943,44.35441],[-80.18203,44.35281],[-80.18307,44.35334],[-80.18486,44.3554],[-80.18582,44.3595],[-80.19397,44.35774],[-80.19725,44.37153],[-80.20524,44.36982],[-80.20707,44.37792],[-80.22237,44.37464],[-80.226,44.3909],[-80.21841,44.39261],[-80.21969,44.39812],[-80.20412,44.40149],[-80.20796,44.4179],[-80.22335,44.41434],[-80.22465,44.41979],[-80.23207,44.41818],[-80.23324,44.42318],[-80.24153,44.4214],[-80.24283,44.42693],[-80.25919,44.42325],[-80.26047,44.42867],[-80.26888,44.42683],[-80.27135,44.43779],[-80.26295,44.43962],[-80.26547,44.45055],[-80.26935,44.46679],[-80.27775,44.46498],[-80.28678,44.50393],[-80.29377,44.53269],[-80.29516,44.53268],[-80.2935,44.53155],[-80.29436,44.53144],[-80.29656,44.52899],[-80.29936,44.52766],[-80.30032,44.52768],[-80.30065,44.52814],[-80.30052,44.52768],[-80.30213,44.52754],[-80.30462,44.52465],[-80.30635,44.52375],[-80.30757,44.52372],[-80.30785,44.52258],[-80.30791,44.5233],[-80.31004,44.52312],[-80.31261,44.52213],[-80.31604,44.52284],[-80.31894,44.52434],[-80.32095,44.52408],[-80.32297,44.52465],[-80.32437,44.52537],[-80.32439,44.52579],[-80.32613,44.52633],[-80.3261,44.5269],[-80.32698,44.5269],[-80.33067,44.52858],[-80.3345,44.53149],[-80.35017,44.5382],[-80.35714,44.5385],[-80.35993,44.53816],[-80.36493,44.53871],[-80.3689,44.53853],[-80.3731,44.5393],[-80.37431,44.53982],[-80.38019,44.54059],[-80.37944,44.5402],[-80.38109,44.54022],[-80.38057,44.53983],[-80.38107,44.53882],[-80.38432,44.53734],[-80.38635,44.53713],[-80.39257,44.53766],[-80.39413,44.53851],[-80.39595,44.53841],[-80.39706,44.53925],[-80.39946,44.5391],[-80.40141,44.53956],[-80.40157,44.53998],[-80.40162,44.53965],[-80.40212,44.53963],[-80.40207,44.54029],[-80.40238,44.53969],[-80.40239,44.54012],[-80.40262,44.53977],[-80.40271,44.54002],[-80.40322,44.53987],[-80.40304,44.54022],[-80.40351,44.53984],[-80.40342,44.54005],[-80.40377,44.53983],[-80.40468,44.5401],[-80.40501,44.53988],[-80.40545,44.54027],[-80.40575,44.54006],[-80.40604,44.54029],[-80.40559,44.54071],[-80.40674,44.54035],[-80.40667,44.54129],[-80.40731,44.54194],[-80.40631,44.5426],[-80.40743,44.54202],[-80.40779,44.5423],[-80.40687,44.54313],[-80.40799,44.54243],[-80.40829,44.5427],[-80.40765,44.54331],[-80.40829,44.54279],[-80.40873,44.54337],[-80.41003,44.543],[-80.41198,44.54319],[-80.41274,44.54375],[-80.41215,44.54435],[-80.41373,44.54546],[-80.41378,44.54616],[-80.41906,44.54688],[-80.42066,44.5482],[-80.42236,44.54898],[-80.4173,44.52669],[-80.41326,44.5276],[-80.40837,44.50566],[-80.39185,44.50925],[-80.388,44.49281],[-80.40456,44.48921],[-80.40203,44.4785],[-80.41033,44.47666],[-80.40523,44.45482],[-80.41359,44.45302],[-80.41228,44.44742],[-80.46173,44.43657],[-80.46302,44.44227],[-80.47958,44.43862],[-80.48085,44.44408],[-80.48899,44.44226],[-80.49027,44.44772],[-80.51484,44.44244],[-80.51538,44.44561],[-80.51502,44.44681],[-80.51364,44.44822],[-80.51025,44.44949],[-80.50957,44.45081],[-80.51017,44.45348],[-80.50869,44.45652],[-80.50857,44.45899],[-80.50732,44.46059],[-80.5083,44.46611],[-80.50743,44.46705],[-80.50359,44.4679],[-80.50609,44.47877],[-80.51418,44.47705],[-80.51925,44.499],[-80.52333,44.49813],[-80.5246,44.50362],[-80.5331,44.5018],[-80.53444,44.50836],[-80.53964,44.51166],[-80.54302,44.51634],[-80.54351,44.52012],[-80.5461,44.52756],[-80.54911,44.53057],[-80.56425,44.53877],[-80.57175,44.53722],[-80.57118,44.53443],[-80.58783,44.53114],[-80.58668,44.52568],[-80.6033,44.52235],[-80.60208,44.51693],[-80.63536,44.51027],[-80.63644,44.51579],[-80.65379,44.51229],[-80.65418,44.51455],[-80.6714,44.51086],[-80.67197,44.51364],[-80.68869,44.5101],[-80.68986,44.51565],[-80.70557,44.51236],[-80.70874,44.51241],[-80.72388,44.51079],[-80.7227,44.50531],[-80.73977,44.50356],[-80.7386,44.49816],[-80.75549,44.49641],[-80.75431,44.49091],[-80.7713,44.48916],[-80.77604,44.51098],[-80.79298,44.50909],[-80.79654,44.52564],[-80.78816,44.52648],[-80.79046,44.5374],[-80.76489,44.54003],[-80.7661,44.54556],[-80.74903,44.54737],[-80.75135,44.55858],[-80.74284,44.55945],[-80.74409,44.56505],[-80.73553,44.5659],[-80.73967,44.58505],[-80.734,44.58562],[-80.73578,44.59382],[-80.72524,44.59492],[-80.71958,44.59494],[-80.7069,44.59757],[-80.70809,44.60329],[-80.69984,44.60505],[-80.70089,44.6105],[-80.6926,44.61231],[-80.6955,44.62591],[-80.67881,44.62954],[-80.68037,44.63779],[-80.69723,44.63412],[-80.69903,44.64247],[-80.71589,44.63893],[-80.71711,44.64442],[-80.71785,44.64426],[-80.72091,44.64642],[-80.73475,44.64347],[-80.73611,44.64971],[-80.7533,44.64814],[-80.74969,44.63165],[-80.76676,44.62996],[-80.76557,44.62444],[-80.77427,44.62353],[-80.77309,44.61801],[-80.78172,44.61711],[-80.78056,44.61179],[-80.78912,44.61083],[-80.7879,44.60533],[-80.81382,44.60263],[-80.81712,44.61908],[-80.83714,44.61675],[-80.84817,44.60378],[-80.85903,44.60857],[-80.87925,44.58481],[-80.87943,44.58413],[-80.89653,44.58222],[-80.8936,44.56959],[-80.89965,44.56888],[-80.89795,44.56145],[-80.91045,44.55995],[-80.91135,44.56363],[-80.92866,44.5616],[-80.92839,44.55786],[-80.93105,44.55757],[-80.93049,44.55503],[-80.93712,44.55431],[-80.93737,44.5534],[-80.93596,44.55202],[-80.93747,44.55156],[-80.93701,44.55098],[-80.93721,44.54991],[-80.93608,44.54827],[-80.93663,44.54762],[-80.93415,44.54149],[-80.93918,44.54087],[-80.9398,44.54353],[-80.94065,44.54344],[-80.94139,44.54436],[-80.94049,44.54574],[-80.94072,44.54626],[-80.94466,44.54593],[-80.94862,44.56319],[-80.95061,44.56296],[-80.95102,44.56488],[-80.95307,44.56465],[-80.9536,44.56701],[-80.96234,44.56584],[-80.96209,44.56628],[-80.96384,44.56872],[-80.96587,44.56935],[-80.96678,44.57267],[-80.96975,44.57216],[-80.96414,44.58974],[-80.96666,44.59016],[-80.96427,44.59759],[-80.96686,44.59801],[-80.96571,44.60164],[-80.9684,44.60237],[-80.96299,44.61976],[-80.94514,44.61688],[-80.94423,44.61861],[-80.94113,44.61889],[-80.93977,44.61975],[-80.93938,44.6206],[-80.94611,44.62131],[-80.94641,44.62319],[-80.94767,44.62568],[-80.94759,44.62689],[-80.95402,44.62795],[-80.94833,44.64657],[-80.95429,44.64753],[-80.94853,44.66618],[-80.95478,44.66715],[-80.95369,44.6708],[-80.95982,44.67182],[-80.96149,44.69597],[-80.95629,44.69619],[-80.95808,44.72851],[-80.93751,44.72941],[-80.93773,44.73363],[-80.91334,44.73435],[-80.91033,44.74367],[-80.90678,44.74394],[-80.90802,44.76628],[-80.9088,44.76895],[-80.90995,44.77018],[-80.91797,44.77542],[-80.92302,44.77695],[-80.92386,44.77761],[-80.92653,44.77821],[-80.934,44.77835],[-80.93452,44.78454],[-80.95554,44.78403],[-80.95577,44.78921],[-80.98205,44.79835],[-80.98251,44.80719],[-80.9876,44.80798],[-80.99696,44.80734],[-81.00284,44.80656],[-81.00695,44.80572],[-81.00795,44.80517],[-81.00793,44.80602],[-81.00844,44.80592],[-81.01422,44.80415],[-81.01313,44.80409],[-81.014,44.8035],[-81.0194,44.80245],[-81.02103,44.80159],[-81.02322,44.80137],[-81.02541,44.8004],[-81.02772,44.80028],[-81.03127,44.79918],[-81.03144,44.79891],[-81.03065,44.7984],[-81.03129,44.79804],[-81.03112,44.79744],[-81.03764,44.79592],[-81.05376,44.78874],[-81.06289,44.7855],[-81.07895,44.78072],[-81.08113,44.77978],[-81.0851,44.776],[-81.08504,44.76885],[-81.0935,44.76289],[-81.09833,44.76628],[-81.09828,44.76596],[-81.10574,44.76016],[-81.10678,44.7587],[-81.10748,44.75819],[-81.10793,44.75828],[-81.10778,44.75799],[-81.10853,44.75772],[-81.10878,44.75702],[-81.10958,44.75685],[-81.10956,44.75634],[-81.1101,44.75591],[-81.11057,44.75604],[-81.11032,44.75555],[-81.11184,44.75415],[-81.11598,44.75094],[-81.117,44.75133],[-81.11638,44.75081],[-81.11687,44.75009],[-81.11916,44.7488],[-81.12027,44.74732],[-81.12342,44.74527],[-81.1252,44.74339],[-81.1264,44.74284],[-81.12681,44.7432],[-81.12662,44.74253],[-81.12792,44.74237],[-81.13058,44.74284],[-81.13059,44.74248],[-81.13069,44.74283],[-81.13141,44.74266],[-81.1315,44.74303],[-81.13236,44.74245],[-81.1329,44.74303],[-81.13408,44.74266],[-81.13389,44.74305],[-81.1352,44.74346],[-81.13604,44.74453],[-81.13492,44.74504],[-81.13416,44.74461],[-81.1349,44.74512],[-81.13671,44.74445],[-81.13759,44.74542],[-81.13887,44.74583],[-81.13978,44.74664],[-81.13997,44.74749],[-81.13933,44.74801],[-81.13989,44.74825],[-81.13926,44.74828],[-81.13936,44.74873],[-81.13798,44.74861],[-81.13928,44.74882],[-81.13805,44.751],[-81.13577,44.75022],[-81.13589,44.75049],[-81.138,44.75109],[-81.13795,44.75152],[-81.13553,44.75524],[-81.13498,44.75754],[-81.13062,44.76623],[-81.13182,44.7741],[-81.13151,44.77517],[-81.12617,44.77944],[-81.12447,44.77976],[-81.12406,44.78072],[-81.12277,44.77972],[-81.12351,44.78053],[-81.12276,44.78127],[-81.10973,44.78874],[-81.10806,44.7903],[-81.10622,44.79072],[-81.10395,44.79266],[-81.09679,44.79582],[-81.09535,44.7971],[-81.08867,44.80063],[-81.07642,44.8084],[-81.07011,44.8129],[-81.05551,44.82454],[-81.04876,44.82837],[-81.04356,44.83225],[-81.04135,44.83358],[-81.04012,44.83362],[-81.03704,44.8353],[-81.03438,44.83624],[-81.0338,44.8372],[-81.02625,44.84408],[-81.02479,44.84601],[-81.13709,44.90771],[-81.13651,44.9071],[-81.1369,44.906],[-81.14039,44.90421],[-81.14167,44.90302],[-81.14314,44.90279],[-81.14403,44.90303],[-81.15006,44.90129],[-81.15338,44.90193],[-81.15876,44.90564],[-81.15953,44.90716],[-81.15918,44.90867],[-81.15725,44.9118],[-81.15169,44.91621],[-81.14156,44.92677],[-81.14106,44.92681],[-81.14116,44.9263],[-81.13773,44.92854],[-81.13685,44.92839],[-81.13602,44.92872],[-81.13543,44.92742],[-81.13828,44.92605],[-81.13576,44.927],[-81.1341,44.92836],[-81.13252,44.93095],[-81.13402,44.93147],[-81.13396,44.93272],[-81.13104,44.93675],[-81.12896,44.93874],[-81.12531,44.9404],[-81.12291,44.94071],[-81.11967,44.94191],[-81.11823,44.94131],[-81.11869,44.94073],[-81.11793,44.9393],[-81.11631,44.9404],[-81.11536,44.94248],[-81.11504,44.94672],[-81.11421,44.94957],[-81.11651,44.95564],[-81.12007,44.96068],[-81.12345,44.9613],[-81.14299,44.95986],[-81.15102,44.95891],[-81.15488,44.95909],[-81.15526,44.95799],[-81.15618,44.95769],[-81.15787,44.95779],[-81.15914,44.95837],[-81.16101,44.95828],[-81.1641,44.95874],[-81.16737,44.95964],[-81.17368,44.95989],[-81.18013,44.95875],[-81.19289,44.9579],[-81.19615,44.95822],[-81.20871,44.9606],[-81.21315,44.96084],[-81.21621,44.96297],[-81.2164,44.96558],[-81.21936,44.97059],[-81.2199,44.97269],[-81.20733,44.98443],[-81.20234,44.98853],[-81.19565,44.99556],[-81.19474,44.99688],[-81.19474,44.9987],[-81.19675,45.00081],[-81.19892,45.00194],[-81.20442,45.00236],[-81.20993,45.00404],[-81.21271,45.00439],[-81.21367,45.00629],[-81.21676,45.00864],[-81.21966,45.00946],[-81.22263,45.00968],[-81.2254,45.00773],[-81.22711,45.00573],[-81.22865,45.00479],[-81.22888,45.00416],[-81.2307,45.0032],[-81.23189,45.00162],[-81.23593,44.99818],[-81.2403,44.99358],[-81.24558,44.99078],[-81.24637,44.98939],[-81.2486,44.98749],[-81.25034,44.98747],[-81.25181,44.98823],[-81.2522,44.9897],[-81.25035,44.99105],[-81.24875,44.99035],[-81.24807,44.99056],[-81.24862,44.99054],[-81.25131,44.99298],[-81.25293,44.99573],[-81.25564,44.99738],[-81.26077,44.99937],[-81.26262,45.00051],[-81.26806,45.00506],[-81.27078,45.00854],[-81.27672,45.01887],[-81.27751,45.02154],[-81.2765,45.0234],[-81.27416,45.0253],[-81.27082,45.02684],[-81.2703,45.02783],[-81.26798,45.02917],[-81.26605,45.031],[-81.26737,45.03934],[-81.2701,45.04985],[-81.26841,45.05677],[-81.26682,45.06015],[-81.26639,45.06611],[-81.26553,45.06992],[-81.26325,45.074],[-81.26229,45.07681],[-81.26492,45.07966],[-81.26704,45.08336],[-81.26807,45.08748],[-81.26788,45.08868],[-81.26852,45.08992],[-81.27408,45.09517],[-81.27539,45.09695],[-81.27819,45.1049],[-81.28231,45.10941],[-81.28285,45.11256],[-81.28129,45.11735],[-81.2831,45.11833],[-81.28812,45.11719],[-81.29044,45.11731],[-81.30955,45.12125],[-81.31348,45.12269],[-81.31839,45.12517],[-81.32244,45.12811],[-81.32462,45.13068],[-81.33296,45.138],[-81.33555,45.14137],[-81.3362,45.14315],[-81.33548,45.14647],[-81.33386,45.14949],[-81.33513,45.15253],[-81.33429,45.15648],[-81.33642,45.16084],[-81.3368,45.16317],[-81.33594,45.1633],[-81.33676,45.16331],[-81.33697,45.16385],[-81.33695,45.16673],[-81.3347,45.17669],[-81.33202,45.18297],[-81.3291,45.18769],[-81.32681,45.19029],[-81.32361,45.19151],[-81.31991,45.19389],[-81.3126,45.19999],[-81.30931,45.20358],[-81.29584,45.21203],[-81.287,45.22137],[-81.28414,45.22607],[-81.28372,45.22789],[-81.28478,45.23161],[-81.28436,45.23444],[-81.28591,45.23596],[-81.28617,45.23734],[-81.28785,45.23845],[-81.28906,45.24033],[-81.29009,45.243],[-81.2896,45.24412],[-81.28992,45.24463],[-81.29186,45.24542],[-81.29362,45.24541],[-81.29663,45.24661],[-81.29694,45.24611],[-81.2944,45.24542],[-81.29409,45.24301],[-81.29484,45.24262],[-81.29502,45.24307],[-81.29573,45.24232],[-81.29624,45.24252],[-81.29745,45.24168],[-81.29891,45.24155],[-81.29937,45.2418],[-81.29927,45.24258],[-81.30156,45.24419],[-81.30198,45.24511],[-81.30167,45.24594],[-81.30099,45.24631],[-81.29794,45.24561],[-81.29871,45.24652],[-81.30108,45.2474],[-81.30692,45.24769],[-81.31193,45.24734],[-81.31559,45.24644],[-81.32006,45.24472],[-81.32502,45.24441],[-81.32669,45.24368],[-81.32934,45.24356],[-81.33867,45.24203],[-81.34378,45.24029],[-81.35109,45.24021],[-81.35508,45.24161],[-81.36111,45.24246],[-81.36479,45.24252],[-81.36607,45.24186],[-81.36751,45.24171],[-81.37266,45.24296],[-81.38115,45.24159],[-81.38747,45.24213],[-81.39127,45.24118],[-81.39419,45.23937],[-81.40531,45.23491],[-81.40739,45.2345],[-81.41232,45.23457],[-81.4165,45.23362],[-81.41804,45.23282],[-81.42092,45.23205],[-81.42969,45.2324],[-81.43126,45.23284],[-81.43715,45.2318],[-81.4396,45.23227],[-81.44425,45.23227],[-81.44675,45.23166],[-81.45611,45.23131],[-81.45703,45.23093],[-81.46241,45.23029],[-81.472,45.23151],[-81.47495,45.23229],[-81.47736,45.23322],[-81.47972,45.23483],[-81.484,45.23621],[-81.48514,45.23808],[-81.48579,45.23841],[-81.48986,45.2389],[-81.49484,45.2384],[-81.49873,45.23953],[-81.50081,45.24058],[-81.50327,45.24108],[-81.50482,45.2406],[-81.50925,45.24024],[-81.51301,45.24152],[-81.5175,45.24224],[-81.51937,45.24305],[-81.52018,45.24363],[-81.52099,45.24571],[-81.52246,45.24556],[-81.52283,45.24513],[-81.5238,45.24548],[-81.52515,45.24537],[-81.52751,45.2439],[-81.52954,45.24468],[-81.52947,45.24571],[-81.53029,45.24647],[-81.53199,45.24668],[-81.53289,45.24721],[-81.53473,45.24737],[-81.53594,45.24685],[-81.53842,45.24687],[-81.54562,45.24477],[-81.54838,45.24545],[-81.54927,45.24658],[-81.55053,45.24677],[-81.55863,45.24512],[-81.56325,45.24505],[-81.56628,45.24381],[-81.57067,45.24056],[-81.57318,45.24074],[-81.57412,45.24033],[-81.57635,45.24032],[-81.5789,45.2398],[-81.58106,45.24016],[-81.58239,45.24165],[-81.58023,45.24389],[-81.57841,45.24721],[-81.57971,45.24846],[-81.58194,45.24897],[-81.58233,45.24988],[-81.58501,45.25194],[-81.58581,45.25216],[-81.588,45.25204],[-81.60574,45.24826],[-81.61256,45.24888],[-81.61302,45.24998],[-81.61056,45.25094],[-81.6112,45.25266],[-81.61488,45.25414],[-81.61678,45.25428],[-81.62066,45.25386],[-81.63791,45.25044],[-81.64047,45.24973],[-81.64267,45.24847],[-81.6439,45.24923],[-81.64456,45.25024],[-81.64433,45.25225],[-81.64395,45.25247],[-81.64197,45.25218],[-81.64086,45.25256],[-81.63785,45.25419],[-81.63753,45.25484],[-81.63842,45.25584],[-81.64084,45.25596],[-81.64364,45.25557],[-81.64477,45.25491],[-81.64514,45.25394],[-81.64588,45.25397],[-81.6459,45.25542],[-81.64666,45.25644],[-81.64658,45.25819],[-81.64485,45.25943],[-81.64187,45.25987],[-81.64105,45.26067],[-81.64034,45.26067],[-81.6396,45.26002],[-81.63696,45.26057],[-81.63638,45.26137],[-81.63658,45.26182],[-81.63746,45.26195],[-81.63777,45.26242],[-81.63593,45.26318],[-81.63652,45.26345],[-81.63532,45.26382],[-81.573,45.30836],[-81.56784,45.31089],[-81.56412,45.31332],[-81.55901,45.31834],[-81.55893,45.31937],[-81.56038,45.32062],[-81.73606,45.32734],[-81.73846,45.32779],[-81.73877,45.32756],[-81.73782,45.32707],[-81.73836,45.32706],[-81.73835,45.32661],[-81.739,45.3263],[-81.74011,45.3266],[-81.74011,45.32551],[-81.74076,45.32511],[-81.74051,45.32467],[-81.7413,45.32471],[-81.74131,45.32382],[-81.74479,45.32149],[-81.74498,45.32086],[-81.74576,45.3207],[-81.74516,45.31946],[-81.7477,45.3194],[-81.74863,45.3191],[-81.74879,45.31861],[-81.74959,45.31867],[-81.75258,45.31759],[-81.7584,45.31772],[-81.76191,45.31631],[-81.76469,45.31608],[-81.76663,45.31537],[-81.76761,45.31541],[-81.76749,45.31567],[-81.76912,45.31539],[-81.77017,45.31476],[-81.7712,45.31476],[-81.77131,45.3143],[-81.77285,45.31372],[-81.77579,45.31327],[-81.77624,45.31258],[-81.73904,45.23762],[-81.68548,45.26139],[-81.65627,45.2634],[-81.65824,45.25702],[-81.657,45.2577],[-81.64657,45.24881],[-81.65027,45.24666],[-81.64752,45.24434],[-81.64612,45.24515],[-81.63914,45.24159],[-81.63562,45.24538],[-81.61049,45.23233],[-81.60348,45.23993],[-81.56969,45.22243],[-81.56247,45.23013],[-81.55438,45.22595],[-81.56832,45.21098],[-81.56693,45.20898],[-81.56562,45.20834],[-81.56605,45.20785],[-81.56743,45.20871],[-81.57382,45.20191],[-81.56313,45.19643],[-81.56125,45.1984],[-81.55303,45.19409],[-81.55127,45.196],[-81.54702,45.19381],[-81.5506,45.18994],[-81.52565,45.17701],[-81.49704,45.20746],[-81.43453,45.17479],[-81.44173,45.16717],[-81.42124,45.15631],[-81.40784,45.17052],[-81.39174,45.17811],[-81.39601,45.18269],[-81.38105,45.19833],[-81.37889,45.19733],[-81.37896,45.1969],[-81.37623,45.19435],[-81.37472,45.19223],[-81.37035,45.18835],[-81.36748,45.18515],[-81.33505,45.20039],[-81.33731,45.20272],[-81.33614,45.20391],[-81.33454,45.20448],[-81.33353,45.20407],[-81.33297,45.20434],[-81.33176,45.20194],[-81.32446,45.20536],[-81.31885,45.19934],[-81.3617,45.17892],[-81.35597,45.17282],[-81.36667,45.16774],[-81.35522,45.15553],[-81.36615,45.15048],[-81.335,45.1169],[-81.34555,45.11184],[-81.33436,45.09957],[-81.32357,45.10466],[-81.32069,45.10164],[-81.30999,45.10678],[-81.28958,45.08467],[-81.30048,45.07967],[-81.2921,45.0705],[-81.30285,45.06554],[-81.29444,45.05627],[-81.30565,45.05125],[-81.29723,45.04214],[-81.29581,45.04161],[-81.29548,45.0404],[-81.29346,45.03916],[-81.29415,45.03748],[-81.29337,45.03648],[-81.29383,45.03588],[-81.29067,45.03513],[-81.29124,45.0339],[-81.28955,45.03201],[-81.28965,45.03105],[-81.28726,45.02635],[-81.2998,45.02314],[-81.28616,44.99561],[-81.27397,44.99879],[-81.25819,44.96783],[-81.24619,44.97108],[-81.23417,44.94657],[-81.22208,44.94973],[-81.22024,44.94629],[-81.21825,44.94495],[-81.21718,44.94477],[-81.21532,44.94519],[-81.20917,44.94376],[-81.1981,44.943],[-81.19421,44.94103],[-81.19198,44.94065],[-81.1894,44.93867],[-81.18246,44.92518],[-81.18296,44.9229],[-81.18143,44.92027],[-81.17765,44.9173],[-81.17647,44.91585],[-81.17502,44.91048],[-81.17034,44.90095],[-81.16913,44.90019],[-81.16933,44.89899],[-81.16849,44.89696],[-81.16331,44.88676],[-81.13892,44.89276],[-81.13055,44.87564],[-81.10637,44.88167],[-81.10054,44.87128],[-81.0884,44.8744],[-81.07582,44.85073],[-81.06358,44.85398],[-81.05629,44.83999],[-81.06846,44.83695],[-81.06649,44.83323],[-81.07261,44.83168],[-81.07083,44.82839],[-81.08918,44.82365],[-81.08739,44.82023],[-81.09937,44.81714],[-81.09754,44.81368],[-81.11643,44.80881],[-81.11522,44.80636],[-81.11538,44.80551],[-81.12183,44.80032],[-81.12598,44.79912],[-81.12686,44.79817],[-81.13153,44.79694],[-81.12524,44.78491],[-81.14035,44.78092],[-81.13946,44.77917],[-81.14186,44.77853],[-81.13877,44.77265],[-81.14693,44.77244],[-81.14438,44.77152],[-81.14296,44.77013],[-81.14258,44.76914],[-81.14158,44.75415],[-81.1431,44.75404],[-81.14247,44.74072],[-81.14212,44.7355],[-81.1404,44.73555],[-81.14009,44.73094],[-81.12036,44.73163],[-81.12071,44.73638],[-81.11563,44.73659],[-81.1158,44.73799],[-81.088,44.75918],[-81.08739,44.75856],[-81.08723,44.75715],[-81.08606,44.75662],[-81.06975,44.75718],[-81.07014,44.76182],[-81.02811,44.76324],[-81.0284,44.76785],[-81.01821,44.76818],[-81.01881,44.77743],[-80.99705,44.77819],[-80.99581,44.75491],[-81.00602,44.75457],[-81.00578,44.75003],[-81.01708,44.74966],[-81.01653,44.74045],[-81.02159,44.74027],[-81.0213,44.7356],[-81.0263,44.73539],[-81.02548,44.72159],[-81.03124,44.72137],[-81.02705,44.71966],[-81.02314,44.71888],[-81.02063,44.71979],[-81.01802,44.72186],[-81.00997,44.72218],[-81.00906,44.70856],[-81.01941,44.70804],[-81.01847,44.694],[-81.00815,44.69438],[-81.00529,44.64845],[-81.02608,44.64774],[-81.02497,44.62986],[-80.98873,44.6134],[-80.99575,44.60571],[-80.98703,44.60176],[-80.9941,44.59389],[-80.98544,44.58997],[-80.99287,44.56815],[-80.9888,44.5494],[-80.95909,44.55273],[-80.95163,44.51996],[-80.93476,44.52175],[-80.93415,44.51892],[-80.92577,44.51988],[-80.92766,44.52823],[-80.91922,44.52917],[-80.91982,44.53184],[-80.9153,44.53238],[-80.91574,44.53599],[-80.91464,44.54084],[-80.86253,44.54681],[-80.86614,44.56317],[-80.85184,44.56476],[-80.85372,44.57289],[-80.84811,44.57351],[-80.85001,44.58178],[-80.82712,44.58431],[-80.82346,44.56787],[-80.7892,44.5715],[-80.78738,44.56331],[-80.80465,44.56149],[-80.80275,44.55324],[-80.81976,44.5515],[-80.81725,44.54049],[-80.83437,44.53858],[-80.82069,44.47829],[-80.81227,44.47917],[-80.80782,44.46298],[-80.79925,44.46386],[-80.79417,44.4452],[-80.79262,44.44265],[-80.79131,44.44141],[-80.78378,44.43699],[-80.77481,44.43791],[-80.77331,44.43245],[-80.75639,44.43414],[-80.75788,44.43966],[-80.74094,44.44134],[-80.74551,44.45817],[-80.7285,44.4599],[-80.73287,44.47622],[-80.69921,44.47976],[-80.70188,44.49005],[-80.667,44.49711],[-80.66573,44.49173],[-80.641,44.49679],[-80.64034,44.49398],[-80.63197,44.49569],[-80.63134,44.49292],[-80.5982,44.49966],[-80.59939,44.50516],[-80.58296,44.5086],[-80.58307,44.50906],[-80.57492,44.51079],[-80.56761,44.47711],[-80.5636,44.46088],[-80.58785,44.45563],[-80.58656,44.45028],[-80.57037,44.45361],[-80.56903,44.44816],[-80.58534,44.44472],[-80.58274,44.43358],[-80.57457,44.43534],[-80.56915,44.41351],[-80.57742,44.4118],[-80.57609,44.40637],[-80.56787,44.40809],[-80.56271,44.38587],[-80.57074,44.38416],[-80.56321,44.35094],[-80.55245,44.29802],[-80.55169,44.29696],[-80.54817,44.29466],[-80.54692,44.29178],[-80.54735,44.29096],[-80.55312,44.28592],[-80.55085,44.28459],[-80.55737,44.27907],[-80.54558,44.27224],[-80.54222,44.26908],[-80.52763,44.28171],[-80.52517,44.28261],[-80.51475,44.28477],[-80.51919,44.30283],[-80.51457,44.30379],[-80.51871,44.32209],[-80.5206,44.32177],[-80.52095,44.32308],[-80.52062,44.32379],[-80.52126,44.32421],[-80.5201,44.32542],[-80.51987,44.32658],[-80.51926,44.32674],[-80.52014,44.33036],[-80.52137,44.33005],[-80.52332,44.33153],[-80.52271,44.33272],[-80.52179,44.33286],[-80.52031,44.33163],[-80.51914,44.33134],[-80.51663,44.331],[-80.51563,44.3316],[-80.52184,44.35994],[-80.51354,44.36178],[-80.51616,44.37263],[-80.49945,44.37633],[-80.50312,44.39293],[-80.48694,44.3964],[-80.48084,44.36896],[-80.48252,44.36858],[-80.4803,44.35905],[-80.42625,44.37055],[-80.42859,44.3805],[-80.39834,44.38706],[-80.40023,44.39528],[-80.41672,44.3916],[-80.41863,44.39992],[-80.37729,44.40894],[-80.37854,44.41445],[-80.38021,44.41408],[-80.38148,44.41948],[-80.37154,44.42163],[-80.3831,44.47101],[-80.3585,44.47639],[-80.36204,44.49279],[-80.35367,44.49462],[-80.35122,44.48373],[-80.32654,44.48906],[-80.32417,44.47815],[-80.33224,44.47647],[-80.33093,44.47087],[-80.34741,44.46726],[-80.3412,44.43983],[-80.32467,44.44334],[-80.31944,44.42148],[-80.33606,44.41791],[-80.33215,44.40152],[-80.33012,44.40197],[-80.32553,44.38204],[-80.28649,44.3903],[-80.28748,44.39489],[-80.27746,44.39703],[-80.27807,44.39978],[-80.26329,44.40286],[-80.25757,44.37844],[-80.24938,44.38025],[-80.24755,44.372],[-80.2557,44.37034],[-80.25315,44.35945],[-80.24522,44.3612],[-80.24305,44.35299],[-80.24242,44.35312],[-80.24193,44.35093],[-80.24685,44.35044],[-80.24598,44.34667],[-80.23779,44.34843],[-80.23719,44.34577],[-80.22114,44.34921],[-80.22047,44.3465],[-80.21624,44.34741],[-80.21485,44.34201],[-80.22722,44.33937],[-80.22484,44.32852],[-80.22891,44.32762],[-80.22767,44.32215],[-80.21963,44.32388],[-80.21843,44.31838],[-80.21009,44.32021],[-80.20888,44.31477],[-80.21327,44.3138],[-80.21205,44.30828],[-80.2077,44.30923],[-80.20654,44.30387],[-80.21479,44.30194],[-80.21419,44.29923],[-80.21818,44.29835],[-80.21755,44.29561],[-80.22154,44.2947],[-80.21663,44.27301],[-80.22061,44.27219],[-80.21664,44.25597],[-80.16344,44.26728],[-80.15706,44.24094],[-80.16517,44.23917],[-80.16404,44.23429],[-80.17213,44.23255],[-80.17082,44.22705],[-80.17492,44.22615],[-80.17367,44.22064],[-80.17782,44.21983],[-80.17513,44.20838],[-80.18336,44.20662],[-80.18087,44.19573],[-80.1888,44.19402],[-80.183,44.16999],[-80.19105,44.16852],[-80.184,44.13859],[-80.16795,44.14181],[-80.16856,44.14458],[-80.16034,44.14631],[-80.16093,44.14904],[-80.13681,44.15403],[-80.12935,44.12144],[-80.13734,44.11978],[-80.13604,44.11435],[-80.14402,44.11271],[-80.14303,44.10859],[-80.14139,44.10664],[-80.13922,44.10565],[-80.13727,44.10108],[-80.13739,44.10027],[-80.14034,44.09843],[-80.14022,44.09663],[-80.13218,44.09828],[-80.12625,44.07234],[-80.1182,44.07402],[-80.11676,44.06793],[-80.10866,44.06971],[-80.10744,44.06416],[-80.10355,44.06502],[-80.10285,44.06235],[-80.09875,44.06324],[-80.09267,44.03882],[-80.08453,44.04065],[-80.07642,44.00827],[-80.07377,43.99741],[-80.08214,43.99567],[-80.08145,43.99283],[-80.08957,43.99107],[-80.08635,43.97819],[-80.08499,43.97811],[-80.07808,43.97953],[-80.07605,43.97134],[-80.08424,43.96963],[-80.08247,43.96227],[-80.09065,43.9605],[-80.08822,43.95123],[-80.08956,43.94961],[-80.09054,43.94906],[-80.08632,43.95],[-80.08066,43.95127],[-80.07862,43.951],[-80.05462,43.95618],[-80.04783,43.95784],[-80.04061,43.96028],[-80.02326,43.96398],[-80.02404,43.9665],[-80.01617,43.96818],[-80.01632,43.96873],[-80.00044,43.9721],[-80.00081,43.97342],[-79.99264,43.9753],[-79.98969,43.96319],[-79.98501,43.94426],[-79.98878,43.94337],[-79.93147,43.901],[-79.93689,43.89628],[-79.93622,43.89579],[-79.9471,43.88613],[-79.95263,43.89021],[-79.96354,43.88051],[-79.95824,43.87661],[-79.9691,43.86699],[-79.96343,43.86288],[-79.96905,43.85807],[-79.96371,43.85408],[-79.97335,43.8454],[-79.9745,43.84445],[-79.97703,43.8463],[-79.9881,43.83695],[-79.99071,43.8389],[-79.99613,43.83381],[-79.99581,43.83357],[-80.00136,43.82858],[-80.01816,43.84103],[-80.02338,43.8378],[-80.02971,43.83158],[-80.02436,43.82762],[-80.02975,43.82273],[-80.02828,43.82165],[-80.03908,43.81189],[-80.02822,43.80384],[-80.0337,43.7989],[-80.02573,43.793],[-80.03066,43.78864],[-80.02535,43.78463],[-80.02028,43.78897],[-80.01226,43.78303],[-80.00684,43.78796],[-80.00164,43.78414],[-79.99072,43.79373],[-79.98629,43.79046],[-79.98057,43.79542],[-79.96421,43.78314],[-79.96958,43.77813],[-79.96845,43.77729],[-79.97383,43.77239],[-79.96829,43.76827],[-79.9738,43.76341],[-79.97469,43.76406],[-79.98003,43.75916],[-79.96966,43.75152],[-79.97966,43.74241],[-79.96903,43.73449],[-80.00115,43.70563],[-79.98509,43.69362],[-79.99597,43.68403],[-79.99064,43.68002],[-80.00145,43.67037],[-79.9907,43.66231],[-80.01226,43.64292],[-80.00962,43.64092],[-80.01496,43.63614],[-80.01227,43.63412],[-80.023,43.62449],[-80.00712,43.61271],[-80.00202,43.61729],[-79.98611,43.60541],[-79.99129,43.60056],[-79.98602,43.59657],[-79.99128,43.59179],[-79.98062,43.58388],[-79.98583,43.5791],[-79.9854,43.57878],[-79.9908,43.57395],[-79.98264,43.56757],[-79.99003,43.5611],[-79.99088,43.56172],[-79.98919,43.55947],[-79.98772,43.55869],[-79.99218,43.55474],[-79.99262,43.55504],[-79.99576,43.5522],[-79.99436,43.5501],[-79.99592,43.54941],[-79.98726,43.54314],[-79.99254,43.53837],[-79.9937,43.53921],[-80.00439,43.52967],[-79.99744,43.52473],[-80.01426,43.5095],[-79.98213,43.48712],[-79.98347,43.48584],[-79.98411,43.48408],[-79.98614,43.48149],[-79.98869,43.47964],[-79.99259,43.4759],[-79.9818,43.46814],[-79.98565,43.46668],[-79.98752,43.46531],[-79.98805,43.46382],[-79.98936,43.46291],[-79.98998,43.46166],[-79.99196,43.46044],[-79.992,43.45931],[-79.99154,43.45877],[-79.99232,43.458],[-79.98683,43.45404],[-79.98932,43.45187],[-79.97932,43.44362],[-79.97731,43.44076],[-79.97594,43.43766],[-79.95392,43.42199],[-79.95932,43.41733],[-79.95389,43.4135],[-79.96428,43.40601],[-79.95958,43.39684],[-79.95479,43.39102],[-79.94674,43.39698],[-79.93039,43.38552],[-79.92638,43.38843],[-79.90361,43.37225],[-79.91161,43.36642],[-79.89893,43.35734],[-79.89134,43.35201],[-79.88334,43.35796],[-79.87983,43.35548],[-79.90431,43.33727],[-79.89563,43.33104],[-79.92478,43.30615],[-79.92812,43.30472],[-79.94999,43.30104],[-79.94714,43.29216],[-80.00589,43.28235],[-80.00705,43.28597],[-80.00894,43.28622],[-80.01003,43.28623],[-80.01023,43.28488],[-80.01125,43.2846],[-80.01532,43.28457],[-80.01654,43.28393],[-80.01695,43.28527],[-80.02429,43.28399],[-80.0257,43.28827],[-80.02813,43.28786],[-80.02688,43.28358],[-80.02939,43.28314],[-80.03039,43.2863],[-80.03155,43.28611],[-80.0319,43.28721],[-80.03335,43.28697],[-80.03216,43.28311],[-80.03438,43.28271],[-80.03372,43.28067],[-80.03979,43.27964],[-80.04045,43.28159],[-80.04217,43.28129],[-80.04322,43.28455],[-80.06268,43.28135],[-80.06205,43.27934],[-80.05294,43.27697],[-80.04494,43.27555],[-80.04054,43.27384],[-80.03281,43.26866],[-80.03238,43.26728],[-80.04724,43.26481],[-80.0458,43.26036],[-80.05552,43.25871],[-80.04972,43.23973],[-80.05476,43.2388],[-80.05374,43.23495],[-80.05399,43.23354],[-80.05595,43.22991],[-80.05538,43.22721],[-80.05504,43.22678],[-80.04586,43.22831],[-80.04067,43.21086],[-80.01772,43.21469],[-80.00289,43.21726],[-80.00262,43.21642],[-80.00088,43.21667],[-80.00055,43.21586],[-79.99823,43.2166],[-79.99657,43.21175],[-79.99129,43.21522],[-79.99244,43.21888],[-79.99287,43.2188],[-79.99487,43.22272],[-79.99366,43.22286],[-79.99318,43.2223],[-79.99187,43.22329],[-79.9915,43.22204],[-79.99041,43.22226],[-79.99041,43.22295],[-79.98804,43.22341],[-79.98824,43.22402],[-79.98688,43.22413],[-79.9856,43.22471],[-79.98387,43.22384],[-79.98284,43.22387],[-79.98181,43.22678],[-79.97678,43.22607],[-79.97557,43.22821],[-79.97348,43.22761],[-79.97245,43.23024],[-79.96905,43.22919],[-79.96584,43.22897],[-79.96415,43.22935],[-79.96124,43.23098],[-79.95413,43.23244],[-79.94479,43.23157],[-79.9296,43.23339],[-79.93048,43.23629],[-79.9282,43.23668],[-79.92951,43.24084],[-79.92888,43.24095],[-79.9279,43.24393],[-79.92267,43.24468],[-79.92222,43.24373],[-79.91759,43.24453],[-79.91702,43.24328],[-79.91558,43.24252],[-79.91361,43.24261],[-79.91226,43.24367],[-79.90646,43.24227],[-79.90606,43.24255],[-79.9023,43.24155],[-79.90317,43.23945],[-79.90039,43.23876],[-79.89916,43.24173],[-79.89724,43.24117],[-79.8967,43.24238],[-79.88271,43.23886],[-79.88084,43.24338],[-79.87906,43.24313],[-79.87854,43.24386],[-79.86779,43.24161],[-79.86735,43.24263],[-79.85927,43.24088],[-79.85854,43.24259],[-79.83898,43.23774],[-79.8398,43.23579],[-79.83607,43.23492],[-79.83592,43.23528],[-79.83115,43.23396],[-79.8258,43.2308],[-79.82155,43.22915],[-79.81725,43.22824],[-79.81726,43.22586],[-79.81813,43.22216],[-79.81788,43.21606],[-79.81826,43.21396],[-79.81801,43.21314],[-79.81653,43.21261],[-79.8183,43.20949],[-79.82796,43.19828],[-79.82827,43.19705],[-79.82906,43.19702],[-79.82944,43.19659],[-79.83134,43.19221],[-79.83077,43.19208],[-79.83127,43.19077],[-79.83184,43.19086],[-79.83207,43.19015],[-79.82949,43.18968],[-79.82976,43.18706],[-79.82791,43.18664],[-79.82714,43.18817],[-79.82599,43.18794],[-79.82506,43.1908],[-79.82338,43.19042],[-79.82325,43.19131],[-79.82481,43.1913],[-79.82445,43.19208],[-79.82475,43.19414],[-79.82418,43.19536],[-79.82305,43.19553],[-79.82197,43.19853],[-79.82123,43.19942],[-79.81371,43.19765],[-79.81278,43.19988],[-79.8003,43.1971],[-79.79893,43.19821],[-79.7995,43.20123],[-79.79849,43.2014],[-79.79895,43.2028],[-79.79662,43.20315],[-79.79566,43.20299],[-79.79495,43.2024],[-79.79429,43.20002],[-79.79284,43.20029],[-79.78209,43.19795],[-79.78026,43.20244],[-79.77572,43.2015],[-79.77382,43.20584],[-79.76362,43.20356],[-79.76195,43.20799],[-79.75691,43.20687],[-79.74673,43.20387],[-79.74472,43.20863],[-79.7396,43.20761],[-79.70876,43.19975],[-79.67881,43.19339],[-79.67698,43.19776],[-79.66593,43.19585],[-79.63992,43.18993],[-79.62158,43.19003],[-79.61202,43.18777],[-79.60809,43.18775],[-79.53415,43.17144],[-79.5399,43.1584],[-79.51236,43.15207],[-79.50574,43.15204],[-79.50196,43.14679],[-79.50182,43.14257],[-79.48861,43.14021],[-79.48511,43.13922],[-79.47915,43.1374],[-79.47422,43.13421],[-79.45844,43.13491],[-79.45384,43.13455],[-79.43812,43.13521],[-79.43815,43.13601],[-79.4361,43.13603],[-79.4362,43.13729],[-79.4322,43.13733],[-79.43212,43.13612],[-79.4307,43.13616],[-79.43064,43.13532],[-79.40746,43.13603],[-79.40698,43.12677],[-79.39703,43.12668],[-79.39677,43.12283],[-79.39109,43.12307],[-79.38912,43.12341],[-79.38803,43.12405],[-79.36774,43.12449],[-79.36754,43.11883],[-79.36742,43.11523],[-79.3457,43.11625],[-79.34736,43.11514],[-79.34712,43.1066],[-79.34185,43.10718],[-79.33219,43.10752],[-79.33298,43.10542],[-79.32979,43.09892],[-79.32289,43.0991],[-79.32255,43.08972],[-79.32254,43.08954],[-79.33191,43.09205],[-79.33235,43.08928],[-79.33144,43.07051],[-79.33647,43.07045],[-79.33604,43.06111],[-79.34063,43.06108],[-79.3404,43.05237],[-79.30086,43.05275],[-79.29298,43.04912],[-79.29493,43.04765],[-79.29162,43.04767],[-79.29158,43.04678],[-79.28721,43.04677],[-79.28707,43.05292],[-79.2865,43.05293],[-79.28651,43.05394],[-79.28552,43.05395],[-79.28551,43.05278],[-79.27991,43.05305],[-79.27518,43.05214],[-79.27217,43.05255],[-79.26785,43.05427],[-79.26578,43.05508],[-79.26588,43.05924],[-79.26556,43.05923],[-79.26639,43.07795],[-79.26133,43.07821],[-79.26147,43.08307],[-79.26147,43.08307],[-79.26148,43.08322],[-79.26206,43.10094],[-79.26208,43.10142],[-79.26224,43.10606],[-79.25967,43.1052],[-79.2595,43.10446],[-79.25855,43.1045],[-79.25853,43.10412],[-79.25741,43.10417],[-79.25744,43.10503],[-79.25532,43.10513],[-79.25535,43.1061],[-79.25299,43.10626],[-79.25128,43.10582],[-79.25152,43.10547],[-79.25015,43.10471],[-79.25015,43.10492],[-79.25017,43.10742],[-79.25008,43.10738],[-79.24975,43.10726],[-79.24972,43.10725],[-79.24969,43.10723],[-79.24966,43.10722],[-79.24944,43.10712],[-79.24939,43.1071],[-79.24365,43.10747],[-79.24341,43.10749],[-79.24321,43.1075],[-79.24326,43.11031],[-79.24571,43.11049],[-79.24791,43.11119],[-79.24795,43.11549],[-79.19364,43.13518],[-79.19409,43.12537],[-79.19484,43.12156],[-79.18713,43.12082],[-79.18559,43.1209],[-79.1856,43.12243],[-79.18081,43.1225],[-79.18097,43.12712],[-79.16876,43.12731],[-79.16405,43.1309],[-79.16087,43.1328],[-79.15594,43.13446],[-79.13647,43.13523],[-79.12534,43.13461],[-79.11289,43.13744],[-79.11296,43.14307],[-79.10612,43.14253],[-79.10134,43.14161],[-79.09711,43.14012],[-79.09301,43.13789],[-79.08827,43.13795],[-79.09072,43.14532],[-79.08776,43.14656],[-79.08553,43.14891],[-79.08322,43.15021],[-79.0737,43.15335],[-79.05733,43.15713],[-79.05492,43.15739],[-79.05203,43.15721],[-79.0509,43.15834],[-79.04747,43.15556],[-79.04723,43.15343],[-79.04543,43.15321],[-79.04566,43.15577],[-79.04727,43.15964],[-79.0476,43.16203],[-79.04899,43.16348],[-79.05246,43.16573],[-79.05341,43.16755],[-79.05664,43.17097],[-79.05713,43.1733],[-79.06415,43.1732],[-79.06403,43.16557],[-79.0696,43.16406],[-79.06965,43.16631],[-79.0893,43.16599],[-79.09171,43.16595],[-79.09306,43.16594],[-79.09528,43.16592],[-79.09588,43.16592],[-79.10887,43.16569],[-79.10882,43.16407],[-79.10873,43.16135],[-79.1087,43.16048],[-79.10866,43.15914],[-79.10864,43.15834],[-79.10941,43.15831],[-79.11285,43.15816],[-79.1142,43.15811],[-79.12155,43.15779],[-79.1213,43.15415],[-79.13408,43.15412],[-79.13404,43.15313],[-79.14947,43.15191],[-79.14951,43.15191],[-79.15224,43.15253],[-79.15314,43.15288],[-79.15494,43.1536],[-79.15537,43.15378],[-79.16281,43.15158],[-79.16329,43.15144],[-79.1781,43.14708],[-79.1782,43.14982],[-79.18603,43.14701],[-79.18082,43.13964],[-79.18816,43.13708],[-79.20635,43.1399],[-79.21343,43.13722],[-79.21277,43.13647],[-79.21334,43.13613],[-79.21694,43.13597],[-79.22707,43.13223],[-79.22831,43.13215],[-79.22984,43.13269],[-79.22979,43.13159],[-79.23418,43.13159],[-79.23575,43.1305],[-79.23761,43.13038],[-79.23763,43.12959],[-79.24328,43.12969],[-79.2432,43.12746],[-79.24455,43.12744],[-79.2476,43.12632],[-79.24702,43.12547],[-79.25379,43.12306],[-79.25668,43.12133],[-79.25904,43.12147],[-79.26073,43.12083],[-79.26326,43.11992],[-79.26677,43.11896],[-79.26839,43.11888],[-79.26908,43.1179],[-79.26997,43.11747],[-79.27395,43.11777],[-79.27489,43.11747],[-79.27491,43.118],[-79.28445,43.1181],[-79.30064,43.11776],[-79.30181,43.13973],[-79.30909,43.13883],[-79.31141,43.13958],[-79.31446,43.13739],[-79.32232,43.13681],[-79.32994,43.13754],[-79.33205,43.13646],[-79.33645,43.13762],[-79.33985,43.13769],[-79.34721,43.13859],[-79.36395,43.1427],[-79.36388,43.14174],[-79.3649,43.14203],[-79.36859,43.14188],[-79.36834,43.13727],[-79.37312,43.13964],[-79.37178,43.1407],[-79.37077,43.14232],[-79.36917,43.14254],[-79.3691,43.14247],[-79.36971,43.14592],[-79.37129,43.14764],[-79.37051,43.14844],[-79.37019,43.15057],[-79.37088,43.15202],[-79.37006,43.15263],[-79.36918,43.15267],[-79.36896,43.1557],[-79.3698,43.15656],[-79.37131,43.15707],[-79.37041,43.15918],[-79.36878,43.15912],[-79.37008,43.1599],[-79.36894,43.16173],[-79.36936,43.16337],[-79.36852,43.16451],[-79.36631,43.16491],[-79.36612,43.16652],[-79.36781,43.16813],[-79.3682,43.17045],[-79.36964,43.17217],[-79.36923,43.1734],[-79.37479,43.17476],[-79.37481,43.17452],[-79.37468,43.17264],[-79.37394,43.17181],[-79.37368,43.17167],[-79.37323,43.17122],[-79.37311,43.16918],[-79.37226,43.16805],[-79.37296,43.16711],[-79.37301,43.1661],[-79.37292,43.166],[-79.37194,43.16487],[-79.37277,43.16332],[-79.37612,43.16132],[-79.37639,43.16026],[-79.37616,43.15803],[-79.37558,43.1579],[-79.37501,43.15581],[-79.37539,43.15449],[-79.37382,43.15409],[-79.37508,43.15212],[-79.37673,43.15182],[-79.37834,43.1506],[-79.37935,43.14849],[-79.37936,43.14848],[-79.37922,43.14746],[-79.37926,43.14735],[-79.37946,43.14686],[-79.3803,43.14704],[-79.38043,43.14705],[-79.38084,43.14769],[-79.38088,43.1478],[-79.38741,43.14926],[-79.38736,43.14853],[-79.38944,43.14929],[-79.39195,43.14917],[-79.39173,43.14437],[-79.39301,43.14433],[-79.39336,43.14988],[-79.39612,43.15004],[-79.39911,43.15001],[-79.39921,43.15171],[-79.39985,43.15235],[-79.40377,43.15391],[-79.40381,43.15454],[-79.41198,43.15776],[-79.41806,43.15763],[-79.43571,43.15893],[-79.44721,43.15795],[-79.45637,43.15957],[-79.46494,43.16217],[-79.46429,43.15913],[-79.46476,43.15912],[-79.46468,43.15764],[-79.47015,43.15735],[-79.47005,43.15603],[-79.46987,43.15281],[-79.48044,43.15219],[-79.48621,43.15213],[-79.48636,43.15516],[-79.48639,43.15571],[-79.48669,43.1615],[-79.48743,43.16149],[-79.48773,43.16952],[-79.50282,43.1747],[-79.50862,43.18079],[-79.5153,43.18429],[-79.51533,43.1843],[-79.51718,43.18505],[-79.52753,43.185],[-79.53385,43.18557],[-79.55736,43.19136],[-79.56427,43.19509],[-79.57583,43.19743],[-79.57754,43.19342],[-79.59837,43.19488],[-79.60289,43.19563],[-79.60439,43.19623],[-79.60913,43.20046],[-79.61489,43.20375],[-79.62321,43.20577],[-79.62543,43.20598],[-79.63117,43.20618],[-79.63904,43.20728],[-79.64324,43.20716],[-79.64873,43.2074],[-79.6614,43.20957],[-79.66762,43.20879],[-79.67346,43.20745],[-79.67423,43.20737],[-79.67461,43.20738],[-79.67461,43.20738],[-79.68264,43.21049],[-79.68728,43.21212],[-79.69527,43.21188],[-79.69904,43.21222],[-79.7282,43.21953],[-79.73748,43.21684],[-79.74387,43.21731],[-79.74426,43.21633],[-79.747,43.2167],[-79.75006,43.21628],[-79.75036,43.21572],[-79.75255,43.2154],[-79.75289,43.21566],[-79.75378,43.21496],[-79.75577,43.21546],[-79.75648,43.21463],[-79.75683,43.2147],[-79.75858,43.21506],[-79.75866,43.21554],[-79.76567,43.21705],[-79.7651,43.21855],[-79.76609,43.21877],[-79.76624,43.2188],[-79.76777,43.21913],[-79.76967,43.21461],[-79.78172,43.21725],[-79.78232,43.21576],[-79.78095,43.21436],[-79.7836,43.21281],[-79.78573,43.2133],[-79.78631,43.21204],[-79.78518,43.21126],[-79.78538,43.20963],[-79.78752,43.20964],[-79.78754,43.2092],[-79.78969,43.20889],[-79.79248,43.2102],[-79.79358,43.21045],[-79.79482,43.21024],[-79.79627,43.21238],[-79.79393,43.21338],[-79.79556,43.21538],[-79.79858,43.21117],[-79.80333,43.20866],[-79.79852,43.22049],[-79.79566,43.22108],[-79.79477,43.22086],[-79.79461,43.22145],[-79.79539,43.22205],[-79.79504,43.22422],[-79.79947,43.22522],[-79.80067,43.22284],[-79.80354,43.22346],[-79.80446,43.22115],[-79.8051,43.22129],[-79.80583,43.21959],[-79.81206,43.2213],[-79.80985,43.22651],[-79.81092,43.22675],[-79.80941,43.23034],[-79.81095,43.23066],[-79.81035,43.23214],[-79.81362,43.23305],[-79.81733,43.23485],[-79.81969,43.23744],[-79.82163,43.23788],[-79.82143,43.23836],[-79.8265,43.23956],[-79.82537,43.2421],[-79.82441,43.24192],[-79.82383,43.24326],[-79.82417,43.2436],[-79.82998,43.24504],[-79.83062,43.24346],[-79.84066,43.24615],[-79.84082,43.24577],[-79.85073,43.24823],[-79.85118,43.24719],[-79.86109,43.24966],[-79.86147,43.24881],[-79.86547,43.24986],[-79.86588,43.24902],[-79.86897,43.24981],[-79.86925,43.24908],[-79.87215,43.24979],[-79.87295,43.24799],[-79.87765,43.2491],[-79.87829,43.24764],[-79.88313,43.24879],[-79.88406,43.24655],[-79.89392,43.24857],[-79.89472,43.24678],[-79.8989,43.24674],[-79.89657,43.25195],[-79.9,43.2528],[-79.90316,43.25177],[-79.90704,43.25166],[-79.90948,43.25191],[-79.91676,43.25378],[-79.91722,43.25267],[-79.91924,43.2527],[-79.92042,43.25011],[-79.92391,43.25097],[-79.92447,43.24974],[-79.92687,43.25038],[-79.93397,43.24916],[-79.93416,43.24974],[-79.93818,43.24903],[-79.93872,43.24893],[-79.94097,43.24664],[-79.94358,43.24586],[-79.94469,43.25001],[-79.94247,43.25049],[-79.94142,43.25241],[-79.94002,43.25335],[-79.93914,43.25325],[-79.93735,43.25529],[-79.93754,43.25634],[-79.9415,43.25643],[-79.9428,43.25563],[-79.9442,43.25533],[-79.94595,43.25592],[-79.94768,43.25579],[-79.94892,43.25642],[-79.95052,43.2564],[-79.95217,43.25529],[-79.95351,43.25532],[-79.95615,43.25468],[-79.95775,43.25362],[-79.95812,43.25257],[-79.95974,43.25162],[-79.96249,43.2514],[-79.96376,43.2499],[-79.96898,43.24828],[-79.97012,43.24869],[-79.97164,43.24853],[-79.97247,43.24803],[-79.97358,43.24812],[-79.97423,43.24898],[-79.9735,43.24916],[-79.97533,43.24943],[-79.9755,43.24991],[-79.97613,43.25005],[-79.97801,43.24993],[-79.97834,43.25104],[-79.98046,43.25016],[-79.98281,43.25758],[-79.97349,43.25938],[-79.97637,43.26867],[-79.97473,43.26825],[-79.97402,43.26987],[-79.97237,43.26942],[-79.97188,43.27063],[-79.97047,43.27009],[-79.96956,43.27096],[-79.96829,43.27025],[-79.96757,43.27091],[-79.9663,43.27017],[-79.96487,43.27121],[-79.96195,43.27015],[-79.96168,43.27043],[-79.95862,43.27007],[-79.95856,43.27093],[-79.95608,43.27063],[-79.95669,43.2722],[-79.95245,43.27194],[-79.95066,43.2729],[-79.94984,43.27264],[-79.94568,43.27306],[-79.94632,43.27496],[-79.94269,43.27563],[-79.93828,43.27525],[-79.93477,43.27558],[-79.93264,43.27521],[-79.93663,43.2708],[-79.93614,43.26732],[-79.93149,43.26811],[-79.92836,43.2678],[-79.92512,43.26602],[-79.92435,43.26624],[-79.92269,43.26541],[-79.92179,43.26354],[-79.92051,43.26357],[-79.92015,43.26645],[-79.91903,43.26614],[-79.91681,43.26791],[-79.91369,43.26848],[-79.91205,43.27005],[-79.91082,43.2696],[-79.91067,43.26915],[-79.90938,43.26893],[-79.91037,43.26782],[-79.91021,43.26624],[-79.90812,43.26523],[-79.90623,43.26525],[-79.90571,43.26389],[-79.90396,43.26387],[-79.90374,43.26435],[-79.90338,43.26427],[-79.90043,43.27074],[-79.89851,43.27083],[-79.89854,43.27111],[-79.89707,43.27073],[-79.89671,43.27133],[-79.89588,43.27114],[-79.8964,43.26997],[-79.89422,43.26932],[-79.89468,43.26841],[-79.89312,43.26815],[-79.89284,43.27118],[-79.89345,43.27674],[-79.89271,43.28031],[-79.89349,43.28208],[-79.89506,43.28249],[-79.89735,43.28603],[-79.89812,43.28822],[-79.89723,43.29033],[-79.89532,43.2916],[-79.89435,43.29317],[-79.89775,43.29763],[-79.90126,43.30017],[-79.90398,43.30214],[-79.90437,43.30243],[-79.90764,43.30479],[-79.90482,43.30834],[-79.902,43.31066],[-79.88389,43.32312],[-79.8797,43.32601],[-79.8765,43.32764],[-79.87353,43.32905],[-79.8683,43.33272],[-79.86387,43.3361],[-79.85684,43.34135],[-79.85576,43.34399],[-79.855,43.34639],[-79.85195,43.36271],[-79.85366,43.36331],[-79.85562,43.36327],[-79.85611,43.3636],[-79.83986,43.37794],[-79.83734,43.38017],[-79.83708,43.3804],[-79.83971,43.38199],[-79.83605,43.38549],[-79.83536,43.38681],[-79.83538,43.39532],[-79.8344,43.39946],[-79.84217,43.40552],[-79.84221,43.40604],[-79.82663,43.42016],[-79.83208,43.42489],[-79.83515,43.42643],[-79.83643,43.42788],[-79.83763,43.42856],[-79.83774,43.42862],[-79.84471,43.43322],[-79.85235,43.43693],[-79.85241,43.43696],[-79.86895,43.4416],[-79.89419,43.45933],[-79.88364,43.46874],[-79.8891,43.4726],[-79.88376,43.47738],[-79.884,43.4776],[-79.87867,43.48233],[-79.90069,43.49767],[-79.88929,43.50772],[-79.896,43.51283],[-79.90655,43.51006],[-79.90921,43.50986],[-79.91555,43.51148],[-79.92147,43.51201],[-79.92646,43.51557],[-79.92756,43.51637],[-79.93909,43.52464],[-79.93248,43.53042],[-79.94318,43.53845],[-79.93253,43.54837],[-79.93336,43.54899],[-79.94304,43.55618],[-79.93764,43.56092],[-79.94051,43.56289],[-79.94056,43.56294],[-79.94165,43.56545],[-79.94166,43.56555],[-79.94265,43.57104],[-79.94267,43.57115],[-79.94272,43.57168],[-79.94273,43.57173],[-79.94275,43.57351],[-79.94211,43.58368],[-79.94063,43.58932],[-79.94135,43.58985],[-79.95336,43.59882],[-79.94798,43.6037],[-79.95918,43.61201],[-79.94417,43.62552],[-79.9439,43.62577],[-79.94307,43.62651],[-79.95882,43.63844],[-79.94998,43.6465],[-79.94814,43.64722],[-79.94711,43.64708],[-79.94681,43.64708],[-79.95075,43.65026],[-79.95884,43.65619],[-79.94788,43.66576],[-79.95325,43.66982],[-79.95005,43.67263],[-79.94534,43.67679],[-79.94497,43.67712],[-79.945,43.67731],[-79.9455,43.68111],[-79.94556,43.68144],[-79.9456,43.68177],[-79.94561,43.68183],[-79.94658,43.69162],[-79.9457,43.69376],[-79.94235,43.69856],[-79.9423,43.69865],[-79.94229,43.69867],[-79.94225,43.69878],[-79.9421,43.69903],[-79.94207,43.6991],[-79.94205,43.69915],[-79.94202,43.69924],[-79.94193,43.69943],[-79.94188,43.69956],[-79.9418,43.69972],[-79.94176,43.69983],[-79.9416,43.70279],[-79.94404,43.71025],[-79.9441,43.71265],[-79.94408,43.71277],[-79.9409,43.71239],[-79.93968,43.71257],[-79.93827,43.71155],[-79.93823,43.71151],[-79.9365,43.71025],[-79.93631,43.71132],[-79.93698,43.71287],[-79.93427,43.71623],[-79.93417,43.71806],[-79.93263,43.7187],[-79.93177,43.72018],[-79.93081,43.72064],[-79.93164,43.72188],[-79.93029,43.72565],[-79.92853,43.72718],[-79.92833,43.72801],[-79.9271,43.72806],[-79.92658,43.7286],[-79.9268,43.73303],[-79.92851,43.73466],[-79.9281,43.73616],[-79.92542,43.7379],[-79.92342,43.74046],[-79.92344,43.74108],[-79.91612,43.74816],[-79.91881,43.75015],[-79.91606,43.75261],[-79.91872,43.75455],[-79.91615,43.75686],[-79.92075,43.76071],[-79.92154,43.76351],[-79.92429,43.76642],[-79.92377,43.76758],[-79.92421,43.76846],[-79.92369,43.769],[-79.92616,43.77121],[-79.92656,43.77569],[-79.92697,43.77559],[-79.92653,43.77625],[-79.92797,43.77878],[-79.92679,43.77924],[-79.92663,43.77982],[-79.9281,43.78089],[-79.92833,43.78237],[-79.92918,43.7824],[-79.92953,43.783],[-79.93042,43.78323],[-79.93134,43.78482],[-79.93017,43.7874],[-79.92617,43.79113],[-79.92893,43.79315],[-79.92857,43.79363],[-79.92764,43.79376],[-79.92805,43.79449],[-79.92746,43.7947],[-79.92743,43.79476],[-79.92546,43.79546],[-79.92619,43.79644],[-79.92615,43.79783],[-79.92539,43.79919],[-79.92473,43.79872],[-79.92454,43.79905],[-79.92549,43.79983],[-79.92546,43.80209],[-79.92607,43.80252],[-79.92632,43.80271],[-79.92452,43.80389],[-79.92729,43.80587],[-79.92432,43.80704],[-79.92635,43.80884],[-79.92494,43.81007],[-79.92441,43.81055],[-79.91562,43.81861],[-79.91753,43.82001],[-79.93162,43.83039],[-79.92107,43.84019],[-79.89887,43.85942],[-79.88337,43.87417],[-79.88286,43.87386],[-79.87774,43.8781],[-79.87954,43.87946],[-79.8937,43.88986],[-79.88836,43.89461],[-79.89253,43.89772],[-79.88191,43.90703],[-79.89827,43.91903],[-79.89307,43.92359],[-79.90824,43.93472],[-79.90931,43.93604],[-79.91135,43.93689],[-79.93588,43.95476],[-79.9511,43.95145],[-79.95627,43.97153],[-79.95668,43.97314],[-79.96502,43.97132],[-79.96637,43.97657],[-79.9746,43.97482],[-79.98295,44.0068]]]}},{"type":"Feature","properties":{"OGF_ID":2,"DESIGNATION":"Niagara Escarpment Plan","EFFECTIVE_DATETIME":"2017-05-18","SYSTEM_DATETIME":"2023-12-14"},"geometry":{"type":"Polygon","coordinates":[[[-81.30039,45.24369],[-81.30049,45.24364],[-81.30045,45.24359],[-81.30035,45.24361],[-81.30039,45.24369]]]}},{"type":"Feature","properties":{"OGF_ID":3,"DESIGNATION":"Niagara Escarpment Plan","EFFECTIVE_DATETIME":"2017-05-18","SYSTEM_DATETIME":"2023-12-14"},"geometry":{"type":"Polygon","coordinates":[[[-81.48555,45.23839],[-81.48551,45.23851],[-81.48565,45.23859],[-81.48563,45.23841],[-81.48555,45.23839]]]}},{"type":"Feature","properties":{"OGF_ID":4,"DESIGNATION":"Niagara Escarpment Plan","EFFECTIVE_DATETIME":"2017-05-18","SYSTEM_DATETIME":"2023-12-14"},"geometry":{"type":"Polygon","coordinates":[[[-81.43493,45.23224],[-81.43478,45.23232],[-81.43477,45.23237],[-81.43502,45.23232],[-81.43493,45.23224]]]}},{"type":"Feature","properties":{"OGF_ID":5,"DESIGNATION":"Niagara Escarpment Plan","EFFECTIVE_DATETIME":"2017-05-18","SYSTEM_DATETIME":"2023-12-14"},"geometry":{"type":"Polygon","coordinates":[[[-81.43627,45.23215],[-81.43635,45.23212],[-81.43631,45.23206],[-81.43616,45.23212],[-81.43627,45.23215]]]}},{"type":"Feature","properties":{"OGF_ID":69,"DESIGNATION":"Protected Countryside","EFFECTIVE_DATETIME":"2017-05-18","SYSTEM_DATETIME":"2023-12-14"},"geometry":{"type":"Polygon","coordinates":[[[-79.40629,43.9157],[-79.40709,43.91582],[-79.40786,43.91732],[-79.40895,43.91529],[-79.40916,43.91491],[-79.40759,43.91295],[-79.40517,43.91094],[-79.4043,43.9095],[-79.40247,43.9095],[-79.40018,43.90704],[-79.40241,43.90715],[-79.40642,43.90994],[-79.40889,43.91023],[-79.41204,43.91193],[-79.41254,43.91055],[-79.41001,43.90985],[-79.41002,43.90859],[-79.4073,43.90858],[-79.40701,43.90739],[-79.4052,43.90687],[-79.40623,43.90632],[-79.41026,43.9056],[-79.40989,43.90289],[-79.40576,43.9038],[-79.40605,43.90461],[-79.40538,43.90542],[-79.40314,43.90601],[-79.39764,43.90558],[-79.39597,43.90441],[-79.39382,43.90489],[-79.39469,43.90561],[-79.39491,43.90657],[-79.39826,43.90841],[-79.40029,43.911],[-79.40421,43.91281],[-79.40567,43.91426],[-79.40338,43.91466],[-79.4037,43.91552],[-79.40585,43.91512],[-79.40629,43.9157]]]}},{"type":"Feature","properties":{"OGF_ID":70,"DESIGNATION":"Protected Countryside","EFFECTIVE_DATETIME":"2023-12-06","SYSTEM_DATETIME":"2023-12-14"},"geometry":{"type":"Polygon","coordinates":[[[-79.39269,43.91853],[-79.39245,43.91945],[-79.39512,43.92129],[-79.39545,43.9205],[-79.39387,43.91945],[-79.39596,43.91762],[-79.3937,43.91653],[-79.39312,43.91482],[-79.39467,43.91449],[-79.39507,43.91567],[-79.39732,43.9152],[-79.39784,43.91434],[-79.39748,43.91328],[-79.39301,43.91427],[-79.39258,43.91303],[-79.3968,43.91208],[-79.39646,43.9103],[-79.39707,43.91019],[-79.39685,43.90954],[-79.39088,43.90975],[-79.38983,43.90755],[-79.38892,43.9077],[-79.38834,43.90613],[-79.38688,43.90645],[-79.38592,43.90667],[-79.38704,43.9111],[-79.38839,43.91096],[-79.38956,43.9123],[-79.38987,43.91456],[-79.38835,43.91587],[-79.38926,43.92058],[-79.39076,43.92004],[-79.38995,43.91686],[-79.39149,43.91592],[-79.39269,43.91853]]]}},{"type":"Feature","properties":{"OGF_ID":71,"DESIGNATION":"Protected Countryside","EFFECTIVE_DATETIME":"2017-05-18","SYSTEM_DATETIME":"2023-12-14"},"geometry":{"type":"Polygon","coordinates":[[[-79.38297,43.92941],[-79.38551,43.92941],[-79.38616,43.92851],[-79.38592,43.92389],[-79.3817,43.92485],[-79.38079,43.92572],[-79.38297,43.92941]]]}},{"type":"Feature","properties":{"OGF_ID":72,"DESIGNATION":"Protected Countryside","EFFECTIVE_DATETIME":"2017-05-18","SYSTEM_DATETIME":"2023-12-14"},"geometry":{"type":"Polygon","coordinates":[[[-79.36335,43.93704],[-79.36507,43.94003],[-79.36512,43.9352],[-79.36795,43.9374],[-79.36704,43.93452],[-79.3688,43.93326],[-79.36916,43.93041],[-79.36994,43.93051],[-79.37134,43.9327],[-79.37405,43.93202],[-79.37641,43.93353],[-79.37737,43.93341],[-79.37659,43.9318],[-79.37276,43.93046],[-79.37155,43.9287],[-79.36997,43.92813],[-79.37001,43.92668],[-79.37068,43.92657],[-79.37071,43.92576],[-79.37006,43.92528],[-79.36989,43.9224],[-79.36906,43.92069],[-79.36734,43.91971],[-79.36547,43.92009],[-79.3653,43.91971],[-79.36245,43.91839],[-79.36304,43.91618],[-79.36222,43.91403],[-79.35956,43.91209],[-79.35996,43.91108],[-79.36282,43.91032],[-79.3625,43.90781],[-79.36351,43.90695],[-79.36434,43.90055],[-79.36516,43.9002],[-79.36383,43.89764],[-79.35659,43.89454],[-79.35445,43.89436],[-79.35397,43.89342],[-79.35609,43.89295],[-79.35532,43.89106],[-79.35238,43.89161],[-79.35184,43.89041],[-79.34835,43.89186],[-79.34784,43.89059],[-79.34483,43.89176],[-79.34343,43.89238],[-79.34468,43.89411],[-79.35137,43.89391],[-79.35236,43.89574],[-79.35804,43.89676],[-79.36131,43.89882],[-79.36193,43.90015],[-79.36074,43.90087],[-79.36003,43.90285],[-79.36063,43.90464],[-79.36156,43.90516],[-79.36078,43.90655],[-79.35961,43.90684],[-79.35887,43.90837],[-79.35611,43.91003],[-79.35687,43.91317],[-79.3583,43.91321],[-79.35981,43.91472],[-79.36019,43.91618],[-79.35944,43.91852],[-79.36026,43.92015],[-79.36231,43.92084],[-79.3615,43.92169],[-79.36204,43.92307],[-79.36744,43.9219],[-79.36811,43.92398],[-79.36732,43.9242],[-79.3673,43.92799],[-79.36568,43.92843],[-79.36693,43.92946],[-79.36439,43.92969],[-79.36183,43.93197],[-79.36226,43.9328],[-79.36291,43.93404],[-79.36433,43.93497],[-79.36335,43.93704]]]}},{"type":"Feature","properties":{"OGF_ID":6,"DESIGNATION":"Niagara Escarpment Plan","EFFECTIVE_DATETIME":"2017-05-18","SYSTEM_DATETIME":"2023-12-14"},"geometry":{"type":"Polygon","coordinates":[[[-81.14233,44.92546],[-81.14184,44.92578],[-81.14145,44.92625],[-81.14246,44.92543],[-81.14233,44.92546]]]}},{"type":"Feature","properties":{"OGF_ID":7,"DESIGNATION":"Niagara Escarpment Plan","EFFECTIVE_DATETIME":"2017-05-18","SYSTEM_DATETIME":"2023-12-14"},"geometry":{"type":"Polygon","coordinates":[[[-81.13927,44.92578],[-81.13933,44.92573],[-81.13917,44.9257],[-81.13914,44.92575],[-81.13927,44.92578]]]}},{"type":"Feature","properties":{"OGF_ID":8,"DESIGNATION":"Niagara Escarpment Plan","EFFECTIVE_DATETIME":"2017-05-18","SYSTEM_DATETIME":"2023-12-14"},"geometry":{"type":"Polygon","coordinates":[[[-81.14284,44.9251],[-81.14278,44.92514],[-81.14278,44.92521],[-81.14297,44.92512],[-81.14284,44.9251]]]}},{"type":"Feature","properties":{"OGF_ID":9,"DESIGNATION":"Niagara Escarpment Plan","EFFECTIVE_DATETIME":"2017-05-18","SYSTEM_DATETIME":"2023-12-14"},"geometry":{"type":"Polygon","coordinates":[[[-81.11901,44.74912],[-81.11853,44.74923],[-81.11812,44.74956],[-81.1191,44.7491],[-81.11901,44.74912]]]}},{"type":"Feature","properties":{"OGF_ID":10,"DESIGNATION":"Niagara Escarpment Plan","EFFECTIVE_DATETIME":"2017-05-18","SYSTEM_DATETIME":"2023-12-14"},"geometry":{"type":"Polygon","coordinates":[[[-80.16774,44.35201],[-80.16756,44.35235],[-80.16806,44.35276],[-80.16807,44.35234],[-80.16774,44.35201]]]}},{"type":"Feature","properties":{"OGF_ID":11,"DESIGNATION":"Niagara Escarpment Plan","EFFECTIVE_DATETIME":"2017-05-18","SYSTEM_DATETIME":"2023-12-14"},"geometry":{"type":"Polygon","coordinates":[[[-80.13616,44.32468],[-80.13653,44.32496],[-80.13697,44.32483],[-80.1367,44.32467],[-80.13616,44.32468]]]}},{"type":"Feature","properties":{"OGF_ID":12,"DESIGNATION":"Oak Ridges Moraine Conservation Plan","EFFECTIVE_DATETIME":"2017-05-18","SYSTEM_DATETIME":"2023-12-14"},"geometry":{"type":"Polygon","coordinates":[[[-78.0678,44.2325],[-78.06868,44.23389],[-78.07336,44.23454],[-78.07371,44.23665],[-78.07254,44.2388],[-78.06871,44.24202],[-78.06839,44.24341],[-78.06965,44.2441],[-78.07164,44.24152],[-78.07482,44.24082],[-78.07777,44.23741],[-78.07888,44.23454],[-78.08284,44.22992],[-78.0871,44.22233],[-78.08749,44.22036],[-78.08674,44.21776],[-78.08747,44.21624],[-78.08992,44.21522],[-78.09393,44.21167],[-78.09718,44.20604],[-78.09508,44.20361],[-78.09288,44.20324],[-78.09063,44.20367],[-78.08468,44.20673],[-78.08418,44.20616],[-78.08515,44.20419],[-78.08879,44.20058],[-78.08824,44.1986],[-78.08873,44.18215],[-78.08996,44.17306],[-78.09112,44.17177],[-78.09082,44.17032],[-78.09215,44.16902],[-78.09256,44.16698],[-78.09198,44.1663],[-78.08958,44.16572],[-78.08966,44.16501],[-78.09106,44.16375],[-78.09484,44.1621],[-78.09609,44.1625],[-78.09769,44.16422],[-78.1006,44.1641],[-78.10115,44.16457],[-78.10053,44.16659],[-78.10202,44.16736],[-78.10652,44.16411],[-78.11666,44.16357],[-78.11918,44.16293],[-78.12032,44.16108],[-78.11922,44.15553],[-78.12007,44.15334],[-78.11656,44.1503],[-78.11663,44.14844],[-78.12087,44.14032],[-78.12162,44.14002],[-78.13072,44.14394],[-78.12944,44.14798],[-78.12602,44.1524],[-78.12614,44.15413],[-78.12793,44.15591],[-78.13423,44.15745],[-78.13841,44.15712],[-78.14835,44.15464],[-78.15504,44.15166],[-78.15582,44.15068],[-78.15569,44.1496],[-78.15435,44.14835],[-78.15126,44.14854],[-78.15081,44.14723],[-78.15654,44.13407],[-78.158,44.13327],[-78.16166,44.13332],[-78.16272,44.13361],[-78.16407,44.13578],[-78.16648,44.13556],[-78.16877,44.13451],[-78.17468,44.13627],[-78.17735,44.13606],[-78.18257,44.13397],[-78.18568,44.13163],[-78.19494,44.11507],[-78.20736,44.10406],[-78.21899,44.1056],[-78.22419,44.10727],[-78.22219,44.11231],[-78.22834,44.12182],[-78.23132,44.12041],[-78.2333,44.12076],[-78.23402,44.12213],[-78.23339,44.1224],[-78.23863,44.12151],[-78.24346,44.12246],[-78.24832,44.11714],[-78.25413,44.11305],[-78.26441,44.11168],[-78.27388,44.10951],[-78.27743,44.10623],[-78.28468,44.10273],[-78.28597,44.10098],[-78.28893,44.09972],[-78.29028,44.09989],[-78.29086,44.10071],[-78.29416,44.101],[-78.29611,44.09982],[-78.29859,44.09686],[-78.30287,44.09305],[-78.30507,44.09234],[-78.30864,44.08827],[-78.31343,44.08777],[-78.31906,44.08838],[-78.32234,44.09046],[-78.32729,44.09276],[-78.32788,44.09413],[-78.32746,44.09601],[-78.33438,44.09644],[-78.34725,44.09836],[-78.34833,44.09911],[-78.34083,44.10112],[-78.34067,44.10297],[-78.34314,44.10615],[-78.3405,44.10782],[-78.33859,44.11045],[-78.33894,44.1122],[-78.34111,44.11318],[-78.34379,44.1129],[-78.34905,44.11013],[-78.35096,44.11087],[-78.34888,44.1139],[-78.3499,44.11539],[-78.3526,44.11649],[-78.35793,44.1173],[-78.36033,44.11683],[-78.36461,44.11464],[-78.37042,44.10956],[-78.37584,44.10659],[-78.37913,44.10595],[-78.38358,44.10835],[-78.38295,44.11101],[-78.38571,44.11313],[-78.38692,44.11496],[-78.38972,44.11577],[-78.3909,44.11674],[-78.39159,44.12068],[-78.39476,44.1237],[-78.39566,44.12758],[-78.39812,44.13022],[-78.39829,44.13248],[-78.39667,44.13825],[-78.39486,44.14144],[-78.396,44.14445],[-78.39548,44.14714],[-78.39606,44.1478],[-78.39947,44.14761],[-78.40124,44.14536],[-78.40322,44.13467],[-78.40463,44.13323],[-78.40724,44.13398],[-78.40954,44.13333],[-78.41027,44.13181],[-78.40988,44.13027],[-78.41161,44.12877],[-78.41391,44.12946],[-78.4164,44.13191],[-78.41866,44.13191],[-78.42041,44.13106],[-78.42637,44.12481],[-78.42821,44.12537],[-78.42863,44.12753],[-78.4296,44.12804],[-78.42957,44.1307],[-78.4312,44.1317],[-78.43233,44.13531],[-78.4347,44.13589],[-78.4396,44.132],[-78.44111,44.13198],[-78.44203,44.13297],[-78.43998,44.13776],[-78.44275,44.14256],[-78.44265,44.14526],[-78.44072,44.14919],[-78.44078,44.14975],[-78.44184,44.14995],[-78.44394,44.14858],[-78.44673,44.14258],[-78.44735,44.13723],[-78.45316,44.13167],[-78.45346,44.12941],[-78.45648,44.12528],[-78.46233,44.12245],[-78.46647,44.11886],[-78.47,44.11733],[-78.48215,44.11484],[-78.48462,44.11537],[-78.47934,44.11894],[-78.47551,44.12255],[-78.47335,44.12686],[-78.47267,44.13054],[-78.47198,44.13128],[-78.46908,44.1314],[-78.4672,44.13241],[-78.46644,44.13476],[-78.46495,44.13567],[-78.46256,44.13941],[-78.46222,44.1412],[-78.46356,44.14369],[-78.46112,44.14553],[-78.46061,44.14807],[-78.46156,44.15056],[-78.46587,44.15582],[-78.46563,44.1569],[-78.46689,44.15816],[-78.47036,44.16013],[-78.47182,44.15978],[-78.47211,44.15903],[-78.47508,44.16052],[-78.47848,44.16078],[-78.48265,44.16476],[-78.48706,44.16628],[-78.49169,44.16268],[-78.49607,44.16184],[-78.50146,44.16186],[-78.50254,44.16112],[-78.50585,44.16063],[-78.51356,44.16193],[-78.52338,44.15997],[-78.52797,44.15972],[-78.53145,44.16246],[-78.53495,44.16315],[-78.53915,44.1569],[-78.54287,44.15517],[-78.54699,44.15712],[-78.54739,44.16162],[-78.54956,44.163],[-78.55322,44.16696],[-78.55233,44.16921],[-78.55102,44.16908],[-78.54914,44.16705],[-78.54592,44.16528],[-78.5433,44.16494],[-78.54249,44.1654],[-78.54782,44.17025],[-78.54892,44.17226],[-78.54847,44.17376],[-78.5466,44.17429],[-78.53693,44.17267],[-78.52979,44.17033],[-78.52761,44.16896],[-78.52344,44.16802],[-78.52093,44.16825],[-78.52008,44.16933],[-78.5204,44.17127],[-78.52511,44.17516],[-78.53066,44.17793],[-78.53739,44.17732],[-78.53843,44.17762],[-78.53853,44.17848],[-78.53656,44.18146],[-78.53127,44.18524],[-78.52732,44.18534],[-78.52637,44.18598],[-78.52674,44.18675],[-78.52919,44.18784],[-78.5288,44.19077],[-78.52703,44.19215],[-78.52354,44.19378],[-78.51662,44.19561],[-78.50334,44.19523],[-78.50391,44.19742],[-78.50599,44.19794],[-78.50721,44.20015],[-78.50744,44.20413],[-78.50672,44.20563],[-78.50347,44.20764],[-78.50359,44.20971],[-78.50583,44.21101],[-78.50492,44.21402],[-78.50556,44.21422],[-78.50825,44.21305],[-78.51257,44.21674],[-78.51445,44.21603],[-78.51401,44.21393],[-78.51526,44.21225],[-78.51523,44.20667],[-78.51647,44.20546],[-78.51992,44.20488],[-78.52294,44.20513],[-78.52932,44.20347],[-78.53497,44.20388],[-78.53537,44.20067],[-78.53737,44.19995],[-78.53758,44.19806],[-78.53853,44.19742],[-78.54196,44.19711],[-78.54638,44.19531],[-78.54709,44.1942],[-78.55169,44.19107],[-78.56043,44.19315],[-78.56204,44.19243],[-78.56223,44.18779],[-78.56416,44.18566],[-78.56563,44.18512],[-78.56665,44.18277],[-78.57102,44.1788],[-78.57613,44.17928],[-78.58053,44.17638],[-78.58165,44.17683],[-78.58325,44.18151],[-78.58396,44.18207],[-78.58744,44.1819],[-78.58792,44.1837],[-78.58593,44.18442],[-78.58207,44.18732],[-78.58479,44.18811],[-78.58871,44.18703],[-78.59169,44.18823],[-78.59315,44.18788],[-78.59241,44.18361],[-78.59392,44.17881],[-78.59614,44.17582],[-78.59968,44.17294],[-78.60769,44.1701],[-78.62004,44.16742],[-78.62419,44.16805],[-78.62758,44.16967],[-78.63185,44.1695],[-78.63334,44.16893],[-78.63388,44.16793],[-78.63338,44.16742],[-78.62508,44.16552],[-78.62361,44.16451],[-78.62355,44.16283],[-78.62632,44.15764],[-78.62625,44.15442],[-78.62862,44.14895],[-78.62988,44.14785],[-78.6342,44.14823],[-78.63813,44.15171],[-78.63957,44.15174],[-78.64119,44.15044],[-78.64216,44.14882],[-78.64196,44.14767],[-78.63772,44.14547],[-78.63626,44.14343],[-78.63268,44.14176],[-78.64025,44.12699],[-78.64184,44.12602],[-78.64375,44.12647],[-78.64576,44.12606],[-78.64773,44.12465],[-78.65055,44.12629],[-78.64839,44.13419],[-78.64873,44.13629],[-78.64994,44.1373],[-78.65239,44.13688],[-78.65625,44.13396],[-78.66333,44.1339],[-78.66609,44.13469],[-78.66822,44.1366],[-78.67113,44.13746],[-78.67255,44.13685],[-78.67321,44.13469],[-78.67458,44.1348],[-78.67355,44.13833],[-78.67166,44.14013],[-78.66626,44.14304],[-78.66254,44.14689],[-78.66487,44.14812],[-78.66669,44.1476],[-78.67314,44.14303],[-78.67385,44.14316],[-78.67359,44.14531],[-78.67154,44.14781],[-78.66645,44.15103],[-78.66632,44.15161],[-78.66882,44.15329],[-78.66974,44.15486],[-78.66759,44.16085],[-78.66481,44.16198],[-78.66383,44.16305],[-78.66584,44.16647],[-78.6661,44.16991],[-78.66669,44.17064],[-78.66878,44.17099],[-78.66998,44.16994],[-78.67193,44.16474],[-78.67456,44.15447],[-78.67919,44.14518],[-78.67843,44.14093],[-78.67998,44.13738],[-78.68272,44.13527],[-78.68911,44.13284],[-78.69102,44.13292],[-78.69645,44.13471],[-78.69808,44.13399],[-78.70202,44.13373],[-78.70163,44.12954],[-78.70247,44.12842],[-78.7024,44.12512],[-78.70378,44.12097],[-78.69879,44.11701],[-78.69832,44.11483],[-78.69924,44.11263],[-78.70836,44.11016],[-78.71226,44.10819],[-78.71322,44.10873],[-78.71381,44.11298],[-78.71543,44.11404],[-78.71923,44.11507],[-78.71968,44.11601],[-78.73698,44.10799],[-78.74128,44.10814],[-78.7424,44.10757],[-78.74466,44.10449],[-78.74279,44.10173],[-78.74301,44.09715],[-78.74904,44.08666],[-78.74939,44.08472],[-78.74817,44.08048],[-78.74883,44.07899],[-78.75538,44.07686],[-78.75997,44.07839],[-78.7621,44.08573],[-78.76527,44.08632],[-78.76612,44.09457],[-78.76832,44.09585],[-78.77039,44.09609],[-78.77278,44.0953],[-78.77619,44.09063],[-78.78115,44.08849],[-78.78116,44.08735],[-78.77705,44.08537],[-78.77777,44.07863],[-78.77859,44.07714],[-78.78241,44.07739],[-78.78362,44.08175],[-78.78552,44.08211],[-78.78697,44.08098],[-78.78942,44.07652],[-78.79069,44.07573],[-78.7918,44.07586],[-78.79243,44.07632],[-78.79255,44.07918],[-78.79521,44.08309],[-78.79657,44.08814],[-78.79489,44.09511],[-78.79229,44.0991],[-78.79341,44.09957],[-78.79516,44.09866],[-78.79792,44.09514],[-78.80039,44.08816],[-78.806,44.08454],[-78.80661,44.07447],[-78.80777,44.07047],[-78.8089,44.0691],[-78.81033,44.06922],[-78.81079,44.0706],[-78.8143,44.06994],[-78.8165,44.07091],[-78.8283,44.06843],[-78.83402,44.06949],[-78.83562,44.06802],[-78.83721,44.06791],[-78.83525,44.07213],[-78.83554,44.07488],[-78.83742,44.07719],[-78.84092,44.07767],[-78.84188,44.0771],[-78.84561,44.07014],[-78.85077,44.0641],[-78.8535,44.06263],[-78.85987,44.06153],[-78.86541,44.06305],[-78.86922,44.0633],[-78.87047,44.06548],[-78.86743,44.06764],[-78.8648,44.07053],[-78.862,44.06955],[-78.86008,44.07046],[-78.85942,44.07229],[-78.8553,44.07135],[-78.85401,44.07226],[-78.85335,44.07465],[-78.85428,44.07626],[-78.85776,44.078],[-78.85996,44.08031],[-78.86023,44.0842],[-78.86356,44.08525],[-78.8669,44.08505],[-78.86898,44.0838],[-78.86566,44.08217],[-78.86551,44.08149],[-78.86966,44.08106],[-78.87062,44.08003],[-78.86968,44.07865],[-78.86524,44.07782],[-78.86476,44.07724],[-78.86971,44.07647],[-78.8694,44.07487],[-78.86719,44.07417],[-78.87168,44.0711],[-78.87509,44.06471],[-78.8825,44.05571],[-78.88268,44.05468],[-78.88063,44.05261],[-78.88113,44.05124],[-78.88526,44.05149],[-78.88765,44.05059],[-78.88844,44.05117],[-78.88826,44.05277],[-78.88905,44.05312],[-78.89399,44.05269],[-78.90303,44.05343],[-78.9091,44.05117],[-78.91228,44.05073],[-78.91529,44.05235],[-78.91873,44.05764],[-78.92131,44.05307],[-78.92227,44.05343],[-78.9224,44.05594],[-78.92961,44.05106],[-78.93216,44.05061],[-78.93642,44.05259],[-78.93971,44.05787],[-78.94161,44.05857],[-78.94256,44.05823],[-78.94371,44.05515],[-78.94773,44.05105],[-78.95272,44.04397],[-78.958,44.04045],[-78.96852,44.0381],[-78.97962,44.04057],[-78.98801,44.04347],[-78.99198,44.04418],[-78.99339,44.04545],[-78.9932,44.04888],[-78.99414,44.05037],[-78.99897,44.05075],[-79.00053,44.04893],[-79.00204,44.04864],[-79.00599,44.05119],[-79.01017,44.05513],[-79.01393,44.05595],[-79.01934,44.05833],[-79.02444,44.0584],[-79.02591,44.06017],[-79.02808,44.06094],[-79.02728,44.06538],[-79.02781,44.06553],[-79.02822,44.06565],[-79.02989,44.06456],[-79.0308,44.06517],[-79.033,44.07007],[-79.03943,44.07156],[-79.04454,44.07359],[-79.04465,44.07875],[-79.04573,44.08143],[-79.04374,44.08698],[-79.04402,44.08756],[-79.04679,44.08674],[-79.0477,44.08735],[-79.04804,44.09379],[-79.04913,44.09405],[-79.05255,44.09315],[-79.05729,44.09596],[-79.05976,44.0949],[-79.06073,44.09253],[-79.06227,44.09098],[-79.06542,44.09155],[-79.06793,44.09439],[-79.06745,44.10103],[-79.06982,44.10363],[-79.07138,44.10415],[-79.07347,44.10388],[-79.079,44.10018],[-79.08209,44.09926],[-79.08704,44.09921],[-79.0947,44.10143],[-79.09771,44.10177],[-79.09922,44.10068],[-79.09993,44.09737],[-79.10207,44.09642],[-79.11702,44.09925],[-79.11816,44.10124],[-79.12122,44.10307],[-79.12742,44.101],[-79.13723,44.10215],[-79.1437,44.10089],[-79.14911,44.10108],[-79.14993,44.10306],[-79.14981,44.10707],[-79.15306,44.11074],[-79.15476,44.11837],[-79.15424,44.12122],[-79.14957,44.13092],[-79.15029,44.13198],[-79.1527,44.13183],[-79.15551,44.13033],[-79.15662,44.1236],[-79.15728,44.12328],[-79.1584,44.1255],[-79.15868,44.13067],[-79.16241,44.12988],[-79.16274,44.12737],[-79.15816,44.11987],[-79.15853,44.1169],[-79.16153,44.11287],[-79.16561,44.11153],[-79.16878,44.11175],[-79.17524,44.11519],[-79.18212,44.11727],[-79.18243,44.11281],[-79.18821,44.10773],[-79.19586,44.10319],[-79.2076,44.09947],[-79.21483,44.09869],[-79.22024,44.09888],[-79.2311,44.10098],[-79.23717,44.10314],[-79.24143,44.10386],[-79.24288,44.10368],[-79.24459,44.1019],[-79.24739,44.10063],[-79.24768,44.1035],[-79.25083,44.10636],[-79.25378,44.1075],[-79.25705,44.10635],[-79.26291,44.09989],[-79.26652,44.09841],[-79.26909,44.09816],[-79.28146,44.10157],[-79.28418,44.10372],[-79.28644,44.10805],[-79.29158,44.10983],[-79.29267,44.11261],[-79.29454,44.11337],[-79.30369,44.11242],[-79.3079,44.10683],[-79.31082,44.10842],[-79.31659,44.11033],[-79.31945,44.11295],[-79.32112,44.11645],[-79.3211,44.1192],[-79.31664,44.12387],[-79.31481,44.12736],[-79.31247,44.13359],[-79.3134,44.13649],[-79.31952,44.13785],[-79.32568,44.14127],[-79.32746,44.14098],[-79.3303,44.13913],[-79.33272,44.13863],[-79.3349,44.14422],[-79.3365,44.15127],[-79.33488,44.1683],[-79.33328,44.17306],[-79.32688,44.1803],[-79.3245,44.18481],[-79.32508,44.18816],[-79.32849,44.18976],[-79.33043,44.18926],[-79.33378,44.18696],[-79.3417,44.1784],[-79.3418,44.17461],[-79.33984,44.16813],[-79.34287,44.161],[-79.34486,44.15992],[-79.34906,44.16155],[-79.35453,44.16082],[-79.35742,44.15828],[-79.36027,44.15379],[-79.36047,44.15322],[-79.35923,44.15272],[-79.35192,44.15224],[-79.3509,44.15072],[-79.35387,44.14451],[-79.3545,44.13983],[-79.35734,44.13557],[-79.35865,44.13504],[-79.36058,44.13476],[-79.36224,44.1363],[-79.37165,44.13868],[-79.37421,44.13865],[-79.37975,44.137],[-79.38117,44.13717],[-79.38331,44.13862],[-79.38759,44.13899],[-79.38763,44.14082],[-79.39079,44.14139],[-79.39103,44.14243],[-79.38652,44.1456],[-79.38448,44.1499],[-79.38153,44.15094],[-79.38147,44.15197],[-79.38269,44.1527],[-79.39554,44.15634],[-79.3966,44.15477],[-79.39635,44.15144],[-79.39698,44.15146],[-79.40077,44.15456],[-79.40798,44.15664],[-79.40913,44.15851],[-79.40904,44.15988],[-79.41043,44.1605],[-79.41079,44.16235],[-79.41157,44.16261],[-79.41369,44.16199],[-79.41489,44.16076],[-79.41962,44.1592],[-79.42026,44.1567],[-79.41938,44.15564],[-79.413,44.15555],[-79.41003,44.15453],[-79.40854,44.15287],[-79.40662,44.1457],[-79.4027,44.13743],[-79.4003,44.13746],[-79.39672,44.1409],[-79.3956,44.14097],[-79.39576,44.13627],[-79.39324,44.13574],[-79.39386,44.13346],[-79.39349,44.12943],[-79.39495,44.12401],[-79.39466,44.12133],[-79.39372,44.12118],[-79.38855,44.12445],[-79.38759,44.12454],[-79.38556,44.1236],[-79.38193,44.12331],[-79.38423,44.11754],[-79.38175,44.11402],[-79.38243,44.11083],[-79.38358,44.11041],[-79.38818,44.11079],[-79.39357,44.10902],[-79.39721,44.10937],[-79.40454,44.10216],[-79.40632,44.10176],[-79.40834,44.10263],[-79.40917,44.1022],[-79.40831,44.09816],[-79.40931,44.09521],[-79.40706,44.09054],[-79.40396,44.08677],[-79.39893,44.08328],[-79.39664,44.08412],[-79.39418,44.08759],[-79.39065,44.08793],[-79.38864,44.08947],[-79.38537,44.09063],[-79.37801,44.08866],[-79.37288,44.08654],[-79.35136,44.08421],[-79.34905,44.08299],[-79.34705,44.07948],[-79.34941,44.07761],[-79.34944,44.07463],[-79.34703,44.07018],[-79.34311,44.06684],[-79.34272,44.06557],[-79.34355,44.06514],[-79.34639,44.06558],[-79.34676,44.06479],[-79.33904,44.05867],[-79.33763,44.05576],[-79.33814,44.05544],[-79.34341,44.05768],[-79.34658,44.0556],[-79.34956,44.05616],[-79.35056,44.05551],[-79.35063,44.05459],[-79.34638,44.05135],[-79.34887,44.04983],[-79.34895,44.04868],[-79.33952,44.03954],[-79.33839,44.03743],[-79.33837,44.03526],[-79.33922,44.03448],[-79.34164,44.03399],[-79.35045,44.03325],[-79.35711,44.029],[-79.35933,44.02679],[-79.36014,44.02176],[-79.36482,44.01848],[-79.36697,44.01489],[-79.36879,44.01391],[-79.3715,44.01378],[-79.37481,44.01434],[-79.37948,44.01347],[-79.38206,44.01539],[-79.38429,44.01547],[-79.38392,44.01132],[-79.3879,44.00893],[-79.38827,44.00814],[-79.38245,44.00474],[-79.38192,44.003],[-79.38275,44.00245],[-79.38703,44.00294],[-79.3895,44.00405],[-79.39219,44.00666],[-79.39891,44.01113],[-79.40489,44.01706],[-79.40723,44.01772],[-79.40751,44.01748],[-79.40943,44.01584],[-79.40968,44.00954],[-79.41203,44.00526],[-79.41346,44.00531],[-79.415,44.00845],[-79.41656,44.00897],[-79.41931,44.00837],[-79.42323,44.00448],[-79.43103,43.99916],[-79.43491,43.99816],[-79.44178,43.99815],[-79.44529,43.99734],[-79.45338,43.99119],[-79.45822,43.98568],[-79.46059,43.98433],[-79.46309,43.98396],[-79.46659,43.98431],[-79.47286,43.98683],[-79.47801,43.98997],[-79.47989,43.99231],[-79.48192,43.99672],[-79.48243,44.00133],[-79.48124,44.0136],[-79.48269,44.02515],[-79.48492,44.03011],[-79.49103,44.03581],[-79.49352,44.04078],[-79.50462,44.04999],[-79.5068,44.0509],[-79.51574,44.05296],[-79.52194,44.05606],[-79.52718,44.05709],[-79.53163,44.05663],[-79.5526,44.05214],[-79.5661,44.04788],[-79.59278,44.03615],[-79.6061,44.02741],[-79.61117,44.02155],[-79.61592,44.01179],[-79.61749,44.00468],[-79.61695,43.99912],[-79.61848,43.99392],[-79.62124,43.98945],[-79.62549,43.98537],[-79.6301,43.98148],[-79.63391,43.97946],[-79.63983,43.97812],[-79.65509,43.97754],[-79.65905,43.97851],[-79.66046,43.9815],[-79.66246,43.9818],[-79.67154,43.97861],[-79.68627,43.97928],[-79.69279,43.97821],[-79.70005,43.97796],[-79.70419,43.97991],[-79.70847,43.98061],[-79.71615,43.97821],[-79.72016,43.97876],[-79.72351,43.9811],[-79.72824,43.98323],[-79.73987,43.99217],[-79.74062,43.99394],[-79.73931,43.99627],[-79.73836,43.99679],[-79.73753,43.99724],[-79.73771,43.99815],[-79.74712,43.99673],[-79.75061,43.99737],[-79.75357,43.99883],[-79.75449,44.00112],[-79.7513,44.00412],[-79.75103,44.00531],[-79.75639,44.00824],[-79.7593,44.01193],[-79.76121,44.01322],[-79.76305,44.01379],[-79.76725,44.01346],[-79.77193,44.01387],[-79.77453,44.01273],[-79.77761,44.00921],[-79.78006,44.00836],[-79.78558,44.00992],[-79.79813,44.01598],[-79.80475,44.01769],[-79.81209,44.02082],[-79.81527,44.02151],[-79.81958,44.02408],[-79.82108,44.02657],[-79.82168,44.02946],[-79.82098,44.03145],[-79.81872,44.033],[-79.82077,44.03387],[-79.82304,44.03388],[-79.83158,44.03207],[-79.83952,44.03191],[-79.84134,44.03065],[-79.84528,44.02433],[-79.85409,44.02139],[-79.86156,44.02307],[-79.87008,44.02673],[-79.88868,44.03145],[-79.90204,44.03722],[-79.90187,44.03933],[-79.90305,44.0428],[-79.90038,44.04733],[-79.90055,44.04906],[-79.90557,44.05401],[-79.90915,44.05558],[-79.91127,44.05442],[-79.91666,44.04764],[-79.92216,44.04282],[-79.93378,44.0374],[-79.93707,44.03526],[-79.93911,44.03284],[-79.93982,44.03005],[-79.93607,44.02443],[-79.93923,44.02265],[-79.94401,44.02124],[-79.95584,44.01292],[-79.95995,44.01175],[-79.96202,44.01003],[-79.96567,44.00846],[-79.97357,44.00913],[-79.97747,44.00761],[-79.98112,44.00797],[-79.98295,44.0068],[-79.9746,43.97482],[-79.96637,43.97657],[-79.96502,43.97132],[-79.95668,43.97314],[-79.95627,43.97153],[-79.9511,43.95145],[-79.93588,43.95476],[-79.91135,43.93689],[-79.90931,43.93604],[-79.90824,43.93472],[-79.89307,43.92359],[-79.89827,43.91903],[-79.88191,43.90703],[-79.89253,43.89772],[-79.88836,43.89461],[-79.8937,43.88986],[-79.87954,43.87946],[-79.87774,43.8781],[-79.88286,43.87386],[-79.88337,43.87417],[-79.89887,43.85942],[-79.92107,43.84019],[-79.93162,43.83039],[-79.91753,43.82001],[-79.91562,43.81861],[-79.92441,43.81055],[-79.92237,43.81242],[-79.91733,43.81237],[-79.9073,43.80998],[-79.90229,43.81109],[-79.89821,43.81463],[-79.89428,43.82224],[-79.89128,43.82275],[-79.88947,43.82525],[-79.89022,43.82544],[-79.88858,43.82614],[-79.88424,43.82536],[-79.87981,43.82304],[-79.88136,43.82072],[-79.88399,43.82039],[-79.88885,43.81523],[-79.8926,43.80987],[-79.89239,43.80852],[-79.88806,43.80747],[-79.88543,43.80771],[-79.88115,43.81432],[-79.87837,43.81599],[-79.87693,43.81868],[-79.87356,43.81881],[-79.87268,43.81943],[-79.87554,43.82425],[-79.87979,43.82872],[-79.88092,43.83288],[-79.87927,43.83439],[-79.87265,43.83476],[-79.87062,43.83635],[-79.87311,43.85081],[-79.87263,43.85982],[-79.87131,43.8626],[-79.86801,43.86508],[-79.86145,43.86778],[-79.85707,43.86835],[-79.85248,43.86739],[-79.85006,43.86474],[-79.85118,43.8598],[-79.85727,43.85132],[-79.86119,43.84406],[-79.86188,43.84155],[-79.86104,43.84028],[-79.85653,43.84139],[-79.84947,43.84473],[-79.82618,43.86224],[-79.82315,43.86382],[-79.82215,43.86363],[-79.82147,43.86154],[-79.82159,43.85671],[-79.82169,43.85307],[-79.82022,43.84755],[-79.81616,43.84533],[-79.81417,43.8453],[-79.8124,43.84618],[-79.81046,43.84877],[-79.80857,43.85433],[-79.80714,43.85629],[-79.80285,43.85821],[-79.80131,43.85972],[-79.80086,43.8626],[-79.8024,43.8656],[-79.80387,43.86643],[-79.80598,43.86691],[-79.81573,43.86615],[-79.81495,43.86722],[-79.80438,43.87564],[-79.78623,43.88719],[-79.78306,43.89004],[-79.7664,43.90502],[-79.75583,43.9128],[-79.74953,43.91496],[-79.74578,43.915],[-79.74572,43.91292],[-79.74324,43.91235],[-79.74173,43.90844],[-79.73865,43.90678],[-79.73885,43.90417],[-79.73361,43.90418],[-79.73079,43.90224],[-79.72767,43.9022],[-79.72619,43.90163],[-79.72332,43.90186],[-79.71553,43.89913],[-79.70909,43.89777],[-79.7082,43.89812],[-79.70828,43.89974],[-79.71246,43.9108],[-79.71308,43.91099],[-79.71387,43.90929],[-79.71286,43.90125],[-79.71365,43.89955],[-79.7202,43.9019],[-79.7252,43.90586],[-79.7246,43.90945],[-79.72836,43.9132],[-79.72976,43.91675],[-79.72895,43.9189],[-79.72628,43.92066],[-79.72364,43.92134],[-79.71739,43.92161],[-79.68743,43.91745],[-79.65828,43.91538],[-79.63705,43.91613],[-79.62889,43.91763],[-79.62239,43.91789],[-79.58876,43.91176],[-79.5866,43.91316],[-79.58653,43.91533],[-79.59142,43.92271],[-79.5929,43.92751],[-79.5921,43.93309],[-79.59076,43.93613],[-79.58733,43.93815],[-79.57479,43.93966],[-79.56873,43.94217],[-79.56536,43.94221],[-79.56182,43.93926],[-79.55952,43.92904],[-79.55344,43.91983],[-79.55264,43.91757],[-79.55256,43.91529],[-79.55244,43.91179],[-79.55113,43.90988],[-79.54768,43.90847],[-79.5386,43.9076],[-79.52772,43.9003],[-79.5201,43.89665],[-79.51369,43.89032],[-79.51191,43.88371],[-79.5127,43.86668],[-79.51149,43.86152],[-79.50299,43.85038],[-79.49551,43.84356],[-79.49126,43.84045],[-79.48747,43.83894],[-79.48255,43.83996],[-79.47792,43.84317],[-79.47242,43.85487],[-79.46784,43.87004],[-79.46606,43.87348],[-79.46538,43.87843],[-79.46093,43.87829],[-79.4573,43.87679],[-79.45635,43.87724],[-79.45871,43.87955],[-79.45948,43.88185],[-79.46343,43.88313],[-79.46374,43.88394],[-79.46073,43.88324],[-79.45945,43.88438],[-79.45819,43.88369],[-79.45375,43.88333],[-79.44977,43.88447],[-79.44883,43.88377],[-79.44724,43.88411],[-79.44645,43.88331],[-79.44582,43.88331],[-79.44517,43.88434],[-79.44609,43.88779],[-79.44448,43.88974],[-79.44479,43.89135],[-79.44304,43.89111],[-79.44161,43.8918],[-79.43902,43.89685],[-79.43567,43.89879],[-79.43246,43.90211],[-79.42912,43.90302],[-79.42641,43.90451],[-79.42463,43.90749],[-79.41922,43.90942],[-79.4192,43.90942],[-79.41811,43.90931],[-79.41766,43.90876],[-79.41716,43.90815],[-79.41574,43.90838],[-79.41542,43.90746],[-79.41336,43.9078],[-79.41226,43.90664],[-79.41115,43.90687],[-79.41002,43.90859],[-79.41001,43.90985],[-79.41254,43.91055],[-79.41204,43.91193],[-79.40904,43.91111],[-79.4076,43.91203],[-79.4076,43.91295],[-79.40916,43.91491],[-79.40895,43.91529],[-79.40786,43.91732],[-79.40709,43.91582],[-79.40629,43.9157],[-79.40295,43.91684],[-79.3993,43.91671],[-79.39596,43.91762],[-79.39387,43.91945],[-79.39545,43.9205],[-79.39512,43.92129],[-79.39244,43.91945],[-79.38926,43.92059],[-79.38829,43.92185],[-79.38719,43.92092],[-79.38576,43.92091],[-79.38616,43.92851],[-79.38551,43.92941],[-79.38297,43.92941],[-79.38079,43.92573],[-79.3792,43.92549],[-79.37474,43.92766],[-79.37409,43.92892],[-79.37423,43.93076],[-79.37659,43.9318],[-79.37737,43.93341],[-79.37641,43.93353],[-79.37405,43.93202],[-79.37134,43.9327],[-79.36994,43.93051],[-79.36916,43.93041],[-79.3688,43.93326],[-79.36704,43.93452],[-79.36795,43.9374],[-79.36512,43.9352],[-79.36507,43.94003],[-79.36335,43.93704],[-79.36433,43.93497],[-79.36291,43.93404],[-79.36226,43.9328],[-79.36183,43.93197],[-79.36439,43.92968],[-79.36693,43.92946],[-79.36567,43.92843],[-79.36617,43.92693],[-79.36522,43.92647],[-79.36029,43.92759],[-79.35882,43.93058],[-79.35533,43.93126],[-79.35308,43.9332],[-79.35307,43.93389],[-79.3564,43.93437],[-79.35512,43.93482],[-79.35573,43.93735],[-79.36062,43.94036],[-79.36379,43.94095],[-79.36378,43.94152],[-79.36251,43.94198],[-79.35585,43.94114],[-79.34965,43.94146],[-79.34964,43.9425],[-79.35168,43.94434],[-79.35533,43.94459],[-79.35611,43.94632],[-79.35497,43.94861],[-79.35605,43.95092],[-79.35289,43.95033],[-79.3516,43.95147],[-79.35195,43.94906],[-79.34925,43.94824],[-79.34428,43.95305],[-79.34381,43.95271],[-79.34594,43.94685],[-79.34323,43.94684],[-79.34324,43.94604],[-79.34214,43.9458],[-79.34167,43.94477],[-79.33832,43.94602],[-79.33733,43.94934],[-79.33479,43.94933],[-79.33401,43.94784],[-79.331,43.94783],[-79.32753,43.94574],[-79.32692,43.94355],[-79.32772,43.94252],[-79.33123,43.94207],[-79.33013,43.94092],[-79.32076,43.94088],[-79.31868,43.94179],[-79.31771,43.94351],[-79.32198,43.94502],[-79.3237,43.94768],[-79.32019,43.94835],[-79.32219,43.954],[-79.31966,43.95306],[-79.31936,43.95145],[-79.3181,43.95007],[-79.31838,43.95363],[-79.31727,43.95374],[-79.31538,43.95247],[-79.31265,43.9551],[-79.31058,43.95521],[-79.31073,43.95647],[-79.30992,43.95751],[-79.30897,43.95693],[-79.30918,43.95261],[-79.30586,43.95197],[-79.30521,43.95277],[-79.30155,43.95355],[-79.29901,43.9532],[-79.2974,43.95446],[-79.29691,43.95641],[-79.29769,43.95756],[-79.30021,43.95861],[-79.29957,43.95918],[-79.29796,43.9583],[-79.29482,43.95824],[-79.29422,43.95559],[-79.28821,43.95327],[-79.2844,43.95244],[-79.2801,43.95369],[-79.27883,43.95356],[-79.28092,43.95197],[-79.27919,43.95104],[-79.27889,43.94954],[-79.27665,43.94999],[-79.27383,43.94745],[-79.27266,43.94702],[-79.27193,43.94675],[-79.27097,43.94744],[-79.27095,43.94859],[-79.26758,43.95179],[-79.26628,43.95454],[-79.26565,43.95339],[-79.26423,43.95269],[-79.26664,43.95121],[-79.26645,43.95059],[-79.26603,43.94914],[-79.26668,43.94753],[-79.26955,43.94651],[-79.2702,43.94571],[-79.26927,43.94398],[-79.26404,43.94292],[-79.26313,43.94304],[-79.26149,43.94325],[-79.25862,43.94473],[-79.25875,43.94703],[-79.25671,43.94518],[-79.2548,43.94494],[-79.25165,43.94343],[-79.2491,43.94457],[-79.24592,43.94398],[-79.24546,43.94329],[-79.24706,43.94226],[-79.24628,43.94088],[-79.24853,43.93916],[-79.24855,43.93774],[-79.24726,43.93666],[-79.24604,43.9357],[-79.24508,43.93581],[-79.24443,43.93673],[-79.24318,43.9358],[-79.24126,43.93649],[-79.2408,43.9351],[-79.23542,43.93392],[-79.23429,43.93484],[-79.23441,43.93829],[-79.23964,43.93912],[-79.2425,43.9389],[-79.24374,43.94121],[-79.24371,43.94362],[-79.2414,43.94212],[-79.24023,43.94211],[-79.23873,43.94705],[-79.23685,43.94554],[-79.23478,43.94587],[-79.23258,43.94449],[-79.23049,43.94666],[-79.22825,43.94756],[-79.22821,43.9509],[-79.23084,43.95563],[-79.228,43.954],[-79.22802,43.95274],[-79.22357,43.95318],[-79.22089,43.95144],[-79.21785,43.95349],[-79.21851,43.95154],[-79.21724,43.95107],[-79.21518,43.95141],[-79.21325,43.95243],[-79.21027,43.953],[-79.2097,43.95315],[-79.20766,43.95516],[-79.20833,43.95252],[-79.20594,43.95274],[-79.20357,43.95215],[-79.20182,43.9526],[-79.19893,43.95465],[-79.19591,43.95464],[-79.19415,43.95601],[-79.19208,43.95611],[-79.18968,43.95736],[-79.18885,43.95931],[-79.18932,43.96024],[-79.19262,43.96232],[-79.19258,43.96577],[-79.18978,43.9615],[-79.18678,43.96045],[-79.18286,43.95675],[-79.18142,43.95709],[-79.18312,43.96055],[-79.18148,43.96456],[-79.17971,43.96616],[-79.18073,43.96134],[-79.17949,43.95903],[-79.17759,43.95856],[-79.17694,43.95902],[-79.17613,43.96108],[-79.17582,43.9605],[-79.17517,43.96084],[-79.17371,43.96337],[-79.17216,43.96037],[-79.17012,43.95932],[-79.16931,43.96024],[-79.16975,43.96277],[-79.16912,43.96161],[-79.16833,43.96161],[-79.16482,43.96286],[-79.1642,43.96204],[-79.16198,43.9618],[-79.16278,43.96077],[-79.16104,43.96019],[-79.16106,43.95915],[-79.15886,43.95822],[-79.15809,43.95615],[-79.15699,43.9558],[-79.14739,43.96],[-79.14672,43.96206],[-79.14719,43.96275],[-79.14622,43.96367],[-79.14747,43.96505],[-79.14334,43.96537],[-79.14425,43.96791],[-79.14283,43.96733],[-79.14172,43.96755],[-79.14079,43.9657],[-79.13999,43.96616],[-79.1398,43.968],[-79.13739,43.96982],[-79.13855,43.9673],[-79.13776,43.96684],[-79.12728,43.96654],[-79.12208,43.96352],[-79.12143,43.96478],[-79.1184,43.965],[-79.11758,43.96706],[-79.11647,43.96636],[-79.11634,43.96521],[-79.11365,43.96416],[-79.11216,43.96795],[-79.10976,43.96908],[-79.11042,43.96724],[-79.10965,43.96609],[-79.10661,43.96745],[-79.10518,43.96732],[-79.1045,43.97008],[-79.10273,43.97145],[-79.09826,43.97291],[-79.09617,43.97485],[-79.09821,43.97625],[-79.10218,43.97673],[-79.10296,43.97754],[-79.10598,43.97767],[-79.10499,43.97974],[-79.11003,43.98253],[-79.10985,43.98391],[-79.11096,43.98414],[-79.11126,43.98518],[-79.1073,43.98458],[-79.1043,43.98295],[-79.10366,43.98341],[-79.10395,43.98536],[-79.09727,43.98555],[-79.09407,43.98737],[-79.09526,43.99186],[-79.0932,43.99151],[-79.09117,43.98988],[-79.08972,43.99114],[-79.08797,43.99078],[-79.08703,43.98985],[-79.08575,43.99054],[-79.0837,43.98949],[-79.08146,43.99028],[-79.08065,43.99165],[-79.07873,43.99222],[-79.07598,43.9953],[-79.07454,43.99587],[-79.07382,43.9915],[-79.07287,43.99114],[-79.07232,43.99294],[-79.07103,43.99711],[-79.0704,43.99653],[-79.07074,43.9955],[-79.06834,43.99617],[-79.06755,43.99571],[-79.0703,43.99262],[-79.071,43.98884],[-79.06778,43.99122],[-79.06715,43.99099],[-79.06813,43.98893],[-79.06655,43.98834],[-79.0648,43.98913],[-79.06237,43.99153],[-79.0538,43.99124],[-79.04868,43.99293],[-79.04679,43.99234],[-79.04747,43.9889],[-79.04641,43.98648],[-79.04196,43.98645],[-79.03987,43.98724],[-79.03825,43.98942],[-79.0365,43.9894],[-79.03357,43.99409],[-79.03296,43.99225],[-79.03075,43.99143],[-79.03048,43.98856],[-79.02922,43.98763],[-79.02811,43.9875],[-79.02587,43.98875],[-79.02273,43.9862],[-79.01951,43.98871],[-79.01939,43.98652],[-79.0186,43.98652],[-79.016,43.98949],[-79.01799,43.99376],[-79.01956,43.99515],[-79.01637,43.99593],[-79.01361,43.99924],[-79.01191,43.99659],[-79.00906,43.99564],[-79.00603,43.99643],[-79.00047,43.99627],[-78.99921,43.99838],[-78.99708,43.99803],[-78.99072,43.99941],[-78.98887,44.00328],[-78.98748,43.99996],[-78.98881,43.9959],[-78.98731,43.99572],[-78.98423,43.99988],[-78.986,44.00407],[-78.98471,44.00647],[-78.98361,44.00578],[-78.98329,44.00612],[-78.98387,44.01116],[-78.98322,44.01264],[-78.98243,44.0123],[-78.98167,44.00874],[-78.98026,44.00748],[-78.98138,44.00588],[-78.98044,44.0045],[-78.97871,44.00346],[-78.97583,44.0047],[-78.97567,44.00528],[-78.97724,44.00654],[-78.9766,44.0078],[-78.97453,44.00836],[-78.9739,44.00744],[-78.97475,44.00607],[-78.97503,44.00562],[-78.97361,44.00515],[-78.96963,44.00559],[-78.9706,44.00388],[-78.96949,44.00353],[-78.96904,44.00181],[-78.96314,44.00429],[-78.96279,44.00612],[-78.96136,44.00669],[-78.96118,44.00909],[-78.96009,44.00749],[-78.95974,44.01],[-78.95911,44.00977],[-78.95882,44.00725],[-78.95596,44.00678],[-78.95165,44.00916],[-78.95322,44.01088],[-78.95147,44.0119],[-78.95161,44.01271],[-78.95398,44.01455],[-78.95379,44.01719],[-78.95315,44.01753],[-78.95221,44.01603],[-78.9511,44.01626],[-78.94983,44.01567],[-78.94902,44.01705],[-78.94791,44.01727],[-78.94827,44.01395],[-78.94971,44.01223],[-78.94893,44.01086],[-78.94687,44.01074],[-78.94831,44.00971],[-78.94752,44.00879],[-78.94673,44.00844],[-78.94371,44.009],[-78.94307,44.01026],[-78.94228,44.00945],[-78.94084,44.01036],[-78.94036,44.0099],[-78.93909,44.01058],[-78.93798,44.01023],[-78.93716,44.01263],[-78.94031,44.01494],[-78.93573,44.01297],[-78.93461,44.01341],[-78.9357,44.01548],[-78.93518,44.01903],[-78.9328,44.01959],[-78.93006,44.02289],[-78.93057,44.02026],[-78.93376,44.01799],[-78.93396,44.01524],[-78.9332,44.01502],[-78.93172,44.01603],[-78.92997,44.01614],[-78.93158,44.01489],[-78.93003,44.01156],[-78.92827,44.01201],[-78.92781,44.0112],[-78.92668,44.01211],[-78.92558,44.01154],[-78.92507,44.01393],[-78.92363,44.01496],[-78.92366,44.01244],[-78.9224,44.01129],[-78.92145,44.0114],[-78.92096,44.01276],[-78.91969,44.01241],[-78.91857,44.01344],[-78.91827,44.01161],[-78.91716,44.01183],[-78.91667,44.01263],[-78.91573,44.01171],[-78.91443,44.01388],[-78.91489,44.01571],[-78.91315,44.01513],[-78.91121,44.0182],[-78.91058,44.01752],[-78.91091,44.01649],[-78.91268,44.01444],[-78.91256,44.01089],[-78.91128,44.01191],[-78.90954,44.0111],[-78.90906,44.01155],[-78.90885,44.01544],[-78.90821,44.01613],[-78.90683,44.01223],[-78.90382,44.01107],[-78.90112,44.01174],[-78.9,44.01127],[-78.89856,44.01241],[-78.89682,44.01251],[-78.89697,44.01355],[-78.89487,44.01617],[-78.89467,44.01949],[-78.89372,44.01959],[-78.89343,44.01753],[-78.89243,44.02119],[-78.89164,44.0213],[-78.89186,44.01592],[-78.89283,44.01421],[-78.89255,44.01066],[-78.89064,44.01064],[-78.88903,44.0127],[-78.88746,44.01131],[-78.88297,44.01541],[-78.88218,44.0146],[-78.88236,44.01334],[-78.88088,44.01369],[-78.88088,44.01369],[-78.87997,44.0139],[-78.87997,44.01333],[-78.88781,44.00857],[-78.88662,44.00792],[-78.88481,44.00695],[-78.88388,44.00534],[-78.87956,44.00783],[-78.87714,44.01091],[-78.87666,44.01055],[-78.87635,44.01033],[-78.8738,44.01134],[-78.87637,44.00895],[-78.87816,44.00507],[-78.87593,44.00621],[-78.87579,44.00449],[-78.87165,44.00503],[-78.87245,44.00412],[-78.87659,44.00358],[-78.87771,44.00278],[-78.87423,44.0015],[-78.87295,44.00229],[-78.87168,44.00194],[-78.87103,44.00366],[-78.87041,44.00239],[-78.86895,44.00536],[-78.86815,44.0057],[-78.86768,44.00512],[-78.86898,44.00284],[-78.87186,44.0008],[-78.87187,44.0],[-78.8698,44.00021],[-78.86836,44.00158],[-78.86772,44.00146],[-78.86695,44.00008],[-78.8675,43.99891],[-78.86586,43.99801],[-78.86805,43.99115],[-78.86804,43.99007],[-78.86716,43.98944],[-78.86384,43.99422],[-78.86209,43.99532],[-78.86282,43.99278],[-78.86406,43.99215],[-78.86504,43.9898],[-78.86319,43.98849],[-78.86227,43.98783],[-78.86323,43.9835],[-78.86272,43.98251],[-78.8606,43.9826],[-78.85961,43.98396],[-78.86001,43.98666],[-78.85801,43.98622],[-78.85677,43.98703],[-78.85501,43.98649],[-78.85403,43.98803],[-78.8496,43.98281],[-78.84823,43.98272],[-78.84712,43.98417],[-78.84716,43.98778],[-78.84627,43.98715],[-78.84524,43.98346],[-78.84424,43.98309],[-78.84149,43.98365],[-78.84136,43.98247],[-78.83909,43.98005],[-78.83648,43.98168],[-78.83466,43.98808],[-78.83379,43.9888],[-78.83267,43.98853],[-78.83052,43.98656],[-78.82965,43.98692],[-78.82991,43.98791],[-78.82904,43.98882],[-78.82566,43.98801],[-78.82477,43.98585],[-78.82351,43.98495],[-78.81739,43.98515],[-78.81541,43.98678],[-78.81382,43.99156],[-78.81471,43.99291],[-78.81308,43.99282],[-78.81159,43.99372],[-78.81058,43.99201],[-78.81004,43.98678],[-78.80877,43.98534],[-78.80741,43.98661],[-78.80557,43.99067],[-78.80319,43.98996],[-78.80285,43.99265],[-78.80184,43.99384],[-78.80135,43.99402],[-78.80095,43.99104],[-78.79582,43.98988],[-78.79468,43.9888],[-78.79393,43.98889],[-78.79295,43.99106],[-78.78563,43.99811],[-78.78351,43.9982],[-78.78051,43.99695],[-78.77913,43.99722],[-78.77965,43.99992],[-78.78778,44.00655],[-78.79332,44.00819],[-78.78901,44.00931],[-78.79123,44.00979],[-78.79027,44.01046],[-78.79168,44.01174],[-78.79295,44.01209],[-78.79566,44.0113],[-78.79883,44.01167],[-78.80202,44.01031],[-78.80056,44.01294],[-78.80214,44.01364],[-78.80275,44.01524],[-78.80482,44.01537],[-78.80578,44.01446],[-78.80751,44.01574],[-78.80927,44.01517],[-78.80973,44.01598],[-78.81465,44.01601],[-78.81527,44.0175],[-78.81607,44.01751],[-78.81784,44.0158],[-78.82484,44.01481],[-78.82436,44.01539],[-78.81863,44.01615],[-78.81829,44.01763],[-78.82049,44.01937],[-78.82412,44.021],[-78.82746,44.02056],[-78.83094,44.02287],[-78.83108,44.0239],[-78.82666,44.02113],[-78.82602,44.02192],[-78.82632,44.02364],[-78.82552,44.02387],[-78.82349,44.02133],[-78.81872,44.02119],[-78.81811,44.01958],[-78.81411,44.02139],[-78.81063,44.01988],[-78.8095,44.02158],[-78.81061,44.02182],[-78.81154,44.02401],[-78.80885,44.02295],[-78.80726,44.02329],[-78.80677,44.0242],[-78.80582,44.02408],[-78.80633,44.0211],[-78.80378,44.02212],[-78.8031,44.02498],[-78.80121,44.02393],[-78.80009,44.02507],[-78.79601,44.02127],[-78.79348,44.02068],[-78.79298,44.02216],[-78.79203,44.02204],[-78.79171,44.02135],[-78.79076,44.02146],[-78.78981,44.02334],[-78.78694,44.02223],[-78.78617,44.02074],[-78.78457,44.0213],[-78.78331,44.02084],[-78.78154,44.02186],[-78.78161,44.02113],[-78.78173,44.01991],[-78.78045,44.02013],[-78.77985,44.01772],[-78.77827,44.01714],[-78.77828,44.01645],[-78.77654,44.01598],[-78.77415,44.01642],[-78.77163,44.01526],[-78.77165,44.01331],[-78.76991,44.0125],[-78.76641,44.01362],[-78.7659,44.01613],[-78.76196,44.01347],[-78.76117,44.01359],[-78.76082,44.01507],[-78.75877,44.01448],[-78.75796,44.01516],[-78.75715,44.01676],[-78.75743,44.01962],[-78.75582,44.02145],[-78.75993,44.0225],[-78.75389,44.02315],[-78.7513,44.02646],[-78.75173,44.02977],[-78.75347,44.03025],[-78.75424,44.03232],[-78.75281,44.03219],[-78.75124,44.03069],[-78.74955,44.02701],[-78.74684,44.02676],[-78.74556,44.02756],[-78.74494,44.02686],[-78.74314,44.02994],[-78.74662,44.03169],[-78.74549,44.03282],[-78.74611,44.03386],[-78.74562,44.03454],[-78.74483,44.03465],[-78.74374,44.03304],[-78.74043,44.0313],[-78.73706,44.03402],[-78.73658,44.03356],[-78.73724,44.03208],[-78.73661,44.03207],[-78.73373,44.0332],[-78.73132,44.03501],[-78.72913,44.03248],[-78.72734,44.03567],[-78.72608,44.03474],[-78.72708,44.03131],[-78.72584,44.02936],[-78.72061,44.02875],[-78.72126,44.02772],[-78.72,44.02691],[-78.72145,44.02498],[-78.72132,44.02349],[-78.71861,44.02369],[-78.71621,44.02528],[-78.71568,44.02894],[-78.71487,44.02962],[-78.71252,44.02777],[-78.71093,44.02776],[-78.71012,44.0289],[-78.70854,44.02854],[-78.70709,44.02979],[-78.70551,44.02875],[-78.70439,44.02989],[-78.70133,44.02128],[-78.69721,44.0209],[-78.69464,44.02271],[-78.69321,44.02282],[-78.69244,44.02121],[-78.69326,44.01938],[-78.69009,44.01902],[-78.68944,44.01958],[-78.68924,44.02255],[-78.68544,44.02184],[-78.68288,44.02297],[-78.68206,44.02468],[-78.6825,44.02686],[-78.68109,44.02593],[-78.67839,44.02568],[-78.67952,44.02443],[-78.67797,44.02213],[-78.6773,44.01354],[-78.67604,44.01249],[-78.67021,44.01016],[-78.66893,44.01061],[-78.66715,44.01288],[-78.66478,44.01206],[-78.66316,44.01411],[-78.66166,44.01856],[-78.65894,44.01992],[-78.65767,44.01945],[-78.65735,44.01979],[-78.65683,44.02322],[-78.6565,44.02368],[-78.65475,44.02366],[-78.65185,44.03034],[-78.65004,44.03061],[-78.65191,44.03291],[-78.65251,44.0351],[-78.64951,44.03404],[-78.6481,44.03265],[-78.64604,44.03275],[-78.64669,44.03104],[-78.64434,44.02931],[-78.64337,44.02998],[-78.64336,44.0309],[-78.6416,44.03157],[-78.64456,44.02564],[-78.64299,44.02391],[-78.64028,44.02458],[-78.63882,44.02674],[-78.6383,44.02948],[-78.63953,44.0319],[-78.63826,44.03211],[-78.63367,44.03071],[-78.63338,44.02933],[-78.6342,44.02762],[-78.63326,44.02669],[-78.62943,44.0277],[-78.62848,44.02746],[-78.63028,44.02472],[-78.63219,44.02405],[-78.6333,44.02452],[-78.63589,44.02099],[-78.63494,44.02075],[-78.63238,44.02188],[-78.63227,44.01867],[-78.62769,44.01703],[-78.62856,44.01257],[-78.62744,44.01279],[-78.62695,44.01359],[-78.6251,44.02033],[-78.62431,44.01986],[-78.62449,44.01872],[-78.62272,44.01996],[-78.62276,44.01756],[-78.62052,44.01891],[-78.62037,44.01788],[-78.61848,44.01684],[-78.61886,44.01283],[-78.61793,44.01168],[-78.61666,44.01133],[-78.61473,44.01292],[-78.61364,44.01199],[-78.61297,44.01359],[-78.61127,44.01117],[-78.60967,44.01196],[-78.60898,44.00992],[-78.6054,44.01021],[-78.60474,44.01203],[-78.60396,44.01122],[-78.60374,44.00538],[-78.60199,44.00548],[-78.60022,44.00672],[-78.59623,44.00784],[-78.59597,44.0044],[-78.5942,44.00358],[-78.59122,44.00208],[-78.59062,44.00137],[-78.59256,43.995],[-78.59156,43.9949],[-78.59031,43.99572],[-78.5887,43.99842],[-78.5877,43.9977],[-78.58831,43.99527],[-78.58385,43.99588],[-78.58456,43.99292],[-78.58355,43.9923],[-78.58055,43.99247],[-78.5808,43.99067],[-78.5783,43.98914],[-78.57753,43.98661],[-78.57479,43.98689],[-78.57193,43.98932],[-78.57005,43.98896],[-78.56968,43.99094],[-78.57132,43.99419],[-78.57087,43.99626],[-78.56831,43.99131],[-78.56681,43.9913],[-78.56607,43.99329],[-78.56457,43.99419],[-78.56356,43.9913],[-78.55906,43.99086],[-78.55417,43.98689],[-78.55367,43.98508],[-78.55254,43.98436],[-78.54792,43.98536],[-78.54693,43.9877],[-78.54731,43.98923],[-78.55007,43.99239],[-78.55256,43.9895],[-78.55443,43.98968],[-78.55482,43.99221],[-78.55657,43.99257],[-78.55632,43.99446],[-78.55733,43.99509],[-78.55746,43.9969],[-78.55358,43.99644],[-78.55421,43.99753],[-78.55122,43.99942],[-78.55097,43.99788],[-78.54984,43.99753],[-78.54859,43.99969],[-78.54497,43.9996],[-78.54397,43.99816],[-78.54197,43.99897],[-78.54097,43.99708],[-78.53759,43.99717],[-78.53623,43.99897],[-78.53757,44.00228],[-78.53866,44.00367],[-78.5377,44.004],[-78.53628,44.00342],[-78.53437,44.00398],[-78.53247,44.00327],[-78.53056,44.00382],[-78.53131,44.00647],[-78.53002,44.00748],[-78.5317,44.01105],[-78.53103,44.01288],[-78.52975,44.01378],[-78.53084,44.01505],[-78.53065,44.01665],[-78.53659,44.01281],[-78.53689,44.01407],[-78.53976,44.01341],[-78.5408,44.01766],[-78.5376,44.01912],[-78.53422,44.02172],[-78.53516,44.02219],[-78.54377,44.02066],[-78.54554,44.01953],[-78.54556,44.01816],[-78.54669,44.01702],[-78.5464,44.01519],[-78.54688,44.01531],[-78.5487,44.01979],[-78.55987,44.02641],[-78.56336,44.02678],[-78.56655,44.02613],[-78.57258,44.02618],[-78.57464,44.02677],[-78.5791,44.02635],[-78.58214,44.02443],[-78.58691,44.02459],[-78.58995,44.02313],[-78.59055,44.02519],[-78.5942,44.02557],[-78.59451,44.02603],[-78.59319,44.02619],[-78.58846,44.02678],[-78.59589,44.02924],[-78.5941,44.03152],[-78.59141,44.03104],[-78.58953,44.02965],[-78.5881,44.02941],[-78.58111,44.02935],[-78.57646,44.03217],[-78.57454,44.03261],[-78.57434,44.03558],[-78.57277,44.03397],[-78.57135,44.0335],[-78.57039,44.03383],[-78.56938,44.03703],[-78.56814,44.03542],[-78.56639,44.03586],[-78.56306,44.03514],[-78.56445,44.03767],[-78.56411,44.03882],[-78.56301,44.03835],[-78.56099,44.03524],[-78.5586,44.03556],[-78.55736,44.03383],[-78.55356,44.03311],[-78.54943,44.03353],[-78.54555,44.03693],[-78.54583,44.0398],[-78.54785,44.04188],[-78.55321,44.04456],[-78.55493,44.04606],[-78.55523,44.04721],[-78.55377,44.04903],[-78.54964,44.04876],[-78.54411,44.04722],[-78.5364,44.04257],[-78.53437,44.04061],[-78.53262,44.0406],[-78.53149,44.04185],[-78.52975,44.04103],[-78.52831,44.0417],[-78.5264,44.0418],[-78.52608,44.04277],[-78.52716,44.04461],[-78.52556,44.04529],[-78.5186,44.04361],[-78.51764,44.04372],[-78.51747,44.04441],[-78.52609,44.05124],[-78.53099,44.05289],[-78.53208,44.05393],[-78.53347,44.05612],[-78.53154,44.05736],[-78.53246,44.05977],[-78.53022,44.06101],[-78.52594,44.05971],[-78.52343,44.05797],[-78.5236,44.05729],[-78.52439,44.05718],[-78.5274,44.05812],[-78.52852,44.05768],[-78.52284,44.05556],[-78.52048,44.05405],[-78.51866,44.04934],[-78.51473,44.04679],[-78.51125,44.04595],[-78.50915,44.04742],[-78.50945,44.04891],[-78.51146,44.05145],[-78.51081,44.05282],[-78.50953,44.05315],[-78.50512,44.05071],[-78.50384,44.05115],[-78.50554,44.05391],[-78.50653,44.06079],[-78.50485,44.06432],[-78.50368,44.0646],[-78.50116,44.06519],[-78.50011,44.06452],[-78.49745,44.06447],[-78.4942,44.05999],[-78.48432,44.05932],[-78.48004,44.05845],[-78.46843,44.0597],[-78.4635,44.06069],[-78.45949,44.06239],[-78.45975,44.06377],[-78.46438,44.06543],[-78.46478,44.06796],[-78.46373,44.06867],[-78.46133,44.06843],[-78.45326,44.06564],[-78.44744,44.06519],[-78.44296,44.06587],[-78.43637,44.06833],[-78.43789,44.07139],[-78.43221,44.07076],[-78.41973,44.06704],[-78.41922,44.06788],[-78.42012,44.06975],[-78.41641,44.06853],[-78.40947,44.06924],[-78.40042,44.06732],[-78.39102,44.06624],[-78.377,44.06758],[-78.36376,44.06767],[-78.35054,44.0722],[-78.32995,44.07516],[-78.31784,44.07501],[-78.3016,44.07216],[-78.28997,44.07088],[-78.29171,44.06941],[-78.29415,44.0689],[-78.29621,44.06728],[-78.29754,44.06532],[-78.29624,44.06423],[-78.29483,44.06427],[-78.29243,44.06579],[-78.29019,44.06551],[-78.28888,44.06765],[-78.28715,44.06765],[-78.28661,44.0687],[-78.28474,44.06978],[-78.28257,44.06812],[-78.27937,44.06805],[-78.27873,44.06683],[-78.27921,44.06408],[-78.27821,44.06367],[-78.27595,44.06518],[-78.2715,44.06395],[-78.26976,44.06262],[-78.27005,44.06028],[-78.26936,44.05909],[-78.26783,44.05826],[-78.25795,44.05838],[-78.25374,44.05776],[-78.24491,44.0602],[-78.24395,44.06004],[-78.24095,44.05747],[-78.23634,44.05683],[-78.23458,44.05528],[-78.22615,44.05396],[-78.22552,44.05147],[-78.21982,44.04997],[-78.2201,44.04557],[-78.21929,44.04484],[-78.21448,44.04694],[-78.20886,44.04541],[-78.20735,44.04634],[-78.20162,44.04622],[-78.20007,44.04709],[-78.19735,44.05071],[-78.19781,44.04612],[-78.19545,44.04548],[-78.19065,44.05005],[-78.18978,44.05295],[-78.19025,44.05733],[-78.18982,44.05839],[-78.18855,44.05852],[-78.18432,44.0552],[-78.17882,44.0573],[-78.17662,44.05597],[-78.17817,44.05081],[-78.17804,44.0487],[-78.17297,44.05126],[-78.17233,44.05094],[-78.1724,44.04908],[-78.17085,44.04927],[-78.16535,44.05343],[-78.16275,44.05315],[-78.15348,44.04924],[-78.14576,44.04712],[-78.13737,44.04661],[-78.12944,44.04823],[-78.128,44.04819],[-78.1264,44.04718],[-78.11473,44.05527],[-78.1082,44.05792],[-78.1038,44.06048],[-78.10081,44.06327],[-78.09883,44.06423],[-78.09759,44.06403],[-78.09854,44.06037],[-78.10498,44.05362],[-78.10855,44.04841],[-78.10889,44.0469],[-78.11406,44.04561],[-78.12075,44.0379],[-78.11896,44.03727],[-78.1167,44.0382],[-78.11578,44.03789],[-78.11663,44.03189],[-78.11971,44.02814],[-78.11894,44.02551],[-78.11669,44.02503],[-78.11425,44.02534],[-78.11157,44.02438],[-78.11068,44.02253],[-78.11373,44.01724],[-78.11238,44.01633],[-78.10725,44.01748],[-78.10262,44.01566],[-78.09902,44.01592],[-78.09618,44.01819],[-78.09556,44.01976],[-78.09648,44.02227],[-78.09499,44.02259],[-78.09248,44.01765],[-78.09232,44.01581],[-78.09426,44.01149],[-78.09391,44.01051],[-78.09113,44.00899],[-78.08995,44.00739],[-78.08696,44.00778],[-78.08456,44.01005],[-78.08531,44.01249],[-78.08204,44.01339],[-78.07945,44.01338],[-78.07827,44.01898],[-78.07451,44.02324],[-78.07597,44.02392],[-78.07714,44.0273],[-78.07683,44.02932],[-78.07992,44.03199],[-78.07933,44.03277],[-78.07732,44.03337],[-78.07331,44.03212],[-78.07025,44.03305],[-78.06867,44.03268],[-78.07182,44.02896],[-78.0714,44.02654],[-78.06443,44.02904],[-78.06211,44.03099],[-78.06098,44.03083],[-78.06107,44.03014],[-78.06005,44.02952],[-78.0584,44.02972],[-78.05779,44.03116],[-78.05618,44.03143],[-78.05416,44.03058],[-78.053,44.03095],[-78.05012,44.02858],[-78.04631,44.02821],[-78.04075,44.03049],[-78.03794,44.03284],[-78.02963,44.03767],[-78.02932,44.04028],[-78.03018,44.04124],[-78.03365,44.04276],[-78.03601,44.04296],[-78.03764,44.04402],[-78.03809,44.0463],[-78.04086,44.04608],[-78.04309,44.04372],[-78.04754,44.04196],[-78.04835,44.04226],[-78.04879,44.04418],[-78.05302,44.04685],[-78.05184,44.05147],[-78.04927,44.05453],[-78.04881,44.05612],[-78.04681,44.05739],[-78.04435,44.06031],[-78.04359,44.06308],[-78.04579,44.0681],[-78.05099,44.07502],[-78.05018,44.07711],[-78.04811,44.07536],[-78.0467,44.07499],[-78.04457,44.07614],[-78.04486,44.07285],[-78.03537,44.06967],[-78.02993,44.06641],[-78.02551,44.06472],[-78.02259,44.06617],[-78.02151,44.06991],[-78.01847,44.07326],[-78.01625,44.07386],[-78.01165,44.07717],[-78.00841,44.07517],[-78.00387,44.06945],[-77.99862,44.06772],[-77.99568,44.06785],[-77.99159,44.07119],[-77.98776,44.07216],[-77.98592,44.07121],[-77.98615,44.06864],[-77.98447,44.06857],[-77.98137,44.07022],[-77.97602,44.06988],[-77.97467,44.06891],[-77.97435,44.06776],[-77.97596,44.06578],[-77.97528,44.06521],[-77.97026,44.06508],[-77.97111,44.06793],[-77.97073,44.06886],[-77.9692,44.06961],[-77.96672,44.06963],[-77.96625,44.0692],[-77.96709,44.06595],[-77.96585,44.06479],[-77.96031,44.0676],[-77.95558,44.06871],[-77.95404,44.0696],[-77.95404,44.07098],[-77.95633,44.07139],[-77.95869,44.07063],[-77.9591,44.07123],[-77.95717,44.07208],[-77.95594,44.07433],[-77.95087,44.07623],[-77.94808,44.07815],[-77.9464,44.08186],[-77.9472,44.08254],[-77.9516,44.07988],[-77.95381,44.08012],[-77.94483,44.08951],[-77.9327,44.09668],[-77.92855,44.09561],[-77.92508,44.0968],[-77.92204,44.10116],[-77.92075,44.10635],[-77.91915,44.10789],[-77.91694,44.10869],[-77.91078,44.10801],[-77.9099,44.10885],[-77.91165,44.11156],[-77.91111,44.11352],[-77.91199,44.1169],[-77.91327,44.11836],[-77.91651,44.11924],[-77.91715,44.12167],[-77.91867,44.12168],[-77.9198,44.12098],[-77.9222,44.11688],[-77.92298,44.11746],[-77.92221,44.11924],[-77.92255,44.12071],[-77.92585,44.12341],[-77.92591,44.12943],[-77.92746,44.12957],[-77.93197,44.12802],[-77.93609,44.13007],[-77.9369,44.13296],[-77.93344,44.13691],[-77.93563,44.13848],[-77.93683,44.13849],[-77.9381,44.13758],[-77.94422,44.13912],[-77.94802,44.13917],[-77.9576,44.14384],[-77.96411,44.14536],[-77.97581,44.14398],[-77.99388,44.14506],[-77.98974,44.14843],[-77.98932,44.15199],[-77.99237,44.15277],[-77.99876,44.15255],[-77.99951,44.15718],[-77.99882,44.15857],[-77.99326,44.16145],[-77.99101,44.16348],[-77.99114,44.16502],[-77.99302,44.16603],[-77.99465,44.16629],[-77.99848,44.16515],[-77.99435,44.17196],[-77.99448,44.1807],[-77.99095,44.18561],[-77.98503,44.19766],[-77.98501,44.20001],[-77.98692,44.20271],[-77.99156,44.20386],[-77.99546,44.19941],[-78.00004,44.19859],[-78.00265,44.1993],[-78.00389,44.20113],[-78.0035,44.20238],[-78.00529,44.20283],[-78.01214,44.19858],[-78.01344,44.19588],[-78.01364,44.19256],[-78.01048,44.18791],[-78.0111,44.1857],[-78.00981,44.18419],[-78.00853,44.18438],[-78.00696,44.18565],[-78.00612,44.18545],[-78.00589,44.18319],[-78.00489,44.18248],[-78.00231,44.18234],[-78.00116,44.17981],[-78.00238,44.1783],[-78.00575,44.17777],[-78.00849,44.17835],[-78.01052,44.18024],[-78.01267,44.17993],[-78.01354,44.1762],[-78.01575,44.17476],[-78.01725,44.16912],[-78.01924,44.17017],[-78.01976,44.17125],[-78.01925,44.17379],[-78.02069,44.17608],[-78.02043,44.18009],[-78.0214,44.18188],[-78.0241,44.18291],[-78.02443,44.18369],[-78.02397,44.18781],[-78.0246,44.19076],[-78.02391,44.19243],[-78.01983,44.19647],[-78.01915,44.19992],[-78.02139,44.20069],[-78.02352,44.2003],[-78.02633,44.19869],[-78.02861,44.196],[-78.03131,44.19547],[-78.03377,44.19772],[-78.03367,44.20156],[-78.02989,44.21093],[-78.03008,44.21988],[-78.02848,44.22136],[-78.02156,44.22349],[-78.0189,44.22521],[-78.00687,44.23549],[-78.00735,44.2369],[-78.01,44.23557],[-78.01671,44.23026],[-78.02902,44.22541],[-78.03179,44.2233],[-78.03648,44.2217],[-78.04164,44.21813],[-78.04174,44.21223],[-78.03952,44.20601],[-78.03983,44.20172],[-78.03833,44.19665],[-78.03693,44.19542],[-78.03631,44.19295],[-78.03707,44.1888],[-78.03785,44.18802],[-78.03761,44.18717],[-78.0391,44.18729],[-78.04226,44.18926],[-78.04257,44.1922],[-78.04129,44.19533],[-78.0422,44.19619],[-78.04754,44.19623],[-78.04898,44.19564],[-78.04993,44.19427],[-78.05014,44.1901],[-78.05222,44.18357],[-78.05184,44.17711],[-78.04982,44.17528],[-78.04752,44.1756],[-78.04235,44.17854],[-78.03782,44.17859],[-78.03459,44.18131],[-78.03331,44.18358],[-78.03097,44.18486],[-78.02899,44.18492],[-78.02994,44.17967],[-78.0324,44.1778],[-78.03695,44.17084],[-78.03755,44.17215],[-78.03895,44.17228],[-78.0437,44.16755],[-78.04844,44.16467],[-78.05554,44.14629],[-78.06153,44.13665],[-78.06631,44.13181],[-78.07083,44.13143],[-78.07309,44.13034],[-78.08026,44.13062],[-78.08546,44.12578],[-78.09008,44.1258],[-78.08655,44.12885],[-78.08649,44.1302],[-78.0883,44.13043],[-78.09609,44.12551],[-78.11353,44.124],[-78.11967,44.1246],[-78.12047,44.12604],[-78.11703,44.13597],[-78.11641,44.13989],[-78.11451,44.14283],[-78.11016,44.14683],[-78.11138,44.14878],[-78.11012,44.15094],[-78.11163,44.15403],[-78.11128,44.15524],[-78.10881,44.15738],[-78.10584,44.157],[-78.10353,44.1585],[-78.10141,44.15747],[-78.10128,44.15538],[-78.10382,44.14909],[-78.1036,44.14383],[-78.10534,44.13738],[-78.10457,44.13374],[-78.10334,44.13187],[-78.10099,44.13154],[-78.10038,44.13269],[-78.09964,44.13812],[-78.09802,44.14053],[-78.09948,44.14097],[-78.1007,44.1401],[-78.09919,44.14398],[-78.09682,44.14415],[-78.09635,44.14277],[-78.09467,44.14251],[-78.09309,44.14511],[-78.08958,44.14674],[-78.092,44.15256],[-78.09146,44.15882],[-78.09073,44.15945],[-78.08931,44.15943],[-78.08808,44.1573],[-78.08876,44.15288],[-78.08816,44.1509],[-78.08541,44.14779],[-78.08544,44.14392],[-78.08342,44.14168],[-78.08167,44.14114],[-78.08015,44.14076],[-78.07856,44.14191],[-78.08226,44.1508],[-78.0825,44.15342],[-78.0811,44.15976],[-78.08114,44.1642],[-78.07733,44.16749],[-78.0772,44.17143],[-78.07552,44.17433],[-78.07632,44.17783],[-78.07854,44.17989],[-78.07786,44.18454],[-78.07727,44.18633],[-78.07418,44.18848],[-78.07014,44.18804],[-78.06875,44.18874],[-78.07147,44.19118],[-78.08071,44.19671],[-78.08116,44.19826],[-78.07783,44.2076],[-78.07502,44.20944],[-78.07509,44.21049],[-78.07709,44.21169],[-78.07527,44.22101],[-78.0745,44.22291],[-78.0709,44.22686],[-78.07418,44.22595],[-78.07576,44.22612],[-78.07607,44.22744],[-78.07519,44.22983],[-78.07279,44.23113],[-78.06985,44.23055],[-78.0678,44.2325]]]}},{"type":"Feature","properties":{"OGF_ID":13,"DESIGNATION":"Urban River Valley","EFFECTIVE_DATETIME":"2017-05-18","SYSTEM_DATETIME":"2023-12-14"},"geometry":{"type":"Polygon","coordinates":[[[-79.26761,43.20058],[-79.26929,43.19987],[-79.26994,43.19845],[-79.27233,43.19819],[-79.27329,43.19764],[-79.27423,43.19645],[-79.2742,43.19536],[-79.27484,43.19484],[-79.27464,43.19391],[-79.27626,43.19241],[-79.27651,43.19135],[-79.27839,43.19021],[-79.28033,43.1897],[-79.28061,43.18918],[-79.28229,43.18933],[-79.28387,43.18873],[-79.28344,43.18791],[-79.28414,43.18622],[-79.28335,43.18616],[-79.28175,43.18704],[-79.28127,43.18776],[-79.28008,43.18782],[-79.27851,43.18874],[-79.27655,43.18767],[-79.27386,43.1872],[-79.27413,43.18642],[-79.27563,43.18655],[-79.27685,43.18619],[-79.2783,43.18472],[-79.27839,43.18403],[-79.27715,43.18239],[-79.27747,43.18123],[-79.27674,43.18016],[-79.27342,43.17855],[-79.2743,43.17831],[-79.27146,43.17622],[-79.26494,43.16197],[-79.2626,43.16041],[-79.25696,43.15767],[-79.25576,43.15581],[-79.25268,43.15284],[-79.24569,43.15157],[-79.24494,43.14894],[-79.24649,43.1443],[-79.24557,43.14118],[-79.24815,43.13953],[-79.24859,43.13612],[-79.24908,43.13564],[-79.25119,43.13496],[-79.2519,43.13366],[-79.25196,43.13204],[-79.25403,43.13095],[-79.25553,43.12927],[-79.25745,43.12831],[-79.2583,43.12559],[-79.26037,43.12551],[-79.26198,43.12452],[-79.26326,43.11992],[-79.26073,43.12083],[-79.26013,43.12375],[-79.25762,43.12415],[-79.25646,43.12486],[-79.25592,43.12721],[-79.25428,43.12804],[-79.25258,43.12996],[-79.2511,43.13053],[-79.25012,43.13139],[-79.24973,43.13388],[-79.24795,43.13443],[-79.24708,43.13517],[-79.24642,43.13621],[-79.24621,43.13874],[-79.24357,43.1406],[-79.24329,43.14184],[-79.24433,43.1442],[-79.24277,43.14853],[-79.24301,43.15159],[-79.24211,43.15421],[-79.2425,43.15471],[-79.24326,43.15477],[-79.24458,43.15326],[-79.24582,43.15302],[-79.25096,43.15388],[-79.25171,43.15427],[-79.25564,43.15889],[-79.25906,43.16028],[-79.26299,43.16282],[-79.26723,43.17143],[-79.26766,43.17286],[-79.26772,43.17809],[-79.26916,43.17872],[-79.27089,43.17854],[-79.27141,43.1791],[-79.27211,43.17891],[-79.2725,43.17936],[-79.27247,43.18076],[-79.27135,43.18252],[-79.27002,43.18356],[-79.26996,43.18513],[-79.26917,43.18684],[-79.27029,43.18923],[-79.26935,43.19076],[-79.26952,43.19317],[-79.26865,43.19377],[-79.26814,43.19519],[-79.26755,43.19501],[-79.26747,43.19567],[-79.26715,43.19317],[-79.26663,43.19508],[-79.26681,43.19433],[-79.26624,43.19322],[-79.26482,43.19378],[-79.26395,43.19476],[-79.26382,43.19671],[-79.26448,43.19825],[-79.26577,43.19849],[-79.26616,43.19905],[-79.26732,43.19729],[-79.26796,43.19737],[-79.26755,43.19914],[-79.26632,43.19915],[-79.26694,43.19943],[-79.26744,43.19931],[-79.26697,43.20034],[-79.26761,43.20058]]]}},{"type":"Feature","properties":{"OGF_ID":14,"DESIGNATION":"Urban River Valley","EFFECTIVE_DATETIME":"2017-05-18","SYSTEM_DATETIME":"2023-12-14"},"geometry":{"type":"Polygon","coordinates":[[[-79.62451,43.22276],[-79.6253,43.22341],[-79.62641,43.22299],[-79.62737,43.2211],[-79.62675,43.21999],[-79.62792,43.21922],[-79.62832,43.21798],[-79.62787,43.21732],[-79.62834,43.21656],[-79.63056,43.21545],[-79.63272,43.2131],[-79.63361,43.21301],[-79.63419,43.21234],[-79.63185,43.2121],[-79.62982,43.21442],[-79.62714,43.21589],[-79.62407,43.22155],[-79.62307,43.22224],[-79.62305,43.22267],[-79.62352,43.2229],[-79.62331,43.22338],[-79.62451,43.22276]]]}},{"type":"Feature","properties":{"OGF_ID":15,"DESIGNATION":"Urban River Valley","EFFECTIVE_DATETIME":"2017-05-18","SYSTEM_DATETIME":"2023-12-14"},"geometry":{"type":"Polygon","coordinates":[[[-79.88467,43.29269],[-79.88371,43.29051],[-79.88284,43.29034],[-79.88365,43.29198],[-79.88317,43.29192],[-79.88224,43.2911],[-79.88192,43.29174],[-79.88302,43.29249],[-79.88243,43.29377],[-79.88212,43.29298],[-79.88113,43.29274],[-79.87968,43.2937],[-79.87876,43.29366],[-79.87779,43.29425],[-79.87612,43.29414],[-79.86946,43.29592],[-79.86782,43.29785],[-79.86821,43.30081],[-79.86776,43.30136],[-79.86793,43.30202],[-79.86281,43.30222],[-79.86113,43.30313],[-79.86031,43.30431],[-79.86116,43.30551],[-79.86318,43.30641],[-79.86472,43.30648],[-79.8663,43.30731],[-79.8674,43.30652],[-79.86531,43.30549],[-79.86364,43.30536],[-79.862,43.30448],[-79.86349,43.30325],[-79.86848,43.30329],[-79.86927,43.30303],[-79.86959,43.29765],[-79.87055,43.29732],[-79.87074,43.29676],[-79.87488,43.29591],[-79.87649,43.2952],[-79.87978,43.29514],[-79.88095,43.29428],[-79.88161,43.29476],[-79.88303,43.29478],[-79.88425,43.29378],[-79.88467,43.29269]]]}}]}