{"type":"FeatureCollection","features":[{"type":"Feature","properties":{},"geometry":{"type":"Polygon","coordinates":[[[-89.65824030453888,34.00211263392667],[-89.65824030453888,54.218265276641475],[-69.47635835861634,54.218265276641475],[-69.47635835861634,34.00211263392667],[-89.65824030453888,34.00211263392667]],[[-79.63248559501108,44.005921534996396],[-79.63224309493275,44.00591253500631],[-79.63200949485892,44.005921535018864],[-79.63173999477279,44.00592153503158],[-79.6311381945837,44.0059574350662],[-79.63126389466213,44.00637963513355],[-79.63131779470378,44.00664913517779],[-79.63134479472866,44.00682883520777],[-79.63140769477397,44.007107235253066],[-79.63147949482297,44.0073947352996],[-79.63152439485117,44.00754743532397],[-79.63160529491039,44.00791573538405],[-79.63168609495817,44.00815833542239],[-79.63181189503008,44.00850863547723],[-79.63191069508936,44.00881403552556],[-79.63202749515109,44.009083535566816],[-79.63212629520301,44.0093081356011],[-79.63225209526678,44.009568635640406],[-79.63239579533878,44.00985613568352],[-79.63252159540012,44.010089635718096],[-79.63259339544747,44.01035913576147],[-79.63273719552922,44.010754435823266],[-79.63281799558193,44.01105083587091],[-79.63286289562801,44.011401235929604],[-79.63289889567454,44.01178753599494],[-79.6329616957198,44.012065936040294],[-79.63299769577122,44.01250613611496],[-79.63304259581159,44.01279363616274],[-79.63307849585482,44.01314393622187],[-79.63318629592023,44.01348533627598],[-79.63326719597211,44.01377273632203],[-79.63338389603709,44.01407823636954],[-79.6334916960976,44.01436563641432],[-79.63360849616993,44.014751936475854],[-79.63377019626473,44.01522803655083],[-79.63386899632236,44.01551553659607],[-79.63391389637337,44.01591973666407],[-79.63394089641456,44.016279036725095],[-79.63393189643938,44.01658453677856],[-79.63387799644984,44.0168899368341],[-79.63385109645587,44.01705163686338],[-79.63383309647861,44.01736603691882],[-79.63385999650595,44.01757263695341],[-79.63387799653208,44.017797236991505],[-79.63385999655074,44.018066737039106],[-79.63384209655969,44.01822843706798],[-79.6337971965567,44.01835413709192],[-79.6336623965324,44.01856083713419],[-79.63355459651014,44.018695537162635],[-79.63341989647931,44.0188303371924],[-79.6331593964172,44.01906383724516],[-79.63296169636949,44.019234537284134],[-79.63265629629224,44.019459137337485],[-79.63243169623517,44.01962083737618],[-79.63233289621012,44.0196926373933],[-79.63223409618989,44.019818437419765],[-79.632198196189,44.019935237441736],[-79.63229699622877,44.02002503745266],[-79.63239579626115,44.02003403744955],[-79.63243169627263,44.02003403744785],[-79.63260239632719,44.02003403743979],[-79.63276409637803,44.020025037430614],[-79.63306049646701,44.01996213740572],[-79.6333030965389,44.019899337383336],[-79.63366239664477,44.01980043734921],[-79.63392289672149,44.01972863732448],[-79.63416549679417,44.019674737303646],[-79.63448889689258,44.019620837279085],[-79.63486619700667,44.01954893724876],[-79.63522549711499,44.01947703721936],[-79.635521897204,44.01941423719445],[-79.63589019731681,44.0193603371677],[-79.63637529746205,44.019252537126135],[-79.63681549759379,44.019153737088175],[-79.6371747976964,44.019018937047846],[-79.63748919778301,44.01886623700652],[-79.63783959787546,44.01865063695253],[-79.63813599795066,44.01843503690114],[-79.63844149802544,44.01818353684308],[-79.6386749980716,44.01786913677755],[-79.63887259811354,44.01763553672768],[-79.63907929815683,44.0173840366743],[-79.63937569821975,44.017033636599514],[-79.63961829827207,44.016755136539714],[-79.63995959834689,44.01637793645815],[-79.64015719838564,44.01610843640204],[-79.64033689842431,44.015901736357726],[-79.64059739847909,44.015587336290906],[-79.64082199852476,44.01529993623039],[-79.64101959856595,44.01505733617899],[-79.64121729860551,44.01479683612444],[-79.64136099863185,44.014581236080254],[-79.64149569865454,44.01435663603496],[-79.64178319870734,44.01392553594657],[-79.64189099872227,44.01370993590407],[-79.64207959875972,44.01345833585151],[-79.64219639877915,44.013260735811734],[-79.64242099882155,44.012937335745],[-79.64251979883521,44.01273973570603],[-79.64258269884151,44.01258703567655],[-79.64275339886832,44.01228153561551],[-79.6428790988857,44.01203003556594],[-79.64295099889488,44.01187733553605],[-79.64311269892045,44.01158983547852],[-79.6433012989506,44.01125753541192],[-79.6434989989812,44.010898135340256],[-79.64366069900434,44.01058373527809],[-79.64385829903742,44.01025133521109],[-79.6439929990552,44.009972935156405],[-79.64423559909363,44.0095417350701],[-79.64443319912422,44.00918243499845],[-79.64456799914369,44.00892183494682],[-79.64472069915668,44.008526634871075],[-79.6448284991577,44.00815833480209],[-79.64492729915263,44.00775403472725],[-79.64503509914965,44.00734083465042],[-79.64511589913066,44.006846734560895],[-79.64515189912267,44.006631134521804],[-79.6451787991207,44.00651443450024],[-79.64518779909913,44.00624493445304],[-79.6451877990804,44.00603823441719],[-79.64518779906086,44.00582273437977],[-79.64518779903726,44.005562134334546],[-79.64520579902104,44.0053196342916],[-79.64520579899906,44.00507703424952],[-79.64520579897547,44.00481653420429],[-79.64520579896,44.004645934174675],[-79.64517879892698,44.00437643412919],[-79.64516979888661,44.00396313405788],[-79.64516979887279,44.00381043403138],[-79.64514289884387,44.00358583399366],[-79.64507999881071,44.00344213397172],[-79.64502609878133,44.00330743395088],[-79.64498119875635,44.003190633932746],[-79.6449002987175,44.00304693391159],[-79.64462189859353,44.00266063385769],[-79.64391219835379,44.002516933866275],[-79.64365169826729,44.0024809338723],[-79.64347199820662,44.002445033874544],[-79.6431934981144,44.002409133881464],[-79.6428521979964,44.0023102338804],[-79.64252879788816,44.002256333886294],[-79.64220539777914,44.0021935338907],[-79.64204369772585,44.00217553389518],[-79.64181009764796,44.002139633899986],[-79.6414866975438,44.00213063391371],[-79.64114539743312,44.00211263392667],[-79.64076809731253,44.00211263394447],[-79.64034589717927,44.00213063396754],[-79.63995959705989,44.00217553399355],[-79.6397170969849,44.002202434009675],[-79.6395014969201,44.00224743402767],[-79.63924099684172,44.00230133404928],[-79.63904329678181,44.002337234064846],[-79.63865709666736,44.002436034100256],[-79.63831569657208,44.00258873414287],[-79.63813599652444,44.00269653417001],[-79.63785759645094,44.00286723421281],[-79.63761499639133,44.00306483425854],[-79.63745329635346,44.00321753429265],[-79.63721969630242,44.00347803434892],[-79.63699519625835,44.003783534412534],[-79.63677959621633,44.00407993447416],[-79.63663579618665,44.00425963451213],[-79.63647409615535,44.00448423455876],[-79.63633039612407,44.00464593459358],[-79.63616869609113,44.00485253463709],[-79.63603399606275,44.00501423467149],[-79.63583629601584,44.005193834712024],[-79.63563869597057,44.005391534755674],[-79.63553089594265,44.005463334773204],[-79.63527039586997,44.00558013480576],[-79.63507279581498,44.005669934830685],[-79.6347762957316,44.0057957348665],[-79.63443499562828,44.00585863489351],[-79.63421039555894,44.005885534908785],[-79.6340486955081,44.005894534917964],[-79.6338061954314,44.00590353493101],[-79.63357259535839,44.00592153494509],[-79.63330309527227,44.00592153495782],[-79.63297969516974,44.005930434974644],[-79.6327101950828,44.005921534985795],[-79.63248559501108,44.005921534996396]],[[-79.64163949888457,44.01638683638039],[-79.64144179884094,44.01660243642713],[-79.64110049876446,44.01696183650561],[-79.64093879872986,44.01715043654597],[-79.6407410986903,44.01741093660047],[-79.64062439867094,44.01760853664029],[-79.64050759865235,44.01781523668165],[-79.6404805986592,44.01798583671253],[-79.64048059867305,44.01813863673907],[-79.64057049870908,44.01821943674881],[-79.6407051987513,44.01821043674091],[-79.64090279881287,44.018192536728435],[-79.64101959884694,44.01815653671669],[-79.64127119892159,44.018093636693905],[-79.64150469899216,44.01804873667507],[-79.6416483990348,44.018012836662066],[-79.64179219907668,44.017967936647494],[-79.64197179913002,44.0179230366312],[-79.64223229920759,44.017860136607986],[-79.64251079929086,44.01779723658394],[-79.64277129936843,44.017734336560736],[-79.64309469946522,44.017662436532966],[-79.64339119955432,44.0175996365081],[-79.64373249965519,44.01750973647637],[-79.64413679977706,44.017428936443274],[-79.64446919987593,44.01734803641354],[-79.64490030000638,44.0172672363792],[-79.64519680009624,44.01721333635582],[-79.64553810019798,44.01713243632567],[-79.64599630033709,44.017051636289985],[-79.64634660044331,44.01698873626255],[-79.64675990056722,44.01689893622744],[-79.64714610068414,44.01682703619676],[-79.64752340080061,44.016782136171116],[-79.64786480090567,44.01673723614723],[-79.64816120099789,44.01671023612855],[-79.64851160110824,44.01669233610892],[-79.64881700120583,44.01669233609449],[-79.64907750128991,44.016701236083684],[-79.64917630132146,44.016701236079015],[-79.6493560013797,44.01671023607213],[-79.64951770143222,44.016719236066045],[-79.64975120150682,44.01671923605501],[-79.64997580157778,44.016710236042854],[-79.65015550163602,44.016719236035925],[-79.65035310169833,44.016710236025034],[-79.65121550201629,44.01717743606536],[-79.6504968017353,44.01661143600112],[-79.65054180174072,44.01651263598182],[-79.65057770174242,44.01640483596145],[-79.65061360174411,44.01629703594102],[-79.65064960174499,44.01618023591906],[-79.6507035017492,44.0160365358916],[-79.65073940174763,44.015892835864975],[-79.65083820176046,44.015686235824454],[-79.65093700177735,44.015524535791755],[-79.65103580179674,44.01538973576369],[-79.65117960182802,44.01522803572887],[-79.65131430185721,44.01507533569601],[-79.65147600189907,44.01496753566965],[-79.65161970193525,44.01485973564419],[-79.65177250197839,44.01479683562601],[-79.65232040214282,44.01468003557987],[-79.65227550209266,44.014284835513465],[-79.6522396020649,44.014105135484],[-79.65217670202853,44.013925535455776],[-79.65209590198067,44.01368293541753],[-79.6519611019132,44.013413435377146],[-79.65185330186733,44.01328773536041],[-79.65161080176296,44.012991235320435],[-79.6514131016786,44.012757635289226],[-79.65126940161643,44.01257803526483],[-79.65106280152271,44.01227263522159],[-79.65086520142695,44.0119132351686],[-79.6507663013726,44.01166173512965],[-79.65062260128674,44.01122153506003],[-79.65049680121807,44.01090713501137],[-79.65044290117396,44.010610734962526],[-79.65031720110284,44.010269334909204],[-79.65025430106402,44.010062734876385],[-79.65011960098597,44.009676434815695],[-79.65003870093895,44.00944293477896],[-79.64997580089607,44.00919133473827],[-79.64991290085882,44.00900273470849],[-79.64984110080657,44.00867933465583],[-79.64977820077182,44.008517634630714],[-79.64965240071048,44.0082840345961],[-79.6495357006528,44.008059534562655],[-79.6493740005759,44.00778103452198],[-79.64921230050147,44.00752943448594],[-79.64908650044497,44.00734983446075],[-79.64894280037709,44.0071072344254],[-79.64878110030585,44.00689163439563],[-79.64866430025387,44.0067299343731],[-79.64850260018433,44.0065323343464],[-79.64842170014951,44.00643353433308],[-79.64816120003776,44.00611913429085],[-79.64788279997816,44.006442534360126],[-79.64770309993617,44.0066132343982],[-79.64760429991276,44.00670303441848],[-79.64750549989259,44.006828834444995],[-79.64740659986994,44.006927634466784],[-79.64731679984692,44.00699053448193],[-79.64721799982514,44.007098334505265],[-79.64711919980336,44.007206134528666],[-79.64702039978157,44.00731393455208],[-79.6468765997511,44.00748453458843],[-79.646795799735,44.007592334610926],[-79.64667899971721,44.00780793465392],[-79.64651729969081,44.00808643470985],[-79.64638259966733,44.00830203475362],[-79.64629269964915,44.008418834778126],[-79.6461848996351,44.00864343482222],[-79.6460950996186,44.00877813484983],[-79.64598729960531,44.00901173489544],[-79.64592439960067,44.00918233492801],[-79.64584359960095,44.00946983498173],[-79.64578069959796,44.009658535017415],[-79.64572679959538,44.00982023504805],[-79.64566389959403,44.01002683508689],[-79.64556509958763,44.010305235139796],[-79.64548429957814,44.01048493517486],[-79.64538539957339,44.01078143523096],[-79.64527759956097,44.01102393527808],[-79.64517879954977,44.01124853532174],[-79.64506199953443,44.01149103536935],[-79.64494529952071,44.01175153542004],[-79.64480149949432,44.01196713546429],[-79.6447026994823,44.01218273550636],[-79.64450509944518,44.012470235565516],[-79.64437029942252,44.01269483561088],[-79.6442175993957,44.01293733566018],[-79.64408289937704,44.01320683571331],[-79.64392119935144,44.01349433577082],[-79.64372359931113,44.01374583582377],[-79.64357979928305,44.01394343586485],[-79.64338219924355,44.0142039359194],[-79.64324739921919,44.01441053596155],[-79.64308569918381,44.014590236000416],[-79.64290609914758,44.01482383604943],[-79.6427443991163,44.015048436096],[-79.64260069908663,44.01522803613396],[-79.64238509904463,44.01552453619558],[-79.6422233990117,44.01573113623907],[-79.64204369897384,44.015946736284974],[-79.64183709892654,44.016153336330575],[-79.64163949888457,44.01638683638039]],[[-79.62235259199582,44.0083829359017],[-79.621948391839,44.008077435867776],[-79.62168789178587,44.00840983593774],[-79.6215890917665,44.008544535965775],[-79.62147229175197,44.008796136014965],[-79.62137349174148,44.00902963606012],[-79.6212925917376,44.00927223610603],[-79.62117579173281,44.00963153617391],[-79.62108599172613,44.009874136220276],[-79.62103209172922,44.010098636261795],[-79.62095129172371,44.01032323630455],[-79.62091529172852,44.01050293633744],[-79.62085239172549,44.01069153637314],[-79.6208164917352,44.01092513641535],[-79.62071769172552,44.011167636462126],[-79.62065479172009,44.01132933649314],[-79.62055599170398,44.01150003652744],[-79.62045719168788,44.01167073656173],[-79.620313491659,44.01185933660123],[-79.6201696916277,44.012021036636064],[-79.62003499160093,44.01220073667364],[-79.61989119156638,44.01232653670225],[-79.61972959152692,44.012461236733245],[-79.61949599147097,44.01266783678012],[-79.61935229143562,44.01278463680717],[-79.61920849139943,44.01289243683262],[-79.61910969137519,44.01297323685134],[-79.61901089135013,44.013045136868456],[-79.61853479122806,44.013377536948646],[-79.61889409137869,44.01377273700023],[-79.61901089142906,44.013916537019725],[-79.61920849151333,44.01415003705091],[-79.61939719159156,44.01434773707631],[-79.61954089165211,44.014509437097566],[-79.61967569171311,44.01470703712554],[-79.6197744917585,44.01485973714737],[-79.61990019181253,44.01501243716793],[-79.6201157919042,44.015263937201404],[-79.62027749197382,44.01546163722809],[-79.62042129203768,44.015659237255555],[-79.62061889212522,44.015928737293024],[-79.62078059219485,44.01612633731965],[-79.62092429225865,44.01632403734717],[-79.6210859923299,44.016539637377],[-79.62122079239165,44.01674623740645],[-79.6213285924424,44.016925837432545],[-79.62147229250627,44.01712353746007],[-79.62157109255328,44.017294137485],[-79.62166989260196,44.0174828375131],[-79.62181359267068,44.01773433754997],[-79.62193039273488,44.01803083759589],[-79.62204719279903,44.01832723764182],[-79.62215499285792,44.01859673768352],[-79.6222358929033,44.01881233771709],[-79.62234359296947,44.019162637772766],[-79.62239749300706,44.0193872378092],[-79.62247839305816,44.01966573785369],[-79.62257719311495,44.01994423789734],[-79.62265809316767,44.02024063794498],[-79.62273889322034,44.0205371379926],[-79.62278379325346,44.02074373802633],[-79.62281979328365,44.0209503380605],[-79.62284669331018,44.02114793809348],[-79.62288259333388,44.021282738115175],[-79.62292759335882,44.02139943813329],[-79.62296349338091,44.021516238151854],[-79.62302639340913,44.02160613816453],[-79.62308919343819,44.021704938178694],[-79.62318809348201,44.02183963819738],[-79.62332279353076,44.02190253820193],[-79.62344859357258,44.02192053819911],[-79.62366419363984,44.02190253818581],[-79.62380789368497,44.0218935381775],[-79.62401449374696,44.02184863815991],[-79.62424809381348,44.02175883813335],[-79.62449059388442,44.021686938109426],[-79.6247151939481,44.02159713808323],[-79.62491279400635,44.02154323806453],[-79.625236194104,44.02148033803839],[-79.62555059419965,44.021426438014174],[-79.62587399429401,44.021327637981784],[-79.626080594356,44.02128273796424],[-79.62635009443642,44.02121983794064],[-79.62671839455005,44.02117493791544],[-79.62704179464934,44.021129937892375],[-79.62733829474085,44.02109403787215],[-79.6276077948221,44.021040137850115],[-79.62792219491931,44.02100423782905],[-79.62820959500633,44.02095033780613],[-79.62838029505757,44.0209143377918],[-79.62868579514873,44.02084253776493],[-79.6288833952086,44.02080663774937],[-79.629143895287,44.02075273772772],[-79.62940439536534,44.0206988377061],[-79.6296469954372,44.02063593768369],[-79.62994339552294,44.02053713765259],[-79.63018589559313,44.020456237627094],[-79.63032969563338,44.02039333760941],[-79.63049139567777,44.02031253758778],[-79.6306350957147,44.02021373756381],[-79.630733895739,44.02013283754511],[-79.63089559577516,44.01996213750791],[-79.6310662958053,44.019692637453076],[-79.63122799583009,44.019396237394],[-79.63130879583962,44.01921653735902],[-79.63143459586276,44.01902793732037],[-79.63155139588054,44.01881233727745],[-79.63173099591673,44.01857873722845],[-79.63186579594517,44.01841703719399],[-79.63202749597407,44.01816553714274],[-79.632171195998,44.01792303709388],[-79.6322879960117,44.01766243704314],[-79.63236879601232,44.017384036991075],[-79.63243169601289,44.017168436950655],[-79.63247659600277,44.016898936901775],[-79.6325304959907,44.01657553684317],[-79.63252159596504,44.0163240367999],[-79.63254849595492,44.0161173367628],[-79.63257549594158,44.015874836719426],[-79.63258439592326,44.01564123667846],[-79.63258439589966,44.01538073663331],[-79.63258439587604,44.01512023658806],[-79.63258439585569,44.01489563654914],[-79.63256649582964,44.01467113651102],[-79.63256649580764,44.01442853646891],[-79.63252159577372,44.0142129364336],[-79.63247659573574,44.013952436390554],[-79.63244069569659,44.01364703633926],[-79.63237779565615,44.013422436303244],[-79.63232389562101,44.01322483627151],[-79.6322430955781,44.01303613624257],[-79.63216219553516,44.012847536213656],[-79.63201849547049,44.01264093618456],[-79.63190169541852,44.012479236162044],[-79.63175799536123,44.01235343614701],[-79.63151539526821,44.01218273612884],[-79.63127289517442,44.01200313610907],[-79.63109319510642,44.01188633609728],[-79.63089559503435,44.01178753608948],[-79.63070699496755,44.011715636085874],[-79.63049139489135,44.01163483608207],[-79.63018589478392,44.011527036077744],[-79.62997029470853,44.011455136075476],[-79.62964699459951,44.01139223607983],[-79.6293684945056,44.011338336083604],[-79.62906299440394,44.011293436090185],[-79.62870369428421,44.01123953609785],[-79.6282994941461,44.011140736099726],[-79.62797609403623,44.01106883610254],[-79.62766169392764,44.01097903610178],[-79.62724849378172,44.01082633609477],[-79.62688909365387,44.01068253608678],[-79.62651179351782,44.01051193607499],[-79.62625129342402,44.010395136067004],[-79.62594589331421,44.01026033605801],[-79.62564939320644,44.01011663604705],[-79.62534399309828,44.009999836041175],[-79.62504759299293,44.00988303603489],[-79.6247061928725,44.00975733602923],[-79.62446369278683,44.009667436025026],[-79.62423909270771,44.00958663602163],[-79.62396059260652,44.00945183601137],[-79.6237449925287,44.0093530360044],[-79.62350249243897,44.009218335992465],[-79.62331379236808,44.0091015359811],[-79.62319699232422,44.00902963597411],[-79.62301739225386,44.008885935957615],[-79.62293649222313,44.00883203595212],[-79.62281079217482,44.00874223594244],[-79.62269399212853,44.00864343593082],[-79.62261309209781,44.00858953592526],[-79.62251429205891,44.008508635915895],[-79.62235259199582,44.0083829359017]],[[-79.61545359018879,44.01277563698948],[-79.61544109018455,44.01277313698965],[-79.61400638999332,44.015724237569465],[-79.61399828999298,44.01574903757416],[-79.61389948998495,44.01600953762401],[-79.6137826899753,44.01631503768255],[-79.61368388996326,44.01653063772461],[-79.61355808994422,44.016764137771084],[-79.61345028993253,44.01701573781979],[-79.61336048992415,44.01724023786299],[-79.61323468990349,44.01745583790639],[-79.61307298987705,44.01773433796232],[-79.61292928984982,44.017940938004955],[-79.61292658984935,44.0179451380058],[-79.61117248961564,44.021554638714846],[-79.60995348935354,44.022962439016645],[-79.60959518927653,44.023376739105416],[-79.60786818890524,44.02537123953295],[-79.6081142889797,44.025325139513306],[-79.60831198903801,44.025271239494614],[-79.60850958909715,44.02522633947752],[-79.60875208917136,44.02519033945981],[-79.60894978923048,44.02514543944273],[-79.60922818931297,44.02507353941711],[-79.6094258893721,44.02502863940001],[-79.60974928946736,44.02493883936916],[-79.6099468895248,44.02487593934894],[-79.61013548958185,44.02484003933381],[-79.61044098967382,44.02477713930849],[-79.61081828978543,44.024678339273514],[-79.61097998983308,44.02463343925812],[-79.61117758989379,44.02460643924412],[-79.6114111899652,44.024570539226865],[-79.6118063900834,44.02448073919262],[-79.61207589016223,44.02439983916588],[-79.61238129025332,44.02432793913898],[-79.61272269035591,44.02425613911041],[-79.61301909044417,44.02418423908398],[-79.61330659053039,44.024121339059526],[-79.61348629058374,44.02407643904322],[-79.61364799063297,44.02404953903096],[-79.61402519074865,44.02399563900381],[-79.6145102908923,44.02386983895905],[-79.61483369098835,44.02378903892981],[-79.61509419106595,44.02372613890661],[-79.61537269114926,44.02366323888257],[-79.61575899126377,44.02356443884715],[-79.61607339135854,44.02350153882142],[-79.61665729153384,44.02337573877206],[-79.61706159165162,44.023250038731156],[-79.61746579177353,44.023169138698066],[-79.61784309188677,44.02308833866626],[-79.61806769195532,44.0230523386494],[-79.61832819203447,44.023007438629335],[-79.61858869211613,44.02298953861394],[-79.61904679225523,44.0229086385783],[-79.61939719236236,44.022854738552404],[-79.619612792428,44.02281883853599],[-79.61981939249078,44.02278283851998],[-79.61995409253139,44.022755938509],[-79.62016969259622,44.022711038491],[-79.6203583926533,44.02267503847589],[-79.6205559927132,44.02263913846033],[-79.62071769276159,44.02260323844648],[-79.62086139280265,44.02254933843033],[-79.62108599286958,44.02249543841037],[-79.62122079291018,44.02246843839933],[-79.62136449295043,44.02240563838161],[-79.62148129298205,44.022342738365225],[-79.62163399302192,44.02224393834088],[-79.62175969305234,44.02213613831622],[-79.62182259306103,44.02201033829144],[-79.62182259304882,44.02187553826805],[-79.62179569301497,44.02159713822101],[-79.62175969297988,44.02133663817753],[-79.62169689294757,44.02120183815709],[-79.62163399290061,44.020905438108635],[-79.62155309284788,44.02060893806101],[-79.62153519283241,44.02050113804319],[-79.62145429278294,44.020240638001795],[-79.6213913927482,44.02007893797671],[-79.62135549272287,44.01992623795191],[-79.6213195926927,44.019719637917746],[-79.62127469265795,44.01949503788086],[-79.62125669264161,44.01937823786145],[-79.62122969261752,44.01920753783315],[-79.62121179259717,44.01904593780594],[-79.62117579256771,44.01884823777335],[-79.62114889254777,44.018722537752794],[-79.62108599250406,44.01846193771053],[-79.62105009247794,44.018300337684174],[-79.62098719244233,44.018129637657516],[-79.62090629239856,44.01793193762704],[-79.62084349236875,44.01782413761132],[-79.62074459232004,44.01763553758327],[-79.62064579227383,44.01747383755984],[-79.62054699223087,44.01734803754269],[-79.62042129217684,44.01719533752213],[-79.62028649212316,44.01707853750824],[-79.6200798920433,44.01692583749147],[-79.61988229196551,44.016764137472755],[-79.61970259189263,44.016593537451584],[-79.61955889183122,44.0164228374288],[-79.61940619175962,44.016171237392314],[-79.61931629171464,44.01599163736537],[-79.61921749166355,44.01577603733263],[-79.61913669162627,44.015650237314645],[-79.61907379159724,44.015551437300466],[-79.61889409151946,44.015326837269946],[-79.61881329148711,44.015255037261305],[-79.61873239145149,44.01514723724638],[-79.61863359141178,44.01505733723547],[-79.61849889135817,44.01494063722159],[-79.61807669119962,44.01468003719624],[-79.61770829105828,44.01441953716845],[-79.61758259100675,44.01429383715255],[-79.61751069097562,44.01420393714036],[-79.61740289092731,44.01405123711895],[-79.61728609088102,44.01395243710732],[-79.61712439081717,44.01381773709152],[-79.6170435907824,44.013718837078216],[-79.61688189072012,44.01360213706556],[-79.61676509067547,44.013521237057034],[-79.61656749059932,44.01337753704145],[-79.61626209048381,44.013179937021526],[-79.6161362904363,44.01309903701341],[-79.61601949039328,44.01303613700802],[-79.61586679033634,44.01294633699965],[-79.61567809026948,44.012874436996086],[-79.61557929023304,44.01282053699138],[-79.61545359018879,44.01277563698948]],[[-79.54846657771434,44.11141755724854],[-79.54857427774242,44.11134725723128],[-79.54879037782993,44.1115493572561],[-79.54895417789628,44.111702457274866],[-79.55015767838348,44.112825157412445],[-79.55689458065932,44.11414215732254],[-79.556850380624,44.113909157284255],[-79.55908038129105,44.113396557090276],[-79.55924598133011,44.1132432570559],[-79.55939868135856,44.113018657009825],[-79.55944178136617,44.112950856996044],[-79.55945678136435,44.11287795698271],[-79.55955368130748,44.11191135681082],[-79.55943648122074,44.11137025672266],[-79.55928028110068,44.11059955659663],[-79.56002608119041,44.1089613562778],[-79.56195688141193,44.10460115543171],[-79.56199958142145,44.10455555542178],[-79.5620483814323,44.104503255410435],[-79.56204338142246,44.10441245539492],[-79.5620367814096,44.10429435537485],[-79.56174878121735,44.10319315519771],[-79.5616983811813,44.102974355162225],[-79.56158718110194,44.10249255508404],[-79.56144668100488,44.10191895499135],[-79.56133908094804,44.10167295495382],[-79.56120428087965,44.101394454911926],[-79.56108748082023,44.10115195487549],[-79.56101568077766,44.10093635484149],[-79.5609347807281,44.10067585480022],[-79.56088988069084,44.10042425475875],[-79.56089888067007,44.1001637547132],[-79.56089888064396,44.09987635466344],[-79.56091488063932,44.09976935464419],[-79.56084508059153,44.09948875459889],[-79.56079108057352,44.09948105460008],[-79.56060238050746,44.09941815459811],[-79.56047668046398,44.09938225459781],[-79.56031498040159,44.09926545458523],[-79.56014428033639,44.09914865457305],[-79.56002748029005,44.09904985456146],[-79.55990178023593,44.09889715454094],[-79.55981188019652,44.098780354524955],[-79.55971308014371,44.09854685448915],[-79.55965018011378,44.098439054473474],[-79.55961428009331,44.098340154458036],[-79.55955138005606,44.09815155442834],[-79.55955138004626,44.09804375440964],[-79.55953338002907,44.097917954388706],[-79.55954238001887,44.097774254363394],[-79.55952448000092,44.09763955434091],[-79.55952447998622,44.09747785431293],[-79.55955137998177,44.09733405428677],[-79.55955137997117,44.097217254266546],[-79.5595603799569,44.09702865423343],[-79.55958727994675,44.09682205419639],[-79.55965017995707,44.09671425417473],[-79.55969507995917,44.09657945414926],[-79.55977597997608,44.096480654128335],[-79.5598478799885,44.0963638541047],[-79.5599106799972,44.09623815408003],[-79.55998258000467,44.096067454047045],[-79.55998818000444,44.096045054042854],[-79.55941567961226,44.09374415367137],[-79.55976467968452,44.0933105535798],[-79.55976697968437,44.09330065357796],[-79.55979397967585,44.09311195354399],[-79.55984787967762,44.09294135351191],[-79.559919679681,44.09272575347118],[-79.55998257967991,44.09249215342774],[-79.56006337968866,44.09230355339127],[-79.5601083796843,44.09209695335334],[-79.56013527967899,44.09194415332562],[-79.560189179684,44.09180945329977],[-79.56027007969766,44.09167465327259],[-79.56040477972768,44.09153095324132],[-79.56059347977423,44.09137825320595],[-79.56084497984244,44.091243553170784],[-79.5610964799123,44.091126753138674],[-79.56140188000022,44.091018953105625],[-79.56179718011525,44.090893153065174],[-79.56219248023035,44.090767353024724],[-79.56256968034124,44.090659552988235],[-79.56305478048584,44.09054285294515],[-79.56306318048846,44.09054195294457],[-79.563388280575,44.09034955289591],[-79.56387428071069,44.090131752835276],[-79.56456548091121,44.089904652763295],[-79.56547308117591,44.089621952671486],[-79.56625248140324,44.08937915259269],[-79.56647998147031,44.08931645257108],[-79.56689008158442,44.08912805251911],[-79.56695678160297,44.08909735251066],[-79.56908338215409,44.08767445216379],[-79.56981188236348,44.08741345208419],[-79.5731454833562,44.0866016517863],[-79.57322128340833,44.08690865183586],[-79.57327728344691,44.08713585187257],[-79.57351118351788,44.08709325185419],[-79.57378068360248,44.08707535183838],[-79.57412208370839,44.087039351816],[-79.57450838382627,44.08697655178692],[-79.57494848396216,44.08692265175681],[-79.5754425841121,44.08683275171788],[-79.57582888422996,44.08676985168876],[-79.57626908436183,44.08667105165088],[-79.5766103844645,44.08659925162234],[-79.57692478455934,44.086536351596614],[-79.57734698468545,44.08643755155959],[-79.57767938478196,44.08632975152519],[-79.57793988485552,44.0862219514942],[-79.57812858490607,44.08611415146667],[-79.57825428493814,44.08602425144511],[-79.57840698497883,44.0859344514224],[-79.5785776850212,44.08579975139096],[-79.57872148505821,44.08570085136708],[-79.57891008510713,44.085575151336386],[-79.57911628515959,44.08542665130091],[-79.57913018516275,44.08541265129786],[-79.57913658516469,44.0854112512973],[-79.57929638519889,44.08522475125746],[-79.57947598523752,44.085018151213184],[-79.57965568527712,44.08482055117047],[-79.57978148529855,44.08461395112875],[-79.57991618532449,44.08442525108967],[-79.58000598533692,44.08424565105435],[-79.58011378535838,44.08410185102437],[-79.58018568536828,44.08395815099606],[-79.5803114853898,44.08375155095432],[-79.58046418541824,44.08352695090822],[-79.58064388545205,44.0832664508546],[-79.58081448547969,44.08297005079525],[-79.58099418551349,44.08270955074159],[-79.58122778556537,44.082457950686965],[-79.58148828562669,44.08221545063266],[-79.58182958571058,44.0819369505683],[-79.58221588581213,44.08169445050807],[-79.582593185914,44.08148775045444],[-79.58301538602866,44.08126325039563],[-79.58343758614495,44.081056650339896],[-79.58368018621029,44.08092185030509],[-79.58385978625797,44.08081405027798],[-79.58428198637509,44.08061645022378],[-79.5847311865,44.08040985016681],[-79.58510848660602,44.080248150120944],[-79.58549478671735,44.08011335007941],[-79.58585408681755,44.0799516500344],[-79.5861325868936,44.0798079499964],[-79.58636608695278,44.07963724995578],[-79.58655478699602,44.07944864991421],[-79.58672538703182,44.07924204987034],[-79.58692308707711,44.07904434982675],[-79.58705778709978,44.0788198497815],[-79.58716558711713,44.0786311497437],[-79.58723748712134,44.07842454970454],[-79.5873093871256,44.078217949665344],[-79.5873721871236,44.077975349620374],[-79.58742608711721,44.077714849572665],[-79.58748898711447,44.07746334952613],[-79.58760578712736,44.07719384947393],[-79.58774048714518,44.07691534941928],[-79.58784828715353,44.076627949364386],[-79.58798308717218,44.07635844931135],[-79.58809088717726,44.07603504925026],[-79.58820768718525,44.075711649188705],[-79.58836038720145,44.07535234911922],[-79.58852208721812,44.07496604904466],[-79.58869278723765,44.074579748969654],[-79.58887238726162,44.07421144889739],[-79.58908798730037,44.0738790488296],[-79.58928558733425,44.07355564876423],[-79.58951018737669,44.07323224869758],[-79.58974378742202,44.07290884863057],[-79.58994138745834,44.07261244856985],[-79.59013008749582,44.07236094851738],[-79.59032768753622,44.072109348464444],[-79.59051628757288,44.071848848410376],[-79.59068698760296,44.07157934835561],[-79.59086668763682,44.07131884830203],[-79.59101938766037,44.071040348246584],[-79.59117208768393,44.07076194819111],[-79.59129788770049,44.07050144814001],[-79.59143258771829,44.07022294808541],[-79.59156738773531,44.06993544802922],[-79.59165718773713,44.06963904797358],[-79.59177398774838,44.069351547918274],[-79.59188178775753,44.06907304786492],[-79.59198958776511,44.06877664780848],[-79.59211528777433,44.06843524774338],[-79.59225908778687,44.06806694767276],[-79.59236688778624,44.067680647600724],[-79.59242968778352,44.06742914755418],[-79.5924835877812,44.06721354751428],[-79.59254648777846,44.06696204746773],[-79.59261838777456,44.0666655474129],[-79.59261838776477,44.06655774739427],[-79.59261838774441,44.06633324735535],[-79.59260938771784,44.066072747310606],[-79.59259138769086,44.065839147270964],[-79.5925734876615,44.065578647226694],[-79.59255548763454,44.06534504718706],[-79.59254648760884,44.06509354714391],[-79.59254648758845,44.06486894710494],[-79.5925464875648,44.06460844705978],[-79.59257348755386,44.06439284702116],[-79.59266328756628,44.06421314698577],[-79.59281598759556,44.06399764694126],[-79.5931124876708,44.06378204688985],[-79.59346278776731,44.06361134684377],[-79.59383108787291,44.063476546803],[-79.59422638798708,44.06334184676102],[-79.59463058810492,44.06321604672009],[-79.59508878824332,44.0631262466829],[-79.59551098836856,44.063018446644335],[-79.59590618848755,44.06293754661164],[-79.59617568856477,44.062838746581804],[-79.59642728863545,44.06273094655123],[-79.5966248886897,44.062632146524784],[-79.59677758872633,44.062497446494234],[-79.59689438875388,44.06238964647004],[-79.59698418877521,44.06230874645178],[-79.59706508879295,44.06221894643236],[-79.5971728888201,44.06213804641325],[-79.59725368883694,44.062039246392324],[-79.59734348885588,44.06193144636944],[-79.59744228887769,44.06182364634608],[-79.59757708890695,44.06167094631324],[-79.59766688892752,44.06158114629341],[-79.5977746889481,44.06142844626186],[-79.59787348896751,44.061293646233835],[-79.5979812889881,44.06114094620227],[-79.59810708901286,44.06097024616679],[-79.59825978904458,44.0607816461269],[-79.59841248907546,44.06058404608539],[-79.59856518910716,44.06039534604551],[-79.59879878915898,44.060143845990915],[-79.59911318923183,44.0598383459231],[-79.59938268929274,44.0595599458621],[-79.59959828934373,44.05936224581767],[-79.59976898938203,44.059182645778506],[-79.59990368941205,44.05903884574717],[-79.60000248943874,44.05898494573321],[-79.60012828947083,44.05889514571169],[-79.60029898951805,44.058814345689655],[-79.60043368955219,44.05871554566613],[-79.60068528962447,44.05862564563869],[-79.60111648974608,44.058446045587175],[-79.60179018993377,44.05814054550246],[-79.60244599011658,44.057844145420106],[-79.60293109025376,44.057646545362964],[-79.60330829036133,44.05750274532025],[-79.60361379044917,44.05739494528713],[-79.6039371905412,44.057269245250055],[-79.60429649064551,44.057152445212836],[-79.60461089073705,44.05705364518089],[-79.60489839082165,44.05697274515331],[-79.60521279091401,44.05688294512287],[-79.60563499103841,44.05676614508269],[-79.60628179122894,44.05658644502103],[-79.60697349143138,44.05637984495254],[-79.607629191619,44.05613734487959],[-79.60816819177342,44.05593974481986],[-79.60868029191595,44.0557061447552],[-79.60921029206585,44.055490544692816],[-79.60974929221783,44.055265944628474],[-79.61018049233856,44.05507734457541],[-79.61042299240631,44.05496954454525],[-79.61061169245934,44.05488864452232],[-79.61078229250573,44.05479884449868],[-79.61114169260512,44.054628144452124],[-79.61124949263147,44.0545383444315],[-79.61142009267947,44.05446644441097],[-79.61159979272959,44.0543856443885],[-79.61187829280883,44.05427784435663],[-79.61215679288485,44.05413404431857],[-79.61244419296125,44.05396344427543],[-79.61275859304544,44.0537837442294],[-79.6130909931354,44.05360404418256],[-79.61341439322494,44.05345134414084],[-79.61372879331002,44.053280644096446],[-79.6140701934012,44.05308304404602],[-79.61442949349652,44.0528674439917],[-79.61473489357297,44.05263394393683],[-79.61507629366253,44.052418343883275],[-79.61537269373937,44.052220643835],[-79.61564219380678,44.052014043786514],[-79.6159206938795,44.051834443742216],[-79.61621709395716,44.05164574369553],[-79.61651359403402,44.05144814364724],[-79.61680099410877,44.051259443601005],[-79.61712439419505,44.05107084355303],[-79.61747479429158,44.05090014350689],[-79.6177711943717,44.050738443464816],[-79.61804969444604,44.050576743423655],[-79.61832819451955,44.0504060433809],[-79.61857969458528,44.050244343341014],[-79.61884019465555,44.050100643303786],[-79.61910069472253,44.04992094326033],[-79.6193881947981,44.04974134321567],[-79.61968459487414,44.04953474316584],[-79.61999899495507,44.04931914311362],[-79.62032239504052,44.04912144306408],[-79.62061889511655,44.04891484301426],[-79.62090629519213,44.04873524296952],[-79.62115789525545,44.04854654292497],[-79.62143629532652,44.048348942877524],[-79.62173279540255,44.04814234282775],[-79.6220741954897,44.04789974276953],[-79.62243349558005,44.047630242705836],[-79.62278379566763,44.047360742642574],[-79.62312519575309,44.04710024258132],[-79.6234215958234,44.046830742520605],[-79.62373599590025,44.046570242460575],[-79.62403249596893,44.04628284239674],[-79.6243288960409,44.04603124233912],[-79.62459839610177,44.0457528422781],[-79.62483199615606,44.04552824222818],[-79.62504759620623,44.04532164218215],[-79.62521829624615,44.04515994214607],[-79.62536199628067,44.045034142117444],[-79.62546979630451,44.04491734209212],[-79.62562249634027,44.044773642060015],[-79.62578419637727,44.044611942024304],[-79.62597279642208,44.04444124198585],[-79.62618839647556,44.04427054194606],[-79.62640399652815,44.04409094190472],[-79.62662859658442,44.043920241864505],[-79.62684419663871,44.04375854182632],[-79.62712269670979,44.043560941778914],[-79.62741009678209,44.04334534172792],[-79.62770659685731,44.04312974167654],[-79.62802099693826,44.042914141624316],[-79.62834439702121,44.042689541570155],[-79.62863189709357,44.04247394151914],[-79.62892829716877,44.04225834146776],[-79.62920679723985,44.04206074142038],[-79.62947629730643,44.04184514137026],[-79.62977269737999,44.04161154131577],[-79.63013199747034,44.04134204125208],[-79.63047339755343,44.041054641186086],[-79.63078779762618,44.04074924111833],[-79.63112919771007,44.040470741053895],[-79.63144359778607,44.04020124099229],[-79.63176699786175,44.039895740924095],[-79.63209939793619,44.039545440847604],[-79.63245869801844,44.03918614076839],[-79.6328179981056,44.03888074069847],[-79.63306059816354,44.038665140649584],[-79.63327609821614,44.03848544060826],[-79.63341089824696,44.0383506405785],[-79.63354559827948,44.03823394055193],[-79.63370729831728,44.03808124051782],[-79.63389599836295,44.03791954048088],[-79.63412059841595,44.0377128404344],[-79.63441699849359,44.037524240387675],[-79.63480329859262,44.037254740322716],[-79.6351895986957,44.03703014026556],[-79.63553989878808,44.03681454021164],[-79.63587229887803,44.036634940164774],[-79.6361417989495,44.036473240124025],[-79.63642919902749,44.036320540083985],[-79.63674359911336,44.03615884004105],[-79.6370580992,44.03600603999974],[-79.63734549927555,44.035826439954974],[-79.63767789936306,44.035619839903454],[-79.63798329944353,44.03543113985633],[-79.63827979952444,44.035278439815855],[-79.63853129958932,44.035107739774354],[-79.63881879966328,44.03491013972654],[-79.63907029972735,44.03473043968344],[-79.63931279979182,44.03458673964711],[-79.6395912998686,44.034452039610606],[-79.63978889991957,44.034317239577895],[-79.63991469995403,44.03425433956104],[-79.64008539999884,44.03414653953427],[-79.64029200005673,44.03405673950892],[-79.64049860011374,44.03395793948204],[-79.64064230015155,44.03386813945967],[-79.64078610019098,44.03379623944044],[-79.64097470024309,44.03370643941594],[-79.64113640028911,44.033643539397424],[-79.6412891003322,44.033580639379316],[-79.64145980037937,44.03349973935722],[-79.64162150042377,44.03341893933552],[-79.64179220047014,44.03332913931186],[-79.64195390051289,44.03323033928712],[-79.64212450055841,44.03313143926191],[-79.64234010061264,44.032969739223695],[-79.64267250070175,44.032781139175306],[-79.64304980080199,44.03255653911848],[-79.64340020089605,44.03235893906769],[-79.64377750099868,44.03216133901563],[-79.64420860111444,44.031918738953145],[-79.6446578012319,44.03163123888213],[-79.64508000133996,44.03133483881076],[-79.64542140142218,44.031038438743195],[-79.64570880149202,44.030795838687574],[-79.6460412015909,44.030715038657874],[-79.64608610158653,44.03050843861992],[-79.64618490160832,44.03040063859654],[-79.64638260165275,44.03019393855137],[-79.64663410171029,44.029942438495894],[-79.64671490172712,44.02984363847494],[-79.64689460176585,44.029637038430614],[-79.64711920181477,44.029385538376395],[-79.64728090184931,44.029196838336],[-79.6474066018732,44.02901723829891],[-79.64757730191063,44.028828538258146],[-79.64775700195095,44.02863993821694],[-79.64788280197894,44.02850513818761],[-79.647999502004,44.02837043815874],[-79.64812530203439,44.0282626381341],[-79.64821510205495,44.02817273811427],[-79.64829600207348,44.02809193809648],[-79.64842170210386,44.02798413807181],[-79.64860140214417,44.02779543803057],[-79.64885290220252,44.02755293797668],[-79.64912240226339,44.02727443791561],[-79.64932900230335,44.026987037856],[-79.64945480231906,44.02671753780331],[-79.64957160233438,44.026474937755765],[-79.64967940234521,44.02621443770545],[-79.6497872023536,44.02592693765047],[-79.6498321023451,44.025675437604754],[-79.64987700233416,44.02539693755435],[-79.64989500230897,44.025055637494305],[-79.64988600227187,44.02467833742926],[-79.64986800222943,44.02427403736003],[-79.64984110218332,44.023860837289604],[-79.64980510214006,44.02351053723058],[-79.64976920209762,44.02316913717302],[-79.64974230205722,44.02281883711355],[-79.64970630201397,44.02246843705447],[-79.64972430199278,44.022172037002186],[-79.64972430196833,44.021902536955416],[-79.6497602019578,44.02166003691164],[-79.64980510195264,44.02144443687216],[-79.64986800195723,44.021273736839625],[-79.64993990196639,44.02112103680973],[-79.65002070198076,44.02099523678406],[-79.65009260199561,44.020905436765084],[-79.65017350200924,44.02077063673791],[-79.65028130203305,44.020653836712576],[-79.65038910205531,44.02051913668406],[-79.65055970209842,44.0203933366542],[-79.65078430215956,44.02027653662333],[-79.65113470226257,44.02017773658965],[-79.65149400237088,44.02010593656022],[-79.65179940246685,44.02008793654266],[-79.65213180257305,44.02008793652696],[-79.65241920266577,44.02009693651492],[-79.65271570275887,44.02007893649784],[-79.65299420284865,44.02008793648623],[-79.65329060294258,44.02007893647069],[-79.65362300305041,44.02009693645806],[-79.6540542031898,44.02011483644083],[-79.65451230333946,44.02015083642542],[-79.6548806034604,44.02018673641426],[-79.65521300356579,44.020177736396995],[-79.65562620369704,44.020168736375894],[-79.65603950382827,44.02015983635487],[-79.65648860397262,44.020168736335144],[-79.65700070413625,44.02016873631095],[-79.65756660432118,44.02021373629201],[-79.6581056044958,44.020240636271254],[-79.65824030453888,44.020240636264894],[-79.65786300428626,44.018785336030284],[-79.65781810425646,44.01861473600277],[-79.65777320424208,44.01861473600489],[-79.65737790411985,44.0186596360314],[-79.65698270399601,44.018686536054695],[-79.65665030388979,44.01868653607039],[-79.65628200378028,44.01877643610341],[-79.6559047036711,44.01890213614306],[-79.6554196035275,44.01902793618778],[-79.65492550337618,44.01909983622361],[-79.65444940322158,44.019072836241385],[-79.65405420308714,44.018983036244514],[-79.65365890294943,44.018857236241324],[-79.65324570279863,44.018650636225],[-79.65284150265724,44.01851583622074],[-79.6525450025568,44.01845303622383],[-79.65224860245475,44.018372136223796],[-79.65195210234941,44.018255336217536],[-79.65165570224414,44.01813863621134],[-79.65144010216623,44.018039736204344],[-79.65124250209496,44.01794993619808],[-79.651044802022,44.01784213618869],[-79.65091010197084,44.01775233617951],[-79.65082020193555,44.017680436171275],[-79.65072140189666,44.01759963616194],[-79.65062260185776,44.01751873615258],[-79.65052380181967,44.01744683614474],[-79.65042500177836,44.01733913613073],[-79.64980510159411,44.0174918361865],[-79.64913140139187,44.01763553624326],[-79.64783780100538,44.01793193635576],[-79.64735270085929,44.018030836395816],[-79.64615800050197,44.018300336499],[-79.64568190033435,44.01812963649185],[-79.64552920028473,44.01812063649752],[-79.64532260021957,44.018129636508824],[-79.64512490015558,44.018120636516606],[-79.64498120010961,44.0181206365234],[-79.64480150005221,44.01812063653188],[-79.64465780000789,44.01813863654182],[-79.64449609995705,44.01814753655094],[-79.64436139991565,44.01816553656044],[-79.6441636998533,44.01817453657138],[-79.64405589982046,44.01819253657955],[-79.64393909978475,44.01821043658821],[-79.64382239974829,44.01821943659527],[-79.64367859970561,44.01825533660828],[-79.64350799965192,44.01826433661786],[-79.64333729959979,44.01829133663067],[-79.64313959953823,44.01830923664308],[-79.64291509947057,44.01835413666146],[-79.64270849940698,44.018381136675885],[-79.64251079934868,44.01843503669459],[-79.64226829927526,44.01847993671386],[-79.64209759922475,44.01852483672968],[-79.64193589917637,44.01856083674358],[-79.64171129910784,44.01859673676043],[-79.64148669904098,44.018650636780336],[-79.64127119897373,44.01866863679364],[-79.64108249891424,44.01867753680409],[-79.64088489885435,44.01871353681971],[-79.64070519879775,44.01872253682974],[-79.64048059873006,44.018767436848094],[-79.64030999867794,44.01879433686084],[-79.64015719863241,44.01883033687433],[-79.63998659857953,44.01884823688547],[-79.63976199851342,44.01891113690697],[-79.63958229846008,44.01895603692324],[-79.63944759842032,44.018992036935856],[-79.6393037983768,44.01901893694733],[-79.63907929830994,44.01907283696723],[-79.63890859826108,44.019135736986264],[-79.63869299819628,44.01918063700421],[-79.63852229814822,44.019252537024755],[-79.63837859810471,44.01927943703618],[-79.63825279806778,44.01931533704834],[-79.63805519800954,44.01936923706704],[-79.6378934979611,44.019405237080946],[-79.63775869792208,44.01945013709508],[-79.63755209786018,44.019495037112584],[-79.63738139780966,44.01953993712848],[-79.63722869776413,44.01957593714188],[-79.63707599771777,44.01960283715378],[-79.63693229767755,44.01966573717149],[-79.63681549764183,44.01968373718014],[-79.63667179760002,44.019728637194696],[-79.63652799755728,44.01976453720771],[-79.63637529751173,44.01980043722114],[-79.63623159746992,44.019845437235716],[-79.63611479743666,44.01989033724908],[-79.63598909740135,44.019944237264305],[-79.63585429736233,44.0199891372785],[-79.63575549733484,44.02003403729094],[-79.63562969729547,44.02004303729848],[-79.63543209723717,44.02009693731709],[-79.63532429720682,44.02014183733002],[-79.63520749717276,44.02017773734175],[-79.63506379713087,44.02022263735631],[-79.63486619707426,44.02029453737813],[-79.6346684970176,44.02036643739991],[-79.63444399695237,44.02043823742297],[-79.6341384968604,44.02050113744835],[-79.63394989680258,44.02052813746191],[-79.63374329673822,44.020546037474766],[-79.63353669667464,44.02057303748919],[-79.63326719659175,44.020608937508136],[-79.63310549654493,44.02066283752513],[-79.63286289647148,44.02070773754436],[-79.63266529641079,44.02073473755841],[-79.6324586963472,44.020761637572804],[-79.63217119625939,44.02080663759417],[-79.63200049620644,44.020824537605336],[-79.63185679616299,44.02085153761684],[-79.63171309612031,44.02088743762986],[-79.6315333960637,44.020896437639884],[-79.63135379601115,44.020950337657716],[-79.63120999596602,44.02095933766603],[-79.63107529592462,44.020977237675496],[-79.6309314958803,44.020995237685405],[-79.63079679583889,44.021013237694916],[-79.63063509578879,44.02103113770564],[-79.6304733957412,44.02107603772108],[-79.63032969569771,44.02110303773255],[-79.63018589565502,44.021138937745555],[-79.63003319560949,44.02117493775898],[-79.62987149556106,44.02121083777284],[-79.62970979551261,44.02124673778669],[-79.62946729544085,44.0213096378091],[-79.62930559539238,44.02134553782292],[-79.629143895344,44.02138153783681],[-79.62900909530252,44.02139943784627],[-79.62884749525576,44.021453337863264],[-79.62864979519745,44.021507237881956],[-79.62842519513141,44.021570137903446],[-79.62818269505877,44.02162403792427],[-79.62798509500134,44.0216869379445],[-79.62770659491882,44.02175883797013],[-79.62744609484373,44.02184863799796],[-79.62730229480185,44.02189353801258],[-79.62714069475426,44.02193843802797],[-79.62696099470172,44.021992338045806],[-79.62678129464831,44.02203723806206],[-79.62661959459993,44.02207323807595],[-79.62648489456014,44.022109138088545],[-79.6263141945072,44.022127138099734],[-79.62608059443824,44.02219003812167],[-79.62585609437217,44.022252838143196],[-79.62565839431142,44.02227983815719],[-79.62547879425813,44.02232473817342],[-79.62533499421536,44.02236063818644],[-79.62517329416535,44.02237863819721],[-79.62497569410547,44.02241453821277],[-79.62475109403773,44.022459538231175],[-79.62452659396924,44.022495438248],[-79.62432889391012,44.022540338265095],[-79.62413129385268,44.02260323828538],[-79.62395159379928,44.022648138301626],[-79.6238258937624,44.02268403831379],[-79.62369109372256,44.02272003832641],[-79.62349349366512,44.02278283834661],[-79.62328689360396,44.022836738365704],[-79.6231071935514,44.02289063838355],[-79.62296349350873,44.02292663839655],[-79.62272989343651,44.02295353841226],[-79.62264009340942,44.02297153841964],[-79.62258619339381,44.0229895384253],[-79.62244249334711,44.022980538430495],[-79.62228969329985,44.022998438440816],[-79.62206519323219,44.023043438459204],[-79.62192139318867,44.023070338470674],[-79.62178669314807,44.02309733848171],[-79.62158009308854,44.02316913850392],[-79.62140039303517,44.02321403852016],[-79.62123869298922,44.02327693853875],[-79.62104109293008,44.02332183855585],[-79.62089739288746,44.023357838568906],[-79.62073569283899,44.02339373858275],[-79.62060089279754,44.023411738592195],[-79.62028649270195,44.02346563861639],[-79.62012479265435,44.023510538631854],[-79.61996309260508,44.02353743864411],[-79.61974749254105,44.02359133866365],[-79.61955889248404,44.02362733867881],[-79.61936119242654,44.023690138699],[-79.6191905923761,44.02373513871486],[-79.61903779232966,44.02376203872676],[-79.6188940922854,44.023780038736675],[-79.61873239223613,44.02380693874893],[-79.61853479217625,44.02384293876453],[-79.61833719211555,44.02386983877849],[-79.61804069202567,44.02392373880185],[-79.61773529193783,44.024031538834976],[-79.6175376918787,44.02407643885206],[-79.61724119178882,44.02413033887542],[-79.61707949174041,44.024166238889265],[-79.61689989168543,44.02419323890242],[-79.61665729160954,44.024211238917005],[-79.61647759155537,44.024247138931706],[-79.61623509148353,44.02431003895406],[-79.61610929144491,44.02432793896308],[-79.61599259140925,44.024345938971734],[-79.61585779136863,44.02437293898276],[-79.61569609131857,44.024390838993554],[-79.615498491257,44.02440883900594],[-79.61533679120859,44.02444473901982],[-79.61515709115362,44.024471739033004],[-79.61495049109163,44.02451663905053],[-79.61473489102842,44.0245795390716],[-79.61447439095083,44.024642439094784],[-79.6143485909131,44.02466933910543],[-79.61419589086753,44.02470523911886],[-79.61400729081214,44.024759139137124],[-79.61382759075958,44.02481303915495],[-79.61364799070624,44.02485803917124],[-79.61350419066353,44.024893939184246],[-79.61336949062374,44.02492983919677],[-79.61322569058267,44.024983739212914],[-79.61310899054858,44.02501963922466],[-79.61298319051164,44.025055639236854],[-79.61283949046815,44.02508253924828],[-79.61260589039998,44.02515443927178],[-79.61240829034092,44.025199339288875],[-79.61208489024567,44.025289139319725],[-79.6119051901923,44.02533413933601],[-79.61180639016399,44.025370039346896],[-79.61159979010364,44.02543293936755],[-79.61142009004783,44.02545083937917],[-79.6113033900138,44.0254868393909],[-79.611177589976,44.025513739401525],[-79.61101588992679,44.02554073941383],[-79.61079128985821,44.025576639430646],[-79.6106565898168,44.025594639440136],[-79.61047688976181,44.02562153945324],[-79.61023438968755,44.02565753947094],[-79.61009058964402,44.025684439482426],[-79.60995588960262,44.02570243949186],[-79.60971328952827,44.02573833950954],[-79.60948878946058,44.02578323952795],[-79.60931808941014,44.02582813954377],[-79.60912938935223,44.02585513955732],[-79.60888688927876,44.025900039576605],[-79.60862638920204,44.02597193960134],[-79.60850958916633,44.02598983961],[-79.6082849890994,44.026043739629905],[-79.6080244890218,44.02610663965314],[-79.60782688896191,44.02614253966871],[-79.60744958884948,44.02623243970208],[-79.60732378881167,44.02625933971271],[-79.60716208876407,44.026304239728084],[-79.60701038872092,44.02636333974547],[-79.60610038852506,44.027412539970456],[-79.60557268838775,44.02775834005533],[-79.60553618838269,44.02783144006973],[-79.6054373883625,44.02795714009622],[-79.60536548834925,44.02806494011827],[-79.60526668832827,44.0281817401432],[-79.60515888830443,44.02829854016855],[-79.60501508827062,44.02843324019873],[-79.60494328825499,44.0285141402161],[-79.60483548822629,44.02857704023214],[-79.6047545882053,44.028630940245264],[-79.60453008814493,44.028756640277685],[-79.60441328811491,44.028837540297225],[-79.60426948807546,44.02890944031651],[-79.60411678803722,44.02902614034393],[-79.60396408799737,44.029125040368285],[-79.60379338795337,44.029241740396586],[-79.60363168791064,44.0293405404214],[-79.60348798787446,44.029448340446834],[-79.60336218784077,44.02952024046526],[-79.60316458779059,44.02966394049948],[-79.60299388774659,44.0297807405278],[-79.60276938768622,44.02990654056023],[-79.60266158765992,44.02999634058092],[-79.60249088761837,44.030140040613865],[-79.60240098759535,44.030202940629025],[-79.60229328756826,44.03028384064813],[-79.60220338754517,44.03034674066326],[-79.60204168750408,44.03046344069118],[-79.60194288747985,44.03054434070987],[-79.60184408745397,44.03060724072544],[-79.60172728742558,44.030706040748065],[-79.6015386873775,44.03084074078031],[-79.60146678736099,44.03091264079621],[-79.60136798733673,44.03099344081486],[-79.6011792872935,44.03118214085653],[-79.60109848727664,44.03128094087746],[-79.60099968725483,44.03138874090086],[-79.60088288723215,44.03155044093439],[-79.60080198721523,44.03164924095534],[-79.60065828718393,44.0318109409902],[-79.60054148715635,44.03191874101436],[-79.60047868714445,44.03200854103292],[-79.60036188711932,44.03214334106181],[-79.60026308709583,44.03223314108207],[-79.60018218707974,44.03234094110456],[-79.60008338705548,44.03242184112325],[-79.59993968702098,44.03254754115186],[-79.599804886986,44.032637441173776],[-79.59971508696297,44.03270024118893],[-79.59945458689351,44.03285304122773],[-79.59935578686682,44.03290694124171],[-79.5992209868335,44.0330147412668],[-79.59911318680231,44.033050641278095],[-79.59895148675872,44.03314044130132],[-79.59885268673122,44.03318534131376],[-79.59875388670372,44.03323034132622],[-79.59863708667125,44.033284141341056],[-79.5985382866462,44.03335604135819],[-79.59841248661087,44.03340994137349],[-79.5983046865821,44.033472841389475],[-79.5982058865554,44.0335267414035],[-79.59786458646825,44.03376924146168],[-79.59702008622511,44.03406574155293],[-79.59691228619963,44.03416454157515],[-79.5967865861692,44.03427234159973],[-79.596642786133,44.03438014162525],[-79.59652608610462,44.034478941647876],[-79.59641828607508,44.034532841662326],[-79.5963194860492,44.034595741677876],[-79.59622058602244,44.0346496416919],[-79.59602298596982,44.03476644172148],[-79.59584328592051,44.034856241745544],[-79.59568168587616,44.03493704176717],[-79.5954570858158,44.0350628417996],[-79.59528638577098,44.035170641826326],[-79.59510668572166,44.03526044185039],[-79.59494498567814,44.03535034187359],[-79.59475638562678,44.03544914189968],[-79.59458568558117,44.03554794192485],[-79.5943970855298,44.03564674195088],[-79.59421738548293,44.035763541979584],[-79.5939837854221,44.03591624201711],[-79.59373228535385,44.03605104205237],[-79.59356158530828,44.03614984207754],[-79.59341788526964,44.03623064209831],[-79.59315738520104,44.03639234213868],[-79.592923785141,44.036554042177734],[-79.59270818508342,44.036679842209686],[-79.59252858503581,44.03678764223689],[-79.59234888498732,44.036886442262485],[-79.59206138490677,44.037012242297905],[-79.59179188482875,44.03710204232615],[-79.59152248475078,44.037191842354446],[-79.59126188467393,44.03726374237922],[-79.59098348459229,44.03734454240634],[-79.5905971844769,44.037434442440116],[-79.59026478438035,44.03754224247453],[-79.58998628429622,44.03759614249702],[-79.58969888421083,44.037667942523036],[-79.58945628413817,44.037721842543846],[-79.58919578406136,44.03779374256856],[-79.58889598397155,44.03786034259426],[-79.58418068265185,44.039934643176416],[-79.58421908267525,44.04005744319588],[-79.58427298270715,44.04021914322138],[-79.58431798273946,44.04041684325355],[-79.58435388276477,44.04056954327832],[-79.58441678280278,44.04076714330967],[-79.5844616828334,44.040946843338716],[-79.58450658286971,44.04118934337866],[-79.58454248289829,44.04137804340967],[-79.58456948293058,44.04163854345361],[-79.58463238297345,44.04189004349426],[-79.5847041830184,44.042132643532916],[-79.58475808305681,44.04236614357092],[-79.58482098309565,44.0425727436038],[-79.5848748831316,44.042779343637044],[-79.58496468318147,44.04301294367333],[-79.58501858321986,44.04324654371131],[-79.58509948326447,44.043453143743314],[-79.58518028331233,44.04369564378157],[-79.5852791833675,44.04395614382207],[-79.58536898341985,44.04421664386304],[-79.58537798344474,44.04445924390466],[-79.58538698347121,44.04471974394944],[-79.58538698349157,44.04494434398836],[-79.5853689835029,44.04513294402192],[-79.58528808349902,44.045375544067845],[-79.5851713834829,44.04560904411382],[-79.58507248346673,44.0457797441481],[-79.58491978343338,44.0459504441849],[-79.58478508340252,44.046085144214615],[-79.58461438336097,44.04622894424759],[-79.58443468331816,44.04639064428409],[-79.58423708326721,44.046525344316805],[-79.58401248320678,44.0466511443492],[-79.58379688314679,44.046749944376494],[-79.58363518309993,44.04680384439347],[-79.58340168303181,44.04687574441697],[-79.58315018295629,44.04692964443814],[-79.5828985828807,44.04698354445935],[-79.58257518278215,44.047037444483976],[-79.58223388267788,44.047091344509425],[-79.58187448256868,44.047154144537245],[-79.58147028244433,44.047208044565664],[-79.58108398232568,44.04726194459324],[-79.58070668220908,44.04730694461881],[-79.580365382104,44.047351844642684],[-79.57996108198046,44.04741464467266],[-79.57951198184251,44.04747754470473],[-79.57904488169967,44.04754944473924],[-79.57864958158137,44.047639244773485],[-79.57817348143651,44.04772014480996],[-79.57768838128946,44.04780994484836],[-79.57718528113595,44.04789084488612],[-79.57670918098859,44.04794474491791],[-79.57626008085388,44.04804354495621],[-79.57573898069619,44.04814234499798],[-79.5752539805509,44.04825014503948],[-79.57480478041782,44.04836694508092],[-79.57439158029706,44.04849264512222],[-79.57396938017344,44.04861844516391],[-79.57356508005397,44.0487262452017],[-79.57317887994262,44.048860945243256],[-79.57278357982925,44.04900474528682],[-79.57240627972322,44.04916644533267],[-79.57205597962341,44.04930114537254],[-79.5717504795371,44.049426945408754],[-79.57139117943689,44.04958864545376],[-79.57103187933662,44.04975034549871],[-79.57072647925361,44.04991204554114],[-79.57036707915329,44.05007374558615],[-79.57002577906127,44.05026234563497],[-79.56970237897413,44.05044204568135],[-79.5693789788886,44.05063964573085],[-79.56910047882397,44.05090914579072],[-79.56879507875071,44.05117864585184],[-79.56853457869344,44.051466145913984],[-79.5682919786411,44.05174454597371],[-79.5680314785822,44.052014046032724],[-79.56785177854833,44.05227454608632],[-79.56767217851693,44.05256204614468],[-79.56750147848923,44.05285844620414],[-79.56728587844955,44.05318184627035],[-79.56710617842222,44.0535142463365],[-79.56696247840478,44.053828646397776],[-79.56679177837867,44.054143046460325],[-79.56656727832804,44.054376646511415],[-79.56620787823428,44.05461024656887],[-79.5658305781307,44.054798846619356],[-79.5654982780374,44.05494254665996],[-79.56521977796137,44.05508634669802],[-79.56486937786966,44.055310846753464],[-79.56451007777834,44.05557144681557],[-79.56419567770386,44.05585884688024],[-79.56387227762484,44.056128346942195],[-79.56358477755893,44.05641584700562],[-79.56329737749469,44.056721247072126],[-79.56298297742754,44.057089547150795],[-79.56265957735502,44.057430947225264],[-79.56238107729041,44.05770044728512],[-79.56204867721014,44.05798784735061],[-79.56172527713277,44.05827534741572],[-79.56139297705411,44.05858074748434],[-79.56105157696776,44.05883224754403],[-79.56071017688052,44.059074847602155],[-79.56041377680366,44.05927244765038],[-79.5600544767107,44.059515047709404],[-79.55974007662965,44.0597306477616],[-79.55931777651658,44.059973147823555],[-79.55894057641058,44.06013484786936],[-79.55851827629422,44.060341447925076],[-79.55804217616314,44.060575047988046],[-79.557602076046,44.060835548053895],[-79.55717987593698,44.061122948123696],[-79.55680257584314,44.06141944819287],[-79.55640727574604,44.061742848267585],[-79.55605697566408,44.06207524834173],[-79.55573357558836,44.06238064840991],[-79.55549097553597,44.06265914846961],[-79.55524847548527,44.06295554853245],[-79.55502387543869,44.063234048591305],[-79.55479927538879,44.06347654864393],[-79.55456577533938,44.063755048703214],[-79.55432317528779,44.06404254876449],[-79.5540626752322,44.06434794882972],[-79.55380217517653,44.06465334889494],[-79.55353267511636,44.064940848957505],[-79.55329017506246,44.065201349014075],[-79.55304757500679,44.06544384906756],[-79.55276907494054,44.06569544912432],[-79.55245467486516,44.065973849187415],[-79.5520773747665,44.06621644924722],[-79.55168217466367,44.06647694931098],[-79.55125997455141,44.06672844937453],[-79.55079277442475,44.06698004944012],[-79.55030767429564,44.06726744951286],[-79.54988547418093,44.06749204957166],[-79.54946327406948,44.067752549636744],[-79.54910397397325,44.06795914968944],[-79.54876257388362,44.068174749742965],[-79.54835837377469,44.06839934980091],[-79.54795417366817,44.06865084986354],[-79.54756787357228,44.06895624993469],[-79.5471995734821,44.06926175000504],[-79.54678627337675,44.06955815007592],[-79.54638207327595,44.06987255014945],[-79.54597787318004,44.070240850232345],[-79.54562747309889,44.07058225030806],[-79.54528617301983,44.070914650381745],[-79.5449896729543,44.071238050451804],[-79.54466627288342,44.071597350529274],[-79.54436087282397,44.072019550616865],[-79.54411837278384,44.07243275069993],[-79.5438757727429,44.07283705078146],[-79.54363327270278,44.07325025086448],[-79.5434086726668,44.07364555094356],[-79.54316607263394,44.07413955104062],[-79.54296847261146,44.07458875112785],[-79.54279777259104,44.07496605120126],[-79.54264507257885,44.07537025127849],[-79.54248337256705,44.07581045136244],[-79.54232167255275,44.076223651441715],[-79.54213307252988,44.076636851522174],[-79.5419803725128,44.0769872515901],[-79.5418365725002,44.07735555166071],[-79.54168387248556,44.07773285173333],[-79.54153117247172,44.07811915180746],[-79.5413425724513,44.07855925189263],[-79.541189772444,44.07901745197921],[-79.54106407243636,44.07937675204743],[-79.5409203724205,44.07970915211179],[-79.540758672403,44.08008645218482],[-79.54059697238225,44.08042775225158],[-79.54041727235484,44.08076015231765],[-79.5402735723317,44.081011652368],[-79.54006697229573,44.08134405243535],[-79.5398063722523,44.081784252523924],[-79.53954587220966,44.08223345261404],[-79.53932127216714,44.082556752680645],[-79.53915967213989,44.08282625273496],[-79.53899797211099,44.0830778527862],[-79.53880027207298,44.08335625284377],[-79.53857567202553,44.08362575290106],[-79.53837807198352,44.08385935295087],[-79.53815347193037,44.084065952997264],[-79.53787507186165,44.084290553049264],[-79.53756067178062,44.08450615310143],[-79.53733607171769,44.08460495312919],[-79.53713837166339,44.08470375315561],[-79.53695877161084,44.08475765317344],[-79.5367431715484,44.084829553196],[-79.53614127135904,44.084865453230606],[-79.5360244713616,44.08530565331241],[-79.53600657136968,44.0854583533397],[-79.53598857137945,44.08562905337015],[-79.53595267138915,44.08586255341228],[-79.53592567139923,44.08606925344936],[-79.53592567142367,44.086338753496044],[-79.53590777144076,44.08659025354053],[-79.53590777145625,44.08676095357006],[-79.53589877147621,44.08701245361411],[-79.5359077715084,44.087335853669686],[-79.53590777153285,44.08760535371637],[-79.53592567156223,44.08786585376069],[-79.5359526715978,44.088162253810744],[-79.53598857163128,44.088404853851124],[-79.53600657165981,44.08865635389384],[-79.53602447168598,44.08888095393194],[-79.53607837172682,44.08914145397451],[-79.53614127176981,44.089392954015096],[-79.53620417181845,44.089707354066654],[-79.53626707186383,44.08998585411192],[-79.53632097190554,44.09025535415607],[-79.53636587193782,44.090452954188166],[-79.53641977198198,44.09074945423704],[-79.5364826720282,44.091036854283864],[-79.53652757207026,44.09134235433465],[-79.53658147211442,44.09163875438349],[-79.53661737215444,44.09195315443625],[-79.53668027220391,44.09227655448932],[-79.53674317225261,44.09259095454078],[-79.53680607229556,44.092842554581445],[-79.53687787234054,44.09308505462007],[-79.53694077238104,44.09330965465599],[-79.53706657246448,44.09378575473255],[-79.53758757263779,44.09385755472043],[-79.53778517270509,44.093902554718916],[-79.53800977278182,44.09395645471768],[-79.53828827288076,44.09406425472324],[-79.53869247302315,44.09420795472906],[-79.53901587313807,44.09433375473563],[-79.53927637323198,44.094450454743544],[-79.53955487333504,44.09460325475692],[-79.53987827345316,44.094764854769615],[-79.54016577356147,44.09494455478717],[-79.54048917368456,44.09516015480931],[-79.5407136737727,44.09533985482984],[-79.54105507390807,44.095627254863544],[-79.54142337405203,44.095914754895986],[-79.54173777417626,44.09617525492625],[-79.54199827428249,44.09642675495756],[-79.54230377440796,44.09673225499605],[-79.54262707453995,44.09704665503525],[-79.54298647468191,44.09734305506967],[-79.54334577482948,44.09770235511497],[-79.54366017495786,44.098007855153035],[-79.54389377505628,44.098268355187166],[-79.54416327517026,44.09857375522734],[-79.54445967529362,44.09888815526781],[-79.5447201754023,44.0991666553038],[-79.54498067551017,44.09943615533819],[-79.54520527560078,44.09964275536335],[-79.54542987569471,44.09988525539476],[-79.54564547578245,44.100091955420375],[-79.54588797588211,44.100334455450934],[-79.54612157597481,44.10053205547418],[-79.54629227604491,44.10070275549567],[-79.54648087612401,44.10090935552257],[-79.54666057620034,44.10111595554988],[-79.54685817628477,44.10134955558101],[-79.54700187634623,44.1015202556038],[-79.54712767640365,44.101708855630534],[-79.54722647644913,44.101861555652334],[-79.54732527649298,44.10199635567098],[-79.54742417654015,44.10216705569587],[-79.54748697657169,44.1022927557147],[-79.5475498766016,44.10240055573043],[-79.54763967664013,44.10250835574484],[-79.54753187663256,44.10280485580124],[-79.54743307664175,44.1032539558837],[-79.54731637663701,44.10361335595144],[-79.54721747664132,44.10400855602456],[-79.54711867664882,44.104439756103865],[-79.54691207662275,44.10487995618987],[-79.54684017663561,44.1052751562617],[-79.5467773766433,44.105580656317535],[-79.54676837667795,44.10599385638954],[-79.54670547669944,44.10645195647183],[-79.54654377670077,44.10703585658056],[-79.54643597676012,44.10806895676456],[-79.5463101768709,44.10973085705824],[-79.54634617692975,44.11025185714675],[-79.54657077703676,44.110638157203056],[-79.5464090769907,44.11070105722154],[-79.54652577710972,44.111599357371595],[-79.54743307743682,44.11200355739875],[-79.54753537747315,44.11204315740084],[-79.54792397757738,44.11182155734409],[-79.54842227770277,44.11144645725566],[-79.54846657771434,44.11141755724854]],[[-79.54599577690088,44.11116815732197],[-79.5464090769915,44.11070995722311],[-79.54604967688957,44.11085375726494],[-79.54599577690088,44.11116815732197]],[[-79.54605867699284,44.111958657455865],[-79.54599577690333,44.11119505732659],[-79.54599577690496,44.111213057329714],[-79.546004776925,44.111401657361945],[-79.54590597701745,44.11276715760305],[-79.54595987700368,44.11242575754138],[-79.54605867699284,44.111958657455865]],[[-79.52638937990693,44.213045075862404],[-79.52644107992242,44.21303347585794],[-79.5264887799399,44.21305717585978],[-79.52650137994452,44.21306347586026],[-79.52651137994775,44.21306407585991],[-79.52666408000898,44.213198775875945],[-79.5267718800493,44.2132616758817],[-79.52689758009615,44.2133335758882],[-79.52697568012591,44.213385575893454],[-79.52700228013595,44.21340187589504],[-79.52701308014,44.213408575895656],[-79.52715818019195,44.21346827589911],[-79.52722218021714,44.21351947590491],[-79.52729158024366,44.21356657590977],[-79.52734058026418,44.21361947591658],[-79.52739168028481,44.21366597592221],[-79.52744948030987,44.21373707593177],[-79.52751108033566,44.21380347594029],[-79.52758728036983,44.21390997595511],[-79.5276072803785,44.21393547595855],[-79.5276310803894,44.21397107596356],[-79.52768028041146,44.214039775973085],[-79.52772668043295,44.21411237598343],[-79.5277779804562,44.21418697599389],[-79.52784088048537,44.21428577600796],[-79.52786778050385,44.21439357602533],[-79.52789478052154,44.214492376041115],[-79.52790328052541,44.21450457604281],[-79.52800888057217,44.21464627606226],[-79.52806548059677,44.214716976071834],[-79.52817328064364,44.214851676089985],[-79.52822848066945,44.21494097610279],[-79.52829408069854,44.2150289761149],[-79.5284509807699,44.21525987614731],[-79.52846068077432,44.215273876149276],[-79.52846998077857,44.215287876151216],[-79.52857178082485,44.21543767617231],[-79.52861318084513,44.21551387618347],[-79.52867628087542,44.21562427619957],[-79.52873918090624,44.215741076216766],[-79.52881998094611,44.21589377623931],[-79.52888288097859,44.216028476259595],[-79.52895478101718,44.21619917628568],[-79.52899068104347,44.21636087631187],[-79.52900868105992,44.21647767633118],[-79.52901118106244,44.216496676334344],[-79.52904348108798,44.21666287636154],[-79.52908058111008,44.216774076378975],[-79.52908948112274,44.21688187639713],[-79.52908058113061,44.21699867641772],[-79.5290804811306,44.21699927641785],[-79.52906268115555,44.217334676476575],[-79.52893228118332,44.21809537661406],[-79.52897278121183,44.218265276641475],[-79.52921528127148,44.21806767659591],[-79.5295116813467,44.217852076544695],[-79.52970938139528,44.217690376507406],[-79.52985308142655,44.21752867647272],[-79.52998788145334,44.21734907643532],[-79.53009568146977,44.217151376396096],[-79.53023038149574,44.21696277635716],[-79.53036508152,44.216756176315094],[-79.53051788154676,44.216513576266024],[-79.53063458156284,44.21628007622021],[-79.53074238157433,44.21602847617167],[-79.53081428157522,44.21578597612639],[-79.53090408157938,44.215516476075614],[-79.53094008156296,44.215211076021205],[-79.53099398155068,44.2148876759628],[-79.53106578154411,44.2145642759036],[-79.5311376815409,44.21427677585056],[-79.53123648154875,44.21401627580089],[-79.5313262815537,44.2137557757517],[-79.53139818155454,44.21351317570639],[-79.53145208154966,44.21327067566201],[-79.53152398155218,44.2130460756198],[-79.53159578155548,44.2128304755792],[-79.53164078155513,44.21266877554917],[-79.53166768155221,44.21254307552618],[-79.53169468154935,44.21241727550316],[-79.53171258154201,44.21227357547753],[-79.53172158153336,44.21214777545535],[-79.53173058152393,44.212013075431685],[-79.53173958151207,44.211851375403356],[-79.53170358148819,44.21171657538178],[-79.53168568147015,44.21158187535937],[-79.5316317814381,44.21142017533398],[-79.53158688140896,44.211258475308206],[-79.53155988138636,44.21110577528311],[-79.5315239813576,44.210917075252254],[-79.53148798132716,44.21071047521827],[-79.53144308129146,44.21047687518007],[-79.53143408126554,44.21022537513707],[-79.53139818122696,44.20992897508757],[-79.53137128119293,44.20965047504077],[-79.53138018116783,44.20934507498763],[-79.53138918113956,44.209003674928226],[-79.53138018110708,44.2086802748728],[-79.53136228106933,44.208329974813175],[-79.53138918104763,44.20799757475449],[-79.53144308103617,44.20768317469764],[-79.53154188104237,44.2074046746449],[-79.53169468106502,44.207117174588014],[-79.53187428109467,44.20681177452677],[-79.53207188112842,44.20648837446164],[-79.53223358114987,44.20615597439655],[-79.53238638117254,44.20586857433971],[-79.5325390811985,44.20561707428906],[-79.53265578121292,44.205365474240075],[-79.53280858123476,44.205069074181694],[-79.53299718126317,44.20471867411228],[-79.53313198127601,44.20438637404849],[-79.53325768128838,44.20408087398983],[-79.53340148130737,44.20378447393181],[-79.53350918131478,44.20348797387551],[-79.53360808132186,44.20321857382435],[-79.53367988132106,44.2029579737759],[-79.53373378131454,44.202697473728406],[-79.53380568131703,44.202472973686234],[-79.53383258130187,44.20221237363996],[-79.53388648129452,44.20194287359086],[-79.53391348127855,44.201673373543045],[-79.53392248126092,44.20144887350386],[-79.53393148124167,44.201206273461494],[-79.5339493812277,44.20099067342342],[-79.53393148120556,44.20081107339328],[-79.53391348118419,44.20064037336462],[-79.53385958114721,44.200424773329964],[-79.53379668110493,44.200182173291],[-79.53371588105686,44.19993967325297],[-79.53364398101499,44.19973307322068],[-79.53352718095952,44.199535473192036],[-79.53341038090487,44.199346773165004],[-79.53331158086011,44.19920307314483],[-79.53321278081856,44.199095273130894],[-79.53309598076966,44.19896947311468],[-79.53299718072489,44.198825773094555],[-79.53292528069204,44.1987179730793],[-79.5328264806464,44.1985652730576],[-79.53272768060164,44.19842147303745],[-79.53261088055109,44.19827777301812],[-79.53245818048332,44.1980711729897],[-79.53226958040732,44.1979004729691],[-79.53211688034116,44.19771187294375],[-79.53195518027461,44.19755017292342],[-79.53182038021829,44.197406472905016],[-79.53169468016571,44.19727167288766],[-79.53157788011681,44.19714587287146],[-79.53147908007779,44.19706507286216],[-79.53136228002725,44.19692137284287],[-79.53124547997425,44.1967506728189],[-79.53111067991628,44.196588972797365],[-79.53101187987234,44.196454172778736],[-79.53091307982676,44.196301472757035],[-79.53081427978117,44.19614877273531],[-79.53067957972164,44.195969072710646],[-79.53054477966204,44.195789472685966],[-79.53040107959794,44.19559187265865],[-79.53028427954658,44.195439072637775],[-79.53016747949522,44.195286372616906],[-79.53005067944056,44.195097772589854],[-79.5299339793909,44.19496297257204],[-79.5298171793412,44.1948282725543],[-79.52973627930379,44.194702472536434],[-79.52963747925656,44.1945317725116],[-79.52954767921221,44.194361172486374],[-79.5294847791806,44.19423537246758],[-79.52941287914442,44.194091672446184],[-79.5293769791157,44.19390297241528],[-79.52930507907219,44.1936783723799],[-79.52923327903362,44.193507772353776],[-79.52911647897241,44.19324727231433],[-79.52906257893054,44.1929777722703],[-79.52903557889731,44.19270827222503],[-79.52899967885791,44.19240277217393],[-79.52895477881479,44.19208837212176],[-79.52890087877545,44.19184587208239],[-79.52890087875411,44.191612272042036],[-79.5289008787287,44.19133377199394],[-79.52894577871191,44.19099247193286],[-79.52901767869801,44.190588171859595],[-79.52909847868375,44.19014807177973],[-79.5291972786785,44.18974377170522],[-79.52931407867902,44.18933957162987],[-79.5294398786832,44.18894427155565],[-79.52959257869851,44.18857597148481],[-79.52975427871756,44.18821667141508],[-79.52986207872256,44.18789327135409],[-79.53000577873992,44.187578871293],[-79.53010457874696,44.18730937124177],[-79.53019447875447,44.187075771197165],[-79.53026627875533,44.18683327115186],[-79.53035617876279,44.18659967110724],[-79.53044597876617,44.18632117105489],[-79.5305627787757,44.186015770996605],[-79.5307064787881,44.18564747092618],[-79.53084127879933,44.18529717085926],[-79.53102087882736,44.18497377079487],[-79.5311915788525,44.184650370730964],[-79.53133527886904,44.184326970668295],[-79.5314700788827,44.18400357060604],[-79.53163177890333,44.183662170539435],[-79.53180247892524,44.18330287046926],[-79.53200907895372,44.18288967038808],[-79.5321886789768,44.182512370314434],[-79.53232347899049,44.182188970252156],[-79.53244027900084,44.181892470195415],[-79.53260187902312,44.18156917013193],[-79.53279957905202,44.181191870057354],[-79.53300617907806,44.18075166997151],[-79.53315887908927,44.18033846989293],[-79.5332846790902,44.17990726981242],[-79.53341937909727,44.17951196973776],[-79.53352717909821,44.17914366966904],[-79.53361697909833,44.178829269610425],[-79.53370687910251,44.17855976955965],[-79.53380567910791,44.17827226950529],[-79.53389547910884,44.17796686944828],[-79.53394937909826,44.17766146939292],[-79.53398537908107,44.17734706933689],[-79.53402127906391,44.177032669280855],[-79.53404817904303,44.17670926922367],[-79.53412907903862,44.17637686916241],[-79.5342368790445,44.176062469103016],[-79.53436257905604,44.17574806904269],[-79.53447937906478,44.17543366898286],[-79.53454227906195,44.175182068936394],[-79.53461417906782,44.17499346890039],[-79.53462317905428,44.1748137688689],[-79.53465007903998,44.1745622688242],[-79.53466807901873,44.17426586877207],[-79.53465907898959,44.17397836872285],[-79.53464107895849,44.173699868675534],[-79.53463207893262,44.1734483686325],[-79.53460517889619,44.173142968580976],[-79.53456027885146,44.17281056852565],[-79.53448837879571,44.17245126846692],[-79.53443447875223,44.17216376841977],[-79.53435367869443,44.171813468363055],[-79.53421887862174,44.17149006831352],[-79.53406617854417,44.171175568266364],[-79.53391347846743,44.17087016822078],[-79.53377867839804,44.17058276817746],[-79.53364397832787,44.17028626813259],[-79.53351817825643,44.16994496807953],[-79.53338347818217,44.169603568026915],[-79.53325767811407,44.16929816798006],[-79.5331049780365,44.168983767932886],[-79.53290737794615,44.16868726789097],[-79.53273667786206,44.16836386784312],[-79.53255697777831,44.168076467801924],[-79.53240427770403,44.167797967761],[-79.53229647765146,44.1676003677319],[-79.5321886775989,44.16740266770282],[-79.53209887755463,44.16723196767759],[-79.53200007750574,44.167043367649654],[-79.5319101774606,44.16686366762278],[-79.53177547739782,44.16664806759187],[-79.53161377732553,44.166423567560685],[-79.53146107725125,44.16614506751979],[-79.53130837717369,44.165830667472655],[-79.53115567709612,44.16551626742548],[-79.53106577704034,44.16521976737847],[-79.53101187700098,44.16497726733908],[-79.5310028769752,44.164725667295976],[-79.53103887696294,44.16446516724928],[-79.53112867695978,44.1641148671845],[-79.53120057695091,44.163764467120515],[-79.53132627696007,44.16342316705557],[-79.53144307696965,44.16311776699726],[-79.53164967700955,44.16283026693778],[-79.53187427705694,44.16256076688057],[-79.5320988771068,44.16231826682803],[-79.53236837717591,44.16212956678271],[-79.53259297723307,44.161967866744114],[-79.53288937731247,44.16179716670058],[-79.53327567741324,44.16154566663886],[-79.53360807749677,44.1612941665797],[-79.5339493775856,44.16106956652471],[-79.53425487766376,44.16085396647302],[-79.53462317776204,44.16063836641836],[-79.5350902778912,44.1604137663575],[-79.53548547799892,44.160207166303096],[-79.53587177810381,44.1600005662491],[-79.53626707821236,44.1598029661963],[-79.53670727833205,44.15956936613512],[-79.53710247844054,44.15937176608226],[-79.53746177853924,44.15919206603422],[-79.53786607864907,44.158976465977844],[-79.53833317877162,44.15868006590454],[-79.5387373788773,44.15841956584043],[-79.53905187895263,44.158141065777386],[-79.53937517903492,44.157907465721735],[-79.5396357790938,44.1576379656628],[-79.53986927914235,44.157350565602115],[-79.54006697918192,44.157090065547756],[-79.54023757921526,44.156856465499295],[-79.54037237924042,44.15665886545872],[-79.54046217925037,44.1564522654188],[-79.54056997926357,44.156218665373316],[-79.54074967929579,44.15594016531664],[-79.54091137931889,44.155625765254634],[-79.54104607933336,44.15531136519394],[-79.5411987793536,44.15499696513233],[-79.54131557936319,44.154691565073996],[-79.54136947935424,44.15440406502173],[-79.5414143793416,44.15410766496837],[-79.54146827933104,44.15380216491298],[-79.54154917932586,44.15346086485012],[-79.54162097932101,44.15315536479394],[-79.54165697930719,44.15287696474407],[-79.54166597927895,44.152535564684584],[-79.54174677927371,44.15219416462175],[-79.54177377924884,44.151825864556805],[-79.54179167922673,44.15152046450312],[-79.54178267919846,44.15124196445536],[-79.54179167917191,44.150918564399035],[-79.54180067914123,44.15055026433486],[-79.54181867911672,44.15021786427654],[-79.54184557909672,44.14990346422092],[-79.54183657906844,44.149625064173165],[-79.54184557905009,44.14939146413235],[-79.54189947904601,44.1491578640894],[-79.54195337903874,44.14888836404024],[-79.54199827903105,44.14864586399617],[-79.5420521790311,44.148457263961],[-79.5421420790452,44.148295563928805],[-79.54223187905923,44.14813386389663],[-79.54233967908144,44.147999063868205],[-79.54242947909711,44.14785536383907],[-79.54248337910782,44.14778346382414],[-79.54258217913045,44.147684663802394],[-79.54266307914654,44.1475768637799],[-79.54277087916716,44.1474241637484],[-79.54292357919641,44.1472085637039],[-79.5430762792265,44.147001963660955],[-79.54324697925902,44.14675936361095],[-79.54345357930062,44.14648986355457],[-79.54368717935006,44.146211463495376],[-79.54394767940812,44.14593296343493],[-79.54420817946612,44.145654463374434],[-79.54441477951184,44.14542986332585],[-79.54461237955873,44.14525026328543],[-79.54488187962863,44.14507056324164],[-79.54511547968869,44.144908863202595],[-79.54531307973565,44.14472916316219],[-79.54548377977635,44.144576463127706],[-79.5456723798179,44.14436986308312],[-79.54582517984967,44.14418126304328],[-79.54597787987811,44.143956662997184],[-79.54613057990817,44.14375006295424],[-79.5462832799366,44.1435254629082],[-79.54637307994493,44.143300862865075],[-79.54648087995895,44.143076262821126],[-79.5465976799759,44.14285176277682],[-79.54671447998794,44.14257326272309],[-79.54683127999914,44.14228576266785],[-79.54695698001325,44.14199836261219],[-79.54709178002939,44.14170186255454],[-79.54719058003074,44.141369462492385],[-79.54727138002306,44.141001162424864],[-79.54729837999821,44.1406328623599],[-79.54736127998481,44.14026456229316],[-79.54743307997752,44.139932162232284],[-79.54750497997271,44.13962676217604],[-79.54757687996467,44.139285462113605],[-79.54763077994923,44.138926062048895],[-79.54766667992882,44.138575761986615],[-79.54768467990351,44.138234361926685],[-79.54771157988183,44.13790196186791],[-79.5477295798598,44.13759656181423],[-79.54773857983405,44.13728216175944],[-79.54774747980747,44.13695876170304],[-79.54778347978956,44.136635361645375],[-79.54779247976545,44.13633896159365],[-79.54781937974874,44.136060461544204],[-79.54783737972916,44.13578196149521],[-79.54787327971367,44.13548556144219],[-79.5478373796711,44.13514416138486],[-79.54781037962807,44.13476686132081],[-79.5477834795876,44.1344165612615],[-79.54775647954871,44.134084161205216],[-79.54772957951309,44.13378776115524],[-79.54767567947293,44.13353616111424],[-79.54762177943277,44.13328466107327],[-79.54754987938527,44.13301516103002],[-79.54746007932954,44.13271876098298],[-79.54736127927175,44.13243126093793],[-79.54729837922383,44.13212586088806],[-79.54720857916729,44.131820460839435],[-79.54710967910782,44.1315149607912],[-79.54704687906398,44.131254460749126],[-79.54696597901356,44.130984960706314],[-79.5468940789628,44.13067956065687],[-79.54682227891364,44.13039206061048],[-79.54677737887395,44.13011366056444],[-79.5467413788428,44.12989806052883],[-79.546714478817,44.129709360497415],[-79.54667857878262,44.12945786045559],[-79.54671447876632,44.12915246040104],[-79.54674137874716,44.128846960346934],[-79.54684017875263,44.12855956029255],[-79.54690307874742,44.12828106024135],[-79.54699297874845,44.12797566018424],[-79.54704687874032,44.127697160133536],[-79.54712767874169,44.12742766008307],[-79.54719057873974,44.127185060038094],[-79.54726247874399,44.12697845999899],[-79.54733427875063,44.12679885996449],[-79.54739717875358,44.1266101599289],[-79.5475139787681,44.12635865987982],[-79.54763077878341,44.12611615983238],[-79.54777447880241,44.12581965977423],[-79.54798107883586,44.125460359702345],[-79.54816077886314,44.125127959636295],[-79.54835837890028,44.12484045957724],[-79.5485469789345,44.124553059518604],[-79.54866377895227,44.12433745947573],[-79.54875367896386,44.12414875943887],[-79.54882547897132,44.12397815940595],[-79.54888837897917,44.12384335937965],[-79.54893327898378,44.12373555935885],[-79.5489961789941,44.12362775933727],[-79.5490859790106,44.12349305930966],[-79.54921177903533,44.12332235927422],[-79.54937347906579,44.12308875922616],[-79.54956207910166,44.122819259170605],[-79.54975977913962,44.12254085911307],[-79.5499573791751,44.12223535905085],[-79.55011907919989,44.12193895899196],[-79.5502448792173,44.12168745894249],[-79.55044247925356,44.121390958881854],[-79.55061317928045,44.12108555882093],[-79.5507568792929,44.120717258750346],[-79.55090957931073,44.12037585868409],[-79.55106227933018,44.12005245862091],[-79.55120607935086,44.11977395856592],[-79.55131387936498,44.119549458521966],[-79.55146657938934,44.11927995846811],[-79.5517090794351,44.118929558396005],[-79.55192467947062,44.11856125832209],[-79.5520863794913,44.11821995825537],[-79.5522031795001,44.11790555819541],[-79.55231097951011,44.11763605814366],[-79.55242777952868,44.117429358102385],[-79.55250857953983,44.11726765807062],[-79.55260737955756,44.11711495803952],[-79.55268827957363,44.117007158017024],[-79.55281397960081,44.116863457986184],[-79.55301167964367,44.11663885793801],[-79.55318237967951,44.11643225789417],[-79.55330807971485,44.11637835787889],[-79.55352367977405,44.11627055785011],[-79.55373027982957,44.11615375782011],[-79.55396387989781,44.116081957796666],[-79.55407167992736,44.11602805778223],[-79.55320927962117,44.1156956577654],[-79.54790027779458,44.11429425777331],[-79.54583407708837,44.11380015778529],[-79.54579817719936,44.11514765802023],[-79.54578917724791,44.11571365811869],[-79.54559157732677,44.11727665839857],[-79.54517837719696,44.11730365842273],[-79.54502567715141,44.117339558436136],[-79.54490887711648,44.117366558446314],[-79.54474717706631,44.117384458457096],[-79.54461237702725,44.11742935847121],[-79.54445067697961,44.11747435848664],[-79.5442889769303,44.11750125849893],[-79.5441183768781,44.11752825851164],[-79.54394767682678,44.11756415852592],[-79.5437859767799,44.11761805854289],[-79.54361527673096,44.11768095856183],[-79.54343557668079,44.11776175858425],[-79.54321107661792,44.117860558611945],[-79.54303137657104,44.11797735864065],[-79.5428516765266,44.11812105867403],[-79.54267207648869,44.11833665871982],[-79.54250137645616,44.11857925876984],[-79.54233967642723,44.118830758821055],[-79.54224087642093,44.11910925887392],[-79.54214207642117,44.11945955893919],[-79.54206117642957,44.11983685900836],[-79.54198927643922,44.12019625907394],[-79.54191747645216,44.120591459145736],[-79.54188147647906,44.12101365922054],[-79.54183657650388,44.121444859297256],[-79.54181867653735,44.121876059372795],[-79.54175577655889,44.12233415945504],[-79.54168387658324,44.1228552595486],[-79.54157607659532,44.12336725964231],[-79.54145037660082,44.12387035973533],[-79.54131557660179,44.124355459825644],[-79.54112697658961,44.1248854599263],[-79.54090237656432,44.12539746002548],[-79.54064187652666,44.12590056012486],[-79.54040827649354,44.12635866021516],[-79.54011187644683,44.12688866032091],[-79.53986027641129,44.12738276041826],[-79.53957287636669,44.127903760522045],[-79.53925847630849,44.12837086061769],[-79.53896197626098,44.12889186072184],[-79.5386026761958,44.12943986083362],[-79.53821637612033,44.129969860943596],[-79.53787507605112,44.130410061035896],[-79.53751567598022,44.13089516113679],[-79.53712947590155,44.1313892612405],[-79.53670727581215,44.1318922613475],[-79.53621317570297,44.13243126146409],[-79.53569217558523,44.13297026158195],[-79.53515317545762,44.13346436169285],[-79.53466807533827,44.13385956178414],[-79.53418297521894,44.134254861875434],[-79.53374277510743,44.13457826195218],[-79.53329367498651,44.13482976201688],[-79.53285347486931,44.13509026208275],[-79.53238637474507,44.13536876215295],[-79.5319191746192,44.1356292622201],[-79.53146107449705,44.135898762288356],[-79.5310118743802,44.136195162360806],[-79.53058067426426,44.136437762423164],[-79.53015847415033,44.136671362483504],[-79.52975427403972,44.136877962538286],[-79.52937697393605,44.13706656258873],[-79.52897277382463,44.137264162642026],[-79.52858647371485,44.13741696268666],[-79.52811937358165,44.1375965627398],[-79.52770607345997,44.13771336277951],[-79.52731087334077,44.13779416281212],[-79.52692457322199,44.13784806283969],[-79.52655627310817,44.13789306286484],[-79.52621487299966,44.1379019628825],[-79.52579267286528,44.13791096290395],[-79.52546927276092,44.13790196291769],[-79.525100972643,44.137901962935054],[-79.52474167252883,44.137910962953534],[-79.524364372408,44.13791096297133],[-79.52404997230981,44.137937962990826],[-79.52376247222101,44.13797386301061],[-79.52350197214412,44.13804576303535],[-79.52332237209482,44.13813556305939],[-79.52314267204875,44.13826136308959],[-79.52301687202231,44.13841406312197],[-79.52293607201443,44.13861166316],[-79.52283727200324,44.13883626320349],[-79.52277437199531,44.13897096322976],[-79.52273837199772,44.13912376325791],[-79.52267557199637,44.13933036329665],[-79.52261267199015,44.13948306332603],[-79.52254077198754,44.139707663368256],[-79.52243297197674,44.139968163418445],[-79.52233417197046,44.14024666347127],[-79.52220837194976,44.14046216351451],[-79.52212757194025,44.140641863549405],[-79.52207367193442,44.140767663573705],[-79.52174127186885,44.14121676366712],[-79.5220736720145,44.14164796372602],[-79.52214557205554,44.141845663756826],[-79.5222083720887,44.14198936377874],[-79.52228927213012,44.14216006380449],[-79.52235217216332,44.14230376382635],[-79.52243297220639,44.14249236385516],[-79.52251387224374,44.14261816387314],[-79.52257677227858,44.14277986389814],[-79.5226485723171,44.142950563924295],[-79.522756372368,44.143130163950254],[-79.52281927239794,44.14323796396596],[-79.52285517242005,44.14335476398446],[-79.52291807245408,44.143507464007925],[-79.52295397247701,44.143633264027976],[-79.52295397248601,44.14373206404506],[-79.52295397249745,44.14385786406685],[-79.5229180725023,44.144037464099576],[-79.52288217250879,44.14423516413549],[-79.5228282725095,44.144432764172244],[-79.52279227251356,44.1446034642035],[-79.52274737251383,44.144765164233576],[-79.52272947252611,44.14496276426858],[-79.52269347253417,44.145178364307554],[-79.52269347255134,44.145366964340184],[-79.5226934725677,44.14554666437132],[-79.52271147259226,44.145753264406174],[-79.52272947261194,44.14590596443174],[-79.52281027265332,44.14607666445747],[-79.52287317269068,44.14626536448717],[-79.52295397273369,44.146453964515985],[-79.52303487277514,44.14662466454165],[-79.5230977728108,44.14679536456823],[-79.52315167284442,44.14697496459677],[-79.52317857286533,44.14710976461884],[-79.52321457288991,44.147253464641956],[-79.52321457290545,44.14742416467151],[-79.52321457292015,44.147585864699465],[-79.52319657292827,44.14773856472673],[-79.52315167292537,44.14786436475064],[-79.5230528729109,44.14805296478793],[-79.52292707288694,44.148232664824945],[-79.5228102728659,44.14841226486149],[-79.52270247284368,44.14854706488991],[-79.5226036728243,44.148681764917846],[-79.5224419727913,44.14888836496124],[-79.52237007278221,44.14904116499109],[-79.52224437275422,44.14917586502032],[-79.52211857272943,44.149346565055794],[-79.5220197727068,44.14944536507752],[-79.52195687269648,44.149553165099164],[-79.52184007267297,44.14970586513108],[-79.5216783726384,44.14989456517132],[-79.52159757261983,44.149975365189164],[-79.52151667260131,44.15005626520697],[-79.5213909725668,44.150119065223734],[-79.52129217254166,44.15019096524085],[-79.52118437251373,44.15026286525834],[-79.52103167247219,44.15034366527957],[-79.52084297241909,44.150424565302465],[-79.52066327236649,44.150478465320205],[-79.52050157231879,44.15052336533565],[-79.52036687228461,44.15062216535908],[-79.52036687229524,44.15073896537929],[-79.520402772319,44.150873665400866],[-79.52050157236458,44.15102636542263],[-79.52061837241425,44.15116116544045],[-79.52071717245325,44.15124196544975],[-79.52080707248774,44.151304865456424],[-79.52095077254685,44.151448565474475],[-79.52102267258047,44.15156536549128],[-79.52108557261212,44.1516911655101],[-79.52108547262105,44.15178996552719],[-79.52106757262843,44.151933665552846],[-79.52100467262301,44.15209536558383],[-79.52095077261801,44.15223016560965],[-79.52088787261096,44.15237386563749],[-79.5208249726014,44.152490665660665],[-79.52078907260052,44.15260746568255],[-79.520717172589,44.15273316570772],[-79.52063637257697,44.15288586573793],[-79.52060047257449,44.15298476575675],[-79.5205195725592,44.153101465780715],[-79.52047467255548,44.15321826580306],[-79.52037587254267,44.153424865843455],[-79.52033987254174,44.15354166586536],[-79.52024107252483,44.153703365897954],[-79.52017817251452,44.15381116591961],[-79.52011537250584,44.15393696594431],[-79.52006147250742,44.154143565982594],[-79.52002547250487,44.15424236600138],[-79.52002547252042,44.15441306603092],[-79.52002547253349,44.15455676605572],[-79.52001657254046,44.15466456607483],[-79.51997157254323,44.15485326610958],[-79.5199266725395,44.15496996613189],[-79.519890772537,44.1550688661507],[-79.51981887252703,44.15521256617891],[-79.51972907250561,44.15529336619716],[-79.51960327247271,44.15537426621707],[-79.51948647244186,44.155446066235],[-79.51936977241105,44.15551796625293],[-79.51918107235386,44.155553866268036],[-79.51903737230863,44.15556286627641],[-79.51892057227123,44.15556286628192],[-79.51877687222444,44.155553866287114],[-79.51865107218248,44.15553596628997],[-79.51845347211186,44.1554550662853],[-79.51831867206214,44.15538326627922],[-79.51819297201537,44.15531136627275],[-79.51803127195373,44.15520356626173],[-79.51793247191885,44.155167666260176],[-79.51776177186254,44.15514966626512],[-79.51766297183582,44.15520356627911],[-79.51766297184889,44.155347266303984],[-79.51772577187803,44.1554460663181],[-79.51780667191784,44.155598866340675],[-79.5179234719716,44.15577846636624],[-79.51804027202209,44.155922266385595],[-79.51813907206598,44.15605696640422],[-79.5182647721201,44.156209666424715],[-79.51834567215337,44.156290566434876],[-79.51845347219775,44.15639836644846],[-79.51855227223591,44.1564701664562],[-79.5187408723102,44.15662286647372],[-79.5188397723468,44.15667676647839],[-79.5189205723792,44.15674866648698],[-79.51904637242362,44.156793566488844],[-79.51918107247329,44.15686546649488],[-79.51932487252505,44.15692836649897],[-79.51945957257472,44.15700016650503],[-79.51958537261912,44.15704506650689],[-79.51972907267084,44.15710796651098],[-79.51989077273085,44.15719786651886],[-79.52007047279574,44.15727866652439],[-79.52019617284091,44.15733256652775],[-79.52032197288773,44.15740446653426],[-79.5204746729448,44.1574942665426],[-79.52060047299162,44.15756616654907],[-79.52071717303639,44.15764696655756],[-79.52079807306966,44.15772786656774],[-79.52087887310368,44.15781766657947],[-79.52095977313941,44.157925466594264],[-79.52104057318414,44.158132066626195],[-79.52104057319396,44.158239866644855],[-79.5210226732119,44.158500366690724],[-79.52100467321682,44.15861716671176],[-79.52097777321718,44.1587159667301],[-79.52096877322577,44.15884176675233],[-79.52092387322118,44.158949566773046],[-79.52087887322149,44.15911126680315],[-79.52084297322308,44.1592549668297],[-79.52082497322877,44.159380766852344],[-79.52076217322096,44.159515466878574],[-79.52068127321223,44.15970416691499],[-79.52060047319941,44.15984786694368],[-79.5205644731969,44.15994666696245],[-79.52046567317755,44.16008146699045],[-79.52039377316677,44.160216167017126],[-79.5202949731466,44.16034196704358],[-79.5202051731301,44.16047666707108],[-79.52011537311279,44.16060246709706],[-79.51997157308311,44.16078206713493],[-79.51980987304688,44.16095276717204],[-79.5196571730127,44.16111446720724],[-79.51955837299089,44.16122226723051],[-79.5194775729748,44.16133006725298],[-79.51929787293362,44.16150976729255],[-79.51911817289,44.16166246732743],[-79.51893857284963,44.16185106736851],[-79.51876787280885,44.16200376740297],[-79.51860617277102,44.162156567437044],[-79.518426472729,44.16232716747503],[-79.51829177269569,44.162434967500054],[-79.51819297267552,44.16256076752644],[-79.51800427262896,44.16271346756175],[-79.5178874726022,44.162830267587466],[-79.51776177257257,44.1629470676136],[-79.51765397254626,44.16303686763421],[-79.51755517252357,44.16313566765596],[-79.51742037249272,44.16327046768565],[-79.5172946724598,44.16335126770551],[-79.51722277244575,44.163450067726],[-79.51703407239764,44.16358486775822],[-79.51690837236882,44.16371056778589],[-79.51678257233586,44.16379146780583],[-79.51671077232103,44.16388126782475],[-79.51654907228237,44.164025067857246],[-79.51646817226464,44.1641148678766],[-79.51636937224119,44.16420466789675],[-79.516243572214,44.16434836792756],[-79.51616277220201,44.16450116795776],[-79.51540817207407,44.16574976820932],[-79.51530037206489,44.166028268262544],[-79.51520157202671,44.16595636825474],[-79.51510277199016,44.16590246825014],[-79.51498597194457,44.16581266824011],[-79.51486017189283,44.16568686822426],[-79.51474337184234,44.16554316820497],[-79.5146625718058,44.16542636818858],[-79.5145547717582,44.16528266816879],[-79.51448287172207,44.16513896814737],[-79.5144379716938,44.16498626812308],[-79.51443797168317,44.1648694681029],[-79.51445597167913,44.164761668083365],[-79.51450087167547,44.16456396804707],[-79.51454577168083,44.164465168027874],[-79.5145996716883,44.16435736800667],[-79.51465357169656,44.16425856798706],[-79.51474337171389,44.16413286796107],[-79.51480627172585,44.164042967942585],[-79.51486917173861,44.16396216792566],[-79.5149679717588,44.16383636789921],[-79.51504887177488,44.16372856787677],[-79.51512967179097,44.16362076785432],[-79.51522847181033,44.16348606782637],[-79.5153093718248,44.163360267800755],[-79.51539017184082,44.16325246777835],[-79.51550697186842,44.16314466775417],[-79.51564177189769,44.162991967721396],[-79.5157135719117,44.16289316770092],[-79.51577647192364,44.16280326768244],[-79.51585737194138,44.16271346766307],[-79.51593817195665,44.16259666763906],[-79.51603697197766,44.16247996761424],[-79.51616277200564,44.162345167584974],[-79.51627957202996,44.16220146755461],[-79.51642327206046,44.16203076751829],[-79.5165310720843,44.16191396749299],[-79.51669277212223,44.161761267458964],[-79.5168274721531,44.16162656742932],[-79.51698917218931,44.16145586739216],[-79.51716887223213,44.16129416735574],[-79.51738447228568,44.16112346731603],[-79.51756417233095,44.16098876728428],[-79.5177437723729,44.160818067246275],[-79.51790547240998,44.16065636721068],[-79.51813907247006,44.16049466717172],[-79.51833667251944,44.160341967136],[-79.51851637256306,44.16018916710107],[-79.51863307258493,44.16001856706606],[-79.51874987260514,44.159829867027895],[-79.51887567262824,44.159641266989354],[-79.51900147265215,44.15946156695234],[-79.5191361726806,44.15929986691803],[-79.5192888727156,44.15914716688442],[-79.51938767273741,44.15903936686109],[-79.51948647275677,44.158904666833145],[-79.51952247274298,44.158626166783314],[-79.51945957270641,44.15844646675516],[-79.51935177266374,44.15835666674476],[-79.51918107259925,44.158248866734155],[-79.51900147253271,44.158150066725554],[-79.51879477245917,44.158069166721326],[-79.51855227237414,44.15798836671874],[-79.51837257231087,44.157925466716364],[-79.51822887225998,44.157871566713794],[-79.51810307221719,44.157844566715085],[-79.51790547214902,44.157790666715066],[-79.51772577208496,44.157718866711136],[-79.51754617202168,44.15765596670876],[-79.51742037197653,44.157602066705344],[-79.51732157194157,44.157566166703816],[-79.51717787188984,44.15750326669972],[-79.51701617183147,44.15743136669495],[-79.51682747176208,44.15733256668671],[-79.5166927717083,44.15721576667292],[-79.51659397166763,44.15711696666045],[-79.51645017160361,44.15691936663309],[-79.5163693715663,44.15679356661517],[-79.51631547153676,44.15665886659436],[-79.51625257150518,44.15653306657561],[-79.5161447714518,44.156326466544954],[-79.51604597140219,44.15612886651546],[-79.51596517136,44.1559491664882],[-79.51588427131772,44.15576946646089],[-79.5158483712866,44.15555386642529],[-79.51582137126243,44.155383266397074],[-79.51582137124771,44.15522156636913],[-79.51582137123789,44.15511376635046],[-79.51582137122318,44.154952066322515],[-79.51582137121254,44.154835266302314],[-79.51582137119946,44.15469156627743],[-79.51582137118638,44.15454776625256],[-79.51584837118601,44.15444896623423],[-79.51588427118523,44.15431426620925],[-79.51594717119391,44.15418846618448],[-79.5160010712022,44.15408966616484],[-79.51611787122572,44.15393696613293],[-79.51624357125452,44.15381116610528],[-79.51646817130597,44.15358656605579],[-79.51659397133807,44.153496766034316],[-79.51678257138784,44.15337996600521],[-79.51691737142366,44.153299165984905],[-79.51707907146975,44.153236265966406],[-79.51733057154456,44.15317336594366],[-79.51758207162099,44.153128465923984],[-79.51777967168098,44.15309256590846],[-79.51798637174558,44.153074565895594],[-79.51821087181665,44.15306556588346],[-79.51834567185897,44.153056565875566],[-79.51856127191986,44.15296676584985],[-79.51869597195072,44.15283196582016],[-79.5187947719701,44.15269726579222],[-79.518902571994,44.15258046576693],[-79.5189834720093,44.1524636657429],[-79.51908227202864,44.15232896571495],[-79.51914517203898,44.15222116569332],[-79.51914517202425,44.15205946566537],[-79.51905537198076,44.1518977656416],[-79.51895647194335,44.151834865635394],[-79.51883977189618,44.151727065622275],[-79.51867807183136,44.151583365605035],[-79.51851637176645,44.1514396655878],[-79.51841757172501,44.15133186557384],[-79.51830077167533,44.15119706555602],[-79.5181929716286,44.15106236553781],[-79.51815697160886,44.15097246552392],[-79.5181120715855,44.15087366550896],[-79.51811207156915,44.150694065477936],[-79.5181390715647,44.150550265451734],[-79.51817497156395,44.150415565426755],[-79.51821087156644,44.150316765407986],[-79.518291771585,44.150235865390165],[-79.51837257160105,44.15012806536769],[-79.5184534716196,44.15004726534992],[-79.51859717165418,44.1499214653214],[-79.51874087168953,44.149804665294404],[-79.51894757174512,44.149687865264454],[-79.51915417179899,44.14955316523142],[-79.51940567186567,44.14940046519313],[-79.51970207194827,44.149265665155816],[-79.51996267201946,44.14913096512024],[-79.52020517208813,44.149032165091654],[-79.52042077214817,44.148933365064394],[-79.52061837220167,44.14882556503647],[-79.52081607225352,44.14869976500533],[-79.52101367230043,44.148520064964934],[-79.52114837233128,44.14838536493528],[-79.521247172349,44.14823266490423],[-79.5213549723672,44.14805296486804],[-79.52141787237099,44.14787326483401],[-79.52145387236783,44.14771166480432],[-79.52145387235392,44.14755886477787],[-79.52145387233838,44.14738826474838],[-79.5214627723249,44.147208564716884],[-79.52139997228596,44.1470019646841],[-79.5213370722495,44.146822264655974],[-79.52127417221384,44.14665156462941],[-79.52122027218266,44.14649886460553],[-79.52113047214407,44.14639106459116],[-79.52104957210673,44.14626536457321],[-79.52096877206945,44.14613956455521],[-79.52088787203128,44.14600486453575],[-79.52080707199066,44.14584316451162],[-79.5207441719517,44.1456364644788],[-79.52070827192469,44.145465864450976],[-79.52071717190876,44.145259164414824],[-79.52072617189444,44.145070564381776],[-79.52077107188514,44.14481006433454],[-79.52085197188572,44.14453156428257],[-79.52093277189358,44.14433396424461],[-79.52096877188796,44.14414526421024],[-79.52101367188433,44.14394766417395],[-79.52101367186147,44.14369616413037],[-79.52101367184267,44.14348956409469],[-79.52098667181686,44.14330086406329],[-79.52092387178119,44.14313016403671],[-79.52088787175663,44.14298646401357],[-79.52082497172663,44.14287866399787],[-79.52078907170615,44.14277986398249],[-79.52051957159125,44.142465463940816],[-79.5201243714909,44.14275286400918],[-79.51998057146203,44.14294156404858],[-79.51984587143355,44.143103264082946],[-79.51971107140923,44.143309864125],[-79.51957637138732,44.14354346417177],[-79.51943257136251,44.14377696421899],[-79.51931587134234,44.14396566425711],[-79.5192080713315,44.14422616430728],[-79.51915417133303,44.14443276434558],[-79.51906427132715,44.14468426439333],[-79.51905537134799,44.14494476443878],[-79.51902837136144,44.14518736448206],[-79.5190283713835,44.14542986452405],[-79.51902837140474,44.14566346456445],[-79.51912717146253,44.1459509646095],[-79.51924397151792,44.14614856463819],[-79.51940567159261,44.14640006467408],[-79.51953147164842,44.14657076469767],[-79.51953147166803,44.14678636473495],[-79.5195134716778,44.14695706476536],[-79.51943257166987,44.14715466480334],[-79.51930687164187,44.147289364832574],[-79.5190912715851,44.14742416486607],[-79.51884867151806,44.14754096489771],[-79.5186241714527,44.14761276492073],[-79.51838157137989,44.14766666494151],[-79.51809417129115,44.14770266496126],[-79.51778867119744,44.147747564983476],[-79.51738447106963,44.14776546500563],[-79.51701617095576,44.147810465030794],[-79.51668377085504,44.14787326505736],[-79.51636937076174,44.1479541650862],[-79.51599207065478,44.14810686513041],[-79.51570457057339,44.14822366516418],[-79.51548007051295,44.1483494651965],[-79.51525547045408,44.14849316523193],[-79.51503987039976,44.14865486527012],[-79.51487817036427,44.148834465308774],[-79.51468057031819,44.14902316535076],[-79.51449187027825,44.14924776539854],[-79.51436617026006,44.14949026544638],[-79.51426727024635,44.14968786548526],[-79.51418647023684,44.149867565520154],[-79.51408767022396,44.15007416556057],[-79.51392597018773,44.150244865597685],[-79.51373727013709,44.15035266562524],[-79.51349477006683,44.150433465650636],[-79.51319826997674,44.15048736567396],[-79.51286596987035,44.150487365689635],[-79.51260546978611,44.15047846570036],[-79.51230896969278,44.15049636571751],[-79.51197656958634,44.15049636573319],[-79.51164426948073,44.150505365750405],[-79.51124896935579,44.15052336577217],[-79.51092556925711,44.15057726579677],[-79.51056626914863,44.15064906582613],[-79.51019796903962,44.15074796586057],[-79.50985656894423,44.15090066590309],[-79.50958706887018,44.15103536593915],[-79.5093714688134,44.15117016597261],[-79.50916486876356,44.15134976601344],[-79.50894026870961,44.151547466058226],[-79.50872466865937,44.15175406610416],[-79.50851806861526,44.1519965661558],[-79.50832946857774,44.15224806620825],[-79.50819466855505,44.15247266625342],[-79.50806896853359,44.1526792662951],[-79.50795216851826,44.15292186634255],[-79.5078263685049,44.1532182663998],[-79.50769166848384,44.15346086644808],[-79.50752996845088,44.153667466491456],[-79.50734126840514,44.153829166528304],[-79.50715266835455,44.15393696655589],[-79.50695496830103,44.15404476658387],[-79.50671246823406,44.15416156661551],[-79.50653276818545,44.15426036664108],[-79.50624536810567,44.15439506667792],[-79.50590396801108,44.154556766721974],[-79.50559856792717,44.154709466762796],[-79.50537396787728,44.15495206681538],[-79.50513146782822,44.15526646688118],[-79.5049517678001,44.155589866945604],[-79.50481706778885,44.15594016701254],[-79.50470926777801,44.156200667062706],[-79.50461936777212,44.15645226711047],[-79.50454756776958,44.15667676715269],[-79.50445766776042,44.156892367194224],[-79.5044037677554,44.157027167220086],[-79.50430496773522,44.157152867246445],[-79.5042061677158,44.15728766727444],[-79.50408036768451,44.157386467297435],[-79.50387376762896,44.15750326732739],[-79.50373006758706,44.15754816734197],[-79.50349646751388,44.15756616735606],[-79.50337076747279,44.15755716736045],[-79.50320906741939,44.15753916736496],[-79.50309226737461,44.15745836735651],[-79.50296646732448,44.15735056734378],[-79.50284076727195,44.15721576732643],[-79.50271496721042,44.156982267291944],[-79.50260716715053,44.15670376724887],[-79.5024813670841,44.15641626720506],[-79.50237356702995,44.15620066717286],[-79.5023017669865,44.15597616713743],[-79.50221186693975,44.15577846710745],[-79.50214006689468,44.155535967068886],[-79.50205916684915,44.15532036703542],[-79.50198736680328,44.15506886699531],[-79.50189746674998,44.15479936695293],[-79.50181666670363,44.15457476691787],[-79.50173576665404,44.15431426687666],[-79.50163696660115,44.1540806668409],[-79.50149326653472,44.153856066808814],[-79.50130456646038,44.153703366791284],[-79.50107106637334,44.15356866677901],[-79.50086446629572,44.15344286676701],[-79.50066676622423,44.1533530667608],[-79.50036136611907,44.1532721667612],[-79.50026256608334,44.15322726675806],[-79.50007396601475,44.15313746675146],[-79.49990326594457,44.15296676672995],[-79.49971456586366,44.15274216669997],[-79.49955286578574,44.152454766657904],[-79.49943616572226,44.152167266613645],[-79.4993103656525,44.15184386656369],[-79.49921156559391,44.15154746651705],[-79.49909476552709,44.151224066466575],[-79.49899596546358,44.150873666410625],[-79.49890606540289,44.150523366354285],[-79.49884326535584,44.15022686630595],[-79.49878936530753,44.14988556624943],[-79.49872646525553,44.14953516619179],[-79.4986904652211,44.14928366614999],[-79.49862766517487,44.1489961661032],[-79.49854676511792,44.14865486604794],[-79.4985018650741,44.148331465994104],[-79.49846596503727,44.148052965947635],[-79.49842996500209,44.147792465904246],[-79.49838506496071,44.14749606585509],[-79.49834916492472,44.14722656581017],[-79.49828626487681,44.14692106576024],[-79.49823236483913,44.14669656572393],[-79.49816946479447,44.14642706568028],[-79.49810656475229,44.146184465641284],[-79.4980077646937,44.145888065594626],[-79.49788206462729,44.14560056555079],[-79.49774726455797,44.145313065507445],[-79.4976035644924,44.145097565476924],[-79.49744186441606,44.14482806543789],[-79.49723526432294,44.14453156539634],[-79.49703756423021,44.14420816534968],[-79.49687596415808,44.143983565318486],[-79.49671426408585,44.14375906528725],[-79.4965345640079,44.14353446525683],[-79.4963548639283,44.14329186522335],[-79.49617526385606,44.143130165203786],[-79.49596866377443,44.14295956518403],[-79.49583386372146,44.142851765171756],[-79.49569016366561,44.142743965159845],[-79.49551046359745,44.1426271651481],[-79.49533086352767,44.142492365133236],[-79.49514216345911,44.14240256512658],[-79.49473796330926,44.14217796510678],[-79.49402826307544,44.14210616512782],[-79.49378566299448,44.142070165133006],[-79.49350726290123,44.14202526513838],[-79.49323776281166,44.141989365144866],[-79.49289636270147,44.14198036515937],[-79.49257296259631,44.141962365171544],[-79.4922585624964,44.14197136518789],[-79.49192616238916,44.14196236520204],[-79.49160276228555,44.14196236521728],[-79.49158486227904,44.141953465216545],[-79.491423162224,44.14191746521793],[-79.49128836217348,44.14183666521031],[-79.49116266212503,44.141746765200644],[-79.49103686207334,44.141621065184886],[-79.49088416200892,44.1414503651625],[-79.49072246193832,44.14124376513437],[-79.49055176186248,44.141010165101974],[-79.49038106178658,44.14077666506962],[-79.4902193617168,44.14057896504303],[-79.4900576616487,44.140399365019555],[-79.48988706158184,44.140264565004244],[-79.4897522615256,44.14012086498576],[-79.4895725614599,44.1400310649787],[-79.48942886140568,44.13994116496992],[-79.48924926134411,44.13989626497057],[-79.48906056127959,44.13985136497171],[-79.48881806120109,44.139842364981554],[-79.48860246113122,44.13983336499019],[-79.48837786106098,44.13985136500388],[-79.4882161610108,44.13986936501465],[-79.48803646095652,44.13990526502931],[-79.48785686090555,44.13997716505019],[-79.48771306086599,44.14004896506939],[-79.48758736083312,44.14012986508933],[-79.48724596074824,44.14039936515205],[-79.48714716075824,44.14085746523599],[-79.48724596080375,44.141010165257754],[-79.48734476084599,44.14112696527331],[-79.48756036093299,44.14132456529733],[-79.4877849610237,44.14153116532253],[-79.48792866108195,44.141665965339094],[-79.48815326116942,44.141836665358056],[-79.48828806123137,44.14204326538747],[-79.48833296127349,44.14234866543822],[-79.48833296129145,44.14254626547239],[-79.48827006128192,44.142663065495555],[-79.48810836124159,44.14278886552494],[-79.48794666120202,44.14292356555591],[-79.48772206114728,44.14311226559913],[-79.4876829611377,44.1431450656066],[-79.48800596145236,44.1454686659935],[-79.48835986158257,44.14565446600897],[-79.48870126170414,44.14578926601622],[-79.48915036186106,44.14593296601996],[-79.48957256200772,44.14605866602176],[-79.49003076216422,44.14616646601884],[-79.49044396230394,44.14624736601337],[-79.49079436242923,44.146391066021735],[-79.49119856258481,44.14667856605238],[-79.49146806270461,44.14704686610341],[-79.49159386278001,44.147433166164326],[-79.49157586281594,44.14789126624444],[-79.49154886282766,44.148115866284584],[-79.49146806282468,44.14836736633191],[-79.49136026281224,44.148609966378935],[-79.49122546279109,44.14885246642727],[-79.49106386275975,44.14907706647377],[-79.4908122627012,44.149319566527595],[-79.49061466265671,44.149526166572606],[-79.4903181625781,44.14970586661773],[-79.48991396246576,44.14989456666941],[-79.48953666235556,44.15001126670739],[-79.48906056221124,44.150101166745394],[-79.48862036207349,44.15013706677234],[-79.48818916193866,44.150172966798884],[-79.48772206179316,44.15021786682865],[-79.48717406162578,44.15030776687006],[-79.48668906147945,44.15040656690999],[-79.48608716129648,44.150514366957],[-79.48555716113975,44.15065806700686],[-79.48505406099983,44.15089166707099],[-79.48464086089285,44.15117016713862],[-79.48430846081655,44.151502467211806],[-79.48397606074603,44.15189776729585],[-79.48369766068957,44.15225706737114],[-79.48342816063754,44.15263436744914],[-79.48320356060314,44.15304756753118],[-79.48302386058317,44.153460867611166],[-79.4828352605587,44.153856067688444],[-79.48270046055144,44.154251367763145],[-79.4825118605278,44.15465556784202],[-79.48235016050788,44.15500596791025],[-79.4822153604949,44.15533826797409],[-79.4820267604598,44.15561676803113],[-79.48186506042437,44.15579646806987],[-79.48164046036385,44.15592226810221],[-79.48142486029806,44.15595816811857],[-79.48126316024705,44.155967168127745],[-79.48093086013655,44.15592226813566],[-79.4805984600211,44.15582336813419],[-79.48020315988302,44.155697668131054],[-79.4797540597155,44.15543716810719],[-79.47940365957956,44.15517656807863],[-79.4790982594605,44.1549430680526],[-79.47885565936647,44.15476336803293],[-79.47857725926504,44.15462866802277],[-79.47830775917218,44.154556768023006],[-79.47802925907966,44.15452086802991],[-79.47774175898924,44.154538768046606],[-79.47749925891564,44.154583768065805],[-79.4772566588428,44.15463766808653],[-79.47698725876712,44.154754368119455],[-79.47675365870374,44.154880168152204],[-79.47652005864117,44.155014968186535],[-79.47644825862551,44.15509576820388],[-79.47635835861634,44.155311368245464],[-79.47648415868193,44.1555898682877],[-79.47678955881406,44.155967168338556],[-79.47707705893147,44.15624556837319],[-79.47735555905089,44.15657796841755],[-79.47765195917853,44.15693726846577],[-79.47792145929837,44.15730566851681],[-79.47818195942016,44.15772786857757],[-79.47833465951645,44.1582488686605],[-79.47831675954586,44.15863516872817],[-79.47823585955507,44.15902136879877],[-79.47809215954992,44.15947056888322],[-79.47797535954926,44.15987476895871],[-79.4779304595716,44.16027906903072],[-79.4779483596288,44.1608449691278],[-79.477984359691,44.16140196922246],[-79.47806515976916,44.16197686931809],[-79.47811005984242,44.16262366942783],[-79.47808315988851,44.1632255695332],[-79.47798435990998,44.163809469638885],[-79.47785855992609,44.164429269752],[-79.47769685992411,44.164977269854376],[-79.47750825991517,44.165543169961175],[-79.47726565989467,44.16617197008138],[-79.47705005987382,44.166701970183176],[-79.47686145985509,44.16716017027135],[-79.47676265986186,44.16758237034903],[-79.47671775988422,44.167986570421014],[-79.47667275990821,44.16840877049617],[-79.47666385994458,44.16883997057112],[-79.47672666000886,44.16932507065207],[-79.47683446007285,44.169648470702924],[-79.47703216017788,44.17010667077281],[-79.4772207602734,44.17049287083074],[-79.47740046035881,44.17079837087507],[-79.4776968604938,44.17123847093725],[-79.47796636061693,44.17164277099441],[-79.47813706070268,44.17198407104539],[-79.47832566080234,44.1724152711111],[-79.47846946089011,44.17287347118353],[-79.47852336094418,44.17327767125086],[-79.47863116102533,44.173789671334326],[-79.47872996111342,44.17440957143686],[-79.4787658611707,44.174912571522114],[-79.47882876124318,44.175487571618596],[-79.47884676130701,44.17612537172802],[-79.4788467613618,44.17672717183209],[-79.4788377614153,44.17734707193966],[-79.47888266149107,44.178020772054055],[-79.47888266154996,44.17866757216585],[-79.47888266160885,44.1793143722777],[-79.47885566165827,44.179952172389235],[-79.4788197616967,44.18050017248563],[-79.4787928617412,44.18108407258785],[-79.47878386178824,44.181631972682986],[-79.47878386183815,44.18217997277777],[-79.47879286189662,44.18279087288292],[-79.47879286196536,44.18354537301338],[-79.4788107620259,44.18414727311657],[-79.47881076207825,44.184722173215945],[-79.47883776214007,44.18530607331559],[-79.47889166221137,44.18589897341553],[-79.47897246229451,44.186527873520426],[-79.47904436236831,44.18708477361328],[-79.47914316244822,44.187614773700254],[-79.47926896254096,44.188189673793694],[-79.47941266265244,44.18890837391111],[-79.47959236277221,44.18959107402061],[-79.47965516282429,44.18994147407822],[-79.4800793629523,44.18985457404319],[-79.48040186304932,44.18978567401613],[-79.48199986352891,44.18942937387912],[-79.4820017635295,44.18942887387895],[-79.48203576353959,44.189420373875905],[-79.48357186399743,44.18904307373819],[-79.48405696414302,44.188935273696664],[-79.48595236532431,44.19523247469549],[-79.48624886539146,44.19492707462872],[-79.48647346545037,44.19478337459332],[-79.48654296546654,44.194716574578486],[-79.48655096546793,44.19470377457591],[-79.48657846547478,44.19468247457092],[-79.48669796550264,44.194567774545476],[-79.48729986565783,44.19415457444565],[-79.4879107658208,44.19379517435474],[-79.48835986594834,44.1936155743025],[-79.48866536603147,44.193453874260165],[-79.48885396608536,44.193381974238804],[-79.48886606608927,44.193381974238235],[-79.48888366609427,44.19337517423624],[-79.48902476613966,44.193377074229886],[-79.48923126619562,44.19326517420082],[-79.4893659662355,44.19322927418826],[-79.48968596633438,44.19318927416623],[-79.48973486634945,44.1931825741628],[-79.49011156646377,44.19311247413289],[-79.49033616652588,44.1930046741037],[-79.49039296654331,44.19299597409949],[-79.49046406656198,44.19295067408831],[-79.49048886656253,44.19286997407317],[-79.49049906656627,44.19287497407361],[-79.4905097665672,44.1928473740683],[-79.49049766655102,44.19271227404551],[-79.49046876653388,44.19262607403199],[-79.49042786650968,44.19250427401289],[-79.49038226648604,44.19240527399789],[-79.49031526645128,44.1922596739759],[-79.49031556645134,44.192259073975805],[-79.49033596645383,44.1922149739672],[-79.49036036646045,44.19220147396374],[-79.49036756646235,44.19219737396269],[-79.49038866646916,44.192197573961714],[-79.49040286647374,44.19219777396108],[-79.49062976660743,44.192867074066044],[-79.49067196662675,44.192930674075015],[-79.49074136665072,44.19294947407503],[-79.4912614668109,44.192878874038264],[-79.49173756696018,44.1928429740096],[-79.4919669670337,44.19284297399876],[-79.49239886717146,44.19283637397724],[-79.49289786733111,44.19283397395329],[-79.49337106748817,44.19289317394121],[-79.4936779675893,44.192923873931996],[-79.49413126774155,44.193000473923824],[-79.49434356781252,44.19303307391946],[-79.49496796802565,44.19317637391473],[-79.4953897681744,44.19332597392072],[-79.49557166823988,44.193404473925675],[-79.49603556840675,44.19360457393836],[-79.49616566845154,44.193638773938105],[-79.49618416845782,44.193642473937906],[-79.49631076849991,44.19365937393485],[-79.49632056850315,44.193660073934495],[-79.49665136860258,44.193588573906524],[-79.49672096862425,44.19358137390197],[-79.49692156868548,44.19354817388679],[-79.49693126868856,44.19354757388621],[-79.49693406868944,44.19354737388606],[-79.4969337686904,44.193559173888104],[-79.49708256873664,44.19354367387838],[-79.49750476887684,44.19359757386778],[-79.49766646892785,44.193588573858605],[-79.49781016896894,44.1935346738425],[-79.49789096898914,44.19347177382784],[-79.49791796898057,44.19328317379395],[-79.49787306895638,44.193175373777436],[-79.49765746890282,44.193346073817125],[-79.49757656888346,44.193417873833354],[-79.4974508688416,44.193399973836186],[-79.49766646889182,44.1931933737903],[-79.49784606891001,44.19276217370735],[-79.49792696895068,44.19292387373144],[-79.49807966900697,44.193004673738244],[-79.49817846904276,44.19304957374132],[-79.4982952690843,44.193094473743535],[-79.49828626909449,44.19323827376879],[-79.49819646908453,44.19344487380875],[-79.49847496917133,44.193417873790956],[-79.49872646925682,44.19347177378839],[-79.49850186919058,44.193534673809864],[-79.49816046908695,44.19359757383683],[-79.49788206901003,44.19373227387323],[-79.49783706900627,44.193849073895535],[-79.49787306903502,44.194037773926475],[-79.49770236896885,44.193911973912805],[-79.49753166892152,44.193992873934846],[-79.49711846879484,44.19405567396517],[-79.49698376875415,44.19408267397619],[-79.49691906873824,44.1941354739884],[-79.49691856874004,44.19415697399208],[-79.4968505687296,44.19428157401688],[-79.49686336874116,44.19436277403026],[-79.49689946875982,44.19444087404205],[-79.49693446877794,44.19451677405354],[-79.4970134688091,44.19458077406086],[-79.49740956895445,44.1947829740771],[-79.49751646899523,44.19485467408445],[-79.49760566903181,44.19494247409539],[-79.4978079691089,44.1950768741091],[-79.49794116915331,44.195096074106125],[-79.49815186923679,44.19527097412638],[-79.49846116934745,44.19539787413371],[-79.49862766939721,44.195358274119016],[-79.49865206940514,44.19535967411809],[-79.49865636940643,44.19535867411773],[-79.49876136944073,44.19536567411397],[-79.49895106950244,44.195376274106835],[-79.49908576954563,44.19537627410048],[-79.49928336960403,44.19532237408187],[-79.4994630696624,44.1953312740749],[-79.49961576970887,44.195304374063056],[-79.49995716980519,44.19516067402209],[-79.50002006981548,44.195052874000524],[-79.50001106979788,44.194891173972984],[-79.49982236969232,44.194397073896546],[-79.49986726968457,44.194154573852515],[-79.49992116969449,44.19407367383598],[-79.50003796973273,44.19408267383201],[-79.50013676977666,44.19421737385067],[-79.50014576982055,44.19466657392786],[-79.50029846989979,44.19499897397807],[-79.50026256989975,44.195124674001484],[-79.49994816983012,44.19546607407529],[-79.49977746978448,44.1955648741004],[-79.49941816969393,44.19583437416393],[-79.49913066960836,44.195906274189944],[-79.49886116951544,44.19583437419022],[-79.49876406948482,44.19583977419576],[-79.49873166947498,44.19584587419835],[-79.49866956945748,44.19587187420578],[-79.4986222694464,44.195916674215766],[-79.49857576943742,44.19598157422914],[-79.49855216943286,44.196014574235996],[-79.49863316949094,44.19636667429299],[-79.49867536951027,44.196430274301946],[-79.49880686956077,44.196521974311636],[-79.49904196965689,44.1967500743399],[-79.49919446971244,44.196822974345324],[-79.49919726971343,44.19682427434542],[-79.49927076973952,44.196852274346774],[-79.49964836986423,44.196893274336034],[-79.49980866992072,44.19694937433817],[-79.49981886992443,44.19695387433845],[-79.50064877022375,44.197320474362606],[-79.50090727031925,44.19745897437433],[-79.50097497034517,44.19750567437919],[-79.50100027035487,44.197523074381046],[-79.50102937036712,44.19755497438515],[-79.50118297043169,44.197723674407044],[-79.5017541706532,44.19814527445289],[-79.50221727082103,44.19835847446788],[-79.50245257091208,44.19853037448646],[-79.50251837093758,44.198578474491676],[-79.50299097111663,44.19888177452175],[-79.50340327126987,44.199113474542344],[-79.5034829712995,44.19915827454627],[-79.5039650714866,44.199515774585265],[-79.50426337159814,44.19969067460139],[-79.50430617161787,44.19975637461077],[-79.50431077161998,44.199763374611734],[-79.50433307162899,44.19978357461417],[-79.50436137164037,44.19980907461723],[-79.50457077171683,44.19991217462516],[-79.50466177175008,44.1999569746286],[-79.50485277182221,44.200076574640235],[-79.50489947184089,44.20011727464507],[-79.50492647185165,44.20014057464783],[-79.50500277188573,44.20024617466245],[-79.50504487190452,44.20030417467051],[-79.5052411719816,44.200459774688085],[-79.50536447202785,44.200533374695006],[-79.50541927204848,44.200567074698235],[-79.50557417210676,44.20066217470737],[-79.50572097216552,44.20079007472251],[-79.50579447219498,44.200855074730285],[-79.50585557221947,44.20090897473667],[-79.50597817226793,44.20100957474825],[-79.50610107231567,44.20110127475833],[-79.5062240723626,44.20118387476676],[-79.50635967241362,44.201266674774644],[-79.50649547246388,44.201340474781034],[-79.50665677252067,44.201396574783104],[-79.50666087252203,44.201396874782915],[-79.50676637255644,44.20140397477916],[-79.50678947256415,44.20140697477865],[-79.50679417256566,44.20140737477846],[-79.50681777257356,44.2014107747779],[-79.50690117260129,44.20142187477593],[-79.50691287260528,44.201424474775784],[-79.50693137261148,44.20142717477542],[-79.50701617263992,44.201441474773866],[-79.50710587267001,44.20145647477222],[-79.50728007272932,44.20149467477061],[-79.5074955728039,44.20155507477087],[-79.50751607281101,44.201560874770884],[-79.50757377283121,44.20157957477139],[-79.50768997287186,44.20161717477239],[-79.50787667293602,44.201664474771746],[-79.50805027299678,44.2017208747733],[-79.50823627306316,44.20179537477737],[-79.50837217311265,44.20186017478216],[-79.50840137312318,44.20187327478302],[-79.50843407313502,44.201887974784015],[-79.50852047316688,44.201934074787935],[-79.50858987319182,44.2019638747898],[-79.50860717319806,44.201971274790225],[-79.50863747320896,44.201984474791075],[-79.50875567325158,44.20203617479444],[-79.50886697329227,44.20209167479876],[-79.50890937330773,44.202111874800224],[-79.50892317331272,44.202118474800756],[-79.50892887331479,44.20212117480091],[-79.50893557331725,44.20212437480118],[-79.50900297334177,44.202156474803544],[-79.50912647338725,44.20222117480887],[-79.50923727342948,44.20229457481634],[-79.50932287346438,44.202376774826455],[-79.50940667349549,44.20242367483063],[-79.50941417349833,44.20242797483101],[-79.50942157350107,44.202432074831385],[-79.50947477351853,44.202436974829695],[-79.50950627352861,44.2024369748282],[-79.50952737353585,44.20244187482807],[-79.50953397353801,44.20244247482783],[-79.50959227355752,44.20245167482669],[-79.50965857357973,44.202462174825406],[-79.50974817361154,44.20249587482695],[-79.5098321736413,44.202527474828436],[-79.50991147366993,44.20256237483072],[-79.51004257371719,44.202620074834506],[-79.51025857379383,44.20270147483837],[-79.51043937385799,44.202769474841574],[-79.51081017399366,44.202954374856006],[-79.51099577406075,44.20303777486164],[-79.51118167412706,44.203112174865666],[-79.51135517418862,44.203177474868774],[-79.51162867428316,44.20325307486892],[-79.51165987429424,44.20326477486948],[-79.51177747433597,44.20330897487155],[-79.51195087439831,44.203383374876225],[-79.51202837442602,44.203415174878046],[-79.51208707444702,44.20343917487942],[-79.512180774479,44.20346077487874],[-79.51218317447983,44.203461074878625],[-79.51229997451233,44.20340717486384],[-79.51232177451918,44.20340547486249],[-79.51232587451969,44.20339717486088],[-79.51245137455925,44.20338987485369],[-79.51248427457078,44.203400574853994],[-79.51248797457205,44.20340177485401],[-79.51259507460684,44.203407074849885],[-79.5125991746081,44.20340627484953],[-79.51282097467269,44.20333527482681],[-79.51294677470888,44.20329037481313],[-79.51296487471501,44.20329367481283],[-79.51297947471922,44.20328867481126],[-79.51311777476123,44.20326347480038],[-79.51318267477946,44.20323547479251],[-79.51321877478958,44.20321977478806],[-79.51330857481106,44.20313987477002],[-79.51333307481583,44.203106174763036],[-79.5133604748212,44.20306857475525],[-79.51343737483937,44.202997574739356],[-79.51353897486628,44.202935874723906],[-79.51361557488516,44.20287377470953],[-79.51369177490551,44.20282967469834],[-79.51375327492266,44.20280147469053],[-79.5137678749267,44.20279477468872],[-79.5138256749407,44.20274467467735],[-79.51387017495144,44.20270607466857],[-79.5138891749568,44.20269817466629],[-79.51393347496928,44.202679874661],[-79.51395477497515,44.20266927465818],[-79.51402217499367,44.20263587464922],[-79.51417497503299,44.20252997462372],[-79.5142636750574,44.20248607461197],[-79.51435217508258,44.2024512746018],[-79.51445317511178,44.20241647459098],[-79.5145543751402,44.2023728745787],[-79.51465537516941,44.20233807456787],[-79.51476887520262,44.20230347455655],[-79.5148951752391,44.20226017454313],[-79.51495277525513,44.2022336745358],[-79.51500907527084,44.202207674528644],[-79.5151480753106,44.2021554745131],[-79.51528757534888,44.202085274494344],[-79.51535027536544,44.20204667448474],[-79.51540187537906,44.20201477447678],[-79.51547847539794,44.20195267446246],[-79.51554297541543,44.20191797445338],[-79.51559277542894,44.20189117444642],[-79.51570677546067,44.201838674431976],[-79.51583367549489,44.201768174413814],[-79.51594787552585,44.20170667439778],[-79.51603687554874,44.201644874382865],[-79.51615117557974,44.20158327436685],[-79.51615297558023,44.20158237436664],[-79.5162018755937,44.2015586743602],[-79.51616397571945,44.20306897462285],[-79.51617287572385,44.20308587462532],[-79.51618467572973,44.20310837462867],[-79.51621187574311,44.203159674636304],[-79.51623937575377,44.203180274638534],[-79.51626707576457,44.2032008746408],[-79.51627057576566,44.203200574640576],[-79.51640797581703,44.203281374648014],[-79.51642127582195,44.203288374648594],[-79.51646407583831,44.20331767465168],[-79.51656887587846,44.20338937465909],[-79.51663387590372,44.20343787466438],[-79.51666577591601,44.203461074666876],[-79.51678257595673,44.20349697466756],[-79.51698017602581,44.20355987466913],[-79.51718687610021,44.20364967467482],[-79.51735747616144,44.20372157467921],[-79.51751917621901,44.203784474682415],[-79.51769887628068,44.20382937468166],[-79.51786957633948,44.20387427468139],[-79.5180491764019,44.203928174682225],[-79.51813267643173,44.20396157468406],[-79.51823087646638,44.203996074685335],[-79.51839217652318,44.20405227468744],[-79.51854377657655,44.204104974689336],[-79.51855227657953,44.20410787468948],[-79.51855347658,44.204108374689504],[-79.5187139766379,44.20417967469424],[-79.51878237666361,44.20422137469819],[-79.51892407671644,44.204302274705476],[-79.5190844767762,44.20439437471382],[-79.51915197680164,44.204436274717864],[-79.51923497683273,44.20448517472235],[-79.51927107684641,44.204508474724676],[-79.5193927768918,44.204578374731035],[-79.51950417693317,44.20464077473653],[-79.51959017696514,44.20468897474076],[-79.51966937699588,44.20474807474728],[-79.51972457701733,44.20478927475179],[-79.51976497703286,44.20481757475476],[-79.51984357706411,44.20488407476253],[-79.51988487708046,44.2049178747664],[-79.51995247710717,44.20497297477271],[-79.52001657713235,44.20502417477851],[-79.52002067713406,44.20502827477903],[-79.52009347716235,44.20508267478502],[-79.52013047717928,44.20513807479284],[-79.5201422771841,44.205149874794294],[-79.52019177720673,44.2052240748048],[-79.52021437721686,44.20525527480907],[-79.52029947725323,44.20535537482235],[-79.52037157728249,44.20542267483058],[-79.5203972772929,44.20544667483349],[-79.52049537733184,44.2055289748431],[-79.52050317733516,44.205537774844245],[-79.5205734773641,44.20560807485308],[-79.52064537739535,44.205697874865145],[-79.52071717742903,44.20581467488192],[-79.52082497747337,44.20592247489547],[-79.52092127751301,44.20601867490753],[-79.52093347751796,44.206029874908864],[-79.52097377753434,44.20606747491349],[-79.52103167755767,44.20612007491981],[-79.52113047759835,44.20621887493225],[-79.52122927763901,44.20631767494463],[-79.5212781776644,44.206423674960625],[-79.52128627766844,44.206439574963],[-79.5212980776747,44.206466874967155],[-79.52133707769491,44.206551274979866],[-79.52137877771665,44.20664297499374],[-79.52138107771783,44.20664787499449],[-79.52138677772034,44.206655574995516],[-79.521444877745,44.20672197500427],[-79.52155277778539,44.20678507501005],[-79.52160157780602,44.2068397750172],[-79.52160657781069,44.20687347502274],[-79.52161067781452,44.206900975027345],[-79.52161557781696,44.20691057502878],[-79.52161667781773,44.20691517502947],[-79.52167367783986,44.20695777503416],[-79.52164707783712,44.20702047504626],[-79.52164597783731,44.207026775047396],[-79.52170537786951,44.20717107506948],[-79.52170447786936,44.20717297506988],[-79.52170577786991,44.20717427507],[-79.52171657788001,44.20724637508195],[-79.52166657786454,44.20725287508548],[-79.52163207786018,44.20732577509967],[-79.52162667786004,44.20734357510302],[-79.52172337789828,44.2074226751121],[-79.52172387789876,44.207426275112695],[-79.52172457789901,44.20742657511267],[-79.52172447789928,44.207430175113316],[-79.52173867791224,44.20752227512857],[-79.52174667791684,44.20754387513189],[-79.52179467793965,44.20762557514374],[-79.52180667794687,44.20766287514966],[-79.52182217795455,44.20769217515397],[-79.521796577958,44.207819975177216],[-79.52178857795988,44.207868575186],[-79.52178657796024,44.20787947518798],[-79.52179457797662,44.20803097521378],[-79.52179677797812,44.20803977521519],[-79.52180977798456,44.20806427521882],[-79.52184907800252,44.208123375227146],[-79.52189397802678,44.20823117524367],[-79.52196587805881,44.2083299752573],[-79.52203777808843,44.20840177526632],[-79.52212757812377,44.20847367527452],[-79.52224437817351,44.20860837529224],[-79.5222902781903,44.20863137529403],[-79.52235707821426,44.208659175295686],[-79.52236687821748,44.208660475295446],[-79.52249587825736,44.20864437528654],[-79.52252617826319,44.2086019752778],[-79.5225340782646,44.208589375275245],[-79.52257017827162,44.208539775264974],[-79.52258587827465,44.2085180752605],[-79.52266277829283,44.20844707524461],[-79.52276407832127,44.20840337523229],[-79.52286487835121,44.20837767522303],[-79.5229651783827,44.208370075216976],[-79.52291517837058,44.2084132752268],[-79.5229139783703,44.20841427522709],[-79.52286567835685,44.20843657523318],[-79.52283787834912,44.20844937523674],[-79.52273817832194,44.20850127525038],[-79.52269647831773,44.20860127526966],[-79.52269607831914,44.20861857527261],[-79.52268127832264,44.20870837528883],[-79.52262957831256,44.208779775303626],[-79.52254047828887,44.208832675317],[-79.52246427826847,44.20887667532812],[-79.52237657824026,44.20887547533209],[-79.52227707820664,44.2088561753335],[-79.52226077820096,44.20885157533346],[-79.52220647818216,44.20883607533334],[-79.52218147817389,44.20883297533397],[-79.52234777823915,44.208964275348805],[-79.52234947823976,44.208965175348844],[-79.52236667824613,44.20897457534966],[-79.5224868782898,44.209030675353674],[-79.52262167833786,44.20908457535661],[-79.52277437839089,44.20912947535718],[-79.52290907843738,44.20916537535695],[-79.5230067784712,44.209193275357194],[-79.52303197847979,44.20919907535698],[-79.5231381785124,44.209183575349336],[-79.52314507851455,44.209182575348784],[-79.52324607854376,44.209147875338054],[-79.52333457856886,44.20911297532784],[-79.5234091785945,44.20913197532761],[-79.52335517858114,44.20917477533751],[-79.52331987857241,44.20920277534405],[-79.52323107854797,44.20924667535581],[-79.52311737851636,44.20929937537025],[-79.52311527851568,44.209299575370444],[-79.52311567851584,44.2093000753705],[-79.52310287851182,44.20930087537126],[-79.52296657846946,44.20931527538018],[-79.52281667841963,44.20929547538385],[-79.52270057838035,44.209272775385415],[-79.52266737836916,44.20926637538585],[-79.5224930783098,44.209228175387494],[-79.52246187829911,44.20922027538758],[-79.5223431782585,44.20919227538838],[-79.52219947820751,44.20913837538584],[-79.52211427817633,44.20909587538254],[-79.5220588781562,44.20906947538063],[-79.52199757813328,44.20903377537734],[-79.52194787811474,44.209004975374725],[-79.5218675780842,44.20895257536945],[-79.52184907807718,44.20894077536831],[-79.52184567807574,44.208936575367765],[-79.52177627804637,44.20885877535757],[-79.52175297803491,44.20881467535111],[-79.52172337802136,44.208770075344766],[-79.52169617800837,44.20872367533807],[-79.52165587799043,44.20866807533036],[-79.52155737795293,44.208603775323915],[-79.52153207794345,44.2085886753225],[-79.52143397790667,44.20853017531703],[-79.52132337786374,44.208447775308024],[-79.52122557782407,44.20835647529686],[-79.52118927780886,44.20831757529186],[-79.52114027778838,44.208265275285164],[-79.52109957777179,44.208226175280345],[-79.52104957775211,44.208186175275806],[-79.52092367770841,44.20814917527534],[-79.52089297769818,44.20814507527606],[-79.52084387767911,44.2081083752721],[-79.52082217766679,44.20804997526303],[-79.5208160776642,44.20804247526199],[-79.52074417763048,44.20792567524522],[-79.52056447757045,44.20789877524911],[-79.5205349775614,44.207902975251194],[-79.52043537753133,44.20792307525941],[-79.52029717748931,44.20794827527026],[-79.52023627747062,44.207957175274686],[-79.52017827745323,44.207970575279745],[-79.52009227742441,44.20795627528131],[-79.52007167741762,44.20795437528198],[-79.51998477738722,44.20792627528124],[-79.51993657736686,44.20787237527419],[-79.51993567736649,44.207871775274114],[-79.51984707734381,44.20793387528905],[-79.51989417736876,44.208042075305514],[-79.5199378773903,44.20812497531775],[-79.51996267740222,44.20816827532407],[-79.52005247744248,44.20829397534149],[-79.52008317745795,44.208355475350686],[-79.52011047747123,44.20840507535796],[-79.52013517748253,44.20844227536323],[-79.52014447748677,44.2084561753652],[-79.52016927749797,44.20849167537013],[-79.5201750775011,44.208505575372236],[-79.52021467752215,44.20859677538615],[-79.52021807752391,44.20860447538729],[-79.52029047755707,44.20871347540271],[-79.52036307758942,44.20881347541652],[-79.52038697760213,44.208868375424885],[-79.52041177761423,44.20891387543158],[-79.52047467764505,44.209030675448766],[-79.52051987766777,44.20912107546227],[-79.52053007767277,44.209139675464975],[-79.52055117768265,44.20917417546998],[-79.52060227770664,44.209257675481936],[-79.52060637770884,44.20926707548338],[-79.52065437773298,44.209362975497676],[-79.52070827775765,44.20944387550911],[-79.52086097781724,44.20956067552206],[-79.52088337782747,44.20959427552679],[-79.52091837784205,44.20963087553145],[-79.5209544778594,44.20969437554072],[-79.52096347786357,44.209708075542665],[-79.52104057789532,44.20978517555234],[-79.52117537794749,44.209884075563046],[-79.52131907800013,44.209955875568674],[-79.52137257801934,44.20997877557008],[-79.5214471780458,44.21000677557136],[-79.52159647809714,44.21004487557091],[-79.52166097811944,44.210062575570944],[-79.52173227814404,44.21008167557084],[-79.5218939781991,44.210117575569406],[-79.52201977824186,44.2101445755681],[-79.52207887826353,44.21017407557046],[-79.52213087828216,44.21019567557168],[-79.52221537831372,44.210244775576164],[-79.52223597832139,44.21025677557724],[-79.5222443783245,44.210261275577686],[-79.52235217836558,44.210333175584964],[-79.5224778784116,44.21039607558987],[-79.5225134784249,44.210416875591804],[-79.52258767845208,44.210453775594665],[-79.5226395784711,44.210479675596694],[-79.52270247849344,44.21050387559788],[-79.52283727854157,44.21055777560084],[-79.52296297858673,44.21061167560422],[-79.5230707786254,44.210656575606855],[-79.52317857866406,44.21070147560948],[-79.52330437870927,44.21075537561286],[-79.52331577871384,44.21076537561409],[-79.52339247874212,44.21080627561749],[-79.5234498787676,44.21088377562815],[-79.5234570787705,44.21089017562894],[-79.52356487881902,44.21104287565019],[-79.52360127883335,44.2110719756535],[-79.52366027885623,44.21111587565828],[-79.5236939788703,44.211151375662844],[-79.52372097888151,44.21117967566646],[-79.52375697889886,44.21124317567574],[-79.52376767890885,44.21131537568766],[-79.52376567891545,44.211394575701455],[-79.52395117898216,44.21147407570638],[-79.52402307900819,44.211506775708656],[-79.52405057901792,44.21151707570912],[-79.52409857904077,44.21159867572091],[-79.52405947903397,44.21166127573361],[-79.52405997903442,44.21166437573407],[-79.52412157906296,44.211761075747894],[-79.52419467908648,44.211761975744565],[-79.52423127910158,44.21179847574916],[-79.52423207910215,44.2118022757498],[-79.52427197912226,44.21188207576165],[-79.52427907912514,44.21188917576255],[-79.52436687915255,44.21188127575709],[-79.52442887917499,44.21190907575895],[-79.52442757917949,44.21196307576832],[-79.52442147917864,44.211975375770706],[-79.52445417919095,44.21199507577255],[-79.52446707919522,44.2119965757722],[-79.52451447920907,44.21198217576749],[-79.52455347922078,44.211973375764124],[-79.52459027923179,44.211965175761016],[-79.52466407926053,44.21202027576703],[-79.52467877926533,44.2120219757666],[-79.5246766792655,44.2120305757682],[-79.52469957927848,44.21209267577781],[-79.52468837927576,44.21210237578004],[-79.5246543792676,44.212131975786754],[-79.5247592793092,44.21221937579687],[-79.52482267932547,44.212175275786294],[-79.52488027935348,44.21227997580159],[-79.52488537935535,44.212282575801815],[-79.52498417939029,44.21231847580335],[-79.52498607939143,44.21232387580422],[-79.52504347941296,44.21235817580742],[-79.52501767941024,44.212418975819155],[-79.52501847941072,44.212421275819516],[-79.52507237942918,44.212434975819285],[-79.5251279794479,44.21244417581826],[-79.52517527945933,44.21240417580911],[-79.52519287946346,44.212387075805346],[-79.525228279472,44.2123564757984],[-79.52524417947583,44.212342775795264],[-79.52526187948301,44.21235927579728],[-79.52529307949564,44.21238837580086],[-79.52530417950157,44.21241377580468],[-79.52530987950458,44.212426875806656],[-79.5253165795075,44.21243527580781],[-79.52536477952262,44.21243187580497],[-79.52546777955348,44.212408675796055],[-79.52556787958638,44.21241787579293],[-79.5255770795893,44.212417275792376],[-79.52558477959214,44.21242107579266],[-79.52570407963526,44.21247477579633],[-79.52574307965077,44.21250817580024],[-79.52574447965134,44.21250927580036],[-79.52579267966986,44.21254307580395],[-79.52584657969453,44.212623875815325],[-79.52584677969467,44.212624775815506],[-79.52585037969628,44.212629675816146],[-79.5258633797032,44.212659475820665],[-79.52588587971513,44.212711175828545],[-79.52587967971596,44.21274237583418],[-79.52587247971704,44.21277897584091],[-79.52587357971794,44.21278557584194],[-79.52588237973204,44.21290907586289],[-79.52592267974478,44.2129069758606],[-79.52601877977511,44.212901975855196],[-79.52611947980589,44.212885275847555],[-79.52617387982286,44.212880975844236],[-79.5262148798355,44.21287537584133],[-79.52621617983613,44.21287767584165],[-79.52621967983724,44.21287747584149],[-79.52628107986109,44.21292337584647],[-79.52627937986696,44.21299337585869],[-79.52635997989792,44.213049775864555],[-79.52636547989975,44.21305047586447],[-79.52638937990693,44.213045075862404]]]}}]}