{"type":"FeatureCollection","features":[{"type":"Feature","properties":{"OGF_ID":67860022,"OFFICIAL_NAME":"Chief's Point 28","OTHER_NAME":null,"INDIAN_RESERVE_LAND_TYPE":"Indian Reserve"},"geometry":{"type":"Polygon","coordinates":[[[-81.28145,44.69373],[-81.28203,44.6935],[-81.28205,44.69295],[-81.28257,44.69295],[-81.28145,44.69142],[-81.28224,44.69205],[-81.28244,44.69174],[-81.28352,44.69182],[-81.28407,44.69149],[-81.28514,44.69232],[-81.28566,44.69214],[-81.28529,44.69111],[-81.28653,44.69184],[-81.28721,44.69171],[-81.28688,44.69065],[-81.28712,44.69091],[-81.28795,44.69078],[-81.28901,44.69185],[-81.28918,44.69132],[-81.28962,44.69158],[-81.29058,44.69283],[-81.29102,44.69465],[-81.29069,44.69623],[-81.29133,44.69647],[-81.29147,44.69766],[-81.29216,44.69736],[-81.29173,44.6945],[-81.29274,44.69519],[-81.29423,44.69526],[-81.29467,44.6956],[-81.29454,44.69641],[-81.29533,44.69602],[-81.2969,44.69667],[-81.30076,44.69579],[-81.30136,44.69696],[-81.30231,44.69729],[-81.30147,44.6964],[-81.30279,44.69603],[-81.3029,44.697],[-81.30354,44.69712],[-81.30565,44.69538],[-81.30662,44.69386],[-81.30625,44.69178],[-81.30683,44.69111],[-81.30505,44.69056],[-81.30621,44.68873],[-81.3054,44.68786],[-81.30558,44.68638],[-81.30486,44.68545],[-81.3052,44.6852],[-81.30339,44.68489],[-81.29941,44.68699],[-81.29932,44.68594],[-81.30002,44.68549],[-81.30098,44.68551],[-81.29978,44.68482],[-81.29923,44.6833],[-81.29998,44.68357],[-81.30001,44.68417],[-81.30125,44.68549],[-81.30288,44.68439],[-81.30341,44.68285],[-81.30312,44.67984],[-81.30196,44.67834],[-81.30078,44.67814],[-81.30027,44.67693],[-81.2996,44.67671],[-81.29905,44.67698],[-81.29797,44.67558],[-81.2953,44.67465],[-81.29413,44.67475],[-81.29315,44.67414],[-81.29296,44.67279],[-81.29351,44.6731],[-81.29359,44.67377],[-81.29422,44.67221],[-81.29281,44.67082],[-81.29082,44.67086],[-81.28945,44.6697],[-81.28848,44.66976],[-81.28813,44.66945],[-81.28627,44.67048],[-81.28495,44.6703],[-81.28435,44.66978],[-81.28478,44.66904],[-81.28285,44.6641],[-81.27904,44.66264],[-81.27767,44.66113],[-81.27723,44.66116],[-81.27731,44.66167],[-81.27538,44.66117],[-81.27361,44.66248],[-81.27301,44.66429],[-81.27382,44.66608],[-81.27302,44.66716],[-81.27233,44.66741],[-81.28145,44.69373]]]}},{"type":"Feature","properties":{"OGF_ID":67859888,"OFFICIAL_NAME":"Shawanaga 17B","OTHER_NAME":null,"INDIAN_RESERVE_LAND_TYPE":"Indian Reserve"},"geometry":{"type":"Polygon","coordinates":[[[-80.37599,45.52649],[-80.38248,45.5248],[-80.38213,45.52402],[-80.38118,45.52419],[-80.382,45.52356],[-80.38181,45.5226],[-80.38286,45.5223],[-80.38256,45.52175],[-80.38374,45.5217],[-80.3847,45.52232],[-80.38104,45.51547],[-80.37141,45.51798],[-80.37599,45.52649]]]}},{"type":"Feature","properties":{"OGF_ID":67860046,"OFFICIAL_NAME":"Neyaashiinigmiing","OTHER_NAME":null,"INDIAN_RESERVE_LAND_TYPE":"Indian Reserve"},"geometry":{"type":"Polygon","coordinates":[[[-80.98994,44.97161],[-80.99154,44.97112],[-80.99321,44.96991],[-80.99378,44.96834],[-80.99363,44.96704],[-80.99414,44.96643],[-80.99388,44.96518],[-80.99461,44.9639],[-80.99629,44.96221],[-80.99906,44.96113],[-80.99944,44.96065],[-80.99754,44.96137],[-81.00041,44.95972],[-81.00281,44.95689],[-81.00442,44.95584],[-81.00739,44.95579],[-81.00967,44.95674],[-81.01019,44.95733],[-81.0101,44.95938],[-81.01251,44.9643],[-81.0123,44.96589],[-81.01292,44.96686],[-81.01644,44.96797],[-81.0193,44.96978],[-81.02077,44.9697],[-81.02239,44.97025],[-81.02616,44.96988],[-81.03097,44.96796],[-81.03544,44.96678],[-81.03886,44.96408],[-81.04394,44.96139],[-81.04354,44.96097],[-81.04384,44.96043],[-81.05053,44.95481],[-81.05036,44.95429],[-81.05106,44.95332],[-81.04983,44.95013],[-81.05016,44.94895],[-81.05657,44.94497],[-81.0546,44.94374],[-81.05417,44.94181],[-81.05492,44.9416],[-81.054,44.94111],[-81.05474,44.94141],[-81.05431,44.94102],[-81.05256,44.9407],[-81.05239,44.93946],[-81.05167,44.93894],[-81.05167,44.93841],[-81.05205,44.93839],[-81.05092,44.93752],[-81.05084,44.93609],[-81.05155,44.93477],[-81.05101,44.93398],[-81.05123,44.93299],[-81.05016,44.93308],[-81.04842,44.93199],[-81.04668,44.93219],[-81.04637,44.93192],[-81.04676,44.93174],[-81.0444,44.9311],[-81.04375,44.93033],[-81.04192,44.92982],[-81.04247,44.92995],[-81.04027,44.92837],[-81.03935,44.92653],[-81.03687,44.92604],[-81.03624,44.92638],[-81.03453,44.92544],[-81.03365,44.92548],[-81.03532,44.92619],[-81.03494,44.92809],[-81.03312,44.93044],[-81.03084,44.93092],[-81.02888,44.93046],[-81.02639,44.9293],[-81.02504,44.9281],[-81.02411,44.92601],[-81.02669,44.92377],[-81.02858,44.91985],[-81.0311,44.91806],[-81.03609,44.91813],[-81.03864,44.91773],[-81.04173,44.91839],[-81.04663,44.91756],[-81.04782,44.91766],[-81.0481,44.91817],[-81.04989,44.91813],[-81.05162,44.91747],[-81.05271,44.91761],[-81.05179,44.91738],[-81.05173,44.91693],[-81.05383,44.91578],[-81.05532,44.91582],[-81.05818,44.9148],[-81.06201,44.91432],[-81.06295,44.91335],[-81.06188,44.91386],[-81.06151,44.91259],[-81.06239,44.91161],[-81.06223,44.91096],[-81.06326,44.90911],[-81.0624,44.90794],[-81.06124,44.90777],[-81.06029,44.90701],[-81.05948,44.90503],[-81.05939,44.90245],[-81.06059,44.89958],[-81.06255,44.89715],[-81.06393,44.89639],[-81.07126,44.89439],[-81.07145,44.89385],[-81.07235,44.89353],[-81.07414,44.89324],[-81.07528,44.89345],[-81.07558,44.89307],[-81.07699,44.89295],[-81.07806,44.89348],[-81.07678,44.89252],[-81.07751,44.89218],[-81.0814,44.89331],[-81.08192,44.89298],[-81.08174,44.89257],[-81.08134,44.89222],[-81.0807,44.89232],[-81.08184,44.89172],[-81.09029,44.8937],[-81.09136,44.89438],[-81.09146,44.89515],[-81.09676,44.89364],[-81.09785,44.89375],[-81.10005,44.89502],[-81.10112,44.89603],[-81.10135,44.89698],[-81.10014,44.89911],[-81.09827,44.90034],[-81.0956,44.90304],[-81.09436,44.90332],[-81.09337,44.90313],[-81.09168,44.90384],[-81.09099,44.90337],[-81.0894,44.90424],[-81.08735,44.90615],[-81.08845,44.90834],[-81.08788,44.90849],[-81.08777,44.90948],[-81.08709,44.91],[-81.08742,44.91005],[-81.08738,44.91193],[-81.0888,44.91361],[-81.08835,44.91568],[-81.08931,44.91683],[-81.08911,44.9171],[-81.08873,44.91693],[-81.08928,44.91732],[-81.09022,44.91751],[-81.09103,44.91886],[-81.08984,44.9186],[-81.08979,44.91805],[-81.08971,44.91862],[-81.09429,44.92107],[-81.09672,44.92139],[-81.0999,44.92239],[-81.10398,44.92279],[-81.10824,44.92233],[-81.11104,44.92244],[-81.11079,44.92218],[-81.11272,44.92154],[-81.11411,44.92151],[-81.11562,44.92059],[-81.11735,44.92036],[-81.11757,44.91981],[-81.1219,44.91815],[-81.12275,44.91734],[-81.12603,44.91575],[-81.12767,44.91364],[-81.13045,44.91176],[-81.13242,44.91112],[-81.13439,44.90934],[-81.13706,44.9078],[-81.07059,44.87109],[-81.02469,44.8462],[-81.02043,44.85116],[-81.01941,44.85477],[-81.01937,44.8578],[-81.01732,44.8623],[-81.00703,44.87186],[-81.0062,44.8753],[-81.005,44.87736],[-81.00636,44.8839],[-81.00959,44.88682],[-81.01637,44.89041],[-81.0195,44.88954],[-81.02326,44.88939],[-81.02619,44.88859],[-81.02703,44.88912],[-81.02622,44.88899],[-81.0297,44.89157],[-81.03036,44.89269],[-81.03058,44.89515],[-81.02778,44.89872],[-81.02709,44.90164],[-81.02509,44.90375],[-81.02195,44.90609],[-81.02081,44.91405],[-81.0163,44.91907],[-81.01538,44.91928],[-81.01491,44.91875],[-81.01467,44.91893],[-81.01506,44.91923],[-81.01319,44.92081],[-81.01159,44.92129],[-81.00911,44.92281],[-81.00339,44.92803],[-81.00191,44.92848],[-80.99929,44.931],[-80.99775,44.93117],[-80.99439,44.93372],[-80.99306,44.93404],[-80.99105,44.9353],[-80.9902,44.93512],[-80.98875,44.93573],[-80.98155,44.93994],[-80.97538,44.94193],[-80.97323,44.94211],[-80.96998,44.94345],[-80.96843,44.94372],[-80.96499,44.94543],[-80.96218,44.94837],[-80.96023,44.95283],[-80.96037,44.95514],[-80.95993,44.9564],[-80.96128,44.95748],[-80.96978,44.96164],[-80.97163,44.9617],[-80.97351,44.96265],[-80.97809,44.96336],[-80.98331,44.9651],[-80.98434,44.96579],[-80.98521,44.96745],[-80.98529,44.97144],[-80.98893,44.97249],[-80.99113,44.97251],[-80.99097,44.97219],[-80.99017,44.97234],[-80.98868,44.97189],[-80.98994,44.97161]],[[-80.96508,44.95908],[-80.9602,44.95642],[-80.96062,44.95514],[-80.96048,44.95286],[-80.96167,44.95034],[-80.96976,44.95479],[-80.96508,44.95908]]]}},{"type":"Feature","properties":{"OGF_ID":67860050,"OFFICIAL_NAME":"Christian Island 30A","OTHER_NAME":null,"INDIAN_RESERVE_LAND_TYPE":"Indian Reserve"},"geometry":{"type":"Polygon","coordinates":[[[-80.11474,44.80856],[-80.11592,44.80888],[-80.11893,44.81212],[-80.12067,44.81097],[-80.11786,44.80796],[-80.11599,44.80884],[-80.11474,44.80856]]]}},{"type":"Feature","properties":{"OGF_ID":67860382,"OFFICIAL_NAME":"Sugar Island 37A","OTHER_NAME":null,"INDIAN_RESERVE_LAND_TYPE":"Indian Reserve"},"geometry":{"type":"Polygon","coordinates":[[[-78.13922,44.22291],[-78.14037,44.2224],[-78.14114,44.22086],[-78.14095,44.21706],[-78.1389,44.21306],[-78.13793,44.2126],[-78.13667,44.21341],[-78.13573,44.21495],[-78.13502,44.22155],[-78.13573,44.22227],[-78.13725,44.22286],[-78.13883,44.22329],[-78.13922,44.22291]]]}},{"type":"Feature","properties":{"OGF_ID":67860015,"OFFICIAL_NAME":"Chippewas of Georgina Island First Nation","OTHER_NAME":null,"INDIAN_RESERVE_LAND_TYPE":"Indian Reserve"},"geometry":{"type":"MultiPolygon","coordinates":[[[[-79.3109,44.39486],[-79.31207,44.39468],[-79.31417,44.39357],[-79.31576,44.39216],[-79.3159,44.39076],[-79.31642,44.39039],[-79.31781,44.39029],[-79.31891,44.38942],[-79.31781,44.38799],[-79.31897,44.38553],[-79.31896,44.38402],[-79.3171,44.37922],[-79.31729,44.37665],[-79.31684,44.37556],[-79.31776,44.37453],[-79.31498,44.37377],[-79.31353,44.36936],[-79.30979,44.36622],[-79.30799,44.36525],[-79.30683,44.3633],[-79.30547,44.35885],[-79.30568,44.35802],[-79.30497,44.35764],[-79.30536,44.35535],[-79.30614,44.35449],[-79.30583,44.35399],[-79.30348,44.35306],[-79.30258,44.35337],[-79.30332,44.35381],[-79.30219,44.35349],[-79.30229,44.35318],[-79.30126,44.35346],[-79.30012,44.35283],[-79.29999,44.35316],[-79.29721,44.35359],[-79.29348,44.35609],[-79.29003,44.35688],[-79.28663,44.35906],[-79.28132,44.36153],[-79.27857,44.36236],[-79.2761,44.36451],[-79.27376,44.3653],[-79.27291,44.36638],[-79.27146,44.36644],[-79.2709,44.36578],[-79.27064,44.36604],[-79.27117,44.3665],[-79.27067,44.36711],[-79.26841,44.36768],[-79.26705,44.36739],[-79.26665,44.36683],[-79.26727,44.36662],[-79.2656,44.36597],[-79.26441,44.36679],[-79.26242,44.36714],[-79.26152,44.36777],[-79.26085,44.36889],[-79.26132,44.36981],[-79.26487,44.37166],[-79.26661,44.37311],[-79.26897,44.37382],[-79.27101,44.37547],[-79.27137,44.37681],[-79.27079,44.37833],[-79.27123,44.38096],[-79.27827,44.38534],[-79.27862,44.38629],[-79.27808,44.38699],[-79.27823,44.38756],[-79.2813,44.38816],[-79.28254,44.38992],[-79.28711,44.39232],[-79.28818,44.39378],[-79.28991,44.39402],[-79.2951,44.39281],[-79.29857,44.39304],[-79.30195,44.39382],[-79.30619,44.39292],[-79.3109,44.39486]]],[[[-79.48037,44.32186],[-79.48193,44.32103],[-79.48307,44.31831],[-79.48608,44.31534],[-79.48738,44.31328],[-79.48768,44.3118],[-79.48723,44.30794],[-79.48766,44.30699],[-79.48963,44.30535],[-79.48891,44.30473],[-79.48691,44.30496],[-79.48473,44.30641],[-79.48268,44.30694],[-79.48091,44.30888],[-79.47906,44.30971],[-79.4756,44.3094],[-79.4739,44.31015],[-79.47478,44.31324],[-79.47372,44.31619],[-79.47257,44.31682],[-79.4724,44.3177],[-79.47003,44.31986],[-79.47304,44.31898],[-79.47432,44.31896],[-79.47843,44.32013],[-79.47873,44.32113],[-79.47958,44.3218],[-79.48037,44.32186]]],[[[-79.48547,44.33404],[-79.48546,44.33473],[-79.48814,44.33751],[-79.48799,44.33892],[-79.48851,44.33955],[-79.48947,44.33912],[-79.4908,44.33733],[-79.49407,44.33535],[-79.48768,44.3335],[-79.48547,44.33404]]]]}},{"type":"Feature","properties":{"OGF_ID":67860442,"OFFICIAL_NAME":"Saugeen 29","OTHER_NAME":null,"INDIAN_RESERVE_LAND_TYPE":"Indian Reserve"},"geometry":{"type":"Polygon","coordinates":[[[-81.26931,44.57002],[-81.27056,44.62933],[-81.27131,44.62911],[-81.27151,44.62505],[-81.27293,44.61673],[-81.27738,44.60463],[-81.28141,44.59875],[-81.28273,44.59781],[-81.28435,44.59763],[-81.28461,44.59605],[-81.2865,44.59418],[-81.28872,44.59353],[-81.28966,44.59263],[-81.29131,44.59215],[-81.29213,44.59231],[-81.2929,44.59152],[-81.29351,44.5915],[-81.29329,44.59127],[-81.2938,44.59157],[-81.29506,44.59036],[-81.2952,44.58982],[-81.29361,44.58891],[-81.29257,44.58597],[-81.29519,44.57993],[-81.29766,44.57736],[-81.2999,44.57613],[-81.30114,44.57646],[-81.30159,44.57619],[-81.3013,44.57531],[-81.30189,44.57462],[-81.30237,44.57475],[-81.30347,44.57315],[-81.30485,44.57283],[-81.30459,44.57186],[-81.30518,44.57175],[-81.30497,44.57143],[-81.30565,44.5714],[-81.30555,44.57106],[-81.30621,44.57123],[-81.30594,44.571],[-81.30648,44.57071],[-81.30733,44.56837],[-81.30937,44.5661],[-81.30926,44.56576],[-81.30972,44.56585],[-81.31044,44.5652],[-81.3104,44.56456],[-81.31181,44.56421],[-81.31278,44.56255],[-81.31568,44.56108],[-81.31684,44.55983],[-81.31754,44.5599],[-81.31711,44.55952],[-81.31733,44.55897],[-81.31778,44.55898],[-81.31794,44.55836],[-81.31907,44.55769],[-81.32031,44.55367],[-81.32252,44.55092],[-81.32419,44.54983],[-81.32558,44.54974],[-81.32643,44.5493],[-81.32609,44.54856],[-81.32673,44.54904],[-81.32862,44.54833],[-81.33189,44.54848],[-81.33889,44.54178],[-81.34068,44.54058],[-81.34182,44.54072],[-81.34345,44.53831],[-81.34525,44.53747],[-81.34645,44.53614],[-81.34774,44.53566],[-81.3475,44.53532],[-81.3479,44.53543],[-81.3503,44.53179],[-81.35156,44.52805],[-81.35266,44.52658],[-81.35235,44.52639],[-81.35279,44.52502],[-81.35679,44.51947],[-81.34507,44.51383],[-81.34499,44.50911],[-81.34155,44.50948],[-81.33952,44.50924],[-81.33834,44.50856],[-81.33829,44.50822],[-81.339,44.50873],[-81.33803,44.50693],[-81.26781,44.51959],[-81.26866,44.53683],[-81.26931,44.57002]]]}},{"type":"Feature","properties":{"OGF_ID":67860171,"OFFICIAL_NAME":"Chippewa Island","OTHER_NAME":null,"INDIAN_RESERVE_LAND_TYPE":"Indian Reserve"},"geometry":{"type":"MultiPolygon","coordinates":[[[[-80.03626,45.0887],[-80.03989,45.08967],[-80.04086,45.08954],[-80.04041,45.08864],[-80.03626,45.0887]]],[[[-80.0345,45.0888],[-80.03574,45.08906],[-80.03613,45.08878],[-80.03589,45.08859],[-80.0345,45.0888]]]]}},{"type":"Feature","properties":{"OGF_ID":67860048,"OFFICIAL_NAME":"Chippewas of Georgina Island First Nation 33A","OTHER_NAME":null,"INDIAN_RESERVE_LAND_TYPE":"Indian Reserve"},"geometry":{"type":"MultiPolygon","coordinates":[[[[-79.28657,44.32739],[-79.28798,44.32748],[-79.28783,44.32715],[-79.2883,44.32707],[-79.28779,44.32706],[-79.28743,44.32628],[-79.28661,44.32647],[-79.28657,44.32739]]],[[[-79.28664,44.32778],[-79.28678,44.32785],[-79.28791,44.32771],[-79.28657,44.32758],[-79.28664,44.32778]]]]}},{"type":"Feature","properties":{"OGF_ID":67859946,"OFFICIAL_NAME":"Christian Island 30","OTHER_NAME":null,"INDIAN_RESERVE_LAND_TYPE":"Indian Reserve"},"geometry":{"type":"MultiPolygon","coordinates":[[[[-80.23783,44.88361],[-80.23825,44.88334],[-80.23654,44.88289],[-80.2373,44.88176],[-80.23902,44.88163],[-80.24074,44.88304],[-80.24218,44.88323],[-80.24305,44.88271],[-80.24294,44.88129],[-80.24441,44.88017],[-80.24412,44.87891],[-80.24131,44.87514],[-80.24117,44.8738],[-80.23963,44.87221],[-80.24006,44.8705],[-80.24051,44.87054],[-80.24151,44.86972],[-80.2403,44.86844],[-80.24069,44.86798],[-80.23964,44.86762],[-80.24001,44.8663],[-80.24115,44.86636],[-80.23904,44.86529],[-80.24094,44.86535],[-80.24097,44.86495],[-80.24155,44.86507],[-80.24052,44.86456],[-80.24103,44.8643],[-80.24034,44.86439],[-80.24044,44.86381],[-80.23927,44.86385],[-80.23659,44.86265],[-80.23608,44.86188],[-80.23504,44.86167],[-80.23561,44.86136],[-80.23548,44.8609],[-80.23348,44.85964],[-80.23326,44.8589],[-80.23449,44.85707],[-80.23562,44.85678],[-80.23652,44.85721],[-80.23647,44.85584],[-80.23581,44.85499],[-80.23764,44.85389],[-80.2381,44.85224],[-80.23874,44.85199],[-80.2384,44.85141],[-80.23887,44.85045],[-80.23864,44.84974],[-80.2397,44.84788],[-80.24176,44.84677],[-80.24164,44.84606],[-80.24275,44.84484],[-80.24607,44.84275],[-80.24741,44.84231],[-80.24657,44.84079],[-80.24727,44.83795],[-80.24584,44.8359],[-80.2452,44.83341],[-80.24332,44.83178],[-80.24273,44.83151],[-80.24161,44.83167],[-80.24045,44.83099],[-80.23982,44.83016],[-80.23992,44.8292],[-80.23803,44.82849],[-80.23775,44.82775],[-80.23812,44.82746],[-80.2364,44.82652],[-80.23576,44.82544],[-80.23296,44.82462],[-80.23076,44.82283],[-80.2279,44.82151],[-80.22663,44.82014],[-80.22539,44.82025],[-80.22335,44.81889],[-80.22085,44.81915],[-80.21787,44.81717],[-80.2164,44.81511],[-80.21465,44.809],[-80.21461,44.80678],[-80.21556,44.8056],[-80.21655,44.80539],[-80.21573,44.80516],[-80.21448,44.80365],[-80.21378,44.80355],[-80.21318,44.80285],[-80.21183,44.80262],[-80.21143,44.80197],[-80.21173,44.80146],[-80.20966,44.80095],[-80.20908,44.80012],[-80.20929,44.79948],[-80.20764,44.79898],[-80.20481,44.7973],[-80.20041,44.7966],[-80.19865,44.79501],[-80.1979,44.79323],[-80.1956,44.79304],[-80.19389,44.79139],[-80.19106,44.79072],[-80.18907,44.78914],[-80.18204,44.78733],[-80.18072,44.7875],[-80.1798,44.78697],[-80.17884,44.7872],[-80.17787,44.78655],[-80.1769,44.78688],[-80.17665,44.78614],[-80.17602,44.7859],[-80.1761,44.78522],[-80.17492,44.78615],[-80.1741,44.78615],[-80.1713,44.78466],[-80.17107,44.7838],[-80.17191,44.78342],[-80.17017,44.78347],[-80.16787,44.78273],[-80.16667,44.78336],[-80.1658,44.78299],[-80.16587,44.78247],[-80.16348,44.78318],[-80.16178,44.78303],[-80.16059,44.78463],[-80.15699,44.78547],[-80.15503,44.78682],[-80.15906,44.78707],[-80.16232,44.78848],[-80.16337,44.78819],[-80.16423,44.78702],[-80.1675,44.78691],[-80.17259,44.78807],[-80.17931,44.79079],[-80.18416,44.79385],[-80.18651,44.79761],[-80.18929,44.79983],[-80.19059,44.80217],[-80.19093,44.80513],[-80.19007,44.80728],[-80.18886,44.80783],[-80.19002,44.80871],[-80.18965,44.81004],[-80.18552,44.81376],[-80.1789,44.81829],[-80.17449,44.82011],[-80.17347,44.82007],[-80.17261,44.81908],[-80.17321,44.82055],[-80.17245,44.82096],[-80.17207,44.82065],[-80.17206,44.82113],[-80.1697,44.82184],[-80.16694,44.82212],[-80.16416,44.82299],[-80.16166,44.82328],[-80.1607,44.82305],[-80.15863,44.82371],[-80.15687,44.82368],[-80.15553,44.82474],[-80.15444,44.82647],[-80.15193,44.82778],[-80.15136,44.82904],[-80.15134,44.83425],[-80.15304,44.83573],[-80.15428,44.83832],[-80.15531,44.83904],[-80.15575,44.84145],[-80.15678,44.84304],[-80.15699,44.84439],[-80.15587,44.85139],[-80.15687,44.85455],[-80.15838,44.85541],[-80.16426,44.85614],[-80.16866,44.85786],[-80.16944,44.85872],[-80.16996,44.8607],[-80.1695,44.86333],[-80.17121,44.86507],[-80.1749,44.87156],[-80.17835,44.87392],[-80.17975,44.87392],[-80.18071,44.87437],[-80.18136,44.87297],[-80.18091,44.87234],[-80.17967,44.8718],[-80.17995,44.87125],[-80.18117,44.8706],[-80.18176,44.86965],[-80.18296,44.86965],[-80.18499,44.87032],[-80.18543,44.87182],[-80.18601,44.87243],[-80.18658,44.87234],[-80.18697,44.86824],[-80.18858,44.86701],[-80.1888,44.86637],[-80.18966,44.86609],[-80.19047,44.86393],[-80.19169,44.86293],[-80.19415,44.86196],[-80.1951,44.86059],[-80.2004,44.85853],[-80.20592,44.85701],[-80.21314,44.85628],[-80.21565,44.85756],[-80.21686,44.85871],[-80.21693,44.85991],[-80.21809,44.86058],[-80.21932,44.86239],[-80.21993,44.86457],[-80.22206,44.86679],[-80.22467,44.86808],[-80.22513,44.86915],[-80.22689,44.87055],[-80.2275,44.87212],[-80.23001,44.87497],[-80.23139,44.87554],[-80.2315,44.87521],[-80.23255,44.87523],[-80.23418,44.87662],[-80.2348,44.87817],[-80.23414,44.87883],[-80.2334,44.87893],[-80.23345,44.87808],[-80.23231,44.87832],[-80.23309,44.87752],[-80.23242,44.87754],[-80.23211,44.87899],[-80.23327,44.88026],[-80.23408,44.87992],[-80.23453,44.879],[-80.2352,44.87884],[-80.23515,44.88241],[-80.23592,44.88306],[-80.23783,44.88361]],[[-80.2172,44.83182],[-80.21677,44.83398],[-80.21593,44.83475],[-80.21447,44.83528],[-80.21256,44.83541],[-80.20938,44.83452],[-80.20466,44.83224],[-80.20338,44.82962],[-80.20406,44.82666],[-80.20782,44.82366],[-80.2083,44.82468],[-80.20768,44.8261],[-80.20921,44.82668],[-80.2119,44.82683],[-80.21224,44.82738],[-80.21336,44.82777],[-80.21531,44.82769],[-80.21481,44.82804],[-80.21497,44.82868],[-80.21589,44.82923],[-80.21652,44.82911],[-80.2172,44.83182]],[[-80.17204,44.83399],[-80.1683,44.83415],[-80.16471,44.83287],[-80.16365,44.83027],[-80.16391,44.82859],[-80.16464,44.8277],[-80.16902,44.82762],[-80.17498,44.82661],[-80.17721,44.82735],[-80.17799,44.82922],[-80.17722,44.83189],[-80.17528,44.83306],[-80.17204,44.83399]]],[[[-80.12409,44.88536],[-80.12544,44.88565],[-80.12625,44.88535],[-80.13074,44.88138],[-80.13209,44.88142],[-80.13703,44.8793],[-80.1382,44.8764],[-80.13517,44.87328],[-80.1305,44.87076],[-80.12846,44.86991],[-80.12721,44.87082],[-80.12611,44.87023],[-80.12455,44.87045],[-80.12272,44.86949],[-80.12187,44.86815],[-80.12172,44.86698],[-80.12278,44.86463],[-80.12678,44.86194],[-80.12859,44.86003],[-80.12829,44.85944],[-80.12701,44.8596],[-80.12852,44.85664],[-80.12891,44.85217],[-80.12989,44.84909],[-80.12849,44.84508],[-80.12913,44.84302],[-80.12882,44.84127],[-80.12597,44.83937],[-80.12551,44.83969],[-80.12465,44.83933],[-80.12339,44.83985],[-80.11826,44.8402],[-80.1125,44.83908],[-80.11163,44.83929],[-80.11017,44.84081],[-80.10758,44.84167],[-80.10766,44.84219],[-80.10661,44.84281],[-80.10369,44.84289],[-80.10225,44.84341],[-80.10001,44.84355],[-80.10041,44.84738],[-80.09962,44.84969],[-80.10006,44.85248],[-80.09916,44.85682],[-80.09797,44.85822],[-80.09722,44.86147],[-80.09931,44.86479],[-80.10024,44.8655],[-80.1001,44.8661],[-80.10237,44.86777],[-80.10592,44.86932],[-80.10712,44.87049],[-80.10966,44.87038],[-80.1121,44.87193],[-80.11343,44.87115],[-80.11431,44.86957],[-80.11529,44.86932],[-80.11986,44.87014],[-80.12275,44.87152],[-80.12382,44.87378],[-80.12308,44.87473],[-80.12227,44.87502],[-80.12206,44.87615],[-80.12089,44.87685],[-80.12083,44.87753],[-80.12156,44.87758],[-80.12198,44.87818],[-80.12031,44.87982],[-80.12117,44.88062],[-80.12132,44.88175],[-80.12067,44.88347],[-80.1216,44.88523],[-80.12236,44.88553],[-80.12409,44.88536]]],[[[-80.17478,44.91443],[-80.18199,44.91254],[-80.18606,44.91297],[-80.18706,44.91228],[-80.18909,44.91168],[-80.19141,44.91241],[-80.1934,44.91238],[-80.19564,44.91353],[-80.19641,44.91316],[-80.19614,44.9117],[-80.1968,44.90977],[-80.19751,44.90977],[-80.19878,44.90654],[-80.19942,44.90633],[-80.199,44.90515],[-80.20059,44.90378],[-80.19848,44.90294],[-80.19824,44.90247],[-80.1987,44.90203],[-80.1978,44.90158],[-80.19756,44.90044],[-80.19584,44.89933],[-80.19439,44.89904],[-80.19355,44.89822],[-80.18973,44.89674],[-80.1892,44.89698],[-80.18862,44.89673],[-80.18707,44.8945],[-80.18558,44.89532],[-80.18391,44.89517],[-80.18296,44.89488],[-80.18261,44.89422],[-80.18089,44.89324],[-80.17896,44.89638],[-80.1756,44.89851],[-80.17333,44.89898],[-80.16698,44.89789],[-80.16222,44.89474],[-80.16183,44.89635],[-80.16329,44.89736],[-80.16391,44.89849],[-80.16388,44.90292],[-80.16202,44.90414],[-80.1607,44.907],[-80.16373,44.90918],[-80.16265,44.91181],[-80.17302,44.91189],[-80.17298,44.9144],[-80.17478,44.91443]]]]}},{"type":"Feature","properties":{"OGF_ID":68961667,"OFFICIAL_NAME":"Islands in the Trent Waters 36A","OTHER_NAME":null,"INDIAN_RESERVE_LAND_TYPE":"Indian Reserve"},"geometry":{"type":"MultiPolygon","coordinates":[[[[-78.11756,44.23252],[-78.11613,44.23353],[-78.11591,44.23518],[-78.11646,44.2358],[-78.11732,44.23533],[-78.11844,44.23295],[-78.11756,44.23252]]],[[[-78.22494,44.55892],[-78.22568,44.55885],[-78.22577,44.55835],[-78.22668,44.55849],[-78.22665,44.55775],[-78.22471,44.55758],[-78.22413,44.55791],[-78.2226,44.55735],[-78.22079,44.55755],[-78.22234,44.5586],[-78.22474,44.55854],[-78.22494,44.55892]]],[[[-78.27277,44.55806],[-78.27269,44.55765],[-78.27335,44.55796],[-78.27314,44.55739],[-78.27379,44.55753],[-78.27408,44.55683],[-78.27294,44.55651],[-78.27242,44.55588],[-78.27104,44.55594],[-78.27132,44.55555],[-78.27085,44.55529],[-78.27078,44.55662],[-78.27177,44.55768],[-78.27277,44.55806]]],[[[-78.22611,44.56072],[-78.22757,44.56021],[-78.22754,44.55955],[-78.22651,44.55966],[-78.22638,44.55931],[-78.22579,44.55938],[-78.226,44.5591],[-78.22526,44.55933],[-78.22523,44.55902],[-78.22358,44.55973],[-78.22558,44.56013],[-78.22611,44.56072]]],[[[-78.22244,44.55711],[-78.22393,44.55709],[-78.22541,44.5564],[-78.22377,44.55664],[-78.22153,44.55551],[-78.22164,44.55593],[-78.22252,44.55614],[-78.22194,44.5563],[-78.22231,44.55665],[-78.22109,44.55628],[-78.2202,44.55662],[-78.22244,44.55711]]],[[[-78.41426,44.45335],[-78.41329,44.45385],[-78.41257,44.4556],[-78.41435,44.45478],[-78.41484,44.45373],[-78.41426,44.45335]]],[[[-78.27154,44.44547],[-78.27325,44.44415],[-78.27353,44.44291],[-78.27109,44.44483],[-78.27093,44.4451],[-78.27154,44.44547]]],[[[-78.25391,44.55264],[-78.2562,44.55216],[-78.25748,44.55239],[-78.25787,44.55173],[-78.25729,44.55151],[-78.25571,44.55201],[-78.2549,44.55164],[-78.25391,44.55264]]],[[[-78.24121,44.48234],[-78.24165,44.48356],[-78.24286,44.48308],[-78.24308,44.4823],[-78.24226,44.48178],[-78.24121,44.48234]]],[[[-78.3833,44.46048],[-78.3825,44.46135],[-78.38251,44.46231],[-78.38338,44.46172],[-78.3833,44.46048]]],[[[-78.38063,44.48621],[-78.38165,44.48563],[-78.38161,44.48457],[-78.3804,44.48597],[-78.38063,44.48621]]],[[[-78.24837,44.55179],[-78.24927,44.55164],[-78.24906,44.55091],[-78.24791,44.55104],[-78.24837,44.55179]]],[[[-78.38396,44.48619],[-78.38478,44.48599],[-78.3834,44.48532],[-78.38311,44.48595],[-78.38396,44.48619]]],[[[-78.24521,44.55132],[-78.24586,44.5516],[-78.24669,44.55125],[-78.24595,44.5508],[-78.24528,44.55092],[-78.24521,44.55132]]],[[[-78.40911,44.45251],[-78.4105,44.45183],[-78.41101,44.45118],[-78.41012,44.45148],[-78.40911,44.45251]]],[[[-78.24283,44.55207],[-78.24384,44.55205],[-78.24341,44.55141],[-78.24248,44.55177],[-78.24283,44.55207]]],[[[-78.41839,44.48461],[-78.41932,44.48456],[-78.41807,44.48409],[-78.41749,44.48434],[-78.41766,44.48454],[-78.41839,44.48461]]],[[[-78.39045,44.48113],[-78.39128,44.48094],[-78.39129,44.48055],[-78.39028,44.4807],[-78.39045,44.48113]]],[[[-78.3322,44.50444],[-78.33257,44.50398],[-78.33155,44.50403],[-78.33165,44.50427],[-78.3322,44.50444]]],[[[-78.41766,44.35509],[-78.41757,44.35556],[-78.41806,44.3551],[-78.41905,44.35511],[-78.41819,44.35481],[-78.41766,44.35509]]],[[[-78.33837,44.55768],[-78.33846,44.55809],[-78.33893,44.55776],[-78.33814,44.55731],[-78.33837,44.55768]]],[[[-78.2755,44.1268],[-78.27528,44.12754],[-78.275,44.12792],[-78.27579,44.12724],[-78.2755,44.1268]]],[[[-78.12812,44.54681],[-78.12839,44.54696],[-78.1283,44.54589],[-78.12799,44.54659],[-78.12812,44.54681]]],[[[-78.2468,44.54966],[-78.2474,44.54924],[-78.24692,44.54895],[-78.24669,44.54908],[-78.2468,44.54966]]],[[[-78.37706,44.47686],[-78.37673,44.47723],[-78.37679,44.47783],[-78.3771,44.47735],[-78.37706,44.47686]]],[[[-78.39215,44.57381],[-78.39191,44.5741],[-78.39189,44.57441],[-78.39244,44.57413],[-78.39215,44.57381]]],[[[-78.31099,44.55746],[-78.31117,44.55813],[-78.31155,44.55822],[-78.31165,44.55802],[-78.31099,44.55746]]],[[[-78.25275,44.55249],[-78.25306,44.55239],[-78.25276,44.55195],[-78.25229,44.55235],[-78.25275,44.55249]]],[[[-78.30392,44.55947],[-78.30412,44.55999],[-78.30421,44.56008],[-78.30463,44.55932],[-78.30392,44.55947]]],[[[-78.24747,44.55057],[-78.2479,44.55082],[-78.24821,44.55046],[-78.24781,44.55043],[-78.24747,44.55057]]],[[[-78.38578,44.57458],[-78.38555,44.57491],[-78.38559,44.57518],[-78.38619,44.5745],[-78.38578,44.57458]]],[[[-78.26485,44.55778],[-78.26519,44.55775],[-78.26517,44.55709],[-78.26462,44.55739],[-78.26485,44.55778]]],[[[-78.29029,44.5587],[-78.29085,44.55849],[-78.29107,44.55825],[-78.29041,44.55827],[-78.29029,44.5587]]],[[[-78.36389,44.45275],[-78.36415,44.45285],[-78.36444,44.45265],[-78.36382,44.45251],[-78.36389,44.45275]]],[[[-78.43059,44.34723],[-78.43112,44.34723],[-78.43116,44.34716],[-78.43009,44.34707],[-78.43059,44.34723]]],[[[-78.34489,44.55566],[-78.34449,44.55584],[-78.34509,44.556],[-78.3452,44.55571],[-78.34489,44.55566]]],[[[-78.38183,44.57803],[-78.38165,44.57832],[-78.3817,44.57845],[-78.38217,44.57827],[-78.38183,44.57803]]],[[[-78.3798,44.47265],[-78.37963,44.47284],[-78.37975,44.47327],[-78.37998,44.47301],[-78.3798,44.47265]]],[[[-78.24648,44.5521],[-78.24711,44.55203],[-78.24737,44.55177],[-78.24679,44.55185],[-78.24648,44.5521]]],[[[-78.24779,44.54833],[-78.24825,44.54832],[-78.24846,44.54822],[-78.24747,44.54818],[-78.24779,44.54833]]],[[[-78.2692,44.54879],[-78.26952,44.54851],[-78.26902,44.54843],[-78.2688,44.54871],[-78.2692,44.54879]]],[[[-78.22052,44.55864],[-78.22114,44.55859],[-78.221,44.5583],[-78.22077,44.55829],[-78.22052,44.55864]]],[[[-78.17476,44.52655],[-78.17473,44.52616],[-78.17455,44.52602],[-78.17443,44.52638],[-78.17476,44.52655]]],[[[-78.34409,44.55484],[-78.34378,44.55505],[-78.34438,44.55511],[-78.34439,44.55488],[-78.34409,44.55484]]],[[[-78.38295,44.50216],[-78.3827,44.5024],[-78.38279,44.5025],[-78.38328,44.50229],[-78.38295,44.50216]]],[[[-78.24946,44.54966],[-78.24963,44.54996],[-78.24979,44.54999],[-78.24991,44.54977],[-78.24946,44.54966]]],[[[-78.25233,44.54829],[-78.2526,44.54819],[-78.2532,44.54815],[-78.25275,44.54804],[-78.25233,44.54829]]],[[[-78.33691,44.50267],[-78.33689,44.50284],[-78.33708,44.50304],[-78.33724,44.50276],[-78.33691,44.50267]]],[[[-78.414,44.46886],[-78.41387,44.46906],[-78.41416,44.46914],[-78.41435,44.46899],[-78.414,44.46886]]],[[[-78.39975,44.48458],[-78.39949,44.48476],[-78.39945,44.48491],[-78.39985,44.48476],[-78.39975,44.48458]]],[[[-78.23108,44.55817],[-78.23128,44.55845],[-78.23155,44.55852],[-78.23137,44.55817],[-78.23108,44.55817]]],[[[-78.51294,44.53781],[-78.51278,44.53802],[-78.51321,44.53802],[-78.51322,44.53785],[-78.51294,44.53781]]],[[[-78.40633,44.5738],[-78.40603,44.57422],[-78.40615,44.57433],[-78.40639,44.57395],[-78.40633,44.5738]]],[[[-78.24167,44.55176],[-78.24207,44.55173],[-78.2421,44.55165],[-78.24161,44.55153],[-78.24167,44.55176]]],[[[-78.40393,44.57796],[-78.4038,44.57807],[-78.40362,44.57862],[-78.40398,44.57808],[-78.40393,44.57796]]],[[[-78.23807,44.55444],[-78.23827,44.55431],[-78.23824,44.5542],[-78.23778,44.55437],[-78.23807,44.55444]]],[[[-78.26958,44.54754],[-78.26985,44.54751],[-78.26994,44.54724],[-78.26942,44.54749],[-78.26958,44.54754]]],[[[-78.40479,44.57654],[-78.40458,44.57687],[-78.40458,44.57713],[-78.4049,44.57642],[-78.40479,44.57654]]],[[[-78.38481,44.46984],[-78.38469,44.47012],[-78.38487,44.47016],[-78.38499,44.46996],[-78.38481,44.46984]]],[[[-78.27329,44.55466],[-78.27358,44.55464],[-78.2738,44.5544],[-78.27347,44.55434],[-78.27329,44.55466]]],[[[-78.41362,44.5723],[-78.41336,44.57252],[-78.41349,44.57268],[-78.41372,44.57249],[-78.41362,44.5723]]],[[[-78.39875,44.48734],[-78.3991,44.48727],[-78.39914,44.48716],[-78.39883,44.48714],[-78.39875,44.48734]]],[[[-78.26519,44.55813],[-78.26536,44.55811],[-78.26558,44.5578],[-78.26518,44.55791],[-78.26519,44.55813]]],[[[-78.21182,44.55537],[-78.21194,44.55519],[-78.21168,44.55513],[-78.21162,44.55528],[-78.21182,44.55537]]],[[[-78.27099,44.55312],[-78.27129,44.5532],[-78.27136,44.55298],[-78.27126,44.55295],[-78.27099,44.55312]]],[[[-78.25471,44.54596],[-78.255,44.54588],[-78.25475,44.5457],[-78.25465,44.54584],[-78.25471,44.54596]]],[[[-78.41861,44.3557],[-78.41869,44.35551],[-78.41828,44.35544],[-78.41838,44.35556],[-78.41861,44.3557]]],[[[-78.23644,44.55897],[-78.23678,44.55896],[-78.23692,44.55884],[-78.23663,44.55879],[-78.23644,44.55897]]],[[[-78.38856,44.49101],[-78.3887,44.49085],[-78.38819,44.49088],[-78.38819,44.49092],[-78.38856,44.49101]]],[[[-78.24499,44.55097],[-78.2451,44.55078],[-78.24483,44.55078],[-78.24476,44.5509],[-78.24499,44.55097]]],[[[-78.38691,44.48406],[-78.38678,44.4842],[-78.38682,44.48438],[-78.38713,44.48412],[-78.38691,44.48406]]],[[[-78.23823,44.55801],[-78.2384,44.55799],[-78.23835,44.55776],[-78.23805,44.55785],[-78.23823,44.55801]]],[[[-78.4852,44.53632],[-78.485,44.53648],[-78.48506,44.53654],[-78.48539,44.53643],[-78.4852,44.53632]]],[[[-78.4059,44.57442],[-78.40575,44.57478],[-78.40577,44.57484],[-78.40606,44.57439],[-78.4059,44.57442]]],[[[-78.38022,44.57351],[-78.38025,44.57336],[-78.37999,44.57332],[-78.38,44.57348],[-78.38022,44.57351]]],[[[-78.29578,44.55792],[-78.2956,44.55805],[-78.29597,44.55811],[-78.29591,44.55792],[-78.29578,44.55792]]],[[[-78.32471,44.55976],[-78.32446,44.55983],[-78.32447,44.55996],[-78.32485,44.55984],[-78.32471,44.55976]]],[[[-78.36739,44.52464],[-78.36722,44.52471],[-78.36729,44.52482],[-78.36757,44.52468],[-78.36739,44.52464]]],[[[-78.32582,44.55737],[-78.32592,44.55738],[-78.3261,44.55736],[-78.3259,44.55721],[-78.32582,44.55737]]],[[[-78.25101,44.55192],[-78.25082,44.552],[-78.25083,44.55207],[-78.25121,44.55199],[-78.25101,44.55192]]],[[[-78.26926,44.54982],[-78.26964,44.54981],[-78.26979,44.54974],[-78.26935,44.54973],[-78.26926,44.54982]]],[[[-78.24779,44.54765],[-78.24791,44.5476],[-78.24812,44.54763],[-78.24786,44.54747],[-78.24779,44.54765]]],[[[-78.2905,44.55985],[-78.29038,44.5597],[-78.29017,44.55969],[-78.29017,44.5598],[-78.2905,44.55985]]],[[[-78.23989,44.55801],[-78.23971,44.55808],[-78.23964,44.5582],[-78.23989,44.55815],[-78.23989,44.55801]]],[[[-78.19891,44.55557],[-78.19881,44.55574],[-78.19894,44.55583],[-78.19899,44.55556],[-78.19891,44.55557]]],[[[-78.41333,44.57217],[-78.41322,44.57234],[-78.41324,44.57239],[-78.41346,44.57225],[-78.41333,44.57217]]],[[[-78.2285,44.56002],[-78.22868,44.56001],[-78.22863,44.55986],[-78.22846,44.55988],[-78.2285,44.56002]]],[[[-78.30494,44.55787],[-78.30476,44.5581],[-78.30482,44.55822],[-78.30502,44.55782],[-78.30494,44.55787]]],[[[-78.23145,44.55771],[-78.23139,44.55785],[-78.2315,44.55788],[-78.23164,44.55778],[-78.23145,44.55771]]],[[[-78.30466,44.55984],[-78.30465,44.56003],[-78.30479,44.56005],[-78.30482,44.55993],[-78.30466,44.55984]]],[[[-78.39709,44.48901],[-78.39729,44.489],[-78.39741,44.48885],[-78.39726,44.48884],[-78.39709,44.48901]]],[[[-78.26642,44.55697],[-78.26684,44.55691],[-78.26688,44.55683],[-78.26649,44.5569],[-78.26642,44.55697]]],[[[-78.19841,44.55522],[-78.19857,44.55511],[-78.19834,44.55499],[-78.19841,44.5551],[-78.19841,44.55522]]],[[[-78.24041,44.55273],[-78.24032,44.5529],[-78.24044,44.55293],[-78.24053,44.55275],[-78.24041,44.55273]]],[[[-78.23183,44.55818],[-78.23164,44.55825],[-78.23176,44.55842],[-78.23181,44.55841],[-78.23183,44.55818]]],[[[-78.38049,44.58149],[-78.38041,44.58153],[-78.38047,44.58174],[-78.38057,44.58154],[-78.38049,44.58149]]],[[[-78.4528,44.56988],[-78.45308,44.56988],[-78.45308,44.5698],[-78.45272,44.5698],[-78.4528,44.56988]]],[[[-78.24698,44.55024],[-78.24687,44.55031],[-78.24691,44.5504],[-78.24707,44.55035],[-78.24698,44.55024]]],[[[-78.40505,44.57605],[-78.40489,44.57624],[-78.40491,44.57632],[-78.40504,44.57621],[-78.40505,44.57605]]],[[[-78.24595,44.55297],[-78.24617,44.55295],[-78.24614,44.55286],[-78.24592,44.55288],[-78.24595,44.55297]]],[[[-78.3328,44.50255],[-78.33283,44.50267],[-78.33298,44.50267],[-78.33296,44.50257],[-78.3328,44.50255]]],[[[-78.21937,44.55582],[-78.21934,44.55598],[-78.21948,44.55599],[-78.21949,44.5559],[-78.21937,44.55582]]],[[[-78.3956,44.57729],[-78.3955,44.57735],[-78.39558,44.57742],[-78.39573,44.57734],[-78.3956,44.57729]]],[[[-78.25725,44.553],[-78.25713,44.55306],[-78.25714,44.55313],[-78.25733,44.55309],[-78.25725,44.553]]],[[[-78.29054,44.55951],[-78.29065,44.5595],[-78.29059,44.55937],[-78.29046,44.55948],[-78.29054,44.55951]]],[[[-78.25145,44.54772],[-78.25139,44.54788],[-78.25149,44.5479],[-78.25157,44.54776],[-78.25145,44.54772]]],[[[-78.21132,44.55505],[-78.21128,44.55515],[-78.2114,44.55519],[-78.21142,44.55505],[-78.21132,44.55505]]],[[[-78.21725,44.55469],[-78.21724,44.55482],[-78.21734,44.55484],[-78.21734,44.5547],[-78.21725,44.55469]]],[[[-78.47037,44.57373],[-78.47034,44.57381],[-78.47037,44.57386],[-78.4705,44.57371],[-78.47037,44.57373]]],[[[-78.2403,44.55377],[-78.24034,44.55387],[-78.2405,44.55384],[-78.24049,44.55379],[-78.2403,44.55377]]],[[[-78.41796,44.35404],[-78.41796,44.35412],[-78.41809,44.35414],[-78.41808,44.35403],[-78.41796,44.35404]]],[[[-78.29426,44.55807],[-78.29451,44.55809],[-78.29457,44.55799],[-78.29449,44.55805],[-78.29426,44.55807]]],[[[-78.41764,44.35662],[-78.41773,44.35688],[-78.41764,44.35654],[-78.41764,44.35662]]],[[[-78.32203,44.55711],[-78.322,44.55718],[-78.32217,44.5572],[-78.3222,44.55716],[-78.32203,44.55711]]],[[[-78.40402,44.57761],[-78.40396,44.57766],[-78.40394,44.5778],[-78.40406,44.57768],[-78.40402,44.57761]]],[[[-78.21991,44.55601],[-78.21985,44.55604],[-78.21985,44.55614],[-78.21998,44.55612],[-78.21991,44.55601]]],[[[-78.23984,44.55428],[-78.23988,44.55438],[-78.24003,44.55433],[-78.23992,44.55427],[-78.23984,44.55428]]],[[[-78.21504,44.55431],[-78.21495,44.55439],[-78.21504,44.55443],[-78.21513,44.55435],[-78.21504,44.55431]]],[[[-78.40419,44.57724],[-78.40415,44.57725],[-78.40417,44.57738],[-78.40428,44.57728],[-78.40419,44.57724]]],[[[-78.21754,44.55447],[-78.2175,44.55457],[-78.21761,44.55462],[-78.21763,44.55455],[-78.21754,44.55447]]],[[[-78.26649,44.54904],[-78.26654,44.54912],[-78.26667,44.5491],[-78.26665,44.54906],[-78.26649,44.54904]]],[[[-78.3476,44.55319],[-78.34759,44.55327],[-78.34772,44.55327],[-78.34772,44.5532],[-78.3476,44.55319]]],[[[-78.30787,44.56294],[-78.30787,44.56301],[-78.30804,44.56298],[-78.30799,44.56292],[-78.30787,44.56294]]],[[[-78.30447,44.55873],[-78.30453,44.55883],[-78.30459,44.55882],[-78.30459,44.55873],[-78.30447,44.55873]]],[[[-78.45035,44.56745],[-78.4503,44.56749],[-78.45025,44.56759],[-78.45045,44.56747],[-78.45035,44.56745]]],[[[-78.3038,44.55924],[-78.3038,44.5593],[-78.30397,44.55917],[-78.30393,44.55916],[-78.3038,44.55924]]],[[[-78.46165,44.56639],[-78.4616,44.56641],[-78.46156,44.56648],[-78.46175,44.5664],[-78.46165,44.56639]]],[[[-78.26517,44.55759],[-78.26519,44.55751],[-78.26511,44.55749],[-78.26504,44.55755],[-78.26517,44.55759]]],[[[-78.2409,44.55339],[-78.24085,44.55345],[-78.24099,44.55344],[-78.24098,44.55339],[-78.2409,44.55339]]],[[[-78.22925,44.55541],[-78.22924,44.55551],[-78.22926,44.55552],[-78.22935,44.55546],[-78.22925,44.55541]]],[[[-78.24099,44.55762],[-78.24092,44.55766],[-78.24095,44.55772],[-78.24103,44.55768],[-78.24099,44.55762]]],[[[-78.21244,44.55447],[-78.21242,44.55456],[-78.21247,44.55457],[-78.21249,44.55447],[-78.21244,44.55447]]],[[[-78.23321,44.55146],[-78.23319,44.55148],[-78.23321,44.55154],[-78.23327,44.55149],[-78.23321,44.55146]]],[[[-78.28602,44.56297],[-78.28613,44.56298],[-78.28609,44.56294],[-78.28595,44.56297],[-78.28602,44.56297]]],[[[-78.44213,44.56548],[-78.44213,44.56552],[-78.44219,44.56554],[-78.44219,44.56547],[-78.44213,44.56548]]],[[[-78.25097,44.54497],[-78.25096,44.545],[-78.25103,44.54502],[-78.25104,44.54498],[-78.25097,44.54497]]],[[[-78.45218,44.56982],[-78.45217,44.56986],[-78.45222,44.56987],[-78.45223,44.56983],[-78.45218,44.56982]]],[[[-78.38094,44.57661],[-78.38095,44.57664],[-78.38097,44.57665],[-78.381,44.57658],[-78.38094,44.57661]]],[[[-78.46258,44.56561],[-78.46265,44.56562],[-78.46266,44.56559],[-78.46264,44.56557],[-78.46258,44.56561]]],[[[-78.45067,44.56566],[-78.45065,44.56568],[-78.45068,44.56572],[-78.45071,44.56568],[-78.45067,44.56566]]],[[[-78.45318,44.5692],[-78.45316,44.56923],[-78.4532,44.56925],[-78.45323,44.56921],[-78.45318,44.5692]]],[[[-78.45194,44.56684],[-78.45199,44.56684],[-78.45198,44.56682],[-78.45195,44.56681],[-78.45194,44.56684]]],[[[-78.44914,44.56698],[-78.44915,44.56702],[-78.44918,44.56701],[-78.44918,44.56698],[-78.44914,44.56698]]],[[[-78.37964,44.57462],[-78.37967,44.57464],[-78.37968,44.5746],[-78.37965,44.57459],[-78.37964,44.57462]]],[[[-78.45261,44.5702],[-78.45263,44.57022],[-78.45265,44.57019],[-78.45262,44.57018],[-78.45261,44.5702]]],[[[-78.38025,44.57504],[-78.38028,44.57505],[-78.38028,44.57502],[-78.38025,44.57504]]]]}},{"type":"Feature","properties":{"OGF_ID":67860393,"OFFICIAL_NAME":"Cape Croker Hunting Grounds 60B","OTHER_NAME":null,"INDIAN_RESERVE_LAND_TYPE":"Indian Reserve"},"geometry":{"type":"MultiPolygon","coordinates":[[[[-81.46278,45.17819],[-81.45571,45.18576],[-81.47631,45.19659],[-81.49044,45.18146],[-81.46985,45.17062],[-81.46278,45.17819]]],[[[-81.48358,45.18913],[-81.47652,45.1967],[-81.49714,45.20747],[-81.51123,45.19232],[-81.49065,45.18156],[-81.48358,45.18913]]],[[[-81.51018,45.18035],[-81.50313,45.18786],[-81.50725,45.19001],[-81.52142,45.1749],[-81.51729,45.17275],[-81.51018,45.18035]]]]}},{"type":"Feature","properties":{"OGF_ID":67860396,"OFFICIAL_NAME":"Saugeen Hunting Grounds 60A","OTHER_NAME":null,"INDIAN_RESERVE_LAND_TYPE":"Indian Reserve"},"geometry":{"type":"MultiPolygon","coordinates":[[[[-81.48411,45.15534],[-81.46999,45.17046],[-81.49058,45.1813],[-81.5047,45.16617],[-81.48411,45.15534]]],[[[-81.50487,45.16632],[-81.49079,45.18141],[-81.50313,45.18786],[-81.51018,45.18035],[-81.51729,45.17275],[-81.50487,45.16632]]],[[[-81.50725,45.19001],[-81.51137,45.19216],[-81.52555,45.17706],[-81.52142,45.1749],[-81.50725,45.19001]]]]}},{"type":"Feature","properties":{"OGF_ID":67859945,"OFFICIAL_NAME":"Shawanaga 17","OTHER_NAME":null,"INDIAN_RESERVE_LAND_TYPE":"Indian Reserve"},"geometry":{"type":"MultiPolygon","coordinates":[[[[-80.33917,45.55836],[-80.33924,45.50077],[-80.26197,45.50059],[-80.26192,45.50358],[-80.27527,45.51293],[-80.27476,45.51174],[-80.2755,45.51158],[-80.27607,45.5129],[-80.27818,45.5131],[-80.27769,45.5136],[-80.27673,45.51351],[-80.31378,45.54005],[-80.3225,45.54774],[-80.32365,45.54942],[-80.32453,45.55217],[-80.32602,45.55134],[-80.32715,45.55116],[-80.32781,45.55147],[-80.32852,45.55108],[-80.32936,45.55198],[-80.33047,45.55225],[-80.33115,45.55199],[-80.33168,45.55251],[-80.33508,45.55339],[-80.33571,45.55319],[-80.33621,45.5534],[-80.33548,45.55352],[-80.33615,45.55392],[-80.33747,45.5538],[-80.33711,45.55496],[-80.33572,45.55553],[-80.33642,45.55585],[-80.33604,45.55688],[-80.33625,45.55728],[-80.33917,45.55836]]],[[[-80.31029,45.55206],[-80.31119,45.55242],[-80.3116,45.55206],[-80.31353,45.55233],[-80.31567,45.55211],[-80.32028,45.55043],[-80.32146,45.55051],[-80.32244,45.55156],[-80.32305,45.55115],[-80.32298,45.55167],[-80.32415,45.55221],[-80.32329,45.54951],[-80.32217,45.54788],[-80.31266,45.53956],[-80.26191,45.50396],[-80.26165,45.53532],[-80.27444,45.54484],[-80.27992,45.54769],[-80.28062,45.54704],[-80.28102,45.54822],[-80.28353,45.54942],[-80.28574,45.54939],[-80.2875,45.54992],[-80.2878,45.54876],[-80.28909,45.54905],[-80.2903,45.54887],[-80.29212,45.54941],[-80.29485,45.54914],[-80.29988,45.55022],[-80.30117,45.55003],[-80.30329,45.55076],[-80.30396,45.55138],[-80.30457,45.55143],[-80.30462,45.55095],[-80.30522,45.55085],[-80.30742,45.55102],[-80.30911,45.55209],[-80.31029,45.55206]]],[[[-80.2744,45.54561],[-80.27487,45.54566],[-80.26165,45.53591],[-80.26159,45.54486],[-80.26343,45.54421],[-80.26433,45.54312],[-80.26469,45.54375],[-80.26549,45.54392],[-80.26771,45.54317],[-80.26782,45.54387],[-80.26653,45.54421],[-80.26806,45.54413],[-80.26935,45.54449],[-80.26994,45.5442],[-80.27166,45.54509],[-80.2744,45.54561]]],[[[-80.27615,45.55043],[-80.27693,45.55113],[-80.2777,45.55117],[-80.28285,45.54978],[-80.27736,45.54696],[-80.2746,45.54908],[-80.27615,45.55043]]]]}},{"type":"Feature","properties":{"OGF_ID":67860032,"OFFICIAL_NAME":"Sheguiandah 24","OTHER_NAME":null,"INDIAN_RESERVE_LAND_TYPE":"Indian Reserve"},"geometry":{"type":"MultiPolygon","coordinates":[[[[-81.93106,45.85088],[-81.93098,45.86014],[-81.95673,45.85998],[-81.95637,45.84167],[-81.93115,45.84163],[-81.93106,45.85088]]],[[[-81.95154,45.86019],[-81.93098,45.86032],[-81.93118,45.87835],[-81.95697,45.87825],[-81.95673,45.86016],[-81.95154,45.86019]]],[[[-81.91644,45.88215],[-81.93087,45.88213],[-81.93092,45.87853],[-81.91755,45.87859],[-81.91744,45.8604],[-81.90432,45.86048],[-81.90469,45.87831],[-81.90789,45.87844],[-81.91066,45.87905],[-81.91644,45.88215]]],[[[-81.9177,45.8604],[-81.91781,45.8784],[-81.93092,45.87835],[-81.93072,45.86032],[-81.9177,45.8604]]],[[[-81.95125,45.83246],[-81.93101,45.83259],[-81.93115,45.84145],[-81.95637,45.84149],[-81.95642,45.83243],[-81.95125,45.83246]]],[[[-81.93102,45.88865],[-81.93277,45.88632],[-81.93297,45.8853],[-81.93507,45.88374],[-81.93673,45.88327],[-81.93967,45.88352],[-81.94192,45.88454],[-81.94675,45.8883],[-81.95081,45.88804],[-81.95256,45.88847],[-81.95428,45.88808],[-81.95661,45.88845],[-81.95697,45.87843],[-81.93118,45.87853],[-81.93102,45.88865]]],[[[-81.90401,45.84576],[-81.90431,45.86029],[-81.91744,45.86022],[-81.91735,45.8457],[-81.90401,45.84576]]],[[[-81.91761,45.8457],[-81.9177,45.86022],[-81.93072,45.86014],[-81.93085,45.84568],[-81.91761,45.8457]]],[[[-81.90469,45.87872],[-81.90475,45.88216],[-81.91495,45.88215],[-81.91299,45.88059],[-81.91052,45.87946],[-81.90784,45.87885],[-81.90469,45.87872]]],[[[-81.91329,45.88495],[-81.91439,45.88594],[-81.91759,45.88594],[-81.91759,45.8853],[-81.91561,45.88292],[-81.91381,45.88233],[-81.91381,45.88322],[-81.91251,45.88322],[-81.91251,45.88233],[-81.91104,45.88234],[-81.91103,45.88385],[-81.91329,45.88495]]],[[[-81.90507,45.88378],[-81.90784,45.88347],[-81.91077,45.88377],[-81.91078,45.88234],[-81.90475,45.88234],[-81.90507,45.88378]]],[[[-81.91597,45.88233],[-81.91729,45.88413],[-81.91758,45.88413],[-81.91757,45.88233],[-81.91597,45.88233]]]]}},{"type":"Feature","properties":{"OGF_ID":67860142,"OFFICIAL_NAME":"Six Nations 40","OTHER_NAME":null,"INDIAN_RESERVE_LAND_TYPE":"Indian Reserve"},"geometry":{"type":"MultiPolygon","coordinates":[[[[-80.05693,43.08869],[-80.063,43.09106],[-80.06575,43.09283],[-80.06751,43.09454],[-80.07988,43.07546],[-80.05299,43.06554],[-80.03725,43.08945],[-80.0415,43.08663],[-80.04506,43.08543],[-80.04688,43.08519],[-80.04984,43.08535],[-80.05165,43.08592],[-80.05693,43.08869]]],[[[-80.00362,43.088],[-80.00396,43.08811],[-80.01478,43.07201],[-79.98811,43.06219],[-79.97682,43.07894],[-79.98374,43.08186],[-79.99053,43.08583],[-79.9993,43.08674],[-80.00362,43.088]]],[[[-80.07811,43.09941],[-80.08054,43.09927],[-80.08602,43.09797],[-80.09376,43.09702],[-80.09619,43.09637],[-80.09956,43.09673],[-80.10694,43.08552],[-80.0801,43.07554],[-80.06769,43.09469],[-80.0748,43.09865],[-80.07811,43.09941]]],[[[-80.22283,43.04543],[-80.23183,43.04866],[-80.2429,43.03203],[-80.21593,43.02244],[-80.20486,43.03895],[-80.22283,43.04543]]],[[[-80.18303,43.07226],[-80.20991,43.082],[-80.2207,43.06547],[-80.19383,43.05562],[-80.18303,43.07226]]],[[[-80.11788,43.06908],[-80.10746,43.08552],[-80.13406,43.09553],[-80.1448,43.079],[-80.11788,43.06908]]],[[[-80.0531,43.06538],[-80.07998,43.07529],[-80.09077,43.05879],[-80.06398,43.04885],[-80.0531,43.06538]]],[[[-80.12879,43.05234],[-80.11811,43.06873],[-80.1449,43.07884],[-80.15564,43.0623],[-80.12879,43.05234]]],[[[-80.16655,43.04594],[-80.15596,43.06222],[-80.18281,43.07218],[-80.19361,43.05554],[-80.16655,43.04594]]],[[[-80.0802,43.07538],[-80.10685,43.08528],[-80.11778,43.06881],[-80.09099,43.05888],[-80.0802,43.07538]]],[[[-80.18868,43.01279],[-80.17775,43.02905],[-80.20464,43.03887],[-80.21571,43.02236],[-80.18868,43.01279]]],[[[-80.03682,43.03891],[-80.02605,43.05535],[-80.05288,43.06529],[-80.06376,43.04877],[-80.03682,43.03891]]],[[[-80.04776,43.02227],[-80.03693,43.03875],[-80.06387,43.04861],[-80.0746,43.03208],[-80.04776,43.02227]]],[[[-80.15047,43.01939],[-80.14066,43.03401],[-80.13994,43.0357],[-80.16656,43.0455],[-80.17743,43.02913],[-80.15089,43.01929],[-80.15047,43.01939]]],[[[-80.07237,43.03598],[-80.0641,43.04869],[-80.09089,43.05864],[-80.10158,43.04214],[-80.07483,43.03217],[-80.07237,43.03598]]],[[[-80.02593,43.05554],[-80.01511,43.07193],[-80.0419,43.0819],[-80.05277,43.06546],[-80.02593,43.05554]]],[[[-80.13463,42.99277],[-80.12374,43.00895],[-80.15018,43.01882],[-80.15066,43.0187],[-80.16164,43.00262],[-80.13463,42.99277]]],[[[-80.11703,43.01901],[-80.11264,43.0256],[-80.13915,43.03541],[-80.15025,43.01931],[-80.1501,43.01899],[-80.12363,43.00912],[-80.11703,43.01901]]],[[[-80.0911,43.05871],[-80.11789,43.06865],[-80.12724,43.0543],[-80.12809,43.05212],[-80.10178,43.04221],[-80.0911,43.05871]]],[[[-80.17266,43.03675],[-80.16695,43.0457],[-80.19372,43.05538],[-80.20453,43.03903],[-80.17765,43.02921],[-80.17266,43.03675]]],[[[-80.16783,43.08776],[-80.17245,43.08769],[-80.18271,43.07234],[-80.15586,43.06238],[-80.14512,43.07892],[-80.16545,43.08648],[-80.16783,43.08776]]],[[[-80.11741,43.11467],[-80.11981,43.11426],[-80.12218,43.11293],[-80.13395,43.09569],[-80.10716,43.08561],[-80.09982,43.09674],[-80.10349,43.09776],[-80.10696,43.1002],[-80.10776,43.10255],[-80.10666,43.10681],[-80.1099,43.11132],[-80.11344,43.11382],[-80.11741,43.11467]]],[[[-80.00478,43.03672],[-79.9989,43.04546],[-80.02581,43.05529],[-80.0366,43.03884],[-80.0099,43.02912],[-80.00478,43.03672]]],[[[-80.13903,43.0365],[-80.12895,43.05209],[-80.15574,43.06214],[-80.16642,43.04571],[-80.13954,43.03576],[-80.13903,43.0365]]],[[[-80.20192,43.04345],[-80.19394,43.05546],[-80.22088,43.0652],[-80.23172,43.04882],[-80.20476,43.03911],[-80.20192,43.04345]]],[[[-80.01002,43.02896],[-80.03671,43.03867],[-80.04754,43.02219],[-80.02097,43.01247],[-80.01002,43.02896]]],[[[-80.10569,43.03624],[-80.10189,43.04205],[-80.12807,43.05177],[-80.13016,43.0498],[-80.13932,43.03567],[-80.11264,43.0258],[-80.10569,43.03624]]],[[[-80.03744,42.98751],[-80.03201,42.99565],[-80.05857,43.00553],[-80.06954,42.98919],[-80.04305,42.9794],[-80.03744,42.98751]]],[[[-79.98819,43.06201],[-80.01489,43.07185],[-80.0257,43.05546],[-79.99895,43.04569],[-79.98819,43.06201]]],[[[-80.02757,43.0024],[-80.02097,43.01227],[-80.04764,43.02202],[-80.05846,43.00569],[-80.032,42.99585],[-80.02757,43.0024]]],[[[-80.08495,43.01679],[-80.07492,43.032],[-80.10167,43.04197],[-80.11242,43.02572],[-80.08565,43.01574],[-80.08495,43.01679]]],[[[-80.04787,43.02209],[-80.0747,43.03192],[-80.08543,43.01566],[-80.05862,43.00587],[-80.04787,43.02209]]],[[[-80.15084,43.01884],[-80.17753,43.02897],[-80.18856,43.01257],[-80.16614,43.00441],[-80.16004,43.0067],[-80.15861,43.00762],[-80.15084,43.01884]]],[[[-80.01681,43.09422],[-80.02571,43.09549],[-80.02938,43.09472],[-80.03146,43.0937],[-80.03476,43.09093],[-80.03676,43.0898],[-80.04179,43.08206],[-80.015,43.07209],[-80.00418,43.0882],[-80.00803,43.08993],[-80.01273,43.09356],[-80.01681,43.09422]]],[[[-80.19561,43.09211],[-80.20148,43.0947],[-80.2098,43.08216],[-80.18293,43.07242],[-80.17273,43.08768],[-80.17752,43.08765],[-80.18211,43.0904],[-80.18552,43.09147],[-80.18755,43.09169],[-80.19175,43.0913],[-80.19561,43.09211]]],[[[-80.12828,43.10438],[-80.12274,43.11252],[-80.12596,43.10963],[-80.12791,43.10552],[-80.12928,43.10435],[-80.13211,43.1034],[-80.13834,43.10253],[-80.14019,43.10179],[-80.14171,43.10013],[-80.14314,43.09669],[-80.14807,43.09289],[-80.15096,43.09206],[-80.1557,43.09193],[-80.15823,43.09151],[-80.1635,43.08836],[-80.1674,43.08779],[-80.1629,43.08568],[-80.14502,43.07909],[-80.12828,43.10438]]],[[[-80.1075,43.1177],[-80.11229,43.11877],[-80.11314,43.11696],[-80.11075,43.11529],[-80.10764,43.11222],[-80.10208,43.10528],[-80.09714,43.10187],[-80.09381,43.10145],[-80.08832,43.11365],[-80.1075,43.1177]]],[[[-80.07358,43.10428],[-80.07158,43.10892],[-80.0813,43.11208],[-80.08799,43.11358],[-80.09335,43.10147],[-80.0901,43.10165],[-80.08832,43.10094],[-80.08395,43.10041],[-80.07747,43.10081],[-80.07522,43.10051],[-80.07358,43.10428]]],[[[-80.10002,43.12258],[-80.11373,43.12748],[-80.11576,43.12285],[-80.11458,43.12257],[-80.1149,43.12188],[-80.11607,43.12216],[-80.11669,43.12074],[-80.10245,43.11715],[-80.08813,43.11408],[-80.08648,43.11772],[-80.10002,43.12258]]],[[[-80.23448,43.13069],[-80.23711,43.13012],[-80.24067,43.12996],[-80.24432,43.12717],[-80.23906,43.12494],[-80.23527,43.12437],[-80.23723,43.12455],[-80.23717,43.12364],[-80.23785,43.1237],[-80.23897,43.12135],[-80.23451,43.11752],[-80.23357,43.11813],[-80.23311,43.1208],[-80.23424,43.12282],[-80.23409,43.12409],[-80.23203,43.1243],[-80.2303,43.12344],[-80.22936,43.12043],[-80.22862,43.12027],[-80.22793,43.1194],[-80.22496,43.12524],[-80.23469,43.1281],[-80.23448,43.13069]]],[[[-80.11396,43.12753],[-80.12296,43.1308],[-80.12674,43.12228],[-80.11695,43.12073],[-80.11396,43.12753]]],[[[-80.10717,43.11119],[-80.11048,43.11424],[-80.11385,43.11527],[-80.11399,43.11494],[-80.10792,43.11102],[-80.1057,43.10827],[-80.10529,43.10662],[-80.10657,43.10206],[-80.10536,43.09994],[-80.10342,43.09866],[-80.10071,43.09775],[-80.0979,43.09722],[-80.09569,43.09727],[-80.0939,43.10126],[-80.09725,43.10171],[-80.10227,43.10515],[-80.10717,43.11119]]],[[[-79.99338,43.02713],[-80.00744,43.03237],[-80.00965,43.02908],[-79.9969,43.02441],[-79.99634,43.02506],[-79.99601,43.02493],[-79.99463,43.02579],[-79.9941,43.02636],[-79.99457,43.02678],[-79.99393,43.02654],[-79.99338,43.02713]]],[[[-80.07023,43.11185],[-80.0862,43.11762],[-80.0878,43.11401],[-80.08046,43.11232],[-80.07134,43.10943],[-80.07023,43.11185]]],[[[-80.08457,43.10026],[-80.08839,43.10076],[-80.09013,43.10147],[-80.09344,43.10128],[-80.09515,43.09741],[-80.0924,43.09827],[-80.08668,43.09892],[-80.08109,43.10018],[-80.07739,43.10047],[-80.07543,43.10002],[-80.07529,43.10034],[-80.07748,43.10063],[-80.08457,43.10026]]],[[[-80.159,43.00688],[-80.16585,43.0043],[-80.16585,43.00418],[-80.16186,43.0027],[-80.159,43.00688]]],[[[-80.1112,43.11509],[-80.11327,43.11667],[-80.11381,43.11536],[-80.11135,43.11475],[-80.1112,43.11509]]],[[[-80.11445,43.11987],[-80.11682,43.12044],[-80.11703,43.11996],[-80.11465,43.11942],[-80.11445,43.11987]]],[[[-80.24057,43.13006],[-80.24099,43.13064],[-80.24113,43.1306],[-80.24057,43.13006]]]]}},{"type":"Feature","properties":{"OGF_ID":67860201,"OFFICIAL_NAME":"Sucker Creek 23","OTHER_NAME":null,"INDIAN_RESERVE_LAND_TYPE":"Indian Reserve"},"geometry":{"type":"MultiPolygon","coordinates":[[[[-82.00256,45.95147],[-82.00055,45.95203],[-81.99959,45.95329],[-81.99962,45.96956],[-82.00776,45.96957],[-82.01376,45.96645],[-82.0181,45.96594],[-82.02538,45.96351],[-82.02543,45.96044],[-82.0153,45.96044],[-82.01516,45.95147],[-82.00256,45.95147]]],[[[-81.97339,45.96953],[-81.99936,45.96956],[-81.99928,45.96042],[-81.97851,45.96064],[-81.97851,45.96089],[-81.97332,45.96066],[-81.97339,45.96953]]],[[[-81.994,45.95142],[-81.97843,45.95147],[-81.9785,45.96037],[-81.9968,45.9603],[-81.99816,45.95981],[-81.99915,45.95849],[-81.9992,45.9514],[-81.994,45.95142]]],[[[-82.00141,45.96978],[-82.00231,45.97082],[-82.00459,45.97066],[-82.00735,45.96975],[-82.00123,45.96975],[-82.00141,45.96978]]],[[[-81.99963,45.97001],[-82.0001,45.9699],[-82.0006,45.96975],[-81.99963,45.96974],[-81.99963,45.97001]]],[[[-81.97636,45.96015],[-81.97639,45.96043],[-81.97677,45.96042],[-81.97674,45.96028],[-81.97636,45.96015]]]]}},{"type":"Feature","properties":{"OGF_ID":67860035,"OFFICIAL_NAME":"Wahta Mohawk Territory","OTHER_NAME":null,"INDIAN_RESERVE_LAND_TYPE":"Indian Reserve"},"geometry":{"type":"MultiPolygon","coordinates":[[[[-79.76503,45.02286],[-79.76905,45.02193],[-79.77371,45.02209],[-79.77713,45.02172],[-79.77763,45.02041],[-79.77774,45.01891],[-79.76655,44.99947],[-79.7654,44.9996],[-79.76483,45.00018],[-79.76338,44.99968],[-79.76469,44.99841],[-79.76618,44.998],[-79.76704,44.99726],[-79.76931,44.99733],[-79.77092,44.99615],[-79.77396,44.99608],[-79.77526,44.99537],[-79.77499,44.9947],[-79.77161,44.99487],[-79.76877,44.99284],[-79.76699,44.99267],[-79.76386,44.99337],[-79.76109,44.99508],[-79.75137,44.99778],[-79.74945,44.99785],[-79.74292,44.99529],[-79.74002,44.99254],[-79.7351,44.99084],[-79.73427,44.9901],[-79.73168,44.98517],[-79.73032,44.98445],[-79.72917,44.98433],[-79.72504,44.98513],[-79.7203,44.98507],[-79.71719,44.98768],[-79.70687,44.99055],[-79.69861,44.9951],[-79.68407,44.99687],[-79.68118,44.99841],[-79.69184,45.01764],[-79.6926,45.01689],[-79.69383,45.01674],[-79.69474,45.01585],[-79.69712,45.01582],[-79.69752,45.01535],[-79.69857,45.01548],[-79.69874,45.01487],[-79.70185,45.0164],[-79.70123,45.01488],[-79.70279,45.01466],[-79.70335,45.01531],[-79.70468,45.01508],[-79.70491,45.01453],[-79.70395,45.01408],[-79.70512,45.01259],[-79.70573,45.01229],[-79.7065,45.01311],[-79.70706,45.01233],[-79.70691,45.01193],[-79.70587,45.01171],[-79.7056,45.01095],[-79.70485,45.01083],[-79.70467,45.0102],[-79.70582,45.00974],[-79.70641,45.00832],[-79.70823,45.00775],[-79.71049,45.00543],[-79.71129,45.00538],[-79.71157,45.00612],[-79.71251,45.00614],[-79.71453,45.00768],[-79.716,45.00957],[-79.71883,45.01075],[-79.71948,45.01081],[-79.72243,45.00898],[-79.72611,45.00898],[-79.72709,45.00867],[-79.72823,45.00921],[-79.72795,45.00888],[-79.72894,45.00862],[-79.73132,45.00915],[-79.73261,45.01133],[-79.73215,45.01274],[-79.7356,45.01482],[-79.73539,45.01667],[-79.73655,45.01802],[-79.74501,45.01569],[-79.75058,45.01748],[-79.75599,45.01572],[-79.75611,45.01659],[-79.75809,45.01723],[-79.75871,45.01809],[-79.75698,45.019],[-79.75714,45.0195],[-79.75628,45.01971],[-79.75663,45.01996],[-79.75613,45.02055],[-79.75657,45.02118],[-79.75866,45.02106],[-79.76219,45.02272],[-79.76503,45.02286]],[[-79.71895,45.00133],[-79.71737,45.00304],[-79.71596,45.00238],[-79.71755,45.00067],[-79.71895,45.00133]],[[-79.75443,45.01626],[-79.75275,45.01672],[-79.75206,45.01554],[-79.75374,45.01507],[-79.75443,45.01626]],[[-79.7126,45.00509],[-79.71199,45.00543],[-79.71123,45.00472],[-79.71184,45.00438],[-79.7126,45.00509]]],[[[-79.68091,44.99792],[-79.68456,44.99649],[-79.69845,44.99485],[-79.70669,44.99031],[-79.71697,44.98746],[-79.71909,44.98535],[-79.72014,44.98482],[-79.72501,44.98486],[-79.72914,44.98406],[-79.73045,44.98419],[-79.73199,44.985],[-79.73461,44.98998],[-79.73535,44.99063],[-79.74022,44.99231],[-79.74317,44.99508],[-79.74954,44.99758],[-79.75126,44.99752],[-79.76091,44.99483],[-79.76369,44.99313],[-79.76694,44.99239],[-79.76964,44.99286],[-79.77189,44.99477],[-79.77391,44.99448],[-79.77214,44.99299],[-79.76987,44.99233],[-79.76779,44.9908],[-79.76672,44.9888],[-79.76742,44.98803],[-79.76638,44.9874],[-79.76653,44.98621],[-79.76541,44.98553],[-79.76479,44.98387],[-79.76041,44.98109],[-79.76049,44.98037],[-79.75912,44.97949],[-79.7593,44.97867],[-79.75733,44.97497],[-79.75245,44.9708],[-79.75059,44.9679],[-79.74999,44.96768],[-79.74997,44.96707],[-79.74886,44.96629],[-79.74727,44.96605],[-79.74642,44.96545],[-79.74674,44.96406],[-79.7446,44.96116],[-79.67197,44.98105],[-79.68091,44.99792]],[[-79.72967,44.97337],[-79.72819,44.97255],[-79.72721,44.96914],[-79.72947,44.96765],[-79.73036,44.96757],[-79.73185,44.96823],[-79.73002,44.96945],[-79.73021,44.96993],[-79.73124,44.97001],[-79.73269,44.96915],[-79.73613,44.97085],[-79.73549,44.97191],[-79.73429,44.97251],[-79.73195,44.9732],[-79.72967,44.97337]]],[[[-79.75043,45.0508],[-79.75177,45.05181],[-79.75225,45.05315],[-79.75691,45.0542],[-79.75783,45.05485],[-79.77971,45.04901],[-79.77733,45.04541],[-79.77372,45.04298],[-79.77264,45.0417],[-79.77018,45.03278],[-79.77081,45.0305],[-79.77473,45.02618],[-79.7767,45.02256],[-79.77357,45.02288],[-79.77085,45.02269],[-79.76713,45.02315],[-79.76652,45.02359],[-79.76426,45.02363],[-79.76073,45.02332],[-79.75825,45.02183],[-79.75449,45.02187],[-79.75377,45.02161],[-79.75323,45.02203],[-79.75292,45.02183],[-79.75362,45.02128],[-79.75291,45.02097],[-79.75247,45.02128],[-79.75188,45.02082],[-79.75028,45.02077],[-79.74497,45.02332],[-79.73975,45.02334],[-79.73801,45.02312],[-79.73351,45.0214],[-79.72808,45.02139],[-79.72655,45.02279],[-79.72607,45.02428],[-79.7225,45.02683],[-79.71685,45.02653],[-79.7125,45.02512],[-79.70929,45.02588],[-79.70361,45.02511],[-79.69736,45.02508],[-79.69573,45.02456],[-79.69814,45.02869],[-79.70269,45.02885],[-79.7037,45.02941],[-79.7074,45.02989],[-79.71201,45.03146],[-79.7207,45.03316],[-79.72445,45.03455],[-79.72639,45.03659],[-79.73114,45.03881],[-79.73217,45.04048],[-79.73206,45.04158],[-79.73276,45.04271],[-79.73603,45.045],[-79.74274,45.04793],[-79.74473,45.04845],[-79.74761,45.05046],[-79.74741,45.04988],[-79.74822,45.04996],[-79.74868,45.04943],[-79.74863,45.04867],[-79.74795,45.04815],[-79.749,45.04799],[-79.74884,45.04961],[-79.74815,45.05029],[-79.74923,45.05079],[-79.75043,45.0508]]],[[[-79.71397,45.05674],[-79.71872,45.06527],[-79.75046,45.05681],[-79.74947,45.05609],[-79.74996,45.05542],[-79.75344,45.05602],[-79.75686,45.05511],[-79.7522,45.0543],[-79.74913,45.0531],[-79.74755,45.0514],[-79.74117,45.04999],[-79.74176,45.04969],[-79.7415,45.04846],[-79.73889,45.047],[-79.73764,45.04691],[-79.73749,45.04648],[-79.73515,45.04564],[-79.73404,45.04462],[-79.73153,45.04336],[-79.73076,45.0421],[-79.73085,45.04036],[-79.73024,45.03948],[-79.72843,45.03826],[-79.72599,45.03753],[-79.72298,45.03507],[-79.71915,45.03424],[-79.71756,45.03323],[-79.71385,45.03262],[-79.70829,45.03101],[-79.6986,45.02952],[-79.70177,45.03509],[-79.7057,45.03686],[-79.70667,45.03774],[-79.70622,45.03835],[-79.70368,45.03842],[-79.71397,45.05674]],[[-79.74227,45.05261],[-79.74326,45.05322],[-79.74346,45.05405],[-79.7408,45.05276],[-79.74054,45.05292],[-79.74066,45.05266],[-79.73969,45.05221],[-79.73684,45.05187],[-79.73559,45.05098],[-79.7356,45.04959],[-79.73642,45.04901],[-79.73763,45.04903],[-79.73852,45.04954],[-79.73856,45.05018],[-79.74039,45.05052],[-79.74133,45.05107],[-79.74171,45.0524],[-79.74227,45.05261]]],[[[-79.7168,45.02626],[-79.72232,45.02649],[-79.72575,45.02405],[-79.72619,45.02268],[-79.72784,45.02107],[-79.73362,45.02114],[-79.73812,45.02286],[-79.73977,45.02306],[-79.74484,45.02305],[-79.7502,45.02048],[-79.7512,45.02062],[-79.7509,45.0201],[-79.74782,45.01995],[-79.74789,45.01947],[-79.74688,45.01852],[-79.74906,45.01783],[-79.74547,45.01643],[-79.74058,45.01734],[-79.73837,45.01812],[-79.73757,45.01887],[-79.73583,45.01855],[-79.73452,45.01775],[-79.73452,45.01512],[-79.73089,45.01284],[-79.7312,45.01121],[-79.72814,45.01107],[-79.72753,45.01073],[-79.72761,45.00986],[-79.72684,45.01023],[-79.72675,45.00974],[-79.72608,45.00959],[-79.72187,45.01002],[-79.72043,45.01145],[-79.71769,45.01151],[-79.71724,45.01227],[-79.71706,45.01069],[-79.71617,45.01035],[-79.71308,45.00732],[-79.71147,45.00666],[-79.70919,45.00745],[-79.7067,45.0095],[-79.70631,45.0107],[-79.70786,45.01302],[-79.70507,45.01412],[-79.70569,45.01517],[-79.70554,45.01563],[-79.70461,45.01602],[-79.705,45.01775],[-79.70391,45.01787],[-79.70196,45.01678],[-79.70067,45.01678],[-79.69945,45.01614],[-79.69907,45.01657],[-79.69789,45.01639],[-79.69214,45.01818],[-79.6955,45.02416],[-79.69662,45.0247],[-79.70362,45.02485],[-79.70926,45.02562],[-79.71245,45.02476],[-79.7168,45.02626]]],[[[-79.77766,45.0225],[-79.77542,45.02643],[-79.77152,45.03072],[-79.77096,45.03275],[-79.77337,45.04152],[-79.77431,45.04262],[-79.77795,45.04508],[-79.78044,45.04881],[-79.79271,45.04554],[-79.78011,45.02304],[-79.77869,45.02242],[-79.77766,45.0225]]],[[[-79.77663,44.99829],[-79.78298,44.99666],[-79.78307,44.9947],[-79.78143,44.98968],[-79.77999,44.99268],[-79.77522,44.99429],[-79.77655,44.99539],[-79.77908,44.9944],[-79.78175,44.99514],[-79.78003,44.99675],[-79.77865,44.9966],[-79.77716,44.99757],[-79.77614,44.99746],[-79.77663,44.99829]]],[[[-79.77178,44.99115],[-79.77281,44.98957],[-79.77251,44.9894],[-79.77172,44.9898],[-79.76967,44.98889],[-79.76972,44.98989],[-79.77063,44.99012],[-79.77178,44.99115]]],[[[-79.778,45.02164],[-79.77928,45.02159],[-79.77859,45.02039],[-79.77836,45.02096],[-79.778,45.02164]]],[[[-79.76796,44.98417],[-79.76859,44.98472],[-79.76923,44.98464],[-79.76875,44.98428],[-79.76796,44.98417]]],[[[-79.72915,45.01007],[-79.72922,45.00976],[-79.72868,45.00981],[-79.72859,45.01005],[-79.72915,45.01007]]]]}},{"type":"Feature","properties":{"OGF_ID":67860223,"OFFICIAL_NAME":"Saugeen and Cape Croker Fishing Islands 1","OTHER_NAME":null,"INDIAN_RESERVE_LAND_TYPE":"Indian Reserve"},"geometry":{"type":"MultiPolygon","coordinates":[[[[-81.42415,44.96424],[-81.42425,44.96464],[-81.42515,44.96389],[-81.42609,44.96383],[-81.42651,44.96328],[-81.42765,44.96336],[-81.42752,44.96282],[-81.42605,44.96307],[-81.42548,44.96353],[-81.42589,44.963],[-81.42477,44.96322],[-81.42415,44.96424]]],[[[-81.35281,44.80815],[-81.35254,44.80879],[-81.35303,44.8092],[-81.35373,44.80909],[-81.35332,44.80816],[-81.35281,44.80815]]],[[[-81.34406,44.82001],[-81.34388,44.82045],[-81.34477,44.82033],[-81.34504,44.81935],[-81.34446,44.81945],[-81.34406,44.82001]]],[[[-81.3208,44.74578],[-81.32186,44.74559],[-81.32053,44.74501],[-81.32028,44.74562],[-81.3208,44.74578]]],[[[-81.63572,45.26531],[-81.63538,45.26577],[-81.63712,45.26515],[-81.63633,45.26511],[-81.63572,45.26531]]],[[[-81.70511,45.23617],[-81.7049,45.23655],[-81.7057,45.23615],[-81.70584,45.2356],[-81.70469,45.2363],[-81.70511,45.23617]]],[[[-81.32894,44.83567],[-81.32901,44.83609],[-81.3296,44.83621],[-81.32937,44.83489],[-81.32915,44.835],[-81.32894,44.83567]]],[[[-81.32919,44.77284],[-81.33009,44.77268],[-81.32992,44.77223],[-81.32905,44.77255],[-81.32919,44.77284]]],[[[-81.69902,45.23499],[-81.69822,45.23532],[-81.69738,45.23628],[-81.6993,45.23492],[-81.69902,45.23499]]],[[[-81.34416,44.80991],[-81.34405,44.80924],[-81.34356,44.80894],[-81.34337,44.80947],[-81.34416,44.80991]]],[[[-81.34193,44.79355],[-81.34243,44.79354],[-81.34236,44.79295],[-81.34142,44.79337],[-81.34193,44.79355]]],[[[-81.38749,44.94883],[-81.38679,44.94965],[-81.38675,44.94995],[-81.38769,44.94933],[-81.38749,44.94883]]],[[[-81.33623,44.79084],[-81.33573,44.79113],[-81.33633,44.79153],[-81.33674,44.79115],[-81.33623,44.79084]]],[[[-81.32673,44.7442],[-81.32626,44.74459],[-81.3262,44.74499],[-81.32725,44.74443],[-81.32673,44.7442]]],[[[-81.32573,44.78205],[-81.32647,44.78199],[-81.32566,44.78148],[-81.32535,44.78186],[-81.32573,44.78205]]],[[[-81.69843,45.24372],[-81.69791,45.24402],[-81.69686,45.24489],[-81.69782,45.24441],[-81.69843,45.24372]]],[[[-81.32567,44.74625],[-81.32611,44.74625],[-81.32628,44.746],[-81.32526,44.74587],[-81.32567,44.74625]]],[[[-81.326,44.73766],[-81.32581,44.73803],[-81.32678,44.73776],[-81.32648,44.73751],[-81.326,44.73766]]],[[[-81.30742,44.77158],[-81.30765,44.77174],[-81.30799,44.77144],[-81.30744,44.77119],[-81.30742,44.77158]]],[[[-81.32805,44.79422],[-81.32848,44.79402],[-81.32775,44.7937],[-81.3276,44.79386],[-81.32805,44.79422]]],[[[-81.32806,44.79632],[-81.32873,44.79609],[-81.32745,44.79583],[-81.32789,44.79613],[-81.32806,44.79632]]],[[[-81.32381,44.73709],[-81.32382,44.73679],[-81.323,44.73697],[-81.32316,44.73706],[-81.32381,44.73709]]],[[[-81.33225,44.79701],[-81.33273,44.79656],[-81.33311,44.7965],[-81.33269,44.79633],[-81.33225,44.79701]]],[[[-81.32732,44.79297],[-81.32759,44.79321],[-81.32753,44.79258],[-81.32707,44.79289],[-81.32732,44.79297]]],[[[-81.32999,44.83783],[-81.32936,44.8383],[-81.32922,44.83865],[-81.32948,44.83863],[-81.32999,44.83783]]],[[[-81.3279,44.77489],[-81.32751,44.77512],[-81.32766,44.77531],[-81.32808,44.77526],[-81.3279,44.77489]]],[[[-81.70446,45.23738],[-81.70368,45.23774],[-81.70375,45.23799],[-81.7044,45.23762],[-81.70446,45.23738]]],[[[-81.69977,45.24346],[-81.699,45.24389],[-81.69887,45.24415],[-81.6998,45.24367],[-81.69977,45.24346]]],[[[-81.32955,44.83971],[-81.33016,44.83902],[-81.33002,44.83891],[-81.32953,44.83926],[-81.32955,44.83971]]],[[[-81.37987,44.97239],[-81.3792,44.97285],[-81.37912,44.97303],[-81.3796,44.97287],[-81.37987,44.97239]]],[[[-81.70408,45.23811],[-81.70359,45.23848],[-81.70315,45.23893],[-81.70416,45.23821],[-81.70408,45.23811]]],[[[-81.63672,45.26437],[-81.63667,45.26461],[-81.63709,45.26456],[-81.63708,45.26444],[-81.63672,45.26437]]],[[[-81.31741,44.74857],[-81.31766,44.74878],[-81.31797,44.74855],[-81.31738,44.74843],[-81.31741,44.74857]]],[[[-81.32785,44.8358],[-81.3276,44.83586],[-81.32741,44.83616],[-81.32778,44.8361],[-81.32785,44.8358]]],[[[-81.69205,45.23629],[-81.69151,45.23661],[-81.69145,45.23677],[-81.69193,45.23656],[-81.69205,45.23629]]],[[[-81.70587,45.23462],[-81.70557,45.23472],[-81.70556,45.23501],[-81.70597,45.23471],[-81.70587,45.23462]]],[[[-81.42408,44.96575],[-81.42425,44.96569],[-81.42409,44.96541],[-81.4238,44.96567],[-81.42408,44.96575]]],[[[-81.69843,45.24394],[-81.69791,45.2445],[-81.69794,45.24452],[-81.69845,45.24424],[-81.69843,45.24394]]],[[[-81.37772,44.96933],[-81.37745,44.96949],[-81.3772,44.96972],[-81.3775,44.9697],[-81.37772,44.96933]]],[[[-81.33047,44.84013],[-81.3302,44.84026],[-81.33012,44.84049],[-81.33049,44.84031],[-81.33047,44.84013]]],[[[-81.307,44.77267],[-81.30723,44.77296],[-81.30752,44.77294],[-81.30747,44.77284],[-81.307,44.77267]]],[[[-81.32193,44.73704],[-81.32175,44.73719],[-81.3217,44.73737],[-81.32209,44.73711],[-81.32193,44.73704]]],[[[-81.69712,45.23611],[-81.6974,45.23602],[-81.69777,45.23553],[-81.69753,45.23565],[-81.69712,45.23611]]],[[[-81.32519,44.73731],[-81.32486,44.73707],[-81.32466,44.73719],[-81.32473,44.73725],[-81.32519,44.73731]]],[[[-81.32822,44.79511],[-81.32839,44.79518],[-81.32867,44.79513],[-81.32837,44.79496],[-81.32822,44.79511]]],[[[-81.30672,44.77352],[-81.30647,44.77363],[-81.30681,44.77373],[-81.30691,44.77361],[-81.30672,44.77352]]],[[[-81.29459,44.72883],[-81.29459,44.72891],[-81.29521,44.72904],[-81.29489,44.72886],[-81.29459,44.72883]]],[[[-81.30667,44.77263],[-81.30658,44.77277],[-81.30667,44.77288],[-81.30692,44.77272],[-81.30667,44.77263]]],[[[-81.35987,44.88761],[-81.35959,44.88791],[-81.35959,44.88801],[-81.35992,44.8877],[-81.35987,44.88761]]],[[[-81.4246,44.96489],[-81.42472,44.96502],[-81.42493,44.96486],[-81.42474,44.96478],[-81.4246,44.96489]]],[[[-81.32388,44.73784],[-81.32387,44.73803],[-81.32397,44.73816],[-81.32413,44.73794],[-81.32388,44.73784]]],[[[-81.33561,44.78959],[-81.33592,44.78956],[-81.33596,44.78949],[-81.3357,44.78944],[-81.33561,44.78959]]],[[[-81.70048,45.24351],[-81.70022,45.24371],[-81.70022,45.24381],[-81.70054,45.24354],[-81.70048,45.24351]]],[[[-81.38026,44.97184],[-81.38012,44.97214],[-81.38027,44.97202],[-81.38027,44.97173],[-81.38026,44.97184]]],[[[-81.31444,44.7465],[-81.31436,44.74659],[-81.31446,44.74674],[-81.31455,44.74654],[-81.31444,44.7465]]],[[[-81.30737,44.77302],[-81.30723,44.77307],[-81.30715,44.77317],[-81.30742,44.77312],[-81.30737,44.77302]]],[[[-81.70448,45.23765],[-81.70419,45.23786],[-81.70418,45.23791],[-81.70451,45.23775],[-81.70448,45.23765]]],[[[-81.3142,44.74644],[-81.31403,44.74653],[-81.31405,44.74658],[-81.31432,44.74652],[-81.3142,44.74644]]],[[[-81.69205,45.23601],[-81.69192,45.23603],[-81.69184,45.2362],[-81.69209,45.23604],[-81.69205,45.23601]]],[[[-81.42516,44.96499],[-81.42505,44.96505],[-81.42502,44.96514],[-81.42521,44.96508],[-81.42516,44.96499]]],[[[-81.30738,44.77322],[-81.30725,44.77328],[-81.30728,44.77334],[-81.30748,44.7733],[-81.30738,44.77322]]],[[[-81.30764,44.77183],[-81.30779,44.77194],[-81.30793,44.77191],[-81.30779,44.77184],[-81.30764,44.77183]]],[[[-81.70332,45.23835],[-81.70322,45.23837],[-81.70305,45.23849],[-81.70337,45.23838],[-81.70332,45.23835]]],[[[-81.33779,44.78838],[-81.33776,44.78843],[-81.3379,44.78854],[-81.33793,44.78848],[-81.33779,44.78838]]],[[[-81.32739,44.79661],[-81.32747,44.79662],[-81.32754,44.79655],[-81.32735,44.79652],[-81.32739,44.79661]]],[[[-81.69696,45.245],[-81.69708,45.24494],[-81.6968,45.24496],[-81.69684,45.24499],[-81.69696,45.245]]],[[[-81.34237,44.79368],[-81.34227,44.79374],[-81.34238,44.79381],[-81.34245,44.79379],[-81.34237,44.79368]]],[[[-81.35553,44.88388],[-81.3554,44.88406],[-81.35542,44.8841],[-81.35557,44.88396],[-81.35553,44.88388]]],[[[-81.70343,45.23812],[-81.70356,45.2381],[-81.70361,45.23801],[-81.7034,45.23808],[-81.70343,45.23812]]],[[[-81.69733,45.24486],[-81.69719,45.24492],[-81.69721,45.24497],[-81.69743,45.24487],[-81.69733,45.24486]]],[[[-81.70019,45.24332],[-81.70003,45.2434],[-81.70002,45.24346],[-81.70023,45.24335],[-81.70019,45.24332]]],[[[-81.33013,44.83988],[-81.32999,44.83997],[-81.33004,44.84003],[-81.33013,44.83998],[-81.33013,44.83988]]],[[[-81.3281,44.83612],[-81.32802,44.83613],[-81.32797,44.83624],[-81.3281,44.83619],[-81.3281,44.83612]]],[[[-81.4245,44.96506],[-81.42445,44.96512],[-81.4246,44.96513],[-81.42462,44.96508],[-81.4245,44.96506]]],[[[-81.69924,45.24358],[-81.69916,45.24363],[-81.6992,45.24369],[-81.69934,45.24358],[-81.69924,45.24358]]],[[[-81.70005,45.24328],[-81.69996,45.2433],[-81.69995,45.24341],[-81.70007,45.24333],[-81.70005,45.24328]]],[[[-81.37687,44.96986],[-81.37678,44.96992],[-81.37681,44.96997],[-81.37688,44.96994],[-81.37687,44.96986]]],[[[-81.69658,45.24478],[-81.69645,45.24485],[-81.69648,45.24489],[-81.69664,45.24478],[-81.69658,45.24478]]],[[[-81.7044,45.23793],[-81.70433,45.23796],[-81.70437,45.23799],[-81.70446,45.23796],[-81.7044,45.23793]]],[[[-81.70002,45.24364],[-81.69993,45.24368],[-81.69992,45.2437],[-81.70004,45.2437],[-81.70002,45.24364]]],[[[-81.30704,44.7735],[-81.30704,44.77356],[-81.3071,44.77357],[-81.30713,44.77352],[-81.30704,44.7735]]],[[[-81.69708,45.24499],[-81.69698,45.24502],[-81.697,45.24507],[-81.69709,45.24502],[-81.69708,45.24499]]],[[[-81.69992,45.24423],[-81.6999,45.24426],[-81.6999,45.24431],[-81.70001,45.24421],[-81.69992,45.24423]]]]}},{"type":"Feature","properties":{"OGF_ID":67859883,"OFFICIAL_NAME":"Glebe Farm 40B","OTHER_NAME":null,"INDIAN_RESERVE_LAND_TYPE":"Indian Reserve"},"geometry":{"type":"MultiPolygon","coordinates":[[[[-80.24033,43.13627],[-80.24125,43.13714],[-80.24335,43.13596],[-80.24244,43.13509],[-80.2456,43.13305],[-80.24403,43.1329],[-80.24139,43.13176],[-80.23958,43.13161],[-80.2372,43.1318],[-80.23515,43.13239],[-80.23471,43.13302],[-80.23589,43.13877],[-80.24033,43.13627]]],[[[-80.24126,43.13124],[-80.23971,43.13092],[-80.23894,43.1311],[-80.24042,43.13113],[-80.24126,43.13124]]],[[[-80.24143,43.13127],[-80.24113,43.1306],[-80.24099,43.13064],[-80.24126,43.13124],[-80.24143,43.13127]]]]}},{"type":"Feature","properties":{"OGF_ID":67859972,"OFFICIAL_NAME":"Indian River 1","OTHER_NAME":null,"INDIAN_RESERVE_LAND_TYPE":"Indian Reserve"},"geometry":{"type":"MultiPolygon","coordinates":[[[[-79.57416,45.11803],[-79.57439,45.11822],[-79.57556,45.11772],[-79.57507,45.11737],[-79.57416,45.11803]]],[[[-79.57339,45.11859],[-79.57417,45.11917],[-79.574,45.11815],[-79.57339,45.11859]]],[[[-79.57529,45.11782],[-79.57515,45.11799],[-79.57598,45.11801],[-79.57559,45.11774],[-79.57529,45.11782]]]]}},{"type":"Feature","properties":{"OGF_ID":67860341,"OFFICIAL_NAME":"Mnjikaning First Nation 32","OTHER_NAME":null,"INDIAN_RESERVE_LAND_TYPE":"Indian Reserve"},"geometry":{"type":"MultiPolygon","coordinates":[[[[-79.28676,44.72576],[-79.2879,44.72789],[-79.29487,44.72639],[-79.2916,44.71878],[-79.29778,44.71789],[-79.29872,44.71658],[-79.29714,44.7131],[-79.28268,44.7165],[-79.28676,44.72576]]],[[[-79.30869,44.70364],[-79.31132,44.70975],[-79.31963,44.70783],[-79.32391,44.70311],[-79.32308,44.70251],[-79.32304,44.70186],[-79.32213,44.7029],[-79.32144,44.70303],[-79.32248,44.70133],[-79.32199,44.70053],[-79.32146,44.70057],[-79.32031,44.70181],[-79.31892,44.70181],[-79.31869,44.70119],[-79.31849,44.70182],[-79.31742,44.70182],[-79.31647,44.70278],[-79.31588,44.70187],[-79.31491,44.70178],[-79.31456,44.70045],[-79.31286,44.69921],[-79.3143,44.69766],[-79.31325,44.69753],[-79.31239,44.69691],[-79.30636,44.69824],[-79.30869,44.70364]]],[[[-79.33582,44.6539],[-79.32244,44.6569],[-79.32601,44.66561],[-79.33182,44.66429],[-79.33751,44.65304],[-79.33582,44.6539]]],[[[-79.29494,44.72656],[-79.29987,44.73808],[-79.307,44.73644],[-79.30221,44.72492],[-79.29494,44.72656]]],[[[-79.30559,44.69654],[-79.30628,44.69807],[-79.31229,44.69674],[-79.31224,44.69596],[-79.31171,44.6958],[-79.31128,44.69488],[-79.31189,44.69419],[-79.31117,44.69368],[-79.31047,44.69213],[-79.31086,44.69079],[-79.31144,44.69043],[-79.31064,44.68987],[-79.31072,44.68909],[-79.3113,44.68882],[-79.31,44.68787],[-79.311,44.68773],[-79.3108,44.68684],[-79.30925,44.68659],[-79.30874,44.68575],[-79.30845,44.68611],[-79.3076,44.68564],[-79.30692,44.68599],[-79.30702,44.68551],[-79.30118,44.68682],[-79.30559,44.69654]]],[[[-79.37921,44.65318],[-79.37794,44.65542],[-79.37878,44.65664],[-79.37785,44.65819],[-79.3784,44.65894],[-79.38026,44.65415],[-79.38145,44.65331],[-79.38373,44.6531],[-79.38664,44.65369],[-79.38718,44.65404],[-79.38736,44.65564],[-79.38919,44.65418],[-79.39006,44.65232],[-79.38981,44.65177],[-79.39077,44.65168],[-79.39123,44.65127],[-79.39017,44.6504],[-79.39041,44.64944],[-79.39345,44.64596],[-79.39474,44.64363],[-79.39437,44.64377],[-79.39332,44.64591],[-79.38679,44.64728],[-79.38349,44.64933],[-79.3774,44.65166],[-79.37691,44.6524],[-79.37789,44.65208],[-79.37909,44.65222],[-79.37921,44.65318]]],[[[-79.33802,44.65367],[-79.33745,44.65369],[-79.33301,44.66247],[-79.34246,44.66043],[-79.34292,44.65177],[-79.33849,44.65274],[-79.33802,44.65367]],[[-79.34246,44.65263],[-79.34185,44.65276],[-79.3417,44.65242],[-79.34231,44.65229],[-79.34246,44.65263]]],[[[-79.34997,44.65879],[-79.35252,44.65823],[-79.35258,44.6566],[-79.35417,44.65622],[-79.35673,44.65382],[-79.35976,44.64812],[-79.34977,44.65041],[-79.34938,44.65246],[-79.34997,44.65879]]],[[[-79.34301,44.65503],[-79.34272,44.66038],[-79.34958,44.65887],[-79.34889,44.65189],[-79.34938,44.65043],[-79.34318,44.65172],[-79.34301,44.65503]]],[[[-79.30666,44.68088],[-79.30749,44.68115],[-79.30412,44.67361],[-79.29666,44.67523],[-79.29864,44.67974],[-79.30304,44.67986],[-79.30572,44.68101],[-79.30666,44.68088]]],[[[-79.29901,44.7],[-79.30148,44.70574],[-79.30861,44.70405],[-79.30612,44.6983],[-79.29901,44.7]]],[[[-79.34982,44.64996],[-79.35985,44.64791],[-79.36038,44.64571],[-79.35917,44.64525],[-79.35891,44.64411],[-79.35828,44.64392],[-79.35085,44.64553],[-79.34982,44.64996]]],[[[-79.31985,44.70989],[-79.31981,44.71199],[-79.33804,44.70809],[-79.33844,44.70591],[-79.31985,44.70989]]],[[[-79.34216,44.67106],[-79.34198,44.67548],[-79.34941,44.6738],[-79.34962,44.66938],[-79.34216,44.67106]]],[[[-79.34261,44.69658],[-79.35477,44.69396],[-79.35357,44.69413],[-79.35358,44.6921],[-79.35455,44.68992],[-79.34883,44.69121],[-79.3472,44.69324],[-79.34261,44.69658]]],[[[-79.35037,44.64564],[-79.34342,44.64715],[-79.34319,44.65153],[-79.34955,44.65002],[-79.35037,44.64564]]],[[[-79.34061,44.64775],[-79.3356,44.64882],[-79.33787,44.65268],[-79.34293,44.65158],[-79.34316,44.64721],[-79.34061,44.64775]]],[[[-79.3009,44.68481],[-79.30168,44.68652],[-79.30705,44.68532],[-79.30734,44.68466],[-79.30788,44.6847],[-79.30625,44.6833],[-79.30419,44.68278],[-79.29998,44.68068],[-79.29927,44.68118],[-79.3009,44.68481]]],[[[-79.3486,44.69107],[-79.34103,44.6927],[-79.34096,44.69684],[-79.34233,44.69654],[-79.34703,44.69314],[-79.3486,44.69107]]],[[[-79.32072,44.73959],[-79.31511,44.74094],[-79.31446,44.74313],[-79.32496,44.74064],[-79.32349,44.73893],[-79.32072,44.73959]]],[[[-79.33076,44.64249],[-79.33573,44.65373],[-79.33763,44.65276],[-79.33148,44.64233],[-79.33076,44.64249]]],[[[-79.32425,44.73943],[-79.32537,44.74054],[-79.32643,44.73921],[-79.32752,44.73923],[-79.32777,44.73998],[-79.33081,44.73926],[-79.33174,44.73696],[-79.32386,44.73884],[-79.32425,44.73943]]],[[[-79.33257,44.73676],[-79.33194,44.73691],[-79.33181,44.73807],[-79.33102,44.7392],[-79.33376,44.73854],[-79.33412,44.73813],[-79.3343,44.73635],[-79.33257,44.73676]]],[[[-79.33878,44.70584],[-79.33834,44.70803],[-79.34051,44.70753],[-79.34049,44.70548],[-79.33878,44.70584]]],[[[-79.34999,44.66929],[-79.34991,44.67041],[-79.35258,44.6698],[-79.35296,44.66909],[-79.35216,44.66925],[-79.35173,44.66881],[-79.34999,44.66929]]],[[[-79.34735,44.73251],[-79.34825,44.73215],[-79.34884,44.73032],[-79.34837,44.73086],[-79.34798,44.73081],[-79.34829,44.73049],[-79.34775,44.7307],[-79.34691,44.73235],[-79.34735,44.73251]]],[[[-79.34981,44.6718],[-79.35134,44.67145],[-79.35153,44.67116],[-79.35079,44.67133],[-79.35174,44.67004],[-79.34991,44.67045],[-79.34981,44.6718]]],[[[-79.33447,44.73671],[-79.33438,44.73742],[-79.33612,44.73655],[-79.3363,44.73596],[-79.33457,44.73629],[-79.33447,44.73671]]],[[[-79.36855,44.61834],[-79.36808,44.61876],[-79.368,44.61935],[-79.36869,44.61881],[-79.36855,44.61834]]],[[[-79.37321,44.66171],[-79.37212,44.66299],[-79.37214,44.66336],[-79.37328,44.66183],[-79.37321,44.66171]]],[[[-79.35403,44.69198],[-79.35388,44.6922],[-79.35507,44.69175],[-79.35403,44.69198]]],[[[-79.36365,44.70647],[-79.36405,44.7066],[-79.36331,44.70619],[-79.3636,44.70641],[-79.36365,44.70647]]],[[[-79.33721,44.73435],[-79.337,44.73493],[-79.33706,44.73506],[-79.33748,44.73462],[-79.33721,44.73435]]],[[[-79.35487,44.69077],[-79.35471,44.69099],[-79.35563,44.69061],[-79.35487,44.69077]]],[[[-79.35386,44.69304],[-79.35385,44.69323],[-79.35467,44.69306],[-79.35454,44.6929],[-79.35386,44.69304]]],[[[-79.35483,44.68974],[-79.35483,44.68993],[-79.35564,44.68975],[-79.35554,44.68959],[-79.35483,44.68974]]],[[[-79.36138,44.70809],[-79.36176,44.70825],[-79.36178,44.70786],[-79.36143,44.70797],[-79.36138,44.70809]]],[[[-79.3523,44.70793],[-79.35234,44.70818],[-79.35261,44.70825],[-79.35258,44.70798],[-79.3523,44.70793]]],[[[-79.34295,44.74195],[-79.34264,44.74233],[-79.34292,44.74249],[-79.34301,44.74193],[-79.34295,44.74195]]],[[[-79.33742,44.73642],[-79.3372,44.73675],[-79.33724,44.73693],[-79.33748,44.73661],[-79.33742,44.73642]]],[[[-79.36208,44.70814],[-79.36203,44.70832],[-79.36235,44.70834],[-79.36219,44.70809],[-79.36208,44.70814]]],[[[-79.36089,44.70805],[-79.36086,44.70818],[-79.36099,44.70776],[-79.36071,44.708],[-79.36089,44.70805]]],[[[-79.33771,44.7347],[-79.33797,44.73477],[-79.33816,44.73452],[-79.33777,44.73465],[-79.33771,44.7347]]],[[[-79.3392,44.73234],[-79.3394,44.73242],[-79.33957,44.73231],[-79.3394,44.73221],[-79.3392,44.73234]]],[[[-79.3715,44.62505],[-79.37143,44.62521],[-79.37162,44.62536],[-79.37161,44.62514],[-79.3715,44.62505]]],[[[-79.37149,44.62565],[-79.37144,44.62582],[-79.3715,44.62594],[-79.37158,44.62582],[-79.37149,44.62565]]],[[[-79.33861,44.73018],[-79.33854,44.7303],[-79.33879,44.73023],[-79.33879,44.73015],[-79.33861,44.73018]]],[[[-79.33807,44.73112],[-79.33815,44.73121],[-79.33832,44.73116],[-79.33815,44.73109],[-79.33807,44.73112]]],[[[-79.33827,44.73065],[-79.33843,44.73071],[-79.33846,44.73063],[-79.33833,44.73061],[-79.33827,44.73065]]],[[[-79.33835,44.73082],[-79.33845,44.73088],[-79.33852,44.73081],[-79.33838,44.73077],[-79.33835,44.73082]]]]}},{"type":"Feature","properties":{"OGF_ID":67860175,"OFFICIAL_NAME":"Point Grondine 3","OTHER_NAME":null,"INDIAN_RESERVE_LAND_TYPE":"Indian Reserve"},"geometry":{"type":"MultiPolygon","coordinates":[[[[-81.08122,46.11175],[-81.08911,46.10467],[-81.09219,46.10277],[-81.1029,46.09918],[-81.11718,46.09552],[-81.11976,46.09548],[-81.12501,46.09661],[-81.13061,46.09558],[-81.13252,46.09479],[-81.14338,46.08806],[-81.1478,46.08671],[-81.15501,46.08063],[-81.15992,46.07776],[-81.16314,46.07726],[-81.16883,46.07832],[-81.1719,46.07738],[-81.18013,46.07241],[-81.17995,46.06274],[-81.17918,46.0626],[-81.17589,46.06344],[-81.17394,46.06339],[-81.17205,46.06452],[-81.17109,46.06561],[-81.16878,46.06429],[-81.16719,46.06388],[-81.1664,46.06454],[-81.16646,46.06615],[-81.16535,46.06717],[-81.16417,46.06648],[-81.16361,46.06522],[-81.16676,46.06292],[-81.16876,46.06077],[-81.17009,46.06046],[-81.17072,46.0593],[-81.17368,46.05658],[-81.17443,46.05676],[-81.17444,46.05749],[-81.17499,46.05762],[-81.17928,46.05574],[-81.1786,46.0536],[-81.17997,46.05507],[-81.18199,46.05353],[-81.18218,46.05497],[-81.18374,46.055],[-81.18523,46.05439],[-81.186,46.05321],[-81.18837,46.0529],[-81.18879,46.05219],[-81.19075,46.05099],[-81.19256,46.05069],[-81.19285,46.05112],[-81.19486,46.04933],[-81.19496,46.04908],[-81.19434,46.0491],[-81.1949,46.04781],[-81.1959,46.04787],[-81.19629,46.04723],[-81.19915,46.04631],[-81.20336,46.04365],[-81.20425,46.04198],[-81.20662,46.04117],[-81.20897,46.03827],[-81.2297,46.03979],[-81.22456,46.00176],[-81.22067,46.00672],[-81.21936,46.00728],[-81.21873,46.00694],[-81.2192,46.00517],[-81.22078,46.00251],[-81.21895,46.00301],[-81.21626,46.00444],[-81.21524,46.00436],[-81.21296,46.00615],[-81.21358,46.00473],[-81.21322,46.00404],[-81.21567,46.00062],[-81.21458,46.00067],[-81.21058,46.0036],[-81.20797,46.00234],[-81.20656,46.00064],[-81.20627,45.99961],[-81.20432,45.99994],[-81.20423,46.00975],[-81.19444,46.00977],[-81.19441,46.00027],[-81.19183,45.99961],[-81.18878,46.00026],[-81.18704,46.00006],[-81.18527,46.00084],[-81.18263,46.00136],[-81.18104,46.00111],[-81.17829,46.00184],[-81.17586,46.00166],[-81.17121,46.00225],[-81.16028,46.00079],[-81.15926,46.00117],[-81.15475,46.00148],[-81.15413,46.00233],[-81.15131,46.00106],[-81.15166,46.00083],[-81.15112,46.00058],[-81.15128,45.99885],[-81.14921,45.99769],[-81.14907,45.99556],[-81.15066,45.99254],[-81.1505,45.99072],[-81.15076,45.99042],[-81.15189,45.99072],[-81.15237,45.98968],[-81.15057,45.98983],[-81.14978,45.98957],[-81.14962,45.98908],[-81.14821,45.9889],[-81.14776,45.98813],[-81.14827,45.98737],[-81.14736,45.98729],[-81.14759,45.98681],[-81.14688,45.98637],[-81.14547,45.98704],[-81.14436,45.98645],[-81.14479,45.98458],[-81.14609,45.98316],[-81.14778,45.98222],[-81.14875,45.98097],[-81.15028,45.98024],[-81.15132,45.97865],[-81.15345,45.97753],[-81.15366,45.9772],[-81.15262,45.9767],[-81.15276,45.97588],[-81.15467,45.97359],[-81.15688,45.97228],[-81.15642,45.96921],[-81.15774,45.96896],[-81.15957,45.96768],[-81.16188,45.96724],[-81.16261,45.96672],[-81.16359,45.96548],[-81.16343,45.965],[-81.16266,45.965],[-81.16118,45.9659],[-81.16101,45.96558],[-81.16299,45.96411],[-81.16328,45.96327],[-81.1654,45.96383],[-81.16537,45.96505],[-81.16646,45.96516],[-81.16792,45.96461],[-81.16831,45.9638],[-81.16888,45.96366],[-81.16915,45.96318],[-81.16854,45.96289],[-81.16973,45.96238],[-81.17002,45.96283],[-81.1721,45.96252],[-81.17371,45.96148],[-81.17326,45.96095],[-81.17554,45.96064],[-81.17657,45.95912],[-81.17727,45.95888],[-81.17722,45.95847],[-81.17772,45.9585],[-81.17929,45.95724],[-81.17825,45.95736],[-81.17591,45.95974],[-81.17587,45.9586],[-81.17736,45.95736],[-81.1763,45.95785],[-81.17396,45.95805],[-81.17532,45.95731],[-81.17399,45.9576],[-81.17089,45.95749],[-81.17014,45.95686],[-81.17315,45.95561],[-81.1733,45.95594],[-81.1745,45.95574],[-81.17564,45.95518],[-81.17435,45.9565],[-81.17284,45.95621],[-81.17101,45.95714],[-81.17225,45.95736],[-81.17562,45.95659],[-81.17573,45.95619],[-81.17466,45.95649],[-81.18017,45.95264],[-81.17658,45.95304],[-81.17594,45.95262],[-81.17863,45.95201],[-81.18005,45.95061],[-81.17989,45.95033],[-81.18152,45.94983],[-81.1819,45.94857],[-81.18276,45.94798],[-81.18179,45.94805],[-81.18285,45.94748],[-81.18227,45.94679],[-81.18038,45.94742],[-81.17988,45.94729],[-81.18129,45.94669],[-81.18115,45.94603],[-81.18134,45.94636],[-81.18238,45.94625],[-81.18358,45.94555],[-81.18336,45.94594],[-81.1841,45.94575],[-81.18383,45.94603],[-81.18438,45.9461],[-81.18636,45.94525],[-81.18654,45.94476],[-81.18614,45.94462],[-81.18578,45.94505],[-81.1851,45.94468],[-81.18428,45.94475],[-81.18536,45.94409],[-81.18443,45.94434],[-81.18517,45.94382],[-81.1836,45.94435],[-81.18532,45.94352],[-81.18381,45.94332],[-81.18225,45.94354],[-81.18213,45.9441],[-81.18293,45.94428],[-81.18195,45.94433],[-81.18151,45.94499],[-81.18079,45.94485],[-81.18094,45.94539],[-81.17962,45.94523],[-81.17934,45.94468],[-81.18021,45.94476],[-81.18012,45.94417],[-81.18092,45.94394],[-81.1812,45.94319],[-81.18175,45.94318],[-81.18255,45.94237],[-81.18197,45.94209],[-81.18066,45.94277],[-81.17997,45.94281],[-81.17987,45.9423],[-81.17854,45.94282],[-81.17789,45.94356],[-81.17812,45.94413],[-81.17868,45.94425],[-81.17826,45.94443],[-81.17665,45.944],[-81.17704,45.94299],[-81.17812,45.94218],[-81.17625,45.94279],[-81.17527,45.9427],[-81.17483,45.94226],[-81.17405,45.94237],[-81.17403,45.94159],[-81.17277,45.94151],[-81.17238,45.94189],[-81.17282,45.94238],[-81.17214,45.94253],[-81.17211,45.94193],[-81.17047,45.9417],[-81.16999,45.94103],[-81.16851,45.94052],[-81.16945,45.93982],[-81.16925,45.93931],[-81.1678,45.93991],[-81.16649,45.93956],[-81.16576,45.94012],[-81.16474,45.93965],[-81.16476,45.9392],[-81.16578,45.93883],[-81.16645,45.93802],[-81.16675,45.93825],[-81.16749,45.9378],[-81.16864,45.93828],[-81.1708,45.93806],[-81.17082,45.93838],[-81.17161,45.93795],[-81.1744,45.93834],[-81.1785,45.93686],[-81.17942,45.93694],[-81.17984,45.93741],[-81.18149,45.93733],[-81.18231,45.93704],[-81.18194,45.9366],[-81.18387,45.93605],[-81.18438,45.93471],[-81.18397,45.93641],[-81.18601,45.93544],[-81.18624,45.93587],[-81.18741,45.93562],[-81.18859,45.93441],[-81.18825,45.93518],[-81.18948,45.93492],[-81.1913,45.93356],[-81.19431,45.93251],[-81.1969,45.93197],[-81.19808,45.93206],[-81.19886,45.93163],[-81.19859,45.93128],[-81.19692,45.93141],[-81.19803,45.93102],[-81.19599,45.9316],[-81.19594,45.93131],[-81.19494,45.93148],[-81.1972,45.93077],[-81.19679,45.93059],[-81.19769,45.9302],[-81.19611,45.93056],[-81.19627,45.93012],[-81.19476,45.93056],[-81.19508,45.93093],[-81.19209,45.9323],[-81.19375,45.93115],[-81.19306,45.93103],[-81.19158,45.93196],[-81.19224,45.93151],[-81.19129,45.93182],[-81.19171,45.93147],[-81.19022,45.93151],[-81.18928,45.93092],[-81.18842,45.93142],[-81.18877,45.9319],[-81.18757,45.93212],[-81.18822,45.93112],[-81.18711,45.93133],[-81.18745,45.93063],[-81.18643,45.93032],[-81.18452,45.93089],[-81.18244,45.93091],[-81.18175,45.9322],[-81.18143,45.93165],[-81.18052,45.93206],[-81.18122,45.9316],[-81.18055,45.93155],[-81.17803,45.93278],[-81.18154,45.93043],[-81.17925,45.93144],[-81.17678,45.93199],[-81.17672,45.93228],[-81.17256,45.9322],[-81.17313,45.93177],[-81.17661,45.93181],[-81.17617,45.93145],[-81.17471,45.93167],[-81.16964,45.93075],[-81.16881,45.93116],[-81.16885,45.93051],[-81.16826,45.93034],[-81.16885,45.93005],[-81.16879,45.92882],[-81.16936,45.92827],[-81.16832,45.92759],[-81.16854,45.92696],[-81.1678,45.92737],[-81.16702,45.92718],[-81.16686,45.92757],[-81.16653,45.92717],[-81.16574,45.92717],[-81.16595,45.92796],[-81.16494,45.92815],[-81.16649,45.92843],[-81.16477,45.92833],[-81.1638,45.92871],[-81.16352,45.92858],[-81.16544,45.92775],[-81.16488,45.92754],[-81.16342,45.92833],[-81.16246,45.92824],[-81.16465,45.92754],[-81.16345,45.92756],[-81.16358,45.92734],[-81.16479,45.92732],[-81.16392,45.92706],[-81.16193,45.92724],[-81.162,45.92661],[-81.16284,45.92676],[-81.16306,45.92634],[-81.15928,45.92656],[-81.16138,45.92606],[-81.16048,45.92621],[-81.16041,45.92593],[-81.15784,45.9266],[-81.15843,45.92578],[-81.1577,45.92563],[-81.15705,45.92589],[-81.15669,45.92748],[-81.15607,45.92802],[-81.15615,45.92683],[-81.15503,45.92706],[-81.15504,45.92764],[-81.15374,45.92774],[-81.15385,45.92714],[-81.15628,45.926],[-81.15627,45.92534],[-81.15554,45.92516],[-81.15568,45.92493],[-81.15759,45.92417],[-81.15693,45.92414],[-81.15746,45.92362],[-81.15498,45.92363],[-81.15571,45.92301],[-81.15548,45.92299],[-81.15487,45.92316],[-81.15559,45.92221],[-81.15615,45.92218],[-81.15514,45.92208],[-81.15358,45.92258],[-81.15479,45.92213],[-81.15356,45.92214],[-81.15405,45.92178],[-81.153,45.92158],[-81.15187,45.9222],[-81.15096,45.92219],[-81.15161,45.92245],[-81.15064,45.92233],[-81.14963,45.92286],[-81.14907,45.92236],[-81.15101,45.92181],[-81.15048,45.92105],[-81.14735,45.92157],[-81.1465,45.92104],[-81.14629,45.92129],[-81.14622,45.92097],[-81.14532,45.92106],[-81.1455,45.9206],[-81.14447,45.92043],[-81.14398,45.92072],[-81.14385,45.92036],[-81.14295,45.92029],[-81.14293,45.92107],[-81.14263,45.92073],[-81.14278,45.91991],[-81.14209,45.91967],[-81.13964,45.92161],[-81.13993,45.92249],[-81.14176,45.92342],[-81.14144,45.92368],[-81.14217,45.92426],[-81.1419,45.92485],[-81.14296,45.92464],[-81.14227,45.92496],[-81.14248,45.9255],[-81.14322,45.92558],[-81.14359,45.92476],[-81.14431,45.92563],[-81.14553,45.92481],[-81.14544,45.92552],[-81.14606,45.92564],[-81.14595,45.92602],[-81.14719,45.92504],[-81.14636,45.92642],[-81.14655,45.92587],[-81.14556,45.92654],[-81.14494,45.92614],[-81.14462,45.92636],[-81.14364,45.92805],[-81.14448,45.92901],[-81.14422,45.9298],[-81.14557,45.92945],[-81.14517,45.93002],[-81.14552,45.93055],[-81.1432,45.93125],[-81.14339,45.93155],[-81.14246,45.93236],[-81.14355,45.933],[-81.14289,45.93332],[-81.14176,45.93356],[-81.1418,45.93284],[-81.14066,45.93337],[-81.14018,45.93282],[-81.13946,45.93355],[-81.13933,45.93309],[-81.13836,45.93366],[-81.13878,45.93365],[-81.13849,45.93454],[-81.13741,45.93608],[-81.13866,45.93574],[-81.13742,45.93709],[-81.13738,45.93781],[-81.13637,45.9385],[-81.13586,45.9384],[-81.13534,45.93992],[-81.13465,45.93985],[-81.13475,45.93948],[-81.13311,45.94089],[-81.1333,45.94109],[-81.13514,45.94015],[-81.13505,45.94095],[-81.13383,45.94166],[-81.13574,45.94127],[-81.13593,45.94162],[-81.13222,45.9429],[-81.13127,45.94256],[-81.13092,45.94276],[-81.1299,45.944],[-81.12992,45.94541],[-81.12853,45.94677],[-81.12875,45.94752],[-81.12817,45.94697],[-81.12813,45.9452],[-81.12431,45.94517],[-81.12433,45.94422],[-81.12512,45.9437],[-81.12386,45.94371],[-81.12297,45.94279],[-81.12226,45.94288],[-81.1219,45.94337],[-81.12139,45.94318],[-81.12194,45.94273],[-81.11906,45.94291],[-81.11829,45.94214],[-81.11676,45.94216],[-81.11679,45.94258],[-81.1163,45.94217],[-81.11644,45.94136],[-81.11387,45.94215],[-81.11491,45.94216],[-81.11473,45.94271],[-81.11567,45.94281],[-81.1161,45.94357],[-81.1174,45.94421],[-81.11596,45.94478],[-81.1144,45.94429],[-81.10931,45.94419],[-81.10832,45.9432],[-81.10557,45.94259],[-81.10603,45.94189],[-81.10243,45.94187],[-81.10246,45.94251],[-81.10023,45.94333],[-81.09742,45.94343],[-81.09934,45.94309],[-81.10048,45.94189],[-81.09955,45.94214],[-81.09951,45.94161],[-81.09887,45.94152],[-81.09973,45.94087],[-81.09971,45.94039],[-81.09867,45.94063],[-81.09817,45.94144],[-81.09818,45.94039],[-81.09733,45.94064],[-81.09786,45.94008],[-81.09644,45.94022],[-81.09595,45.93931],[-81.09593,45.9449],[-81.09483,45.94388],[-81.09482,45.94292],[-81.09557,45.94201],[-81.09521,45.9418],[-81.09378,45.94287],[-81.09082,45.94341],[-81.08918,45.94314],[-81.08809,45.94237],[-81.08348,45.9427],[-81.08166,45.94171],[-81.07692,45.94211],[-81.0769,46.11092],[-81.07879,46.11133],[-81.08036,46.11103],[-81.08122,46.11175]]],[[[-81.15455,45.92177],[-81.15453,45.922],[-81.15573,45.9218],[-81.15575,45.92115],[-81.1539,45.92081],[-81.15357,45.92119],[-81.15455,45.92177]]]]}},{"type":"Feature","properties":{"OGF_ID":67860179,"OFFICIAL_NAME":"Hiawatha First Nation 36","OTHER_NAME":null,"INDIAN_RESERVE_LAND_TYPE":"Indian Reserve"},"geometry":{"type":"MultiPolygon","coordinates":[[[[-78.20718,44.18447],[-78.21222,44.19471],[-78.24032,44.18737],[-78.2403,44.1857],[-78.23925,44.18295],[-78.23688,44.18015],[-78.23637,44.17797],[-78.23639,44.17632],[-78.23774,44.17422],[-78.22414,44.17739],[-78.21879,44.16698],[-78.21712,44.16932],[-78.21248,44.17228],[-78.20974,44.17519],[-78.20643,44.17685],[-78.20521,44.17809],[-78.20401,44.17819],[-78.20718,44.18447]]],[[[-78.19643,44.19824],[-78.21198,44.19477],[-78.2037,44.17811],[-78.20282,44.1775],[-78.20282,44.17802],[-78.20084,44.17895],[-78.20015,44.18212],[-78.19906,44.18385],[-78.19742,44.18465],[-78.19457,44.1846],[-78.19404,44.18488],[-78.1928,44.18766],[-78.19286,44.18903],[-78.1922,44.1895],[-78.19643,44.19824]]],[[[-78.20399,44.21387],[-78.21967,44.21032],[-78.21481,44.20049],[-78.21363,44.20078],[-78.21342,44.20036],[-78.2146,44.20007],[-78.21421,44.19927],[-78.2135,44.19945],[-78.21325,44.1989],[-78.21394,44.19873],[-78.21215,44.19511],[-78.20436,44.19685],[-78.20925,44.20675],[-78.20147,44.20866],[-78.20399,44.21387]]],[[[-78.15166,44.20877],[-78.15115,44.21199],[-78.16234,44.20925],[-78.16003,44.2087],[-78.15753,44.20711],[-78.15469,44.2064],[-78.15389,44.20641],[-78.15334,44.20693],[-78.15312,44.20672],[-78.15166,44.20877]]]]}},{"type":"Feature","properties":{"OGF_ID":125489445,"OFFICIAL_NAME":"M'Chigeeng 22","OTHER_NAME":null,"INDIAN_RESERVE_LAND_TYPE":"Indian Reserve"},"geometry":{"type":"Polygon","coordinates":[[[-82.1721,45.80509],[-82.19281,45.805],[-82.1928,45.80064],[-82.18405,45.79951],[-82.17833,45.79798],[-82.17317,45.79598],[-82.17123,45.79497],[-82.16934,45.79298],[-82.1691,45.79142],[-82.17089,45.78942],[-82.1699,45.78923],[-82.1668,45.79031],[-82.16693,45.80511],[-82.1721,45.80509]]]}},{"type":"Feature","properties":{"OGF_ID":125489479,"OFFICIAL_NAME":"M'Chigeeng 22","OTHER_NAME":null,"INDIAN_RESERVE_LAND_TYPE":"Indian Reserve"},"geometry":{"type":"Polygon","coordinates":[[[-82.16696,45.83132],[-82.17087,45.83321],[-82.17216,45.83457],[-82.17354,45.83576],[-82.17859,45.83728],[-82.18138,45.83963],[-82.18577,45.84095],[-82.19069,45.84166],[-82.19266,45.84166],[-82.18572,45.8406],[-82.18118,45.83924],[-82.17873,45.83701],[-82.17343,45.83537],[-82.1713,45.83315],[-82.16696,45.83048],[-82.16696,45.83087],[-82.1675,45.83126],[-82.16696,45.83113],[-82.16696,45.83132]]]}},{"type":"Feature","properties":{"OGF_ID":125489484,"OFFICIAL_NAME":"M'Chigeeng 22","OTHER_NAME":null,"INDIAN_RESERVE_LAND_TYPE":"Indian Reserve"},"geometry":{"type":"Polygon","coordinates":[[[-82.20889,45.84159],[-82.20798,45.84165],[-82.21398,45.84163],[-82.20889,45.84159]]]}},{"type":"Feature","properties":{"OGF_ID":125489471,"OFFICIAL_NAME":"M'Chigeeng 22","OTHER_NAME":null,"INDIAN_RESERVE_LAND_TYPE":"Indian Reserve"},"geometry":{"type":"Polygon","coordinates":[[[-82.20554,45.78735],[-82.20505,45.78779],[-82.20487,45.79005],[-82.20288,45.79151],[-82.20017,45.79264],[-82.20068,45.79677],[-82.19991,45.79815],[-82.19842,45.79931],[-82.19712,45.80045],[-82.19691,45.80373],[-82.19631,45.805],[-82.21386,45.80497],[-82.21385,45.78678],[-82.21027,45.78676],[-82.21007,45.78716],[-82.20913,45.78734],[-82.20663,45.78674],[-82.20554,45.78735]]]}},{"type":"Feature","properties":{"OGF_ID":125489448,"OFFICIAL_NAME":"M'Chigeeng 22","OTHER_NAME":null,"INDIAN_RESERVE_LAND_TYPE":"Indian Reserve"},"geometry":{"type":"Polygon","coordinates":[[[-82.1611,45.82937],[-82.16089,45.82762],[-82.15403,45.8256],[-82.15174,45.82552],[-82.14642,45.82654],[-82.1449,45.82717],[-82.14074,45.83259],[-82.14073,45.84161],[-82.14237,45.84161],[-82.14609,45.83725],[-82.14989,45.83433],[-82.15173,45.82941],[-82.15439,45.82727],[-82.15946,45.82752],[-82.16085,45.82841],[-82.16097,45.82888],[-82.1611,45.82937]]]}},{"type":"Feature","properties":{"OGF_ID":125489442,"OFFICIAL_NAME":"M'Chigeeng 22","OTHER_NAME":null,"INDIAN_RESERVE_LAND_TYPE":"Indian Reserve"},"geometry":{"type":"Polygon","coordinates":[[[-82.15902,45.80526],[-82.14329,45.80519],[-82.14263,45.80653],[-82.14465,45.80699],[-82.14684,45.8086],[-82.14571,45.8103],[-82.14131,45.80951],[-82.14139,45.81019],[-82.14077,45.81042],[-82.14075,45.8233],[-82.16161,45.8233],[-82.16222,45.82075],[-82.15933,45.81784],[-82.15885,45.81683],[-82.15791,45.80954],[-82.15902,45.80526]]]}},{"type":"Feature","properties":{"OGF_ID":125489487,"OFFICIAL_NAME":"M'Chigeeng 22","OTHER_NAME":null,"INDIAN_RESERVE_LAND_TYPE":"Indian Reserve"},"geometry":{"type":"Polygon","coordinates":[[[-82.20702,45.78655],[-82.20697,45.78656],[-82.20738,45.78656],[-82.20706,45.78653],[-82.20702,45.78655]]]}},{"type":"Feature","properties":{"OGF_ID":125489453,"OFFICIAL_NAME":"M'Chigeeng 22","OTHER_NAME":null,"INDIAN_RESERVE_LAND_TYPE":"Indian Reserve"},"geometry":{"type":"Polygon","coordinates":[[[-82.1722,45.8373],[-82.16696,45.83731],[-82.16697,45.84166],[-82.19069,45.84166],[-82.18577,45.84095],[-82.18138,45.83963],[-82.17859,45.83728],[-82.17354,45.83576],[-82.17216,45.83457],[-82.1722,45.8373]]]}},{"type":"Feature","properties":{"OGF_ID":125489458,"OFFICIAL_NAME":"M'Chigeeng 22","OTHER_NAME":null,"INDIAN_RESERVE_LAND_TYPE":"Indian Reserve"},"geometry":{"type":"Polygon","coordinates":[[[-82.15427,45.79245],[-82.15539,45.79318],[-82.15147,45.78691],[-82.14697,45.78691],[-82.14816,45.78947],[-82.14993,45.78983],[-82.15427,45.79245]]]}},{"type":"Feature","properties":{"OGF_ID":125489461,"OFFICIAL_NAME":"M'Chigeeng 22","OTHER_NAME":null,"INDIAN_RESERVE_LAND_TYPE":"Indian Reserve"},"geometry":{"type":"Polygon","coordinates":[[[-82.1981,45.84386],[-82.20166,45.84368],[-82.19963,45.84384],[-82.19857,45.84332],[-82.19811,45.84239],[-82.19901,45.84183],[-82.19394,45.84184],[-82.1981,45.84386]]]}},{"type":"Feature","properties":{"OGF_ID":125489455,"OFFICIAL_NAME":"M'Chigeeng 22","OTHER_NAME":null,"INDIAN_RESERVE_LAND_TYPE":"Indian Reserve"},"geometry":{"type":"Polygon","coordinates":[[[-82.14252,45.82947],[-82.14366,45.82759],[-82.14508,45.82661],[-82.15156,45.82506],[-82.15522,45.82541],[-82.15876,45.82654],[-82.1591,45.82668],[-82.1611,45.82723],[-82.16155,45.82348],[-82.14075,45.82348],[-82.14074,45.83198],[-82.14252,45.82947]]]}},{"type":"Feature","properties":{"OGF_ID":125489465,"OFFICIAL_NAME":"M'Chigeeng 22","OTHER_NAME":null,"INDIAN_RESERVE_LAND_TYPE":"Indian Reserve"},"geometry":{"type":"Polygon","coordinates":[[[-82.20551,45.84183],[-82.20298,45.8433],[-82.20717,45.84183],[-82.20551,45.84183]]]}},{"type":"Feature","properties":{"OGF_ID":125489450,"OFFICIAL_NAME":"M'Chigeeng 22","OTHER_NAME":null,"INDIAN_RESERVE_LAND_TYPE":"Indian Reserve"},"geometry":{"type":"Polygon","coordinates":[[[-82.1408,45.77765],[-82.14079,45.78673],[-82.14666,45.78673],[-82.14614,45.7852],[-82.14663,45.78174],[-82.14464,45.77735],[-82.14713,45.77409],[-82.14761,45.77051],[-82.14647,45.76859],[-82.14647,45.76859],[-82.14081,45.76857],[-82.1408,45.77765]]]}},{"type":"Feature","properties":{"OGF_ID":125489481,"OFFICIAL_NAME":"M'Chigeeng 22","OTHER_NAME":null,"INDIAN_RESERVE_LAND_TYPE":"Indian Reserve"},"geometry":{"type":"Polygon","coordinates":[[[-82.14647,45.76859],[-82.14761,45.77051],[-82.14713,45.77409],[-82.14464,45.77735],[-82.14663,45.78174],[-82.14614,45.7852],[-82.14666,45.78673],[-82.14693,45.78673],[-82.1464,45.78521],[-82.14689,45.78174],[-82.1449,45.77731],[-82.1474,45.77401],[-82.14787,45.77052],[-82.14667,45.76888],[-82.14689,45.76859],[-82.14647,45.76859],[-82.14647,45.76859]]]}},{"type":"Feature","properties":{"OGF_ID":125489451,"OFFICIAL_NAME":"M'Chigeeng 22","OTHER_NAME":null,"INDIAN_RESERVE_LAND_TYPE":"Indian Reserve"},"geometry":{"type":"Polygon","coordinates":[[[-82.15494,45.79133],[-82.1571,45.79606],[-82.16659,45.79597],[-82.16654,45.79033],[-82.16315,45.78954],[-82.15947,45.78691],[-82.15189,45.78691],[-82.15494,45.79133]]]}},{"type":"Feature","properties":{"OGF_ID":125489440,"OFFICIAL_NAME":"M'Chigeeng 22","OTHER_NAME":null,"INDIAN_RESERVE_LAND_TYPE":"Indian Reserve"},"geometry":{"type":"Polygon","coordinates":[[[-82.20866,45.80516],[-82.19306,45.80518],[-82.19309,45.82329],[-82.20871,45.82329],[-82.20872,45.81423],[-82.21389,45.81422],[-82.21386,45.80515],[-82.20866,45.80516]]]}},{"type":"Feature","properties":{"OGF_ID":125489485,"OFFICIAL_NAME":"M'Chigeeng 22","OTHER_NAME":null,"INDIAN_RESERVE_LAND_TYPE":"Indian Reserve"},"geometry":{"type":"Polygon","coordinates":[[[-82.15439,45.82727],[-82.15382,45.82763],[-82.15553,45.82723],[-82.15439,45.82727]]]}},{"type":"Feature","properties":{"OGF_ID":125489446,"OFFICIAL_NAME":"M'Chigeeng 22","OTHER_NAME":null,"INDIAN_RESERVE_LAND_TYPE":"Indian Reserve"},"geometry":{"type":"Polygon","coordinates":[[[-82.18775,45.84184],[-82.16697,45.84184],[-82.16697,45.84411],[-82.16773,45.84457],[-82.17188,45.84524],[-82.17663,45.84672],[-82.1773,45.84832],[-82.17665,45.85076],[-82.19298,45.85086],[-82.19291,45.84184],[-82.18775,45.84184]]]}},{"type":"Feature","properties":{"OGF_ID":125489483,"OFFICIAL_NAME":"M'Chigeeng 22","OTHER_NAME":null,"INDIAN_RESERVE_LAND_TYPE":"Indian Reserve"},"geometry":{"type":"Polygon","coordinates":[[[-82.21359,45.78624],[-82.21211,45.78632],[-82.21125,45.78658],[-82.21385,45.78659],[-82.21359,45.78624]]]}},{"type":"Feature","properties":{"OGF_ID":125489467,"OFFICIAL_NAME":"M'Chigeeng 22","OTHER_NAME":null,"INDIAN_RESERVE_LAND_TYPE":"Indian Reserve"},"geometry":{"type":"Polygon","coordinates":[[[-82.1675,45.83126],[-82.16696,45.83087],[-82.16696,45.83113],[-82.1675,45.83126]]]}},{"type":"Feature","properties":{"OGF_ID":125489439,"OFFICIAL_NAME":"M'Chigeeng 22","OTHER_NAME":null,"INDIAN_RESERVE_LAND_TYPE":"Indian Reserve"},"geometry":{"type":"Polygon","coordinates":[[[-82.18765,45.82347],[-82.16695,45.82348],[-82.16696,45.83048],[-82.1713,45.83315],[-82.17343,45.83537],[-82.17873,45.83701],[-82.18118,45.83924],[-82.18572,45.8406],[-82.19266,45.84166],[-82.19283,45.82347],[-82.18765,45.82347]]]}},{"type":"Feature","properties":{"OGF_ID":125489476,"OFFICIAL_NAME":"M'Chigeeng 22","OTHER_NAME":null,"INDIAN_RESERVE_LAND_TYPE":"Indian Reserve"},"geometry":{"type":"Polygon","coordinates":[[[-82.1591,45.82668],[-82.15876,45.82654],[-82.15522,45.82541],[-82.15156,45.82506],[-82.14508,45.82661],[-82.14366,45.82759],[-82.14252,45.82947],[-82.14074,45.83198],[-82.14074,45.83259],[-82.1449,45.82717],[-82.14642,45.82654],[-82.15174,45.82552],[-82.15403,45.8256],[-82.16089,45.82762],[-82.1611,45.82937],[-82.16097,45.82888],[-82.16089,45.83019],[-82.16246,45.83047],[-82.16314,45.83057],[-82.1667,45.83107],[-82.16134,45.8301],[-82.16146,45.82793],[-82.16408,45.82888],[-82.1667,45.83068],[-82.1667,45.83029],[-82.16357,45.82831],[-82.16331,45.82821],[-82.1591,45.82668]]]}},{"type":"Feature","properties":{"OGF_ID":125489457,"OFFICIAL_NAME":"M'Chigeeng 22","OTHER_NAME":null,"INDIAN_RESERVE_LAND_TYPE":"Indian Reserve"},"geometry":{"type":"Polygon","coordinates":[[[-82.16166,45.82761],[-82.16331,45.82821],[-82.16357,45.82831],[-82.1667,45.83029],[-82.16669,45.82348],[-82.16199,45.82348],[-82.16147,45.82664],[-82.16193,45.82652],[-82.16335,45.82732],[-82.16147,45.82706],[-82.16166,45.82761]]]}},{"type":"Feature","properties":{"OGF_ID":125489460,"OFFICIAL_NAME":"M'Chigeeng 22","OTHER_NAME":null,"INDIAN_RESERVE_LAND_TYPE":"Indian Reserve"},"geometry":{"type":"Polygon","coordinates":[[[-82.16146,45.82793],[-82.16134,45.8301],[-82.1667,45.83107],[-82.1667,45.83068],[-82.16408,45.82888],[-82.16146,45.82793]]]}},{"type":"Feature","properties":{"OGF_ID":125489480,"OFFICIAL_NAME":"M'Chigeeng 22","OTHER_NAME":null,"INDIAN_RESERVE_LAND_TYPE":"Indian Reserve"},"geometry":{"type":"Polygon","coordinates":[[[-82.15113,45.77771],[-82.15138,45.78673],[-82.1518,45.78673],[-82.15153,45.78561],[-82.15188,45.77152],[-82.15262,45.76861],[-82.15189,45.7686],[-82.15113,45.77771]]]}},{"type":"Feature","properties":{"OGF_ID":125489454,"OFFICIAL_NAME":"M'Chigeeng 22","OTHER_NAME":null,"INDIAN_RESERVE_LAND_TYPE":"Indian Reserve"},"geometry":{"type":"Polygon","coordinates":[[[-82.15756,45.79703],[-82.15985,45.80492],[-82.16667,45.80511],[-82.16659,45.79615],[-82.15718,45.79624],[-82.15756,45.79703]]]}},{"type":"Feature","properties":{"OGF_ID":125489464,"OFFICIAL_NAME":"M'Chigeeng 22","OTHER_NAME":null,"INDIAN_RESERVE_LAND_TYPE":"Indian Reserve"},"geometry":{"type":"Polygon","coordinates":[[[-82.14077,45.84401],[-82.14112,45.84318],[-82.14221,45.84179],[-82.14073,45.84179],[-82.14077,45.84401]]]}},{"type":"Feature","properties":{"OGF_ID":125489449,"OFFICIAL_NAME":"M'Chigeeng 22","OTHER_NAME":null,"INDIAN_RESERVE_LAND_TYPE":"Indian Reserve"},"geometry":{"type":"Polygon","coordinates":[[[-82.15842,45.80884],[-82.15932,45.81712],[-82.16207,45.81975],[-82.16299,45.8215],[-82.16207,45.8233],[-82.16669,45.8233],[-82.16667,45.80529],[-82.1596,45.80526],[-82.1597,45.80607],[-82.15842,45.80884]]]}},{"type":"Feature","properties":{"OGF_ID":125489444,"OFFICIAL_NAME":"M'Chigeeng 22","OTHER_NAME":null,"INDIAN_RESERVE_LAND_TYPE":"Indian Reserve"},"geometry":{"type":"Polygon","coordinates":[[[-82.14602,45.79026],[-82.14635,45.79131],[-82.14343,45.79426],[-82.14414,45.79536],[-82.14312,45.79682],[-82.14389,45.79821],[-82.14352,45.80001],[-82.14467,45.8029],[-82.14341,45.80501],[-82.15919,45.80508],[-82.15772,45.79853],[-82.15595,45.79449],[-82.1535,45.79218],[-82.14981,45.78996],[-82.14794,45.78957],[-82.14671,45.78691],[-82.14079,45.78691],[-82.14078,45.79431],[-82.14159,45.79221],[-82.14314,45.79061],[-82.14461,45.78968],[-82.14541,45.78972],[-82.14602,45.79026]]]}},{"type":"Feature","properties":{"OGF_ID":125489456,"OFFICIAL_NAME":"M'Chigeeng 22","OTHER_NAME":null,"INDIAN_RESERVE_LAND_TYPE":"Indian Reserve"},"geometry":{"type":"Polygon","coordinates":[[[-82.15153,45.78561],[-82.1518,45.78673],[-82.15925,45.78673],[-82.15604,45.78325],[-82.15426,45.78017],[-82.15455,45.77847],[-82.15654,45.7756],[-82.15452,45.77571],[-82.15347,45.77422],[-82.15277,45.77156],[-82.15365,45.76861],[-82.15262,45.76861],[-82.15188,45.77152],[-82.15153,45.78561]]]}},{"type":"Feature","properties":{"OGF_ID":125489459,"OFFICIAL_NAME":"M'Chigeeng 22","OTHER_NAME":null,"INDIAN_RESERVE_LAND_TYPE":"Indian Reserve"},"geometry":{"type":"Polygon","coordinates":[[[-82.19631,45.805],[-82.19691,45.80373],[-82.19712,45.80045],[-82.19842,45.79931],[-82.1968,45.80015],[-82.19306,45.80064],[-82.19306,45.805],[-82.19631,45.805]]]}},{"type":"Feature","properties":{"OGF_ID":125489466,"OFFICIAL_NAME":"M'Chigeeng 22","OTHER_NAME":null,"INDIAN_RESERVE_LAND_TYPE":"Indian Reserve"},"geometry":{"type":"Polygon","coordinates":[[[-82.1626,45.83093],[-82.163,45.83098],[-82.16314,45.83057],[-82.16246,45.83047],[-82.1626,45.83093]]]}},{"type":"Feature","properties":{"OGF_ID":125489438,"OFFICIAL_NAME":"M'Chigeeng 22","OTHER_NAME":null,"INDIAN_RESERVE_LAND_TYPE":"Indian Reserve"},"geometry":{"type":"Polygon","coordinates":[[[-82.18763,45.8052],[-82.16693,45.80529],[-82.16695,45.8233],[-82.19283,45.82329],[-82.19281,45.80518],[-82.18763,45.8052]]]}},{"type":"Feature","properties":{"OGF_ID":125489441,"OFFICIAL_NAME":"M'Chigeeng 22","OTHER_NAME":null,"INDIAN_RESERVE_LAND_TYPE":"Indian Reserve"},"geometry":{"type":"Polygon","coordinates":[[[-82.19837,45.84165],[-82.20129,45.84165],[-82.20502,45.841],[-82.20561,45.84165],[-82.20798,45.84165],[-82.20889,45.84159],[-82.21398,45.84163],[-82.21393,45.83256],[-82.2087,45.83256],[-82.20871,45.82347],[-82.19309,45.82347],[-82.19316,45.84165],[-82.19837,45.84165]]]}},{"type":"Feature","properties":{"OGF_ID":125489486,"OFFICIAL_NAME":"M'Chigeeng 22","OTHER_NAME":null,"INDIAN_RESERVE_LAND_TYPE":"Indian Reserve"},"geometry":{"type":"Polygon","coordinates":[[[-82.15978,45.82772],[-82.15946,45.82752],[-82.16085,45.82841],[-82.15978,45.82772]]]}},{"type":"Feature","properties":{"OGF_ID":125489447,"OFFICIAL_NAME":"M'Chigeeng 22","OTHER_NAME":null,"INDIAN_RESERVE_LAND_TYPE":"Indian Reserve"},"geometry":{"type":"Polygon","coordinates":[[[-82.19844,45.8509],[-82.21396,45.85087],[-82.21398,45.84191],[-82.20788,45.84195],[-82.20159,45.84409],[-82.19974,45.84436],[-82.19765,45.84418],[-82.19498,45.84243],[-82.19317,45.84201],[-82.19324,45.85086],[-82.19844,45.8509]]]}},{"type":"Feature","properties":{"OGF_ID":125489452,"OFFICIAL_NAME":"M'Chigeeng 22","OTHER_NAME":null,"INDIAN_RESERVE_LAND_TYPE":"Indian Reserve"},"geometry":{"type":"Polygon","coordinates":[[[-82.1474,45.77401],[-82.1449,45.77731],[-82.14689,45.78174],[-82.1464,45.78521],[-82.14693,45.78673],[-82.15138,45.78673],[-82.15113,45.77771],[-82.15189,45.7686],[-82.14689,45.76859],[-82.14667,45.76888],[-82.14787,45.77052],[-82.1474,45.77401]]]}},{"type":"Feature","properties":{"OGF_ID":67859974,"OFFICIAL_NAME":"Walpole Island 46","OTHER_NAME":"Bkejwanong Walpole Island First Nation","INDIAN_RESERVE_LAND_TYPE":"Indian Reserve"},"geometry":{"type":"MultiPolygon","coordinates":[[[[-82.5043,42.63732],[-82.50514,42.63709],[-82.5063,42.63526],[-82.50679,42.63529],[-82.50828,42.63252],[-82.5085,42.62873],[-82.50807,42.62875],[-82.50769,42.62665],[-82.50952,42.62145],[-82.51216,42.61851],[-82.51243,42.61884],[-82.51243,42.61801],[-82.51436,42.61558],[-82.51568,42.61586],[-82.51598,42.61536],[-82.51482,42.61493],[-82.51546,42.61421],[-82.51604,42.61482],[-82.5156,42.61406],[-82.51753,42.61107],[-82.51809,42.61123],[-82.5183,42.61082],[-82.51768,42.61064],[-82.52042,42.60578],[-82.52504,42.60332],[-82.5295,42.59878],[-82.53054,42.59825],[-82.53133,42.59875],[-82.53345,42.59787],[-82.53597,42.59642],[-82.53677,42.59512],[-82.5402,42.59406],[-82.54266,42.59196],[-82.54487,42.5908],[-82.54866,42.58714],[-82.54937,42.58692],[-82.54984,42.58623],[-82.54904,42.58637],[-82.54909,42.58549],[-82.55046,42.58585],[-82.54932,42.58532],[-82.55036,42.58469],[-82.55103,42.58293],[-82.55307,42.58185],[-82.55729,42.5778],[-82.55868,42.5771],[-82.55917,42.57721],[-82.55969,42.57629],[-82.56721,42.57135],[-82.56871,42.56996],[-82.57142,42.56698],[-82.57477,42.56217],[-82.57592,42.56294],[-82.5751,42.56369],[-82.57506,42.56448],[-82.57311,42.56551],[-82.57329,42.56618],[-82.57545,42.56582],[-82.577,42.56491],[-82.5772,42.56311],[-82.57804,42.56196],[-82.57752,42.56159],[-82.5776,42.56069],[-82.57704,42.56052],[-82.57703,42.55894],[-82.57761,42.55764],[-82.57721,42.5579],[-82.57725,42.55721],[-82.57784,42.55656],[-82.57848,42.55659],[-82.57869,42.55563],[-82.57919,42.55536],[-82.57981,42.55564],[-82.58009,42.55471],[-82.58061,42.55471],[-82.58144,42.55362],[-82.58705,42.55055],[-82.68078,42.51726],[-82.47648,42.42988],[-82.47617,42.46958],[-82.47581,42.47085],[-82.47212,42.47276],[-82.4676,42.47378],[-82.4643,42.47515],[-82.46187,42.47548],[-82.4597,42.47635],[-82.45028,42.48345],[-82.43654,42.48788],[-82.43482,42.48992],[-82.43511,42.49104],[-82.4406,42.49765],[-82.44121,42.49933],[-82.43995,42.50246],[-82.43663,42.50567],[-82.43634,42.50705],[-82.43787,42.51225],[-82.43757,42.51298],[-82.43676,42.51353],[-82.433,42.51449],[-82.4318,42.51589],[-82.4307,42.5183],[-82.42918,42.51922],[-82.42716,42.51879],[-82.42365,42.517],[-82.41676,42.5153],[-82.41586,42.51539],[-82.41512,42.51634],[-82.41351,42.52103],[-82.41089,42.52545],[-82.40363,42.52889],[-82.40244,42.52988],[-82.40253,42.53123],[-82.40625,42.53489],[-82.40675,42.5376],[-82.41937,42.54153],[-82.42005,42.54483],[-82.41924,42.55216],[-82.4131,42.55586],[-82.41212,42.55823],[-82.41241,42.56035],[-82.41664,42.55911],[-82.41866,42.55894],[-82.42006,42.55938],[-82.42112,42.56179],[-82.42158,42.56609],[-82.42021,42.57182],[-82.42033,42.57317],[-82.42075,42.57359],[-82.42165,42.57366],[-82.42719,42.57264],[-82.42921,42.57332],[-82.43088,42.57451],[-82.43218,42.5762],[-82.43407,42.58046],[-82.43615,42.58351],[-82.43872,42.58588],[-82.43974,42.58619],[-82.4422,42.58624],[-82.44524,42.58514],[-82.44622,42.58411],[-82.44704,42.58213],[-82.44823,42.5821],[-82.45213,42.58348],[-82.45424,42.58374],[-82.46398,42.58294],[-82.46536,42.58341],[-82.47128,42.58974],[-82.47823,42.59593],[-82.47954,42.59853],[-82.47955,42.60195],[-82.47588,42.61069],[-82.47951,42.61873],[-82.48189,42.62836],[-82.48288,42.63034],[-82.48445,42.63176],[-82.48738,42.63283],[-82.49952,42.63547],[-82.5043,42.63732]]],[[[-82.62935,42.55555],[-82.63219,42.55553],[-82.63859,42.55414],[-82.64047,42.55277],[-82.64437,42.55081],[-82.64524,42.55072],[-82.64642,42.54949],[-82.65063,42.54729],[-82.65178,42.54604],[-82.65522,42.54418],[-82.66543,42.53452],[-82.66757,42.53334],[-82.6817,42.51945],[-82.60651,42.54636],[-82.61333,42.54859],[-82.61617,42.55158],[-82.62096,42.55418],[-82.62436,42.55501],[-82.62935,42.55555]]],[[[-82.57311,42.56651],[-82.57031,42.56933],[-82.56878,42.57032],[-82.56999,42.56992],[-82.57327,42.56712],[-82.57311,42.56651]]],[[[-82.56846,42.57013],[-82.56831,42.57036],[-82.56856,42.57042],[-82.56862,42.57012],[-82.56846,42.57013]]],[[[-82.56821,42.5704],[-82.56816,42.5705],[-82.56836,42.57057],[-82.56831,42.57044],[-82.56821,42.5704]]]]}},{"type":"Feature","properties":{"OGF_ID":67860074,"OFFICIAL_NAME":"Moravian 47","OTHER_NAME":"Eelunaapeewi Lahkeewiit First Nation (Delaware Nation at Moraviantown)","INDIAN_RESERVE_LAND_TYPE":"Indian Reserve"},"geometry":{"type":"MultiPolygon","coordinates":[[[[-81.87847,42.5858],[-81.88473,42.59072],[-81.88517,42.58961],[-81.88119,42.58637],[-81.88227,42.58565],[-81.88586,42.58844],[-81.88578,42.58719],[-81.88784,42.58443],[-81.88987,42.58289],[-81.89184,42.58226],[-81.8945,42.58412],[-81.89516,42.58611],[-81.89707,42.58744],[-81.89856,42.58757],[-81.90175,42.58588],[-81.90519,42.58294],[-81.90631,42.58111],[-81.90653,42.5791],[-81.90605,42.5775],[-81.90511,42.57689],[-81.90331,42.57717],[-81.90264,42.57814],[-81.90073,42.57926],[-81.89808,42.5789],[-81.89737,42.57818],[-81.89717,42.57709],[-81.89251,42.5802],[-81.89225,42.57999],[-81.8927,42.57968],[-81.8924,42.57944],[-81.89195,42.57974],[-81.89053,42.5786],[-81.89708,42.57422],[-81.89774,42.57475],[-81.9,42.57482],[-81.90191,42.57391],[-81.90362,42.57164],[-81.90383,42.56839],[-81.90657,42.56579],[-81.8799,42.54415],[-81.85068,42.56375],[-81.87847,42.5858]]],[[[-81.86457,42.57516],[-81.86542,42.57765],[-81.86628,42.57868],[-81.86766,42.57752],[-81.86457,42.57516]]]]}},{"type":"Feature","properties":{"OGF_ID":67860184,"OFFICIAL_NAME":"Sarnia 45","OTHER_NAME":"Aamjiwnaang First Nation","INDIAN_RESERVE_LAND_TYPE":"Indian Reserve"},"geometry":{"type":"MultiPolygon","coordinates":[[[[-82.39693,42.92923],[-82.39693,42.92961],[-82.3997,42.92967],[-82.40136,42.92918],[-82.41253,42.92941],[-82.41273,42.91252],[-82.41061,42.9122],[-82.39712,42.91203],[-82.39693,42.92923]]],[[[-82.43836,42.92285],[-82.43581,42.92573],[-82.44776,42.93139],[-82.45246,42.92235],[-82.45468,42.9155],[-82.44827,42.91254],[-82.43818,42.91246],[-82.43697,42.91545],[-82.43695,42.91732],[-82.43624,42.9173],[-82.434,42.92282],[-82.43653,42.92402],[-82.43068,42.93102],[-82.43913,42.92138],[-82.44158,42.92164],[-82.44249,42.92207],[-82.43934,42.92173],[-82.43836,42.92285]]],[[[-82.37681,42.93212],[-82.39011,42.93244],[-82.39014,42.93022],[-82.39138,42.93025],[-82.39146,42.92798],[-82.37889,42.91341],[-82.37834,42.91183],[-82.37707,42.91181],[-82.37681,42.93212]]],[[[-82.37924,42.9133],[-82.39217,42.92798],[-82.39233,42.91198],[-82.37873,42.91183],[-82.37924,42.9133]]],[[[-82.41713,42.9174],[-82.41701,42.9295],[-82.42296,42.92953],[-82.42383,42.92911],[-82.42434,42.92816],[-82.42473,42.91703],[-82.41713,42.91686],[-82.41713,42.9174]]],[[[-82.39277,42.92799],[-82.39454,42.928],[-82.39452,42.93033],[-82.39667,42.93038],[-82.39687,42.91202],[-82.39293,42.91198],[-82.39277,42.92799]]],[[[-82.41539,42.91226],[-82.41371,42.91247],[-82.41364,42.92943],[-82.41676,42.9295],[-82.41693,42.91227],[-82.41539,42.91226]]],[[[-82.37676,42.93567],[-82.39665,42.93615],[-82.39663,42.93397],[-82.39609,42.93335],[-82.3768,42.93289],[-82.37676,42.93567]]],[[[-82.42478,42.92251],[-82.4334,42.92267],[-82.43557,42.91729],[-82.42497,42.91704],[-82.42478,42.92251]]],[[[-82.401,42.92933],[-82.39937,42.93028],[-82.3992,42.93265],[-82.41222,42.93292],[-82.41245,42.93255],[-82.41253,42.92955],[-82.401,42.92933]]],[[[-82.39919,42.93322],[-82.39915,42.93622],[-82.40599,42.93638],[-82.40806,42.93601],[-82.41189,42.93345],[-82.39919,42.93318],[-82.39919,42.93322]]],[[[-82.41274,42.93351],[-82.41145,42.9348],[-82.41241,42.93583],[-82.41381,42.93648],[-82.41669,42.9366],[-82.41672,42.93356],[-82.41274,42.93351]]],[[[-82.41363,42.93048],[-82.41305,42.93294],[-82.41673,42.93302],[-82.41676,42.92963],[-82.41365,42.92957],[-82.41363,42.93048]]],[[[-82.42459,42.92816],[-82.42422,42.92904],[-82.42328,42.92963],[-82.42688,42.92971],[-82.42832,42.92922],[-82.42461,42.92747],[-82.42459,42.92816]]],[[[-82.39688,42.93375],[-82.39896,42.93616],[-82.39901,42.93318],[-82.39688,42.93313],[-82.39688,42.93375]]],[[[-82.45474,42.91615],[-82.45242,42.92304],[-82.44817,42.93159],[-82.45294,42.92233],[-82.45491,42.91561],[-82.45474,42.91615]]],[[[-82.43304,42.93009],[-82.43232,42.93091],[-82.43311,42.93128],[-82.4344,42.92914],[-82.43362,42.92876],[-82.43304,42.93009]]],[[[-82.39687,42.93459],[-82.39685,42.93616],[-82.39856,42.93621],[-82.39687,42.93425],[-82.39687,42.93459]]],[[[-82.42897,42.93264],[-82.42784,42.93393],[-82.43058,42.93081],[-82.42897,42.93264]]]]}},{"type":"Feature","properties":{"OGF_ID":67860096,"OFFICIAL_NAME":"Oneida 41","OTHER_NAME":"Oneida Nation of the Thames","INDIAN_RESERVE_LAND_TYPE":"Indian Reserve"},"geometry":{"type":"MultiPolygon","coordinates":[[[[-81.38063,42.84215],[-81.38658,42.85511],[-81.39828,42.85214],[-81.39967,42.84999],[-81.40332,42.84799],[-81.40506,42.84611],[-81.40568,42.84446],[-81.40544,42.84256],[-81.40426,42.84074],[-81.4048,42.8384],[-81.40629,42.83648],[-81.40902,42.83499],[-81.41601,42.8332],[-81.41888,42.83294],[-81.42239,42.83363],[-81.42499,42.83548],[-81.42679,42.83614],[-81.43268,42.83714],[-81.43545,42.83691],[-81.43736,42.83638],[-81.43988,42.83467],[-81.44125,42.83259],[-81.4415,42.83112],[-81.44069,42.82911],[-81.43987,42.82826],[-81.43275,42.82534],[-81.43238,42.82428],[-81.4335,42.82045],[-81.40127,42.82036],[-81.39753,42.82009],[-81.39309,42.81911],[-81.3721,42.81219],[-81.36748,42.81332],[-81.37698,42.83421],[-81.39304,42.83009],[-81.39549,42.83546],[-81.37945,42.83955],[-81.38063,42.84215]]],[[[-81.39965,42.82005],[-81.43117,42.82005],[-81.43017,42.81973],[-81.43357,42.81973],[-81.4353,42.81624],[-81.4359,42.81298],[-81.43479,42.80998],[-81.43236,42.80842],[-81.42389,42.80942],[-81.42328,42.80915],[-81.42179,42.80632],[-81.42463,42.7989],[-81.42406,42.79675],[-81.42256,42.79482],[-81.42372,42.79403],[-81.42561,42.79377],[-81.42703,42.79471],[-81.42965,42.79543],[-81.43278,42.79529],[-81.43439,42.79441],[-81.43568,42.793],[-81.43606,42.79048],[-81.37298,42.80619],[-81.37539,42.81136],[-81.37256,42.81208],[-81.39347,42.81896],[-81.39965,42.82005]]]]}},{"type":"Feature","properties":{"OGF_ID":67860398,"OFFICIAL_NAME":"French River 13","OTHER_NAME":null,"INDIAN_RESERVE_LAND_TYPE":"Indian Reserve"},"geometry":{"type":"MultiPolygon","coordinates":[[[[-80.50342,46.03216],[-80.50511,46.03254],[-80.50585,46.03164],[-80.50628,46.03194],[-80.50694,46.0307],[-80.51056,46.03034],[-80.51275,46.0315],[-80.51453,46.03132],[-80.5149,46.03087],[-80.51537,46.03139],[-80.51589,46.03121],[-80.51654,46.03202],[-80.51972,46.03213],[-80.51979,46.03012],[-80.51702,46.02783],[-80.5172,46.02617],[-80.5166,46.02578],[-80.51517,46.02569],[-80.51398,46.02432],[-80.51616,46.02271],[-80.51631,46.02195],[-80.51622,46.02094],[-80.51511,46.02005],[-80.51505,46.01749],[-80.51588,46.01762],[-80.51641,46.01858],[-80.51717,46.01876],[-80.51665,46.01955],[-80.51803,46.02102],[-80.51857,46.02022],[-80.51962,46.02102],[-80.52142,46.0195],[-80.52369,46.01932],[-80.52444,46.02073],[-80.5218,46.02179],[-80.52141,46.0222],[-80.52181,46.02236],[-80.52341,46.02189],[-80.52578,46.02252],[-80.5288,46.02235],[-80.53277,46.02113],[-80.53225,46.02075],[-80.53387,46.01976],[-80.53393,46.01904],[-80.5335,46.01855],[-80.5299,46.01713],[-80.52894,46.01595],[-80.5295,46.01382],[-80.52911,46.01285],[-80.52685,46.01076],[-80.52689,46.00971],[-80.52439,46.00826],[-80.52493,46.00714],[-80.52754,46.00641],[-80.52931,46.00721],[-80.52996,46.00689],[-80.5297,46.00647],[-80.53317,46.00702],[-80.5339,46.00683],[-80.53416,46.00505],[-80.53293,46.00367],[-80.53239,46.00196],[-80.53318,46.00056],[-80.53402,46.00041],[-80.53485,46.00175],[-80.53677,46.00334],[-80.5385,46.004],[-80.53881,46.00447],[-80.53828,46.00451],[-80.5396,46.00596],[-80.54263,46.00548],[-80.54287,46.00508],[-80.54118,46.00331],[-80.54139,46.0022],[-80.5406,46.00149],[-80.53933,46.00152],[-80.53866,46.0008],[-80.53941,46.00009],[-80.53902,45.99945],[-80.5379,45.99965],[-80.53661,45.99771],[-80.53595,45.99741],[-80.53514,45.99543],[-80.53575,45.99552],[-80.53529,45.99463],[-80.532,45.99206],[-80.53038,45.9919],[-80.52757,45.99018],[-80.52384,45.99041],[-80.51995,45.99001],[-80.51835,45.99075],[-80.51702,45.99047],[-80.51623,45.99106],[-80.51339,45.99032],[-80.51166,45.99063],[-80.51031,45.98996],[-80.50881,45.99023],[-80.50776,45.98994],[-80.50347,45.99057],[-80.50096,45.98959],[-80.49852,45.98935],[-80.49536,45.98909],[-80.49135,45.98936],[-80.48816,45.98899],[-80.48778,45.98933],[-80.48692,45.98898],[-80.48377,45.98889],[-80.48185,45.99011],[-80.47929,45.99026],[-80.47968,45.99092],[-80.47875,45.99171],[-80.47793,45.99483],[-80.47861,45.99622],[-80.47965,45.99684],[-80.47932,45.99897],[-80.48017,45.99918],[-80.48129,45.9985],[-80.48101,45.99924],[-80.48183,46.00024],[-80.48157,46.00064],[-80.48266,46.00043],[-80.48304,45.99969],[-80.48351,45.99993],[-80.48419,46.00084],[-80.48327,46.00133],[-80.48479,46.00235],[-80.48493,46.00336],[-80.48565,46.00369],[-80.48622,46.00346],[-80.48651,46.00372],[-80.48987,46.00387],[-80.49007,46.00472],[-80.49071,46.00516],[-80.49163,46.00515],[-80.4923,46.0063],[-80.49351,46.00718],[-80.4996,46.01056],[-80.49936,46.01134],[-80.50171,46.01121],[-80.50285,46.01072],[-80.50389,46.01125],[-80.50501,46.01079],[-80.50611,46.01084],[-80.50768,46.0125],[-80.50999,46.01317],[-80.51143,46.01519],[-80.51058,46.01537],[-80.50988,46.01506],[-80.50948,46.01407],[-80.50798,46.01401],[-80.5031,46.01198],[-80.50091,46.0127],[-80.49889,46.01236],[-80.49508,46.01413],[-80.49313,46.01406],[-80.49184,46.01317],[-80.491,46.01313],[-80.48808,46.01443],[-80.48909,46.01741],[-80.48852,46.0182],[-80.48629,46.01845],[-80.48696,46.02222],[-80.48598,46.02467],[-80.48589,46.02793],[-80.48688,46.02729],[-80.48672,46.02862],[-80.4881,46.02866],[-80.48914,46.02814],[-80.48996,46.02889],[-80.4917,46.02861],[-80.49362,46.02932],[-80.49486,46.02844],[-80.49546,46.02877],[-80.49748,46.0275],[-80.49839,46.0274],[-80.50012,46.02872],[-80.50122,46.03023],[-80.50213,46.03044],[-80.50342,46.03216]]],[[[-80.56583,45.99635],[-80.56611,45.99669],[-80.56753,45.99205],[-80.56556,45.95481],[-80.52412,45.95608],[-80.52506,45.97141],[-80.53723,45.97561],[-80.54353,45.97906],[-80.54628,45.98289],[-80.5513,45.98729],[-80.55396,45.99378],[-80.55555,45.99417],[-80.55497,45.99318],[-80.55659,45.99445],[-80.55727,45.99452],[-80.5572,45.9942],[-80.55824,45.99461],[-80.55847,45.99381],[-80.55913,45.99444],[-80.56046,45.99471],[-80.55991,45.99404],[-80.56088,45.9946],[-80.56208,45.99472],[-80.56279,45.99555],[-80.56392,45.99493],[-80.56413,45.99518],[-80.56436,45.99471],[-80.56597,45.99483],[-80.56529,45.99623],[-80.56583,45.99635]],[[-80.55765,45.99221],[-80.55752,45.99251],[-80.55692,45.99163],[-80.55495,45.99075],[-80.55319,45.99128],[-80.55281,45.99042],[-80.55545,45.98998],[-80.55565,45.99068],[-80.55916,45.99139],[-80.55765,45.99221]]],[[[-80.52896,45.98668],[-80.52956,45.98654],[-80.53153,45.98019],[-80.53258,45.98035],[-80.5327,45.9807],[-80.53203,45.98401],[-80.5328,45.98419],[-80.5328,45.98075],[-80.53537,45.98131],[-80.53505,45.9836],[-80.5354,45.98488],[-80.53564,45.98126],[-80.53285,45.98039],[-80.53811,45.98117],[-80.53865,45.97738],[-80.53778,45.97629],[-80.5251,45.97213],[-80.5259,45.98491],[-80.52896,45.98668]]],[[[-80.55074,45.9899],[-80.55212,45.99023],[-80.55158,45.99147],[-80.55342,45.99344],[-80.55132,45.98807],[-80.55066,45.98704],[-80.54605,45.98315],[-80.54267,45.97897],[-80.53841,45.97653],[-80.53894,45.97777],[-80.53834,45.98121],[-80.54424,45.98209],[-80.54671,45.98476],[-80.54483,45.98903],[-80.54606,45.98882],[-80.54677,45.98916],[-80.54809,45.98883],[-80.5497,45.99021],[-80.55074,45.9899]]]]}},{"type":"Feature","properties":{"OGF_ID":67859964,"OFFICIAL_NAME":"Serpent River 7","OTHER_NAME":null,"INDIAN_RESERVE_LAND_TYPE":"Indian Reserve"},"geometry":{"type":"MultiPolygon","coordinates":[[[[-82.60202,46.20749],[-82.60349,46.2082],[-82.60745,46.20892],[-82.61099,46.20883],[-82.61363,46.20827],[-82.61465,46.20749],[-82.61679,46.20755],[-82.61941,46.20695],[-82.62026,46.20568],[-82.61958,46.20572],[-82.61978,46.20543],[-82.61867,46.20513],[-82.61833,46.20464],[-82.61733,46.20471],[-82.61714,46.20332],[-82.61778,46.20296],[-82.61955,46.20307],[-82.62369,46.2021],[-82.62417,46.20129],[-82.62511,46.20147],[-82.62643,46.20092],[-82.62551,46.20064],[-82.62589,46.20007],[-82.629,46.19958],[-82.63026,46.19986],[-82.63112,46.20057],[-82.63334,46.19964],[-82.6352,46.19959],[-82.63668,46.20026],[-82.63881,46.20039],[-82.6387,46.2011],[-82.63924,46.20139],[-82.64208,46.20211],[-82.64326,46.20072],[-82.64402,46.20052],[-82.64428,46.19933],[-82.64589,46.19845],[-82.64441,46.19659],[-82.64355,46.19638],[-82.6444,46.19643],[-82.64481,46.19666],[-82.6467,46.19648],[-82.64851,46.19717],[-82.6496,46.1969],[-82.6501,46.19577],[-82.65121,46.19559],[-82.65217,46.19618],[-82.65223,46.19774],[-82.6555,46.19815],[-82.65817,46.19711],[-82.65874,46.19646],[-82.65833,46.19537],[-82.65888,46.19506],[-82.66052,46.19502],[-82.66167,46.19571],[-82.66285,46.19572],[-82.6642,46.19518],[-82.66821,46.19474],[-82.66944,46.19406],[-82.6729,46.19315],[-82.67351,46.19345],[-82.6762,46.19307],[-82.67459,46.19235],[-82.67269,46.19222],[-82.67258,46.19136],[-82.67746,46.18929],[-82.67983,46.1888],[-82.68206,46.18764],[-82.68307,46.18803],[-82.68274,46.18763],[-82.685,46.18687],[-82.68495,46.18628],[-82.68389,46.18618],[-82.68183,46.18619],[-82.68087,46.18684],[-82.67924,46.18667],[-82.67772,46.18574],[-82.67815,46.18537],[-82.68241,46.18459],[-82.68222,46.18416],[-82.68053,46.18358],[-82.68387,46.18292],[-82.68474,46.18254],[-82.68448,46.18224],[-82.68492,46.18204],[-82.68299,46.18195],[-82.68192,46.18234],[-82.67956,46.18218],[-82.67492,46.18122],[-82.67454,46.18071],[-82.67661,46.18078],[-82.68189,46.17876],[-82.68249,46.17881],[-82.6817,46.17928],[-82.68217,46.17957],[-82.68292,46.179],[-82.68273,46.17867],[-82.68591,46.17893],[-82.68907,46.17827],[-82.68889,46.17726],[-82.68976,46.17732],[-82.69008,46.17694],[-82.68909,46.17705],[-82.68872,46.17652],[-82.68754,46.17628],[-82.68557,46.17628],[-82.68547,46.17553],[-82.6866,46.17586],[-82.6877,46.17497],[-82.68795,46.17525],[-82.68892,46.17464],[-82.69084,46.1753],[-82.69157,46.1747],[-82.69309,46.1743],[-82.69396,46.17468],[-82.69335,46.17561],[-82.69581,46.17496],[-82.6968,46.1745],[-82.69735,46.1732],[-82.70089,46.17185],[-82.69998,46.17169],[-82.70047,46.17145],[-82.70021,46.17122],[-82.70191,46.17043],[-82.70162,46.16974],[-82.70101,46.17019],[-82.70064,46.17001],[-82.70391,46.16858],[-82.70486,46.1673],[-82.70392,46.16709],[-82.70212,46.1676],[-82.69974,46.16921],[-82.6999,46.16958],[-82.69751,46.17028],[-82.69688,46.17108],[-82.69404,46.17193],[-82.69398,46.17249],[-82.69239,46.17288],[-82.69002,46.17224],[-82.68841,46.17345],[-82.6863,46.17371],[-82.68616,46.17431],[-82.68461,46.17327],[-82.68423,46.17346],[-82.68339,46.17315],[-82.68068,46.17381],[-82.67827,46.17349],[-82.67718,46.17254],[-82.67422,46.17246],[-82.67759,46.17228],[-82.67982,46.17032],[-82.67883,46.17006],[-82.68223,46.16866],[-82.68223,46.16791],[-82.68508,46.16789],[-82.68638,46.16735],[-82.68522,46.16634],[-82.68667,46.16643],[-82.68819,46.16544],[-82.68798,46.16481],[-82.6886,46.16504],[-82.69014,46.16477],[-82.6904,46.16422],[-82.68961,46.16389],[-82.69058,46.16333],[-82.69053,46.1626],[-82.6932,46.16124],[-82.69142,46.16038],[-82.68903,46.16029],[-82.6884,46.15952],[-82.68818,46.16023],[-82.6868,46.16008],[-82.68802,46.15916],[-82.68701,46.15878],[-82.68549,46.15947],[-82.68511,46.15895],[-82.68592,46.15829],[-82.68423,46.15853],[-82.6837,46.15776],[-82.68324,46.15791],[-82.68309,46.15953],[-82.68246,46.15957],[-82.68198,46.15927],[-82.68246,46.15876],[-82.68148,46.15852],[-82.68147,46.15817],[-82.68017,46.15791],[-82.67973,46.15858],[-82.68084,46.15838],[-82.68076,46.15901],[-82.67942,46.15902],[-82.67928,46.15858],[-82.67915,46.15905],[-82.67863,46.15872],[-82.67897,46.15803],[-82.67734,46.15777],[-82.67376,46.15892],[-82.67145,46.15908],[-82.67062,46.15835],[-82.67124,46.15822],[-82.67126,46.15746],[-82.67002,46.15723],[-82.66992,46.15808],[-82.66874,46.15847],[-82.66742,46.15813],[-82.66619,46.15945],[-82.66456,46.15965],[-82.66332,46.15884],[-82.66253,46.15915],[-82.66086,46.15878],[-82.66073,46.15839],[-82.65959,46.15874],[-82.65927,46.15821],[-82.6586,46.15825],[-82.65852,46.15893],[-82.65675,46.15932],[-82.65619,46.15879],[-82.65742,46.15834],[-82.65096,46.15865],[-82.65168,46.15759],[-82.64959,46.15786],[-82.64923,46.15754],[-82.6485,46.15785],[-82.64377,46.15773],[-82.6427,46.15849],[-82.64185,46.15762],[-82.64036,46.15844],[-82.63835,46.16075],[-82.63757,46.1609],[-82.63736,46.16045],[-82.63669,46.16042],[-82.63613,46.16078],[-82.63607,46.16156],[-82.63529,46.16147],[-82.63454,46.16231],[-82.63421,46.16165],[-82.63188,46.16266],[-82.63183,46.16338],[-82.63014,46.16377],[-82.62775,46.16568],[-82.62521,46.16472],[-82.62412,46.1652],[-82.62414,46.16496],[-82.6249,46.16439],[-82.62456,46.16378],[-82.62377,46.16398],[-82.62298,46.16344],[-82.62067,46.16402],[-82.61868,46.16566],[-82.6178,46.16583],[-82.61763,46.1668],[-82.61906,46.16703],[-82.61394,46.16938],[-82.61243,46.169],[-82.61064,46.16928],[-82.60756,46.16767],[-82.60687,46.16764],[-82.60479,46.16594],[-82.60483,46.16541],[-82.60256,46.16506],[-82.60212,46.16453],[-82.59909,46.16419],[-82.59651,46.16318],[-82.59624,46.16342],[-82.59729,46.16432],[-82.59763,46.16418],[-82.59822,46.1649],[-82.59998,46.16538],[-82.59953,46.16645],[-82.59555,46.16667],[-82.59248,46.16612],[-82.59124,46.16647],[-82.59256,46.16765],[-82.59495,46.16808],[-82.59486,46.16923],[-82.59438,46.16914],[-82.59373,46.16965],[-82.59093,46.16986],[-82.58966,46.16928],[-82.58901,46.16941],[-82.58876,46.16846],[-82.58693,46.16868],[-82.58115,46.17222],[-82.58014,46.17181],[-82.58071,46.1708],[-82.58315,46.16986],[-82.58368,46.16929],[-82.58142,46.16862],[-82.57951,46.16859],[-82.57957,46.16786],[-82.579,46.16842],[-82.57774,46.16858],[-82.57775,46.1681],[-82.57564,46.1672],[-82.57346,46.16808],[-82.57177,46.16774],[-82.57221,46.16728],[-82.57191,46.16685],[-82.57071,46.16872],[-82.57009,46.16887],[-82.56769,46.16778],[-82.56699,46.16787],[-82.56645,46.1673],[-82.56541,46.16718],[-82.56531,46.16681],[-82.56456,46.16686],[-82.56483,46.16746],[-82.56416,46.16766],[-82.5629,46.16732],[-82.56283,46.16677],[-82.56193,46.1671],[-82.55953,46.1669],[-82.55855,46.16758],[-82.5578,46.16749],[-82.55745,46.16706],[-82.55833,46.16604],[-82.55761,46.16584],[-82.55773,46.16551],[-82.5529,46.16607],[-82.55138,46.16696],[-82.5498,46.16687],[-82.54944,46.16746],[-82.55092,46.16804],[-82.54978,46.16854],[-82.54866,46.16789],[-82.54814,46.16812],[-82.54724,46.16902],[-82.54774,46.17019],[-82.54696,46.17029],[-82.54644,46.16929],[-82.54336,46.17014],[-82.54299,46.1698],[-82.5422,46.17123],[-82.54158,46.1711],[-82.5395,46.17182],[-82.53737,46.17185],[-82.53702,46.17121],[-82.5372,46.17077],[-82.53888,46.17048],[-82.5388,46.1699],[-82.53683,46.17005],[-82.53691,46.17048],[-82.53579,46.17061],[-82.53617,46.17138],[-82.53524,46.17178],[-82.53266,46.17062],[-82.53085,46.17064],[-82.52768,46.16929],[-82.52563,46.16914],[-82.52229,46.16971],[-82.52133,46.17078],[-82.52179,46.17198],[-82.52089,46.17273],[-82.52229,46.17309],[-82.524,46.17437],[-82.52356,46.17526],[-82.51958,46.17617],[-82.51694,46.17734],[-82.51619,46.17722],[-82.51627,46.17687],[-82.51531,46.17643],[-82.51459,46.17651],[-82.51326,46.17739],[-82.51337,46.17808],[-82.51265,46.17831],[-82.51256,46.17746],[-82.51176,46.17777],[-82.51202,46.17806],[-82.51154,46.17846],[-82.51031,46.17799],[-82.50932,46.17924],[-82.50975,46.18008],[-82.50861,46.18069],[-82.50709,46.18085],[-82.50642,46.18051],[-82.50241,46.18108],[-82.50032,46.18181],[-82.49803,46.18337],[-82.49612,46.18324],[-82.49518,46.18252],[-82.49491,46.18345],[-82.49572,46.18393],[-82.49557,46.18473],[-82.4946,46.18531],[-82.49289,46.18525],[-82.49164,46.18646],[-82.49101,46.18645],[-82.49036,46.18581],[-82.49013,46.18664],[-82.48884,46.1875],[-82.48775,46.18749],[-82.48607,46.18632],[-82.48513,46.18788],[-82.4851,46.18968],[-82.48274,46.192],[-82.48035,46.19272],[-82.47755,46.1928],[-82.47653,46.19225],[-82.4761,46.19148],[-82.47525,46.19147],[-82.474,46.19256],[-82.47407,46.19386],[-82.47263,46.19434],[-82.47086,46.19582],[-82.47063,46.19692],[-82.46985,46.19737],[-82.46853,46.19986],[-82.46739,46.20053],[-82.46598,46.20074],[-82.46363,46.20047],[-82.46159,46.19922],[-82.45916,46.19967],[-82.45708,46.19922],[-82.45465,46.20067],[-82.45142,46.20067],[-82.44884,46.19946],[-82.44734,46.19755],[-82.44718,46.19615],[-82.44771,46.19583],[-82.44867,46.19595],[-82.4493,46.19541],[-82.44983,46.19276],[-82.45133,46.19196],[-82.45137,46.19121],[-82.45253,46.19002],[-82.45417,46.19011],[-82.45406,46.19114],[-82.45481,46.19186],[-82.45644,46.19228],[-82.45793,46.1918],[-82.45771,46.19078],[-82.45849,46.18896],[-82.45815,46.18631],[-82.46005,46.18507],[-82.46127,46.18272],[-82.46043,46.18107],[-82.46052,46.17953],[-82.45927,46.18058],[-82.45893,46.17914],[-82.46,46.17849],[-82.46115,46.17833],[-82.46267,46.17731],[-82.46325,46.17595],[-82.46234,46.17498],[-82.46121,46.17488],[-82.46069,46.17717],[-82.45873,46.17907],[-82.45763,46.179],[-82.45748,46.17972],[-82.45699,46.17981],[-82.45759,46.17997],[-82.4595,46.18206],[-82.45845,46.18484],[-82.45707,46.18519],[-82.45622,46.18394],[-82.4542,46.18511],[-82.45384,46.18353],[-82.45534,46.18045],[-82.45412,46.17792],[-82.45502,46.17636],[-82.45496,46.1742],[-82.45385,46.17274],[-82.45109,46.1718],[-82.44906,46.17233],[-82.44814,46.17337],[-82.44791,46.17503],[-82.44852,46.17798],[-82.44677,46.17897],[-82.44566,46.17894],[-82.44468,46.17956],[-82.44342,46.18068],[-82.44253,46.18275],[-82.44129,46.18394],[-82.43903,46.18401],[-82.43818,46.18436],[-82.43705,46.18392],[-82.43543,46.18468],[-82.43447,46.18459],[-82.43441,46.18496],[-82.43277,46.18522],[-82.43134,46.18601],[-82.43045,46.18721],[-82.42894,46.18783],[-82.42562,46.18757],[-82.42589,46.1868],[-82.4246,46.1883],[-82.42356,46.18863],[-82.41931,46.18816],[-82.41769,46.18865],[-82.41521,46.18816],[-82.41437,46.18874],[-82.41071,46.18902],[-82.41098,46.20479],[-82.41165,46.20488],[-82.44375,46.20438],[-82.45635,46.20265],[-82.46121,46.20135],[-82.46332,46.20158],[-82.46688,46.20281],[-82.46897,46.20296],[-82.4758,46.20122],[-82.47928,46.20141],[-82.47939,46.20115],[-82.48446,46.20172],[-82.48696,46.20144],[-82.4871,46.20169],[-82.49355,46.20016],[-82.49718,46.20084],[-82.50162,46.20089],[-82.50691,46.20333],[-82.51334,46.20401],[-82.51695,46.20531],[-82.51944,46.20675],[-82.52106,46.20711],[-82.52581,46.20692],[-82.53004,46.20724],[-82.53977,46.20516],[-82.54683,46.20664],[-82.55772,46.20682],[-82.56254,46.20748],[-82.56267,46.20707],[-82.56794,46.20769],[-82.57171,46.20653],[-82.56976,46.20741],[-82.57379,46.20618],[-82.58023,46.2052],[-82.58172,46.20521],[-82.58319,46.20583],[-82.58612,46.20543],[-82.59193,46.20374],[-82.59991,46.20546],[-82.60093,46.20435],[-82.60105,46.20452],[-82.60097,46.20483],[-82.6003,46.20558],[-82.60159,46.20627],[-82.60202,46.20749]]],[[[-82.42101,46.21864],[-82.42363,46.2189],[-82.42659,46.2177],[-82.42886,46.21788],[-82.43043,46.21843],[-82.43061,46.21765],[-82.43291,46.21697],[-82.43494,46.21759],[-82.43622,46.21753],[-82.43736,46.21838],[-82.44004,46.2187],[-82.44016,46.21829],[-82.44085,46.21846],[-82.44218,46.21799],[-82.44322,46.21855],[-82.45088,46.21723],[-82.45553,46.21751],[-82.45896,46.21683],[-82.46025,46.21725],[-82.46187,46.21611],[-82.46402,46.21668],[-82.46652,46.21655],[-82.47134,46.21542],[-82.47275,46.21483],[-82.47225,46.21466],[-82.47269,46.21406],[-82.4784,46.21331],[-82.48088,46.2125],[-82.48331,46.21229],[-82.48356,46.21167],[-82.48484,46.21183],[-82.48671,46.21118],[-82.48904,46.21207],[-82.49108,46.21132],[-82.4913,46.21233],[-82.49302,46.21342],[-82.49494,46.21303],[-82.49758,46.21187],[-82.49984,46.21154],[-82.50093,46.21166],[-82.50088,46.21233],[-82.50161,46.21257],[-82.50423,46.21216],[-82.50511,46.21286],[-82.50852,46.21332],[-82.51064,46.21273],[-82.51092,46.21157],[-82.50144,46.2112],[-82.49182,46.20932],[-82.48488,46.20932],[-82.47156,46.20514],[-82.46243,46.20485],[-82.45559,46.20396],[-82.4521,46.20445],[-82.45205,46.20379],[-82.44328,46.20496],[-82.41099,46.20548],[-82.41111,46.21748],[-82.41406,46.21761],[-82.41598,46.21846],[-82.41793,46.21821],[-82.42101,46.21864]]],[[[-82.498,46.21004],[-82.50327,46.21082],[-82.51075,46.2109],[-82.51117,46.21057],[-82.51087,46.21007],[-82.51202,46.21013],[-82.5136,46.20906],[-82.51598,46.20966],[-82.51752,46.20953],[-82.51776,46.21005],[-82.51899,46.21042],[-82.52306,46.21002],[-82.52417,46.20962],[-82.52747,46.20988],[-82.53468,46.20896],[-82.53873,46.20912],[-82.54352,46.20794],[-82.54729,46.20755],[-82.55457,46.20793],[-82.55884,46.20875],[-82.56753,46.20836],[-82.55791,46.2071],[-82.54662,46.20689],[-82.53986,46.20543],[-82.53001,46.20751],[-82.52488,46.2072],[-82.52077,46.20736],[-82.51326,46.20428],[-82.50674,46.20358],[-82.50149,46.20114],[-82.49713,46.20111],[-82.49372,46.20044],[-82.49181,46.20063],[-82.48723,46.20195],[-82.48737,46.20221],[-82.4855,46.20251],[-82.47639,46.20145],[-82.4703,46.20305],[-82.4682,46.20324],[-82.4613,46.20162],[-82.4541,46.20325],[-82.46248,46.2043],[-82.47136,46.20454],[-82.48396,46.2086],[-82.48673,46.20892],[-82.49213,46.2088],[-82.498,46.21004]]],[[[-82.41098,46.2051],[-82.41099,46.20519],[-82.41186,46.20517],[-82.41098,46.20507],[-82.41098,46.2051]]]]}},{"type":"Feature","properties":{"OGF_ID":67860392,"OFFICIAL_NAME":"Henvey Inlet 2","OTHER_NAME":null,"INDIAN_RESERVE_LAND_TYPE":"Indian Reserve"},"geometry":{"type":"MultiPolygon","coordinates":[[[[-80.56633,45.89185],[-80.56783,45.89191],[-80.56961,45.8912],[-80.57058,45.89158],[-80.57206,45.8913],[-80.58535,45.89119],[-80.58983,45.89057],[-80.59058,45.89091],[-80.59568,45.89072],[-80.5965,45.89049],[-80.5964,45.89002],[-80.59818,45.89008],[-80.59975,45.88955],[-80.60186,45.88938],[-80.60395,45.88982],[-80.6067,45.88975],[-80.60556,45.89001],[-80.60537,45.89046],[-80.60717,45.89089],[-80.60939,45.89051],[-80.60862,45.88991],[-80.61208,45.88988],[-80.6155,45.88917],[-80.61656,45.88926],[-80.61763,45.88875],[-80.6233,45.88832],[-80.62494,45.88775],[-80.62692,45.88762],[-80.63519,45.88772],[-80.63876,45.88856],[-80.64324,45.88879],[-80.64711,45.88869],[-80.64891,45.88824],[-80.64915,45.88777],[-80.64957,45.88826],[-80.6533,45.888],[-80.65608,45.88866],[-80.66717,45.88971],[-80.67097,45.88911],[-80.67161,45.88859],[-80.67162,45.88703],[-80.67219,45.88887],[-80.67425,45.88896],[-80.67528,45.88823],[-80.67485,45.88707],[-80.67412,45.88633],[-80.67204,45.88578],[-80.67123,45.88482],[-80.67212,45.88498],[-80.67221,45.88539],[-80.67455,45.88535],[-80.67531,45.8857],[-80.67595,45.88532],[-80.67655,45.88563],[-80.67678,45.88528],[-80.67886,45.88505],[-80.68111,45.88607],[-80.68306,45.88565],[-80.68593,45.88561],[-80.68603,45.88612],[-80.6866,45.8852],[-80.68784,45.88509],[-80.68833,45.88621],[-80.68932,45.88611],[-80.6897,45.88564],[-80.69032,45.8861],[-80.69169,45.88612],[-80.69164,45.88514],[-80.6899,45.88394],[-80.69202,45.88388],[-80.6951,45.88504],[-80.69539,45.88561],[-80.6939,45.8733],[-80.73709,45.87333],[-80.73488,45.8695],[-80.7344,45.86945],[-80.73419,45.86766],[-80.73383,45.86782],[-80.73254,45.86596],[-80.7315,45.86539],[-80.73299,45.86568],[-80.73352,45.86504],[-80.73358,45.86307],[-80.73457,45.86128],[-80.73385,45.8619],[-80.73292,45.86172],[-80.73381,45.86163],[-80.73395,45.86098],[-80.7335,45.8608],[-80.7342,45.86074],[-80.73466,45.85922],[-80.73412,45.85884],[-80.73321,45.85978],[-80.73389,45.85998],[-80.73284,45.86029],[-80.73254,45.86116],[-80.73094,45.85894],[-80.7312,45.85858],[-80.73206,45.85913],[-80.73363,45.85915],[-80.734,45.85875],[-80.73339,45.85755],[-80.7339,45.85712],[-80.7335,45.85676],[-80.73299,45.85711],[-80.73306,45.85596],[-80.73256,45.856],[-80.73121,45.85485],[-80.73012,45.85528],[-80.73014,45.85584],[-80.72968,45.85526],[-80.72889,45.85534],[-80.7292,45.85512],[-80.72875,45.85464],[-80.72763,45.85523],[-80.7281,45.8546],[-80.72715,45.85541],[-80.72736,45.8561],[-80.72614,45.85654],[-80.72464,45.85792],[-80.72469,45.85856],[-80.72512,45.85841],[-80.72483,45.85878],[-80.72549,45.85864],[-80.72484,45.85961],[-80.72753,45.85802],[-80.72704,45.85698],[-80.72749,45.85669],[-80.72766,45.85723],[-80.72855,45.85703],[-80.72989,45.85879],[-80.72885,45.85869],[-80.72832,45.859],[-80.72796,45.85856],[-80.72764,45.859],[-80.72749,45.85833],[-80.72596,45.85954],[-80.72606,45.86005],[-80.72693,45.85923],[-80.72691,45.85977],[-80.72615,45.86037],[-80.72646,45.86089],[-80.72575,45.86086],[-80.72508,45.86147],[-80.72517,45.86035],[-80.7238,45.86114],[-80.7243,45.86015],[-80.72339,45.86099],[-80.72376,45.86169],[-80.72488,45.86148],[-80.7246,45.86186],[-80.72324,45.86201],[-80.7231,45.86079],[-80.72443,45.85901],[-80.72379,45.85853],[-80.72415,45.8572],[-80.72535,45.85593],[-80.72273,45.85834],[-80.72281,45.85938],[-80.72238,45.85952],[-80.72214,45.85917],[-80.72175,45.85946],[-80.72185,45.86175],[-80.72056,45.86204],[-80.72119,45.86092],[-80.72076,45.86088],[-80.72053,45.86149],[-80.72005,45.86178],[-80.72067,45.86108],[-80.71985,45.8613],[-80.71911,45.86241],[-80.71802,45.86272],[-80.72034,45.85998],[-80.7197,45.8596],[-80.7181,45.86006],[-80.71866,45.85966],[-80.71823,45.85957],[-80.71661,45.8609],[-80.71709,45.86084],[-80.71665,45.86114],[-80.71674,45.86214],[-80.71589,45.86207],[-80.7151,45.86284],[-80.71407,45.86233],[-80.71389,45.86269],[-80.71456,45.86279],[-80.71377,45.86293],[-80.71313,45.86263],[-80.71343,45.86185],[-80.71468,45.86204],[-80.71519,45.86155],[-80.71742,45.85907],[-80.71734,45.85815],[-80.71664,45.85814],[-80.71657,45.85781],[-80.7153,45.85846],[-80.7145,45.85964],[-80.71313,45.86022],[-80.71331,45.85948],[-80.7128,45.85932],[-80.71313,45.8588],[-80.71256,45.85929],[-80.71172,45.85875],[-80.71112,45.8591],[-80.71023,45.85902],[-80.71135,45.85786],[-80.70964,45.85875],[-80.70891,45.8587],[-80.70856,45.85844],[-80.70811,45.85884],[-80.70676,45.85822],[-80.70556,45.8585],[-80.70492,45.85782],[-80.70547,45.85692],[-80.70493,45.85617],[-80.70524,45.85603],[-80.70444,45.85553],[-80.70372,45.85597],[-80.70171,45.85538],[-80.70081,45.85294],[-80.70094,45.85212],[-80.70142,45.85252],[-80.70094,45.85258],[-80.70162,45.85264],[-80.70416,45.85501],[-80.70407,45.85558],[-80.70447,45.85539],[-80.70575,45.85598],[-80.70538,45.85606],[-80.70566,45.85643],[-80.70611,45.85536],[-80.70653,45.85578],[-80.70611,45.85646],[-80.70641,45.85695],[-80.70844,45.85731],[-80.70844,45.85809],[-80.70932,45.85822],[-80.70909,45.85862],[-80.70989,45.85819],[-80.71028,45.85838],[-80.71046,45.85807],[-80.70982,45.85789],[-80.70955,45.85729],[-80.71069,45.8573],[-80.71172,45.85657],[-80.71076,45.85395],[-80.7093,45.85485],[-80.71042,45.85541],[-80.71023,45.85569],[-80.70561,45.85311],[-80.70539,45.85354],[-80.7051,45.85292],[-80.7042,45.85253],[-80.70447,45.85311],[-80.70239,45.85188],[-80.70405,45.85165],[-80.70258,45.85134],[-80.70148,45.85157],[-80.70059,45.8503],[-80.70135,45.85072],[-80.7024,45.85035],[-80.70243,45.85117],[-80.70368,45.85151],[-80.70398,45.85113],[-80.70362,45.85063],[-80.7042,45.85062],[-80.7063,45.8529],[-80.70857,45.85374],[-80.70834,45.85394],[-80.70943,45.85469],[-80.71118,45.85227],[-80.71045,45.85263],[-80.71006,45.85228],[-80.71071,45.85126],[-80.71025,45.84923],[-80.70946,45.84889],[-80.7086,45.84972],[-80.70831,45.84922],[-80.70912,45.84868],[-80.70909,45.84821],[-80.70839,45.8489],[-80.70864,45.84836],[-80.70955,45.84758],[-80.70878,45.84813],[-80.70912,45.84744],[-80.70885,45.84723],[-80.70819,45.84762],[-80.7092,45.8469],[-80.70929,45.84744],[-80.70978,45.84709],[-80.70911,45.84652],[-80.70883,45.84666],[-80.70897,45.84634],[-80.70677,45.84698],[-80.70722,45.84624],[-80.70621,45.84605],[-80.70594,45.8468],[-80.70561,45.84639],[-80.70534,45.84684],[-80.70416,45.84639],[-80.70294,45.84671],[-80.70366,45.84578],[-80.7024,45.84662],[-80.7011,45.84667],[-80.70059,45.84621],[-80.7017,45.8453],[-80.7012,45.8455],[-80.69806,45.84499],[-80.69696,45.84572],[-80.69715,45.84598],[-80.69757,45.84574],[-80.69787,45.84652],[-80.69714,45.84615],[-80.6966,45.84546],[-80.69579,45.84536],[-80.69602,45.8462],[-80.69523,45.84637],[-80.69501,45.84695],[-80.69539,45.84711],[-80.69457,45.8472],[-80.69399,45.84634],[-80.69258,45.84578],[-80.69112,45.84664],[-80.6924,45.84565],[-80.6918,45.84496],[-80.68844,45.84331],[-80.68588,45.84249],[-80.68371,45.84224],[-80.68163,45.84132],[-80.68115,45.84218],[-80.68037,45.84196],[-80.68011,45.84265],[-80.67968,45.84293],[-80.67988,45.84241],[-80.67953,45.84246],[-80.67785,45.84368],[-80.67797,45.84397],[-80.67632,45.84437],[-80.67677,45.84372],[-80.67548,45.8439],[-80.67458,45.84478],[-80.67427,45.84461],[-80.67266,45.84537],[-80.67136,45.84696],[-80.67183,45.84614],[-80.67102,45.84645],[-80.66946,45.84815],[-80.67088,45.84977],[-80.66914,45.84847],[-80.66756,45.84836],[-80.66717,45.84973],[-80.66765,45.85016],[-80.66837,45.84991],[-80.66847,45.85038],[-80.67032,45.8507],[-80.67022,45.85107],[-80.66487,45.85082],[-80.66472,45.8502],[-80.66387,45.85047],[-80.66397,45.84988],[-80.66365,45.85049],[-80.66262,45.85093],[-80.66109,45.85059],[-80.6598,45.85092],[-80.65968,45.85137],[-80.6585,45.85101],[-80.6564,45.85131],[-80.65584,45.85158],[-80.65616,45.85237],[-80.65542,45.85299],[-80.65625,45.85404],[-80.6572,45.85396],[-80.65694,45.85548],[-80.65586,45.85556],[-80.6526,45.85305],[-80.65205,45.85379],[-80.65132,45.85376],[-80.65097,45.85453],[-80.65007,45.85444],[-80.64986,45.85503],[-80.64898,45.85509],[-80.6483,45.85463],[-80.64597,45.85506],[-80.64533,45.85549],[-80.64517,45.85644],[-80.64453,45.85627],[-80.64481,45.85721],[-80.64382,45.85681],[-80.64196,45.85691],[-80.64158,45.85799],[-80.64006,45.85848],[-80.6389,45.86027],[-80.63814,45.86007],[-80.63724,45.86167],[-80.63684,45.8614],[-80.63389,45.8617],[-80.62819,45.86518],[-80.62481,45.86603],[-80.62305,45.86697],[-80.62212,45.86703],[-80.62318,45.86631],[-80.62248,45.86569],[-80.62137,45.86513],[-80.61989,45.86505],[-80.61899,45.86542],[-80.61755,45.86414],[-80.61466,45.86354],[-80.61299,45.86373],[-80.60769,45.86322],[-80.60644,45.86364],[-80.60686,45.8639],[-80.60633,45.86408],[-80.60364,45.8635],[-80.6041,45.863],[-80.6037,45.86285],[-80.60251,45.86353],[-80.59992,45.86356],[-80.59152,45.86559],[-80.58676,45.86924],[-80.58666,45.87052],[-80.58417,45.87335],[-80.58332,45.87349],[-80.58445,45.87235],[-80.58369,45.87207],[-80.58289,45.87212],[-80.58232,45.87284],[-80.58146,45.87299],[-80.58329,45.87144],[-80.5839,45.87146],[-80.58424,45.87208],[-80.58547,45.87169],[-80.58609,45.86948],[-80.58839,45.86703],[-80.59164,45.86465],[-80.59294,45.86418],[-80.59648,45.86363],[-80.59977,45.86247],[-80.60287,45.86222],[-80.60567,45.86278],[-80.61282,45.8629],[-80.61499,45.86336],[-80.62264,45.86376],[-80.62579,45.86188],[-80.6269,45.8607],[-80.62854,45.86025],[-80.62877,45.8609],[-80.62977,45.8608],[-80.63023,45.86045],[-80.63017,45.85937],[-80.63204,45.85841],[-80.63327,45.85824],[-80.63324,45.85751],[-80.63493,45.8561],[-80.63706,45.85544],[-80.63961,45.85536],[-80.64212,45.85417],[-80.64502,45.85339],[-80.64551,45.85249],[-80.64528,45.85152],[-80.6458,45.8513],[-80.64587,45.85145],[-80.64539,45.85156],[-80.64573,45.85173],[-80.647,45.85173],[-80.64733,45.85143],[-80.64816,45.85185],[-80.64971,45.85134],[-80.64902,45.8502],[-80.65131,45.8469],[-80.65185,45.84697],[-80.65219,45.848],[-80.65312,45.84819],[-80.65364,45.84891],[-80.65663,45.84824],[-80.65728,45.84659],[-80.65666,45.84613],[-80.65721,45.84595],[-80.65874,45.84693],[-80.6598,45.84622],[-80.65997,45.84677],[-80.66083,45.84674],[-80.66218,45.8477],[-80.66304,45.84685],[-80.66396,45.8472],[-80.66354,45.84623],[-80.66435,45.84637],[-80.66442,45.8468],[-80.66556,45.84677],[-80.66588,45.84629],[-80.66616,45.84656],[-80.66659,45.84524],[-80.66695,45.84601],[-80.6675,45.84466],[-80.66777,45.84522],[-80.66827,45.84491],[-80.6682,45.84541],[-80.66884,45.84502],[-80.6691,45.84424],[-80.66956,45.84403],[-80.66948,45.84456],[-80.67095,45.84301],[-80.67058,45.84286],[-80.67146,45.84272],[-80.67349,45.84062],[-80.67356,45.84146],[-80.67387,45.84078],[-80.67512,45.841],[-80.67611,45.84044],[-80.67451,45.83997],[-80.67403,45.84063],[-80.67416,45.83985],[-80.67045,45.84022],[-80.67001,45.84076],[-80.66979,45.84042],[-80.66921,45.84055],[-80.66974,45.83984],[-80.66844,45.83968],[-80.6669,45.83885],[-80.6708,45.83889],[-80.6732,45.83712],[-80.67243,45.83777],[-80.67249,45.83839],[-80.67335,45.83822],[-80.67252,45.83919],[-80.67415,45.83917],[-80.67678,45.83738],[-80.67482,45.83442],[-80.67565,45.83415],[-80.67612,45.83464],[-80.67727,45.83368],[-80.67704,45.83339],[-80.67843,45.83344],[-80.67849,45.83282],[-80.67932,45.83228],[-80.68048,45.83373],[-80.68032,45.83436],[-80.68122,45.83474],[-80.68169,45.83425],[-80.68259,45.83453],[-80.68143,45.83499],[-80.68126,45.83608],[-80.6828,45.83584],[-80.68368,45.83492],[-80.68459,45.83514],[-80.68647,45.83484],[-80.68742,45.83604],[-80.68859,45.83629],[-80.68938,45.83717],[-80.69176,45.83812],[-80.69309,45.83826],[-80.69472,45.83768],[-80.69636,45.83861],[-80.6984,45.83883],[-80.7014,45.8398],[-80.70437,45.83964],[-80.70514,45.84007],[-80.70602,45.83986],[-80.7068,45.84045],[-80.71256,45.84021],[-80.71335,45.83903],[-80.71449,45.83864],[-80.71431,45.8375],[-80.71539,45.83759],[-80.71504,45.83685],[-80.71542,45.83736],[-80.71627,45.8374],[-80.71725,45.83669],[-80.71649,45.83769],[-80.71691,45.83804],[-80.71855,45.83729],[-80.72002,45.83721],[-80.72003,45.83696],[-80.71871,45.83677],[-80.71947,45.83678],[-80.71925,45.83632],[-80.72011,45.83682],[-80.72104,45.83651],[-80.72101,45.8361],[-80.72252,45.83678],[-80.72323,45.83669],[-80.72495,45.83515],[-80.72356,45.83443],[-80.72439,45.83399],[-80.7253,45.83425],[-80.72563,45.83285],[-80.72457,45.83285],[-80.72407,45.83232],[-80.72446,45.83192],[-80.724,45.83135],[-80.72426,45.83078],[-80.72063,45.82764],[-80.71934,45.8276],[-80.71813,45.8283],[-80.71864,45.82725],[-80.71803,45.82703],[-80.71896,45.82679],[-80.71903,45.82623],[-80.71876,45.82599],[-80.718,45.82643],[-80.71756,45.82562],[-80.71788,45.82494],[-80.71721,45.82477],[-80.71659,45.82554],[-80.71632,45.82429],[-80.71374,45.82127],[-80.71368,45.82051],[-80.71409,45.82117],[-80.71528,45.82087],[-80.71537,45.81973],[-80.7159,45.81931],[-80.71536,45.81835],[-80.71537,45.81889],[-80.7148,45.81818],[-80.71452,45.81838],[-80.71416,45.81723],[-80.71358,45.8172],[-80.71279,45.81788],[-80.71295,45.81831],[-80.71226,45.81892],[-80.71305,45.81971],[-80.71395,45.81963],[-80.71395,45.82046],[-80.71314,45.8204],[-80.71197,45.81946],[-80.71143,45.81965],[-80.71157,45.81912],[-80.71065,45.81856],[-80.70989,45.81926],[-80.70975,45.81875],[-80.70883,45.81886],[-80.70917,45.81847],[-80.70872,45.81843],[-80.70873,45.81805],[-80.7097,45.81798],[-80.70784,45.817],[-80.70713,45.81707],[-80.7071,45.81806],[-80.70635,45.81753],[-80.70648,45.81801],[-80.7058,45.8173],[-80.70503,45.81763],[-80.70495,45.81852],[-80.70404,45.81961],[-80.70384,45.81883],[-80.70217,45.81851],[-80.70269,45.81771],[-80.70195,45.81827],[-80.70176,45.81752],[-80.70067,45.81839],[-80.70079,45.81871],[-80.69994,45.81855],[-80.70039,45.81797],[-80.70008,45.81786],[-80.69824,45.81922],[-80.6998,45.81788],[-80.69918,45.81782],[-80.69919,45.81707],[-80.69822,45.81695],[-80.69705,45.81757],[-80.69698,45.8179],[-80.69803,45.8175],[-80.69728,45.81837],[-80.6978,45.81864],[-80.69739,45.8192],[-80.69676,45.81914],[-80.69684,45.81785],[-80.69664,45.81831],[-80.69513,45.81903],[-80.69516,45.82],[-80.69589,45.82016],[-80.69365,45.82017],[-80.69426,45.81922],[-80.69397,45.81833],[-80.69239,45.81902],[-80.69268,45.82053],[-80.69068,45.82065],[-80.69195,45.82013],[-80.69193,45.8188],[-80.69114,45.81721],[-80.69009,45.81637],[-80.68833,45.81647],[-80.688,45.81679],[-80.68878,45.81754],[-80.68868,45.81809],[-80.68728,45.81869],[-80.68688,45.81947],[-80.68764,45.81773],[-80.6871,45.81731],[-80.68653,45.81742],[-80.68654,45.81619],[-80.68528,45.81535],[-80.68691,45.81574],[-80.68927,45.81502],[-80.68753,45.81404],[-80.6862,45.81497],[-80.68686,45.81418],[-80.68664,45.81382],[-80.68602,45.81392],[-80.68801,45.81331],[-80.68787,45.8128],[-80.68674,45.81224],[-80.68187,45.81179],[-80.68208,45.81223],[-80.68111,45.81166],[-80.68134,45.81223],[-80.67963,45.81168],[-80.68143,45.81296],[-80.68102,45.81321],[-80.67911,45.81198],[-80.67854,45.81191],[-80.67849,45.81232],[-80.67782,45.81185],[-80.67692,45.81234],[-80.67662,45.81294],[-80.67706,45.81397],[-80.67847,45.81503],[-80.68227,45.81675],[-80.68184,45.81688],[-80.67593,45.81373],[-80.67504,45.81452],[-80.67351,45.81413],[-80.67062,45.81611],[-80.67315,45.81404],[-80.67226,45.81383],[-80.67271,45.81398],[-80.67106,45.81429],[-80.67053,45.81286],[-80.66846,45.81097],[-80.66609,45.81059],[-80.66532,45.81098],[-80.66278,45.81056],[-80.65866,45.8116],[-80.65696,45.81012],[-80.65467,45.81086],[-80.65103,45.81051],[-80.65199,45.81027],[-80.65456,45.8106],[-80.65875,45.80922],[-80.65902,45.80955],[-80.66001,45.8094],[-80.66138,45.80825],[-80.66149,45.80891],[-80.66222,45.80866],[-80.66223,45.80824],[-80.66371,45.80835],[-80.66475,45.80675],[-80.66754,45.80874],[-80.66788,45.80812],[-80.66874,45.80819],[-80.66885,45.80749],[-80.66952,45.80761],[-80.66963,45.80825],[-80.67157,45.80893],[-80.67243,45.80808],[-80.67163,45.80706],[-80.67232,45.80693],[-80.67185,45.80581],[-80.67254,45.80682],[-80.67307,45.80652],[-80.67354,45.80686],[-80.67314,45.80772],[-80.6744,45.80753],[-80.67545,45.80801],[-80.67732,45.80768],[-80.67775,45.80695],[-80.6783,45.80709],[-80.67841,45.80758],[-80.67897,45.80737],[-80.67915,45.80761],[-80.67937,45.80729],[-80.67783,45.80537],[-80.67881,45.80559],[-80.67853,45.80606],[-80.67949,45.80621],[-80.67997,45.80592],[-80.68014,45.80455],[-80.67776,45.80321],[-80.67864,45.80337],[-80.67854,45.80313],[-80.67942,45.80303],[-80.68004,45.8025],[-80.68004,45.80288],[-80.68114,45.80315],[-80.68125,45.80375],[-80.68159,45.80354],[-80.68219,45.8041],[-80.68344,45.80258],[-80.68318,45.80218],[-80.68232,45.80271],[-80.68255,45.80174],[-80.68131,45.80137],[-80.67924,45.80198],[-80.67975,45.79979],[-80.67948,45.79933],[-80.67869,45.7993],[-80.67953,45.79883],[-80.67867,45.7989],[-80.67892,45.79844],[-80.67821,45.79872],[-80.67641,45.80027],[-80.67635,45.8015],[-80.67588,45.79994],[-80.67345,45.8004],[-80.67334,45.80089],[-80.67475,45.80267],[-80.67704,45.80321],[-80.67629,45.80359],[-80.67708,45.80467],[-80.67681,45.80484],[-80.67521,45.80453],[-80.67555,45.80367],[-80.67462,45.8033],[-80.67296,45.80116],[-80.67129,45.80032],[-80.66819,45.80152],[-80.66787,45.80201],[-80.66835,45.80234],[-80.66784,45.80255],[-80.66843,45.8026],[-80.66769,45.80332],[-80.66731,45.80321],[-80.66712,45.80267],[-80.66635,45.80241],[-80.66757,45.80046],[-80.66775,45.8008],[-80.66833,45.8007],[-80.66796,45.7997],[-80.66832,45.79925],[-80.66755,45.79901],[-80.66806,45.79843],[-80.57786,45.83989],[-80.56042,45.84829],[-80.56983,45.87498],[-80.56959,45.87751],[-80.56514,45.88941],[-80.56563,45.89214],[-80.56633,45.89185]]],[[[-80.56485,45.89277],[-80.56517,45.89247],[-80.56454,45.89085],[-80.56459,45.88922],[-80.569,45.87747],[-80.56925,45.87508],[-80.5599,45.84854],[-80.55953,45.84872],[-80.56029,45.86392],[-80.56265,45.87238],[-80.56244,45.87398],[-80.56095,45.87567],[-80.56102,45.87754],[-80.55987,45.87792],[-80.55825,45.8793],[-80.5571,45.87928],[-80.55717,45.88018],[-80.5561,45.88188],[-80.55331,45.88298],[-80.54977,45.88374],[-80.54916,45.88461],[-80.54721,45.88497],[-80.54586,45.88567],[-80.54568,45.88534],[-80.54495,45.88573],[-80.54285,45.88538],[-80.53771,45.88797],[-80.53556,45.88813],[-80.5353,45.89008],[-80.53735,45.89284],[-80.5397,45.89362],[-80.53974,45.89323],[-80.54151,45.89267],[-80.54509,45.89247],[-80.55084,45.89282],[-80.5574,45.89167],[-80.56143,45.89202],[-80.5642,45.89297],[-80.56485,45.89277]]],[[[-80.56048,45.86744],[-80.56093,45.87528],[-80.56207,45.87389],[-80.56225,45.8724],[-80.56038,45.86565],[-80.56048,45.86744]]],[[[-80.53833,45.89405],[-80.53905,45.8938],[-80.53744,45.89326],[-80.53608,45.89213],[-80.53642,45.89299],[-80.53833,45.89405]]]]}},{"type":"Feature","properties":{"OGF_ID":67860019,"OFFICIAL_NAME":"Naiscoutaing 17A","OTHER_NAME":null,"INDIAN_RESERVE_LAND_TYPE":"Indian Reserve"},"geometry":{"type":"MultiPolygon","coordinates":[[[[-80.4969,45.65582],[-80.47189,45.66602],[-80.4787,45.66946],[-80.48363,45.67354],[-80.48322,45.67549],[-80.47725,45.67996],[-80.47662,45.68104],[-80.47788,45.68689],[-80.48219,45.69076],[-80.50604,45.68107],[-80.50602,45.65211],[-80.4969,45.65582]]],[[[-80.46793,45.68121],[-80.47539,45.69353],[-80.48196,45.69085],[-80.47763,45.68694],[-80.47636,45.68105],[-80.47702,45.67987],[-80.48302,45.67539],[-80.48339,45.6736],[-80.47853,45.66959],[-80.47166,45.66612],[-80.46474,45.66893],[-80.46485,45.67792],[-80.46793,45.68121]]],[[[-80.46494,45.68554],[-80.46549,45.69792],[-80.47505,45.69367],[-80.46815,45.68256],[-80.46779,45.68267],[-80.467,45.68144],[-80.46729,45.68122],[-80.46486,45.6784],[-80.46494,45.68554]]]]}},{"type":"Feature","properties":{"OGF_ID":67859990,"OFFICIAL_NAME":"Magnetawan 1","OTHER_NAME":null,"INDIAN_RESERVE_LAND_TYPE":"Indian Reserve"},"geometry":{"type":"MultiPolygon","coordinates":[[[[-80.4939,45.77522],[-80.49558,45.77523],[-80.49465,45.77463],[-80.49437,45.77377],[-80.49506,45.77247],[-80.49635,45.7714],[-80.49478,45.76395],[-80.47165,45.72717],[-80.3985,45.72658],[-80.39863,45.74257],[-80.39997,45.74233],[-80.40058,45.74276],[-80.40133,45.74261],[-80.40148,45.74214],[-80.40077,45.7419],[-80.40107,45.74155],[-80.40047,45.74091],[-80.40087,45.7392],[-80.4016,45.74018],[-80.4044,45.74084],[-80.4056,45.74235],[-80.40656,45.74271],[-80.40778,45.74256],[-80.4092,45.74399],[-80.41002,45.74393],[-80.41356,45.74501],[-80.41351,45.74544],[-80.41596,45.74628],[-80.42007,45.74713],[-80.42067,45.74698],[-80.42251,45.74775],[-80.4249,45.748],[-80.42534,45.74775],[-80.42666,45.74824],[-80.42687,45.74778],[-80.42942,45.74841],[-80.42963,45.7482],[-80.43086,45.74884],[-80.4363,45.75017],[-80.43782,45.75049],[-80.43862,45.75022],[-80.44291,45.75273],[-80.44651,45.75582],[-80.44947,45.75693],[-80.45233,45.7598],[-80.45495,45.76154],[-80.45826,45.76226],[-80.46359,45.76507],[-80.47101,45.76784],[-80.47866,45.7722],[-80.48251,45.77256],[-80.48451,45.77389],[-80.49135,45.77455],[-80.49241,45.77519],[-80.4939,45.77522]]],[[[-80.41339,45.77613],[-80.41625,45.78141],[-80.46923,45.76763],[-80.46665,45.76707],[-80.46427,45.76545],[-80.45369,45.76136],[-80.4424,45.75289],[-80.43803,45.75081],[-80.43222,45.74981],[-80.43071,45.7492],[-80.429,45.74926],[-80.42522,45.74848],[-80.42379,45.74851],[-80.41935,45.74741],[-80.41689,45.74726],[-80.41666,45.7469],[-80.41307,45.74584],[-80.41278,45.7464],[-80.41185,45.74653],[-80.40912,45.74603],[-80.40753,45.74611],[-80.40707,45.74594],[-80.40914,45.74577],[-80.40885,45.74512],[-80.40599,45.74425],[-80.40559,45.74456],[-80.40605,45.74474],[-80.4058,45.74537],[-80.40513,45.74437],[-80.40313,45.7445],[-80.40075,45.74352],[-80.39986,45.74406],[-80.39933,45.74368],[-80.39637,45.74416],[-80.39598,45.74428],[-80.41339,45.77613]]],[[[-80.47467,45.73098],[-80.49489,45.76296],[-80.49598,45.76553],[-80.49683,45.77064],[-80.49736,45.77079],[-80.50178,45.76801],[-80.50506,45.7644],[-80.5104,45.76135],[-80.50068,45.73898],[-80.49389,45.72734],[-80.4723,45.72718],[-80.47467,45.73098]]],[[[-80.51422,45.75511],[-80.51382,45.75705],[-80.51844,45.75491],[-80.52235,45.75496],[-80.52241,45.72753],[-80.49899,45.72738],[-80.50552,45.73062],[-80.51072,45.73805],[-80.51119,45.73938],[-80.5118,45.74889],[-80.51422,45.75511]]],[[[-80.51084,45.75969],[-80.51307,45.75786],[-80.514,45.75548],[-80.51141,45.74825],[-80.51094,45.7394],[-80.51048,45.73812],[-80.505,45.7305],[-80.49852,45.72738],[-80.49431,45.72734],[-80.5016,45.73992],[-80.5097,45.75813],[-80.51011,45.75804],[-80.51084,45.75969]]],[[[-80.52134,45.77052],[-80.52288,45.7706],[-80.52225,45.76606],[-80.52235,45.75523],[-80.51921,45.75507],[-80.51381,45.75742],[-80.51259,45.76001],[-80.51142,45.76102],[-80.51325,45.76549],[-80.5185,45.76998],[-80.51939,45.7701],[-80.51941,45.76904],[-80.51956,45.76994],[-80.51939,45.77044],[-80.52134,45.77052]]],[[[-80.49755,45.77444],[-80.5009,45.77381],[-80.50198,45.77247],[-80.50581,45.77226],[-80.51336,45.77087],[-80.51492,45.77102],[-80.51048,45.76154],[-80.50524,45.76452],[-80.50197,45.76813],[-80.49702,45.77124],[-80.49755,45.77444]]],[[[-80.51197,45.76335],[-80.5153,45.77097],[-80.5174,45.77063],[-80.51842,45.77003],[-80.51316,45.76552],[-80.5127,45.76385],[-80.51197,45.76335]]],[[[-80.4949,45.77458],[-80.49611,45.77525],[-80.49638,45.77464],[-80.49682,45.77467],[-80.49634,45.77196],[-80.49466,45.77376],[-80.4949,45.77458]]],[[[-80.51306,45.75837],[-80.51111,45.75992],[-80.51133,45.76083],[-80.51237,45.75992],[-80.51306,45.75837]]],[[[-80.49625,45.77173],[-80.49539,45.77247],[-80.49482,45.77333],[-80.4963,45.7717],[-80.49625,45.77173]]]]}},{"type":"Feature","properties":{"OGF_ID":67859958,"OFFICIAL_NAME":"Whitefish River 4","OTHER_NAME":null,"INDIAN_RESERVE_LAND_TYPE":"Indian Reserve"},"geometry":{"type":"MultiPolygon","coordinates":[[[[-81.71099,46.12585],[-81.71164,46.12499],[-81.71086,46.12438],[-81.71002,46.12445],[-81.71095,46.12407],[-81.71097,46.12356],[-81.71202,46.12339],[-81.71427,46.12412],[-81.71673,46.12307],[-81.71805,46.12124],[-81.71996,46.12098],[-81.7209,46.11952],[-81.72379,46.11972],[-81.72517,46.11913],[-81.71878,46.11911],[-81.71876,46.10861],[-81.68884,46.10915],[-81.68885,46.09232],[-81.71472,46.09232],[-81.71469,46.08971],[-81.7152,46.08816],[-81.71991,46.08072],[-81.72209,46.07912],[-81.7429,46.07348],[-81.75604,46.07232],[-81.76369,46.06941],[-81.7719,46.06825],[-81.77317,46.06759],[-81.77346,46.06633],[-81.77068,46.06248],[-81.77005,46.05942],[-81.77058,46.05742],[-81.77461,46.04918],[-81.77529,46.03965],[-81.77463,46.03788],[-81.76958,46.03125],[-81.76907,46.02929],[-81.77003,46.01878],[-81.77206,46.01683],[-81.77578,46.01573],[-81.77526,46.0155],[-81.77564,46.01469],[-81.77504,46.01472],[-81.77518,46.01425],[-81.77375,46.01399],[-81.77443,46.01354],[-81.77376,46.01323],[-81.77354,46.01363],[-81.77311,46.0135],[-81.77328,46.01267],[-81.76973,46.01107],[-81.77033,46.01027],[-81.77111,46.01063],[-81.77221,46.00965],[-81.77202,46.0091],[-81.7747,46.00981],[-81.77473,46.01067],[-81.7755,46.01134],[-81.77728,46.01144],[-81.77803,46.0107],[-81.77958,46.01061],[-81.77998,46.0092],[-81.77967,46.00755],[-81.77886,46.00662],[-81.77913,46.00597],[-81.77744,46.00404],[-81.77649,46.00397],[-81.77418,46.00512],[-81.77346,46.0049],[-81.77321,46.00393],[-81.77497,46.00407],[-81.77546,46.00364],[-81.77547,46.0032],[-81.77422,46.00226],[-81.77291,46.00253],[-81.77227,46.00215],[-81.7696,46.00261],[-81.76524,46.00198],[-81.76417,46.00211],[-81.76017,46.00578],[-81.76023,46.00659],[-81.7624,46.00826],[-81.76567,46.00959],[-81.76998,46.00961],[-81.76935,46.01031],[-81.7672,46.01095],[-81.76596,46.01079],[-81.7659,46.01005],[-81.76538,46.01007],[-81.76424,46.00919],[-81.76219,46.00858],[-81.76156,46.00851],[-81.76098,46.00892],[-81.75874,46.0084],[-81.75821,46.0078],[-81.75753,46.00785],[-81.75733,46.00731],[-81.75674,46.00729],[-81.75435,46.00909],[-81.75279,46.01208],[-81.75076,46.01341],[-81.74994,46.01576],[-81.74866,46.01572],[-81.74889,46.0153],[-81.74971,46.01551],[-81.74913,46.01485],[-81.74812,46.01474],[-81.74801,46.0152],[-81.74735,46.01537],[-81.74813,46.01568],[-81.74844,46.01658],[-81.74709,46.01719],[-81.74719,46.01824],[-81.746,46.0184],[-81.74463,46.02059],[-81.74414,46.02054],[-81.74456,46.02083],[-81.74401,46.0221],[-81.74715,46.02382],[-81.74656,46.02477],[-81.74737,46.02548],[-81.74943,46.02524],[-81.75114,46.02555],[-81.75162,46.02474],[-81.75237,46.02488],[-81.75268,46.02538],[-81.75181,46.02579],[-81.75244,46.02662],[-81.75214,46.02701],[-81.75125,46.02706],[-81.75067,46.02918],[-81.75248,46.02935],[-81.75419,46.02848],[-81.75473,46.02922],[-81.75541,46.02897],[-81.75569,46.02964],[-81.75319,46.03112],[-81.75127,46.02962],[-81.74997,46.02956],[-81.74777,46.03091],[-81.74644,46.03117],[-81.74424,46.03265],[-81.74182,46.03299],[-81.73681,46.03543],[-81.7354,46.03728],[-81.73382,46.04237],[-81.73156,46.04631],[-81.73172,46.04825],[-81.73105,46.04929],[-81.733,46.05049],[-81.73375,46.05164],[-81.73523,46.05267],[-81.73612,46.05265],[-81.73789,46.0538],[-81.73959,46.05408],[-81.74149,46.05527],[-81.74405,46.05589],[-81.74652,46.05545],[-81.7482,46.05601],[-81.74844,46.05653],[-81.74804,46.05674],[-81.74691,46.05617],[-81.7451,46.05639],[-81.74525,46.05686],[-81.74584,46.0567],[-81.74725,46.05717],[-81.74645,46.05761],[-81.74685,46.05784],[-81.74656,46.05817],[-81.74866,46.05813],[-81.74747,46.05829],[-81.74774,46.05852],[-81.74728,46.05883],[-81.75075,46.05904],[-81.751,46.05885],[-81.75021,46.05838],[-81.7506,46.05826],[-81.75172,46.05857],[-81.75253,46.05946],[-81.75292,46.059],[-81.75269,46.05813],[-81.75364,46.05851],[-81.75511,46.06028],[-81.75567,46.0624],[-81.75532,46.06264],[-81.75627,46.06404],[-81.756,46.06483],[-81.76151,46.06507],[-81.76339,46.0644],[-81.76593,46.0651],[-81.76778,46.06389],[-81.77088,46.06576],[-81.77086,46.06618],[-81.7676,46.06725],[-81.7622,46.06754],[-81.76006,46.06698],[-81.75927,46.06735],[-81.75712,46.06729],[-81.75528,46.06679],[-81.75561,46.06634],[-81.75707,46.06626],[-81.75718,46.06594],[-81.74958,46.06529],[-81.74932,46.06504],[-81.74987,46.06469],[-81.74814,46.06432],[-81.74731,46.06368],[-81.74609,46.06354],[-81.74553,46.06392],[-81.74194,46.06415],[-81.74289,46.06431],[-81.74167,46.06456],[-81.7416,46.06488],[-81.74003,46.06502],[-81.74466,46.06573],[-81.74924,46.06587],[-81.75006,46.06622],[-81.74964,46.06663],[-81.74777,46.06699],[-81.74434,46.06723],[-81.74414,46.06784],[-81.74607,46.0684],[-81.74591,46.06895],[-81.74516,46.069],[-81.74556,46.06951],[-81.74524,46.0697],[-81.74367,46.06817],[-81.74056,46.06781],[-81.74146,46.06854],[-81.7411,46.06933],[-81.74043,46.06921],[-81.74086,46.06876],[-81.73972,46.06838],[-81.73965,46.06795],[-81.7389,46.06835],[-81.73802,46.06726],[-81.73913,46.06684],[-81.73946,46.06491],[-81.73815,46.06462],[-81.73703,46.06207],[-81.73436,46.06242],[-81.73302,46.0613],[-81.73153,46.06125],[-81.72469,46.06325],[-81.71951,46.0635],[-81.71336,46.06273],[-81.71219,46.06131],[-81.70923,46.06166],[-81.70927,46.06196],[-81.7104,46.06213],[-81.71004,46.06256],[-81.70544,46.06272],[-81.7044,46.0624],[-81.7034,46.06279],[-81.70044,46.06203],[-81.69825,46.06259],[-81.69776,46.06225],[-81.69827,46.06177],[-81.69734,46.06124],[-81.69654,46.06195],[-81.69711,46.06242],[-81.69617,46.06275],[-81.68889,46.06347],[-81.68642,46.06279],[-81.68417,46.06336],[-81.68296,46.06276],[-81.68301,46.062],[-81.68433,46.06199],[-81.68522,46.06152],[-81.68165,46.06107],[-81.67618,46.0617],[-81.6761,46.06209],[-81.67698,46.06198],[-81.67846,46.0626],[-81.67796,46.06314],[-81.67897,46.06423],[-81.67859,46.06475],[-81.67897,46.06501],[-81.67776,46.06592],[-81.6763,46.06578],[-81.67459,46.06681],[-81.67308,46.06565],[-81.67198,46.06548],[-81.66831,46.06557],[-81.66629,46.06645],[-81.66478,46.06623],[-81.66405,46.06663],[-81.6622,46.06645],[-81.66165,46.06606],[-81.65977,46.0664],[-81.659,46.06566],[-81.65796,46.06562],[-81.65702,46.06571],[-81.657,46.06655],[-81.65654,46.06662],[-81.65678,46.06722],[-81.65614,46.06747],[-81.65108,46.06843],[-81.64695,46.06814],[-81.64675,46.06734],[-81.6459,46.06715],[-81.64767,46.06679],[-81.64811,46.06632],[-81.64875,46.06642],[-81.64897,46.06603],[-81.64951,46.06603],[-81.64973,46.06708],[-81.65092,46.06733],[-81.65272,46.06729],[-81.65298,46.06671],[-81.65448,46.06638],[-81.65409,46.06534],[-81.65179,46.06488],[-81.65191,46.06434],[-81.65097,46.06368],[-81.64934,46.06358],[-81.6472,46.064],[-81.64762,46.06463],[-81.64597,46.06505],[-81.64572,46.0656],[-81.64472,46.06563],[-81.6438,46.0662],[-81.642,46.0663],[-81.64194,46.06738],[-81.64266,46.06721],[-81.64301,46.06751],[-81.64183,46.0678],[-81.641,46.06901],[-81.64115,46.06958],[-81.64618,46.0712],[-81.64997,46.07175],[-81.65554,46.07151],[-81.658,46.07219],[-81.65853,46.07299],[-81.66135,46.07337],[-81.66444,46.07275],[-81.66778,46.07349],[-81.67079,46.07189],[-81.67235,46.07266],[-81.67513,46.07306],[-81.67811,46.07519],[-81.67779,46.07683],[-81.67593,46.07675],[-81.67373,46.07527],[-81.67051,46.07433],[-81.6662,46.07507],[-81.66555,46.07537],[-81.6656,46.07631],[-81.66459,46.07701],[-81.66462,46.0784],[-81.66387,46.07913],[-81.6614,46.07886],[-81.65683,46.07941],[-81.65741,46.08037],[-81.65582,46.08006],[-81.6555,46.07931],[-81.65364,46.07935],[-81.65278,46.08017],[-81.65278,46.08083],[-81.65345,46.08114],[-81.65289,46.08098],[-81.65294,46.08135],[-81.65453,46.08158],[-81.65553,46.08273],[-81.65603,46.0828],[-81.6568,46.08225],[-81.65749,46.0827],[-81.65811,46.08249],[-81.66073,46.08319],[-81.65882,46.08365],[-81.65879,46.08484],[-81.65813,46.08479],[-81.65599,46.08677],[-81.6565,46.08722],[-81.65615,46.08975],[-81.65873,46.08904],[-81.65905,46.08841],[-81.65948,46.08868],[-81.6592,46.0891],[-81.66077,46.08885],[-81.66116,46.08901],[-81.66017,46.08919],[-81.66327,46.0896],[-81.66344,46.08936],[-81.66678,46.0902],[-81.6658,46.09086],[-81.66603,46.09116],[-81.66545,46.09168],[-81.66925,46.08979],[-81.67195,46.08953],[-81.67124,46.09012],[-81.67155,46.0911],[-81.67047,46.09133],[-81.67015,46.09193],[-81.67217,46.09212],[-81.67197,46.09248],[-81.67018,46.09291],[-81.66963,46.09343],[-81.66909,46.09328],[-81.66845,46.0939],[-81.66856,46.09301],[-81.66737,46.09317],[-81.6662,46.09392],[-81.66648,46.09463],[-81.6674,46.09419],[-81.66797,46.0943],[-81.66744,46.09461],[-81.66764,46.09489],[-81.6684,46.09479],[-81.66859,46.09571],[-81.67001,46.09526],[-81.66988,46.096],[-81.67059,46.09683],[-81.66814,46.09606],[-81.66743,46.09614],[-81.66675,46.09744],[-81.66593,46.09769],[-81.6663,46.09864],[-81.66563,46.09804],[-81.66491,46.09808],[-81.66372,46.0994],[-81.66354,46.09854],[-81.66244,46.09815],[-81.66207,46.09896],[-81.66258,46.1],[-81.66138,46.0997],[-81.66155,46.09935],[-81.66062,46.09859],[-81.66069,46.09766],[-81.66016,46.09773],[-81.65983,46.09682],[-81.65954,46.09714],[-81.6572,46.09713],[-81.65594,46.09887],[-81.65524,46.10088],[-81.6561,46.10132],[-81.65592,46.10255],[-81.65658,46.10288],[-81.65734,46.10254],[-81.65861,46.10294],[-81.65812,46.10398],[-81.65919,46.10497],[-81.65947,46.10438],[-81.66101,46.10446],[-81.66123,46.10499],[-81.66303,46.10506],[-81.66298,46.10539],[-81.66374,46.10568],[-81.66406,46.10501],[-81.66485,46.10508],[-81.66494,46.10475],[-81.66344,46.10446],[-81.66302,46.10338],[-81.66167,46.10306],[-81.6608,46.10385],[-81.65911,46.10317],[-81.6592,46.10291],[-81.66173,46.10291],[-81.66335,46.10226],[-81.6639,46.10323],[-81.66363,46.10388],[-81.66421,46.10335],[-81.6654,46.10344],[-81.66569,46.10404],[-81.66718,46.10399],[-81.66662,46.1048],[-81.66846,46.1048],[-81.66938,46.1056],[-81.66841,46.10617],[-81.66706,46.10606],[-81.66649,46.10506],[-81.66621,46.10533],[-81.66716,46.10759],[-81.66268,46.10739],[-81.66124,46.10813],[-81.6615,46.10859],[-81.66324,46.10871],[-81.66351,46.11014],[-81.66587,46.10907],[-81.66852,46.10966],[-81.67373,46.10955],[-81.67323,46.10981],[-81.6727,46.12977],[-81.67446,46.13015],[-81.67856,46.12993],[-81.68065,46.12946],[-81.68131,46.12883],[-81.68143,46.12947],[-81.68222,46.12987],[-81.68293,46.12978],[-81.68476,46.12922],[-81.68445,46.12884],[-81.68504,46.12858],[-81.68578,46.12725],[-81.68607,46.12735],[-81.68581,46.12796],[-81.68645,46.12854],[-81.68926,46.12912],[-81.68976,46.1288],[-81.68911,46.12821],[-81.69068,46.12732],[-81.69168,46.12718],[-81.69231,46.12726],[-81.69179,46.12891],[-81.69281,46.12872],[-81.69408,46.12911],[-81.69867,46.12877],[-81.69962,46.12932],[-81.70169,46.12947],[-81.70716,46.12862],[-81.71082,46.12661],[-81.7102,46.12599],[-81.71099,46.12585]]],[[[-81.71538,46.09232],[-81.7208,46.09232],[-81.72695,46.09063],[-81.72726,46.08935],[-81.72458,46.08533],[-81.72671,46.08088],[-81.7278,46.08005],[-81.73457,46.0796],[-81.74621,46.08091],[-81.75048,46.08224],[-81.75376,46.08215],[-81.75683,46.08252],[-81.75905,46.0823],[-81.7602,46.08144],[-81.75988,46.0803],[-81.75567,46.07928],[-81.75452,46.07818],[-81.75474,46.07701],[-81.75665,46.07534],[-81.76034,46.07458],[-81.76639,46.07478],[-81.76832,46.07414],[-81.77211,46.07186],[-81.77717,46.07186],[-81.77849,46.07093],[-81.77915,46.06805],[-81.78017,46.067],[-81.78451,46.06561],[-81.79034,46.06466],[-81.79152,46.06406],[-81.79253,46.06209],[-81.79227,46.0611],[-81.79015,46.05974],[-81.78782,46.05646],[-81.78264,46.05125],[-81.78214,46.05147],[-81.7785,46.04851],[-81.77903,46.04834],[-81.77808,46.04463],[-81.77825,46.03993],[-81.77696,46.0374],[-81.7759,46.0365],[-81.77326,46.03521],[-81.77529,46.03789],[-81.77585,46.03943],[-81.77536,46.0483],[-81.77485,46.05022],[-81.77153,46.05683],[-81.771,46.05911],[-81.77157,46.06248],[-81.77406,46.06631],[-81.77371,46.06789],[-81.77189,46.06867],[-81.76393,46.06978],[-81.75613,46.07273],[-81.74304,46.07389],[-81.7224,46.07947],[-81.72042,46.08094],[-81.71573,46.08836],[-81.71526,46.08985],[-81.71538,46.09232]]],[[[-81.72646,46.09128],[-81.72291,46.09233],[-81.72819,46.09127],[-81.73173,46.09115],[-81.73084,46.09009],[-81.72762,46.08883],[-81.7272,46.08771],[-81.72534,46.08597],[-81.72579,46.08428],[-81.72753,46.08382],[-81.72836,46.08321],[-81.72782,46.08401],[-81.72664,46.08449],[-81.72785,46.08572],[-81.7302,46.08608],[-81.73065,46.08683],[-81.73343,46.08659],[-81.73367,46.08693],[-81.73477,46.08703],[-81.73594,46.08607],[-81.73572,46.0858],[-81.73653,46.08534],[-81.73848,46.08511],[-81.73885,46.08484],[-81.73857,46.08408],[-81.7407,46.08316],[-81.73906,46.08201],[-81.73604,46.08143],[-81.73437,46.08257],[-81.73423,46.08359],[-81.73144,46.08432],[-81.73167,46.08388],[-81.7293,46.08288],[-81.7297,46.08233],[-81.7305,46.08227],[-81.73156,46.08311],[-81.73262,46.08328],[-81.73362,46.08319],[-81.73394,46.08257],[-81.7303,46.08119],[-81.73003,46.08069],[-81.73043,46.0803],[-81.73557,46.0801],[-81.74088,46.08207],[-81.74367,46.08243],[-81.74659,46.08197],[-81.74952,46.08255],[-81.75355,46.08257],[-81.75733,46.08305],[-81.7608,46.08211],[-81.76191,46.08214],[-81.76244,46.08072],[-81.76252,46.08131],[-81.76312,46.08157],[-81.76428,46.08085],[-81.76368,46.07983],[-81.76277,46.08051],[-81.7623,46.0802],[-81.76314,46.07948],[-81.76515,46.07888],[-81.7663,46.07684],[-81.76549,46.07703],[-81.76459,46.07856],[-81.76461,46.07799],[-81.76422,46.07842],[-81.76412,46.07789],[-81.76345,46.07847],[-81.76232,46.07848],[-81.762,46.07745],[-81.76006,46.07728],[-81.75872,46.07766],[-81.75795,46.07815],[-81.75882,46.07816],[-81.75855,46.07901],[-81.76032,46.07889],[-81.76027,46.07925],[-81.75897,46.07955],[-81.75533,46.07861],[-81.75499,46.07781],[-81.75663,46.07721],[-81.75586,46.0764],[-81.75488,46.07754],[-81.75491,46.07814],[-81.75527,46.07868],[-81.75621,46.07916],[-81.75952,46.07973],[-81.76062,46.0808],[-81.75994,46.08224],[-81.75754,46.08276],[-81.75368,46.08242],[-81.75032,46.08249],[-81.74613,46.08118],[-81.73459,46.07987],[-81.72803,46.08028],[-81.72707,46.081],[-81.72498,46.08529],[-81.72518,46.0861],[-81.72771,46.08949],[-81.72751,46.09052],[-81.72646,46.09128]]],[[[-81.77006,46.02932],[-81.77053,46.03104],[-81.77385,46.03523],[-81.77325,46.03425],[-81.77372,46.03283],[-81.77138,46.03162],[-81.77104,46.03108],[-81.77112,46.02913],[-81.77174,46.02795],[-81.7716,46.02761],[-81.7707,46.02773],[-81.77231,46.02646],[-81.77279,46.02475],[-81.77539,46.02053],[-81.77535,46.01931],[-81.7745,46.0193],[-81.7766,46.01827],[-81.77605,46.01648],[-81.77288,46.01724],[-81.77095,46.01913],[-81.77006,46.02932]]],[[[-81.77944,46.06839],[-81.77922,46.06968],[-81.78067,46.06913],[-81.78148,46.0683],[-81.78146,46.06762],[-81.781,46.06802],[-81.7807,46.06762],[-81.78064,46.06811],[-81.78003,46.06825],[-81.77973,46.06779],[-81.77944,46.06839]]],[[[-81.78167,46.0668],[-81.78279,46.06673],[-81.78487,46.06585],[-81.79111,46.0651],[-81.79208,46.06459],[-81.7922,46.06379],[-81.79058,46.06489],[-81.78481,46.06583],[-81.7841,46.06601],[-81.78136,46.06686],[-81.78167,46.0668]]],[[[-81.77642,46.07272],[-81.77766,46.07268],[-81.77796,46.07185],[-81.77668,46.07225],[-81.77342,46.07245],[-81.77512,46.07284],[-81.77642,46.07272]]],[[[-81.76977,46.07382],[-81.77141,46.07249],[-81.77447,46.07205],[-81.77318,46.07196],[-81.77186,46.07224],[-81.77126,46.07253],[-81.76941,46.07382],[-81.76977,46.07382]]],[[[-81.76625,46.07508],[-81.76553,46.07517],[-81.76707,46.07517],[-81.76843,46.07443],[-81.76742,46.07482],[-81.76625,46.07508]]],[[[-81.77895,46.07086],[-81.77864,46.07132],[-81.77814,46.07174],[-81.7787,46.0718],[-81.77895,46.07086]]],[[[-81.76355,46.07509],[-81.76527,46.07518],[-81.76349,46.07505],[-81.76355,46.07509]]],[[[-81.7257,46.1192],[-81.72605,46.11919],[-81.72627,46.1191],[-81.72562,46.11911],[-81.7257,46.1192]]],[[[-81.76349,46.07505],[-81.76302,46.075],[-81.76333,46.07506],[-81.76349,46.07505]]],[[[-81.72554,46.11911],[-81.72541,46.11911],[-81.72544,46.11913],[-81.72554,46.11911]]],[[[-81.7254,46.11911],[-81.72534,46.11911],[-81.72535,46.11915],[-81.72538,46.11914],[-81.7254,46.11911]]]]}},{"type":"Feature","properties":{"OGF_ID":67859931,"OFFICIAL_NAME":"Nipissing 10","OTHER_NAME":null,"INDIAN_RESERVE_LAND_TYPE":"Indian Reserve"},"geometry":{"type":"MultiPolygon","coordinates":[[[[-79.74651,46.36183],[-79.74538,46.36308],[-79.74612,46.36503],[-79.74541,46.36717],[-79.74637,46.369],[-79.88395,46.36509],[-79.88404,46.32437],[-79.88113,46.32307],[-79.88035,46.32242],[-79.88057,46.32163],[-79.87928,46.32139],[-79.87943,46.32097],[-79.87899,46.32082],[-79.87716,46.32065],[-79.87643,46.32236],[-79.87473,46.3215],[-79.87376,46.32175],[-79.87414,46.32134],[-79.87573,46.32083],[-79.87393,46.32087],[-79.87263,46.32024],[-79.87364,46.31913],[-79.87308,46.31846],[-79.87212,46.31821],[-79.8717,46.31902],[-79.87069,46.31888],[-79.87023,46.31841],[-79.87123,46.31792],[-79.86896,46.31709],[-79.86908,46.31661],[-79.86994,46.31643],[-79.86973,46.31586],[-79.86907,46.31583],[-79.86777,46.31497],[-79.8673,46.3151],[-79.86752,46.31448],[-79.86657,46.31451],[-79.86444,46.31347],[-79.86388,46.31278],[-79.86228,46.31244],[-79.8613,46.31164],[-79.86008,46.31152],[-79.86038,46.31112],[-79.85967,46.311],[-79.8596,46.31053],[-79.85861,46.31034],[-79.85718,46.30918],[-79.85733,46.3088],[-79.85837,46.30861],[-79.85809,46.3082],[-79.85771,46.30838],[-79.85728,46.30789],[-79.85668,46.30852],[-79.85478,46.30819],[-79.85491,46.30785],[-79.85661,46.30771],[-79.85692,46.30726],[-79.85631,46.3073],[-79.85619,46.30678],[-79.85497,46.30689],[-79.85522,46.30648],[-79.85282,46.30475],[-79.85185,46.30456],[-79.85142,46.30556],[-79.85035,46.30605],[-79.84837,46.30604],[-79.84853,46.30561],[-79.84763,46.30537],[-79.84628,46.30564],[-79.84628,46.30502],[-79.84579,46.30602],[-79.8443,46.30595],[-79.84369,46.3056],[-79.84438,46.30496],[-79.84428,46.30412],[-79.84389,46.30442],[-79.84213,46.30417],[-79.8435,46.30301],[-79.84229,46.3022],[-79.8414,46.30227],[-79.84101,46.30171],[-79.84059,46.30194],[-79.84099,46.30256],[-79.84063,46.30296],[-79.83935,46.30262],[-79.83883,46.30284],[-79.8391,46.30311],[-79.83812,46.30452],[-79.83884,46.30502],[-79.83855,46.3057],[-79.83482,46.30782],[-79.83419,46.30794],[-79.83347,46.30752],[-79.83273,46.30805],[-79.83179,46.308],[-79.83073,46.30701],[-79.83075,46.30768],[-79.83027,46.30783],[-79.83003,46.30744],[-79.82964,46.30777],[-79.82883,46.30769],[-79.82936,46.30796],[-79.82896,46.30829],[-79.83131,46.30821],[-79.83108,46.30903],[-79.83226,46.30943],[-79.83222,46.3098],[-79.83145,46.30993],[-79.8322,46.31003],[-79.83258,46.31085],[-79.83129,46.311],[-79.83225,46.31116],[-79.83229,46.31174],[-79.83308,46.31235],[-79.83178,46.31275],[-79.83306,46.31354],[-79.83367,46.31451],[-79.83262,46.31589],[-79.83105,46.31686],[-79.82935,46.31711],[-79.82946,46.31766],[-79.82726,46.31761],[-79.82763,46.31789],[-79.82727,46.31863],[-79.82853,46.31947],[-79.82621,46.32434],[-79.82484,46.32448],[-79.82471,46.32556],[-79.82266,46.32608],[-79.82266,46.32652],[-79.82195,46.32691],[-79.81949,46.32604],[-79.81737,46.32592],[-79.81654,46.32537],[-79.81639,46.32602],[-79.81539,46.32646],[-79.81569,46.3269],[-79.81531,46.32758],[-79.81252,46.32618],[-79.81194,46.3263],[-79.81162,46.32698],[-79.81119,46.32673],[-79.81117,46.3269],[-79.81218,46.32763],[-79.81224,46.32791],[-79.81331,46.32819],[-79.81175,46.32845],[-79.812,46.32811],[-79.81112,46.32791],[-79.81141,46.32868],[-79.81101,46.32872],[-79.80753,46.32708],[-79.8066,46.32715],[-79.80683,46.32682],[-79.8057,46.32643],[-79.80586,46.32724],[-79.80534,46.32733],[-79.80521,46.3286],[-79.80447,46.32859],[-79.80455,46.3292],[-79.80363,46.32954],[-79.80316,46.3289],[-79.80283,46.32936],[-79.80152,46.3296],[-79.80059,46.32837],[-79.79947,46.32898],[-79.79956,46.3281],[-79.79715,46.32774],[-79.79696,46.32716],[-79.79624,46.32809],[-79.79578,46.32742],[-79.79603,46.3267],[-79.7935,46.32566],[-79.79152,46.3261],[-79.79167,46.32751],[-79.79011,46.32757],[-79.79028,46.32687],[-79.78981,46.3272],[-79.78964,46.3283],[-79.7873,46.32874],[-79.78713,46.32712],[-79.78642,46.32732],[-79.78587,46.32699],[-79.78494,46.32761],[-79.78499,46.3269],[-79.78401,46.3267],[-79.78445,46.32617],[-79.78561,46.32603],[-79.78665,46.32531],[-79.7865,46.32465],[-79.78766,46.32446],[-79.78774,46.32379],[-79.78521,46.32361],[-79.78383,46.32481],[-79.78417,46.32336],[-79.783,46.32298],[-79.78172,46.32343],[-79.78214,46.32304],[-79.78122,46.32244],[-79.78129,46.32205],[-79.78269,46.32182],[-79.77822,46.32008],[-79.77756,46.32034],[-79.77824,46.32077],[-79.77808,46.32149],[-79.77677,46.32216],[-79.77666,46.32292],[-79.77611,46.32316],[-79.7747,46.32283],[-79.77457,46.32169],[-79.77355,46.32113],[-79.77118,46.32163],[-79.76959,46.32073],[-79.76972,46.32157],[-79.77205,46.322],[-79.77158,46.32251],[-79.77242,46.32313],[-79.77143,46.32323],[-79.77309,46.32481],[-79.77556,46.32505],[-79.77621,46.3258],[-79.77889,46.32728],[-79.7785,46.32826],[-79.77914,46.32827],[-79.77841,46.32858],[-79.7786,46.32905],[-79.77933,46.32906],[-79.77851,46.32917],[-79.77817,46.32978],[-79.7783,46.33109],[-79.77918,46.33122],[-79.77843,46.33142],[-79.77838,46.33201],[-79.77905,46.33218],[-79.77791,46.33226],[-79.77887,46.33281],[-79.77816,46.3328],[-79.77798,46.3332],[-79.77881,46.33334],[-79.77799,46.33329],[-79.7777,46.33368],[-79.77851,46.33349],[-79.77901,46.33375],[-79.77764,46.33401],[-79.77851,46.33444],[-79.77759,46.33475],[-79.7783,46.33516],[-79.77745,46.33518],[-79.77836,46.33548],[-79.77762,46.33538],[-79.77813,46.33578],[-79.77733,46.33554],[-79.77688,46.33583],[-79.77663,46.33661],[-79.77739,46.33681],[-79.77726,46.33741],[-79.77605,46.33753],[-79.77652,46.33822],[-79.77638,46.33945],[-79.77776,46.33948],[-79.77821,46.33985],[-79.77576,46.33985],[-79.77446,46.34131],[-79.77319,46.34129],[-79.77378,46.34183],[-79.77298,46.34174],[-79.77335,46.34205],[-79.77297,46.34283],[-79.77097,46.34491],[-79.77098,46.3464],[-79.77041,46.34617],[-79.76973,46.34659],[-79.76891,46.34643],[-79.76906,46.34716],[-79.76837,46.34673],[-79.7675,46.34749],[-79.76804,46.34754],[-79.76801,46.34802],[-79.76232,46.3522],[-79.74651,46.36183]]],[[[-79.6741,46.37259],[-79.71312,46.3725],[-79.70761,46.37106],[-79.70309,46.37142],[-79.69948,46.37103],[-79.68539,46.36633],[-79.68185,46.36544],[-79.68159,46.36596],[-79.6811,46.36584],[-79.68133,46.36539],[-79.67785,46.36444],[-79.66988,46.36336],[-79.65806,46.36002],[-79.64082,46.35381],[-79.63663,46.35301],[-79.6324,46.35292],[-79.63246,46.37266],[-79.6741,46.37259]]],[[[-79.69231,46.36614],[-79.69725,46.36725],[-79.68714,46.3647],[-79.68606,46.36396],[-79.68521,46.36408],[-79.68331,46.36353],[-79.67356,46.35991],[-79.66922,46.3575],[-79.66916,46.35678],[-79.66826,46.35693],[-79.66833,46.35619],[-79.66723,46.35619],[-79.66733,46.35563],[-79.66673,46.35539],[-79.66593,46.35325],[-79.6623,46.35045],[-79.66014,46.35083],[-79.65952,46.35135],[-79.65824,46.35332],[-79.65789,46.35522],[-79.65335,46.35597],[-79.65077,46.35567],[-79.64663,46.35345],[-79.63932,46.35247],[-79.63143,46.35011],[-79.62943,46.35023],[-79.62271,46.35209],[-79.61727,46.34969],[-79.61497,46.34649],[-79.61413,46.34596],[-79.60816,46.34462],[-79.60589,46.34349],[-79.60406,46.34321],[-79.60114,46.3405],[-79.59735,46.3385],[-79.59385,46.33859],[-79.59102,46.33775],[-79.58795,46.33751],[-79.58357,46.33769],[-79.58173,46.33668],[-79.57493,46.33614],[-79.56975,46.33426],[-79.56246,46.33399],[-79.56022,46.33517],[-79.55795,46.33444],[-79.55556,46.33523],[-79.55105,46.33411],[-79.54953,46.33308],[-79.54833,46.33335],[-79.54392,46.33318],[-79.54133,46.33262],[-79.53405,46.33285],[-79.5235,46.32703],[-79.52157,46.3277],[-79.5205,46.32883],[-79.51854,46.32921],[-79.51637,46.33072],[-79.51385,46.33032],[-79.5098,46.3286],[-79.50779,46.32832],[-79.50649,46.3286],[-79.50438,46.3281],[-79.50351,46.32839],[-79.50524,46.32915],[-79.50886,46.32953],[-79.51639,46.33179],[-79.51794,46.33179],[-79.52203,46.33072],[-79.52366,46.33066],[-79.53266,46.33355],[-79.54547,46.33351],[-79.55813,46.3366],[-79.5631,46.33581],[-79.56543,46.33584],[-79.59055,46.34138],[-79.59688,46.34122],[-79.60163,46.34365],[-79.61404,46.34849],[-79.61951,46.35179],[-79.62167,46.35265],[-79.62572,46.35295],[-79.6337,46.35131],[-79.64007,46.35273],[-79.64556,46.35331],[-79.64981,46.3554],[-79.65517,46.35735],[-79.69231,46.36614]]],[[[-79.54635,46.40488],[-79.52542,46.40485],[-79.5254,46.4193],[-79.54635,46.41933],[-79.54635,46.40488]]],[[[-79.57779,46.40491],[-79.57778,46.39044],[-79.56729,46.39043],[-79.5673,46.4049],[-79.57779,46.40491]]],[[[-79.55681,46.40489],[-79.55679,46.39043],[-79.54633,46.39042],[-79.54635,46.40488],[-79.55681,46.40489]]],[[[-79.71016,46.36997],[-79.74604,46.369],[-79.74495,46.36696],[-79.74568,46.36503],[-79.74495,46.3626],[-79.74355,46.36248],[-79.72885,46.36731],[-79.72281,46.36856],[-79.71694,46.36901],[-79.70978,46.36865],[-79.70957,46.36917],[-79.70854,46.36873],[-79.70178,46.36813],[-79.69779,46.36736],[-79.70787,46.36977],[-79.71016,46.36997]]],[[[-79.67544,46.36302],[-79.69224,46.36747],[-79.70589,46.37039],[-79.70776,46.37004],[-79.6557,46.35774],[-79.67052,46.36277],[-79.67544,46.36302]]],[[[-79.5201,46.33417],[-79.51404,46.33436],[-79.51396,46.33958],[-79.52001,46.33962],[-79.5201,46.33417]]],[[[-79.70104,46.37074],[-79.70442,46.37082],[-79.70508,46.37051],[-79.69036,46.36733],[-79.68187,46.36485],[-79.67629,46.36345],[-79.67169,46.36331],[-79.67794,46.36409],[-79.68551,46.36598],[-79.70104,46.37074]]],[[[-79.64761,46.35587],[-79.65828,46.35969],[-79.66972,46.3629],[-79.65557,46.35811],[-79.65101,46.35701],[-79.64577,46.35406],[-79.64103,46.35352],[-79.64761,46.35587]]],[[[-79.51679,46.33246],[-79.51405,46.33272],[-79.51404,46.33368],[-79.5201,46.3339],[-79.52018,46.33185],[-79.51679,46.33246]]],[[[-79.70996,46.37059],[-79.70864,46.37067],[-79.70893,46.37107],[-79.71268,46.3719],[-79.71256,46.37119],[-79.71059,46.37047],[-79.70996,46.37059]]],[[[-79.63823,46.35289],[-79.63524,46.35204],[-79.6324,46.35201],[-79.6324,46.35261],[-79.63823,46.35289]]],[[[-79.87461,46.31936],[-79.874,46.31971],[-79.87418,46.32034],[-79.87543,46.31977],[-79.87461,46.31936]]],[[[-79.64988,46.356],[-79.65168,46.35683],[-79.65411,46.35737],[-79.6491,46.35547],[-79.64988,46.356]]],[[[-79.51535,46.33251],[-79.51536,46.33195],[-79.51407,46.33155],[-79.51405,46.33258],[-79.51535,46.33251]]],[[[-79.63841,46.35264],[-79.64091,46.35324],[-79.64414,46.35346],[-79.63999,46.35296],[-79.63693,46.35218],[-79.63841,46.35264]]],[[[-79.64508,46.35349],[-79.64779,46.35458],[-79.64711,46.35409],[-79.64654,46.3538],[-79.64577,46.35357],[-79.64482,46.35345],[-79.64508,46.35349]]]]}},{"type":"Feature","properties":{"OGF_ID":67860450,"OFFICIAL_NAME":"Whitefish Lake 6","OTHER_NAME":null,"INDIAN_RESERVE_LAND_TYPE":"Indian Reserve"},"geometry":{"type":"MultiPolygon","coordinates":[[[[-81.35373,46.31087],[-81.35461,46.31003],[-81.3547,46.30767],[-81.35655,46.30316],[-81.33247,46.27901],[-81.32824,46.27911],[-81.32548,46.2777],[-81.32439,46.27768],[-81.3232,46.27845],[-81.31866,46.27874],[-81.31717,46.27933],[-81.31565,46.27939],[-81.31533,46.28053],[-81.31373,46.28166],[-81.31173,46.28168],[-81.30864,46.28042],[-81.30717,46.28074],[-81.30529,46.28222],[-81.30406,46.28168],[-81.30319,46.27911],[-81.30182,46.27814],[-81.30045,46.27969],[-81.29693,46.27963],[-81.29624,46.28057],[-81.29339,46.28159],[-81.29365,46.28216],[-81.29283,46.28173],[-81.29238,46.28023],[-81.29177,46.27974],[-81.29034,46.27928],[-81.28834,46.27941],[-81.2885,46.27912],[-81.28653,46.27937],[-81.28579,46.27889],[-81.28379,46.27921],[-81.28003,46.28266],[-81.27676,46.28214],[-81.27416,46.28107],[-81.26966,46.28023],[-81.26879,46.27909],[-81.27044,46.2777],[-81.27186,46.27731],[-81.27365,46.2751],[-81.27548,46.27502],[-81.27715,46.27631],[-81.27762,46.27599],[-81.27765,46.275],[-81.2828,46.27486],[-81.28421,46.27529],[-81.28845,46.27446],[-81.28955,46.27454],[-81.29291,46.27273],[-81.29236,46.27176],[-81.29352,46.27123],[-81.2942,46.27146],[-81.29379,46.27051],[-81.29555,46.26914],[-81.29623,46.26923],[-81.29598,46.27002],[-81.2967,46.27218],[-81.29785,46.27233],[-81.29899,46.27186],[-81.30041,46.27199],[-81.30194,46.2716],[-81.30261,46.27101],[-81.30264,46.27031],[-81.30616,46.26866],[-81.30633,46.26734],[-81.30538,46.26578],[-81.3035,46.26538],[-81.30078,46.26415],[-81.29963,46.26248],[-81.29737,46.26209],[-81.29589,46.26023],[-81.2941,46.25981],[-81.29406,46.25894],[-81.29319,46.259],[-81.29148,46.25815],[-81.29054,46.2583],[-81.28846,46.25789],[-81.28787,46.25959],[-81.28735,46.25973],[-81.28688,46.25876],[-81.28551,46.25826],[-81.28735,46.25847],[-81.28764,46.25721],[-81.28528,46.25627],[-81.2854,46.25569],[-81.28629,46.25586],[-81.28689,46.25537],[-81.28872,46.25501],[-81.28953,46.25387],[-81.29114,46.25468],[-81.29102,46.25236],[-81.2897,46.24968],[-81.2884,46.24967],[-81.28821,46.2493],[-81.28757,46.24958],[-81.28654,46.24861],[-81.28692,46.2475],[-81.28858,46.24681],[-81.28765,46.24571],[-81.28565,46.24521],[-81.2855,46.24489],[-81.28154,46.24508],[-81.28032,46.24626],[-81.28217,46.24824],[-81.28086,46.24913],[-81.27973,46.24915],[-81.28025,46.24965],[-81.28013,46.25069],[-81.27922,46.2511],[-81.2787,46.25005],[-81.27643,46.25005],[-81.27417,46.25159],[-81.27348,46.25381],[-81.27262,46.25359],[-81.27143,46.254],[-81.27191,46.25599],[-81.27319,46.256],[-81.27692,46.26041],[-81.27595,46.26079],[-81.27507,46.26043],[-81.27463,46.26068],[-81.27473,46.26134],[-81.27407,46.26105],[-81.27366,46.2613],[-81.27318,46.26082],[-81.27167,46.261],[-81.27028,46.25965],[-81.26871,46.25979],[-81.26811,46.25911],[-81.26884,46.25825],[-81.26894,46.25721],[-81.26645,46.25517],[-81.26377,46.25399],[-81.26265,46.25287],[-81.26129,46.25226],[-81.25646,46.2521],[-81.2561,46.25169],[-81.25456,46.25331],[-81.25569,46.25304],[-81.25853,46.25329],[-81.25886,46.25363],[-81.25817,46.25471],[-81.25828,46.25542],[-81.26031,46.25638],[-81.26061,46.25724],[-81.26228,46.25812],[-81.26129,46.25908],[-81.25844,46.25813],[-81.25341,46.25794],[-81.24934,46.25631],[-81.24902,46.25546],[-81.24657,46.25623],[-81.24404,46.25611],[-81.24165,46.25541],[-81.24212,46.25463],[-81.24445,46.25461],[-81.24552,46.2542],[-81.2473,46.25166],[-81.24743,46.25077],[-81.2466,46.24943],[-81.24454,46.24857],[-81.24046,46.24911],[-81.24052,46.24785],[-81.24263,46.24662],[-81.24267,46.24693],[-81.24337,46.24699],[-81.24441,46.24673],[-81.24442,46.24642],[-81.24672,46.2467],[-81.2484,46.2461],[-81.24918,46.24482],[-81.24843,46.24391],[-81.24661,46.24318],[-81.24678,46.24198],[-81.24713,46.24177],[-81.24836,46.24239],[-81.25124,46.24172],[-81.25191,46.24116],[-81.25058,46.24055],[-81.25049,46.24013],[-81.25153,46.23953],[-81.25389,46.23945],[-81.25579,46.23859],[-81.25568,46.23783],[-81.25688,46.23713],[-81.25796,46.23445],[-81.25871,46.23416],[-81.25921,46.23471],[-81.2601,46.23489],[-81.2618,46.23406],[-81.26198,46.23202],[-81.26125,46.23171],[-81.26359,46.22987],[-81.26324,46.22984],[-81.2634,46.22934],[-81.26242,46.22955],[-81.26523,46.22703],[-81.26602,46.22723],[-81.26728,46.2285],[-81.27105,46.22732],[-81.27201,46.22664],[-81.27343,46.22799],[-81.27608,46.22894],[-81.27706,46.22887],[-81.27863,46.23012],[-81.27892,46.2297],[-81.27814,46.22855],[-81.27941,46.22827],[-81.27942,46.23031],[-81.28088,46.23009],[-81.28261,46.23094],[-81.28331,46.23078],[-81.28435,46.23114],[-81.28555,46.23087],[-81.28787,46.23163],[-81.29102,46.23164],[-81.29412,46.23287],[-81.29636,46.23226],[-81.2974,46.23146],[-81.30028,46.23043],[-81.29947,46.23036],[-81.29805,46.22929],[-81.29212,46.22829],[-81.28749,46.22707],[-81.28032,46.22639],[-81.28038,46.22582],[-81.27868,46.22592],[-81.27874,46.22499],[-81.27723,46.22509],[-81.27675,46.2256],[-81.27766,46.22586],[-81.27727,46.22632],[-81.27414,46.22548],[-81.2723,46.22609],[-81.27187,46.22553],[-81.27022,46.22517],[-81.27004,46.22466],[-81.27062,46.2242],[-81.26914,46.22377],[-81.26863,46.22311],[-81.2637,46.22492],[-81.26423,46.2256],[-81.2636,46.22602],[-81.26384,46.22709],[-81.26105,46.22698],[-81.25939,46.22627],[-81.25568,46.22648],[-81.25476,46.22739],[-81.25291,46.22817],[-81.25324,46.22845],[-81.25261,46.22957],[-81.25338,46.23021],[-81.25324,46.23107],[-81.25091,46.23165],[-81.25008,46.23221],[-81.2457,46.23324],[-81.24182,46.23338],[-81.24024,46.23401],[-81.23783,46.23383],[-81.23433,46.23417],[-81.22229,46.24583],[-81.22315,46.2478],[-81.22144,46.24872],[-81.2207,46.25017],[-81.22183,46.2514],[-81.22365,46.25243],[-81.22081,46.25277],[-81.22098,46.25302],[-81.21989,46.25367],[-81.21787,46.25367],[-81.21734,46.2531],[-81.21924,46.2532],[-81.22003,46.25233],[-81.21883,46.25119],[-81.21691,46.25127],[-81.20161,46.26615],[-81.20341,46.26577],[-81.20183,46.26749],[-81.19995,46.26774],[-81.19422,46.27336],[-81.19385,46.27439],[-81.19271,46.27481],[-81.14782,46.31874],[-81.14849,46.31865],[-81.14991,46.31922],[-81.15039,46.3206],[-81.15137,46.32097],[-81.16107,46.31992],[-81.16095,46.32029],[-81.1616,46.32063],[-81.16267,46.32043],[-81.16431,46.32135],[-81.16334,46.32167],[-81.16288,46.32238],[-81.16335,46.3229],[-81.16293,46.32394],[-81.15907,46.3244],[-81.15819,46.32558],[-81.15694,46.32609],[-81.15507,46.32596],[-81.15375,46.32689],[-81.15289,46.32664],[-81.15325,46.32473],[-81.1494,46.32627],[-81.1485,46.32616],[-81.1482,46.32692],[-81.14488,46.32957],[-81.13868,46.33565],[-81.12947,46.3416],[-81.12928,46.34447],[-81.13055,46.34523],[-81.13231,46.34522],[-81.13623,46.34425],[-81.13681,46.34301],[-81.13854,46.3424],[-81.13829,46.34187],[-81.13901,46.34098],[-81.14011,46.3408],[-81.14066,46.34023],[-81.14142,46.34031],[-81.14205,46.33935],[-81.14541,46.3378],[-81.14852,46.33718],[-81.14965,46.33746],[-81.15051,46.33828],[-81.1505,46.33931],[-81.14999,46.33948],[-81.14979,46.34023],[-81.1459,46.34201],[-81.1463,46.34231],[-81.14696,46.34173],[-81.14743,46.34215],[-81.14867,46.34216],[-81.14868,46.34301],[-81.14731,46.34439],[-81.14543,46.34544],[-81.14229,46.34597],[-81.14122,46.34762],[-81.13993,46.3481],[-81.13985,46.34856],[-81.13786,46.34858],[-81.1357,46.34927],[-81.1351,46.34983],[-81.13415,46.3495],[-81.13292,46.35065],[-81.14317,46.40639],[-81.14454,46.40712],[-81.14621,46.40655],[-81.14652,46.40593],[-81.14758,46.40584],[-81.14856,46.40629],[-81.14947,46.40558],[-81.15028,46.40576],[-81.1511,46.40385],[-81.15615,46.40217],[-81.15817,46.40302],[-81.16254,46.40254],[-81.16411,46.40271],[-81.16522,46.40239],[-81.16537,46.40181],[-81.16741,46.40072],[-81.16837,46.40094],[-81.16874,46.40155],[-81.16788,46.40266],[-81.16636,46.40279],[-81.1632,46.40388],[-81.16448,46.40444],[-81.16542,46.40585],[-81.17038,46.40547],[-81.17346,46.40452],[-81.17579,46.40445],[-81.17758,46.40299],[-81.17885,46.40263],[-81.18026,46.40275],[-81.18216,46.40162],[-81.18249,46.40202],[-81.1828,46.40183],[-81.18261,46.39858],[-81.18402,46.39677],[-81.18522,46.39633],[-81.18594,46.39495],[-81.19569,46.39429],[-81.20068,46.39207],[-81.20285,46.39176],[-81.20343,46.39113],[-81.20621,46.39038],[-81.20845,46.39025],[-81.20926,46.39079],[-81.21216,46.39086],[-81.2123,46.39116],[-81.21652,46.39039],[-81.21733,46.39006],[-81.2181,46.38869],[-81.22343,46.38493],[-81.22456,46.38527],[-81.22344,46.38572],[-81.22335,46.38621],[-81.2246,46.3862],[-81.22657,46.38508],[-81.22794,46.38534],[-81.22852,46.38489],[-81.23124,46.3844],[-81.23345,46.38437],[-81.2342,46.38397],[-81.23512,46.38243],[-81.24403,46.37946],[-81.24526,46.37816],[-81.24955,46.37627],[-81.25187,46.3762],[-81.25402,46.37749],[-81.2567,46.37789],[-81.25814,46.37934],[-81.26286,46.38035],[-81.26435,46.38199],[-81.26771,46.38336],[-81.27143,46.38285],[-81.27263,46.38375],[-81.27411,46.38318],[-81.2748,46.38235],[-81.27555,46.38281],[-81.27552,46.38368],[-81.27635,46.38294],[-81.27715,46.3831],[-81.27714,46.38342],[-81.27968,46.38372],[-81.28011,46.38415],[-81.28168,46.38412],[-81.29107,46.38151],[-81.29365,46.37884],[-81.29558,46.37765],[-81.29983,46.3762],[-81.30112,46.37517],[-81.30205,46.3753],[-81.30377,46.37311],[-81.30319,46.37197],[-81.30231,46.3717],[-81.30102,46.37402],[-81.29892,46.37471],[-81.29953,46.37268],[-81.30087,46.37236],[-81.30097,46.37067],[-81.30245,46.36932],[-81.30461,46.3628],[-81.30395,46.36193],[-81.30247,46.36185],[-81.30121,46.36087],[-81.30095,46.35921],[-81.30144,46.3587],[-81.30292,46.35833],[-81.30414,46.3586],[-81.30405,46.35811],[-81.30296,46.35752],[-81.30313,46.35704],[-81.3045,46.35678],[-81.30623,46.35738],[-81.30773,46.35556],[-81.30618,46.35376],[-81.30615,46.35306],[-81.30526,46.35289],[-81.30425,46.35334],[-81.30368,46.35293],[-81.30372,46.35213],[-81.30554,46.35178],[-81.30767,46.35062],[-81.30889,46.34886],[-81.30961,46.34865],[-81.30979,46.34779],[-81.31018,46.34787],[-81.31028,46.34895],[-81.31084,46.34909],[-81.31332,46.34835],[-81.31448,46.34686],[-81.31594,46.34623],[-81.31448,46.34487],[-81.31532,46.34382],[-81.31465,46.34314],[-81.31538,46.34343],[-81.31783,46.33971],[-81.31753,46.33772],[-81.3222,46.33617],[-81.32604,46.32956],[-81.32987,46.32657],[-81.32788,46.32459],[-81.32871,46.32316],[-81.3276,46.32253],[-81.3284,46.32175],[-81.3284,46.32097],[-81.32928,46.32098],[-81.32991,46.31996],[-81.32928,46.31894],[-81.33036,46.31847],[-81.33046,46.31785],[-81.3315,46.3183],[-81.33156,46.31777],[-81.33205,46.31921],[-81.33365,46.3182],[-81.3343,46.31605],[-81.33665,46.31545],[-81.33682,46.31508],[-81.33891,46.31564],[-81.34029,46.3139],[-81.34181,46.31347],[-81.34367,46.31229],[-81.34457,46.31263],[-81.34454,46.31375],[-81.34607,46.31393],[-81.34669,46.31493],[-81.34585,46.31637],[-81.34426,46.31683],[-81.34352,46.31667],[-81.3422,46.31787],[-81.34222,46.31857],[-81.34171,46.3184],[-81.34148,46.3188],[-81.34062,46.31887],[-81.33999,46.31819],[-81.33964,46.31832],[-81.34039,46.31912],[-81.34223,46.31915],[-81.34292,46.31962],[-81.3437,46.31858],[-81.34298,46.31842],[-81.34326,46.31756],[-81.34466,46.31725],[-81.34512,46.31766],[-81.34557,46.31711],[-81.3464,46.31749],[-81.34681,46.31622],[-81.34776,46.31577],[-81.34846,46.31446],[-81.34867,46.31356],[-81.34799,46.31322],[-81.34825,46.31168],[-81.34734,46.3109],[-81.34651,46.31107],[-81.3457,46.31058],[-81.3449,46.31153],[-81.34351,46.31167],[-81.34199,46.30985],[-81.34021,46.30899],[-81.34462,46.30725],[-81.34611,46.30751],[-81.34632,46.30642],[-81.34711,46.30657],[-81.34726,46.30741],[-81.3525,46.30747],[-81.35272,46.30812],[-81.3512,46.30954],[-81.35215,46.31048],[-81.35373,46.31087]]],[[[-81.3024,46.25973],[-81.30312,46.26059],[-81.30393,46.2608],[-81.30399,46.26024],[-81.30215,46.25909],[-81.30247,46.2585],[-81.30518,46.25952],[-81.30637,46.25929],[-81.30909,46.26028],[-81.31179,46.26059],[-81.31513,46.25909],[-81.31679,46.25954],[-81.31863,46.25892],[-81.32097,46.25875],[-81.32098,46.25759],[-81.32226,46.25665],[-81.32127,46.25573],[-81.32012,46.25544],[-81.31936,46.25414],[-81.31668,46.25337],[-81.31407,46.25163],[-81.31407,46.25044],[-81.31477,46.25043],[-81.31393,46.24902],[-81.31307,46.24922],[-81.31259,46.24858],[-81.31179,46.249],[-81.31197,46.24726],[-81.31096,46.24616],[-81.31126,46.24515],[-81.31208,46.24458],[-81.31182,46.24363],[-81.31107,46.2436],[-81.31034,46.24437],[-81.30985,46.244],[-81.30746,46.24364],[-81.30644,46.24446],[-81.30601,46.2455],[-81.30539,46.24572],[-81.30483,46.24537],[-81.3044,46.24353],[-81.30379,46.24354],[-81.30083,46.2408],[-81.2991,46.24114],[-81.29759,46.24079],[-81.29715,46.2412],[-81.29574,46.24123],[-81.29517,46.24159],[-81.29351,46.24122],[-81.29369,46.24193],[-81.29221,46.24377],[-81.29245,46.24426],[-81.29395,46.24474],[-81.29393,46.2455],[-81.29349,46.24561],[-81.293,46.24506],[-81.29229,46.24565],[-81.29111,46.24578],[-81.29099,46.24621],[-81.29111,46.24715],[-81.29243,46.24807],[-81.29212,46.24888],[-81.2925,46.25015],[-81.29185,46.2515],[-81.29336,46.25163],[-81.29451,46.25331],[-81.29436,46.25423],[-81.29513,46.25417],[-81.29537,46.25503],[-81.29728,46.25722],[-81.29857,46.25792],[-81.29938,46.25922],[-81.30105,46.25974],[-81.3024,46.25973]]],[[[-81.23751,46.23126],[-81.24093,46.23055],[-81.24082,46.23012],[-81.2422,46.2306],[-81.2455,46.22968],[-81.24556,46.22929],[-81.2434,46.22845],[-81.24172,46.22828],[-81.24065,46.22708],[-81.24105,46.22643],[-81.24208,46.22685],[-81.24426,46.22694],[-81.24526,46.22747],[-81.24722,46.22756],[-81.24815,46.23032],[-81.25098,46.2302],[-81.25175,46.22904],[-81.25105,46.22909],[-81.2504,46.22843],[-81.24918,46.22853],[-81.24776,46.22778],[-81.2486,46.22616],[-81.24774,46.22626],[-81.24782,46.22523],[-81.24553,46.22423],[-81.24605,46.22384],[-81.24736,46.22414],[-81.24742,46.22363],[-81.24881,46.22329],[-81.24668,46.22296],[-81.24677,46.22146],[-81.24776,46.22055],[-81.24661,46.21909],[-81.24123,46.21767],[-81.23864,46.21744],[-81.23812,46.2177],[-81.23745,46.21738],[-81.23404,46.2172],[-81.23296,46.21798],[-81.23276,46.21885],[-81.23215,46.21842],[-81.23033,46.2184],[-81.23079,46.21887],[-81.23132,46.2187],[-81.23153,46.21915],[-81.23235,46.21905],[-81.23256,46.22045],[-81.23411,46.2229],[-81.23653,46.22302],[-81.23619,46.22414],[-81.23714,46.22435],[-81.23875,46.22558],[-81.24,46.22551],[-81.23941,46.22562],[-81.23965,46.22642],[-81.23842,46.22656],[-81.23745,46.22761],[-81.23786,46.22914],[-81.23751,46.22963],[-81.23916,46.23006],[-81.23922,46.23038],[-81.23756,46.23067],[-81.23591,46.23022],[-81.23492,46.2305],[-81.23531,46.23107],[-81.23751,46.23126]]],[[[-81.26002,46.25097],[-81.26226,46.25125],[-81.26476,46.25209],[-81.26399,46.24977],[-81.26563,46.24821],[-81.26487,46.24678],[-81.26685,46.24639],[-81.26751,46.24543],[-81.27169,46.2437],[-81.27249,46.24371],[-81.27377,46.24281],[-81.27313,46.2429],[-81.2728,46.24216],[-81.27119,46.24181],[-81.27062,46.24221],[-81.2698,46.24218],[-81.26944,46.24162],[-81.26741,46.24216],[-81.26629,46.24076],[-81.26277,46.24002],[-81.26226,46.23937],[-81.26158,46.24097],[-81.25945,46.24304],[-81.25895,46.24245],[-81.25689,46.24307],[-81.25536,46.24411],[-81.25437,46.24545],[-81.25579,46.24734],[-81.25386,46.24865],[-81.25452,46.25055],[-81.25721,46.25175],[-81.26002,46.25097]]],[[[-81.26993,46.2363],[-81.27122,46.23621],[-81.27221,46.23556],[-81.27545,46.23577],[-81.27538,46.23501],[-81.27781,46.23492],[-81.27819,46.23457],[-81.27798,46.23354],[-81.27641,46.23263],[-81.27655,46.23196],[-81.27566,46.23141],[-81.27619,46.23046],[-81.2736,46.22914],[-81.27256,46.22918],[-81.27014,46.23012],[-81.26857,46.23124],[-81.26818,46.2323],[-81.26551,46.23251],[-81.26406,46.23319],[-81.26305,46.23311],[-81.26468,46.23561],[-81.26917,46.2357],[-81.26923,46.23614],[-81.26993,46.2363]]],[[[-81.32336,46.27125],[-81.32445,46.27093],[-81.32759,46.2709],[-81.32878,46.26964],[-81.33138,46.26905],[-81.33165,46.26843],[-81.33111,46.26768],[-81.32864,46.2669],[-81.3282,46.26624],[-81.32517,46.26595],[-81.32264,46.26626],[-81.32199,46.26682],[-81.3226,46.26689],[-81.32251,46.26772],[-81.32139,46.26916],[-81.32002,46.26982],[-81.32234,46.27114],[-81.32336,46.27125]]],[[[-81.3274,46.26219],[-81.32903,46.26339],[-81.32985,46.26313],[-81.33052,46.26218],[-81.33172,46.26217],[-81.33226,46.26258],[-81.33268,46.26237],[-81.33182,46.26062],[-81.33046,46.25958],[-81.33101,46.25846],[-81.32995,46.25735],[-81.3291,46.25818],[-81.32912,46.25895],[-81.32798,46.25861],[-81.32691,46.25765],[-81.3254,46.25742],[-81.32473,46.25887],[-81.32423,46.25857],[-81.32258,46.25913],[-81.32204,46.26028],[-81.32018,46.26134],[-81.32035,46.26218],[-81.32104,46.2627],[-81.3227,46.26292],[-81.32306,46.26229],[-81.32188,46.26175],[-81.32195,46.2614],[-81.32286,46.26092],[-81.32593,46.26042],[-81.3274,46.26219]]],[[[-81.27052,46.24946],[-81.26987,46.25092],[-81.27045,46.25187],[-81.27172,46.2526],[-81.27514,46.25093],[-81.27612,46.24937],[-81.27549,46.2488],[-81.27654,46.24857],[-81.27674,46.24783],[-81.27592,46.24746],[-81.27437,46.24798],[-81.27403,46.24911],[-81.2717,46.24888],[-81.27052,46.24946]]],[[[-81.30833,46.24336],[-81.30959,46.24349],[-81.31144,46.24255],[-81.31077,46.24047],[-81.3067,46.23995],[-81.30601,46.24087],[-81.30613,46.24209],[-81.30559,46.24299],[-81.30656,46.24338],[-81.30716,46.24308],[-81.30748,46.2434],[-81.30833,46.24336]]],[[[-81.35536,46.31097],[-81.35631,46.31136],[-81.35719,46.31008],[-81.35636,46.30981],[-81.35714,46.30915],[-81.35684,46.30346],[-81.35509,46.30772],[-81.35508,46.30974],[-81.35451,46.31074],[-81.35536,46.31097]]],[[[-81.23605,46.22646],[-81.23662,46.22705],[-81.23763,46.22667],[-81.23639,46.22516],[-81.23567,46.22528],[-81.23492,46.22615],[-81.23562,46.2269],[-81.23605,46.22646]]],[[[-81.25505,46.24237],[-81.25615,46.24295],[-81.25674,46.24208],[-81.25567,46.2416],[-81.25466,46.24224],[-81.25505,46.24237]]],[[[-81.24098,46.23254],[-81.24247,46.23231],[-81.24091,46.23185],[-81.23968,46.23217],[-81.24098,46.23254]]],[[[-81.23384,46.22506],[-81.23329,46.22559],[-81.23457,46.22597],[-81.23485,46.22526],[-81.23384,46.22506]]],[[[-81.23449,46.22739],[-81.23407,46.22783],[-81.23528,46.22856],[-81.23556,46.22798],[-81.23449,46.22739]]],[[[-81.296,46.23599],[-81.29554,46.23637],[-81.29612,46.23686],[-81.29685,46.23652],[-81.29698,46.23598],[-81.296,46.23599]]],[[[-81.24929,46.22784],[-81.24995,46.22792],[-81.25,46.22744],[-81.2489,46.22722],[-81.24862,46.22776],[-81.24929,46.22784]]],[[[-81.31243,46.24477],[-81.31167,46.24554],[-81.31197,46.24596],[-81.31279,46.24535],[-81.31243,46.24477]]],[[[-81.30112,46.22981],[-81.30045,46.23025],[-81.30052,46.23048],[-81.30184,46.2302],[-81.30112,46.22981]]],[[[-81.26567,46.22786],[-81.26528,46.22802],[-81.26502,46.22899],[-81.26582,46.2286],[-81.26567,46.22786]]],[[[-81.26335,46.23052],[-81.26287,46.23079],[-81.26276,46.23104],[-81.26361,46.23061],[-81.26335,46.23052]]],[[[-81.2611,46.22293],[-81.26077,46.22302],[-81.26116,46.22337],[-81.26136,46.22299],[-81.2611,46.22293]]],[[[-81.28945,46.24938],[-81.2897,46.24937],[-81.28953,46.24889],[-81.28931,46.24922],[-81.28945,46.24938]]],[[[-81.23622,46.22779],[-81.23622,46.22813],[-81.23635,46.22815],[-81.2366,46.22788],[-81.23622,46.22779]]],[[[-81.29992,46.22979],[-81.29962,46.22997],[-81.29974,46.23014],[-81.30018,46.22988],[-81.29992,46.22979]]],[[[-81.2874,46.25603],[-81.28731,46.2563],[-81.28774,46.25645],[-81.28778,46.25636],[-81.2874,46.25603]]],[[[-81.25464,46.22107],[-81.25438,46.22121],[-81.25442,46.22134],[-81.25489,46.22123],[-81.25464,46.22107]]],[[[-81.26189,46.22288],[-81.26164,46.22305],[-81.26179,46.22318],[-81.26217,46.22296],[-81.26189,46.22288]]],[[[-81.27997,46.23894],[-81.2798,46.23904],[-81.27979,46.2391],[-81.28016,46.23909],[-81.27997,46.23894]]],[[[-81.23261,46.2254],[-81.23266,46.22558],[-81.23281,46.22556],[-81.23279,46.22536],[-81.23261,46.2254]]],[[[-81.28887,46.24802],[-81.28899,46.24817],[-81.28916,46.24804],[-81.28902,46.24801],[-81.28887,46.24802]]],[[[-81.27483,46.26012],[-81.27471,46.26026],[-81.27475,46.26038],[-81.27498,46.26018],[-81.27483,46.26012]]],[[[-81.31968,46.26301],[-81.31964,46.26311],[-81.31989,46.26316],[-81.31989,46.26307],[-81.31968,46.26301]]],[[[-81.28859,46.24817],[-81.28864,46.24832],[-81.28888,46.24837],[-81.28878,46.24825],[-81.28859,46.24817]]],[[[-81.23304,46.22769],[-81.23302,46.22785],[-81.2332,46.22786],[-81.23321,46.22774],[-81.23304,46.22769]]],[[[-81.23419,46.22373],[-81.2341,46.22386],[-81.2342,46.22395],[-81.23432,46.22379],[-81.23419,46.22373]]],[[[-81.27821,46.2488],[-81.27811,46.2489],[-81.27833,46.24893],[-81.27833,46.24883],[-81.27821,46.2488]]],[[[-81.26427,46.23031],[-81.2643,46.23038],[-81.26445,46.23031],[-81.26437,46.2303],[-81.26427,46.23031]]]]}},{"type":"Feature","properties":{"OGF_ID":67860176,"OFFICIAL_NAME":"Wikwemikong Unceded 26","OTHER_NAME":null,"INDIAN_RESERVE_LAND_TYPE":"Indian Reserve"},"geometry":{"type":"Polygon","coordinates":[[[-81.6874,45.90079],[-81.68754,45.90048],[-81.68678,45.90071],[-81.6852,45.90007],[-81.6847,45.89947],[-81.68485,45.89852],[-81.68584,45.89758],[-81.68671,45.89773],[-81.68816,45.89624],[-81.68879,45.89615],[-81.68848,45.89582],[-81.68942,45.89516],[-81.69073,45.89552],[-81.69093,45.89443],[-81.69256,45.89321],[-81.69301,45.89226],[-81.69109,45.89232],[-81.6908,45.89166],[-81.69129,45.89062],[-81.69252,45.88937],[-81.69369,45.88946],[-81.69399,45.89021],[-81.69504,45.88917],[-81.69488,45.88868],[-81.69389,45.88888],[-81.69351,45.88818],[-81.69425,45.88667],[-81.69568,45.88577],[-81.69632,45.88603],[-81.69661,45.88685],[-81.69758,45.88604],[-81.69746,45.88534],[-81.69807,45.88561],[-81.70018,45.88486],[-81.7005,45.88406],[-81.70559,45.87886],[-81.70645,45.87901],[-81.70666,45.88014],[-81.70607,45.88041],[-81.70633,45.88079],[-81.70692,45.88076],[-81.70675,45.87697],[-81.70702,45.87679],[-81.70719,45.87728],[-81.70762,45.87704],[-81.70782,45.87646],[-81.70724,45.87583],[-81.70835,45.87418],[-81.70939,45.87371],[-81.71037,45.87439],[-81.71204,45.87443],[-81.71244,45.873],[-81.71106,45.87245],[-81.71202,45.87117],[-81.71379,45.8702],[-81.71598,45.86962],[-81.71792,45.86814],[-81.71964,45.86789],[-81.71996,45.86868],[-81.72039,45.86872],[-81.72144,45.86738],[-81.72074,45.86708],[-81.72524,45.86142],[-81.72506,45.86046],[-81.7256,45.85985],[-81.72732,45.85885],[-81.73078,45.85839],[-81.73336,45.85635],[-81.73352,45.85421],[-81.73118,45.85243],[-81.73125,45.85101],[-81.73251,45.84962],[-81.73225,45.84893],[-81.73277,45.84873],[-81.73267,45.84824],[-81.73444,45.84682],[-81.73417,45.84247],[-81.73449,45.84203],[-81.73558,45.84196],[-81.73544,45.83959],[-81.7375,45.8382],[-81.73829,45.83814],[-81.73933,45.83537],[-81.74152,45.83299],[-81.74523,45.8273],[-81.74829,45.82407],[-81.75051,45.82093],[-81.75502,45.8164],[-81.75615,45.81423],[-81.75908,45.81054],[-81.76008,45.81088],[-81.7597,45.81013],[-81.76063,45.80933],[-81.76177,45.80596],[-81.76402,45.80406],[-81.76423,45.80315],[-81.76623,45.80194],[-81.76715,45.80089],[-81.76794,45.79833],[-81.77077,45.79721],[-81.77153,45.79553],[-81.77271,45.7951],[-81.77366,45.79418],[-81.77443,45.79256],[-81.77645,45.79044],[-81.78155,45.78615],[-81.78554,45.78403],[-81.78683,45.78282],[-81.78803,45.78068],[-81.78805,45.77718],[-81.78572,45.7759],[-81.78365,45.77594],[-81.78271,45.77476],[-81.79014,45.76471],[-81.79111,45.76168],[-81.79032,45.7593],[-81.79046,45.75666],[-81.78957,45.75399],[-81.78776,45.7516],[-81.7869,45.75072],[-81.78519,45.75004],[-81.78313,45.74814],[-81.78093,45.74533],[-81.7787,45.74097],[-81.77618,45.738],[-81.77485,45.7375],[-81.77472,45.73687],[-81.77601,45.73633],[-81.78055,45.73295],[-81.78438,45.72964],[-81.78826,45.72344],[-81.78733,45.69175],[-81.78587,45.69314],[-81.78356,45.69448],[-81.78091,45.69467],[-81.77967,45.69535],[-81.77938,45.69486],[-81.77483,45.69639],[-81.7739,45.69617],[-81.77314,45.69645],[-81.77279,45.69744],[-81.77066,45.6985],[-81.76895,45.69846],[-81.7683,45.69796],[-81.76662,45.69834],[-81.76655,45.69754],[-81.76379,45.69885],[-81.76207,45.69886],[-81.7602,45.69765],[-81.76028,45.69685],[-81.76098,45.69638],[-81.75839,45.69723],[-81.75684,45.69682],[-81.75629,45.69629],[-81.75526,45.69781],[-81.75516,45.69718],[-81.75601,45.69601],[-81.75454,45.69493],[-81.75408,45.69309],[-81.75451,45.69227],[-81.75361,45.69187],[-81.75462,45.68963],[-81.75275,45.68982],[-81.75094,45.69071],[-81.74781,45.69417],[-81.7472,45.6943],[-81.75081,45.69047],[-81.7577,45.68696],[-81.75853,45.6869],[-81.7591,45.68742],[-81.76008,45.68758],[-81.76166,45.68506],[-81.75894,45.68577],[-81.75631,45.68729],[-81.75544,45.68656],[-81.75615,45.68567],[-81.75558,45.68521],[-81.75133,45.6862],[-81.75059,45.68498],[-81.75038,45.68545],[-81.74963,45.68493],[-81.7495,45.68416],[-81.75148,45.68234],[-81.74769,45.68125],[-81.74912,45.68031],[-81.74726,45.68086],[-81.74742,45.68034],[-81.74646,45.67962],[-81.747,45.67865],[-81.74761,45.67977],[-81.74756,45.67786],[-81.75203,45.67507],[-81.74993,45.67559],[-81.74719,45.67525],[-81.74652,45.67492],[-81.74613,45.67402],[-81.74522,45.67407],[-81.74488,45.67371],[-81.74558,45.67368],[-81.74608,45.67273],[-81.74676,45.67356],[-81.74635,45.67398],[-81.74664,45.67477],[-81.74893,45.67507],[-81.74881,45.67355],[-81.7498,45.6724],[-81.75131,45.67263],[-81.75657,45.67123],[-81.75882,45.6696],[-81.76048,45.66904],[-81.76257,45.6693],[-81.77126,45.66782],[-81.78461,45.66353],[-81.78773,45.6621],[-81.79197,45.65959],[-81.79627,45.65601],[-81.79741,45.65472],[-81.79732,45.65269],[-81.8007,45.65029],[-81.80187,45.64862],[-81.80433,45.64668],[-81.80408,45.64492],[-81.80505,45.64362],[-81.81088,45.63919],[-81.81225,45.63885],[-81.81375,45.63728],[-81.81673,45.63611],[-81.82795,45.63424],[-81.8316,45.63309],[-81.8371,45.63198],[-81.84432,45.62719],[-81.84944,45.62483],[-81.85986,45.61886],[-81.86929,45.61201],[-81.87873,45.60433],[-81.88057,45.60227],[-81.88173,45.59947],[-81.88165,45.5983],[-81.88258,45.59674],[-81.88303,45.58781],[-81.88544,45.58213],[-81.8863,45.58188],[-81.887,45.5824],[-81.88725,45.58194],[-81.88602,45.58055],[-81.88687,45.57984],[-81.88813,45.58013],[-81.88908,45.57848],[-81.88794,45.57716],[-81.88855,45.57685],[-81.88754,45.57698],[-81.88708,45.57667],[-81.88954,45.57301],[-81.88859,45.57259],[-81.88847,45.57174],[-81.88634,45.57141],[-81.88513,45.56946],[-81.8823,45.5702],[-81.88421,45.56942],[-81.88504,45.56929],[-81.88533,45.56943],[-81.88638,45.57076],[-81.88786,45.56948],[-81.88892,45.56923],[-81.88926,45.56971],[-81.89418,45.56952],[-81.89731,45.57076],[-81.90233,45.57034],[-81.90725,45.5718],[-81.90924,45.57322],[-81.90979,45.5743],[-81.90902,45.57706],[-81.90683,45.57852],[-81.90523,45.57867],[-81.90535,45.58061],[-81.90735,45.58238],[-81.9082,45.58421],[-81.90363,45.58921],[-81.90183,45.59022],[-81.89961,45.59431],[-81.89908,45.59592],[-81.89937,45.5972],[-81.89828,45.59924],[-81.89932,45.60052],[-81.90015,45.60085],[-81.90784,45.60036],[-81.91229,45.59909],[-81.91674,45.59604],[-81.91932,45.59505],[-81.92366,45.59463],[-81.92924,45.59496],[-81.93456,45.59421],[-81.93685,45.59459],[-81.94109,45.59385],[-81.94216,45.59334],[-81.94658,45.58985],[-81.95074,45.58903],[-81.95112,45.58795],[-81.95245,45.58671],[-81.9546,45.58532],[-81.95541,45.58524],[-81.95643,45.58422],[-81.96377,45.58266],[-81.9638,45.58216],[-81.96321,45.58197],[-81.96429,45.58149],[-81.96359,45.58065],[-81.96472,45.57955],[-81.96907,45.57882],[-81.97081,45.57803],[-81.97392,45.57569],[-81.97243,45.57549],[-81.97206,45.5748],[-81.97342,45.57353],[-81.97784,45.57169],[-81.98608,45.57005],[-81.98591,45.56953],[-81.98737,45.56787],[-81.98692,45.56649],[-81.98741,45.56504],[-81.98887,45.56441],[-81.98977,45.56469],[-81.99149,45.56438],[-81.99338,45.5635],[-81.9953,45.5617],[-82.00117,45.56144],[-82.00266,45.56062],[-82.00306,45.55952],[-82.00496,45.55899],[-82.00734,45.5569],[-82.00979,45.55542],[-82.01248,45.55532],[-82.01328,45.55423],[-82.01263,45.55418],[-82.01294,45.55366],[-82.01244,45.55393],[-82.01268,45.55316],[-82.01235,45.55331],[-82.01182,45.55254],[-82.01135,45.55293],[-82.01071,45.55181],[-82.00913,45.55235],[-82.00967,45.5513],[-82.00907,45.55143],[-82.00923,45.55102],[-82.00859,45.55128],[-82.00866,45.55077],[-82.00658,45.55133],[-82.00683,45.55096],[-82.00624,45.55107],[-82.00648,45.55056],[-82.00609,45.55028],[-82.00434,45.55053],[-82.00392,45.55002],[-82.00342,45.55023],[-82.00358,45.54996],[-82.00296,45.55037],[-82.00313,45.54996],[-82.00268,45.55016],[-82.00272,45.54979],[-82.00193,45.55067],[-82.00265,45.5517],[-82.00251,45.55223],[-82.0021,45.55174],[-82.00049,45.55166],[-82.00075,45.5511],[-81.99995,45.55156],[-81.99893,45.55109],[-81.99823,45.55144],[-81.99595,45.55099],[-81.99584,45.55139],[-81.99426,45.5518],[-81.99335,45.55251],[-81.99346,45.55219],[-81.99299,45.55233],[-81.99225,45.55386],[-81.99137,45.55439],[-81.98995,45.55359],[-81.98908,45.55231],[-81.98852,45.55244],[-81.98874,45.55297],[-81.98826,45.55369],[-81.98817,45.55347],[-81.98706,45.55387],[-81.98773,45.5526],[-81.98756,45.55228],[-81.98664,45.55247],[-81.98689,45.55203],[-81.98597,45.55299],[-81.98619,45.55377],[-81.98574,45.55384],[-81.98635,45.55451],[-81.98634,45.55576],[-81.98788,45.55695],[-81.98728,45.55775],[-81.98433,45.55437],[-81.98463,45.55342],[-81.98409,45.55256],[-81.98331,45.55183],[-81.98271,45.55182],[-81.98217,45.55106],[-81.98125,45.54957],[-81.9812,45.54841],[-81.97925,45.54532],[-81.9755,45.5435],[-81.97458,45.54358],[-81.9734,45.54481],[-81.97578,45.54638],[-81.97505,45.54709],[-81.97403,45.54689],[-81.97282,45.54752],[-81.97145,45.5452],[-81.96907,45.54398],[-81.9679,45.5438],[-81.96582,45.54438],[-81.9642,45.5444],[-81.96385,45.54378],[-81.96421,45.54305],[-81.96333,45.54241],[-81.9634,45.54183],[-81.96281,45.5418],[-81.96094,45.53823],[-81.95928,45.53836],[-81.95939,45.53801],[-81.95845,45.53852],[-81.95818,45.53821],[-81.9566,45.53892],[-81.95622,45.53949],[-81.95636,45.53909],[-81.95542,45.53903],[-81.95456,45.53982],[-81.95597,45.5414],[-81.95509,45.54255],[-81.95428,45.54256],[-81.95448,45.5432],[-81.95386,45.5429],[-81.95345,45.54389],[-81.95277,45.54386],[-81.95388,45.54263],[-81.95225,45.54323],[-81.95105,45.54291],[-81.94955,45.54128],[-81.94847,45.5411],[-81.94794,45.5415],[-81.94791,45.54234],[-81.94863,45.54274],[-81.95001,45.54619],[-81.949,45.54649],[-81.94878,45.54697],[-81.94931,45.54829],[-81.94874,45.54871],[-81.94924,45.54944],[-81.94847,45.55171],[-81.94742,45.5517],[-81.94685,45.5552],[-81.94326,45.55956],[-81.94431,45.56191],[-81.94505,45.56634],[-81.9446,45.56652],[-81.94427,45.56779],[-81.94297,45.56808],[-81.94303,45.56843],[-81.94364,45.56832],[-81.94391,45.5687],[-81.94334,45.56937],[-81.94217,45.56946],[-81.94126,45.5702],[-81.94095,45.56997],[-81.94063,45.57053],[-81.93561,45.57091],[-81.93253,45.57001],[-81.93196,45.56952],[-81.93221,45.56911],[-81.93112,45.56924],[-81.93012,45.56769],[-81.92949,45.56743],[-81.92951,45.56657],[-81.9327,45.56329],[-81.93416,45.56265],[-81.93678,45.56034],[-81.93702,45.55971],[-81.93815,45.55982],[-81.93846,45.5592],[-81.94379,45.55535],[-81.94552,45.55353],[-81.94247,45.55493],[-81.93723,45.55902],[-81.93534,45.56007],[-81.93365,45.5603],[-81.93336,45.5616],[-81.9312,45.56152],[-81.93092,45.56227],[-81.92995,45.56272],[-81.92983,45.56389],[-81.92794,45.56451],[-81.92654,45.56573],[-81.92637,45.56641],[-81.92488,45.56643],[-81.92285,45.56502],[-81.92265,45.56427],[-81.92626,45.55969],[-81.92615,45.559],[-81.92514,45.55859],[-81.92269,45.55544],[-81.9219,45.55547],[-81.92136,45.55439],[-81.9191,45.5545],[-81.91824,45.5542],[-81.91707,45.55489],[-81.91606,45.55468],[-81.91634,45.55408],[-81.91693,45.55435],[-81.91723,45.55297],[-81.91931,45.55237],[-81.92026,45.55254],[-81.91964,45.55222],[-81.92006,45.55182],[-81.91925,45.55167],[-81.92096,45.54993],[-81.91871,45.55012],[-81.91836,45.54962],[-81.91903,45.54915],[-81.92192,45.54903],[-81.9224,45.54941],[-81.92191,45.54989],[-81.92382,45.54899],[-81.92573,45.549],[-81.92732,45.54806],[-81.92716,45.54752],[-81.92849,45.5457],[-81.92777,45.54478],[-81.92655,45.54427],[-81.92799,45.54427],[-81.926,45.54399],[-81.92631,45.54351],[-81.92501,45.54357],[-81.92364,45.54312],[-81.92364,45.54267],[-81.92307,45.543],[-81.92257,45.54234],[-81.92101,45.54281],[-81.91997,45.54397],[-81.92097,45.54161],[-81.91691,45.54185],[-81.91525,45.54138],[-81.91414,45.54028],[-81.91306,45.54033],[-81.91258,45.53999],[-81.91322,45.53989],[-81.91267,45.53968],[-81.91276,45.53912],[-81.91312,45.53818],[-81.91383,45.53801],[-81.91326,45.53778],[-81.91364,45.53751],[-81.91326,45.53717],[-81.91222,45.53752],[-81.91234,45.53783],[-81.91293,45.53789],[-81.91174,45.53891],[-81.91086,45.53905],[-81.91058,45.53839],[-81.91105,45.53839],[-81.91075,45.53779],[-81.91179,45.53665],[-81.91097,45.53586],[-81.91133,45.53518],[-81.91089,45.53567],[-81.91028,45.53547],[-81.91016,45.53575],[-81.90937,45.53572],[-81.90943,45.53607],[-81.90903,45.53586],[-81.908,45.53668],[-81.90736,45.53634],[-81.90653,45.53697],[-81.90659,45.53795],[-81.906,45.53716],[-81.90626,45.53662],[-81.90582,45.53663],[-81.9061,45.53633],[-81.90581,45.53636],[-81.90551,45.53677],[-81.90523,45.53631],[-81.90461,45.53685],[-81.90393,45.53673],[-81.90429,45.5363],[-81.90369,45.53666],[-81.90333,45.53611],[-81.90268,45.53646],[-81.90191,45.53631],[-81.90183,45.5349],[-81.90295,45.53305],[-81.90407,45.53252],[-81.90345,45.53242],[-81.90451,45.53124],[-81.90441,45.5305],[-81.90486,45.53022],[-81.90449,45.52984],[-81.9039,45.53037],[-81.90317,45.53019],[-81.90237,45.53052],[-81.90229,45.53021],[-81.90137,45.5303],[-81.90157,45.5299],[-81.90065,45.53013],[-81.90028,45.52941],[-81.89946,45.52962],[-81.89949,45.52895],[-81.89716,45.52957],[-81.89562,45.52875],[-81.89404,45.5288],[-81.89353,45.5281],[-81.89186,45.52766],[-81.89188,45.52701],[-81.89105,45.52644],[-81.88897,45.52709],[-81.88817,45.52832],[-81.88769,45.5276],[-81.88833,45.52683],[-81.88808,45.5266],[-81.88696,45.52691],[-81.88659,45.52781],[-81.88586,45.527],[-81.88558,45.52744],[-81.88322,45.5284],[-81.8849,45.52711],[-81.88191,45.52805],[-81.88137,45.52736],[-81.88211,45.52632],[-81.8809,45.52619],[-81.88011,45.52536],[-81.87919,45.52556],[-81.87848,45.52523],[-81.87607,45.52522],[-81.87416,45.52586],[-81.87443,45.5249],[-81.8731,45.52529],[-81.87268,45.52462],[-81.87168,45.52435],[-81.87115,45.52456],[-81.86958,45.52377],[-81.86808,45.52373],[-81.86851,45.5216],[-81.8679,45.52159],[-81.86788,45.52189],[-81.8675,45.52164],[-81.86806,45.52132],[-81.86803,45.51993],[-81.86404,45.52113],[-81.86338,45.52059],[-81.86382,45.52004],[-81.86336,45.51955],[-81.86301,45.51984],[-81.86147,45.51925],[-81.85818,45.51936],[-81.8571,45.518],[-81.85448,45.51724],[-81.85216,45.51702],[-81.85181,45.51637],[-81.85075,45.51636],[-81.85079,45.51589],[-81.85026,45.51631],[-81.84938,45.51625],[-81.84717,45.51573],[-81.84671,45.51522],[-81.84467,45.515],[-81.84419,45.51571],[-81.84169,45.51648],[-81.83625,45.51703],[-81.83279,45.5189],[-81.82786,45.52],[-81.82422,45.52171],[-81.82117,45.52231],[-81.81988,45.52362],[-81.81634,45.52462],[-81.81285,45.52616],[-81.8097,45.52693],[-81.80818,45.52819],[-81.79816,45.53343],[-81.78782,45.54195],[-81.78583,45.54528],[-81.78575,45.5469],[-81.7844,45.54847],[-81.78413,45.54993],[-81.78137,45.55332],[-81.77984,45.55784],[-81.77759,45.56073],[-81.77455,45.56358],[-81.77369,45.56554],[-81.76923,45.57048],[-81.76652,45.57289],[-81.76576,45.5731],[-81.76255,45.57983],[-81.75949,45.58414],[-81.75484,45.58753],[-81.74943,45.59263],[-81.747,45.59401],[-81.74429,45.59675],[-81.73883,45.60025],[-81.73582,45.60162],[-81.73639,45.60277],[-81.73414,45.60454],[-81.73364,45.60444],[-81.73322,45.60548],[-81.73249,45.60567],[-81.7317,45.60486],[-81.72917,45.60536],[-81.72485,45.60458],[-81.72354,45.6037],[-81.722,45.6037],[-81.72147,45.604],[-81.72133,45.60504],[-81.71826,45.60675],[-81.7155,45.60892],[-81.71417,45.61267],[-81.71801,45.61233],[-81.71855,45.61257],[-81.71969,45.61204],[-81.72262,45.61204],[-81.72263,45.61231],[-81.72418,45.61262],[-81.72564,45.61239],[-81.72584,45.61284],[-81.72491,45.61422],[-81.72312,45.61554],[-81.7207,45.61644],[-81.71638,45.61593],[-81.71502,45.61534],[-81.71385,45.6157],[-81.71444,45.6178],[-81.7143,45.61946],[-81.70944,45.62536],[-81.70801,45.62623],[-81.70799,45.62674],[-81.70891,45.6272],[-81.70904,45.62904],[-81.70748,45.6305],[-81.70697,45.63177],[-81.70565,45.63311],[-81.70482,45.63319],[-81.70439,45.63394],[-81.70427,45.64097],[-81.70352,45.64401],[-81.70238,45.64456],[-81.70101,45.6446],[-81.70087,45.64497],[-81.69975,45.64474],[-81.69844,45.64547],[-81.6891,45.65475],[-81.68823,45.65516],[-81.68763,45.65488],[-81.68585,45.65562],[-81.67627,45.66274],[-81.66123,45.67287],[-81.65091,45.68212],[-81.64784,45.6869],[-81.64746,45.68897],[-81.6481,45.69137],[-81.64925,45.69352],[-81.65231,45.69582],[-81.65688,45.69724],[-81.66295,45.69724],[-81.66561,45.69648],[-81.66725,45.6968],[-81.66878,45.69763],[-81.67005,45.70231],[-81.66863,45.70682],[-81.6674,45.70751],[-81.66555,45.7076],[-81.66362,45.70821],[-81.66066,45.70776],[-81.66009,45.70822],[-81.65865,45.70829],[-81.65866,45.71061],[-81.6577,45.71192],[-81.65461,45.7141],[-81.65052,45.71589],[-81.64873,45.71612],[-81.64759,45.71524],[-81.64557,45.71518],[-81.63662,45.71892],[-81.63324,45.71995],[-81.62861,45.72206],[-81.61417,45.73123],[-81.61247,45.73354],[-81.61028,45.73513],[-81.61034,45.73633],[-81.60903,45.73889],[-81.60328,45.74313],[-81.59945,45.7466],[-81.59824,45.74824],[-81.59594,45.7501],[-81.5955,45.75135],[-81.59344,45.75328],[-81.59355,45.75383],[-81.59242,45.75466],[-81.59232,45.75538],[-81.5918,45.75555],[-81.59073,45.75489],[-81.59217,45.75654],[-81.59158,45.75873],[-81.58844,45.76252],[-81.58698,45.76311],[-81.58673,45.76212],[-81.58634,45.76284],[-81.58655,45.76385],[-81.58848,45.76448],[-81.58936,45.76521],[-81.58873,45.7682],[-81.58662,45.76995],[-81.58415,45.76974],[-81.58526,45.7707],[-81.58554,45.77183],[-81.58377,45.77302],[-81.58275,45.77605],[-81.58173,45.77686],[-81.58201,45.77736],[-81.58086,45.77983],[-81.58157,45.78203],[-81.58089,45.78215],[-81.58012,45.78436],[-81.57957,45.78476],[-81.57785,45.78429],[-81.57867,45.78658],[-81.57791,45.7883],[-81.57876,45.78961],[-81.57874,45.79058],[-81.57804,45.79122],[-81.57929,45.79091],[-81.58061,45.7911],[-81.58135,45.79224],[-81.58024,45.79312],[-81.5804,45.79435],[-81.57973,45.79664],[-81.58067,45.79694],[-81.58033,45.79744],[-81.58103,45.79945],[-81.58084,45.8004],[-81.57913,45.80231],[-81.57962,45.8046],[-81.58206,45.80425],[-81.58426,45.80445],[-81.58509,45.80378],[-81.58619,45.80382],[-81.58772,45.80408],[-81.58886,45.80497],[-81.59058,45.80552],[-81.59305,45.80558],[-81.59475,45.80626],[-81.59503,45.80609],[-81.59603,45.80712],[-81.5984,45.80464],[-81.60227,45.80184],[-81.60604,45.80003],[-81.60878,45.79934],[-81.61273,45.79559],[-81.62477,45.79186],[-81.6274,45.79013],[-81.62855,45.78981],[-81.63175,45.78975],[-81.63405,45.79017],[-81.63514,45.79112],[-81.63452,45.79238],[-81.64024,45.79032],[-81.6409,45.7909],[-81.64072,45.7916],[-81.64248,45.79075],[-81.6436,45.7907],[-81.64694,45.79232],[-81.64785,45.79219],[-81.65188,45.7901],[-81.65567,45.7894],[-81.65963,45.79012],[-81.66103,45.79152],[-81.66025,45.79244],[-81.66111,45.7929],[-81.66361,45.79211],[-81.66447,45.79069],[-81.66721,45.78915],[-81.66965,45.78906],[-81.67362,45.78958],[-81.67477,45.7902],[-81.67624,45.79019],[-81.6791,45.78962],[-81.68401,45.78944],[-81.68579,45.78825],[-81.6871,45.78809],[-81.69029,45.78831],[-81.69304,45.7893],[-81.69554,45.78959],[-81.7052,45.78704],[-81.70683,45.78775],[-81.71147,45.7914],[-81.71341,45.79464],[-81.71502,45.79887],[-81.71518,45.8014],[-81.71466,45.8019],[-81.71498,45.80271],[-81.71411,45.80306],[-81.71446,45.80339],[-81.71395,45.80415],[-81.7107,45.80569],[-81.70971,45.80591],[-81.70882,45.80563],[-81.70821,45.80643],[-81.70312,45.80881],[-81.6998,45.80989],[-81.69205,45.81425],[-81.68475,45.81642],[-81.67906,45.81924],[-81.67192,45.82502],[-81.67153,45.82632],[-81.66967,45.82744],[-81.66918,45.82736],[-81.66925,45.82685],[-81.66752,45.82738],[-81.66712,45.82807],[-81.66723,45.82857],[-81.66781,45.82868],[-81.6668,45.82918],[-81.66656,45.83007],[-81.66263,45.83209],[-81.66251,45.83264],[-81.66487,45.83143],[-81.66337,45.83312],[-81.65899,45.83637],[-81.65937,45.83695],[-81.66078,45.83636],[-81.6612,45.83739],[-81.65994,45.83965],[-81.66032,45.84039],[-81.65999,45.8415],[-81.66082,45.84318],[-81.66017,45.84828],[-81.65892,45.85024],[-81.65761,45.85088],[-81.65699,45.8519],[-81.65728,45.8529],[-81.65619,45.85399],[-81.65673,45.85477],[-81.65761,45.85491],[-81.65945,45.85604],[-81.6594,45.85809],[-81.65851,45.85838],[-81.65779,45.85959],[-81.65813,45.8619],[-81.65741,45.86161],[-81.65746,45.86199],[-81.65331,45.86464],[-81.65306,45.86383],[-81.65348,45.86407],[-81.65384,45.86375],[-81.65315,45.8635],[-81.65307,45.8613],[-81.65233,45.86071],[-81.65347,45.85956],[-81.65439,45.85946],[-81.65572,45.85999],[-81.65653,45.8597],[-81.65472,45.85695],[-81.65155,45.85764],[-81.64945,45.85907],[-81.64807,45.86079],[-81.64853,45.86183],[-81.65037,45.86181],[-81.65065,45.86231],[-81.64992,45.86417],[-81.64839,45.86484],[-81.64849,45.86568],[-81.64781,45.86585],[-81.64789,45.86626],[-81.64765,45.86606],[-81.6478,45.86673],[-81.64708,45.86774],[-81.64818,45.86824],[-81.64999,45.86769],[-81.64975,45.86901],[-81.65302,45.86742],[-81.65337,45.86805],[-81.65251,45.87002],[-81.65326,45.87038],[-81.65196,45.8715],[-81.65346,45.87096],[-81.65467,45.86966],[-81.65381,45.87125],[-81.65458,45.87203],[-81.6529,45.874],[-81.65158,45.87505],[-81.6509,45.87484],[-81.64994,45.87512],[-81.64907,45.87476],[-81.64967,45.87527],[-81.64808,45.87591],[-81.64857,45.87623],[-81.64903,45.8758],[-81.64947,45.87598],[-81.64876,45.87718],[-81.653,45.87783],[-81.65317,45.87833],[-81.65444,45.87812],[-81.65434,45.87841],[-81.6554,45.87846],[-81.65527,45.87982],[-81.65609,45.8808],[-81.65659,45.88072],[-81.65681,45.88135],[-81.65544,45.88367],[-81.65664,45.88483],[-81.6567,45.88571],[-81.65802,45.88608],[-81.65733,45.88677],[-81.65717,45.88789],[-81.65583,45.88783],[-81.65431,45.88871],[-81.65179,45.88798],[-81.65222,45.88828],[-81.65084,45.8882],[-81.65009,45.88864],[-81.64919,45.88771],[-81.64841,45.88749],[-81.64708,45.88784],[-81.64606,45.8873],[-81.64526,45.88788],[-81.64731,45.88854],[-81.6477,45.8896],[-81.64914,45.88956],[-81.65084,45.89049],[-81.65226,45.89014],[-81.65352,45.89056],[-81.65319,45.89119],[-81.65101,45.89197],[-81.65205,45.89305],[-81.65112,45.8928],[-81.65029,45.89342],[-81.65036,45.89289],[-81.64929,45.89372],[-81.6489,45.89484],[-81.64925,45.89698],[-81.6509,45.89826],[-81.65125,45.90133],[-81.65329,45.90274],[-81.65503,45.90278],[-81.65693,45.90215],[-81.65953,45.89951],[-81.66011,45.89957],[-81.66052,45.90057],[-81.66075,45.90015],[-81.6613,45.90027],[-81.66164,45.90131],[-81.66307,45.90234],[-81.66554,45.90233],[-81.66679,45.90291],[-81.66756,45.90372],[-81.66795,45.90542],[-81.67016,45.90648],[-81.67345,45.90466],[-81.67534,45.90286],[-81.67964,45.90352],[-81.68396,45.90167],[-81.68634,45.90133],[-81.6874,45.90079]]]}},{"type":"Feature","properties":{"OGF_ID":67859918,"OFFICIAL_NAME":"Moose Point 79","OTHER_NAME":null,"INDIAN_RESERVE_LAND_TYPE":"Indian Reserve"},"geometry":{"type":"MultiPolygon","coordinates":[[[[-80.05109,45.09142],[-80.04786,45.08528],[-80.04547,45.08592],[-80.0407,45.07704],[-80.03111,45.07957],[-80.0351,45.08743],[-80.03756,45.08786],[-80.03792,45.08748],[-80.04165,45.08791],[-80.04201,45.08692],[-80.04407,45.08696],[-80.04526,45.08778],[-80.04539,45.08866],[-80.04127,45.08967],[-80.05109,45.09142]]],[[[-80.00518,45.07929],[-80.00434,45.08007],[-80.00455,45.08107],[-80.0084,45.08274],[-80.01132,45.08335],[-80.01259,45.08424],[-80.02121,45.08196],[-80.01907,45.07798],[-80.01431,45.07929],[-80.0122,45.07536],[-80.00259,45.07769],[-80.00361,45.07959],[-80.00423,45.07975],[-80.00763,45.07682],[-80.00518,45.07929]]],[[[-80.03071,45.08546],[-80.03037,45.0861],[-80.03454,45.08685],[-80.03087,45.07963],[-80.01651,45.08338],[-80.01771,45.0856],[-80.02177,45.08622],[-80.02428,45.08631],[-80.02851,45.08577],[-80.02889,45.0851],[-80.02963,45.08525],[-80.0293,45.08589],[-80.03,45.08603],[-80.03034,45.08539],[-80.03071,45.08546]]],[[[-80.01747,45.06697],[-80.017,45.06947],[-80.01536,45.07071],[-80.01706,45.07397],[-80.02683,45.07177],[-80.02268,45.06371],[-80.01905,45.06308],[-80.0209,45.06423],[-80.02183,45.06545],[-80.02009,45.0662],[-80.01764,45.06592],[-80.01747,45.06697]]],[[[-80.02426,45.06624],[-80.02707,45.07171],[-80.03422,45.06984],[-80.03017,45.06262],[-80.02375,45.06427],[-80.02317,45.06412],[-80.02426,45.06624]]],[[[-79.99796,45.08367],[-79.99885,45.08368],[-79.99837,45.08337],[-79.99876,45.08284],[-80.00096,45.08285],[-80.00105,45.0815],[-80.00225,45.08084],[-80.00261,45.07991],[-80.00353,45.08036],[-80.00302,45.08131],[-80.00419,45.08119],[-80.0034,45.07972],[-80.00118,45.07938],[-79.99864,45.07997],[-79.99648,45.08003],[-79.99648,45.08066],[-79.99571,45.08066],[-79.9957,45.08003],[-79.98683,45.0803],[-79.98479,45.08095],[-79.98606,45.0833],[-79.99118,45.08327],[-79.99597,45.08263],[-79.99779,45.08292],[-79.99796,45.08367]]],[[[-79.98439,45.08021],[-79.98475,45.08072],[-79.98679,45.08007],[-79.99833,45.07981],[-80.00114,45.07919],[-80.00325,45.07944],[-80.00235,45.07776],[-79.99769,45.07925],[-79.99618,45.07643],[-79.98409,45.07964],[-79.98439,45.08021]]],[[[-80.00243,45.06369],[-80.00079,45.06413],[-80.00231,45.06695],[-80.00709,45.06565],[-80.00557,45.06283],[-80.00243,45.06369]]],[[[-80.00737,45.08527],[-80.00816,45.08542],[-80.01195,45.08441],[-80.01204,45.08407],[-80.00494,45.0814],[-80.00648,45.08495],[-80.00737,45.08527]]],[[[-80.01627,45.06782],[-80.01702,45.0682],[-80.01739,45.06587],[-80.01454,45.0653],[-80.01199,45.06429],[-80.01303,45.06626],[-80.01627,45.06782]]],[[[-80.01526,45.07052],[-80.01661,45.06961],[-80.01698,45.06841],[-80.01318,45.06655],[-80.01526,45.07052]]],[[[-80.03159,45.08775],[-80.03267,45.0882],[-80.03296,45.08722],[-80.03482,45.08741],[-80.03462,45.08702],[-80.03028,45.08628],[-80.0312,45.08665],[-80.03109,45.0872],[-80.02846,45.08711],[-80.02892,45.08757],[-80.03159,45.08775]]],[[[-80.02231,45.08712],[-80.02302,45.08711],[-80.02301,45.08653],[-80.01781,45.08579],[-80.01823,45.08657],[-80.02231,45.08712]]],[[[-80.02548,45.08679],[-80.0281,45.08641],[-80.02841,45.08593],[-80.02537,45.08633],[-80.02548,45.08679]]],[[[-80.00492,45.08372],[-80.00576,45.08411],[-80.00501,45.08271],[-80.0048,45.08314],[-80.0036,45.08358],[-80.00492,45.08372]]],[[[-80.00412,45.08055],[-80.00403,45.0801],[-80.00376,45.07987],[-80.00412,45.08055]]],[[[-80.00611,45.08478],[-80.00608,45.08486],[-80.00617,45.08487],[-80.00611,45.08477],[-80.00611,45.08478]]]]}},{"type":"Feature","properties":{"OGF_ID":67869002,"OFFICIAL_NAME":"Pikwakanagan","OTHER_NAME":null,"INDIAN_RESERVE_LAND_TYPE":"Indian Reserve"},"geometry":{"type":"MultiPolygon","coordinates":[[[[-77.25179,45.57682],[-77.25253,45.57677],[-77.25271,45.57576],[-77.25374,45.5754],[-77.25752,45.5754],[-77.25873,45.57598],[-77.25875,45.5755],[-77.25983,45.57518],[-77.26219,45.57615],[-77.26382,45.57577],[-77.26473,45.57498],[-77.265,45.57329],[-77.26468,45.57219],[-77.26339,45.57172],[-77.26312,45.57056],[-77.26374,45.56983],[-77.25329,45.55133],[-77.22949,45.55796],[-77.23972,45.57563],[-77.2414,45.57586],[-77.24196,45.57544],[-77.24471,45.57531],[-77.24928,45.57658],[-77.25179,45.57682]]],[[[-77.23857,45.57574],[-77.2394,45.57607],[-77.22925,45.55802],[-77.21046,45.56323],[-77.21374,45.56521],[-77.21386,45.56487],[-77.21573,45.56487],[-77.21691,45.56635],[-77.21682,45.56711],[-77.21859,45.56793],[-77.22157,45.56772],[-77.22279,45.56923],[-77.22371,45.56906],[-77.22528,45.57055],[-77.22611,45.57042],[-77.22738,45.56952],[-77.22883,45.56968],[-77.23043,45.57074],[-77.23031,45.57158],[-77.23275,45.57397],[-77.23402,45.57413],[-77.23437,45.57467],[-77.23557,45.57501],[-77.23662,45.57473],[-77.23737,45.57562],[-77.23857,45.57574]]],[[[-77.26707,45.55756],[-77.26473,45.55925],[-77.26274,45.56285],[-77.26095,45.56439],[-77.26325,45.56873],[-77.26874,45.5672],[-77.26822,45.5663],[-77.27024,45.5661],[-77.27203,45.56457],[-77.26787,45.55725],[-77.26707,45.55756]]],[[[-77.26301,45.55846],[-77.25833,45.55977],[-77.26082,45.56414],[-77.26241,45.56279],[-77.26429,45.5593],[-77.26677,45.55736],[-77.26301,45.55846]]]]}},{"type":"Feature","properties":{"OGF_ID":193790423,"OFFICIAL_NAME":"Caldwell First Nation","OTHER_NAME":null,"INDIAN_RESERVE_LAND_TYPE":"Indian Reserve"},"geometry":{"type":"Polygon","coordinates":[[[-82.57241,42.02054],[-82.5716,42.03269],[-82.58608,42.03323],[-82.57241,42.02048],[-82.57241,42.02054]]]}},{"type":"Feature","properties":{"OGF_ID":67860403,"OFFICIAL_NAME":"Sagamok","OTHER_NAME":null,"INDIAN_RESERVE_LAND_TYPE":"Indian Reserve"},"geometry":{"type":"Polygon","coordinates":[[[-82.09694,46.17017],[-82.10209,46.17004],[-82.10766,46.1706],[-82.11326,46.17289],[-82.11523,46.17328],[-82.11802,46.17294],[-82.12117,46.17157],[-82.12331,46.17121],[-82.13409,46.17114],[-82.14305,46.17245],[-82.14871,46.17255],[-82.15202,46.17309],[-82.15458,46.17365],[-82.15543,46.1744],[-82.15826,46.17543],[-82.16021,46.17456],[-82.16197,46.17526],[-82.16417,46.17521],[-82.17015,46.17655],[-82.17676,46.17656],[-82.18276,46.17754],[-82.18982,46.178],[-82.19323,46.17729],[-82.19351,46.17617],[-82.19485,46.17507],[-82.20068,46.17436],[-82.20713,46.17453],[-82.2106,46.17564],[-82.21127,46.17542],[-82.21158,46.17579],[-82.2148,46.17631],[-82.21663,46.17754],[-82.22436,46.17997],[-82.23295,46.18149],[-82.23637,46.18312],[-82.23962,46.18356],[-82.23799,46.18297],[-82.23837,46.18282],[-82.24035,46.18374],[-82.24385,46.18447],[-82.24027,46.18314],[-82.24092,46.18307],[-82.24434,46.18434],[-82.25105,46.18565],[-82.25613,46.18585],[-82.2582,46.18628],[-82.26709,46.18637],[-82.26996,46.18579],[-82.26958,46.18514],[-82.27075,46.18561],[-82.27475,46.18508],[-82.27558,46.18529],[-82.27947,46.18461],[-82.28242,46.18333],[-82.28454,46.18162],[-82.28434,46.18103],[-82.28478,46.18148],[-82.28639,46.18097],[-82.28873,46.18128],[-82.29252,46.18115],[-82.29049,46.18059],[-82.28751,46.18067],[-82.29038,46.18046],[-82.28957,46.18025],[-82.29205,46.18067],[-82.29499,46.18151],[-82.29898,46.1814],[-82.30286,46.1826],[-82.30475,46.18253],[-82.30503,46.18287],[-82.30987,46.18373],[-82.31591,46.1826],[-82.3195,46.18112],[-82.32361,46.18006],[-82.32601,46.17991],[-82.3272,46.17842],[-82.32697,46.17773],[-82.32406,46.17467],[-82.31973,46.17453],[-82.31663,46.17382],[-82.31538,46.17308],[-82.31466,46.17166],[-82.31529,46.17081],[-82.31767,46.17031],[-82.32036,46.16902],[-82.32252,46.16917],[-82.32259,46.16887],[-82.32688,46.1684],[-82.32897,46.16705],[-82.32987,46.16755],[-82.32984,46.16718],[-82.33071,46.16677],[-82.33194,46.16741],[-82.33573,46.16608],[-82.33664,46.16664],[-82.33957,46.16737],[-82.34067,46.16712],[-82.34197,46.16738],[-82.34193,46.16808],[-82.34082,46.16918],[-82.34119,46.1689],[-82.34382,46.16928],[-82.3469,46.16875],[-82.34769,46.16918],[-82.34728,46.16938],[-82.34876,46.16995],[-82.35395,46.17049],[-82.3562,46.16978],[-82.35669,46.16901],[-82.35939,46.16746],[-82.35942,46.1669],[-82.36025,46.16692],[-82.35992,46.16767],[-82.36129,46.16798],[-82.36102,46.1683],[-82.36332,46.16784],[-82.36757,46.16823],[-82.37067,46.16718],[-82.37021,46.16687],[-82.37094,46.16498],[-82.37232,46.16489],[-82.37457,46.16575],[-82.37518,46.16535],[-82.37563,46.1644],[-82.37519,46.16367],[-82.37617,46.16321],[-82.37645,46.16169],[-82.37508,46.16073],[-82.37158,46.16121],[-82.37231,46.16038],[-82.37203,46.15874],[-82.37056,46.15818],[-82.37583,46.15333],[-82.3737,46.1524],[-82.37266,46.15143],[-82.37298,46.15068],[-82.37445,46.14974],[-82.37225,46.14857],[-82.37128,46.14893],[-82.37103,46.14977],[-82.36933,46.15084],[-82.36651,46.15099],[-82.36596,46.15164],[-82.36617,46.15227],[-82.36689,46.15266],[-82.3685,46.15261],[-82.36919,46.15356],[-82.36739,46.15503],[-82.36707,46.15476],[-82.36577,46.15641],[-82.36349,46.15708],[-82.36291,46.15836],[-82.36339,46.15895],[-82.36245,46.15941],[-82.36397,46.16025],[-82.36637,46.16084],[-82.36705,46.16175],[-82.36848,46.16228],[-82.37275,46.16233],[-82.37281,46.16358],[-82.36713,46.16401],[-82.36748,46.16461],[-82.36562,46.16511],[-82.36331,46.16505],[-82.36275,46.16437],[-82.36089,46.16417],[-82.36011,46.16434],[-82.35807,46.16586],[-82.35492,46.16637],[-82.35339,46.16622],[-82.35215,46.16684],[-82.35128,46.16634],[-82.35093,46.16516],[-82.35355,46.16463],[-82.35302,46.16408],[-82.35336,46.16179],[-82.35203,46.1603],[-82.35225,46.15963],[-82.35166,46.15951],[-82.35133,46.15887],[-82.35294,46.15741],[-82.35254,46.15717],[-82.35303,46.15677],[-82.35255,46.15675],[-82.35212,46.15598],[-82.34926,46.15504],[-82.34814,46.15534],[-82.34729,46.15511],[-82.34711,46.15552],[-82.34642,46.15502],[-82.34624,46.15565],[-82.34308,46.15665],[-82.34288,46.15781],[-82.34119,46.15768],[-82.34087,46.15792],[-82.33993,46.15696],[-82.33873,46.15736],[-82.33787,46.15665],[-82.33853,46.15591],[-82.33791,46.1558],[-82.33801,46.15527],[-82.33733,46.15516],[-82.33763,46.1549],[-82.33718,46.15475],[-82.33805,46.15461],[-82.33777,46.15426],[-82.33858,46.15408],[-82.339,46.15193],[-82.33702,46.15192],[-82.33709,46.15242],[-82.33645,46.15236],[-82.33641,46.15192],[-82.33515,46.15159],[-82.33335,46.15038],[-82.33237,46.15024],[-82.33086,46.14869],[-82.3309,46.14775],[-82.32904,46.14615],[-82.32652,46.14564],[-82.3241,46.14568],[-82.32017,46.14467],[-82.31512,46.14204],[-82.31437,46.14114],[-82.3145,46.14055],[-82.31275,46.13994],[-82.31241,46.13928],[-82.30528,46.13834],[-82.30448,46.13772],[-82.30173,46.13781],[-82.2997,46.13704],[-82.29767,46.1368],[-82.28799,46.13737],[-82.2846,46.13688],[-82.28303,46.1374],[-82.28236,46.13805],[-82.2843,46.14075],[-82.28686,46.14073],[-82.28726,46.1412],[-82.28895,46.1413],[-82.28959,46.14289],[-82.29092,46.14358],[-82.29065,46.14392],[-82.29142,46.14363],[-82.29347,46.14399],[-82.29413,46.14349],[-82.29568,46.14334],[-82.29884,46.14381],[-82.30106,46.14474],[-82.30496,46.14528],[-82.30565,46.1458],[-82.30595,46.14784],[-82.30798,46.14825],[-82.30676,46.14828],[-82.30584,46.14803],[-82.3056,46.14841],[-82.30351,46.14874],[-82.30341,46.1484],[-82.30262,46.14832],[-82.30111,46.14867],[-82.29952,46.14803],[-82.29799,46.14825],[-82.29675,46.14915],[-82.29664,46.14794],[-82.29579,46.14799],[-82.29624,46.14757],[-82.29591,46.14718],[-82.29625,46.14605],[-82.29374,46.14478],[-82.29406,46.14405],[-82.29048,46.14425],[-82.2894,46.14327],[-82.28739,46.14271],[-82.2866,46.14315],[-82.28432,46.14344],[-82.28488,46.1458],[-82.28584,46.14622],[-82.28623,46.14679],[-82.28575,46.14629],[-82.28536,46.14625],[-82.28323,46.14551],[-82.28226,46.14435],[-82.28183,46.14475],[-82.27995,46.14465],[-82.27887,46.14394],[-82.27861,46.14421],[-82.2791,46.14466],[-82.27758,46.14506],[-82.27715,46.14552],[-82.2763,46.14513],[-82.27529,46.14526],[-82.27404,46.14625],[-82.2718,46.14622],[-82.27094,46.14703],[-82.26985,46.14692],[-82.26591,46.1486],[-82.26465,46.14877],[-82.26328,46.14886],[-82.26277,46.14827],[-82.26068,46.14831],[-82.25999,46.14778],[-82.26062,46.14747],[-82.25999,46.14682],[-82.26024,46.14625],[-82.25799,46.14582],[-82.25814,46.14555],[-82.25611,46.14563],[-82.25637,46.14592],[-82.25224,46.14737],[-82.25329,46.14906],[-82.2506,46.14997],[-82.24875,46.14952],[-82.2463,46.14827],[-82.24591,46.14761],[-82.24334,46.14833],[-82.23896,46.14783],[-82.23527,46.14655],[-82.23322,46.14639],[-82.23257,46.14572],[-82.23337,46.14545],[-82.23584,46.14563],[-82.2405,46.14633],[-82.24447,46.1474],[-82.24757,46.14576],[-82.2507,46.14657],[-82.25567,46.14512],[-82.26087,46.14506],[-82.26165,46.14432],[-82.25948,46.14337],[-82.25787,46.14321],[-82.25719,46.14243],[-82.25432,46.14249],[-82.25392,46.1422],[-82.25267,46.14255],[-82.25172,46.1423],[-82.24925,46.14256],[-82.24927,46.14139],[-82.24459,46.14058],[-82.23959,46.14065],[-82.2387,46.14182],[-82.23601,46.14225],[-82.23544,46.14274],[-82.22617,46.14263],[-82.22499,46.14302],[-82.22405,46.14406],[-82.22403,46.14244],[-82.22466,46.14231],[-82.22484,46.14166],[-82.22633,46.14128],[-82.22695,46.14047],[-82.22671,46.14003],[-82.22456,46.13959],[-82.22468,46.13889],[-82.22716,46.13893],[-82.22953,46.13726],[-82.22761,46.13707],[-82.22711,46.13776],[-82.22548,46.13687],[-82.22367,46.13666],[-82.22229,46.13698],[-82.21943,46.13642],[-82.21891,46.13588],[-82.21631,46.1352],[-82.2154,46.13552],[-82.21526,46.13525],[-82.21584,46.13513],[-82.21487,46.13419],[-82.2126,46.13362],[-82.21188,46.13291],[-82.20918,46.13235],[-82.2086,46.13164],[-82.2068,46.13151],[-82.20613,46.13097],[-82.20255,46.13019],[-82.20231,46.12968],[-82.20147,46.12942],[-82.19529,46.13015],[-82.19551,46.13131],[-82.19818,46.1317],[-82.19919,46.13251],[-82.19946,46.13335],[-82.20291,46.13357],[-82.20574,46.13427],[-82.20602,46.13477],[-82.20753,46.13514],[-82.20835,46.13673],[-82.21149,46.13884],[-82.21442,46.13905],[-82.2152,46.13852],[-82.21485,46.13759],[-82.21269,46.13654],[-82.21298,46.13639],[-82.21214,46.13531],[-82.21209,46.13456],[-82.21279,46.13384],[-82.21295,46.13486],[-82.21425,46.13563],[-82.21523,46.13557],[-82.21606,46.13728],[-82.2187,46.1389],[-82.21796,46.13983],[-82.21407,46.13955],[-82.21486,46.14078],[-82.21737,46.14225],[-82.21688,46.14248],[-82.21447,46.14209],[-82.21399,46.14151],[-82.21037,46.13971],[-82.20825,46.1393],[-82.20499,46.13751],[-82.20394,46.13739],[-82.2016,46.13623],[-82.20112,46.13568],[-82.20153,46.13481],[-82.19644,46.13343],[-82.19751,46.13266],[-82.19737,46.13235],[-82.19372,46.13235],[-82.19324,46.13295],[-82.19314,46.1324],[-82.19128,46.13139],[-82.19085,46.13018],[-82.19107,46.12823],[-82.19214,46.12756],[-82.19378,46.12747],[-82.19446,46.12708],[-82.19424,46.12586],[-82.19577,46.12551],[-82.19661,46.12454],[-82.19638,46.12409],[-82.19434,46.12296],[-82.19131,46.12263],[-82.19047,46.12168],[-82.19083,46.12131],[-82.19028,46.12061],[-82.18661,46.11941],[-82.18634,46.11887],[-82.18729,46.11858],[-82.18482,46.11708],[-82.18329,46.11682],[-82.18281,46.1174],[-82.18208,46.1174],[-82.18121,46.11664],[-82.17898,46.11627],[-82.17679,46.11685],[-82.17658,46.11636],[-82.17704,46.11609],[-82.17599,46.11493],[-82.17527,46.11519],[-82.17422,46.11659],[-82.17326,46.11622],[-82.17337,46.11532],[-82.17068,46.11547],[-82.17134,46.11436],[-82.1722,46.11433],[-82.1714,46.11393],[-82.17153,46.11344],[-82.17199,46.11353],[-82.17257,46.11303],[-82.17153,46.11319],[-82.17122,46.11284],[-82.17269,46.11239],[-82.17274,46.11188],[-82.17193,46.11207],[-82.16785,46.11118],[-82.16764,46.11056],[-82.16669,46.1103],[-82.16267,46.11013],[-82.16202,46.11117],[-82.16059,46.11131],[-82.16064,46.11198],[-82.16352,46.11226],[-82.1626,46.11296],[-82.16311,46.11343],[-82.16355,46.11281],[-82.16522,46.11262],[-82.16724,46.11297],[-82.1687,46.11402],[-82.1668,46.11418],[-82.16577,46.115],[-82.16059,46.11514],[-82.1603,46.11592],[-82.15858,46.11689],[-82.1553,46.11746],[-82.1542,46.11745],[-82.1504,46.11611],[-82.1498,46.1151],[-82.14911,46.11496],[-82.15024,46.11471],[-82.15079,46.11365],[-82.14963,46.11346],[-82.15153,46.11297],[-82.15227,46.11181],[-82.15379,46.11208],[-82.15462,46.11157],[-82.15563,46.11176],[-82.15646,46.11105],[-82.1583,46.11124],[-82.15843,46.11094],[-82.15739,46.11033],[-82.15425,46.10962],[-82.14977,46.11102],[-82.14797,46.10979],[-82.15034,46.10799],[-82.15164,46.10416],[-82.15204,46.10397],[-82.15274,46.10429],[-82.15302,46.10393],[-82.15226,46.10266],[-82.15227,46.10106],[-82.14994,46.10001],[-82.14668,46.09974],[-82.14544,46.10032],[-82.14263,46.10026],[-82.14106,46.10189],[-82.14047,46.1015],[-82.14091,46.10121],[-82.1409,46.10021],[-82.13876,46.10025],[-82.13784,46.09939],[-82.13711,46.09988],[-82.13661,46.09953],[-82.13617,46.09977],[-82.13684,46.10032],[-82.13672,46.1013],[-82.13887,46.10364],[-82.1398,46.10422],[-82.14015,46.10369],[-82.14124,46.10356],[-82.14459,46.10417],[-82.14518,46.10496],[-82.14399,46.10654],[-82.14707,46.10752],[-82.1475,46.10804],[-82.14682,46.10949],[-82.14552,46.10992],[-82.14645,46.11039],[-82.14561,46.11147],[-82.14561,46.11244],[-82.14445,46.1125],[-82.14457,46.11201],[-82.14348,46.11145],[-82.14187,46.11176],[-82.14104,46.11344],[-82.14039,46.11379],[-82.13719,46.11371],[-82.13573,46.11452],[-82.13427,46.11473],[-82.13221,46.11401],[-82.13188,46.11245],[-82.13035,46.11199],[-82.13384,46.11215],[-82.13463,46.11254],[-82.1352,46.11183],[-82.13722,46.11164],[-82.13778,46.11118],[-82.13881,46.1113],[-82.13835,46.11092],[-82.13665,46.11104],[-82.13285,46.11025],[-82.1331,46.10937],[-82.13441,46.10831],[-82.13417,46.10775],[-82.1333,46.10862],[-82.13181,46.10892],[-82.13093,46.10958],[-82.12987,46.10939],[-82.12953,46.10888],[-82.1277,46.10899],[-82.12588,46.11007],[-82.12516,46.11],[-82.12543,46.11039],[-82.12656,46.11031],[-82.12673,46.11085],[-82.12908,46.11094],[-82.12944,46.11176],[-82.12833,46.11245],[-82.12688,46.11212],[-82.12718,46.11194],[-82.12313,46.11147],[-82.12173,46.11188],[-82.11856,46.1119],[-82.11456,46.11003],[-82.11135,46.10946],[-82.11063,46.10903],[-82.1107,46.1085],[-82.10907,46.10878],[-82.1055,46.10852],[-82.10396,46.10783],[-82.10288,46.10784],[-82.10207,46.10713],[-82.10151,46.1076],[-82.09987,46.10786],[-82.09797,46.10745],[-82.09742,46.10694],[-82.09685,46.10707],[-82.09694,46.17017]]]}},{"type":"Feature","properties":{"OGF_ID":201653278,"OFFICIAL_NAME":"M'Chigeeng 22","OTHER_NAME":null,"INDIAN_RESERVE_LAND_TYPE":"Indian Reserve"},"geometry":{"type":"Polygon","coordinates":[[[-82.20166,45.84368],[-82.1981,45.84386],[-82.19394,45.84184],[-82.19317,45.84201],[-82.19498,45.84243],[-82.19765,45.84418],[-82.19974,45.84436],[-82.20159,45.84409],[-82.20788,45.84195],[-82.21398,45.84191],[-82.20717,45.84183],[-82.20298,45.8433],[-82.20166,45.84368]]]}},{"type":"Feature","properties":{"OGF_ID":67859993,"OFFICIAL_NAME":"Dokis 9","OTHER_NAME":null,"INDIAN_RESERVE_LAND_TYPE":"Indian Reserve"},"geometry":{"type":"MultiPolygon","coordinates":[[[[-80.01385,46.1045],[-80.01461,46.10563],[-80.01252,46.10564],[-80.01091,46.10628],[-80.01072,46.10656],[-80.01148,46.10723],[-80.01896,46.10831],[-80.02267,46.10708],[-80.02386,46.10522],[-80.02491,46.10455],[-80.02928,46.10353],[-80.03332,46.10383],[-80.03633,46.10277],[-80.03728,46.10287],[-80.03769,46.1041],[-80.03888,46.10517],[-80.04143,46.10612],[-80.04318,46.10633],[-80.04398,46.10565],[-80.04467,46.10576],[-80.047,46.10467],[-80.04656,46.1041],[-80.04897,46.10437],[-80.05201,46.103],[-80.05339,46.10289],[-80.05327,46.10247],[-80.05458,46.10147],[-80.0543,46.10109],[-80.05318,46.10088],[-80.05379,46.10039],[-80.05535,46.0998],[-80.05694,46.09991],[-80.0593,46.0993],[-80.064,46.09642],[-80.0657,46.09607],[-80.07182,46.09275],[-80.07396,46.09234],[-80.07644,46.091],[-80.07674,46.09157],[-80.07778,46.0914],[-80.07791,46.09163],[-80.0836,46.09037],[-80.08581,46.09223],[-80.08429,46.09342],[-80.0844,46.09374],[-80.08553,46.0939],[-80.08936,46.0933],[-80.0905,46.09291],[-80.09043,46.09251],[-80.09197,46.09283],[-80.09566,46.09212],[-80.09588,46.09104],[-80.1003,46.09123],[-80.10214,46.09027],[-80.10575,46.09054],[-80.10937,46.08995],[-80.11257,46.08867],[-80.11251,46.08932],[-80.11363,46.08938],[-80.11366,46.08844],[-80.11418,46.08816],[-80.11877,46.08704],[-80.12015,46.0862],[-80.12108,46.08638],[-80.1251,46.08533],[-80.12722,46.08437],[-80.12878,46.08284],[-80.13082,46.08319],[-80.13271,46.08305],[-80.13287,46.08333],[-80.13455,46.08278],[-80.13517,46.0821],[-80.13613,46.08238],[-80.13992,46.08174],[-80.14167,46.08053],[-80.14178,46.07992],[-80.14269,46.08007],[-80.14393,46.07935],[-80.14695,46.07871],[-80.14737,46.07822],[-80.14699,46.07757],[-80.14429,46.07674],[-80.14522,46.07576],[-80.14562,46.07449],[-80.14672,46.07441],[-80.14552,46.07386],[-80.14516,46.07294],[-80.1456,46.07237],[-80.14652,46.07221],[-80.14822,46.07014],[-80.14999,46.07026],[-80.1514,46.06949],[-80.15159,46.07011],[-80.15228,46.0702],[-80.15647,46.06921],[-80.15606,46.06979],[-80.1519,46.07063],[-80.15107,46.0715],[-80.15083,46.07274],[-80.15024,46.07276],[-80.15014,46.0732],[-80.14915,46.07368],[-80.14936,46.07514],[-80.15108,46.07604],[-80.15283,46.07584],[-80.15371,46.07455],[-80.1531,46.07377],[-80.15143,46.07325],[-80.15134,46.07272],[-80.15628,46.07414],[-80.15739,46.07398],[-80.15883,46.0751],[-80.16351,46.0759],[-80.16726,46.07521],[-80.16836,46.07592],[-80.1694,46.07555],[-80.17032,46.07598],[-80.17599,46.0765],[-80.17671,46.07706],[-80.17768,46.07702],[-80.1812,46.07812],[-80.18115,46.07853],[-80.1818,46.07829],[-80.18276,46.07856],[-80.18267,46.07899],[-80.18363,46.07942],[-80.18639,46.07841],[-80.18706,46.07859],[-80.18755,46.07823],[-80.18746,46.07748],[-80.18584,46.07778],[-80.18399,46.07704],[-80.18325,46.07539],[-80.18101,46.07476],[-80.18054,46.07412],[-80.1778,46.07314],[-80.17655,46.07219],[-80.17677,46.0719],[-80.17802,46.07213],[-80.17798,46.07157],[-80.17561,46.06937],[-80.17349,46.06883],[-80.17106,46.0688],[-80.17056,46.06951],[-80.16995,46.06868],[-80.16914,46.06876],[-80.16604,46.06766],[-80.16062,46.06848],[-80.15964,46.06797],[-80.16146,46.06534],[-80.16256,46.06478],[-80.16387,46.06551],[-80.16549,46.06525],[-80.16536,46.0648],[-80.16599,46.0647],[-80.16644,46.06391],[-80.16812,46.06429],[-80.1676,46.06457],[-80.16861,46.0654],[-80.17235,46.06547],[-80.1712,46.06393],[-80.17291,46.06483],[-80.17395,46.06408],[-80.17822,46.06318],[-80.18487,46.05941],[-80.18908,46.05813],[-80.1934,46.0554],[-80.19734,46.05464],[-80.19878,46.05371],[-80.20102,46.05317],[-80.20076,46.05222],[-80.19945,46.05126],[-80.19955,46.05017],[-80.19878,46.05015],[-80.19823,46.04935],[-80.19767,46.04692],[-80.19487,46.04625],[-80.19364,46.04545],[-80.19068,46.04553],[-80.18986,46.04607],[-80.189,46.0457],[-80.18476,46.04545],[-80.17841,46.04413],[-80.17331,46.04409],[-80.17202,46.04307],[-80.17129,46.04333],[-80.16685,46.04213],[-80.16394,46.04237],[-80.1596,46.04038],[-80.15619,46.03935],[-80.15527,46.0395],[-80.15326,46.0388],[-80.15283,46.0391],[-80.15047,46.03867],[-80.14915,46.039],[-80.14727,46.0379],[-80.14715,46.03744],[-80.14634,46.03743],[-80.14586,46.037],[-80.14346,46.03655],[-80.14073,46.03668],[-80.14071,46.03603],[-80.13907,46.03543],[-80.13766,46.03588],[-80.13534,46.03569],[-80.1349,46.03479],[-80.13328,46.03468],[-80.12868,46.03329],[-80.12571,46.03327],[-80.12374,46.03236],[-80.1209,46.0324],[-80.11967,46.03185],[-80.11895,46.03223],[-80.11624,46.032],[-80.11344,46.03124],[-80.1134,46.03043],[-80.10865,46.03108],[-80.10441,46.02996],[-80.09559,46.02985],[-80.09508,46.02937],[-80.09199,46.02844],[-80.07716,46.02763],[-80.07206,46.02675],[-80.06807,46.02559],[-80.06488,46.02558],[-80.063,46.02507],[-80.06097,46.02524],[-80.05699,46.0247],[-80.05362,46.02609],[-80.0507,46.02808],[-80.05028,46.02869],[-80.05122,46.02937],[-80.04953,46.02895],[-80.04733,46.0299],[-80.04815,46.02872],[-80.04577,46.02846],[-80.04321,46.02682],[-80.0385,46.02538],[-80.03296,46.02553],[-80.03113,46.02666],[-80.03007,46.0267],[-80.03036,46.02705],[-80.02936,46.02782],[-80.02778,46.02841],[-80.02755,46.02802],[-80.02868,46.02691],[-80.02667,46.0275],[-80.02683,46.02609],[-80.02545,46.02679],[-80.02517,46.02613],[-80.02378,46.0263],[-80.02283,46.02732],[-80.02361,46.02796],[-80.02291,46.02855],[-80.02289,46.02947],[-80.02182,46.02991],[-80.02009,46.02974],[-80.0202,46.03104],[-80.01806,46.0308],[-80.01771,46.03137],[-80.01713,46.03136],[-80.01677,46.03214],[-80.01744,46.0327],[-80.01743,46.03374],[-80.01704,46.03396],[-80.0143,46.03444],[-80.01343,46.03354],[-80.01124,46.03346],[-80.01078,46.0329],[-80.00741,46.03219],[-80.00725,46.03171],[-80.00623,46.03138],[-80.00517,46.03212],[-80.00621,46.03226],[-80.00623,46.03288],[-80.00507,46.03383],[-80.00346,46.03378],[-80.00289,46.03469],[-80.00195,46.03465],[-80.001,46.03387],[-79.99923,46.03366],[-79.99665,46.0348],[-79.99652,46.03529],[-79.9983,46.03658],[-79.99768,46.03713],[-79.9981,46.03734],[-80.00137,46.03769],[-80.00471,46.0372],[-80.00712,46.03627],[-80.00797,46.03676],[-80.00629,46.03786],[-80.0024,46.03845],[-79.99874,46.03978],[-79.99766,46.041],[-79.99332,46.04167],[-79.99116,46.041],[-79.99099,46.03987],[-79.98655,46.0407],[-79.98964,46.03854],[-79.99007,46.03754],[-79.99078,46.03764],[-79.99119,46.0368],[-79.99036,46.03653],[-79.98957,46.03732],[-79.98745,46.0375],[-79.98445,46.0371],[-79.9806,46.03734],[-79.97814,46.03873],[-79.97464,46.03828],[-79.97374,46.03933],[-79.96733,46.04001],[-79.96611,46.04071],[-79.96181,46.04143],[-79.96056,46.04214],[-79.95881,46.04221],[-79.95723,46.04326],[-79.95499,46.0427],[-79.95271,46.04297],[-79.95155,46.04341],[-79.9514,46.04396],[-79.94816,46.04456],[-79.94916,46.04485],[-79.94889,46.04547],[-79.94772,46.04471],[-79.94577,46.04582],[-79.94562,46.04777],[-79.94481,46.0473],[-79.94507,46.04666],[-79.94342,46.04693],[-79.94232,46.04764],[-79.94201,46.04978],[-79.94095,46.0507],[-79.93785,46.05234],[-79.93682,46.05258],[-79.93681,46.05214],[-79.93554,46.05234],[-79.93347,46.05344],[-79.93277,46.05458],[-79.93393,46.05519],[-79.93506,46.05771],[-79.93799,46.05805],[-79.93585,46.05911],[-79.9342,46.05896],[-79.93401,46.06189],[-79.93186,46.06605],[-79.93197,46.06728],[-79.93124,46.06727],[-79.93065,46.06776],[-79.92983,46.06746],[-79.92961,46.06805],[-79.9289,46.06798],[-79.92858,46.0684],[-79.92782,46.06812],[-79.92748,46.06854],[-79.9267,46.06841],[-79.92689,46.06891],[-79.92195,46.07091],[-79.92029,46.07195],[-79.92026,46.07273],[-79.91656,46.07419],[-79.91535,46.07509],[-79.9154,46.0755],[-79.91382,46.07621],[-79.91451,46.0771],[-79.91665,46.0781],[-79.91766,46.07924],[-79.92176,46.08143],[-79.9237,46.08147],[-79.92461,46.08257],[-79.92743,46.0836],[-79.9297,46.08396],[-79.93079,46.08348],[-79.93195,46.08348],[-79.93485,46.08404],[-79.93666,46.08553],[-79.93947,46.08653],[-79.94108,46.0863],[-79.94334,46.08708],[-79.94501,46.08696],[-79.94663,46.08783],[-79.95019,46.0879],[-79.95776,46.08982],[-79.96075,46.09138],[-79.96744,46.09249],[-79.97202,46.09399],[-79.97669,46.09445],[-79.97808,46.09492],[-79.98055,46.0945],[-79.98577,46.09497],[-79.98743,46.09586],[-79.98836,46.09583],[-79.9909,46.09674],[-79.99117,46.09712],[-79.99265,46.09691],[-79.99383,46.09761],[-79.99431,46.09741],[-79.99451,46.09802],[-79.99696,46.09923],[-79.99789,46.09851],[-80.00063,46.09776],[-80.00525,46.09897],[-80.01246,46.09971],[-80.01186,46.10004],[-80.00938,46.10034],[-80.0088,46.10092],[-80.00799,46.10071],[-80.00707,46.10154],[-80.00948,46.10226],[-80.01133,46.10237],[-80.01287,46.10309],[-80.01385,46.1045]]],[[[-80.03572,46.15199],[-80.03642,46.15179],[-80.03652,46.15136],[-80.03857,46.15076],[-80.03857,46.15121],[-80.03909,46.15065],[-80.04088,46.15007],[-80.0427,46.15007],[-80.04387,46.14954],[-80.04433,46.14987],[-80.04679,46.14988],[-80.04872,46.14952],[-80.05071,46.14965],[-80.053,46.14909],[-80.05509,46.14956],[-80.05717,46.14916],[-80.06289,46.14783],[-80.06699,46.14644],[-80.06762,46.14517],[-80.06866,46.14523],[-80.06884,46.14464],[-80.071,46.14467],[-80.07302,46.14359],[-80.07341,46.14366],[-80.07257,46.14416],[-80.07327,46.14461],[-80.07677,46.14427],[-80.08016,46.14246],[-80.07619,46.14167],[-80.07589,46.14187],[-80.0763,46.14204],[-80.07494,46.14237],[-80.07565,46.14163],[-80.07527,46.14096],[-80.07368,46.14056],[-80.07711,46.1406],[-80.0799,46.13898],[-80.08156,46.13742],[-80.07801,46.13568],[-80.08205,46.13647],[-80.08402,46.13535],[-80.08334,46.13668],[-80.08687,46.13764],[-80.08549,46.13809],[-80.08386,46.13737],[-80.08325,46.13769],[-80.08192,46.13753],[-80.0813,46.13795],[-80.08122,46.13874],[-80.08048,46.13884],[-80.0799,46.13959],[-80.0788,46.13977],[-80.077,46.1411],[-80.07783,46.14141],[-80.08209,46.14171],[-80.08334,46.14133],[-80.08338,46.14079],[-80.08558,46.14083],[-80.08662,46.14101],[-80.08659,46.14133],[-80.0889,46.14109],[-80.08958,46.14232],[-80.09136,46.14286],[-80.0898,46.14305],[-80.09039,46.14353],[-80.093,46.14392],[-80.09248,46.14456],[-80.09273,46.14513],[-80.09609,46.14591],[-80.0974,46.14527],[-80.09467,46.1444],[-80.09661,46.14419],[-80.10203,46.14578],[-80.10404,46.14576],[-80.10461,46.14623],[-80.10642,46.14644],[-80.1079,46.14709],[-80.10953,46.14654],[-80.10895,46.14708],[-80.1103,46.1476],[-80.11122,46.14678],[-80.11247,46.14705],[-80.11336,46.14675],[-80.11313,46.14655],[-80.11432,46.14641],[-80.11375,46.14588],[-80.114,46.14568],[-80.10738,46.1428],[-80.10205,46.14203],[-80.09669,46.14013],[-80.09351,46.13953],[-80.09251,46.13983],[-80.09027,46.13965],[-80.08866,46.13899],[-80.08962,46.13862],[-80.09382,46.13868],[-80.09584,46.13794],[-80.09683,46.13701],[-80.0984,46.13723],[-80.10098,46.13665],[-80.09659,46.13818],[-80.09682,46.13879],[-80.09639,46.13933],[-80.10192,46.1414],[-80.10342,46.14167],[-80.10596,46.1415],[-80.10602,46.14182],[-80.10982,46.14311],[-80.11285,46.14382],[-80.11439,46.14292],[-80.11467,46.14232],[-80.11561,46.14219],[-80.11618,46.14107],[-80.11678,46.14119],[-80.11819,46.14021],[-80.11771,46.13994],[-80.11667,46.14022],[-80.11483,46.13923],[-80.1164,46.13904],[-80.11322,46.13589],[-80.11116,46.13557],[-80.10992,46.13497],[-80.10785,46.13484],[-80.10575,46.13277],[-80.10432,46.13291],[-80.10419,46.13249],[-80.10268,46.13217],[-80.10252,46.13164],[-80.10211,46.13218],[-80.10002,46.13159],[-80.09419,46.12895],[-80.09301,46.12909],[-80.09352,46.12873],[-80.09261,46.12809],[-80.08277,46.1262],[-80.08177,46.12448],[-80.0773,46.12264],[-80.07663,46.12164],[-80.07397,46.12257],[-80.07551,46.12113],[-80.07283,46.11982],[-80.07193,46.11764],[-80.07034,46.11664],[-80.07082,46.11599],[-80.07428,46.11573],[-80.07652,46.11622],[-80.08177,46.11616],[-80.08259,46.11659],[-80.08362,46.11625],[-80.08365,46.1166],[-80.08455,46.11671],[-80.0858,46.11636],[-80.08574,46.11539],[-80.08787,46.11582],[-80.09101,46.11579],[-80.095,46.1155],[-80.09708,46.11458],[-80.10012,46.11496],[-80.10202,46.11479],[-80.10354,46.11563],[-80.12367,46.11639],[-80.12428,46.11567],[-80.12514,46.11588],[-80.1256,46.11389],[-80.12435,46.11321],[-80.12456,46.11266],[-80.12368,46.11133],[-80.12401,46.11128],[-80.12535,46.11183],[-80.1261,46.11266],[-80.1268,46.1147],[-80.13283,46.11453],[-80.13507,46.11542],[-80.1357,46.11512],[-80.14019,46.11486],[-80.14247,46.11394],[-80.14403,46.11276],[-80.14555,46.11255],[-80.14774,46.11124],[-80.14871,46.11117],[-80.14987,46.10972],[-80.15045,46.11076],[-80.14947,46.11091],[-80.14993,46.11121],[-80.1509,46.11111],[-80.15349,46.11047],[-80.15442,46.10943],[-80.15486,46.10967],[-80.15477,46.10934],[-80.15668,46.109],[-80.15673,46.10843],[-80.15764,46.10867],[-80.16024,46.10812],[-80.16036,46.10843],[-80.15952,46.10868],[-80.15853,46.10979],[-80.1598,46.10977],[-80.16099,46.1089],[-80.16162,46.10893],[-80.1607,46.11],[-80.16186,46.11028],[-80.16471,46.10871],[-80.16611,46.10859],[-80.17041,46.10651],[-80.17453,46.1051],[-80.17548,46.10412],[-80.17494,46.10348],[-80.17684,46.10367],[-80.17801,46.1028],[-80.17549,46.10175],[-80.17099,46.10217],[-80.16867,46.10178],[-80.16361,46.10264],[-80.16186,46.10336],[-80.16004,46.10342],[-80.15784,46.10437],[-80.15646,46.10413],[-80.15611,46.1046],[-80.15601,46.10423],[-80.15506,46.10544],[-80.15371,46.10513],[-80.15367,46.10467],[-80.1528,46.10468],[-80.1527,46.10552],[-80.15409,46.10594],[-80.1544,46.10655],[-80.15386,46.10738],[-80.15289,46.1074],[-80.15265,46.10836],[-80.15211,46.1081],[-80.15198,46.10896],[-80.15181,46.10847],[-80.15122,46.10885],[-80.15113,46.10811],[-80.15074,46.10887],[-80.1497,46.10749],[-80.1487,46.10693],[-80.14863,46.10578],[-80.14759,46.10534],[-80.14698,46.10546],[-80.14696,46.10506],[-80.14498,46.10425],[-80.14289,46.10448],[-80.14315,46.10392],[-80.1443,46.10402],[-80.14533,46.10337],[-80.14625,46.10372],[-80.15073,46.10349],[-80.1507,46.10486],[-80.14975,46.10503],[-80.14938,46.10562],[-80.14859,46.10557],[-80.14943,46.10601],[-80.15081,46.10594],[-80.15122,46.10632],[-80.15003,46.10705],[-80.15036,46.10736],[-80.1514,46.10639],[-80.15089,46.10437],[-80.15114,46.10336],[-80.15507,46.10243],[-80.15562,46.1019],[-80.157,46.10221],[-80.15751,46.10144],[-80.15998,46.10017],[-80.16097,46.10027],[-80.16112,46.09971],[-80.16233,46.09909],[-80.16506,46.09877],[-80.16598,46.09802],[-80.16384,46.09722],[-80.16226,46.09746],[-80.16263,46.09695],[-80.16132,46.09722],[-80.16095,46.09781],[-80.15996,46.09777],[-80.15955,46.09822],[-80.15597,46.09919],[-80.15357,46.09929],[-80.15106,46.09998],[-80.15064,46.10061],[-80.14858,46.10067],[-80.14597,46.1017],[-80.14613,46.10197],[-80.14473,46.10293],[-80.14435,46.10269],[-80.1448,46.1021],[-80.14348,46.10182],[-80.14375,46.10137],[-80.14734,46.10049],[-80.14848,46.09952],[-80.15024,46.09945],[-80.15427,46.09743],[-80.15785,46.09641],[-80.15791,46.09561],[-80.15664,46.09491],[-80.15638,46.09386],[-80.15442,46.0931],[-80.15296,46.09308],[-80.14848,46.09503],[-80.14885,46.09449],[-80.15137,46.0935],[-80.15212,46.09267],[-80.15033,46.09208],[-80.14354,46.09247],[-80.13986,46.09311],[-80.1363,46.09466],[-80.13614,46.09529],[-80.13505,46.09552],[-80.13384,46.0964],[-80.13216,46.09661],[-80.13074,46.09607],[-80.12852,46.09676],[-80.12983,46.09588],[-80.12911,46.09458],[-80.12973,46.09382],[-80.13032,46.09353],[-80.13143,46.09373],[-80.13267,46.09309],[-80.13258,46.09358],[-80.13451,46.09161],[-80.13316,46.09154],[-80.13333,46.09114],[-80.13844,46.08959],[-80.13798,46.08933],[-80.13885,46.08884],[-80.13881,46.08761],[-80.13942,46.08772],[-80.1399,46.08817],[-80.13969,46.08871],[-80.14021,46.08892],[-80.14289,46.08766],[-80.14324,46.08684],[-80.14063,46.08529],[-80.13858,46.08629],[-80.13751,46.08615],[-80.13798,46.08727],[-80.13692,46.08643],[-80.13603,46.08631],[-80.13465,46.08702],[-80.1339,46.08686],[-80.13417,46.08724],[-80.13375,46.08764],[-80.13192,46.08799],[-80.13066,46.08907],[-80.12939,46.08911],[-80.12817,46.08967],[-80.12714,46.09024],[-80.12676,46.09111],[-80.12593,46.09092],[-80.12514,46.09134],[-80.12466,46.09206],[-80.12548,46.09318],[-80.1266,46.09367],[-80.12635,46.09416],[-80.12682,46.09493],[-80.12425,46.09425],[-80.12357,46.09331],[-80.12379,46.09301],[-80.12218,46.09246],[-80.11499,46.09479],[-80.11444,46.09532],[-80.11485,46.09555],[-80.11368,46.09597],[-80.11064,46.09843],[-80.1081,46.09957],[-80.10664,46.1011],[-80.10667,46.10056],[-80.10428,46.10064],[-80.10209,46.10166],[-80.10061,46.1017],[-80.09747,46.10263],[-80.09493,46.10214],[-80.09343,46.10244],[-80.09296,46.10214],[-80.09304,46.10253],[-80.09247,46.10266],[-80.0911,46.1017],[-80.09041,46.10193],[-80.09057,46.10161],[-80.08922,46.10158],[-80.08847,46.10204],[-80.08862,46.1029],[-80.08668,46.1033],[-80.08719,46.1038],[-80.08349,46.10413],[-80.08076,46.10497],[-80.07713,46.10682],[-80.07641,46.10653],[-80.07618,46.10676],[-80.07617,46.10633],[-80.07745,46.10595],[-80.07868,46.10462],[-80.07722,46.10428],[-80.07606,46.10504],[-80.07611,46.10543],[-80.07429,46.1058],[-80.0732,46.10695],[-80.07211,46.10692],[-80.07088,46.10774],[-80.07146,46.10793],[-80.07145,46.10843],[-80.06934,46.10838],[-80.06869,46.10877],[-80.06731,46.10832],[-80.06399,46.10875],[-80.06151,46.11037],[-80.05984,46.1103],[-80.05907,46.11096],[-80.05736,46.11088],[-80.05673,46.11132],[-80.0563,46.1109],[-80.05793,46.11025],[-80.05762,46.10975],[-80.06,46.10863],[-80.0645,46.10848],[-80.06614,46.10788],[-80.06714,46.10791],[-80.06646,46.10735],[-80.07285,46.10559],[-80.07628,46.10353],[-80.07705,46.10268],[-80.07706,46.10172],[-80.07818,46.10247],[-80.08005,46.10194],[-80.08145,46.09991],[-80.0811,46.09959],[-80.08373,46.09764],[-80.0844,46.09642],[-80.08356,46.09624],[-80.08211,46.09675],[-80.082,46.09744],[-80.083,46.09767],[-80.08092,46.0987],[-80.08083,46.09774],[-80.07858,46.09767],[-80.07665,46.09838],[-80.07628,46.09894],[-80.07457,46.09905],[-80.07227,46.09987],[-80.07251,46.10038],[-80.07032,46.10062],[-80.06928,46.10152],[-80.06107,46.1035],[-80.06122,46.10436],[-80.06246,46.10485],[-80.06216,46.10551],[-80.06062,46.10575],[-80.06073,46.1065],[-80.05913,46.10713],[-80.05909,46.10749],[-80.05822,46.10752],[-80.05794,46.10717],[-80.05577,46.10782],[-80.05556,46.10837],[-80.0566,46.10895],[-80.05635,46.10953],[-80.05366,46.1097],[-80.0529,46.11025],[-80.05101,46.10967],[-80.05061,46.11039],[-80.05156,46.11146],[-80.05091,46.112],[-80.05301,46.1117],[-80.05427,46.11219],[-80.05423,46.11272],[-80.05201,46.1121],[-80.04992,46.11227],[-80.04851,46.11296],[-80.04754,46.11297],[-80.04741,46.11326],[-80.04841,46.11343],[-80.0478,46.11382],[-80.04555,46.11425],[-80.0441,46.11411],[-80.0419,46.11506],[-80.0413,46.11614],[-80.03738,46.11615],[-80.03717,46.11701],[-80.03616,46.1179],[-80.0354,46.11809],[-80.0357,46.1178],[-80.03518,46.11774],[-80.03236,46.11894],[-80.03205,46.11959],[-80.03372,46.11983],[-80.03243,46.12139],[-80.02997,46.1213],[-80.02788,46.12179],[-80.02781,46.12212],[-80.02392,46.1239],[-80.02376,46.1249],[-80.02428,46.12506],[-80.0237,46.12553],[-80.02385,46.12607],[-80.01001,46.12619],[-80.0088,46.12639],[-80.00843,46.12682],[-80.00799,46.12654],[-80.00678,46.12692],[-80.007,46.12781],[-80.00788,46.128],[-80.00782,46.12896],[-80.00863,46.12936],[-80.00974,46.12876],[-80.01142,46.12835],[-80.01124,46.12869],[-80.00992,46.12886],[-80.0099,46.12918],[-80.01353,46.12879],[-80.01582,46.12762],[-80.01618,46.12795],[-80.01539,46.12797],[-80.01494,46.1283],[-80.01548,46.12835],[-80.0144,46.12869],[-80.01394,46.12987],[-80.01585,46.13039],[-80.01755,46.13019],[-80.01962,46.13101],[-80.0216,46.13098],[-80.02302,46.13018],[-80.0236,46.13058],[-80.02442,46.13034],[-80.02597,46.13062],[-80.02294,46.13134],[-80.02277,46.13179],[-80.02469,46.13198],[-80.02419,46.13226],[-80.02052,46.13205],[-80.01875,46.13297],[-80.01677,46.1333],[-80.01493,46.13309],[-80.01361,46.13366],[-80.01402,46.13465],[-80.01585,46.13386],[-80.01411,46.13509],[-80.01406,46.1357],[-80.01482,46.1357],[-80.01396,46.13608],[-80.01429,46.13703],[-80.01548,46.13701],[-80.01691,46.13777],[-80.01538,46.13792],[-80.01444,46.13828],[-80.01423,46.13879],[-80.01584,46.13955],[-80.01672,46.14106],[-80.01748,46.14134],[-80.01816,46.14077],[-80.01975,46.14073],[-80.02006,46.14039],[-80.0228,46.13987],[-80.02144,46.14121],[-80.0193,46.14165],[-80.01894,46.1427],[-80.01744,46.14296],[-80.01685,46.1424],[-80.01595,46.14287],[-80.01733,46.14456],[-80.01807,46.14441],[-80.01971,46.14521],[-80.02051,46.14496],[-80.02082,46.14556],[-80.02034,46.14667],[-80.02177,46.14689],[-80.02389,46.1483],[-80.02626,46.14916],[-80.02737,46.15031],[-80.02722,46.15079],[-80.02843,46.15015],[-80.03015,46.15126],[-80.03325,46.15038],[-80.03277,46.15091],[-80.03303,46.15132],[-80.03444,46.15161],[-80.03628,46.15143],[-80.03506,46.15178],[-80.03572,46.15199]]]]}},{"type":"Feature","properties":{"OGF_ID":67862803,"OFFICIAL_NAME":"Curve Lake 35A","OTHER_NAME":null,"INDIAN_RESERVE_LAND_TYPE":"Indian Reserve"},"geometry":{"type":"Polygon","coordinates":[[[-78.3958,44.48042],[-78.39653,44.48075],[-78.39598,44.48141],[-78.39662,44.48159],[-78.39844,44.48051],[-78.4017,44.47972],[-78.40517,44.48001],[-78.40578,44.4796],[-78.40539,44.47912],[-78.40442,44.47893],[-78.40557,44.47781],[-78.40454,44.47748],[-78.4047,44.47543],[-78.4063,44.47538],[-78.40878,44.47467],[-78.4105,44.47318],[-78.41012,44.47194],[-78.41247,44.4724],[-78.41366,44.47183],[-78.41297,44.47117],[-78.41042,44.47063],[-78.40885,44.46977],[-78.40899,44.4693],[-78.41048,44.46929],[-78.4117,44.46871],[-78.41211,44.46804],[-78.40928,44.46764],[-78.40954,44.46688],[-78.40879,44.46671],[-78.40911,44.46632],[-78.40817,44.46522],[-78.40958,44.46449],[-78.40846,44.46428],[-78.40758,44.4632],[-78.40506,44.46306],[-78.40434,44.46269],[-78.40446,44.46221],[-78.40558,44.46222],[-78.41081,44.45911],[-78.41039,44.45877],[-78.40907,44.45872],[-78.40554,44.45944],[-78.4028,44.45884],[-78.40515,44.45774],[-78.40549,44.45692],[-78.40499,44.45514],[-78.40331,44.45717],[-78.40067,44.45835],[-78.39453,44.4589],[-78.39276,44.46009],[-78.39008,44.46096],[-78.38485,44.46056],[-78.38537,44.46099],[-78.38495,44.46131],[-78.38674,44.46125],[-78.38877,44.46208],[-78.38865,44.46368],[-78.38959,44.46504],[-78.39074,44.46464],[-78.39148,44.46375],[-78.39455,44.46452],[-78.39562,44.46522],[-78.39601,44.46647],[-78.39575,44.46887],[-78.39442,44.46936],[-78.39466,44.46991],[-78.39373,44.47087],[-78.39309,44.47327],[-78.39118,44.47339],[-78.39177,44.47425],[-78.39193,44.47601],[-78.39284,44.47719],[-78.3928,44.47834],[-78.39229,44.47851],[-78.39312,44.479],[-78.39271,44.47926],[-78.3958,44.48042]]]}},{"type":"Feature","properties":{"OGF_ID":319899060,"OFFICIAL_NAME":"Curve Lake 35","OTHER_NAME":null,"INDIAN_RESERVE_LAND_TYPE":"Indian Reserve"},"geometry":{"type":"MultiPolygon","coordinates":[[[[-78.3388,44.49992],[-78.33863,44.50098],[-78.36799,44.49408],[-78.36937,44.49245],[-78.36883,44.49183],[-78.36945,44.49131],[-78.36879,44.49061],[-78.37209,44.48929],[-78.37298,44.48941],[-78.37417,44.49033],[-78.37494,44.48869],[-78.37425,44.48744],[-78.37435,44.48664],[-78.37734,44.48318],[-78.37849,44.4829],[-78.37889,44.48201],[-78.37758,44.48095],[-78.3768,44.48161],[-78.37492,44.4814],[-78.37441,44.48175],[-78.37327,44.48006],[-78.3741,44.47952],[-78.37361,44.47937],[-78.37446,44.47754],[-78.37297,44.4759],[-78.3715,44.47501],[-78.3728,44.47273],[-78.37163,44.47043],[-78.37206,44.46952],[-78.37411,44.46772],[-78.37764,44.46551],[-78.37852,44.46395],[-78.37837,44.46304],[-78.37717,44.4623],[-78.37739,44.46144],[-78.37811,44.46116],[-78.37769,44.46079],[-78.37804,44.45979],[-78.37718,44.45921],[-78.37981,44.45671],[-78.37926,44.45579],[-78.3758,44.45399],[-78.37389,44.4538],[-78.36598,44.45614],[-78.36332,44.46011],[-78.36299,44.46237],[-78.36368,44.46352],[-78.36274,44.46388],[-78.36299,44.46448],[-78.36355,44.46451],[-78.36315,44.46547],[-78.35764,44.47305],[-78.35361,44.47599],[-78.35256,44.48033],[-78.35129,44.48132],[-78.34994,44.48174],[-78.35146,44.4796],[-78.35199,44.4796],[-78.35165,44.47841],[-78.35065,44.47857],[-78.34608,44.48279],[-78.34483,44.48352],[-78.34081,44.48465],[-78.33794,44.48694],[-78.33697,44.48866],[-78.33707,44.4893],[-78.3374,44.48969],[-78.33906,44.48996],[-78.34225,44.48811],[-78.34284,44.48663],[-78.34544,44.48572],[-78.34685,44.48586],[-78.34616,44.49002],[-78.34708,44.4908],[-78.34599,44.49217],[-78.34578,44.49505],[-78.34293,44.49599],[-78.34287,44.49827],[-78.34206,44.49877],[-78.34055,44.49839],[-78.33989,44.49856],[-78.33957,44.49976],[-78.3388,44.49992]]],[[[-78.34798,44.51162],[-78.34837,44.51247],[-78.35367,44.51123],[-78.3546,44.51023],[-78.34938,44.49859],[-78.34419,44.49984],[-78.3433,44.50081],[-78.34256,44.50047],[-78.3415,44.50102],[-78.34229,44.50193],[-78.34357,44.50201],[-78.34798,44.51162]]],[[[-78.35416,44.50842],[-78.35528,44.51086],[-78.36345,44.50894],[-78.36339,44.5084],[-78.36428,44.50835],[-78.36526,44.50759],[-78.36502,44.50696],[-78.3643,44.50761],[-78.36305,44.50719],[-78.36308,44.50684],[-78.36115,44.50676],[-78.35646,44.49692],[-78.35144,44.4981],[-78.35058,44.49953],[-78.35071,44.50091],[-78.35416,44.50842]]]]}},{"type":"Feature","properties":{"OGF_ID":67860375,"OFFICIAL_NAME":"Chippewas of the Thames First Nation 42","OTHER_NAME":"Chippewas of the Thames First Nation","INDIAN_RESERVE_LAND_TYPE":"Indian Reserve"},"geometry":{"type":"MultiPolygon","coordinates":[[[[-81.46146,42.78132],[-81.46515,42.78134],[-81.46515,42.78047],[-81.46407,42.77937],[-81.46395,42.77525],[-81.46252,42.77442],[-81.45932,42.77377],[-81.44394,42.77378],[-81.4364,42.77305],[-81.43395,42.77319],[-81.43026,42.77249],[-81.41894,42.7747],[-81.42183,42.7784],[-81.4218,42.78182],[-81.42225,42.78231],[-81.42564,42.78209],[-81.42589,42.78222],[-81.4254,42.78231],[-81.42641,42.78233],[-81.42766,42.78147],[-81.42792,42.77974],[-81.43222,42.77773],[-81.43381,42.77815],[-81.43479,42.77971],[-81.43469,42.78458],[-81.43665,42.78897],[-81.43625,42.79283],[-81.43473,42.79459],[-81.43325,42.79547],[-81.43155,42.79594],[-81.42963,42.79579],[-81.42714,42.7952],[-81.4256,42.79401],[-81.42301,42.79468],[-81.4242,42.79623],[-81.42513,42.79901],[-81.42486,42.80061],[-81.42328,42.80311],[-81.42218,42.80599],[-81.42377,42.80888],[-81.42488,42.80916],[-81.4309,42.80816],[-81.43343,42.80842],[-81.43528,42.80995],[-81.43639,42.81276],[-81.43618,42.81573],[-81.44039,42.81886],[-81.43952,42.81963],[-81.4404,42.82002],[-81.45068,42.81993],[-81.45024,42.82032],[-81.44224,42.82026],[-81.44339,42.82114],[-81.44166,42.82179],[-81.44424,42.82558],[-81.45622,42.81537],[-81.45802,42.81488],[-81.45926,42.81996],[-81.47277,42.8199],[-81.4731,42.82015],[-81.45931,42.8202],[-81.45994,42.82328],[-81.44701,42.82486],[-81.44709,42.82517],[-81.44564,42.82533],[-81.44518,42.82505],[-81.44361,42.82644],[-81.44325,42.82775],[-81.44329,42.82846],[-81.46068,42.82633],[-81.46859,42.86132],[-81.49144,42.84151],[-81.50712,42.83744],[-81.5268,42.81993],[-81.51593,42.81998],[-81.51551,42.82036],[-81.50963,42.81596],[-81.51442,42.81179],[-81.52025,42.81617],[-81.51621,42.81973],[-81.52708,42.81968],[-81.54022,42.80815],[-81.53452,42.80368],[-81.53351,42.80455],[-81.52978,42.80777],[-81.52698,42.80568],[-81.52929,42.80373],[-81.53129,42.80204],[-81.53178,42.80162],[-81.52842,42.7993],[-81.52386,42.80329],[-81.52095,42.80117],[-81.52572,42.79706],[-81.48098,42.76331],[-81.47682,42.76352],[-81.47809,42.7657],[-81.47832,42.77024],[-81.47999,42.77046],[-81.48134,42.7696],[-81.48298,42.76964],[-81.4845,42.77074],[-81.48591,42.77331],[-81.48674,42.77601],[-81.48676,42.77876],[-81.48574,42.78054],[-81.4827,42.78341],[-81.48764,42.78779],[-81.48958,42.78617],[-81.49016,42.78568],[-81.49584,42.78998],[-81.49348,42.79208],[-81.47217,42.81068],[-81.47166,42.81112],[-81.46587,42.80676],[-81.47068,42.80255],[-81.46468,42.79809],[-81.46393,42.79875],[-81.46273,42.79784],[-81.46247,42.79692],[-81.46248,42.79651],[-81.46149,42.79635],[-81.46131,42.796],[-81.46128,42.79544],[-81.46175,42.79501],[-81.46175,42.79436],[-81.46232,42.79366],[-81.46163,42.79264],[-81.46153,42.79217],[-81.46121,42.79143],[-81.45505,42.79477],[-81.45063,42.79207],[-81.44533,42.78885],[-81.4627,42.78894],[-81.46271,42.78881],[-81.4627,42.78518],[-81.46393,42.78519],[-81.46393,42.78708],[-81.46516,42.78514],[-81.46516,42.78317],[-81.46393,42.78317],[-81.46393,42.785],[-81.4627,42.785],[-81.45779,42.78498],[-81.45778,42.78314],[-81.46024,42.78315],[-81.46023,42.78132],[-81.459,42.78131],[-81.459,42.77949],[-81.45899,42.77765],[-81.46022,42.77765],[-81.46023,42.78132],[-81.46146,42.78132]],[[-81.47598,42.82014],[-81.47312,42.8199],[-81.48239,42.81987],[-81.48145,42.82012],[-81.47598,42.82014]],[[-81.51466,42.81999],[-81.50491,42.82002],[-81.50517,42.81978],[-81.5143,42.81974],[-81.51466,42.81999]],[[-81.49379,42.81982],[-81.50486,42.81978],[-81.50448,42.82002],[-81.48149,42.8203],[-81.48312,42.81986],[-81.49379,42.81982]],[[-81.45015,42.78133],[-81.45261,42.78129],[-81.45261,42.78312],[-81.45384,42.78313],[-81.45385,42.78496],[-81.45323,42.78496],[-81.44893,42.78494],[-81.44893,42.78311],[-81.45015,42.78311],[-81.45015,42.78133]],[[-81.45263,42.78876],[-81.44894,42.78874],[-81.44893,42.78512],[-81.45385,42.78514],[-81.45386,42.78876],[-81.45263,42.78876]],[[-81.47567,42.81414],[-81.47185,42.81126],[-81.47425,42.80914],[-81.47983,42.81343],[-81.47878,42.81435],[-81.47741,42.81544],[-81.47567,42.81414]],[[-81.50067,42.80946],[-81.4959,42.81363],[-81.49442,42.81251],[-81.49294,42.8114],[-81.49769,42.80721],[-81.49918,42.80834],[-81.50067,42.80946]],[[-81.51203,42.80416],[-81.51324,42.80313],[-81.51901,42.80749],[-81.51903,42.8075],[-81.51663,42.80958],[-81.51086,42.80522],[-81.51082,42.80519],[-81.50845,42.80727],[-81.50844,42.80728],[-81.51134,42.80948],[-81.51424,42.81167],[-81.50946,42.81583],[-81.50366,42.81146],[-81.50844,42.80728],[-81.507,42.8062],[-81.50462,42.80831],[-81.50224,42.81039],[-81.49785,42.80707],[-81.50503,42.80083],[-81.51082,42.80519],[-81.51203,42.80416]],[[-81.4954,42.80521],[-81.4872,42.79899],[-81.48647,42.79843],[-81.49364,42.79221],[-81.49921,42.79648],[-81.50164,42.79437],[-81.50728,42.79863],[-81.50576,42.79994],[-81.50008,42.80486],[-81.49768,42.80694],[-81.4954,42.80521]],[[-81.48228,42.81129],[-81.47666,42.80703],[-81.48631,42.79857],[-81.49753,42.80708],[-81.49515,42.80917],[-81.4895,42.80492],[-81.48716,42.807],[-81.49277,42.81127],[-81.48813,42.81532],[-81.48228,42.81129]]],[[[-81.51535,42.84689],[-81.51505,42.84636],[-81.51568,42.84619],[-81.51598,42.84673],[-81.51909,42.84538],[-81.52321,42.84195],[-81.5177,42.83767],[-81.52708,42.82934],[-81.52139,42.82506],[-81.50727,42.83759],[-81.49942,42.83962],[-81.5051,42.84388],[-81.50899,42.84287],[-81.51459,42.84709],[-81.51535,42.84689]]],[[[-81.43284,42.82392],[-81.4333,42.82532],[-81.43883,42.82733],[-81.44085,42.82858],[-81.44321,42.82649],[-81.44342,42.82507],[-81.44249,42.82345],[-81.44165,42.82372],[-81.43743,42.82223],[-81.43765,42.82041],[-81.434,42.82057],[-81.43284,42.82392]]],[[[-81.41043,42.83491],[-81.40993,42.83507],[-81.41559,42.83931],[-81.42396,42.83517],[-81.42205,42.83377],[-81.41858,42.83315],[-81.41043,42.83491]]],[[[-81.47465,42.7587],[-81.47653,42.76294],[-81.48028,42.76279],[-81.47403,42.75801],[-81.47465,42.7587]]],[[[-81.44101,42.8213],[-81.44078,42.82096],[-81.43953,42.82142],[-81.43976,42.82175],[-81.44101,42.8213]]]]}},{"type":"Feature","properties":{"OGF_ID":67860083,"OFFICIAL_NAME":"Munsee-Delaware Nation 1","OTHER_NAME":"Munsee-Delaware Nation","INDIAN_RESERVE_LAND_TYPE":"Indian Reserve"},"geometry":{"type":"MultiPolygon","coordinates":[[[[-81.4708,42.80248],[-81.46596,42.8067],[-81.47169,42.8111],[-81.47217,42.81068],[-81.49348,42.79208],[-81.49579,42.79002],[-81.49009,42.78574],[-81.48958,42.78617],[-81.48764,42.78779],[-81.48249,42.78339],[-81.47944,42.78447],[-81.47301,42.78459],[-81.47211,42.78527],[-81.47099,42.78551],[-81.46867,42.78253],[-81.46515,42.78047],[-81.46515,42.78134],[-81.46023,42.78134],[-81.46024,42.78315],[-81.45778,42.78316],[-81.45779,42.78498],[-81.4627,42.785],[-81.46391,42.785],[-81.46393,42.78317],[-81.46516,42.78317],[-81.46516,42.78514],[-81.46393,42.78708],[-81.4639,42.78521],[-81.4627,42.7852],[-81.46271,42.78881],[-81.4627,42.78894],[-81.44537,42.78887],[-81.45063,42.79207],[-81.45505,42.79477],[-81.46121,42.79143],[-81.46153,42.79217],[-81.46163,42.79264],[-81.46232,42.79366],[-81.46175,42.79436],[-81.46175,42.79501],[-81.46128,42.79544],[-81.46131,42.796],[-81.46248,42.79651],[-81.46247,42.79692],[-81.46281,42.7979],[-81.46393,42.79875],[-81.46468,42.79809],[-81.4708,42.80248]]],[[[-81.44101,42.82093],[-81.44129,42.82134],[-81.44284,42.82073],[-81.4425,42.82047],[-81.44101,42.82093]]],[[[-81.51465,42.81975],[-81.51551,42.82036],[-81.51593,42.81998],[-81.51621,42.81973],[-81.52025,42.81617],[-81.51443,42.81181],[-81.50965,42.81597],[-81.51465,42.81975]]],[[[-81.50367,42.81147],[-81.50946,42.81583],[-81.51424,42.81167],[-81.51134,42.80948],[-81.50846,42.8073],[-81.50367,42.81147]]],[[[-81.47185,42.81126],[-81.47185,42.81126],[-81.47567,42.81414],[-81.47741,42.81544],[-81.47878,42.81435],[-81.47983,42.81343],[-81.47426,42.80915],[-81.47185,42.81126]]],[[[-81.47675,42.80697],[-81.48813,42.81532],[-81.49277,42.81127],[-81.48716,42.807],[-81.4895,42.80492],[-81.49515,42.80917],[-81.49753,42.80708],[-81.48632,42.79858],[-81.47675,42.80697]]],[[[-81.49296,42.81141],[-81.49442,42.81251],[-81.4959,42.81363],[-81.50067,42.80947],[-81.49918,42.80834],[-81.4977,42.80722],[-81.49296,42.81141]]],[[[-81.49786,42.80708],[-81.50224,42.81039],[-81.50462,42.80831],[-81.507,42.8062],[-81.50845,42.80727],[-81.51082,42.80519],[-81.50505,42.80084],[-81.49786,42.80708]]],[[[-81.51086,42.80522],[-81.51086,42.80522],[-81.51663,42.80958],[-81.51903,42.8075],[-81.51901,42.80749],[-81.51324,42.80314],[-81.51086,42.80522]]],[[[-81.53129,42.80204],[-81.52929,42.80373],[-81.52698,42.80568],[-81.52978,42.80777],[-81.53351,42.80455],[-81.5345,42.80369],[-81.53176,42.80164],[-81.53129,42.80204]]],[[[-81.48648,42.79844],[-81.4872,42.79899],[-81.49768,42.80694],[-81.50008,42.80486],[-81.50576,42.79994],[-81.50726,42.79864],[-81.50162,42.79441],[-81.49919,42.79651],[-81.49358,42.79227],[-81.48648,42.79844]]],[[[-81.52099,42.80118],[-81.52386,42.80329],[-81.52842,42.7993],[-81.52573,42.79709],[-81.52099,42.80118]]],[[[-81.44894,42.78874],[-81.45263,42.78876],[-81.45383,42.78876],[-81.45382,42.78516],[-81.44893,42.78514],[-81.44894,42.78874]]],[[[-81.44893,42.78494],[-81.45323,42.78496],[-81.45382,42.78496],[-81.45382,42.78315],[-81.45259,42.78314],[-81.45258,42.78131],[-81.45015,42.78133],[-81.45015,42.78311],[-81.44893,42.78313],[-81.44893,42.78494]]],[[[-81.459,42.77949],[-81.459,42.78131],[-81.46021,42.78132],[-81.46019,42.77767],[-81.45899,42.77766],[-81.459,42.77949]]]]}},{"type":"Feature","properties":{"OGF_ID":67860377,"OFFICIAL_NAME":"Kettle Point 44","OTHER_NAME":"Chippewas of Kettle and Stony Point First Nation","INDIAN_RESERVE_LAND_TYPE":"Indian Reserve"},"geometry":{"type":"MultiPolygon","coordinates":[[[[-82.01613,43.21622],[-82.01721,43.21618],[-82.02033,43.21321],[-82.02303,43.21227],[-82.02257,43.20971],[-82.02305,43.2093],[-82.02251,43.20921],[-82.02196,43.20772],[-82.02011,43.2059],[-82.02013,43.20488],[-82.02091,43.20452],[-82.02466,43.20523],[-82.02419,43.20509],[-82.0207,43.20444],[-82.02026,43.20466],[-82.0206,43.20429],[-82.02461,43.20507],[-82.0203,43.2041],[-82.02125,43.20211],[-82.02231,43.20173],[-82.02174,43.20159],[-82.02207,43.20135],[-82.0229,43.20171],[-82.0233,43.2016],[-82.02483,43.2023],[-82.02448,43.20192],[-82.02289,43.20119],[-82.02303,43.20164],[-82.02227,43.20142],[-82.02223,43.20066],[-82.02454,43.20076],[-82.02216,43.20055],[-82.02335,43.19997],[-82.02144,43.1959],[-82.02102,43.19651],[-82.02094,43.19589],[-82.0214,43.19566],[-82.02051,43.19354],[-82.0213,43.19357],[-82.02138,43.19327],[-82.02035,43.19306],[-82.0202,43.19249],[-82.02006,43.19281],[-82.0197,43.19262],[-82.02015,43.19209],[-82.01958,43.19233],[-82.01935,43.19207],[-82.01985,43.19161],[-82.01912,43.19189],[-82.01888,43.19165],[-82.02,43.19127],[-82.01996,43.19126],[-82.0198,43.19127],[-82.01947,43.19132],[-82.01917,43.19142],[-82.01883,43.19143],[-82.0192,43.19093],[-82.01859,43.19125],[-82.01823,43.1907],[-82.01893,43.19062],[-82.01757,43.1903],[-82.01807,43.19011],[-82.01729,43.18976],[-82.01803,43.18928],[-82.01675,43.18937],[-82.01778,43.18909],[-82.01654,43.1891],[-82.01647,43.18793],[-82.01583,43.18778],[-82.01622,43.18773],[-82.01607,43.18737],[-82.01653,43.18752],[-82.01675,43.18671],[-82.01584,43.18613],[-82.016,43.18468],[-82.01655,43.18431],[-82.01615,43.18421],[-82.01652,43.18367],[-82.0176,43.18385],[-82.01691,43.18342],[-82.0182,43.18182],[-82.01751,43.18117],[-82.01853,43.18141],[-82.01864,43.18073],[-82.01917,43.18081],[-82.0183,43.18042],[-82.01837,43.18012],[-82.01995,43.18061],[-82.01843,43.17997],[-82.02037,43.18035],[-82.01868,43.17977],[-82.02038,43.18023],[-82.01947,43.17977],[-82.02027,43.17876],[-81.99957,43.17864],[-81.99777,43.17458],[-81.98855,43.17666],[-81.98935,43.17987],[-81.98952,43.20674],[-81.99949,43.20669],[-81.99951,43.20806],[-82.00939,43.20814],[-82.00942,43.21131],[-82.01319,43.21275],[-82.01553,43.21417],[-82.01638,43.21529],[-82.01613,43.21622]]],[[[-81.98429,43.16615],[-81.9849,43.16911],[-81.98829,43.17643],[-81.99304,43.17525],[-81.98856,43.16578],[-81.9843,43.16571],[-81.98429,43.16615]]],[[[-81.95034,43.21871],[-81.95071,43.21921],[-81.95284,43.21839],[-81.9543,43.21858],[-81.9561,43.21823],[-81.95654,43.21709],[-81.95932,43.21616],[-81.95621,43.21151],[-81.94758,43.21493],[-81.95034,43.21871]]]]}},{"type":"Feature","properties":{"OGF_ID":67868970,"OFFICIAL_NAME":"Tyendinaga Mohawk Territory","OTHER_NAME":null,"INDIAN_RESERVE_LAND_TYPE":"Indian Reserve"},"geometry":{"type":"MultiPolygon","coordinates":[[[[-77.10827,44.22663],[-77.11576,44.22569],[-77.11535,44.22486],[-77.11639,44.22466],[-77.11678,44.2255],[-77.12088,44.22478],[-77.11784,44.21816],[-77.21191,44.20517],[-77.21637,44.20231],[-77.21742,44.20207],[-77.21279,44.20504],[-77.23422,44.20202],[-77.2307,44.19507],[-77.22559,44.19634],[-77.22446,44.19413],[-77.23287,44.19295],[-77.23079,44.19487],[-77.23305,44.19442],[-77.2347,44.19278],[-77.23495,44.19145],[-77.23925,44.18862],[-77.24006,44.18756],[-77.2411,44.18725],[-77.24147,44.18787],[-77.24303,44.18683],[-77.24653,44.19419],[-77.25577,44.19091],[-77.24863,44.17668],[-77.25016,44.17644],[-77.25164,44.1768],[-77.25127,44.17555],[-77.24975,44.17454],[-77.24979,44.17375],[-77.24897,44.17281],[-77.25098,44.17084],[-77.24895,44.17187],[-77.24848,44.17141],[-77.24784,44.17145],[-77.24527,44.17258],[-77.24428,44.17395],[-77.24465,44.17434],[-77.24423,44.17525],[-77.24472,44.17591],[-77.24367,44.17657],[-77.2412,44.17654],[-77.23686,44.17803],[-77.23022,44.17954],[-77.22904,44.17926],[-77.22541,44.17731],[-77.22112,44.17429],[-77.2182,44.17431],[-77.21753,44.17399],[-77.21302,44.17085],[-77.21053,44.16849],[-77.20945,44.16847],[-77.20858,44.16782],[-77.20939,44.16673],[-77.20939,44.16621],[-77.20891,44.16634],[-77.20873,44.16595],[-77.20898,44.16479],[-77.20995,44.16436],[-77.21156,44.16447],[-77.21107,44.16427],[-77.21156,44.16259],[-77.21449,44.15801],[-77.21449,44.15724],[-77.21435,44.15759],[-77.21331,44.15714],[-77.214,44.15525],[-77.21385,44.15491],[-77.21382,44.15533],[-77.21317,44.15522],[-77.21332,44.15491],[-77.21178,44.15577],[-77.20993,44.15599],[-77.21115,44.15599],[-77.20632,44.15786],[-77.20585,44.15746],[-77.20438,44.15757],[-77.20533,44.15759],[-77.20378,44.1585],[-77.20412,44.15883],[-77.20322,44.15823],[-77.20152,44.15889],[-77.20062,44.15859],[-77.20028,44.15782],[-77.1979,44.15913],[-77.19758,44.15919],[-77.19767,44.15888],[-77.19697,44.15907],[-77.19629,44.15981],[-77.19489,44.15987],[-77.1939,44.15948],[-77.19382,44.15874],[-77.19475,44.15776],[-77.19363,44.158],[-77.19198,44.15724],[-77.19034,44.1573],[-77.18276,44.16],[-77.18263,44.16042],[-77.18359,44.16002],[-77.1846,44.16022],[-77.18466,44.1606],[-77.18444,44.16087],[-77.18344,44.16018],[-77.18357,44.16178],[-77.18076,44.16376],[-77.17775,44.16405],[-77.17425,44.16548],[-77.16943,44.16662],[-77.16947,44.16734],[-77.16883,44.16731],[-77.16921,44.16666],[-77.16709,44.16674],[-77.16634,44.16608],[-77.1668,44.16578],[-77.16507,44.16565],[-77.16313,44.16493],[-77.16292,44.16437],[-77.16091,44.16323],[-77.14943,44.16166],[-77.14284,44.16282],[-77.13914,44.16372],[-77.13828,44.16425],[-77.13779,44.16428],[-77.13816,44.16382],[-77.13669,44.16389],[-77.13556,44.16467],[-77.13638,44.16593],[-77.13568,44.16677],[-77.13397,44.16731],[-77.13207,44.16896],[-77.13015,44.16982],[-77.12931,44.17113],[-77.12883,44.17105],[-77.127,44.17205],[-77.12508,44.17359],[-77.12427,44.17367],[-77.12194,44.17595],[-77.12147,44.176],[-77.12245,44.17543],[-77.12448,44.17258],[-77.12554,44.1708],[-77.12515,44.17067],[-77.13025,44.16622],[-77.131,44.16497],[-77.12984,44.16495],[-77.12727,44.1658],[-77.12135,44.16932],[-77.11433,44.16968],[-77.11452,44.1702],[-77.11378,44.16987],[-77.11331,44.1702],[-77.11022,44.17032],[-77.10975,44.17094],[-77.10828,44.17094],[-77.10736,44.17134],[-77.10762,44.17174],[-77.10703,44.17184],[-77.10704,44.1722],[-77.10581,44.17209],[-77.10595,44.17242],[-77.10431,44.17303],[-77.10318,44.17403],[-77.10001,44.17487],[-77.0966,44.17513],[-77.09761,44.17562],[-77.09852,44.17782],[-77.09801,44.17706],[-77.09729,44.17695],[-77.09726,44.17631],[-77.09629,44.17619],[-77.09553,44.17552],[-77.09435,44.17533],[-77.09453,44.17567],[-77.09289,44.17522],[-77.08913,44.17546],[-77.08716,44.1763],[-77.08746,44.1834],[-77.09245,44.19307],[-77.09403,44.19373],[-77.09271,44.1938],[-77.10182,44.21149],[-77.10827,44.22663]],[[-77.23618,44.18952],[-77.23427,44.19104],[-77.23301,44.18853],[-77.23749,44.18672],[-77.23822,44.18808],[-77.23618,44.18952]]],[[[-77.06366,44.19124],[-77.06626,44.19607],[-77.08538,44.19132],[-77.08772,44.19126],[-77.09195,44.19304],[-77.08709,44.18368],[-77.08625,44.1766],[-77.08573,44.17724],[-77.08276,44.17862],[-77.08015,44.17959],[-77.07825,44.17986],[-77.07361,44.182],[-77.07294,44.18178],[-77.07276,44.18228],[-77.07073,44.18217],[-77.07098,44.18244],[-77.06769,44.18402],[-77.06604,44.1852],[-77.06642,44.18582],[-77.06252,44.18864],[-77.06186,44.18792],[-77.06366,44.19124]]],[[[-77.24432,44.20065],[-77.25541,44.19911],[-77.2591,44.19764],[-77.25589,44.19115],[-77.24199,44.19598],[-77.24432,44.20065]]],[[[-77.06289,44.21691],[-77.06688,44.22537],[-77.10469,44.21997],[-77.10127,44.21171],[-77.0919,44.19366],[-77.08827,44.19188],[-77.08598,44.19153],[-77.07109,44.19488],[-77.06681,44.19633],[-77.06701,44.19696],[-77.06666,44.19631],[-77.06083,44.19624],[-77.06188,44.19829],[-77.0543,44.19934],[-77.06289,44.21691]]],[[[-77.11466,44.22823],[-77.11955,44.22752],[-77.11854,44.22548],[-77.11354,44.22636],[-77.11466,44.22823]]]]}},{"type":"Feature","properties":{"OGF_ID":67860386,"OFFICIAL_NAME":"Mississaugas of Scugog Island","OTHER_NAME":null,"INDIAN_RESERVE_LAND_TYPE":"Indian Reserve"},"geometry":{"type":"MultiPolygon","coordinates":[[[[-78.87612,44.20115],[-78.89434,44.19699],[-78.88902,44.18493],[-78.88731,44.18532],[-78.879,44.19717],[-78.8794,44.19806],[-78.87813,44.19834],[-78.87612,44.20115]]],[[[-78.89243,44.17066],[-78.88385,44.17257],[-78.88848,44.18311],[-78.89239,44.17746],[-78.89425,44.17026],[-78.89243,44.17066]]],[[[-78.89256,44.17798],[-78.88862,44.18342],[-78.88918,44.1847],[-78.89611,44.18318],[-78.89308,44.17603],[-78.89256,44.17798]]],[[[-78.88202,44.18652],[-78.87487,44.18815],[-78.87883,44.19681],[-78.88682,44.18543],[-78.88202,44.18652]]]]}},{"type":"Feature","properties":{"OGF_ID":67860178,"OFFICIAL_NAME":"Parry Island First Nation","OTHER_NAME":null,"INDIAN_RESERVE_LAND_TYPE":"Indian Reserve"},"geometry":{"type":"MultiPolygon","coordinates":[[[[-80.18522,45.32884],[-80.18673,45.32882],[-80.18565,45.32814],[-80.18585,45.32769],[-80.18834,45.32791],[-80.19052,45.32725],[-80.19167,45.3259],[-80.19136,45.32529],[-80.18985,45.32455],[-80.18595,45.32425],[-80.18555,45.3229],[-80.18593,45.32137],[-80.18811,45.32087],[-80.18972,45.32107],[-80.19498,45.32052],[-80.1974,45.32092],[-80.20048,45.3207],[-80.20192,45.32135],[-80.2032,45.3205],[-80.20562,45.3197],[-80.20886,45.31643],[-80.21342,45.31473],[-80.21655,45.3127],[-80.21774,45.30975],[-80.22045,45.30817],[-80.21961,45.30708],[-80.21772,45.30725],[-80.21697,45.30614],[-80.21913,45.30313],[-80.22299,45.29999],[-80.22412,45.30002],[-80.22468,45.29924],[-80.22472,45.2989],[-80.22378,45.29898],[-80.22343,45.29832],[-80.2253,45.29691],[-80.225,45.29628],[-80.22579,45.29615],[-80.2241,45.29601],[-80.22277,45.29695],[-80.2222,45.29596],[-80.22375,45.2942],[-80.22291,45.29296],[-80.22508,45.2911],[-80.22656,45.2885],[-80.22604,45.28825],[-80.22455,45.28923],[-80.2239,45.28921],[-80.2239,45.28991],[-80.22225,45.29114],[-80.2211,45.29142],[-80.221,45.29086],[-80.22206,45.29065],[-80.22268,45.29005],[-80.22223,45.28903],[-80.22371,45.28883],[-80.22436,45.28792],[-80.22241,45.28791],[-80.22177,45.28888],[-80.22083,45.28934],[-80.22073,45.28855],[-80.21689,45.28821],[-80.21689,45.28637],[-80.21481,45.28503],[-80.21661,45.28543],[-80.21842,45.28518],[-80.21774,45.2849],[-80.21963,45.28422],[-80.21999,45.28361],[-80.21951,45.28306],[-80.22101,45.28258],[-80.22119,45.2822],[-80.21954,45.28144],[-80.21778,45.2825],[-80.21789,45.28182],[-80.21901,45.28133],[-80.21913,45.2805],[-80.22148,45.28041],[-80.22145,45.27971],[-80.22255,45.27915],[-80.22267,45.27835],[-80.22121,45.27798],[-80.22082,45.27682],[-80.21999,45.27653],[-80.22029,45.27606],[-80.21981,45.27552],[-80.21988,45.27444],[-80.21864,45.2744],[-80.21956,45.27323],[-80.21822,45.2734],[-80.21784,45.27383],[-80.21837,45.27439],[-80.21752,45.275],[-80.2175,45.2758],[-80.21805,45.27754],[-80.2186,45.27748],[-80.21762,45.2786],[-80.21613,45.27874],[-80.21695,45.27803],[-80.21713,45.27704],[-80.21675,45.27575],[-80.21625,45.2757],[-80.21018,45.28069],[-80.20786,45.28188],[-80.20647,45.28141],[-80.20593,45.28018],[-80.2065,45.27964],[-80.20616,45.27914],[-80.20675,45.27931],[-80.20712,45.27892],[-80.20914,45.28063],[-80.21111,45.27924],[-80.21158,45.27685],[-80.2123,45.27636],[-80.21311,45.2766],[-80.21388,45.27627],[-80.21435,45.27575],[-80.2137,45.27544],[-80.21467,45.27491],[-80.21325,45.2733],[-80.21296,45.27244],[-80.21348,45.27188],[-80.21277,45.27132],[-80.20387,45.26767],[-80.20392,45.26662],[-80.20368,45.26682],[-80.20302,45.2655],[-80.20332,45.26412],[-80.20385,45.26455],[-80.2042,45.26434],[-80.2046,45.26475],[-80.20547,45.26457],[-80.20574,45.26501],[-80.20643,45.26499],[-80.20659,45.26455],[-80.20846,45.26391],[-80.20851,45.26344],[-80.20886,45.26361],[-80.20916,45.26307],[-80.20959,45.26322],[-80.20891,45.26196],[-80.20826,45.26167],[-80.20903,45.26129],[-80.21089,45.26417],[-80.21094,45.26537],[-80.21141,45.26582],[-80.21247,45.26531],[-80.21315,45.2658],[-80.21397,45.26496],[-80.21526,45.26501],[-80.2158,45.26458],[-80.21577,45.26354],[-80.21443,45.26222],[-80.21382,45.26275],[-80.2138,45.26172],[-80.21225,45.26203],[-80.21289,45.26145],[-80.21397,45.26141],[-80.2132,45.26021],[-80.21235,45.25964],[-80.21219,45.25992],[-80.21301,45.2604],[-80.21134,45.26026],[-80.21202,45.2601],[-80.21149,45.25915],[-80.21066,45.25894],[-80.21067,45.25941],[-80.21039,45.25926],[-80.2103,45.25651],[-80.21075,45.25722],[-80.21083,45.25641],[-80.20985,45.25533],[-80.2103,45.25472],[-80.20972,45.25396],[-80.20888,45.25415],[-80.20868,45.25539],[-80.20845,45.2544],[-80.20772,45.25426],[-80.20619,45.25484],[-80.20569,45.25623],[-80.20497,45.25521],[-80.20349,45.2556],[-80.20277,45.25635],[-80.20286,45.25864],[-80.20107,45.25926],[-80.20047,45.2601],[-80.20088,45.2619],[-80.20041,45.26274],[-80.2012,45.26557],[-80.19985,45.26514],[-80.19897,45.26423],[-80.19937,45.26292],[-80.19908,45.26278],[-80.1987,45.2634],[-80.19858,45.26313],[-80.19996,45.25899],[-80.19987,45.25718],[-80.19874,45.25648],[-80.19836,45.25574],[-80.19677,45.25567],[-80.19523,45.25459],[-80.19226,45.25383],[-80.19334,45.25371],[-80.19578,45.2545],[-80.1967,45.25384],[-80.19674,45.25455],[-80.19763,45.25447],[-80.19885,45.25499],[-80.19936,45.25474],[-80.19817,45.24938],[-80.1965,45.24854],[-80.1959,45.24884],[-80.19361,45.24873],[-80.19434,45.24656],[-80.1956,45.24738],[-80.19551,45.24813],[-80.19745,45.24822],[-80.19718,45.24473],[-80.1959,45.24165],[-80.19631,45.23976],[-80.19556,45.23587],[-80.195,45.23587],[-80.19421,45.23663],[-80.19479,45.2383],[-80.19427,45.23869],[-80.1947,45.2402],[-80.19438,45.24092],[-80.19491,45.24142],[-80.19427,45.24212],[-80.19477,45.24318],[-80.19441,45.24419],[-80.19338,45.24382],[-80.19364,45.24527],[-80.19179,45.24548],[-80.1909,45.24644],[-80.19015,45.24549],[-80.19149,45.24442],[-80.19146,45.24401],[-80.19098,45.24429],[-80.19067,45.244],[-80.19045,45.24455],[-80.18967,45.24326],[-80.1901,45.24309],[-80.19036,45.24372],[-80.19147,45.24227],[-80.19066,45.2414],[-80.1896,45.24246],[-80.1895,45.2417],[-80.18873,45.24141],[-80.18754,45.24229],[-80.18713,45.2443],[-80.18594,45.24538],[-80.18516,45.24731],[-80.18514,45.2465],[-80.1822,45.2447],[-80.18115,45.24503],[-80.18075,45.24483],[-80.18015,45.24316],[-80.1797,45.24278],[-80.17888,45.24298],[-80.17971,45.24214],[-80.17842,45.24118],[-80.17824,45.24477],[-80.17767,45.24452],[-80.17773,45.24316],[-80.17696,45.24375],[-80.17392,45.24368],[-80.17485,45.24337],[-80.17562,45.24345],[-80.17565,45.24263],[-80.17352,45.24048],[-80.17277,45.24054],[-80.17147,45.23998],[-80.17141,45.23833],[-80.16771,45.23703],[-80.16781,45.23648],[-80.16936,45.23525],[-80.16927,45.23448],[-80.16974,45.23433],[-80.17085,45.23496],[-80.17161,45.23724],[-80.17366,45.23883],[-80.17393,45.23974],[-80.17528,45.23821],[-80.17623,45.23775],[-80.17606,45.23637],[-80.17692,45.23552],[-80.1767,45.23382],[-80.17625,45.23358],[-80.1753,45.23415],[-80.17481,45.23404],[-80.17468,45.23253],[-80.17661,45.23025],[-80.17693,45.2285],[-80.17844,45.22622],[-80.17966,45.2259],[-80.18044,45.22455],[-80.17983,45.22357],[-80.17764,45.22255],[-80.17659,45.22307],[-80.1751,45.22287],[-80.17412,45.22354],[-80.17406,45.22387],[-80.17467,45.22377],[-80.17463,45.22402],[-80.17404,45.22495],[-80.17243,45.22592],[-80.17073,45.2308],[-80.16966,45.231],[-80.1692,45.22915],[-80.1686,45.23014],[-80.16863,45.22935],[-80.16956,45.22842],[-80.16784,45.22928],[-80.16795,45.23116],[-80.16762,45.23252],[-80.1671,45.2329],[-80.16789,45.23285],[-80.16786,45.23405],[-80.16703,45.23472],[-80.16619,45.23292],[-80.16626,45.23143],[-80.16582,45.2319],[-80.16533,45.23315],[-80.16579,45.23405],[-80.16463,45.23453],[-80.16418,45.23552],[-80.16543,45.23626],[-80.16471,45.23662],[-80.16454,45.23888],[-80.16319,45.24101],[-80.16295,45.24301],[-80.16245,45.2433],[-80.16128,45.24316],[-80.16129,45.24631],[-80.16175,45.24734],[-80.15918,45.24927],[-80.15865,45.2516],[-80.15771,45.25131],[-80.15679,45.25189],[-80.15656,45.25339],[-80.15559,45.2533],[-80.15586,45.25248],[-80.15464,45.2532],[-80.15463,45.25453],[-80.15339,45.25524],[-80.15326,45.25586],[-80.15444,45.25577],[-80.15529,45.25508],[-80.15565,45.25541],[-80.15538,45.25631],[-80.15758,45.25454],[-80.15791,45.25555],[-80.1571,45.25598],[-80.15692,45.25668],[-80.156,45.25607],[-80.15501,45.25662],[-80.1538,45.25824],[-80.15379,45.25951],[-80.1522,45.25987],[-80.15188,45.26034],[-80.15152,45.26013],[-80.1516,45.26048],[-80.15065,45.2611],[-80.15199,45.26346],[-80.15659,45.26256],[-80.15867,45.26067],[-80.15863,45.25808],[-80.16044,45.25808],[-80.16072,45.25899],[-80.15999,45.26032],[-80.16022,45.26116],[-80.16065,45.26123],[-80.16016,45.26272],[-80.16074,45.26291],[-80.16163,45.26172],[-80.16232,45.26162],[-80.16266,45.2618],[-80.16158,45.26206],[-80.16169,45.2627],[-80.16214,45.26213],[-80.16234,45.26278],[-80.16382,45.26322],[-80.16477,45.26402],[-80.16589,45.26387],[-80.16608,45.26551],[-80.16683,45.26593],[-80.16611,45.26732],[-80.16419,45.26863],[-80.16269,45.26907],[-80.16235,45.26875],[-80.16363,45.26765],[-80.16299,45.26678],[-80.16193,45.26829],[-80.16175,45.26958],[-80.16046,45.26966],[-80.15968,45.26933],[-80.15888,45.2697],[-80.15887,45.26857],[-80.15714,45.26792],[-80.15695,45.26741],[-80.15661,45.26771],[-80.15693,45.26813],[-80.15574,45.2686],[-80.15548,45.26946],[-80.15498,45.26963],[-80.15393,45.26922],[-80.15377,45.26858],[-80.15132,45.26897],[-80.15188,45.26829],[-80.15153,45.26791],[-80.15006,45.26815],[-80.14726,45.26758],[-80.14249,45.26885],[-80.14163,45.27026],[-80.14028,45.27107],[-80.14208,45.27236],[-80.14295,45.27224],[-80.14498,45.27291],[-80.14459,45.27394],[-80.14653,45.27503],[-80.1462,45.27606],[-80.14909,45.27773],[-80.15284,45.27765],[-80.1519,45.27886],[-80.14961,45.27944],[-80.14744,45.28075],[-80.14624,45.27905],[-80.14573,45.2791],[-80.14544,45.2797],[-80.14272,45.27964],[-80.14111,45.28019],[-80.1407,45.27925],[-80.13858,45.27852],[-80.13452,45.27829],[-80.133,45.27898],[-80.13103,45.27897],[-80.13112,45.27971],[-80.1305,45.28031],[-80.12875,45.28042],[-80.12776,45.27975],[-80.12647,45.28018],[-80.12644,45.28091],[-80.12598,45.28101],[-80.12418,45.28029],[-80.12578,45.27938],[-80.12329,45.27895],[-80.12284,45.27908],[-80.12261,45.28071],[-80.12428,45.2809],[-80.12495,45.28133],[-80.12308,45.2816],[-80.12118,45.28091],[-80.12175,45.28012],[-80.11947,45.28076],[-80.11952,45.27982],[-80.12179,45.27829],[-80.12311,45.27856],[-80.12568,45.2773],[-80.12318,45.27753],[-80.1226,45.27796],[-80.12198,45.27762],[-80.12023,45.27786],[-80.11822,45.28005],[-80.11904,45.28001],[-80.11858,45.28042],[-80.11774,45.28035],[-80.11747,45.27985],[-80.11782,45.27855],[-80.11332,45.27862],[-80.1143,45.27748],[-80.11332,45.27732],[-80.11141,45.27825],[-80.11095,45.27873],[-80.11123,45.27962],[-80.10998,45.28032],[-80.11031,45.2813],[-80.11186,45.28169],[-80.11062,45.28202],[-80.108,45.28135],[-80.10894,45.28047],[-80.10751,45.27917],[-80.10812,45.27881],[-80.10773,45.27808],[-80.10657,45.2783],[-80.10578,45.27789],[-80.10311,45.27797],[-80.10248,45.27907],[-80.10113,45.27876],[-80.10064,45.27957],[-80.10373,45.27985],[-80.10469,45.28067],[-80.10484,45.28167],[-80.10337,45.28163],[-80.10055,45.28285],[-80.09782,45.28334],[-80.0978,45.2837],[-80.09827,45.28387],[-80.10061,45.2832],[-80.10106,45.28405],[-80.10377,45.28362],[-80.10624,45.28429],[-80.10887,45.28418],[-80.10865,45.28478],[-80.10985,45.28509],[-80.10977,45.28562],[-80.10592,45.28494],[-80.10357,45.28573],[-80.10197,45.28553],[-80.10003,45.28628],[-80.09964,45.28599],[-80.09997,45.28538],[-80.09769,45.28499],[-80.09625,45.28549],[-80.09606,45.28619],[-80.09427,45.28692],[-80.0932,45.28661],[-80.0923,45.2869],[-80.09075,45.28663],[-80.09027,45.28803],[-80.08811,45.28812],[-80.08482,45.29056],[-80.08418,45.29007],[-80.0845,45.28941],[-80.08402,45.28847],[-80.0851,45.28857],[-80.08617,45.28749],[-80.08647,45.28665],[-80.08555,45.2865],[-80.08661,45.28555],[-80.08736,45.28527],[-80.08951,45.2854],[-80.09021,45.28566],[-80.09045,45.28643],[-80.09104,45.28638],[-80.09213,45.28567],[-80.09322,45.28567],[-80.0942,45.28474],[-80.09719,45.28355],[-80.09786,45.28256],[-80.09538,45.28196],[-80.09635,45.28092],[-80.09483,45.28065],[-80.0942,45.28015],[-80.09391,45.28105],[-80.09441,45.2818],[-80.09223,45.28259],[-80.09219,45.28196],[-80.09075,45.28202],[-80.09087,45.28093],[-80.08949,45.28112],[-80.08848,45.28182],[-80.08852,45.28267],[-80.08732,45.28283],[-80.08574,45.28366],[-80.08653,45.28417],[-80.08635,45.28451],[-80.08557,45.28468],[-80.08478,45.2844],[-80.08339,45.28478],[-80.08371,45.2863],[-80.08457,45.287],[-80.08407,45.28799],[-80.08348,45.28772],[-80.08332,45.28817],[-80.08248,45.28831],[-80.08074,45.28779],[-80.07516,45.28969],[-80.07485,45.28924],[-80.07281,45.28892],[-80.07236,45.28924],[-80.07282,45.28945],[-80.07258,45.2899],[-80.07043,45.28964],[-80.06974,45.29053],[-80.07045,45.29221],[-80.07245,45.29283],[-80.07831,45.29576],[-80.08075,45.2942],[-80.08129,45.29444],[-80.08099,45.29549],[-80.08147,45.29685],[-80.08498,45.29719],[-80.08612,45.29788],[-80.08508,45.29835],[-80.08195,45.29802],[-80.07678,45.29842],[-80.07507,45.29976],[-80.07482,45.30178],[-80.0719,45.30197],[-80.07052,45.30124],[-80.06954,45.30193],[-80.06671,45.3026],[-80.06591,45.30411],[-80.0662,45.30563],[-80.06383,45.30681],[-80.06293,45.30876],[-80.06017,45.31028],[-80.05975,45.31098],[-80.05832,45.3114],[-80.05724,45.31365],[-80.05227,45.31412],[-80.0526,45.31499],[-80.05152,45.31543],[-80.05063,45.31734],[-80.04999,45.31756],[-80.04944,45.31711],[-80.04944,45.3164],[-80.0511,45.31559],[-80.05027,45.31462],[-80.05043,45.31398],[-80.04981,45.31373],[-80.04549,45.31517],[-80.04594,45.31585],[-80.0456,45.31634],[-80.04485,45.316],[-80.04875,45.31843],[-80.05265,45.31971],[-80.05567,45.31968],[-80.05487,45.32044],[-80.05885,45.32159],[-80.0626,45.32197],[-80.07191,45.32146],[-80.07952,45.32171],[-80.0818,45.32229],[-80.08478,45.32401],[-80.0858,45.31892],[-80.09579,45.31226],[-80.09748,45.30998],[-80.12177,45.30955],[-80.12225,45.31],[-80.12393,45.31004],[-80.1246,45.31087],[-80.13071,45.30994],[-80.13318,45.30999],[-80.13349,45.31026],[-80.12762,45.3117],[-80.12692,45.31278],[-80.12592,45.31333],[-80.12756,45.31316],[-80.12955,45.3137],[-80.13108,45.31363],[-80.1311,45.31426],[-80.12626,45.31518],[-80.12416,45.31494],[-80.12268,45.31594],[-80.12149,45.3162],[-80.12065,45.3174],[-80.12147,45.31776],[-80.12309,45.31753],[-80.12392,45.31651],[-80.12532,45.31597],[-80.12687,45.3163],[-80.12697,45.31702],[-80.12833,45.31777],[-80.13093,45.31762],[-80.13297,45.31707],[-80.13574,45.31716],[-80.13796,45.31844],[-80.14343,45.3188],[-80.14576,45.32011],[-80.14751,45.31944],[-80.14922,45.31983],[-80.15105,45.32069],[-80.15159,45.32155],[-80.15352,45.32197],[-80.15368,45.32266],[-80.15921,45.32493],[-80.16091,45.32491],[-80.16086,45.32392],[-80.16131,45.3237],[-80.16363,45.32376],[-80.1659,45.32526],[-80.17003,45.32545],[-80.17123,45.32599],[-80.17292,45.32599],[-80.1745,45.32659],[-80.17839,45.3271],[-80.17972,45.32681],[-80.18032,45.32579],[-80.18166,45.32549],[-80.18277,45.32636],[-80.18399,45.32639],[-80.1848,45.32696],[-80.18469,45.32762],[-80.18349,45.3279],[-80.18522,45.32884]],[[-80.05256,45.31949],[-80.05442,45.31871],[-80.0561,45.31925],[-80.05583,45.31951],[-80.05256,45.31949]]],[[[-80.04247,45.31496],[-80.04296,45.31536],[-80.04347,45.31497],[-80.04267,45.31472],[-80.04247,45.31496]]],[[[-80.08934,45.34628],[-80.09056,45.34563],[-80.09135,45.34586],[-80.09377,45.34346],[-80.09637,45.34213],[-80.09796,45.33936],[-80.09773,45.33771],[-80.09601,45.33836],[-80.09506,45.33731],[-80.09736,45.33197],[-80.09728,45.33104],[-80.09598,45.32985],[-80.09593,45.3289],[-80.09537,45.32898],[-80.09443,45.3314],[-80.09364,45.33181],[-80.09329,45.33128],[-80.0945,45.32856],[-80.09421,45.32761],[-80.09547,45.32521],[-80.09496,45.32492],[-80.09082,45.32502],[-80.08772,45.32572],[-80.08768,45.32517],[-80.08523,45.32474],[-80.08183,45.3226],[-80.07949,45.32197],[-80.07223,45.32173],[-80.06634,45.32222],[-80.05965,45.32204],[-80.05155,45.32014],[-80.05172,45.31971],[-80.04715,45.3179],[-80.04747,45.31905],[-80.04877,45.31893],[-80.05019,45.31956],[-80.04904,45.32131],[-80.0506,45.32178],[-80.05143,45.32152],[-80.05216,45.32199],[-80.05216,45.32274],[-80.05318,45.32224],[-80.05367,45.32136],[-80.05479,45.32116],[-80.0573,45.3216],[-80.05793,45.32217],[-80.05777,45.32271],[-80.05949,45.32324],[-80.05736,45.3238],[-80.05577,45.32549],[-80.05556,45.32665],[-80.05651,45.32717],[-80.05655,45.32781],[-80.05495,45.32873],[-80.05484,45.32925],[-80.05126,45.33034],[-80.04951,45.32963],[-80.04854,45.32989],[-80.05361,45.33637],[-80.05499,45.33594],[-80.05624,45.33638],[-80.05824,45.33593],[-80.06077,45.33459],[-80.06157,45.33485],[-80.06149,45.33538],[-80.06257,45.33574],[-80.0624,45.33626],[-80.06162,45.33731],[-80.05957,45.33874],[-80.05964,45.33952],[-80.06265,45.33831],[-80.06637,45.33614],[-80.0671,45.33637],[-80.06692,45.33711],[-80.06752,45.33698],[-80.06753,45.33813],[-80.06875,45.33598],[-80.07002,45.33612],[-80.07131,45.33476],[-80.07129,45.33272],[-80.07003,45.33299],[-80.06876,45.33219],[-80.06928,45.33004],[-80.06861,45.33052],[-80.06802,45.33047],[-80.0676,45.33013],[-80.06762,45.32891],[-80.0665,45.32908],[-80.06578,45.32951],[-80.0657,45.3301],[-80.06513,45.33021],[-80.06372,45.33002],[-80.06288,45.32925],[-80.06283,45.32877],[-80.06515,45.32766],[-80.06532,45.32683],[-80.06404,45.32684],[-80.06328,45.32642],[-80.06147,45.32726],[-80.06091,45.32718],[-80.06151,45.32592],[-80.0613,45.32506],[-80.06285,45.32325],[-80.06379,45.32339],[-80.06473,45.32491],[-80.06628,45.32477],[-80.06886,45.32363],[-80.07009,45.32408],[-80.07439,45.32202],[-80.07774,45.32235],[-80.07901,45.32206],[-80.07988,45.32259],[-80.07998,45.32339],[-80.0816,45.32345],[-80.0825,45.32467],[-80.08228,45.32542],[-80.0813,45.32581],[-80.08141,45.32645],[-80.07948,45.32695],[-80.07835,45.32792],[-80.07573,45.32903],[-80.07338,45.33171],[-80.07213,45.33228],[-80.0726,45.33292],[-80.07184,45.33445],[-80.07212,45.33742],[-80.07136,45.33671],[-80.07003,45.33756],[-80.06926,45.33751],[-80.067,45.3399],[-80.06759,45.34083],[-80.06699,45.34159],[-80.06837,45.34256],[-80.06975,45.34226],[-80.07025,45.34267],[-80.06902,45.34381],[-80.06876,45.34556],[-80.07266,45.34407],[-80.07365,45.34405],[-80.07539,45.34539],[-80.07671,45.34542],[-80.07905,45.34482],[-80.08284,45.34455],[-80.08452,45.34374],[-80.08668,45.34336],[-80.0885,45.34374],[-80.08834,45.34477],[-80.08913,45.34538],[-80.08884,45.34616],[-80.08934,45.34628]]]]}},{"type":"Feature","properties":{"OGF_ID":67860053,"OFFICIAL_NAME":"New Credit 40A","OTHER_NAME":null,"INDIAN_RESERVE_LAND_TYPE":"Indian Reserve"},"geometry":{"type":"MultiPolygon","coordinates":[[[[-80.05873,43.0057],[-80.08554,43.0155],[-80.09658,42.99916],[-80.06975,42.9893],[-80.05873,43.0057]]],[[[-80.03656,42.97657],[-80.04301,42.97915],[-80.04807,42.9715],[-80.04537,42.97048],[-80.04477,42.97117],[-80.04402,42.97088],[-80.04191,42.97204],[-80.04338,42.97279],[-80.042,42.97471],[-80.03903,42.97361],[-80.03656,42.97657]]],[[[-80.04908,42.97126],[-80.04346,42.97935],[-80.06965,42.98903],[-80.08048,42.97278],[-80.05554,42.96361],[-80.05449,42.96409],[-80.05281,42.96663],[-80.0524,42.96648],[-80.04908,42.97126]]],[[[-80.08075,42.97299],[-80.06986,42.98914],[-80.09669,42.99899],[-80.10749,42.98267],[-80.08075,42.97299]]],[[[-80.10775,42.98292],[-80.09691,42.99907],[-80.12352,43.00887],[-80.13434,42.99252],[-80.10775,42.98292]]],[[[-80.08576,43.01558],[-80.11242,43.02552],[-80.12341,43.00904],[-80.0968,42.99924],[-80.08576,43.01558]]]]}},{"type":"Feature","properties":{"OGF_ID":67860318,"OFFICIAL_NAME":"Alderville First Nation","OTHER_NAME":null,"INDIAN_RESERVE_LAND_TYPE":"Indian Reserve"},"geometry":{"type":"MultiPolygon","coordinates":[[[[-78.07928,44.16966],[-78.08283,44.17719],[-78.09773,44.17329],[-78.09155,44.16012],[-78.08096,44.1627],[-78.07813,44.1669],[-78.07928,44.16966]]],[[[-78.13958,44.16284],[-78.13983,44.16289],[-78.13996,44.16274],[-78.13958,44.16284]]],[[[-78.14089,44.16532],[-78.14196,44.16659],[-78.14225,44.16645],[-78.14031,44.16265],[-78.13978,44.16305],[-78.13964,44.16433],[-78.13982,44.16468],[-78.13984,44.16388],[-78.14089,44.16532]]],[[[-78.07814,44.16325],[-78.07636,44.16366],[-78.07785,44.16669],[-78.07999,44.16324],[-78.07982,44.16286],[-78.07814,44.16325]]],[[[-78.12435,44.16677],[-78.12603,44.1668],[-78.12585,44.16641],[-78.12435,44.16677]]],[[[-78.12685,44.16616],[-78.12609,44.16635],[-78.1263,44.16681],[-78.14142,44.16678],[-78.14114,44.16623],[-78.1388,44.16477],[-78.13919,44.16453],[-78.13863,44.16341],[-78.1388,44.16322],[-78.13941,44.16374],[-78.1394,44.16289],[-78.12685,44.16616]]],[[[-78.1423,44.16664],[-78.14206,44.16675],[-78.14254,44.16708],[-78.14233,44.16663],[-78.1423,44.16664]]],[[[-78.12665,44.16756],[-78.12949,44.17372],[-78.14381,44.16994],[-78.14307,44.16825],[-78.14155,44.16694],[-78.12639,44.16699],[-78.12665,44.16756]]],[[[-78.12246,44.16724],[-78.10547,44.17154],[-78.10897,44.17903],[-78.12926,44.17379],[-78.12612,44.16699],[-78.12246,44.16724]]],[[[-78.10361,44.17202],[-78.10476,44.17457],[-78.10701,44.17955],[-78.10385,44.17196],[-78.10361,44.17202]]],[[[-78.06792,44.17997],[-78.07117,44.17659],[-78.07296,44.17287],[-78.07769,44.1669],[-78.07612,44.16371],[-78.06189,44.16711],[-78.06792,44.17997]]],[[[-78.07229,44.17522],[-78.07135,44.17692],[-78.0681,44.18037],[-78.06833,44.18089],[-78.08259,44.17725],[-78.07792,44.16734],[-78.07344,44.17291],[-78.07229,44.17522]]],[[[-78.09616,44.17389],[-78.09689,44.17555],[-78.09964,44.1815],[-78.09932,44.18042],[-78.09616,44.17389]]],[[[-78.03681,44.18199],[-78.03866,44.18205],[-78.04369,44.18068],[-78.03863,44.18191],[-78.03684,44.18185],[-78.04021,44.18152],[-78.03636,44.17316],[-78.03255,44.17406],[-78.03592,44.1818],[-78.03681,44.18199]]],[[[-78.06542,44.18183],[-78.06566,44.18236],[-78.06648,44.18164],[-78.06641,44.18157],[-78.06542,44.18183]]],[[[-78.02934,44.18258],[-78.02839,44.18296],[-78.03342,44.18179],[-78.03562,44.18174],[-78.03512,44.18153],[-78.03553,44.18153],[-78.03231,44.17412],[-78.02502,44.17575],[-78.02832,44.18281],[-78.03072,44.18226],[-78.02934,44.18258]]],[[[-78.05589,44.18066],[-78.05728,44.18374],[-78.06655,44.18133],[-78.06011,44.16752],[-78.05076,44.16974],[-78.05589,44.18066]]],[[[-78.05379,44.18465],[-78.05546,44.18422],[-78.04894,44.17017],[-78.04728,44.17056],[-78.05379,44.18465]]],[[[-78.09542,44.17409],[-78.08147,44.17772],[-78.08496,44.18548],[-78.09956,44.18152],[-78.09608,44.17391],[-78.09542,44.17409]]],[[[-78.03685,44.18362],[-78.03784,44.18554],[-78.04166,44.18457],[-78.04029,44.18169],[-78.03866,44.18208],[-78.03594,44.18185],[-78.03685,44.18362]]],[[[-78.06607,44.18246],[-78.06583,44.18272],[-78.06904,44.18964],[-78.08473,44.18554],[-78.08124,44.17778],[-78.0675,44.18129],[-78.06787,44.18209],[-78.0674,44.18221],[-78.06695,44.18148],[-78.06607,44.18246]]],[[[-78.09076,44.18413],[-78.09008,44.18433],[-78.09007,44.18468],[-78.09246,44.18977],[-78.09836,44.18948],[-78.09739,44.18675],[-78.09919,44.18633],[-78.09733,44.18232],[-78.09076,44.18413]]],[[[-78.03343,44.18183],[-78.02839,44.18298],[-78.03183,44.19029],[-78.03905,44.18842],[-78.03564,44.18179],[-78.03343,44.18183]]],[[[-78.06077,44.18947],[-78.06175,44.19157],[-78.06814,44.18987],[-78.06514,44.18343],[-78.06047,44.18849],[-78.06077,44.18947]]],[[[-78.05518,44.19266],[-78.05636,44.19234],[-78.05553,44.19054],[-78.05733,44.19005],[-78.05667,44.18864],[-78.05999,44.18787],[-78.06025,44.18845],[-78.06497,44.18307],[-78.0645,44.18208],[-78.0438,44.1874],[-78.0456,44.19138],[-78.05274,44.18954],[-78.05366,44.19152],[-78.05455,44.19128],[-78.05518,44.19266]]],[[[-78.09775,44.20008],[-78.09808,44.20041],[-78.09897,44.19937],[-78.09877,44.19743],[-78.09953,44.19619],[-78.10117,44.19492],[-78.10237,44.19477],[-78.10176,44.19354],[-78.09542,44.19517],[-78.09775,44.20008]]]]}},{"type":"Feature","properties":{"OGF_ID":67860318,"OFFICIAL_NAME":"Alderville First Nation","OTHER_NAME":null,"INDIAN_RESERVE_LAND_TYPE":"Indian Reserve"},"geometry":{"type":"MultiPolygon","coordinates":[[[[-78.07928,44.16966],[-78.08283,44.17719],[-78.09773,44.17329],[-78.09155,44.16012],[-78.08096,44.1627],[-78.07813,44.1669],[-78.07928,44.16966]]],[[[-78.13958,44.16284],[-78.13983,44.16289],[-78.13996,44.16274],[-78.13958,44.16284]]],[[[-78.14089,44.16532],[-78.14196,44.16659],[-78.14225,44.16645],[-78.14031,44.16265],[-78.13978,44.16305],[-78.13964,44.16433],[-78.13982,44.16468],[-78.13984,44.16388],[-78.14089,44.16532]]],[[[-78.07814,44.16325],[-78.07636,44.16366],[-78.07785,44.16669],[-78.07999,44.16324],[-78.07982,44.16286],[-78.07814,44.16325]]],[[[-78.12435,44.16677],[-78.12603,44.1668],[-78.12585,44.16641],[-78.12435,44.16677]]],[[[-78.12685,44.16616],[-78.12609,44.16635],[-78.1263,44.16681],[-78.14142,44.16678],[-78.14114,44.16623],[-78.1388,44.16477],[-78.13919,44.16453],[-78.13863,44.16341],[-78.1388,44.16322],[-78.13941,44.16374],[-78.1394,44.16289],[-78.12685,44.16616]]],[[[-78.1423,44.16664],[-78.14206,44.16675],[-78.14254,44.16708],[-78.14233,44.16663],[-78.1423,44.16664]]],[[[-78.12665,44.16756],[-78.12949,44.17372],[-78.14381,44.16994],[-78.14307,44.16825],[-78.14155,44.16694],[-78.12639,44.16699],[-78.12665,44.16756]]],[[[-78.12246,44.16724],[-78.10547,44.17154],[-78.10897,44.17903],[-78.12926,44.17379],[-78.12612,44.16699],[-78.12246,44.16724]]],[[[-78.10361,44.17202],[-78.10476,44.17457],[-78.10701,44.17955],[-78.10385,44.17196],[-78.10361,44.17202]]],[[[-78.06792,44.17997],[-78.07117,44.17659],[-78.07296,44.17287],[-78.07769,44.1669],[-78.07612,44.16371],[-78.06189,44.16711],[-78.06792,44.17997]]],[[[-78.07229,44.17522],[-78.07135,44.17692],[-78.0681,44.18037],[-78.06833,44.18089],[-78.08259,44.17725],[-78.07792,44.16734],[-78.07344,44.17291],[-78.07229,44.17522]]],[[[-78.09616,44.17389],[-78.09689,44.17555],[-78.09964,44.1815],[-78.09932,44.18042],[-78.09616,44.17389]]],[[[-78.03681,44.18199],[-78.03866,44.18205],[-78.04369,44.18068],[-78.03863,44.18191],[-78.03684,44.18185],[-78.04021,44.18152],[-78.03636,44.17316],[-78.03255,44.17406],[-78.03592,44.1818],[-78.03681,44.18199]]],[[[-78.06542,44.18183],[-78.06566,44.18236],[-78.06648,44.18164],[-78.06641,44.18157],[-78.06542,44.18183]]],[[[-78.02934,44.18258],[-78.02839,44.18296],[-78.03342,44.18179],[-78.03562,44.18174],[-78.03512,44.18153],[-78.03553,44.18153],[-78.03231,44.17412],[-78.02502,44.17575],[-78.02832,44.18281],[-78.03072,44.18226],[-78.02934,44.18258]]],[[[-78.05589,44.18066],[-78.05728,44.18374],[-78.06655,44.18133],[-78.06011,44.16752],[-78.05076,44.16974],[-78.05589,44.18066]]],[[[-78.05379,44.18465],[-78.05546,44.18422],[-78.04894,44.17017],[-78.04728,44.17056],[-78.05379,44.18465]]],[[[-78.09542,44.17409],[-78.08147,44.17772],[-78.08496,44.18548],[-78.09956,44.18152],[-78.09608,44.17391],[-78.09542,44.17409]]],[[[-78.03685,44.18362],[-78.03784,44.18554],[-78.04166,44.18457],[-78.04029,44.18169],[-78.03866,44.18208],[-78.03594,44.18185],[-78.03685,44.18362]]],[[[-78.06607,44.18246],[-78.06583,44.18272],[-78.06904,44.18964],[-78.08473,44.18554],[-78.08124,44.17778],[-78.0675,44.18129],[-78.06787,44.18209],[-78.0674,44.18221],[-78.06695,44.18148],[-78.06607,44.18246]]],[[[-78.09076,44.18413],[-78.09008,44.18433],[-78.09007,44.18468],[-78.09246,44.18977],[-78.09836,44.18948],[-78.09739,44.18675],[-78.09919,44.18633],[-78.09733,44.18232],[-78.09076,44.18413]]],[[[-78.03343,44.18183],[-78.02839,44.18298],[-78.03183,44.19029],[-78.03905,44.18842],[-78.03564,44.18179],[-78.03343,44.18183]]],[[[-78.06077,44.18947],[-78.06175,44.19157],[-78.06814,44.18987],[-78.06514,44.18343],[-78.06047,44.18849],[-78.06077,44.18947]]],[[[-78.05518,44.19266],[-78.05636,44.19234],[-78.05553,44.19054],[-78.05733,44.19005],[-78.05667,44.18864],[-78.05999,44.18787],[-78.06025,44.18845],[-78.06497,44.18307],[-78.0645,44.18208],[-78.0438,44.1874],[-78.0456,44.19138],[-78.05274,44.18954],[-78.05366,44.19152],[-78.05455,44.19128],[-78.05518,44.19266]]],[[[-78.09775,44.20008],[-78.09808,44.20041],[-78.09897,44.19937],[-78.09877,44.19743],[-78.09953,44.19619],[-78.10117,44.19492],[-78.10237,44.19477],[-78.10176,44.19354],[-78.09542,44.19517],[-78.09775,44.20008]]]]}}]}