{"type":"FeatureCollection","features":[{"type":"Feature","properties":{"OGF_ID":1404000218},"geometry":{"type":"Polygon","coordinates":[[[-78.90856,44.01576],[-78.91047,44.0211],[-78.90884,44.02331],[-78.91064,44.02521],[-78.9122,44.02324],[-78.91533,44.02485],[-78.91641,44.02736],[-78.91546,44.02941],[-78.91664,44.03335],[-78.91991,44.03263],[-78.9227,44.03046],[-78.91951,44.0262],[-78.91511,44.01273],[-78.91489,44.01571],[-78.91315,44.01513],[-78.91121,44.01821],[-78.91058,44.01752],[-78.91268,44.01444],[-78.91256,44.01089],[-78.91128,44.01191],[-78.90954,44.0111],[-78.90906,44.01155],[-78.90856,44.01576]]]}},{"type":"Feature","properties":{"OGF_ID":1404000219},"geometry":{"type":"Polygon","coordinates":[[[-78.79145,44.00868],[-78.79469,44.0092],[-78.79648,44.00842],[-78.79611,44.00729],[-78.79013,44.00525],[-78.78896,44.00367],[-78.78649,44.00359],[-78.77923,43.99774],[-78.77965,43.99992],[-78.78778,44.00655],[-78.79332,44.0082],[-78.79145,44.00868]]]}},{"type":"Feature","properties":{"OGF_ID":1404000220},"geometry":{"type":"Polygon","coordinates":[[[-78.88429,44.02766],[-78.88424,44.03041],[-78.88931,44.03648],[-78.89306,44.03887],[-78.9144,44.03911],[-78.91303,44.03677],[-78.91128,44.03636],[-78.90939,44.03722],[-78.90348,44.03442],[-78.90461,44.0316],[-78.90725,44.02962],[-78.90546,44.02818],[-78.89916,44.03061],[-78.89776,44.03049],[-78.89847,44.03246],[-78.88981,44.0341],[-78.88729,44.02693],[-78.88429,44.02766]]]}},{"type":"Feature","properties":{"OGF_ID":1404000221},"geometry":{"type":"Polygon","coordinates":[[[-78.80749,43.98654],[-78.80909,43.98945],[-78.8091,43.99468],[-78.81195,43.99601],[-78.81501,43.99464],[-78.81577,43.99346],[-78.81621,43.98612],[-78.81382,43.99156],[-78.81471,43.99291],[-78.81308,43.99282],[-78.81159,43.99372],[-78.81004,43.98678],[-78.80877,43.98535],[-78.80749,43.98654]]]}},{"type":"Feature","properties":{"OGF_ID":1404000178},"geometry":{"type":"Polygon","coordinates":[[[-79.31508,44.00978],[-79.31792,44.00912],[-79.32143,44.01096],[-79.3261,44.01067],[-79.32757,44.01105],[-79.329,44.01321],[-79.33117,44.01346],[-79.33822,44.00906],[-79.34079,44.00924],[-79.34362,44.01092],[-79.35121,44.0086],[-79.35377,44.009],[-79.36281,44.00777],[-79.36662,44.00604],[-79.36735,44.00491],[-79.36787,44.00027],[-79.36659,43.99931],[-79.36436,43.99843],[-79.35984,44.0008],[-79.35747,44.00055],[-79.35723,43.99847],[-79.35913,43.99566],[-79.35846,43.9932],[-79.35561,43.99245],[-79.35123,43.99331],[-79.34832,43.99484],[-79.34621,43.9961],[-79.34404,43.99921],[-79.34285,43.99941],[-79.34208,43.99854],[-79.33203,44.00032],[-79.33028,43.99901],[-79.3236,43.9972],[-79.31445,43.99878],[-79.31199,43.99838],[-79.30738,43.99994],[-79.30634,44.00142],[-79.30823,44.00855],[-79.31186,44.00996],[-79.31508,44.00978]]]}},{"type":"Feature","properties":{"OGF_ID":1404000179},"geometry":{"type":"Polygon","coordinates":[[[-79.36152,43.97711],[-79.36212,43.97524],[-79.36067,43.97422],[-79.35799,43.97447],[-79.35299,43.9764],[-79.34433,43.97828],[-79.34121,43.98002],[-79.32492,43.98207],[-79.32564,43.98465],[-79.32449,43.98685],[-79.32502,43.98914],[-79.32747,43.99011],[-79.32956,43.98964],[-79.33671,43.98524],[-79.34251,43.98311],[-79.34874,43.9797],[-79.34956,43.97849],[-79.35224,43.97832],[-79.3524,43.97961],[-79.35455,43.98078],[-79.35889,43.97863],[-79.36029,43.97715],[-79.36152,43.97711]]]}},{"type":"Feature","properties":{"OGF_ID":1404000180},"geometry":{"type":"Polygon","coordinates":[[[-79.3924,44.08777],[-79.3966,44.09501],[-79.39764,44.10045],[-79.39951,44.10105],[-79.40171,44.10044],[-79.40598,44.08923],[-79.40396,44.08677],[-79.39893,44.08328],[-79.39664,44.08412],[-79.39418,44.08759],[-79.3924,44.08777]]]}},{"type":"Feature","properties":{"OGF_ID":1404000181},"geometry":{"type":"Polygon","coordinates":[[[-79.33515,44.16545],[-79.33328,44.17306],[-79.32688,44.1803],[-79.3245,44.18481],[-79.32508,44.18816],[-79.32848,44.18976],[-79.33378,44.18696],[-79.34054,44.17966],[-79.33891,44.16858],[-79.33807,44.16663],[-79.33515,44.16545]]]}},{"type":"Feature","properties":{"OGF_ID":1404000182},"geometry":{"type":"Polygon","coordinates":[[[-79.3462,44.16044],[-79.34906,44.16155],[-79.35454,44.16082],[-79.35742,44.15828],[-79.36047,44.15322],[-79.35474,44.15243],[-79.3503,44.15531],[-79.3462,44.16044]]]}},{"type":"Feature","properties":{"OGF_ID":1404000183},"geometry":{"type":"Polygon","coordinates":[[[-79.38272,44.11072],[-79.38112,44.10637],[-79.37932,44.10677],[-79.3782,44.1079],[-79.3763,44.1158],[-79.37806,44.12397],[-79.37853,44.12491],[-79.38118,44.12595],[-79.38804,44.12533],[-79.38918,44.12405],[-79.38759,44.12454],[-79.38556,44.1236],[-79.38193,44.12331],[-79.38423,44.11754],[-79.38175,44.11402],[-79.38272,44.11072]]]}},{"type":"Feature","properties":{"OGF_ID":1404000184},"geometry":{"type":"Polygon","coordinates":[[[-79.35391,44.14422],[-79.34967,44.14735],[-79.34914,44.15125],[-79.35144,44.15258],[-79.35291,44.15231],[-79.35192,44.15224],[-79.3509,44.15072],[-79.35391,44.14422]]]}},{"type":"Feature","properties":{"OGF_ID":1404000185},"geometry":{"type":"Polygon","coordinates":[[[-79.31701,44.11072],[-79.32167,44.10765],[-79.3243,44.10247],[-79.32772,44.10074],[-79.3316,44.10022],[-79.33255,44.10181],[-79.33163,44.10644],[-79.33873,44.11119],[-79.35085,44.10722],[-79.35759,44.10732],[-79.36213,44.10846],[-79.36393,44.10748],[-79.36399,44.10526],[-79.3657,44.10429],[-79.3769,44.10481],[-79.37981,44.10363],[-79.37987,44.09041],[-79.37913,44.08896],[-79.37289,44.08654],[-79.35211,44.08429],[-79.35037,44.08506],[-79.34893,44.08711],[-79.3492,44.0914],[-79.35195,44.09587],[-79.34882,44.10169],[-79.34681,44.10273],[-79.34183,44.1033],[-79.33977,44.10249],[-79.33826,44.09975],[-79.34426,44.09462],[-79.34502,44.09198],[-79.34086,44.08842],[-79.3368,44.08815],[-79.33261,44.08902],[-79.32883,44.08603],[-79.32163,44.08632],[-79.31378,44.08237],[-79.31156,44.08203],[-79.3085,44.08273],[-79.30766,44.08443],[-79.31241,44.08815],[-79.31268,44.08922],[-79.31273,44.09134],[-79.31144,44.09367],[-79.3131,44.09961],[-79.31239,44.10145],[-79.31501,44.10318],[-79.31536,44.10634],[-79.31503,44.10777],[-79.31278,44.10907],[-79.31701,44.11072]]]}},{"type":"Feature","properties":{"OGF_ID":1404000186},"geometry":{"type":"Polygon","coordinates":[[[-79.31701,44.11072],[-79.31945,44.11295],[-79.32111,44.11764],[-79.33262,44.11339],[-79.33515,44.11178],[-79.3361,44.11315],[-79.33682,44.12302],[-79.33506,44.12907],[-79.33561,44.13415],[-79.34005,44.13851],[-79.34428,44.13985],[-79.35251,44.13654],[-79.35645,44.13691],[-79.35865,44.13504],[-79.36059,44.13476],[-79.36223,44.13629],[-79.36267,44.13147],[-79.36118,44.12809],[-79.355,44.129],[-79.35327,44.12712],[-79.35322,44.12533],[-79.35505,44.12014],[-79.36283,44.11511],[-79.36397,44.11341],[-79.36421,44.11184],[-79.36213,44.10846],[-79.35759,44.10732],[-79.35085,44.10722],[-79.33873,44.11119],[-79.33163,44.10644],[-79.33255,44.10181],[-79.3316,44.10022],[-79.32772,44.10074],[-79.3243,44.10247],[-79.32167,44.10765],[-79.31701,44.11072]]]}},{"type":"Feature","properties":{"OGF_ID":1404000187},"geometry":{"type":"Polygon","coordinates":[[[-79.34294,44.06545],[-79.34638,44.06558],[-79.34676,44.06479],[-79.33904,44.05868],[-79.33825,44.05704],[-79.32525,44.04905],[-79.32332,44.04958],[-79.32213,44.04584],[-79.31742,44.04442],[-79.31008,44.04452],[-79.3043,44.04711],[-79.30862,44.05079],[-79.30867,44.05594],[-79.311,44.05754],[-79.31601,44.05897],[-79.31998,44.05896],[-79.33131,44.06134],[-79.33443,44.06296],[-79.33976,44.06397],[-79.34294,44.06545]]]}},{"type":"Feature","properties":{"OGF_ID":1404000188},"geometry":{"type":"Polygon","coordinates":[[[-79.33825,44.05704],[-79.33814,44.05543],[-79.34341,44.05768],[-79.34657,44.0556],[-79.34956,44.05616],[-79.35056,44.05551],[-79.35062,44.05459],[-79.34638,44.05135],[-79.34887,44.04983],[-79.34895,44.04869],[-79.3422,44.04213],[-79.33649,44.04255],[-79.33245,44.04128],[-79.3349,44.04274],[-79.33592,44.04533],[-79.3332,44.04693],[-79.32743,44.04771],[-79.32525,44.04905],[-79.33825,44.05704]]]}},{"type":"Feature","properties":{"OGF_ID":1404000189},"geometry":{"type":"Polygon","coordinates":[[[-79.33245,44.04128],[-79.33649,44.04255],[-79.3422,44.04213],[-79.33952,44.03954],[-79.33837,44.03526],[-79.34164,44.03399],[-79.34753,44.0335],[-79.34521,44.03182],[-79.33957,44.03166],[-79.33652,44.03083],[-79.34113,44.02911],[-79.34234,44.02841],[-79.34196,44.02769],[-79.33482,44.02816],[-79.3313,44.02657],[-79.32905,44.02872],[-79.32943,44.03645],[-79.33101,44.04011],[-79.33245,44.04128]]]}},{"type":"Feature","properties":{"OGF_ID":1404000190},"geometry":{"type":"Polygon","coordinates":[[[-78.9332,44.0511],[-78.93481,44.04501],[-78.92965,44.04447],[-78.92853,44.04385],[-78.92867,44.04273],[-78.93368,44.04185],[-78.93701,44.04438],[-78.93939,44.04435],[-78.94117,44.044],[-78.94303,44.04112],[-78.94197,44.03886],[-78.93708,44.03646],[-78.93282,44.03675],[-78.92361,44.03928],[-78.92128,44.04088],[-78.91934,44.04585],[-78.91594,44.04818],[-78.9159,44.04952],[-78.91754,44.04985],[-78.92357,44.04653],[-78.92656,44.0468],[-78.92857,44.05176],[-78.93215,44.05062],[-78.9332,44.0511]]]}},{"type":"Feature","properties":{"OGF_ID":1404000191},"geometry":{"type":"Polygon","coordinates":[[[-78.84368,44.02809],[-78.85074,44.02567],[-78.85477,44.02328],[-78.85705,44.02317],[-78.85781,44.0252],[-78.8555,44.02882],[-78.85615,44.03093],[-78.86484,44.03423],[-78.86994,44.03343],[-78.87453,44.02694],[-78.87081,44.0238],[-78.86523,44.02332],[-78.86525,44.02273],[-78.87265,44.02145],[-78.87351,44.02064],[-78.87149,44.01911],[-78.87143,44.01798],[-78.87252,44.01643],[-78.87876,44.01289],[-78.88235,44.01188],[-78.88781,44.00856],[-78.88481,44.00695],[-78.88388,44.00534],[-78.87956,44.00783],[-78.87714,44.01091],[-78.87635,44.01033],[-78.8738,44.01134],[-78.87637,44.00896],[-78.87816,44.00507],[-78.87592,44.00621],[-78.87579,44.00449],[-78.87165,44.00503],[-78.87245,44.00412],[-78.87659,44.00358],[-78.87771,44.00278],[-78.87423,44.0015],[-78.87295,44.00229],[-78.87169,44.00194],[-78.87103,44.00366],[-78.87041,44.00239],[-78.86895,44.00536],[-78.86815,44.0057],[-78.86768,44.00513],[-78.87187,44.0],[-78.8698,44.00021],[-78.86772,44.00146],[-78.86694,44.00008],[-78.86749,43.9989],[-78.86586,43.99801],[-78.86805,43.99115],[-78.86716,43.98944],[-78.8637,43.99441],[-78.86209,43.99532],[-78.86504,43.98981],[-78.86338,43.98862],[-78.86035,43.99483],[-78.85534,43.99294],[-78.84943,43.99612],[-78.84707,43.99854],[-78.84552,43.99836],[-78.84551,43.99291],[-78.84337,43.98913],[-78.84215,43.98351],[-78.84149,43.98365],[-78.83909,43.98004],[-78.83648,43.98167],[-78.8342,43.98846],[-78.83823,43.99389],[-78.83839,43.99778],[-78.84133,44.00254],[-78.8449,44.00411],[-78.84646,44.00376],[-78.84989,44.00054],[-78.85423,43.99793],[-78.86035,43.99774],[-78.86249,43.99584],[-78.86424,43.99617],[-78.86481,43.99738],[-78.86368,44.00012],[-78.85777,44.00308],[-78.8576,44.00502],[-78.86187,44.00734],[-78.86043,44.00993],[-78.85854,44.01049],[-78.85516,44.00946],[-78.84843,44.00948],[-78.84486,44.01083],[-78.8459,44.01653],[-78.84484,44.01696],[-78.84269,44.01483],[-78.84132,44.01916],[-78.84319,44.024],[-78.83967,44.02838],[-78.83657,44.02802],[-78.83696,44.02469],[-78.83521,44.02545],[-78.83357,44.02781],[-78.83402,44.02976],[-78.83539,44.03089],[-78.83903,44.0315],[-78.84368,44.02809]]]}},{"type":"Feature","properties":{"OGF_ID":1404000192},"geometry":{"type":"Polygon","coordinates":[[[-79.59522,43.93578],[-79.58246,43.94212],[-79.57869,43.94258],[-79.57528,43.94061],[-79.57369,43.9408],[-79.57422,43.94345],[-79.57291,43.94451],[-79.56985,43.94425],[-79.56824,43.94538],[-79.56597,43.94492],[-79.56434,43.94136],[-79.56182,43.93926],[-79.55952,43.92904],[-79.55344,43.91983],[-79.55244,43.91179],[-79.55113,43.90988],[-79.54732,43.90844],[-79.54301,43.91087],[-79.53756,43.91974],[-79.52832,43.92162],[-79.5268,43.92296],[-79.52664,43.92546],[-79.52826,43.93184],[-79.53315,43.93405],[-79.53613,43.93773],[-79.54221,43.93967],[-79.55151,43.93964],[-79.55205,43.94119],[-79.5551,43.94247],[-79.55798,43.94594],[-79.55786,43.94708],[-79.55539,43.94691],[-79.55156,43.94979],[-79.55392,43.95454],[-79.55917,43.95417],[-79.56033,43.95512],[-79.56048,43.95726],[-79.55797,43.95866],[-79.55953,43.95975],[-79.56492,43.95768],[-79.56817,43.95822],[-79.56662,43.96113],[-79.56697,43.96292],[-79.5621,43.964],[-79.56278,43.96865],[-79.56885,43.97116],[-79.57398,43.9718],[-79.57943,43.97376],[-79.57951,43.97453],[-79.57779,43.97581],[-79.56205,43.97851],[-79.55404,43.97791],[-79.55314,43.9784],[-79.55682,43.98159],[-79.55737,43.98352],[-79.5557,43.99108],[-79.55295,43.9944],[-79.55412,43.99506],[-79.5612,43.99322],[-79.56376,43.99375],[-79.56042,43.99671],[-79.55693,44.00589],[-79.5531,44.00462],[-79.55016,44.00744],[-79.54928,44.00686],[-79.55206,44.00268],[-79.55163,44.00003],[-79.55086,43.99881],[-79.54727,43.99999],[-79.54545,43.99916],[-79.54403,44.00308],[-79.5421,44.00505],[-79.54006,44.00338],[-79.53808,44.00314],[-79.53424,44.00667],[-79.53416,44.0096],[-79.52921,44.01768],[-79.52953,44.01962],[-79.53012,44.02105],[-79.5312,44.02121],[-79.53579,44.01984],[-79.53808,44.01748],[-79.53929,44.01845],[-79.5408,44.02147],[-79.53965,44.02825],[-79.5404,44.0299],[-79.54332,44.03208],[-79.5436,44.03652],[-79.54812,44.03822],[-79.5483,44.03894],[-79.5472,44.03928],[-79.54195,44.03921],[-79.53533,44.0427],[-79.53205,44.04302],[-79.53161,44.04473],[-79.52857,44.04776],[-79.52854,44.04897],[-79.54003,44.05483],[-79.5476,44.05321],[-79.54823,44.05211],[-79.55382,44.05039],[-79.55513,44.04948],[-79.55639,44.04642],[-79.56112,44.04334],[-79.56397,44.04037],[-79.56514,44.03703],[-79.5693,44.03701],[-79.57075,44.03467],[-79.57234,44.03426],[-79.57529,44.03501],[-79.57758,44.03454],[-79.57921,44.03277],[-79.58287,44.03289],[-79.58563,44.03357],[-79.58378,44.03633],[-79.58672,44.0378],[-79.59383,44.03438],[-79.59835,44.03172],[-79.60717,44.02304],[-79.61177,44.02032],[-79.61486,44.01397],[-79.61101,44.01558],[-79.60935,44.01463],[-79.61106,44.0093],[-79.61077,44.00472],[-79.6071,44.00074],[-79.60753,43.99932],[-79.61095,43.99654],[-79.60874,43.9947],[-79.60564,43.99565],[-79.60069,43.99545],[-79.598,44.00042],[-79.59553,44.00032],[-79.59516,43.99941],[-79.59135,44.00541],[-79.59229,44.00771],[-79.58985,44.01004],[-79.5896,44.01225],[-79.59369,44.01108],[-79.59543,44.00889],[-79.5959,44.00575],[-79.59786,44.00635],[-79.59811,44.00835],[-79.59998,44.00887],[-79.60054,44.01045],[-79.60855,44.01512],[-79.608,44.01719],[-79.60417,44.02015],[-79.60159,44.02462],[-79.60008,44.02567],[-79.59604,44.02797],[-79.59534,44.02763],[-79.59563,44.02604],[-79.594,44.02635],[-79.59505,44.02904],[-79.59281,44.03137],[-79.58636,44.03208],[-79.58296,44.02925],[-79.58963,44.0279],[-79.59094,44.02684],[-79.59253,44.02265],[-79.58774,44.01973],[-79.58806,44.02309],[-79.58661,44.0255],[-79.58403,44.0259],[-79.58142,44.0233],[-79.57994,44.02299],[-79.57851,44.02462],[-79.579,44.02905],[-79.57396,44.02942],[-79.56828,44.03204],[-79.56671,44.03152],[-79.56383,44.02756],[-79.56023,44.02508],[-79.56005,44.02408],[-79.56317,44.02226],[-79.56379,44.02098],[-79.55832,44.01784],[-79.55626,44.01317],[-79.55728,44.01168],[-79.56046,44.0115],[-79.56097,44.00679],[-79.56232,44.0041],[-79.56399,44.00327],[-79.56331,44.00206],[-79.56393,44.00107],[-79.56781,44.00026],[-79.56922,43.99927],[-79.57203,43.99345],[-79.57638,43.98972],[-79.57629,43.98914],[-79.57334,43.98839],[-79.57281,43.98574],[-79.57421,43.98504],[-79.58056,43.98469],[-79.58171,43.98185],[-79.58321,43.98123],[-79.58501,43.98222],[-79.58834,43.98193],[-79.59195,43.98841],[-79.59108,43.99154],[-79.59487,43.99219],[-79.59457,43.9908],[-79.59667,43.9899],[-79.59664,43.98661],[-79.59089,43.98282],[-79.58927,43.98044],[-79.58848,43.97622],[-79.57942,43.96581],[-79.5786,43.96294],[-79.5928,43.96076],[-79.59918,43.9587],[-79.60343,43.95889],[-79.60503,43.95827],[-79.60657,43.95564],[-79.60483,43.95426],[-79.59413,43.95477],[-79.58553,43.95431],[-79.58144,43.95183],[-79.57957,43.95152],[-79.57843,43.94936],[-79.57695,43.94913],[-79.57517,43.94911],[-79.57414,43.95081],[-79.57134,43.95199],[-79.56723,43.95037],[-79.5655,43.9482],[-79.5666,43.94772],[-79.5743,43.94831],[-79.57908,43.94753],[-79.59039,43.94136],[-79.59447,43.93682],[-79.59522,43.93578]],[[-79.54602,44.01882],[-79.5463,44.01097],[-79.54823,44.00935],[-79.55091,44.00903],[-79.55138,44.01003],[-79.54872,44.01379],[-79.5481,44.01856],[-79.5493,44.01815],[-79.55107,44.01868],[-79.55034,44.02017],[-79.55123,44.02425],[-79.55377,44.02593],[-79.55713,44.02633],[-79.55779,44.02741],[-79.55666,44.02904],[-79.55447,44.02958],[-79.55345,44.03078],[-79.55486,44.03416],[-79.55295,44.03521],[-79.55081,44.03347],[-79.54875,44.02858],[-79.54381,44.02401],[-79.54381,44.02023],[-79.54602,44.01882]],[[-79.53963,44.0091],[-79.54133,44.00829],[-79.54193,44.00896],[-79.53797,44.01469],[-79.53214,44.01903],[-79.53147,44.01841],[-79.53206,44.01627],[-79.53786,44.01001],[-79.53963,44.0091]]]}},{"type":"Feature","properties":{"OGF_ID":1404000193},"geometry":{"type":"Polygon","coordinates":[[[-79.7403,43.99319],[-79.74376,43.99531],[-79.74907,43.99404],[-79.74843,43.99298],[-79.74588,43.99278],[-79.74399,43.99176],[-79.7419,43.98848],[-79.73783,43.9906],[-79.7403,43.99319]]]}},{"type":"Feature","properties":{"OGF_ID":1404000194},"geometry":{"type":"Polygon","coordinates":[[[-79.30094,44.08978],[-79.30196,44.08949],[-79.30723,44.0925],[-79.30441,44.09746],[-79.30516,44.0989],[-79.31239,44.10145],[-79.3131,44.09961],[-79.31144,44.09367],[-79.31273,44.09134],[-79.31268,44.08922],[-79.31241,44.08815],[-79.30766,44.08443],[-79.3085,44.08273],[-79.31156,44.08203],[-79.31378,44.08237],[-79.32163,44.08632],[-79.32883,44.08603],[-79.33261,44.08902],[-79.3368,44.08815],[-79.34086,44.08842],[-79.34502,44.09198],[-79.34426,44.09462],[-79.33826,44.09975],[-79.33977,44.10249],[-79.34183,44.1033],[-79.34681,44.10273],[-79.34882,44.10169],[-79.35195,44.09587],[-79.3492,44.0914],[-79.34893,44.08711],[-79.35037,44.08506],[-79.35211,44.08429],[-79.34889,44.08271],[-79.34606,44.08328],[-79.34307,44.0818],[-79.34356,44.07932],[-79.34657,44.07642],[-79.34944,44.07518],[-79.34882,44.07348],[-79.34716,44.07416],[-79.34118,44.07445],[-79.33931,44.0739],[-79.33799,44.07229],[-79.33807,44.06943],[-79.34035,44.06674],[-79.34294,44.06545],[-79.33976,44.06397],[-79.33443,44.06296],[-79.33131,44.06134],[-79.31998,44.05896],[-79.31601,44.05897],[-79.311,44.05754],[-79.30867,44.05594],[-79.30862,44.05079],[-79.3043,44.04711],[-79.3028,44.04857],[-79.30215,44.05505],[-79.29269,44.06034],[-79.28163,44.05896],[-79.26866,44.06177],[-79.26191,44.0656],[-79.25699,44.06378],[-79.25181,44.06523],[-79.24788,44.06417],[-79.24003,44.06476],[-79.23841,44.06581],[-79.23284,44.06672],[-79.23218,44.06871],[-79.23603,44.06941],[-79.24268,44.06909],[-79.25027,44.07049],[-79.25639,44.07533],[-79.25711,44.07388],[-79.26347,44.06998],[-79.26472,44.06764],[-79.26622,44.06738],[-79.2712,44.06981],[-79.27626,44.06967],[-79.27998,44.06787],[-79.28759,44.06863],[-79.29476,44.07102],[-79.3012,44.07469],[-79.30184,44.07634],[-79.30351,44.07708],[-79.30756,44.0775],[-79.30812,44.0788],[-79.30588,44.08434],[-79.30089,44.08869],[-79.30094,44.08978]]]}},{"type":"Feature","properties":{"OGF_ID":1404000195},"geometry":{"type":"Polygon","coordinates":[[[-79.46667,43.9569],[-79.46868,43.961],[-79.47272,43.9652],[-79.47306,43.96735],[-79.47303,43.96863],[-79.47051,43.97032],[-79.46948,43.97584],[-79.47458,43.97544],[-79.47691,43.97655],[-79.47799,43.97573],[-79.47888,43.976],[-79.48288,43.97827],[-79.48411,43.98093],[-79.49081,43.97752],[-79.49287,43.97469],[-79.49565,43.97408],[-79.49898,43.97169],[-79.50574,43.9745],[-79.50625,43.97358],[-79.50065,43.96821],[-79.50317,43.96639],[-79.50674,43.96601],[-79.50924,43.9649],[-79.509,43.96268],[-79.51012,43.96148],[-79.51494,43.9624],[-79.51733,43.96186],[-79.52674,43.95762],[-79.5293,43.9578],[-79.53241,43.96005],[-79.53331,43.95978],[-79.5376,43.9544],[-79.54291,43.95147],[-79.54306,43.94932],[-79.54739,43.94645],[-79.54802,43.9426],[-79.54144,43.94695],[-79.54,43.95003],[-79.53703,43.95058],[-79.53404,43.9498],[-79.51119,43.9582],[-79.48641,43.95995],[-79.48325,43.95969],[-79.47994,43.95765],[-79.4722,43.95855],[-79.46667,43.9569]],[[-79.48083,43.97324],[-79.48084,43.97274],[-79.47797,43.97284],[-79.47732,43.97119],[-79.47543,43.97145],[-79.47456,43.96621],[-79.47771,43.96348],[-79.48624,43.96266],[-79.49244,43.96024],[-79.49371,43.96069],[-79.49555,43.9625],[-79.49417,43.96598],[-79.49127,43.96752],[-79.48891,43.96663],[-79.48465,43.96686],[-79.48395,43.97485],[-79.48243,43.97626],[-79.48083,43.97324]]]}},{"type":"Feature","properties":{"OGF_ID":1404000151},"geometry":{"type":"Polygon","coordinates":[[[-79.61097,43.99655],[-79.61095,43.99654],[-79.60753,43.99932],[-79.6071,44.00074],[-79.61077,44.00472],[-79.61106,44.0093],[-79.60935,44.01463],[-79.61101,44.01558],[-79.61486,44.01397],[-79.61645,44.00939],[-79.61393,44.00075],[-79.61408,43.99686],[-79.6132,43.99626],[-79.61097,43.99655]]]}},{"type":"Feature","properties":{"OGF_ID":1404000152},"geometry":{"type":"Polygon","coordinates":[[[-79.37623,43.92693],[-79.37668,43.93114],[-79.37786,43.93166],[-79.38004,43.93126],[-79.38244,43.92851],[-79.38079,43.92572],[-79.3792,43.92549],[-79.37623,43.92693]]]}},{"type":"Feature","properties":{"OGF_ID":1404000153},"geometry":{"type":"Polygon","coordinates":[[[-79.41269,43.92906],[-79.41332,43.93316],[-79.41605,43.93463],[-79.42397,43.93788],[-79.43039,43.93818],[-79.43281,43.93643],[-79.43285,43.93507],[-79.42905,43.93273],[-79.43446,43.93002],[-79.43889,43.93108],[-79.44138,43.93026],[-79.4414,43.92954],[-79.44358,43.9295],[-79.44469,43.92866],[-79.44392,43.92408],[-79.44782,43.92213],[-79.44937,43.91979],[-79.44822,43.91835],[-79.44558,43.91717],[-79.43113,43.91754],[-79.42861,43.91586],[-79.42721,43.91634],[-79.42715,43.91877],[-79.42559,43.92154],[-79.41456,43.92353],[-79.41269,43.92906]]]}},{"type":"Feature","properties":{"OGF_ID":1404000196},"geometry":{"type":"Polygon","coordinates":[[[-79.67115,43.96458],[-79.67084,43.96191],[-79.66968,43.96075],[-79.66237,43.95988],[-79.66064,43.95758],[-79.65748,43.95732],[-79.65648,43.95662],[-79.65546,43.95916],[-79.65146,43.96125],[-79.65122,43.9629],[-79.65529,43.9668],[-79.65505,43.9688],[-79.65293,43.97042],[-79.64876,43.97123],[-79.64775,43.97207],[-79.64793,43.97428],[-79.65565,43.97267],[-79.65728,43.97069],[-79.65966,43.97036],[-79.66034,43.97115],[-79.65987,43.97457],[-79.66169,43.97703],[-79.66002,43.98056],[-79.66046,43.9815],[-79.66245,43.9818],[-79.67154,43.97861],[-79.68627,43.97929],[-79.70005,43.97796],[-79.70419,43.97991],[-79.70706,43.98038],[-79.71221,43.97482],[-79.71246,43.97246],[-79.71093,43.97023],[-79.71162,43.96545],[-79.71027,43.96401],[-79.70623,43.96303],[-79.70326,43.96328],[-79.69807,43.96515],[-79.69691,43.96385],[-79.70504,43.95859],[-79.70863,43.95298],[-79.70823,43.9484],[-79.71064,43.94693],[-79.70988,43.94078],[-79.70489,43.93807],[-79.70366,43.9357],[-79.70096,43.93732],[-79.69983,43.9343],[-79.70149,43.9311],[-79.70533,43.9282],[-79.70481,43.92585],[-79.70636,43.92476],[-79.70421,43.91978],[-79.68369,43.91719],[-79.6865,43.92472],[-79.68562,43.92849],[-79.69071,43.93077],[-79.69187,43.93214],[-79.69211,43.93464],[-79.68913,43.93532],[-79.68347,43.93204],[-79.67823,43.93205],[-79.67599,43.93045],[-79.6734,43.92664],[-79.66779,43.92564],[-79.66298,43.9238],[-79.66193,43.9225],[-79.65894,43.92339],[-79.65491,43.92242],[-79.6522,43.91981],[-79.65211,43.9156],[-79.63884,43.91607],[-79.64137,43.91783],[-79.64464,43.91737],[-79.6459,43.91838],[-79.63931,43.92116],[-79.64256,43.9217],[-79.64402,43.92722],[-79.64847,43.9272],[-79.65071,43.92887],[-79.65199,43.92896],[-79.65527,43.9285],[-79.65492,43.92621],[-79.65563,43.92564],[-79.65984,43.92726],[-79.6593,43.92933],[-79.65445,43.92963],[-79.65614,43.93358],[-79.65425,43.93406],[-79.64702,43.93019],[-79.64287,43.93021],[-79.63955,43.93231],[-79.6364,43.93178],[-79.63406,43.93032],[-79.63445,43.92625],[-79.6333,43.92435],[-79.6328,43.92487],[-79.62986,43.92391],[-79.62813,43.92167],[-79.62685,43.92137],[-79.62546,43.92171],[-79.62453,43.92363],[-79.62215,43.9236],[-79.61778,43.9204],[-79.61729,43.91696],[-79.61101,43.91581],[-79.61083,43.91732],[-79.61419,43.92157],[-79.61596,43.92646],[-79.62632,43.93184],[-79.62794,43.92974],[-79.63042,43.92963],[-79.64067,43.9354],[-79.64327,43.93865],[-79.64919,43.93915],[-79.65132,43.94131],[-79.65803,43.94175],[-79.65847,43.94411],[-79.66189,43.94637],[-79.6667,43.948],[-79.66647,43.94942],[-79.66418,43.9497],[-79.66642,43.95128],[-79.66842,43.95038],[-79.67504,43.95103],[-79.67561,43.95203],[-79.67328,43.95458],[-79.67433,43.95602],[-79.67659,43.9569],[-79.68463,43.95557],[-79.68586,43.95358],[-79.68785,43.95303],[-79.68858,43.95161],[-79.69117,43.95059],[-79.69192,43.948],[-79.69116,43.94657],[-79.69404,43.94603],[-79.69567,43.94819],[-79.69844,43.94844],[-79.69915,43.94759],[-79.698,43.94564],[-79.70218,43.94462],[-79.70389,43.94321],[-79.70107,43.94125],[-79.70089,43.94024],[-79.70112,43.93868],[-79.70312,43.9377],[-79.70415,43.94028],[-79.70811,43.94047],[-79.70848,43.94169],[-79.70648,43.94238],[-79.70523,43.9453],[-79.70274,43.94634],[-79.70131,43.94833],[-79.69651,43.95063],[-79.69604,43.95203],[-79.69869,43.95487],[-79.69805,43.95715],[-79.69501,43.96055],[-79.69557,43.96191],[-79.69065,43.96521],[-79.68598,43.96616],[-79.67967,43.97409],[-79.67849,43.97393],[-79.67792,43.97286],[-79.67796,43.97071],[-79.66991,43.96819],[-79.66896,43.96603],[-79.67115,43.96458]],[[-79.68226,43.94196],[-79.68207,43.94146],[-79.67978,43.9425],[-79.67562,43.94238],[-79.67293,43.94328],[-79.66736,43.94029],[-79.6669,43.939],[-79.66494,43.93783],[-79.6655,43.93498],[-79.66721,43.93378],[-79.67078,43.93361],[-79.67254,43.93449],[-79.67281,43.93556],[-79.67031,43.93661],[-79.67029,43.93775],[-79.67297,43.93714],[-79.67572,43.93795],[-79.67569,43.93495],[-79.68014,43.93515],[-79.68412,43.93848],[-79.686,43.93836],[-79.68746,43.93916],[-79.68762,43.94552],[-79.68593,43.94586],[-79.6824,43.94439],[-79.68226,43.94196]]]}},{"type":"Feature","properties":{"OGF_ID":1404000154},"geometry":{"type":"Polygon","coordinates":[[[-79.45993,43.89928],[-79.46104,43.90037],[-79.46398,43.90119],[-79.46609,43.90386],[-79.46883,43.90505],[-79.46928,43.90662],[-79.47055,43.907],[-79.47177,43.90573],[-79.47486,43.90484],[-79.47509,43.9037],[-79.47326,43.90167],[-79.47425,43.90147],[-79.47754,43.90452],[-79.48755,43.90722],[-79.49152,43.90649],[-79.50434,43.90095],[-79.5096,43.89529],[-79.51055,43.8928],[-79.51134,43.88874],[-79.50786,43.88548],[-79.5095,43.88321],[-79.51194,43.88383],[-79.51224,43.87654],[-79.50642,43.87617],[-79.50205,43.87711],[-79.49359,43.87543],[-79.49046,43.8741],[-79.49029,43.87331],[-79.49562,43.87346],[-79.49776,43.8747],[-79.49993,43.8748],[-79.50074,43.87388],[-79.49987,43.87182],[-79.49716,43.8709],[-79.49124,43.87061],[-79.4853,43.86717],[-79.48314,43.86672],[-79.48263,43.86728],[-79.48514,43.86982],[-79.48901,43.87701],[-79.49886,43.88608],[-79.49996,43.88938],[-79.49902,43.89122],[-79.49101,43.89169],[-79.48251,43.89544],[-79.47733,43.8933],[-79.47121,43.89293],[-79.46851,43.88939],[-79.46768,43.88927],[-79.46575,43.89116],[-79.46851,43.89476],[-79.46795,43.89674],[-79.46533,43.89864],[-79.45993,43.89928]]]}},{"type":"Feature","properties":{"OGF_ID":1404000155},"geometry":{"type":"Polygon","coordinates":[[[-79.46851,43.88939],[-79.47121,43.89293],[-79.47733,43.8933],[-79.48251,43.89544],[-79.49101,43.89169],[-79.49902,43.89122],[-79.49996,43.88938],[-79.49886,43.88608],[-79.48901,43.87701],[-79.48514,43.86982],[-79.48263,43.86728],[-79.48314,43.86672],[-79.4853,43.86717],[-79.49124,43.87061],[-79.49716,43.8709],[-79.49987,43.87182],[-79.49581,43.86668],[-79.49663,43.865],[-79.49287,43.86106],[-79.49287,43.84905],[-79.49191,43.84796],[-79.4814,43.84604],[-79.4808,43.84117],[-79.47792,43.84317],[-79.4768,43.84554],[-79.48046,43.85182],[-79.47742,43.85485],[-79.47627,43.85741],[-79.47386,43.8588],[-79.47529,43.86075],[-79.47725,43.86135],[-79.47879,43.86308],[-79.47412,43.86409],[-79.46994,43.86306],[-79.46896,43.86631],[-79.47051,43.86998],[-79.47282,43.87237],[-79.47881,43.87409],[-79.48247,43.8775],[-79.48243,43.87914],[-79.48061,43.88083],[-79.47396,43.88138],[-79.4759,43.88412],[-79.4797,43.88539],[-79.47968,43.88625],[-79.47828,43.88688],[-79.47591,43.88684],[-79.46514,43.88291],[-79.46249,43.88283],[-79.46731,43.88694],[-79.46851,43.88939]]]}},{"type":"Feature","properties":{"OGF_ID":1404000156},"geometry":{"type":"Polygon","coordinates":[[[-79.4499,43.91815],[-79.45107,43.91896],[-79.45486,43.91779],[-79.45742,43.91811],[-79.45935,43.91607],[-79.46328,43.91705],[-79.46022,43.91308],[-79.46414,43.91034],[-79.46152,43.90859],[-79.46306,43.9064],[-79.4629,43.90489],[-79.46014,43.90457],[-79.45547,43.90544],[-79.44985,43.90886],[-79.45223,43.91233],[-79.44858,43.91592],[-79.4499,43.91815]]]}},{"type":"Feature","properties":{"OGF_ID":1404000157},"geometry":{"type":"Polygon","coordinates":[[[-79.41273,43.94616],[-79.41712,43.95001],[-79.41739,43.95123],[-79.41524,43.95384],[-79.41601,43.95471],[-79.42619,43.94756],[-79.42662,43.94621],[-79.42627,43.9447],[-79.42414,43.94296],[-79.41671,43.94314],[-79.41232,43.93715],[-79.40598,43.93312],[-79.40884,43.93781],[-79.41065,43.94363],[-79.41273,43.94616]]]}},{"type":"Feature","properties":{"OGF_ID":1404000158},"geometry":{"type":"Polygon","coordinates":[[[-79.37993,43.9692],[-79.38207,43.96953],[-79.38489,43.97142],[-79.38647,43.97516],[-79.38795,43.97533],[-79.3893,43.97299],[-79.38681,43.97002],[-79.38627,43.96801],[-79.38708,43.96738],[-79.39113,43.96744],[-79.39285,43.96989],[-79.39619,43.97054],[-79.39712,43.96929],[-79.39506,43.96492],[-79.39447,43.96105],[-79.39778,43.95939],[-79.39844,43.9578],[-79.38684,43.9578],[-79.38024,43.96028],[-79.3768,43.96309],[-79.37605,43.96522],[-79.37621,43.9668],[-79.37876,43.96769],[-79.37993,43.9692]]]}},{"type":"Feature","properties":{"OGF_ID":1404000159},"geometry":{"type":"Polygon","coordinates":[[[-78.01947,44.20003],[-78.02139,44.20069],[-78.02582,44.19444],[-78.02675,44.19089],[-78.03007,44.18819],[-78.03097,44.18486],[-78.03029,44.18488],[-78.02842,44.18885],[-78.02565,44.19135],[-78.02425,44.19445],[-78.02166,44.19651],[-78.01947,44.20003]]]}},{"type":"Feature","properties":{"OGF_ID":1404000160},"geometry":{"type":"Polygon","coordinates":[[[-79.48083,43.97324],[-79.48243,43.97626],[-79.48395,43.97485],[-79.48465,43.96686],[-79.48891,43.96663],[-79.49127,43.96752],[-79.49417,43.96598],[-79.49555,43.9625],[-79.49371,43.96069],[-79.49244,43.96024],[-79.48624,43.96266],[-79.47771,43.96348],[-79.47456,43.96621],[-79.47543,43.97145],[-79.47732,43.97119],[-79.47797,43.97284],[-79.48084,43.97274],[-79.48083,43.97324]]]}},{"type":"Feature","properties":{"OGF_ID":1404000161},"geometry":{"type":"Polygon","coordinates":[[[-79.44936,43.98271],[-79.44828,43.98052],[-79.44241,43.9778],[-79.44281,43.9728],[-79.4368,43.96914],[-79.43155,43.9695],[-79.43069,43.97192],[-79.42417,43.9754],[-79.42303,43.97746],[-79.42446,43.97948],[-79.4321,43.98244],[-79.43693,43.98308],[-79.44405,43.98718],[-79.44769,43.98515],[-79.44936,43.98271]]]}},{"type":"Feature","properties":{"OGF_ID":1404000162},"geometry":{"type":"Polygon","coordinates":[[[-79.54602,44.01882],[-79.54381,44.02023],[-79.54381,44.02401],[-79.54875,44.02858],[-79.55081,44.03347],[-79.55295,44.03521],[-79.55486,44.03416],[-79.55345,44.03078],[-79.55447,44.02958],[-79.55666,44.02904],[-79.55779,44.02741],[-79.55713,44.02633],[-79.55377,44.02593],[-79.55123,44.02425],[-79.55034,44.02017],[-79.55107,44.01868],[-79.5493,44.01815],[-79.5481,44.01856],[-79.54872,44.01379],[-79.55138,44.01003],[-79.55091,44.00903],[-79.54823,44.00935],[-79.5463,44.01097],[-79.54602,44.01882]]]}},{"type":"Feature","properties":{"OGF_ID":1404000163},"geometry":{"type":"Polygon","coordinates":[[[-79.56399,44.00327],[-79.56232,44.0041],[-79.56097,44.00679],[-79.56046,44.0115],[-79.55728,44.01168],[-79.55626,44.01317],[-79.55832,44.01784],[-79.56379,44.02098],[-79.56317,44.02226],[-79.56005,44.02408],[-79.56023,44.02508],[-79.56383,44.02756],[-79.56671,44.03152],[-79.56828,44.03204],[-79.57396,44.02942],[-79.57287,44.02855],[-79.56962,44.02801],[-79.56855,44.02707],[-79.57178,44.02475],[-79.57229,44.0221],[-79.57132,44.01902],[-79.56733,44.0159],[-79.5667,44.01339],[-79.56849,44.00913],[-79.57139,44.00766],[-79.5683,44.00469],[-79.56399,44.00327]]]}},{"type":"Feature","properties":{"OGF_ID":1404000164},"geometry":{"type":"Polygon","coordinates":[[[-79.52084,43.98572],[-79.52107,43.98263],[-79.52276,43.98237],[-79.52508,43.98447],[-79.52837,43.98365],[-79.52623,43.97827],[-79.52721,43.97835],[-79.5304,43.98139],[-79.53003,43.98453],[-79.53145,43.98698],[-79.53582,43.98654],[-79.53608,43.98797],[-79.54215,43.99062],[-79.54404,43.9905],[-79.54528,43.9883],[-79.54905,43.98771],[-79.55051,43.9888],[-79.55191,43.98831],[-79.55114,43.9833],[-79.55027,43.98258],[-79.54579,43.98345],[-79.54109,43.98539],[-79.53943,43.9848],[-79.53885,43.98386],[-79.54067,43.98238],[-79.54597,43.98038],[-79.54488,43.98015],[-79.54413,43.97842],[-79.54286,43.97798],[-79.53995,43.97959],[-79.53717,43.97991],[-79.53579,43.97982],[-79.53406,43.97751],[-79.53167,43.97841],[-79.5295,43.97781],[-79.52995,43.97574],[-79.53323,43.97121],[-79.53227,43.96977],[-79.53081,43.96911],[-79.52397,43.9693],[-79.52065,43.96755],[-79.51591,43.9672],[-79.51396,43.96603],[-79.51307,43.96609],[-79.51428,43.96932],[-79.51534,43.97041],[-79.51907,43.9716],[-79.5187,43.97452],[-79.50825,43.98082],[-79.49836,43.98033],[-79.49277,43.98247],[-79.49023,43.98575],[-79.50191,43.98569],[-79.50633,43.98163],[-79.50783,43.9816],[-79.50828,43.98346],[-79.51403,43.98697],[-79.51692,43.98629],[-79.51914,43.98468],[-79.52084,43.98572]]]}},{"type":"Feature","properties":{"OGF_ID":1404000165},"geometry":{"type":"Polygon","coordinates":[[[-79.54545,43.99916],[-79.54727,43.99999],[-79.55086,43.99881],[-79.55163,44.00003],[-79.55206,44.00268],[-79.54928,44.00686],[-79.55016,44.00744],[-79.5531,44.00462],[-79.55693,44.00589],[-79.56042,43.99671],[-79.56376,43.99375],[-79.5612,43.99322],[-79.55412,43.99506],[-79.55295,43.9944],[-79.5557,43.99108],[-79.55737,43.98352],[-79.55682,43.98159],[-79.55314,43.9784],[-79.55404,43.97791],[-79.56205,43.97851],[-79.57779,43.97581],[-79.57951,43.97453],[-79.57943,43.97376],[-79.57398,43.9718],[-79.56885,43.97116],[-79.56278,43.96865],[-79.5621,43.964],[-79.56697,43.96292],[-79.56662,43.96113],[-79.56817,43.95822],[-79.56492,43.95768],[-79.55953,43.95975],[-79.55797,43.95866],[-79.56048,43.95726],[-79.56033,43.95512],[-79.55917,43.95417],[-79.55392,43.95454],[-79.55156,43.94979],[-79.55539,43.94691],[-79.55786,43.94708],[-79.55798,43.94594],[-79.5551,43.94247],[-79.55205,43.94119],[-79.54802,43.9426],[-79.54739,43.94645],[-79.54306,43.94932],[-79.54291,43.95147],[-79.5376,43.9544],[-79.53331,43.95978],[-79.53241,43.96005],[-79.5293,43.9578],[-79.52674,43.95762],[-79.51733,43.96186],[-79.51494,43.9624],[-79.51012,43.96148],[-79.509,43.96268],[-79.50924,43.9649],[-79.50674,43.96601],[-79.50317,43.96639],[-79.50065,43.96821],[-79.50625,43.97358],[-79.50574,43.9745],[-79.49898,43.97169],[-79.49565,43.97408],[-79.49287,43.97469],[-79.49081,43.97752],[-79.48411,43.98093],[-79.48412,43.98393],[-79.48223,43.98624],[-79.48514,43.98702],[-79.49023,43.98575],[-79.49277,43.98247],[-79.49836,43.98033],[-79.50825,43.98082],[-79.5187,43.97452],[-79.51907,43.9716],[-79.51534,43.97041],[-79.51428,43.96932],[-79.51307,43.96609],[-79.51396,43.96603],[-79.51591,43.9672],[-79.52065,43.96755],[-79.52397,43.9693],[-79.53081,43.96911],[-79.53227,43.96977],[-79.53323,43.97121],[-79.52995,43.97574],[-79.5295,43.97781],[-79.53167,43.97841],[-79.53406,43.97751],[-79.53579,43.97982],[-79.53717,43.97991],[-79.53995,43.97959],[-79.54286,43.97798],[-79.54413,43.97842],[-79.54488,43.98015],[-79.54597,43.98038],[-79.54067,43.98238],[-79.53885,43.98386],[-79.53943,43.9848],[-79.54109,43.98539],[-79.54579,43.98345],[-79.55027,43.98258],[-79.55114,43.9833],[-79.55191,43.98831],[-79.55051,43.9888],[-79.54905,43.98771],[-79.54528,43.9883],[-79.54404,43.9905],[-79.54215,43.99062],[-79.53608,43.98797],[-79.53582,43.98654],[-79.53145,43.98698],[-79.53003,43.98453],[-79.5304,43.98139],[-79.52721,43.97835],[-79.52623,43.97827],[-79.52837,43.98365],[-79.52508,43.98447],[-79.52276,43.98237],[-79.52107,43.98263],[-79.52084,43.98572],[-79.51843,43.98924],[-79.52013,43.99021],[-79.52702,43.98999],[-79.53062,43.98883],[-79.53698,43.99177],[-79.53527,43.99268],[-79.53512,43.99475],[-79.53413,43.99502],[-79.52063,43.99234],[-79.51977,43.99512],[-79.52043,43.99641],[-79.5256,43.99824],[-79.52919,43.99853],[-79.52866,43.99988],[-79.52676,44.00071],[-79.52734,44.00129],[-79.53602,43.99862],[-79.54306,43.99813],[-79.54545,43.99916]]]}},{"type":"Feature","properties":{"OGF_ID":1404000166},"geometry":{"type":"Polygon","coordinates":[[[-79.52753,44.03753],[-79.5318,44.03722],[-79.53311,44.03608],[-79.52825,44.0326],[-79.52751,44.03031],[-79.52368,44.0289],[-79.52158,44.03002],[-79.51633,44.02966],[-79.51479,44.032],[-79.52111,44.03687],[-79.52753,44.03753]]]}},{"type":"Feature","properties":{"OGF_ID":1404000167},"geometry":{"type":"Polygon","coordinates":[[[-79.51254,44.02561],[-79.51244,44.02711],[-79.51361,44.02777],[-79.51661,44.02652],[-79.52347,44.02554],[-79.526,44.0235],[-79.52767,44.01988],[-79.52632,44.0185],[-79.52679,44.01536],[-79.5258,44.01542],[-79.52182,44.02023],[-79.51874,44.02055],[-79.51869,44.02241],[-79.51675,44.02474],[-79.51254,44.02561]]]}},{"type":"Feature","properties":{"OGF_ID":1404000168},"geometry":{"type":"Polygon","coordinates":[[[-79.51511,44.04286],[-79.51823,44.04906],[-79.52135,44.05103],[-79.52256,44.05419],[-79.52931,44.0537],[-79.53017,44.05514],[-79.52912,44.05689],[-79.54003,44.05483],[-79.52854,44.04897],[-79.52857,44.04776],[-79.53161,44.04473],[-79.53205,44.04302],[-79.53533,44.0427],[-79.54195,44.03921],[-79.5472,44.03928],[-79.5483,44.03894],[-79.54812,44.03822],[-79.5436,44.03652],[-79.54332,44.03208],[-79.5404,44.0299],[-79.53965,44.02825],[-79.5408,44.02147],[-79.53929,44.01845],[-79.53808,44.01748],[-79.53579,44.01984],[-79.5312,44.02121],[-79.53012,44.02105],[-79.52953,44.01962],[-79.52767,44.01988],[-79.526,44.0235],[-79.52347,44.02554],[-79.51661,44.02652],[-79.51361,44.02777],[-79.51244,44.02711],[-79.51254,44.02561],[-79.51284,44.02269],[-79.51527,44.02065],[-79.51571,44.01894],[-79.51505,44.01771],[-79.51181,44.01638],[-79.51069,44.01509],[-79.5086,44.01643],[-79.50773,44.01719],[-79.50835,44.02041],[-79.51143,44.02395],[-79.50983,44.02851],[-79.50853,44.02885],[-79.50183,44.02754],[-79.50082,44.02432],[-79.49888,44.02286],[-79.49901,44.02143],[-79.50099,44.01983],[-79.50062,44.01645],[-79.49483,44.0143],[-79.49335,44.01237],[-79.48798,44.01521],[-79.48616,44.01448],[-79.48479,44.01589],[-79.487,44.0187],[-79.49015,44.01932],[-79.49673,44.01762],[-79.49721,44.01805],[-79.49238,44.0212],[-79.49871,44.02958],[-79.50168,44.03733],[-79.50275,44.03828],[-79.50621,44.03854],[-79.51021,44.04095],[-79.51347,44.04142],[-79.51511,44.04286]],[[-79.52753,44.03753],[-79.52111,44.03687],[-79.51479,44.032],[-79.51633,44.02966],[-79.52158,44.03002],[-79.52368,44.0289],[-79.52751,44.03031],[-79.52825,44.0326],[-79.53311,44.03608],[-79.5318,44.03722],[-79.52753,44.03753]]]}},{"type":"Feature","properties":{"OGF_ID":1404000169},"geometry":{"type":"Polygon","coordinates":[[[-79.48409,44.02827],[-79.48883,44.02823],[-79.49275,44.03386],[-79.49365,44.03751],[-79.49627,44.03962],[-79.50519,44.03967],[-79.51055,44.0431],[-79.5105,44.04495],[-79.51511,44.04286],[-79.51347,44.04142],[-79.51021,44.04095],[-79.50621,44.03854],[-79.50275,44.03828],[-79.50168,44.03733],[-79.49871,44.02958],[-79.49238,44.0212],[-79.49721,44.01805],[-79.49673,44.01762],[-79.49015,44.01932],[-79.487,44.0187],[-79.48479,44.01589],[-79.48616,44.01448],[-79.48622,44.00654],[-79.48755,44.00247],[-79.49373,44.003],[-79.49177,44.00633],[-79.49322,44.00764],[-79.49461,44.00765],[-79.4961,44.0071],[-79.49704,44.0054],[-79.49532,44.00288],[-79.49546,44.00145],[-79.49656,44.00082],[-79.49774,44.00134],[-79.5,44.00951],[-79.49847,44.01128],[-79.49335,44.01237],[-79.49483,44.0143],[-79.50062,44.01645],[-79.50099,44.01983],[-79.50307,44.01763],[-79.5086,44.01643],[-79.51069,44.01509],[-79.50814,44.01276],[-79.50388,44.01306],[-79.50309,44.00884],[-79.49971,44.00158],[-79.49973,43.997],[-79.5038,43.99634],[-79.50457,43.99728],[-79.50388,44.00106],[-79.50465,44.00193],[-79.50703,44.00174],[-79.50857,43.99969],[-79.50926,43.99984],[-79.50565,44.00551],[-79.50545,44.00965],[-79.50841,44.00998],[-79.51021,44.00936],[-79.51133,44.00794],[-79.51309,44.00883],[-79.51373,44.01098],[-79.51521,44.01128],[-79.51947,44.0112],[-79.52267,44.00981],[-79.5227,44.00859],[-79.51978,44.00648],[-79.51905,44.00433],[-79.52059,44.00206],[-79.52344,44.00281],[-79.52379,44.00067],[-79.52137,43.9985],[-79.51859,43.99868],[-79.51707,44.00009],[-79.51521,43.99928],[-79.51362,43.99575],[-79.5147,43.99184],[-79.51166,43.9908],[-79.51211,43.98852],[-79.51028,43.98671],[-79.50592,43.98701],[-79.5021,43.9891],[-79.50302,43.99183],[-79.50229,43.99339],[-79.48996,43.9918],[-79.48441,43.99215],[-79.4831,43.98899],[-79.48514,43.98702],[-79.48223,43.98624],[-79.47836,43.99041],[-79.48094,43.99458],[-79.48612,43.99489],[-79.48756,43.99641],[-79.48182,44.00761],[-79.48124,44.0136],[-79.48227,44.02182],[-79.48451,44.02296],[-79.48789,44.02272],[-79.48875,44.0238],[-79.48791,44.0255],[-79.48425,44.02545],[-79.48316,44.02619],[-79.48409,44.02827]]]}},{"type":"Feature","properties":{"OGF_ID":1404000170},"geometry":{"type":"Polygon","coordinates":[[[-79.53963,44.0091],[-79.53786,44.01001],[-79.53206,44.01627],[-79.53147,44.01841],[-79.53214,44.01903],[-79.53797,44.01469],[-79.54193,44.00896],[-79.54133,44.00829],[-79.53963,44.0091]]]}},{"type":"Feature","properties":{"OGF_ID":1404000171},"geometry":{"type":"Polygon","coordinates":[[[-79.3608,43.94785],[-79.36261,43.95024],[-79.36573,43.95193],[-79.3691,43.95169],[-79.36992,43.9507],[-79.3697,43.94695],[-79.36865,43.94661],[-79.36487,43.9472],[-79.36344,43.94518],[-79.36123,43.9465],[-79.3608,43.94785]]]}},{"type":"Feature","properties":{"OGF_ID":1404000172},"geometry":{"type":"Polygon","coordinates":[[[-79.30316,43.95321],[-79.29901,43.9532],[-79.29741,43.95446],[-79.29691,43.95641],[-79.30012,43.95869],[-79.30193,43.95864],[-79.30055,43.95505],[-79.30316,43.95321]]]}},{"type":"Feature","properties":{"OGF_ID":1404000282},"geometry":{"type":"Polygon","coordinates":[[[-78.983,44.01255],[-78.98167,44.00874],[-78.98036,44.00757],[-78.97935,44.00911],[-78.97955,44.01546],[-78.97874,44.01792],[-78.97362,44.01917],[-78.96344,44.02011],[-78.95792,44.02405],[-78.95573,44.02446],[-78.95388,44.02398],[-78.95597,44.02035],[-78.95574,44.01496],[-78.95373,44.01313],[-78.95157,44.01248],[-78.95398,44.01455],[-78.95379,44.01718],[-78.95315,44.01752],[-78.95221,44.01603],[-78.94984,44.01567],[-78.94903,44.01705],[-78.94791,44.01727],[-78.94942,44.01173],[-78.94678,44.01346],[-78.94626,44.01659],[-78.94387,44.01976],[-78.94476,44.0212],[-78.94955,44.02337],[-78.95022,44.02481],[-78.94821,44.02612],[-78.94563,44.02639],[-78.94643,44.02967],[-78.9453,44.03249],[-78.94316,44.0344],[-78.93856,44.03551],[-78.93518,44.03448],[-78.92344,44.03531],[-78.91748,44.03677],[-78.917,44.03863],[-78.91923,44.04017],[-78.91939,44.04144],[-78.91833,44.04224],[-78.89658,44.04177],[-78.88982,44.04247],[-78.88355,44.04189],[-78.86752,44.04026],[-78.86408,44.04087],[-78.8635,44.0425],[-78.86454,44.04828],[-78.86236,44.05138],[-78.86014,44.05238],[-78.85851,44.05186],[-78.85803,44.05061],[-78.85362,44.05218],[-78.85021,44.05182],[-78.8489,44.0509],[-78.84798,44.04759],[-78.84886,44.04619],[-78.84772,44.04632],[-78.84521,44.04971],[-78.8472,44.05549],[-78.86396,44.05858],[-78.86841,44.05582],[-78.86941,44.05397],[-78.8684,44.05052],[-78.86623,44.04741],[-78.86721,44.04616],[-78.8693,44.04568],[-78.87307,44.04739],[-78.87442,44.05011],[-78.87614,44.05126],[-78.88091,44.05184],[-78.88113,44.05124],[-78.88526,44.05149],[-78.88765,44.05059],[-78.88905,44.05312],[-78.89398,44.05269],[-78.90304,44.05343],[-78.9091,44.05117],[-78.91228,44.05073],[-78.91529,44.05235],[-78.91873,44.05764],[-78.92132,44.05307],[-78.92227,44.05343],[-78.9224,44.05594],[-78.92857,44.05176],[-78.92656,44.0468],[-78.92357,44.04653],[-78.91754,44.04985],[-78.9159,44.04952],[-78.91594,44.04818],[-78.91934,44.04585],[-78.92128,44.04088],[-78.92361,44.03928],[-78.93282,44.03675],[-78.93708,44.03646],[-78.94197,44.03886],[-78.94303,44.04112],[-78.94117,44.044],[-78.93939,44.04435],[-78.93701,44.04438],[-78.93368,44.04185],[-78.92867,44.04273],[-78.92853,44.04385],[-78.92965,44.04447],[-78.93481,44.04501],[-78.9332,44.0511],[-78.93642,44.05259],[-78.93971,44.05787],[-78.94161,44.05857],[-78.94256,44.05823],[-78.94371,44.05515],[-78.95272,44.04397],[-78.958,44.04045],[-78.96292,44.03935],[-78.95979,44.03888],[-78.96018,44.03665],[-78.96387,44.03477],[-78.9691,44.03015],[-78.96936,44.03158],[-78.97287,44.03209],[-78.97122,44.03497],[-78.97279,44.03754],[-78.98083,44.03866],[-78.98541,44.04113],[-78.98835,44.04006],[-78.98969,44.04031],[-78.99223,44.04177],[-78.99654,44.03976],[-79.00109,44.04013],[-79.00156,44.04156],[-78.9932,44.04888],[-78.99414,44.05037],[-78.99897,44.05075],[-79.00053,44.04893],[-79.00266,44.04833],[-79.00075,44.04723],[-79.00058,44.04603],[-79.0014,44.0432],[-79.00299,44.04219],[-79.00829,44.04168],[-79.01535,44.04353],[-79.01889,44.04388],[-79.0221,44.04723],[-79.02829,44.04786],[-79.02913,44.0475],[-79.02853,44.04689],[-79.02478,44.04443],[-79.02442,44.04286],[-79.02538,44.04205],[-79.03165,44.04351],[-79.04246,44.04352],[-79.03972,44.03837],[-79.03848,44.03776],[-79.02558,44.03922],[-79.01987,44.03628],[-79.02074,44.03495],[-79.02648,44.03392],[-79.02916,44.03412],[-79.03125,44.03363],[-79.03201,44.0326],[-79.03398,44.03263],[-79.03409,44.0354],[-79.03564,44.03573],[-79.04021,44.03222],[-79.04415,44.03199],[-79.04473,44.03327],[-79.04563,44.03364],[-79.04769,44.03282],[-79.04782,44.0307],[-79.04017,44.02721],[-79.03617,44.02273],[-79.03463,44.02233],[-79.03309,44.02514],[-79.02969,44.02365],[-79.03064,44.02719],[-79.0287,44.02933],[-79.02402,44.02675],[-79.02394,44.02497],[-79.02262,44.02475],[-79.02106,44.02232],[-79.02068,44.01805],[-79.02167,44.01635],[-79.02493,44.01506],[-79.03095,44.01449],[-79.0377,44.01248],[-79.03862,44.01134],[-79.04007,44.01129],[-79.04108,44.01212],[-79.04215,44.0173],[-79.0432,44.01762],[-79.04891,44.01017],[-79.05208,44.00737],[-79.04834,44.00859],[-79.04402,44.00769],[-79.04495,44.00457],[-79.04901,43.99994],[-79.04589,44.00093],[-79.04171,44.00465],[-79.03633,44.00761],[-79.02828,44.01063],[-79.02321,44.01077],[-79.02005,44.00922],[-79.0205,44.01431],[-79.01691,44.01634],[-79.01633,44.01813],[-79.01861,44.02138],[-79.01838,44.02398],[-79.01964,44.02439],[-79.02089,44.02747],[-79.01732,44.02898],[-79.01666,44.02994],[-79.01814,44.03221],[-79.01718,44.03302],[-79.00997,44.03169],[-78.99818,44.03126],[-78.9874,44.02402],[-78.98052,44.02797],[-78.97885,44.0298],[-78.97635,44.02958],[-78.97052,44.02599],[-78.9687,44.02602],[-78.96774,44.0246],[-78.96856,44.02185],[-78.97551,44.02152],[-78.97815,44.01992],[-78.98422,44.01799],[-78.983,44.01255]]]}},{"type":"Feature","properties":{"OGF_ID":1404000283},"geometry":{"type":"Polygon","coordinates":[[[-79.02459,44.05859],[-79.0259,44.06017],[-79.02808,44.06094],[-79.02728,44.06538],[-79.02822,44.06565],[-79.02989,44.06456],[-79.0308,44.06517],[-79.033,44.07007],[-79.0444,44.07353],[-79.04442,44.07108],[-79.04342,44.07002],[-79.04034,44.06922],[-79.03546,44.06936],[-79.03424,44.06859],[-79.0368,44.06632],[-79.03721,44.06486],[-79.03612,44.06503],[-79.03408,44.06395],[-79.03351,44.06252],[-79.03427,44.05731],[-79.03073,44.05881],[-79.02793,44.05884],[-79.02541,44.0579],[-79.02459,44.05859]]]}},{"type":"Feature","properties":{"OGF_ID":1404000252},"geometry":{"type":"Polygon","coordinates":[[[-78.52043,44.11896],[-78.52165,44.12218],[-78.52298,44.12299],[-78.52236,44.1258],[-78.52543,44.1266],[-78.52995,44.12597],[-78.53092,44.12407],[-78.52526,44.12144],[-78.5222,44.119],[-78.52043,44.11896]]]}},{"type":"Feature","properties":{"OGF_ID":1404000253},"geometry":{"type":"Polygon","coordinates":[[[-78.70706,44.08664],[-78.7148,44.08728],[-78.7171,44.08826],[-78.71917,44.09044],[-78.72053,44.09001],[-78.72032,44.08879],[-78.71748,44.08509],[-78.72148,44.08292],[-78.7206,44.08142],[-78.71918,44.08139],[-78.71313,44.0837],[-78.70428,44.08379],[-78.70706,44.08664]]]}},{"type":"Feature","properties":{"OGF_ID":1404000254},"geometry":{"type":"Polygon","coordinates":[[[-78.68983,44.04859],[-78.69567,44.05048],[-78.69898,44.05527],[-78.70075,44.05563],[-78.70232,44.05438],[-78.70341,44.04897],[-78.7007,44.04991],[-78.69984,44.04541],[-78.69844,44.04454],[-78.68983,44.04859]]]}},{"type":"Feature","properties":{"OGF_ID":1404000255},"geometry":{"type":"Polygon","coordinates":[[[-78.70609,44.09346],[-78.70318,44.0963],[-78.70535,44.10036],[-78.70756,44.10041],[-78.70764,44.09816],[-78.71269,44.09518],[-78.71929,44.09294],[-78.71845,44.09156],[-78.7099,44.09335],[-78.70609,44.09346]]]}},{"type":"Feature","properties":{"OGF_ID":1404000256},"geometry":{"type":"Polygon","coordinates":[[[-78.71929,44.09294],[-78.72376,44.09372],[-78.72755,44.09296],[-78.72956,44.09113],[-78.73062,44.09405],[-78.73202,44.09473],[-78.73539,44.0947],[-78.7367,44.09435],[-78.73875,44.09159],[-78.74514,44.09069],[-78.74591,44.08734],[-78.74426,44.08647],[-78.74306,44.08747],[-78.74445,44.08825],[-78.74427,44.08974],[-78.74217,44.09035],[-78.73873,44.08869],[-78.73828,44.08355],[-78.73916,44.08033],[-78.73843,44.07953],[-78.73189,44.07774],[-78.72547,44.07965],[-78.72926,44.08215],[-78.72843,44.08344],[-78.72285,44.08371],[-78.72148,44.08292],[-78.71748,44.08509],[-78.72032,44.08879],[-78.72053,44.09001],[-78.71917,44.09044],[-78.71845,44.09156],[-78.71929,44.09294]]]}},{"type":"Feature","properties":{"OGF_ID":1404000257},"geometry":{"type":"Polygon","coordinates":[[[-78.73189,44.07774],[-78.73843,44.07953],[-78.73916,44.08033],[-78.74061,44.08032],[-78.74077,44.07939],[-78.73833,44.07878],[-78.73772,44.07457],[-78.73967,44.07423],[-78.74558,44.07566],[-78.74663,44.07521],[-78.74641,44.07418],[-78.75045,44.0736],[-78.74674,44.07241],[-78.74485,44.07097],[-78.74372,44.07001],[-78.74523,44.06789],[-78.73936,44.06477],[-78.73396,44.06767],[-78.73155,44.06785],[-78.72979,44.06834],[-78.71669,44.06527],[-78.71395,44.06568],[-78.71429,44.067],[-78.7298,44.07151],[-78.72977,44.07217],[-78.72139,44.07452],[-78.72055,44.076],[-78.72832,44.07615],[-78.73077,44.07667],[-78.73189,44.07774]]]}},{"type":"Feature","properties":{"OGF_ID":1404000258},"geometry":{"type":"Polygon","coordinates":[[[-78.75827,44.06588],[-78.75666,44.06679],[-78.75861,44.07031],[-78.76193,44.07177],[-78.7604,44.07472],[-78.76276,44.07375],[-78.76425,44.07191],[-78.76433,44.06995],[-78.75827,44.06588]]]}},{"type":"Feature","properties":{"OGF_ID":1404000259},"geometry":{"type":"Polygon","coordinates":[[[-78.752,44.05523],[-78.74707,44.04999],[-78.74566,44.04959],[-78.74123,44.05044],[-78.73475,44.04694],[-78.73176,44.04726],[-78.7303,44.04816],[-78.72985,44.04974],[-78.73105,44.05238],[-78.73944,44.05638],[-78.74028,44.05827],[-78.7499,44.05867],[-78.75187,44.05663],[-78.752,44.05523]]]}},{"type":"Feature","properties":{"OGF_ID":1404000260},"geometry":{"type":"Polygon","coordinates":[[[-78.66895,44.13681],[-78.67113,44.13746],[-78.67255,44.13684],[-78.67322,44.13469],[-78.67458,44.13481],[-78.67355,44.13833],[-78.66626,44.14304],[-78.66254,44.14689],[-78.66487,44.14812],[-78.66669,44.1476],[-78.67386,44.14316],[-78.67359,44.14531],[-78.67154,44.14781],[-78.66646,44.15103],[-78.66974,44.15486],[-78.66759,44.16085],[-78.66383,44.16305],[-78.66593,44.16771],[-78.66916,44.16344],[-78.6708,44.15479],[-78.67673,44.14267],[-78.67656,44.13715],[-78.67855,44.13588],[-78.67815,44.13394],[-78.67727,44.13221],[-78.67753,44.12559],[-78.68107,44.12117],[-78.6835,44.11562],[-78.68314,44.11467],[-78.67933,44.116],[-78.67567,44.12013],[-78.67387,44.12635],[-78.67015,44.13179],[-78.66895,44.13681]]]}},{"type":"Feature","properties":{"OGF_ID":1404000261},"geometry":{"type":"Polygon","coordinates":[[[-78.81213,44.03967],[-78.81738,44.04118],[-78.81879,44.04321],[-78.82112,44.0444],[-78.82973,44.04428],[-78.83883,44.04628],[-78.83988,44.04251],[-78.83202,44.04206],[-78.82987,44.04134],[-78.82919,44.04006],[-78.83049,44.03859],[-78.83237,44.03803],[-78.83742,44.03887],[-78.83919,44.03853],[-78.83985,44.03765],[-78.83899,44.03554],[-78.83387,44.03402],[-78.83317,44.03311],[-78.83387,44.03103],[-78.83539,44.03089],[-78.83402,44.02976],[-78.83357,44.02781],[-78.83521,44.02545],[-78.83696,44.02469],[-78.83812,44.02244],[-78.83722,44.0216],[-78.83235,44.02166],[-78.8304,44.0211],[-78.8289,44.0195],[-78.82283,44.01849],[-78.82196,44.0169],[-78.82594,44.01548],[-78.8263,44.01429],[-78.82558,44.01398],[-78.82271,44.01333],[-78.81782,44.01383],[-78.80406,44.01342],[-78.80472,44.00955],[-78.80164,44.00881],[-78.79754,44.0106],[-78.79118,44.01129],[-78.79295,44.01209],[-78.79566,44.0113],[-78.79883,44.01167],[-78.80202,44.01031],[-78.80056,44.01294],[-78.80214,44.01364],[-78.80275,44.01524],[-78.80482,44.01537],[-78.80578,44.01446],[-78.80751,44.01574],[-78.80927,44.01517],[-78.80973,44.01598],[-78.81466,44.01601],[-78.81527,44.0175],[-78.81784,44.0158],[-78.82484,44.01482],[-78.81863,44.01615],[-78.81829,44.01763],[-78.82413,44.021],[-78.82747,44.02056],[-78.83093,44.02287],[-78.83068,44.02365],[-78.83079,44.02462],[-78.82886,44.02653],[-78.82176,44.0308],[-78.82144,44.03378],[-78.82026,44.03503],[-78.81206,44.03845],[-78.81213,44.03967]]]}},{"type":"Feature","properties":{"OGF_ID":1404000262},"geometry":{"type":"Polygon","coordinates":[[[-78.65444,44.13532],[-78.65625,44.13396],[-78.66333,44.1339],[-78.66609,44.13469],[-78.66895,44.13681],[-78.67015,44.13179],[-78.67387,44.12635],[-78.67567,44.12013],[-78.67933,44.116],[-78.68314,44.11467],[-78.6835,44.11562],[-78.68107,44.12117],[-78.67753,44.12559],[-78.67727,44.13221],[-78.67815,44.13394],[-78.6816,44.13417],[-78.68304,44.13515],[-78.68547,44.13422],[-78.68229,44.13199],[-78.68298,44.12892],[-78.68504,44.12595],[-78.68525,44.1221],[-78.68389,44.12051],[-78.68491,44.11929],[-78.68742,44.11934],[-78.6892,44.12048],[-78.69071,44.12006],[-78.69143,44.12176],[-78.6912,44.12745],[-78.68952,44.13285],[-78.69645,44.13471],[-78.70202,44.13373],[-78.70163,44.12954],[-78.70379,44.12097],[-78.69875,44.11677],[-78.69631,44.11625],[-78.69465,44.11466],[-78.69193,44.1156],[-78.68607,44.11277],[-78.68258,44.11261],[-78.67957,44.11311],[-78.67713,44.11524],[-78.67541,44.11676],[-78.67127,44.11639],[-78.66929,44.11738],[-78.66841,44.12316],[-78.66663,44.12555],[-78.66412,44.1269],[-78.66345,44.13062],[-78.66251,44.13135],[-78.66109,44.13123],[-78.6587,44.12949],[-78.65451,44.13371],[-78.65444,44.13532]]]}},{"type":"Feature","properties":{"OGF_ID":1404000263},"geometry":{"type":"Polygon","coordinates":[[[-78.67713,44.11524],[-78.67957,44.11311],[-78.68258,44.11261],[-78.68607,44.11277],[-78.69193,44.1156],[-78.69465,44.11466],[-78.69672,44.10897],[-78.69922,44.10818],[-78.70453,44.10838],[-78.70675,44.10777],[-78.70732,44.10666],[-78.70672,44.10534],[-78.70328,44.10378],[-78.70031,44.09998],[-78.69649,44.0974],[-78.69139,44.09597],[-78.69106,44.09456],[-78.69418,44.09425],[-78.69493,44.09174],[-78.69739,44.09188],[-78.70089,44.0985],[-78.70535,44.10036],[-78.70318,44.0963],[-78.70609,44.09346],[-78.70745,44.08985],[-78.70706,44.08664],[-78.70428,44.08379],[-78.70315,44.08369],[-78.69946,44.08866],[-78.69488,44.08978],[-78.69417,44.0879],[-78.68914,44.08733],[-78.68389,44.089],[-78.6811,44.08513],[-78.67629,44.08763],[-78.67275,44.09204],[-78.67305,44.09419],[-78.67611,44.09547],[-78.67857,44.09562],[-78.67956,44.09694],[-78.67509,44.1019],[-78.67391,44.10556],[-78.68821,44.10104],[-78.68964,44.10107],[-78.69064,44.10212],[-78.69081,44.10437],[-78.68707,44.107],[-78.67267,44.11063],[-78.67183,44.1122],[-78.67241,44.1138],[-78.67616,44.11416],[-78.67713,44.11524]]]}},{"type":"Feature","properties":{"OGF_ID":1404000264},"geometry":{"type":"Polygon","coordinates":[[[-78.63588,44.1316],[-78.63332,44.13804],[-78.63357,44.14002],[-78.64034,44.12694],[-78.63822,44.12533],[-78.63588,44.1316]]]}},{"type":"Feature","properties":{"OGF_ID":1404000265},"geometry":{"type":"Polygon","coordinates":[[[-79.24952,44.09599],[-79.25125,44.09766],[-79.24949,44.10042],[-79.24936,44.10128],[-79.25063,44.10187],[-79.2549,44.10172],[-79.25867,44.09783],[-79.25686,44.0966],[-79.25595,44.09146],[-79.25307,44.0921],[-79.25171,44.09484],[-79.24952,44.09599]]]}},{"type":"Feature","properties":{"OGF_ID":1404000266},"geometry":{"type":"Polygon","coordinates":[[[-79.91094,44.0433],[-79.90863,44.04513],[-79.90711,44.04883],[-79.91058,44.0548],[-79.91512,44.04958],[-79.91229,44.04745],[-79.913,44.04431],[-79.92055,44.04107],[-79.91566,44.04168],[-79.91094,44.0433]]]}},{"type":"Feature","properties":{"OGF_ID":1404000267},"geometry":{"type":"Polygon","coordinates":[[[-78.64916,44.13665],[-78.64994,44.1373],[-78.65238,44.13688],[-78.65444,44.13532],[-78.65451,44.13371],[-78.6587,44.12949],[-78.6599,44.12532],[-78.66295,44.12474],[-78.66435,44.12371],[-78.66706,44.11463],[-78.66976,44.10861],[-78.67177,44.10663],[-78.6708,44.1021],[-78.67018,44.10469],[-78.66651,44.10892],[-78.66197,44.11882],[-78.66012,44.11981],[-78.65896,44.11941],[-78.65808,44.11874],[-78.65831,44.11622],[-78.65639,44.11553],[-78.65478,44.12017],[-78.65399,44.12053],[-78.65381,44.11865],[-78.65176,44.11786],[-78.65082,44.11878],[-78.65021,44.1211],[-78.65359,44.12407],[-78.6539,44.12622],[-78.65281,44.12751],[-78.65465,44.13007],[-78.65174,44.13477],[-78.64916,44.13665]]]}},{"type":"Feature","properties":{"OGF_ID":1404000268},"geometry":{"type":"Polygon","coordinates":[[[-78.65601,44.09201],[-78.65065,44.09682],[-78.64802,44.10751],[-78.64898,44.10958],[-78.65127,44.11075],[-78.65449,44.1111],[-78.65848,44.10866],[-78.66392,44.09233],[-78.66653,44.08874],[-78.66807,44.08895],[-78.66828,44.09027],[-78.66735,44.09735],[-78.66797,44.09811],[-78.67084,44.09779],[-78.67133,44.09846],[-78.6708,44.1021],[-78.67177,44.10663],[-78.67391,44.10556],[-78.67509,44.1019],[-78.67956,44.09694],[-78.67857,44.09562],[-78.67611,44.09547],[-78.67305,44.09419],[-78.67275,44.09204],[-78.67629,44.08763],[-78.6811,44.08513],[-78.6781,44.08439],[-78.67699,44.0813],[-78.67546,44.08228],[-78.67296,44.08672],[-78.66359,44.08755],[-78.66135,44.08863],[-78.65779,44.09342],[-78.65661,44.09376],[-78.65601,44.09201]]]}},{"type":"Feature","properties":{"OGF_ID":1404000269},"geometry":{"type":"Polygon","coordinates":[[[-78.65601,44.09201],[-78.65661,44.09376],[-78.65779,44.09342],[-78.66135,44.08863],[-78.66359,44.08755],[-78.67296,44.08672],[-78.67546,44.08228],[-78.67699,44.0813],[-78.67789,44.08033],[-78.68279,44.07986],[-78.70405,44.07034],[-78.70503,44.06849],[-78.70366,44.06707],[-78.70133,44.06702],[-78.69366,44.06434],[-78.68783,44.06768],[-78.68627,44.06774],[-78.67783,44.06159],[-78.67327,44.06225],[-78.67203,44.064],[-78.67033,44.06461],[-78.66529,44.06462],[-78.66122,44.06546],[-78.64764,44.0648],[-78.64458,44.06636],[-78.64234,44.06787],[-78.64417,44.06964],[-78.64977,44.07008],[-78.64911,44.07352],[-78.65312,44.07661],[-78.65346,44.07501],[-78.65833,44.07306],[-78.6645,44.07449],[-78.66106,44.08274],[-78.66342,44.08522],[-78.65911,44.08615],[-78.65601,44.09201]]]}},{"type":"Feature","properties":{"OGF_ID":1404000270},"geometry":{"type":"Polygon","coordinates":[[[-78.50187,44.11736],[-78.50035,44.11932],[-78.50132,44.12084],[-78.50338,44.12126],[-78.50853,44.11922],[-78.50246,44.12469],[-78.50355,44.12649],[-78.50624,44.1273],[-78.51119,44.12376],[-78.51455,44.12393],[-78.51705,44.12314],[-78.516,44.12041],[-78.51373,44.11887],[-78.51321,44.11568],[-78.51215,44.11554],[-78.51061,44.11687],[-78.50596,44.11621],[-78.50187,44.11736]]]}},{"type":"Feature","properties":{"OGF_ID":1404000271},"geometry":{"type":"Polygon","coordinates":[[[-78.62865,44.06142],[-78.63579,44.06187],[-78.63607,44.06375],[-78.63307,44.06652],[-78.63469,44.06833],[-78.63979,44.0691],[-78.64089,44.06633],[-78.64281,44.06576],[-78.64458,44.06636],[-78.64764,44.0648],[-78.66122,44.06546],[-78.66529,44.06462],[-78.66427,44.06365],[-78.66544,44.06031],[-78.66706,44.05876],[-78.67208,44.05655],[-78.66293,44.0583],[-78.6554,44.0587],[-78.65376,44.05764],[-78.65852,44.05503],[-78.65939,44.05271],[-78.66072,44.0519],[-78.66065,44.0505],[-78.64453,44.05185],[-78.63199,44.06102],[-78.62865,44.06142]]]}},{"type":"Feature","properties":{"OGF_ID":1404000272},"geometry":{"type":"Polygon","coordinates":[[[-78.61466,44.0744],[-78.61195,44.07584],[-78.61157,44.08218],[-78.6131,44.08268],[-78.61427,44.07943],[-78.6158,44.08012],[-78.61956,44.08982],[-78.62253,44.09016],[-78.6232,44.08952],[-78.62129,44.08266],[-78.62548,44.07867],[-78.62893,44.07582],[-78.62884,44.07497],[-78.62705,44.07419],[-78.61466,44.0744]]]}},{"type":"Feature","properties":{"OGF_ID":1404000273},"geometry":{"type":"Polygon","coordinates":[[[-78.63066,44.14792],[-78.63421,44.14823],[-78.63812,44.15171],[-78.63957,44.15174],[-78.64216,44.14882],[-78.64196,44.14767],[-78.63276,44.1418],[-78.63066,44.14792]]]}},{"type":"Feature","properties":{"OGF_ID":1404000274},"geometry":{"type":"Polygon","coordinates":[[[-78.58404,44.15331],[-78.58543,44.15423],[-78.58575,44.15601],[-78.59458,44.15274],[-78.59927,44.15228],[-78.60154,44.15074],[-78.60432,44.13977],[-78.60262,44.13684],[-78.60501,44.13539],[-78.6059,44.13261],[-78.60746,44.13264],[-78.61013,44.134],[-78.6091,44.13707],[-78.60977,44.1396],[-78.60788,44.14162],[-78.6083,44.14705],[-78.61051,44.15027],[-78.60993,44.15175],[-78.60661,44.15374],[-78.60669,44.15486],[-78.60928,44.1551],[-78.61036,44.15718],[-78.61319,44.15771],[-78.61488,44.15917],[-78.61815,44.15716],[-78.62024,44.15365],[-78.62003,44.15243],[-78.62384,44.14878],[-78.62163,44.1448],[-78.62434,44.14206],[-78.62424,44.14121],[-78.62326,44.1397],[-78.61853,44.13792],[-78.61732,44.13593],[-78.61811,44.12783],[-78.61959,44.12569],[-78.61861,44.11999],[-78.6136,44.11857],[-78.61019,44.11933],[-78.60303,44.122],[-78.59889,44.1233],[-78.5979,44.12534],[-78.59384,44.12619],[-78.59053,44.12799],[-78.58922,44.13142],[-78.5868,44.13132],[-78.58743,44.13381],[-78.59018,44.13639],[-78.59086,44.13893],[-78.58989,44.14348],[-78.58404,44.15331]]]}},{"type":"Feature","properties":{"OGF_ID":1404000275},"geometry":{"type":"Polygon","coordinates":[[[-78.57586,44.15337],[-78.57553,44.15523],[-78.57808,44.15731],[-78.5825,44.15295],[-78.58404,44.15331],[-78.58989,44.14348],[-78.59086,44.13893],[-78.59018,44.13639],[-78.58743,44.13381],[-78.5868,44.13132],[-78.58461,44.13309],[-78.58256,44.14193],[-78.58029,44.14347],[-78.58035,44.14534],[-78.58292,44.14913],[-78.58232,44.15108],[-78.57807,44.15342],[-78.57586,44.15337]]]}},{"type":"Feature","properties":{"OGF_ID":1404000276},"geometry":{"type":"Polygon","coordinates":[[[-78.56459,44.15251],[-78.56521,44.15688],[-78.56276,44.15972],[-78.56108,44.16576],[-78.56342,44.16581],[-78.56786,44.15862],[-78.57067,44.15798],[-78.57094,44.15644],[-78.57226,44.15591],[-78.57452,44.15764],[-78.57659,44.15796],[-78.57808,44.15731],[-78.57553,44.15523],[-78.57586,44.15337],[-78.57929,44.14896],[-78.57786,44.14902],[-78.57639,44.1502],[-78.57496,44.15017],[-78.57449,44.14904],[-78.57763,44.14509],[-78.57742,44.14397],[-78.57009,44.14876],[-78.56856,44.14808],[-78.57063,44.14494],[-78.56946,44.14501],[-78.56529,44.14866],[-78.56915,44.15257],[-78.56924,44.1536],[-78.56701,44.15412],[-78.56459,44.15251]]]}},{"type":"Feature","properties":{"OGF_ID":1404000277},"geometry":{"type":"Polygon","coordinates":[[[-78.54738,44.16153],[-78.55322,44.16695],[-78.55234,44.16921],[-78.55102,44.16909],[-78.54592,44.16528],[-78.54249,44.1654],[-78.54782,44.17025],[-78.54892,44.17226],[-78.54845,44.17631],[-78.54549,44.17743],[-78.54276,44.17724],[-78.53954,44.17586],[-78.53293,44.17677],[-78.53065,44.17792],[-78.53843,44.17762],[-78.53656,44.18146],[-78.53127,44.18523],[-78.52732,44.18534],[-78.52637,44.18598],[-78.52914,44.18817],[-78.53358,44.18754],[-78.53613,44.18314],[-78.54209,44.18011],[-78.54314,44.18119],[-78.54047,44.18402],[-78.54189,44.1851],[-78.54581,44.18295],[-78.55035,44.18344],[-78.54933,44.18591],[-78.5431,44.18996],[-78.54451,44.1897],[-78.54823,44.19071],[-78.55499,44.19058],[-78.55742,44.19147],[-78.55816,44.19261],[-78.56043,44.19315],[-78.56204,44.19243],[-78.56223,44.18779],[-78.56563,44.18512],[-78.56765,44.18186],[-78.56705,44.17841],[-78.56257,44.17364],[-78.56267,44.17121],[-78.55956,44.16797],[-78.56061,44.16762],[-78.56722,44.17112],[-78.57134,44.17187],[-78.57343,44.17471],[-78.57214,44.17777],[-78.57338,44.17902],[-78.57613,44.17928],[-78.5768,44.17815],[-78.57604,44.17449],[-78.58142,44.17301],[-78.58192,44.17032],[-78.58397,44.16774],[-78.58934,44.16655],[-78.58973,44.16973],[-78.59347,44.17047],[-78.59357,44.17112],[-78.59244,44.17334],[-78.59297,44.17644],[-78.5908,44.17854],[-78.59064,44.18582],[-78.59193,44.18817],[-78.59315,44.18788],[-78.59241,44.18361],[-78.59392,44.17881],[-78.59968,44.17294],[-78.60769,44.1701],[-78.62004,44.16742],[-78.62419,44.16805],[-78.62758,44.16967],[-78.63334,44.16893],[-78.63338,44.16742],[-78.62508,44.16552],[-78.62361,44.16451],[-78.62355,44.16283],[-78.62632,44.15764],[-78.62718,44.15226],[-78.62408,44.15177],[-78.62384,44.14878],[-78.62003,44.15243],[-78.62024,44.15365],[-78.61815,44.15716],[-78.61488,44.15917],[-78.61488,44.16092],[-78.61264,44.1619],[-78.60861,44.1621],[-78.60362,44.16012],[-78.60312,44.15656],[-78.60028,44.15613],[-78.59762,44.15785],[-78.5936,44.15767],[-78.59377,44.15982],[-78.58942,44.16141],[-78.58526,44.16497],[-78.58195,44.16646],[-78.57901,44.1654],[-78.57485,44.16241],[-78.57067,44.15798],[-78.56786,44.15862],[-78.56342,44.16581],[-78.56108,44.16576],[-78.56276,44.15972],[-78.56521,44.15688],[-78.56459,44.15251],[-78.56294,44.15225],[-78.56298,44.15431],[-78.56165,44.15522],[-78.55803,44.15477],[-78.55708,44.15338],[-78.55295,44.1583],[-78.54738,44.16153]],[[-78.56946,44.16715],[-78.56583,44.16717],[-78.56496,44.16612],[-78.56906,44.16434],[-78.56928,44.16211],[-78.57226,44.16208],[-78.57649,44.16665],[-78.57668,44.16834],[-78.57373,44.17061],[-78.57179,44.17057],[-78.56975,44.16968],[-78.56946,44.16715]]]}},{"type":"Feature","properties":{"OGF_ID":1404000278},"geometry":{"type":"Polygon","coordinates":[[[-78.53063,44.19765],[-78.53003,44.19823],[-78.53073,44.19903],[-78.5338,44.19976],[-78.5353,44.20123],[-78.53737,44.19995],[-78.53853,44.19742],[-78.54196,44.19712],[-78.54638,44.19531],[-78.55169,44.19107],[-78.55816,44.19261],[-78.55742,44.19147],[-78.55499,44.19058],[-78.54823,44.19071],[-78.54451,44.1897],[-78.5431,44.18996],[-78.53688,44.19575],[-78.53261,44.19763],[-78.53063,44.19765]]]}},{"type":"Feature","properties":{"OGF_ID":1404000279},"geometry":{"type":"Polygon","coordinates":[[[-78.83883,44.04628],[-78.82973,44.04428],[-78.82112,44.0444],[-78.81879,44.04321],[-78.81738,44.04118],[-78.81213,44.03967],[-78.81244,44.04183],[-78.8112,44.04458],[-78.80932,44.04514],[-78.80614,44.04401],[-78.79798,44.04911],[-78.79704,44.04924],[-78.79585,44.04779],[-78.7945,44.04784],[-78.79016,44.05037],[-78.78432,44.05138],[-78.78287,44.05121],[-78.78334,44.04973],[-78.78227,44.04776],[-78.7804,44.04787],[-78.77932,44.04359],[-78.77462,44.03909],[-78.77488,44.03483],[-78.77242,44.03411],[-78.76918,44.03502],[-78.76801,44.0329],[-78.76212,44.0298],[-78.75626,44.02856],[-78.75156,44.0285],[-78.75173,44.02978],[-78.75347,44.03025],[-78.75424,44.03231],[-78.75281,44.03219],[-78.74954,44.02701],[-78.74685,44.02676],[-78.74556,44.02756],[-78.74494,44.02686],[-78.74315,44.02994],[-78.74662,44.03169],[-78.74549,44.03282],[-78.74563,44.03454],[-78.74483,44.03465],[-78.74374,44.03304],[-78.74043,44.0313],[-78.73698,44.03395],[-78.73565,44.03696],[-78.7334,44.03813],[-78.73094,44.03809],[-78.72795,44.03457],[-78.72734,44.03567],[-78.72657,44.0351],[-78.7254,44.03732],[-78.72872,44.0386],[-78.72895,44.03954],[-78.72781,44.04213],[-78.72066,44.04629],[-78.72178,44.04743],[-78.72614,44.04864],[-78.72732,44.0481],[-78.72941,44.04432],[-78.7345,44.04003],[-78.74089,44.0423],[-78.74202,44.04316],[-78.74209,44.04485],[-78.75179,44.04158],[-78.75565,44.03895],[-78.75774,44.03891],[-78.756,44.03643],[-78.75671,44.03495],[-78.75902,44.03537],[-78.76142,44.03944],[-78.77418,44.04221],[-78.78012,44.04952],[-78.77956,44.05081],[-78.77519,44.05325],[-78.77602,44.05532],[-78.78017,44.05512],[-78.78753,44.05246],[-78.79023,44.05289],[-78.78942,44.0539],[-78.78156,44.05618],[-78.77373,44.05771],[-78.76719,44.05814],[-78.76865,44.06181],[-78.76822,44.06648],[-78.76985,44.06791],[-78.77334,44.06816],[-78.77339,44.07003],[-78.77243,44.0717],[-78.77006,44.07249],[-78.76648,44.07773],[-78.77347,44.07835],[-78.77759,44.08038],[-78.77859,44.07714],[-78.77946,44.0772],[-78.77779,44.07338],[-78.77652,44.06596],[-78.78029,44.06767],[-78.78175,44.06748],[-78.78496,44.0647],[-78.78747,44.06408],[-78.79145,44.0658],[-78.79528,44.06587],[-78.79728,44.06516],[-78.79744,44.06352],[-78.80021,44.06156],[-78.80463,44.05985],[-78.81234,44.0588],[-78.82246,44.05959],[-78.8264,44.06258],[-78.82875,44.06337],[-78.83263,44.06225],[-78.84812,44.06105],[-78.84437,44.05874],[-78.84409,44.05776],[-78.84536,44.05645],[-78.84459,44.05545],[-78.83939,44.05595],[-78.83785,44.0554],[-78.83908,44.05303],[-78.83883,44.04628]],[[-78.75055,44.03352],[-78.75184,44.03355],[-78.75397,44.03546],[-78.75297,44.03796],[-78.74949,44.03981],[-78.74787,44.03926],[-78.74772,44.03618],[-78.74884,44.03405],[-78.75055,44.03352]]]}},{"type":"Feature","properties":{"OGF_ID":1404000280},"geometry":{"type":"Polygon","coordinates":[[[-78.72657,44.0351],[-78.72708,44.03131],[-78.72584,44.02936],[-78.72494,44.02925],[-78.72504,44.03235],[-78.72301,44.0365],[-78.71748,44.03758],[-78.7108,44.03625],[-78.70959,44.03541],[-78.71289,44.03047],[-78.71086,44.02785],[-78.71012,44.0289],[-78.70853,44.02854],[-78.70709,44.02979],[-78.70551,44.02875],[-78.70438,44.02989],[-78.70133,44.02128],[-78.69721,44.0209],[-78.69464,44.02271],[-78.69321,44.02282],[-78.69244,44.02121],[-78.69326,44.01938],[-78.69009,44.01902],[-78.68924,44.02256],[-78.68544,44.02184],[-78.68288,44.02297],[-78.68206,44.02468],[-78.6825,44.02686],[-78.68109,44.02593],[-78.67839,44.02568],[-78.67952,44.02443],[-78.67797,44.02213],[-78.6773,44.01353],[-78.6702,44.01016],[-78.66671,44.01273],[-78.66662,44.01361],[-78.66949,44.01957],[-78.67272,44.02173],[-78.67283,44.02413],[-78.67053,44.03006],[-78.67133,44.03082],[-78.6734,44.03072],[-78.67497,44.02776],[-78.67686,44.02712],[-78.6788,44.02784],[-78.68038,44.02974],[-78.6804,44.0319],[-78.67644,44.03511],[-78.67318,44.03654],[-78.66803,44.03554],[-78.66554,44.03825],[-78.6643,44.03823],[-78.66347,44.03574],[-78.66176,44.03436],[-78.65802,44.03474],[-78.65673,44.03321],[-78.65979,44.02917],[-78.65795,44.02584],[-78.66136,44.02352],[-78.65946,44.01966],[-78.65735,44.01979],[-78.65682,44.02322],[-78.65475,44.02366],[-78.65185,44.03034],[-78.65004,44.03061],[-78.65251,44.03509],[-78.64951,44.03404],[-78.6481,44.03265],[-78.64603,44.03275],[-78.6467,44.03104],[-78.64434,44.0293],[-78.64336,44.0309],[-78.6416,44.03157],[-78.64455,44.02564],[-78.64299,44.02391],[-78.64028,44.02457],[-78.63882,44.02674],[-78.6383,44.02948],[-78.63953,44.0319],[-78.63826,44.03211],[-78.63367,44.0307],[-78.6342,44.02762],[-78.63326,44.02669],[-78.62848,44.02745],[-78.63006,44.02504],[-78.62995,44.02328],[-78.62768,44.02281],[-78.62673,44.02074],[-78.62825,44.01723],[-78.62856,44.01257],[-78.62695,44.01359],[-78.6251,44.02033],[-78.62449,44.01872],[-78.62272,44.01997],[-78.62276,44.01756],[-78.62051,44.01892],[-78.62037,44.01789],[-78.61848,44.01684],[-78.61886,44.01284],[-78.61793,44.01168],[-78.61666,44.01133],[-78.61473,44.01292],[-78.61364,44.01199],[-78.61318,44.01309],[-78.61408,44.01337],[-78.61761,44.01251],[-78.61716,44.01718],[-78.6189,44.01899],[-78.61843,44.02103],[-78.62135,44.02558],[-78.62405,44.0262],[-78.62567,44.02464],[-78.62826,44.0246],[-78.62715,44.02645],[-78.6218,44.02736],[-78.62136,44.02876],[-78.62478,44.03051],[-78.62399,44.03229],[-78.62866,44.03386],[-78.62946,44.03341],[-78.62951,44.02902],[-78.63146,44.02859],[-78.63235,44.03235],[-78.6376,44.03386],[-78.63753,44.03554],[-78.63355,44.04115],[-78.63363,44.04573],[-78.63198,44.04822],[-78.62769,44.04841],[-78.62707,44.04448],[-78.62903,44.04087],[-78.63077,44.03951],[-78.62846,44.0389],[-78.62478,44.04041],[-78.62061,44.03492],[-78.6189,44.03456],[-78.61714,44.036],[-78.61618,44.03882],[-78.61236,44.03987],[-78.60896,44.03795],[-78.60909,44.03586],[-78.6077,44.03518],[-78.60836,44.02989],[-78.61267,44.02904],[-78.61145,44.02715],[-78.60682,44.02649],[-78.60429,44.02494],[-78.60055,44.02458],[-78.5979,44.02275],[-78.59363,44.02266],[-78.58912,44.01902],[-78.58757,44.01898],[-78.58756,44.02244],[-78.58638,44.02279],[-78.58431,44.01938],[-78.58329,44.01908],[-78.58187,44.01905],[-78.57929,44.0218],[-78.57707,44.0224],[-78.57566,44.022],[-78.57202,44.01921],[-78.56753,44.01743],[-78.56435,44.0179],[-78.5629,44.01426],[-78.55579,44.01392],[-78.5524,44.00842],[-78.54225,44.00951],[-78.53845,44.01074],[-78.5348,44.00823],[-78.53516,44.00581],[-78.54012,44.0047],[-78.54094,44.0036],[-78.53991,44.00031],[-78.54149,43.99969],[-78.54374,44.00046],[-78.54466,44.00171],[-78.54698,44.00155],[-78.55245,44.00385],[-78.55443,44.00296],[-78.55543,44.00064],[-78.55727,44.00012],[-78.5612,44.00332],[-78.56321,44.00336],[-78.56589,44.00143],[-78.5691,44.00187],[-78.57074,44.00312],[-78.57057,44.0039],[-78.57353,44.00448],[-78.5754,44.00621],[-78.57706,44.00661],[-78.57827,44.00561],[-78.57834,44.00403],[-78.57466,43.999],[-78.57282,43.99326],[-78.57315,43.99158],[-78.57512,43.99088],[-78.5768,43.99082],[-78.57856,43.99226],[-78.58203,43.99915],[-78.58683,43.99888],[-78.58812,43.998],[-78.58831,43.99527],[-78.58385,43.99589],[-78.58456,43.99292],[-78.58355,43.9923],[-78.58056,43.99248],[-78.5808,43.99067],[-78.57829,43.98914],[-78.57753,43.98661],[-78.57479,43.98689],[-78.57192,43.98932],[-78.57005,43.98896],[-78.56968,43.99094],[-78.57132,43.99419],[-78.57087,43.99626],[-78.56831,43.99131],[-78.56681,43.99131],[-78.56607,43.99329],[-78.56457,43.99419],[-78.56356,43.9913],[-78.55906,43.99086],[-78.55417,43.98689],[-78.55254,43.98436],[-78.54792,43.98536],[-78.54731,43.98923],[-78.55007,43.99239],[-78.55055,43.99183],[-78.54912,43.99054],[-78.54826,43.98649],[-78.55063,43.98547],[-78.55239,43.98558],[-78.55397,43.98782],[-78.55826,43.9911],[-78.55633,43.99252],[-78.55746,43.99689],[-78.55358,43.99644],[-78.55421,43.99753],[-78.55122,43.99942],[-78.55097,43.99789],[-78.54984,43.99753],[-78.5486,43.99969],[-78.54497,43.9996],[-78.54397,43.99816],[-78.54197,43.99897],[-78.54097,43.99708],[-78.53759,43.99717],[-78.53623,43.99897],[-78.53866,44.00367],[-78.53437,44.00397],[-78.53247,44.00327],[-78.53056,44.00382],[-78.5313,44.00647],[-78.53002,44.00748],[-78.5317,44.01105],[-78.52975,44.01378],[-78.53084,44.01505],[-78.53065,44.01665],[-78.53659,44.01281],[-78.53689,44.01407],[-78.53976,44.01341],[-78.5408,44.01765],[-78.53422,44.02172],[-78.53516,44.02219],[-78.54377,44.02066],[-78.54553,44.01953],[-78.54669,44.01702],[-78.5464,44.01519],[-78.5487,44.01979],[-78.55987,44.02641],[-78.57909,44.02635],[-78.58214,44.02443],[-78.58691,44.02459],[-78.58995,44.02313],[-78.59055,44.02519],[-78.59451,44.02603],[-78.58846,44.02678],[-78.59589,44.02924],[-78.5941,44.03152],[-78.5881,44.02941],[-78.58111,44.02935],[-78.57454,44.03261],[-78.57433,44.03559],[-78.57135,44.0335],[-78.57039,44.03383],[-78.56938,44.03703],[-78.56814,44.03542],[-78.56638,44.03586],[-78.56306,44.03514],[-78.56445,44.03768],[-78.56411,44.03882],[-78.56099,44.03524],[-78.5586,44.03556],[-78.55736,44.03383],[-78.55356,44.03311],[-78.54942,44.03353],[-78.54555,44.03693],[-78.54582,44.0398],[-78.54785,44.04188],[-78.55493,44.04606],[-78.55523,44.04721],[-78.55377,44.04903],[-78.54964,44.04877],[-78.54411,44.04722],[-78.53437,44.04061],[-78.53262,44.0406],[-78.53149,44.04185],[-78.52975,44.04103],[-78.5264,44.0418],[-78.52716,44.04461],[-78.5257,44.04523],[-78.52758,44.04788],[-78.53149,44.05131],[-78.53912,44.05084],[-78.5402,44.05292],[-78.54246,44.05455],[-78.5428,44.05886],[-78.54172,44.06005],[-78.53883,44.06092],[-78.53767,44.06071],[-78.53646,44.05882],[-78.53195,44.05842],[-78.53246,44.05977],[-78.51989,44.06462],[-78.51943,44.06629],[-78.51769,44.06757],[-78.51696,44.06652],[-78.5185,44.06366],[-78.51833,44.06151],[-78.51705,44.0612],[-78.51557,44.06257],[-78.51513,44.06686],[-78.51364,44.06841],[-78.51189,44.06697],[-78.51131,44.0621],[-78.51331,44.0594],[-78.51634,44.05801],[-78.5169,44.0554],[-78.51138,44.05164],[-78.51081,44.05282],[-78.50953,44.05315],[-78.50512,44.05071],[-78.50384,44.05115],[-78.50554,44.05391],[-78.50653,44.06079],[-78.50485,44.06433],[-78.50116,44.06519],[-78.49745,44.06446],[-78.49421,44.06],[-78.48005,44.05845],[-78.46442,44.06051],[-78.46549,44.06125],[-78.47311,44.06193],[-78.47564,44.06507],[-78.47626,44.06726],[-78.47533,44.06813],[-78.47162,44.06767],[-78.46704,44.06654],[-78.46361,44.06346],[-78.45975,44.06377],[-78.46438,44.06543],[-78.46478,44.06796],[-78.46374,44.06866],[-78.45821,44.06735],[-78.45892,44.06944],[-78.46031,44.07036],[-78.46491,44.07085],[-78.46577,44.07151],[-78.4575,44.07363],[-78.45655,44.07515],[-78.45736,44.07696],[-78.45345,44.08183],[-78.45201,44.08556],[-78.45058,44.08578],[-78.44606,44.08337],[-78.44149,44.08225],[-78.43041,44.07533],[-78.4283,44.07477],[-78.42715,44.07257],[-78.42309,44.07197],[-78.42004,44.06972],[-78.41641,44.06853],[-78.40946,44.06924],[-78.40705,44.06873],[-78.40727,44.07596],[-78.40652,44.07697],[-78.40275,44.07778],[-78.39916,44.07414],[-78.39459,44.07324],[-78.38941,44.07389],[-78.38184,44.07615],[-78.37833,44.07915],[-78.37929,44.08173],[-78.3804,44.08201],[-78.38224,44.07924],[-78.39118,44.08213],[-78.39495,44.07722],[-78.39606,44.07622],[-78.39748,44.07625],[-78.39593,44.08327],[-78.3979,44.08703],[-78.39997,44.08836],[-78.41266,44.09193],[-78.41385,44.09213],[-78.41357,44.09059],[-78.41104,44.08733],[-78.40737,44.08583],[-78.40221,44.08597],[-78.39994,44.08502],[-78.39897,44.08295],[-78.40045,44.08158],[-78.40934,44.08139],[-78.41002,44.08231],[-78.40835,44.08381],[-78.40868,44.08445],[-78.41289,44.0857],[-78.41797,44.09146],[-78.41438,44.09637],[-78.41389,44.09944],[-78.41207,44.10042],[-78.40743,44.10083],[-78.40586,44.10015],[-78.40485,44.09872],[-78.40762,44.09635],[-78.40767,44.0952],[-78.40577,44.09373],[-78.40205,44.09379],[-78.40141,44.09621],[-78.39816,44.09716],[-78.39948,44.09962],[-78.39872,44.10076],[-78.39344,44.10359],[-78.39129,44.1094],[-78.39289,44.11203],[-78.40133,44.11005],[-78.4038,44.11061],[-78.40293,44.11184],[-78.40317,44.1161],[-78.40849,44.11713],[-78.41043,44.12166],[-78.40852,44.12469],[-78.40544,44.12528],[-78.40305,44.1287],[-78.40175,44.12902],[-78.40084,44.12528],[-78.39889,44.12524],[-78.39555,44.1271],[-78.39817,44.13095],[-78.40147,44.13119],[-78.4041,44.13228],[-78.40462,44.13323],[-78.40724,44.13398],[-78.40954,44.13333],[-78.40988,44.13026],[-78.41161,44.12877],[-78.41391,44.12946],[-78.4164,44.13191],[-78.41866,44.13191],[-78.4204,44.13106],[-78.42641,44.12482],[-78.42575,44.11701],[-78.42744,44.11512],[-78.4296,44.1144],[-78.42982,44.11338],[-78.42695,44.11409],[-78.42343,44.11734],[-78.42183,44.11717],[-78.42104,44.11498],[-78.41745,44.11567],[-78.41635,44.11417],[-78.41485,44.11407],[-78.41492,44.11266],[-78.41621,44.11154],[-78.42212,44.11052],[-78.42811,44.1118],[-78.42904,44.11106],[-78.42944,44.11004],[-78.42246,44.10681],[-78.42463,44.10609],[-78.421,44.1037],[-78.4207,44.10228],[-78.42238,44.10053],[-78.42509,44.09956],[-78.42553,44.09752],[-78.42732,44.09743],[-78.42775,44.09962],[-78.43482,44.10081],[-78.43944,44.10078],[-78.43997,44.10502],[-78.44099,44.1062],[-78.44382,44.10652],[-78.44662,44.10338],[-78.44694,44.10005],[-78.4491,44.09523],[-78.45054,44.09488],[-78.45021,44.09859],[-78.45742,44.10452],[-78.45753,44.10606],[-78.45608,44.10666],[-78.45146,44.10669],[-78.44979,44.10832],[-78.45179,44.11131],[-78.45073,44.11539],[-78.45615,44.11743],[-78.45692,44.1204],[-78.45396,44.12302],[-78.45129,44.12296],[-78.45158,44.1204],[-78.44802,44.12033],[-78.44781,44.12519],[-78.44588,44.12463],[-78.44567,44.12039],[-78.44285,44.12059],[-78.43968,44.11591],[-78.43962,44.11309],[-78.43742,44.11304],[-78.43652,44.11138],[-78.43622,44.11353],[-78.43824,44.11613],[-78.43766,44.1174],[-78.43535,44.11722],[-78.43532,44.11786],[-78.43672,44.11841],[-78.43756,44.1204],[-78.43609,44.12121],[-78.4363,44.12361],[-78.4312,44.12674],[-78.4322,44.12843],[-78.43161,44.1297],[-78.43396,44.13295],[-78.43781,44.13342],[-78.4396,44.132],[-78.44111,44.13198],[-78.44203,44.13297],[-78.43999,44.13776],[-78.44275,44.14256],[-78.44265,44.14526],[-78.44072,44.14919],[-78.44184,44.14995],[-78.44395,44.14857],[-78.44673,44.14258],[-78.44736,44.13723],[-78.45316,44.13167],[-78.45346,44.12941],[-78.45648,44.12528],[-78.46233,44.12245],[-78.4681,44.11815],[-78.47215,44.11369],[-78.4823,44.11327],[-78.4814,44.11499],[-78.48462,44.11537],[-78.47551,44.12255],[-78.47346,44.12666],[-78.47504,44.12926],[-78.47365,44.13256],[-78.47254,44.13356],[-78.47039,44.13389],[-78.46797,44.13199],[-78.4672,44.13241],[-78.46662,44.13421],[-78.46784,44.13525],[-78.46755,44.13806],[-78.46593,44.13997],[-78.46569,44.14195],[-78.46112,44.14553],[-78.46061,44.14807],[-78.46689,44.15816],[-78.47036,44.16013],[-78.47211,44.15903],[-78.47507,44.16052],[-78.47894,44.16121],[-78.48393,44.15773],[-78.4855,44.1545],[-78.48391,44.15213],[-78.47819,44.15247],[-78.47498,44.15165],[-78.47633,44.15028],[-78.48,44.14943],[-78.47632,44.14458],[-78.47611,44.14164],[-78.47824,44.14122],[-78.47944,44.13984],[-78.48161,44.14017],[-78.48346,44.13838],[-78.48617,44.13863],[-78.4946,44.14171],[-78.49566,44.14127],[-78.49982,44.13491],[-78.49946,44.13425],[-78.49439,44.13543],[-78.49003,44.1333],[-78.48948,44.13104],[-78.49031,44.12975],[-78.49481,44.1277],[-78.49487,44.12621],[-78.49212,44.12372],[-78.48866,44.1228],[-78.48856,44.12205],[-78.49393,44.12086],[-78.50031,44.11717],[-78.50187,44.11736],[-78.50596,44.11621],[-78.51061,44.11687],[-78.51215,44.11554],[-78.51016,44.1143],[-78.51161,44.11282],[-78.51105,44.11152],[-78.51626,44.11107],[-78.52297,44.1087],[-78.52791,44.10852],[-78.53113,44.10588],[-78.5342,44.10062],[-78.54345,44.09634],[-78.54407,44.09402],[-78.54333,44.09316],[-78.54228,44.09332],[-78.54129,44.09545],[-78.53704,44.09779],[-78.53066,44.09849],[-78.52907,44.09939],[-78.5253,44.10566],[-78.51941,44.10712],[-78.51133,44.10798],[-78.50929,44.10718],[-78.51177,44.10369],[-78.51377,44.10233],[-78.51833,44.10187],[-78.51914,44.10114],[-78.51807,44.09869],[-78.51347,44.09728],[-78.51327,44.09569],[-78.51644,44.09435],[-78.52044,44.09481],[-78.52266,44.09748],[-78.5247,44.09827],[-78.53408,44.09417],[-78.53518,44.09579],[-78.54028,44.09169],[-78.54961,44.08844],[-78.55445,44.08751],[-78.56311,44.08848],[-78.56787,44.08892],[-78.57231,44.08808],[-78.57332,44.0825],[-78.57545,44.07938],[-78.57516,44.07562],[-78.57158,44.07433],[-78.57349,44.07018],[-78.57624,44.06868],[-78.57634,44.06608],[-78.57731,44.06515],[-78.58418,44.06413],[-78.59357,44.06585],[-78.60185,44.06619],[-78.60464,44.06447],[-78.60897,44.06316],[-78.61246,44.06333],[-78.61601,44.06527],[-78.61881,44.06972],[-78.62358,44.07029],[-78.62542,44.06967],[-78.62471,44.0648],[-78.62624,44.06203],[-78.62865,44.06142],[-78.63199,44.06102],[-78.64453,44.05185],[-78.66065,44.0505],[-78.66072,44.0519],[-78.65939,44.05271],[-78.65852,44.05503],[-78.65376,44.05764],[-78.6554,44.0587],[-78.66293,44.0583],[-78.67208,44.05655],[-78.67885,44.05545],[-78.68056,44.05464],[-78.68158,44.05195],[-78.68983,44.04859],[-78.69844,44.04454],[-78.69984,44.04541],[-78.7007,44.04991],[-78.70341,44.04897],[-78.70454,44.04765],[-78.70908,44.04765],[-78.71279,44.04884],[-78.72126,44.05434],[-78.73142,44.05559],[-78.7311,44.05783],[-78.72855,44.05765],[-78.72885,44.05871],[-78.72538,44.06152],[-78.72573,44.06255],[-78.73031,44.06498],[-78.73191,44.06707],[-78.73155,44.06785],[-78.73396,44.06767],[-78.73936,44.06477],[-78.73996,44.06321],[-78.75346,44.0625],[-78.75225,44.06028],[-78.7499,44.05867],[-78.74028,44.05827],[-78.73944,44.05638],[-78.73105,44.05238],[-78.72985,44.04974],[-78.7303,44.04816],[-78.73176,44.04726],[-78.73475,44.04694],[-78.74123,44.05044],[-78.74566,44.04959],[-78.74707,44.04999],[-78.752,44.05523],[-78.76322,44.05806],[-78.76719,44.05814],[-78.77373,44.05771],[-78.78156,44.05618],[-78.78942,44.0539],[-78.79023,44.05289],[-78.78753,44.05246],[-78.78017,44.05512],[-78.77602,44.05532],[-78.77519,44.05325],[-78.77956,44.05081],[-78.78012,44.04952],[-78.77418,44.04221],[-78.76142,44.03944],[-78.7636,44.04107],[-78.76381,44.0426],[-78.76219,44.04317],[-78.76006,44.04576],[-78.75842,44.05143],[-78.75406,44.05013],[-78.75823,44.04683],[-78.75907,44.04399],[-78.75774,44.03891],[-78.75565,44.03895],[-78.75179,44.04158],[-78.74209,44.04485],[-78.74202,44.04316],[-78.74089,44.0423],[-78.7345,44.04003],[-78.72941,44.04432],[-78.72732,44.0481],[-78.72614,44.04864],[-78.72178,44.04743],[-78.72066,44.04629],[-78.72781,44.04213],[-78.72895,44.03954],[-78.72872,44.0386],[-78.7254,44.03732],[-78.72657,44.0351]],[[-78.49421,44.10097],[-78.49299,44.1003],[-78.48967,44.10305],[-78.48813,44.10161],[-78.48489,44.10256],[-78.48401,44.10229],[-78.4824,44.09841],[-78.47998,44.09669],[-78.47501,44.09658],[-78.47512,44.09389],[-78.4775,44.0924],[-78.47578,44.09108],[-78.47583,44.08993],[-78.47785,44.08831],[-78.48175,44.08865],[-78.48302,44.08791],[-78.48223,44.08559],[-78.48351,44.08472],[-78.48615,44.08555],[-78.48729,44.08742],[-78.49015,44.08713],[-78.48995,44.08806],[-78.48724,44.08903],[-78.48684,44.09005],[-78.49012,44.09242],[-78.49318,44.09147],[-78.49327,44.09365],[-78.49556,44.09408],[-78.49563,44.09665],[-78.49759,44.09669],[-78.50265,44.09475],[-78.50306,44.09771],[-78.50082,44.10022],[-78.49617,44.10327],[-78.49421,44.10097]],[[-78.41726,44.08747],[-78.41519,44.08588],[-78.41561,44.08448],[-78.41707,44.08362],[-78.41921,44.08354],[-78.4217,44.08744],[-78.42384,44.08736],[-78.42426,44.08596],[-78.42095,44.08435],[-78.42102,44.08268],[-78.42391,44.08172],[-78.42604,44.08164],[-78.42752,44.08462],[-78.43003,44.08404],[-78.43343,44.0819],[-78.4345,44.08325],[-78.43727,44.08295],[-78.43859,44.08384],[-78.43493,44.09228],[-78.43343,44.09417],[-78.43134,44.09506],[-78.4272,44.09192],[-78.42157,44.09051],[-78.42074,44.08921],[-78.41726,44.08747]],[[-78.68975,44.0365],[-78.68501,44.03596],[-78.68484,44.03491],[-78.68907,44.03268],[-78.69292,44.02715],[-78.69974,44.02213],[-78.70009,44.02378],[-78.69798,44.02935],[-78.7009,44.02963],[-78.70091,44.03464],[-78.70376,44.03596],[-78.69373,44.03808],[-78.69176,44.03811],[-78.68975,44.0365]],[[-78.64336,44.04201],[-78.64021,44.04307],[-78.63778,44.04227],[-78.63898,44.03837],[-78.64168,44.03553],[-78.64338,44.035],[-78.64688,44.03489],[-78.6506,44.0359],[-78.65567,44.03862],[-78.65545,44.04105],[-78.65364,44.04337],[-78.6435,44.045],[-78.64336,44.04201]],[[-78.54859,44.06935],[-78.55257,44.06701],[-78.55594,44.06912],[-78.55812,44.06885],[-78.55897,44.06593],[-78.55777,44.06357],[-78.56009,44.06381],[-78.56115,44.06645],[-78.56382,44.06753],[-78.55718,44.07477],[-78.54767,44.07587],[-78.54505,44.07339],[-78.54487,44.07161],[-78.54521,44.06956],[-78.54859,44.06935]],[[-78.45955,44.10515],[-78.45978,44.10373],[-78.45667,44.10178],[-78.45454,44.09733],[-78.46659,44.09523],[-78.46777,44.09596],[-78.46772,44.09851],[-78.46601,44.10052],[-78.47149,44.10395],[-78.47177,44.10563],[-78.46513,44.10477],[-78.46027,44.10592],[-78.45955,44.10515]],[[-78.46473,44.1125],[-78.46331,44.11234],[-78.4611,44.11408],[-78.45936,44.11315],[-78.45652,44.11308],[-78.45903,44.1084],[-78.46232,44.10629],[-78.47029,44.10725],[-78.47094,44.10866],[-78.46947,44.10978],[-78.46959,44.11107],[-78.46851,44.11143],[-78.46894,44.11374],[-78.46616,44.11637],[-78.46129,44.11806],[-78.46473,44.1125]],[[-78.50497,44.09316],[-78.50326,44.09284],[-78.50182,44.08897],[-78.50043,44.08842],[-78.50171,44.08742],[-78.50057,44.08496],[-78.50294,44.08482],[-78.50943,44.08739],[-78.51214,44.09316],[-78.51041,44.09551],[-78.50729,44.09662],[-78.50497,44.09316]],[[-78.56025,43.99267],[-78.5621,43.99275],[-78.5642,43.99522],[-78.56408,43.99821],[-78.56275,43.99893],[-78.55938,43.99587],[-78.55875,43.99426],[-78.56025,43.99267]]]}},{"type":"Feature","properties":{"OGF_ID":1404000281},"geometry":{"type":"Polygon","coordinates":[[[-78.97395,44.00737],[-78.97042,44.00862],[-78.96995,44.00963],[-78.97728,44.00883],[-78.9792,44.00665],[-78.97831,44.00641],[-78.97453,44.00836],[-78.97395,44.00737]]]}},{"type":"Feature","properties":{"OGF_ID":1404000222},"geometry":{"type":"Polygon","coordinates":[[[-78.84715,43.98734],[-78.84817,43.9881],[-78.84994,43.98768],[-78.85086,43.9843],[-78.84961,43.98281],[-78.84823,43.98272],[-78.84712,43.98417],[-78.84715,43.98734]]]}},{"type":"Feature","properties":{"OGF_ID":1404000223},"geometry":{"type":"Polygon","coordinates":[[[-79.04737,44.05783],[-79.04664,44.06036],[-79.0425,44.06021],[-79.04248,44.06694],[-79.04472,44.06817],[-79.04588,44.06782],[-79.04656,44.06275],[-79.04824,44.0621],[-79.04936,44.06272],[-79.04808,44.06711],[-79.04865,44.06861],[-79.05526,44.06932],[-79.05119,44.08165],[-79.05189,44.08369],[-79.05454,44.08486],[-79.05726,44.08343],[-79.05702,44.07852],[-79.06185,44.0728],[-79.05866,44.06998],[-79.0573,44.06704],[-79.05589,44.06605],[-79.05349,44.06645],[-79.05242,44.06237],[-79.04737,44.05783]]]}},{"type":"Feature","properties":{"OGF_ID":1404000224},"geometry":{"type":"Polygon","coordinates":[[[-79.11813,44.04677],[-79.1267,44.04541],[-79.12617,44.04866],[-79.13118,44.05324],[-79.12759,44.05683],[-79.12916,44.05742],[-79.13385,44.05671],[-79.13635,44.05568],[-79.13654,44.05271],[-79.13893,44.05251],[-79.13945,44.05152],[-79.13432,44.04604],[-79.13096,44.04385],[-79.12761,44.04451],[-79.12642,44.0438],[-79.12669,44.04152],[-79.1294,44.04035],[-79.12895,44.03898],[-79.12641,44.03794],[-79.12227,44.03804],[-79.11598,44.04184],[-79.10762,44.04313],[-79.10708,44.04448],[-79.10327,44.04679],[-79.10382,44.05043],[-79.10715,44.05142],[-79.11044,44.04775],[-79.11813,44.04677]]]}},{"type":"Feature","properties":{"OGF_ID":1404000225},"geometry":{"type":"Polygon","coordinates":[[[-79.08502,44.05292],[-79.08443,44.05232],[-79.08323,44.05266],[-79.07998,44.05525],[-79.07398,44.05694],[-79.07287,44.05756],[-79.07298,44.05926],[-79.07418,44.0598],[-79.09319,44.06062],[-79.09667,44.06017],[-79.09738,44.05947],[-79.09589,44.05652],[-79.0962,44.05316],[-79.09358,44.05163],[-79.0905,44.05171],[-79.08785,44.05395],[-79.08597,44.05378],[-79.08502,44.05292]]]}},{"type":"Feature","properties":{"OGF_ID":1404000226},"geometry":{"type":"Polygon","coordinates":[[[-79.05727,44.05915],[-79.06532,44.06422],[-79.06609,44.06802],[-79.06839,44.06742],[-79.06766,44.06533],[-79.0682,44.06391],[-79.06949,44.06408],[-79.07113,44.06532],[-79.07311,44.0655],[-79.07489,44.06853],[-79.07899,44.07067],[-79.08106,44.07385],[-79.08504,44.07334],[-79.08374,44.07689],[-79.08161,44.07843],[-79.07768,44.07722],[-79.07527,44.07799],[-79.07493,44.07944],[-79.07662,44.08299],[-79.07532,44.08381],[-79.07236,44.08353],[-79.06754,44.08058],[-79.06639,44.08177],[-79.07197,44.08486],[-79.07274,44.08666],[-79.06921,44.08653],[-79.06554,44.08475],[-79.06473,44.08539],[-79.06598,44.0866],[-79.07224,44.08921],[-79.07676,44.08695],[-79.07686,44.08414],[-79.08073,44.08406],[-79.08569,44.081],[-79.08949,44.07964],[-79.08613,44.07672],[-79.09313,44.0777],[-79.09395,44.07678],[-79.09333,44.0747],[-79.09575,44.07338],[-79.09511,44.07151],[-79.09006,44.06828],[-79.08834,44.06947],[-79.0868,44.06808],[-79.0852,44.06856],[-79.08515,44.0702],[-79.08413,44.07097],[-79.08256,44.07051],[-79.0775,44.06771],[-79.07828,44.06487],[-79.08118,44.06406],[-79.08346,44.0658],[-79.08882,44.06383],[-79.09497,44.06665],[-79.09844,44.06685],[-79.09946,44.06887],[-79.10064,44.06924],[-79.10234,44.06884],[-79.10381,44.06728],[-79.10134,44.06583],[-79.10202,44.06334],[-79.10063,44.06038],[-79.10245,44.05913],[-79.11004,44.05725],[-79.1111,44.05198],[-79.11349,44.05145],[-79.11936,44.05405],[-79.12346,44.05447],[-79.12336,44.05283],[-79.12163,44.05115],[-79.12144,44.04772],[-79.11813,44.04677],[-79.11044,44.04775],[-79.10715,44.05142],[-79.10382,44.05043],[-79.10327,44.04679],[-79.09433,44.0506],[-79.09358,44.05163],[-79.0962,44.05316],[-79.09589,44.05652],[-79.09738,44.05947],[-79.09667,44.06017],[-79.09319,44.06062],[-79.07418,44.0598],[-79.07298,44.05926],[-79.07287,44.05756],[-79.07398,44.05694],[-79.07998,44.05525],[-79.08323,44.05266],[-79.08443,44.05232],[-79.08502,44.05292],[-79.08733,44.05056],[-79.08832,44.04669],[-79.08286,44.04894],[-79.07827,44.04986],[-79.07696,44.05063],[-79.07638,44.05312],[-79.07419,44.05365],[-79.06963,44.05343],[-79.06344,44.05165],[-79.05503,44.05215],[-79.05411,44.05382],[-79.05434,44.05635],[-79.05727,44.05915]]]}},{"type":"Feature","properties":{"OGF_ID":1404000227},"geometry":{"type":"Polygon","coordinates":[[[-79.20483,43.99654],[-79.20167,43.99284],[-79.19951,43.99238],[-79.19781,43.99292],[-79.19733,43.99577],[-79.19601,43.9969],[-79.19161,43.99826],[-79.18894,43.99807],[-79.18824,43.99513],[-79.18508,43.99172],[-79.17994,43.98814],[-79.1765,43.98715],[-79.1567,43.99377],[-79.15434,43.99652],[-79.1544,43.99766],[-79.15535,43.99896],[-79.15723,43.99921],[-79.15869,44.00302],[-79.16511,44.00348],[-79.16589,44.00406],[-79.16528,44.00777],[-79.16689,44.01015],[-79.17119,44.01201],[-79.17917,44.01314],[-79.18951,44.01202],[-79.18895,44.01401],[-79.18734,44.01505],[-79.18796,44.01735],[-79.19884,44.01788],[-79.19843,44.02145],[-79.20016,44.02333],[-79.19794,44.02458],[-79.19526,44.02147],[-79.16862,44.01826],[-79.16293,44.01974],[-79.16126,44.02236],[-79.16207,44.02501],[-79.16962,44.02749],[-79.18493,44.02909],[-79.19534,44.02876],[-79.19982,44.02776],[-79.20076,44.0262],[-79.20256,44.02566],[-79.20871,44.0254],[-79.21113,44.02393],[-79.21169,44.02173],[-79.21832,44.01854],[-79.21926,44.0172],[-79.21769,44.01653],[-79.21372,44.0169],[-79.21177,44.01601],[-79.21025,44.01363],[-79.21132,44.00779],[-79.2098,44.00684],[-79.20678,44.00386],[-79.20616,43.99827],[-79.20483,43.99654]]]}},{"type":"Feature","properties":{"OGF_ID":1404000228},"geometry":{"type":"Polygon","coordinates":[[[-79.89449,43.96878],[-79.88814,43.9716],[-79.8822,43.96953],[-79.88004,43.97059],[-79.87502,43.97114],[-79.87212,43.97092],[-79.86245,43.96486],[-79.86158,43.96535],[-79.86426,43.96916],[-79.85941,43.96622],[-79.85584,43.96666],[-79.85431,43.96408],[-79.85184,43.96234],[-79.85027,43.96137],[-79.8475,43.96134],[-79.84558,43.95865],[-79.84177,43.95785],[-79.83995,43.95612],[-79.84896,43.95411],[-79.85058,43.95306],[-79.8515,43.95223],[-79.85957,43.95146],[-79.86265,43.95558],[-79.86884,43.95622],[-79.86974,43.95756],[-79.87177,43.95792],[-79.87791,43.95764],[-79.87762,43.95926],[-79.87481,43.96123],[-79.87409,43.96437],[-79.87838,43.96784],[-79.88039,43.96779],[-79.88129,43.96768],[-79.88213,43.96483],[-79.89035,43.96281],[-79.89435,43.96075],[-79.89976,43.96052],[-79.90158,43.96168],[-79.90221,43.9635],[-79.9035,43.96262],[-79.90502,43.96143],[-79.90633,43.96201],[-79.91178,43.95949],[-79.9166,43.95592],[-79.91976,43.95585],[-79.92312,43.95705],[-79.92859,43.9566],[-79.93014,43.95852],[-79.92941,43.96195],[-79.93135,43.96425],[-79.9349,43.96514],[-79.93671,43.96402],[-79.93688,43.96244],[-79.9341,43.95808],[-79.93598,43.95648],[-79.93836,43.95593],[-79.94575,43.956],[-79.95313,43.95934],[-79.9511,43.95145],[-79.93588,43.95476],[-79.89307,43.92359],[-79.89827,43.91903],[-79.88191,43.90703],[-79.89253,43.89772],[-79.88897,43.89506],[-79.88623,43.89494],[-79.88463,43.89387],[-79.88565,43.89118],[-79.88294,43.88834],[-79.8833,43.88693],[-79.88631,43.88442],[-79.88328,43.88219],[-79.87777,43.88723],[-79.87535,43.88686],[-79.8678,43.88303],[-79.85996,43.88064],[-79.85677,43.88268],[-79.85461,43.88524],[-79.85019,43.88731],[-79.84508,43.88818],[-79.83989,43.89178],[-79.83903,43.89412],[-79.84008,43.89847],[-79.84117,43.9006],[-79.84756,43.90617],[-79.85321,43.9074],[-79.85505,43.91317],[-79.85454,43.91469],[-79.85243,43.91467],[-79.8455,43.91167],[-79.8453,43.91401],[-79.84835,43.91557],[-79.84796,43.91873],[-79.84375,43.91857],[-79.83929,43.92228],[-79.83571,43.92272],[-79.83444,43.92118],[-79.83621,43.91392],[-79.83217,43.90484],[-79.83145,43.89979],[-79.82861,43.89613],[-79.82636,43.89469],[-79.82575,43.89258],[-79.82337,43.88985],[-79.82356,43.88845],[-79.82699,43.88743],[-79.82962,43.88569],[-79.8285,43.88474],[-79.83001,43.88253],[-79.82876,43.87982],[-79.82902,43.87478],[-79.82749,43.87121],[-79.82384,43.86616],[-79.82107,43.86672],[-79.82057,43.86777],[-79.82296,43.86967],[-79.82295,43.87025],[-79.82105,43.87078],[-79.81252,43.87296],[-79.81057,43.87294],[-79.80917,43.87182],[-79.80519,43.87499],[-79.8087,43.87738],[-79.80962,43.87974],[-79.80566,43.88345],[-79.8061,43.88545],[-79.81264,43.89139],[-79.81799,43.89144],[-79.81959,43.89263],[-79.81973,43.89369],[-79.81842,43.89426],[-79.81436,43.89422],[-79.81272,43.89526],[-79.81215,43.89971],[-79.81468,43.90302],[-79.81337,43.90348],[-79.80821,43.9019],[-79.8068,43.89907],[-79.80533,43.89976],[-79.79805,43.89874],[-79.79852,43.89208],[-79.79391,43.88827],[-79.79291,43.88293],[-79.78432,43.8889],[-79.78895,43.89125],[-79.7899,43.89267],[-79.78838,43.89524],[-79.78347,43.89765],[-79.78394,43.89824],[-79.788,43.8987],[-79.79119,43.90113],[-79.79084,43.90219],[-79.78639,43.90542],[-79.78713,43.90907],[-79.78523,43.91104],[-79.78693,43.91106],[-79.78818,43.91307],[-79.79061,43.91356],[-79.79615,43.91257],[-79.79755,43.91528],[-79.79885,43.91529],[-79.7989,43.91283],[-79.80119,43.91203],[-79.80104,43.91121],[-79.79556,43.90939],[-79.79575,43.90822],[-79.79706,43.90753],[-79.79581,43.90517],[-79.79943,43.90263],[-79.80138,43.9023],[-79.8033,43.90372],[-79.8085,43.90343],[-79.81311,43.90852],[-79.81325,43.90969],[-79.80993,43.91306],[-79.80632,43.91502],[-79.79865,43.9174],[-79.79813,43.91881],[-79.80202,43.9192],[-79.80347,43.9198],[-79.80361,43.92074],[-79.79787,43.92684],[-79.8025,43.93],[-79.8025,43.93384],[-79.79763,43.93509],[-79.79603,43.93304],[-79.79378,43.93268],[-79.78887,43.93562],[-79.7901,43.93682],[-79.79431,43.93703],[-79.79397,43.93849],[-79.79177,43.93915],[-79.78858,43.93838],[-79.7873,43.93983],[-79.7816,43.94],[-79.78182,43.94062],[-79.78712,43.94113],[-79.79816,43.93967],[-79.7991,43.93985],[-79.79881,43.94233],[-79.79324,43.94368],[-79.79061,43.94252],[-79.78566,43.9431],[-79.78189,43.94194],[-79.77935,43.94291],[-79.77877,43.94254],[-79.77134,43.94304],[-79.76463,43.93958],[-79.76165,43.94036],[-79.75639,43.94024],[-79.75422,43.94161],[-79.75201,43.94127],[-79.75192,43.93978],[-79.7482,43.93927],[-79.74589,43.94065],[-79.74633,43.94289],[-79.73936,43.94193],[-79.7354,43.94222],[-79.73226,43.94486],[-79.72705,43.9458],[-79.72595,43.94295],[-79.73319,43.935],[-79.73025,43.93401],[-79.72459,43.93444],[-79.71765,43.93271],[-79.71963,43.93098],[-79.72727,43.92911],[-79.72777,43.92807],[-79.72595,43.92668],[-79.72581,43.92283],[-79.73083,43.92383],[-79.73168,43.92519],[-79.73274,43.9253],[-79.73055,43.92136],[-79.72831,43.91932],[-79.72364,43.92134],[-79.71739,43.92161],[-79.71321,43.92103],[-79.70796,43.92446],[-79.70533,43.9282],[-79.70149,43.9311],[-79.69983,43.9343],[-79.70096,43.93732],[-79.70366,43.9357],[-79.70489,43.93807],[-79.70988,43.94078],[-79.71064,43.94693],[-79.70823,43.9484],[-79.70863,43.95298],[-79.70504,43.95859],[-79.69691,43.96385],[-79.69807,43.96515],[-79.70326,43.96328],[-79.70623,43.96303],[-79.71027,43.96401],[-79.71162,43.96545],[-79.71093,43.97023],[-79.71246,43.97246],[-79.71221,43.97482],[-79.70706,43.98038],[-79.70847,43.98061],[-79.71616,43.97821],[-79.72017,43.97877],[-79.72824,43.98323],[-79.73783,43.9906],[-79.7419,43.98848],[-79.74524,43.98761],[-79.74865,43.9886],[-79.75209,43.99483],[-79.75493,43.99772],[-79.75833,43.99923],[-79.75904,43.99681],[-79.76407,43.99611],[-79.77124,43.9939],[-79.77165,43.99333],[-79.77061,43.99284],[-79.76427,43.99287],[-79.76618,43.98993],[-79.77396,43.99011],[-79.77414,43.98783],[-79.77222,43.98504],[-79.77568,43.98365],[-79.77895,43.98512],[-79.7804,43.98504],[-79.78283,43.98249],[-79.78233,43.98096],[-79.77958,43.97988],[-79.77855,43.97854],[-79.77796,43.9752],[-79.7727,43.97466],[-79.77233,43.97304],[-79.7767,43.97261],[-79.78205,43.97514],[-79.78443,43.97498],[-79.79696,43.96873],[-79.81687,43.95607],[-79.83109,43.95516],[-79.83489,43.95598],[-79.83682,43.96152],[-79.83839,43.96211],[-79.83972,43.966],[-79.84614,43.97028],[-79.84561,43.97056],[-79.84962,43.97489],[-79.85223,43.97635],[-79.85777,43.97612],[-79.85958,43.97877],[-79.86513,43.97762],[-79.86749,43.97879],[-79.87054,43.97805],[-79.88753,43.97984],[-79.89489,43.98144],[-79.8986,43.98014],[-79.89979,43.97867],[-79.89976,43.97481],[-79.89668,43.97031],[-79.89583,43.9668],[-79.89457,43.96842],[-79.89449,43.96878]],[[-79.76908,43.95792],[-79.77697,43.95343],[-79.77892,43.95345],[-79.78019,43.95487],[-79.78378,43.95397],[-79.78713,43.95717],[-79.78892,43.95696],[-79.79055,43.95627],[-79.79108,43.95463],[-79.78835,43.95296],[-79.78935,43.9518],[-79.79163,43.95147],[-79.79871,43.95448],[-79.79785,43.95717],[-79.79188,43.96286],[-79.78696,43.9655],[-79.78271,43.9664],[-79.77819,43.96646],[-79.76749,43.96412],[-79.76687,43.96282],[-79.76904,43.96015],[-79.76908,43.95792]],[[-79.74245,43.96976],[-79.7434,43.96834],[-79.74735,43.96905],[-79.75467,43.96599],[-79.75522,43.96504],[-79.75425,43.96084],[-79.75648,43.96124],[-79.76106,43.9663],[-79.7577,43.96602],[-79.75504,43.96714],[-79.75524,43.97],[-79.7572,43.97135],[-79.75692,43.97211],[-79.75531,43.97295],[-79.74765,43.97372],[-79.74591,43.97485],[-79.74547,43.97656],[-79.74323,43.97644],[-79.74207,43.97547],[-79.74245,43.96976]],[[-79.80362,43.94479],[-79.79973,43.9444],[-79.79942,43.94358],[-79.80075,43.94195],[-79.80403,43.94057],[-79.80473,43.938],[-79.80749,43.93779],[-79.80939,43.94016],[-79.81087,43.93935],[-79.81151,43.94007],[-79.81032,43.94252],[-79.81224,43.94371],[-79.81125,43.94476],[-79.80702,43.94495],[-79.80684,43.94577],[-79.80424,43.94621],[-79.80362,43.94479]],[[-79.81053,43.94815],[-79.81344,43.949],[-79.80786,43.95188],[-79.80668,43.95421],[-79.80312,43.95347],[-79.80331,43.95195],[-79.80445,43.95161],[-79.80302,43.9503],[-79.80434,43.94926],[-79.81053,43.94815]]]}},{"type":"Feature","properties":{"OGF_ID":1404000229},"geometry":{"type":"Polygon","coordinates":[[[-79.39737,43.96919],[-79.39941,43.96975],[-79.39987,43.96635],[-79.4083,43.96561],[-79.40976,43.96284],[-79.42874,43.9521],[-79.43547,43.9519],[-79.44077,43.94983],[-79.4426,43.94807],[-79.44236,43.94585],[-79.4411,43.94476],[-79.43479,43.94418],[-79.43334,43.94287],[-79.43559,43.94004],[-79.46472,43.93794],[-79.46836,43.9347],[-79.47044,43.9348],[-79.47406,43.93249],[-79.47719,43.9296],[-79.4803,43.92399],[-79.48623,43.92436],[-79.48951,43.9234],[-79.49086,43.92099],[-79.48859,43.91775],[-79.48889,43.91649],[-79.49201,43.91331],[-79.4931,43.9108],[-79.4949,43.90975],[-79.49796,43.90986],[-79.50355,43.9158],[-79.50455,43.91538],[-79.50305,43.91214],[-79.50339,43.91029],[-79.50566,43.91032],[-79.51212,43.91298],[-79.51635,43.91368],[-79.52079,43.91423],[-79.52477,43.91307],[-79.52228,43.91179],[-79.51879,43.91194],[-79.51616,43.90996],[-79.51582,43.90763],[-79.51229,43.90565],[-79.50995,43.9059],[-79.50434,43.90095],[-79.49152,43.90649],[-79.48755,43.90722],[-79.47754,43.90452],[-79.47425,43.90147],[-79.47326,43.90167],[-79.47509,43.9037],[-79.47486,43.90484],[-79.47177,43.90573],[-79.47055,43.907],[-79.46928,43.90662],[-79.46883,43.90505],[-79.46609,43.90386],[-79.46398,43.90119],[-79.46104,43.90037],[-79.45993,43.89928],[-79.45932,43.90199],[-79.45139,43.90667],[-79.44699,43.90838],[-79.44514,43.91193],[-79.43786,43.91125],[-79.43442,43.91221],[-79.43031,43.91473],[-79.42623,43.91484],[-79.41782,43.92014],[-79.41456,43.92353],[-79.42559,43.92154],[-79.42715,43.91877],[-79.42721,43.91634],[-79.42861,43.91586],[-79.43113,43.91754],[-79.44558,43.91717],[-79.44822,43.91835],[-79.44937,43.91979],[-79.44782,43.92213],[-79.44392,43.92408],[-79.44469,43.92866],[-79.44358,43.9295],[-79.4414,43.92954],[-79.44138,43.93026],[-79.43889,43.93108],[-79.43446,43.93002],[-79.42905,43.93273],[-79.43285,43.93507],[-79.43281,43.93643],[-79.43039,43.93818],[-79.42397,43.93788],[-79.41605,43.93463],[-79.41332,43.93316],[-79.41269,43.92906],[-79.41222,43.93],[-79.40992,43.9309],[-79.40741,43.93111],[-79.40497,43.93041],[-79.4046,43.93211],[-79.40598,43.93312],[-79.41232,43.93715],[-79.41671,43.94314],[-79.42414,43.94296],[-79.42627,43.9447],[-79.42662,43.94621],[-79.42619,43.94756],[-79.41601,43.95471],[-79.41524,43.95384],[-79.41739,43.95123],[-79.41712,43.95001],[-79.41273,43.94616],[-79.40727,43.94865],[-79.4079,43.95081],[-79.41255,43.95473],[-79.4112,43.95707],[-79.40702,43.95787],[-79.39844,43.9578],[-79.39778,43.95939],[-79.39447,43.96105],[-79.39506,43.96492],[-79.39712,43.96929],[-79.39737,43.96919]],[[-79.4499,43.91815],[-79.44858,43.91592],[-79.45223,43.91233],[-79.44985,43.90886],[-79.45547,43.90544],[-79.46014,43.90457],[-79.4629,43.90489],[-79.46306,43.9064],[-79.46152,43.90859],[-79.46414,43.91034],[-79.46022,43.91308],[-79.46328,43.91705],[-79.45935,43.91607],[-79.45742,43.91811],[-79.45486,43.91779],[-79.45107,43.91896],[-79.4499,43.91815]]]}},{"type":"Feature","properties":{"OGF_ID":1404000230},"geometry":{"type":"Polygon","coordinates":[[[-79.39619,43.97054],[-79.39285,43.96989],[-79.39113,43.96744],[-79.38708,43.96738],[-79.38627,43.96801],[-79.38681,43.97002],[-79.3893,43.97299],[-79.38795,43.97533],[-79.38647,43.97516],[-79.38489,43.97142],[-79.38207,43.96953],[-79.37993,43.9692],[-79.37967,43.97035],[-79.37756,43.97182],[-79.37368,43.97262],[-79.35858,43.97131],[-79.34728,43.97378],[-79.33486,43.97811],[-79.32265,43.97885],[-79.32061,43.97966],[-79.31658,43.98366],[-79.30471,43.98701],[-79.29768,43.98813],[-79.29124,43.98742],[-79.28452,43.98476],[-79.28108,43.98549],[-79.27819,43.98809],[-79.27784,43.9922],[-79.27651,43.99439],[-79.27337,43.99672],[-79.26897,43.99849],[-79.25929,43.99934],[-79.2447,43.99394],[-79.23721,43.99724],[-79.24159,44.00259],[-79.24106,44.00618],[-79.23574,44.00671],[-79.23175,44.00902],[-79.22516,44.00945],[-79.22261,44.00589],[-79.21949,44.00386],[-79.21364,44.00468],[-79.2098,44.00684],[-79.21132,44.00779],[-79.21025,44.01363],[-79.21177,44.01601],[-79.21372,44.0169],[-79.21769,44.01653],[-79.21926,44.0172],[-79.21832,44.01854],[-79.21169,44.02173],[-79.21113,44.02393],[-79.20871,44.0254],[-79.20256,44.02566],[-79.20076,44.0262],[-79.19982,44.02776],[-79.19534,44.02876],[-79.18493,44.02909],[-79.16962,44.02749],[-79.16207,44.02501],[-79.16126,44.02236],[-79.16293,44.01974],[-79.16862,44.01826],[-79.19526,44.02147],[-79.19794,44.02458],[-79.20016,44.02333],[-79.19843,44.02145],[-79.19884,44.01788],[-79.18796,44.01735],[-79.18734,44.01505],[-79.18895,44.01401],[-79.18951,44.01202],[-79.17917,44.01314],[-79.17119,44.01201],[-79.16689,44.01015],[-79.16528,44.00777],[-79.16589,44.00406],[-79.16511,44.00348],[-79.15869,44.00302],[-79.15723,43.99921],[-79.15535,43.99896],[-79.1544,43.99766],[-79.15434,43.99652],[-79.1567,43.99377],[-79.1765,43.98715],[-79.17994,43.98814],[-79.18508,43.99172],[-79.18824,43.99513],[-79.18894,43.99807],[-79.19161,43.99826],[-79.19601,43.9969],[-79.19733,43.99577],[-79.19781,43.99292],[-79.19951,43.99238],[-79.20167,43.99284],[-79.20483,43.99654],[-79.20464,43.99275],[-79.19847,43.98757],[-79.19689,43.98719],[-79.19548,43.98824],[-79.19629,43.99076],[-79.19455,43.99251],[-79.19109,43.99246],[-79.18983,43.99173],[-79.18453,43.98349],[-79.17961,43.97941],[-79.17436,43.9764],[-79.17307,43.97638],[-79.17285,43.97716],[-79.17522,43.98049],[-79.17529,43.98485],[-79.17397,43.98583],[-79.17308,43.98588],[-79.17109,43.98307],[-79.16545,43.97983],[-79.16334,43.98065],[-79.15968,43.98403],[-79.1562,43.9844],[-79.15281,43.98527],[-79.15189,43.98619],[-79.14242,43.98839],[-79.14265,43.99032],[-79.14116,43.99066],[-79.13904,43.98891],[-79.13404,43.98733],[-79.13063,43.98234],[-79.12698,43.98185],[-79.12568,43.98254],[-79.12047,43.98139],[-79.11911,43.98036],[-79.11966,43.97873],[-79.11777,43.97891],[-79.11267,43.97433],[-79.11165,43.97524],[-79.11756,43.98262],[-79.12284,43.98443],[-79.1286,43.98409],[-79.12847,43.98502],[-79.12717,43.98528],[-79.12182,43.98541],[-79.11455,43.98379],[-79.10836,43.97933],[-79.10859,43.97512],[-79.10412,43.97568],[-79.10279,43.97395],[-79.10694,43.97101],[-79.10864,43.97054],[-79.11079,43.97115],[-79.11384,43.96877],[-79.11543,43.96851],[-79.11657,43.96989],[-79.11738,43.96947],[-79.11822,43.96791],[-79.11972,43.96737],[-79.1199,43.96489],[-79.1184,43.965],[-79.11758,43.96706],[-79.11634,43.96521],[-79.11365,43.96416],[-79.11216,43.96794],[-79.10976,43.96908],[-79.11043,43.96725],[-79.10965,43.96609],[-79.10661,43.96745],[-79.10518,43.96733],[-79.1045,43.97008],[-79.10274,43.97145],[-79.09826,43.97291],[-79.09617,43.97486],[-79.09821,43.97625],[-79.10597,43.97767],[-79.10499,43.97974],[-79.11003,43.98253],[-79.10985,43.98391],[-79.11096,43.98414],[-79.11126,43.98518],[-79.10903,43.98484],[-79.1098,43.98686],[-79.11193,43.98832],[-79.12006,43.98795],[-79.12161,43.98891],[-79.12561,43.99391],[-79.12566,43.99562],[-79.12479,43.99797],[-79.11914,44.0013],[-79.11802,44.00557],[-79.11661,44.00634],[-79.11162,44.00754],[-79.10775,44.00483],[-79.10441,44.00399],[-79.1021,44.00495],[-79.10169,44.00852],[-79.10255,44.00939],[-79.10935,44.01036],[-79.11651,44.00962],[-79.1231,44.01073],[-79.12531,44.01298],[-79.1292,44.02469],[-79.12804,44.02703],[-79.12634,44.02758],[-79.1165,44.02863],[-79.11219,44.02981],[-79.11206,44.03068],[-79.12227,44.03804],[-79.12641,44.03794],[-79.12895,44.03898],[-79.1294,44.04035],[-79.12669,44.04152],[-79.12642,44.0438],[-79.12761,44.04451],[-79.13096,44.04385],[-79.13359,44.04249],[-79.13747,44.04198],[-79.142,44.04284],[-79.14182,44.04555],[-79.13432,44.04604],[-79.13945,44.05152],[-79.13893,44.05251],[-79.13654,44.05271],[-79.13635,44.05568],[-79.13385,44.05671],[-79.14037,44.05711],[-79.14192,44.0582],[-79.13576,44.06196],[-79.13067,44.05988],[-79.12809,44.06005],[-79.12674,44.06203],[-79.12732,44.06353],[-79.12949,44.06257],[-79.13102,44.06439],[-79.13311,44.06421],[-79.13477,44.06495],[-79.13387,44.06739],[-79.13694,44.06856],[-79.14713,44.06922],[-79.15072,44.07471],[-79.15276,44.07625],[-79.15516,44.07528],[-79.15574,44.07258],[-79.16312,44.07013],[-79.1632,44.06555],[-79.16085,44.06137],[-79.15745,44.05903],[-79.15632,44.0568],[-79.15456,44.05655],[-79.1541,44.04904],[-79.15322,44.04867],[-79.14673,44.04999],[-79.14481,44.04817],[-79.14385,44.04409],[-79.14946,44.04196],[-79.15059,44.04062],[-79.15087,44.03805],[-79.14483,44.03488],[-79.14093,44.03596],[-79.13936,44.03544],[-79.13891,44.03414],[-79.13982,44.03337],[-79.14327,44.03301],[-79.14226,44.03148],[-79.14231,44.02662],[-79.14545,44.02453],[-79.14873,44.02087],[-79.15503,44.01897],[-79.1567,44.01935],[-79.15744,44.02108],[-79.15662,44.022],[-79.15022,44.02404],[-79.14819,44.02566],[-79.14948,44.02545],[-79.15151,44.02699],[-79.15142,44.03006],[-79.15276,44.03137],[-79.15385,44.02517],[-79.15597,44.02377],[-79.15853,44.02438],[-79.15925,44.02668],[-79.15693,44.028],[-79.15678,44.0295],[-79.1593,44.02826],[-79.16116,44.02886],[-79.16053,44.03013],[-79.15792,44.03131],[-79.15852,44.03432],[-79.15801,44.03481],[-79.15607,44.03328],[-79.15263,44.03244],[-79.14895,44.03288],[-79.14891,44.03409],[-79.15317,44.03752],[-79.15883,44.04011],[-79.15929,44.04141],[-79.15545,44.04056],[-79.15356,44.04096],[-79.14922,44.04346],[-79.14919,44.04446],[-79.15053,44.04598],[-79.1545,44.04547],[-79.16191,44.04616],[-79.16299,44.04661],[-79.16266,44.04863],[-79.16413,44.04806],[-79.16591,44.04523],[-79.16925,44.04481],[-79.17817,44.04278],[-79.1848,44.04281],[-79.18995,44.03989],[-79.19393,44.03917],[-79.19292,44.03322],[-79.19355,44.03202],[-79.19786,44.03037],[-79.19895,44.03053],[-79.20124,44.03335],[-79.20685,44.03459],[-79.20327,44.03839],[-79.19718,44.03972],[-79.19783,44.04459],[-79.19685,44.04758],[-79.18789,44.05222],[-79.18765,44.05344],[-79.18762,44.05451],[-79.18918,44.05525],[-79.19136,44.05528],[-79.19628,44.05307],[-79.19774,44.05402],[-79.19638,44.05972],[-79.19496,44.06077],[-79.19474,44.06455],[-79.19203,44.06587],[-79.192,44.0668],[-79.19386,44.06754],[-79.19313,44.06874],[-79.19477,44.07013],[-79.20106,44.06995],[-79.20055,44.06922],[-79.20202,44.06645],[-79.20151,44.06366],[-79.20273,44.06268],[-79.2064,44.06259],[-79.20722,44.06182],[-79.2066,44.05909],[-79.20781,44.05836],[-79.20668,44.05652],[-79.20403,44.0557],[-79.20362,44.05276],[-79.19967,44.04934],[-79.19968,44.04555],[-79.20365,44.04211],[-79.20635,44.04137],[-79.20876,44.03683],[-79.21353,44.03319],[-79.21748,44.03347],[-79.21991,44.03515],[-79.21986,44.03672],[-79.21618,44.04038],[-79.21672,44.04239],[-79.2203,44.04523],[-79.22003,44.04744],[-79.21471,44.05315],[-79.21513,44.05628],[-79.21799,44.05606],[-79.21935,44.05679],[-79.22345,44.05253],[-79.22379,44.04832],[-79.22286,44.04387],[-79.22386,44.04228],[-79.22631,44.04201],[-79.22831,44.04273],[-79.2311,44.04522],[-79.23192,44.03776],[-79.23464,44.0328],[-79.23822,44.02893],[-79.23831,44.026],[-79.24356,44.02236],[-79.24716,44.01813],[-79.25179,44.01556],[-79.25897,44.01381],[-79.26163,44.01407],[-79.26339,44.0216],[-79.26967,44.02041],[-79.27302,44.02096],[-79.28864,44.01519],[-79.28982,44.01528],[-79.29086,44.01701],[-79.2933,44.0184],[-79.29525,44.02293],[-79.29499,44.02493],[-79.29005,44.02464],[-79.28684,44.02595],[-79.28361,44.02819],[-79.28236,44.03032],[-79.27472,44.03399],[-79.27444,44.03511],[-79.28087,44.03379],[-79.28628,44.03495],[-79.2874,44.03411],[-79.28783,44.02933],[-79.29333,44.02762],[-79.30007,44.02751],[-79.30802,44.02998],[-79.31118,44.03025],[-79.31283,44.0282],[-79.30806,44.02527],[-79.30802,44.02291],[-79.32562,44.01695],[-79.32799,44.0172],[-79.33341,44.02514],[-79.3313,44.02657],[-79.33482,44.02816],[-79.34196,44.02769],[-79.34234,44.02841],[-79.34113,44.02911],[-79.33652,44.03083],[-79.33957,44.03166],[-79.34521,44.03182],[-79.34753,44.0335],[-79.35045,44.03325],[-79.35933,44.02679],[-79.35965,44.02481],[-79.35371,44.02551],[-79.35107,44.02061],[-79.3528,44.01899],[-79.3564,44.01754],[-79.35824,44.01928],[-79.36022,44.0191],[-79.36042,44.01567],[-79.36144,44.01454],[-79.36801,44.01335],[-79.37481,44.01434],[-79.37948,44.01347],[-79.38206,44.01539],[-79.38429,44.01546],[-79.38397,44.01179],[-79.38089,44.00924],[-79.37697,44.00769],[-79.37622,44.00267],[-79.37247,43.99876],[-79.37387,43.99493],[-79.37265,43.99428],[-79.36659,43.99931],[-79.36787,44.00027],[-79.36735,44.00491],[-79.36662,44.00604],[-79.36281,44.00777],[-79.35377,44.009],[-79.35121,44.0086],[-79.34362,44.01092],[-79.34079,44.00924],[-79.33822,44.00906],[-79.33117,44.01346],[-79.329,44.01321],[-79.32757,44.01105],[-79.3261,44.01067],[-79.32143,44.01096],[-79.31792,44.00912],[-79.31508,44.00978],[-79.31491,44.01072],[-79.31351,44.01106],[-79.30639,44.01059],[-79.29316,44.01297],[-79.29198,44.01238],[-79.29184,44.01038],[-79.29474,44.00949],[-79.29506,44.00878],[-79.29372,44.00705],[-79.2904,44.00564],[-79.29057,44.00285],[-79.29201,44.00109],[-79.2957,44.00029],[-79.30129,44.00194],[-79.30634,44.00142],[-79.30738,43.99994],[-79.31199,43.99838],[-79.31445,43.99878],[-79.3236,43.9972],[-79.33028,43.99901],[-79.33203,44.00032],[-79.34208,43.99854],[-79.34285,43.99941],[-79.34404,43.99921],[-79.34621,43.9961],[-79.34832,43.99484],[-79.35123,43.99331],[-79.35561,43.99245],[-79.35846,43.9932],[-79.35913,43.99566],[-79.36401,43.99657],[-79.3655,43.9963],[-79.36593,43.9951],[-79.36292,43.99298],[-79.35965,43.98607],[-79.35599,43.98588],[-79.35494,43.98443],[-79.35675,43.9836],[-79.35889,43.97863],[-79.35455,43.98078],[-79.3524,43.97961],[-79.35224,43.97832],[-79.34956,43.97849],[-79.34874,43.9797],[-79.34251,43.98311],[-79.33671,43.98524],[-79.32956,43.98964],[-79.32747,43.99011],[-79.32502,43.98914],[-79.32449,43.98685],[-79.32564,43.98465],[-79.32492,43.98207],[-79.34121,43.98002],[-79.34433,43.97828],[-79.35299,43.9764],[-79.35799,43.97447],[-79.36067,43.97422],[-79.36212,43.97524],[-79.36152,43.97711],[-79.36433,43.97792],[-79.36411,43.98221],[-79.36556,43.98337],[-79.36971,43.98446],[-79.37158,43.98346],[-79.36979,43.98093],[-79.36687,43.97896],[-79.3682,43.97726],[-79.37327,43.97676],[-79.37342,43.97819],[-79.3748,43.97857],[-79.37824,43.97583],[-79.38281,43.97497],[-79.38363,43.97391],[-79.38528,43.97529],[-79.38586,43.9793],[-79.38999,43.98393],[-79.38828,43.9856],[-79.3886,43.98777],[-79.39344,43.9882],[-79.39471,43.98907],[-79.39435,43.99114],[-79.39257,43.99276],[-79.39204,43.99597],[-79.39307,43.99952],[-79.39556,43.99787],[-79.39912,43.99792],[-79.40291,43.99669],[-79.40399,43.99724],[-79.40899,43.99542],[-79.41062,43.99372],[-79.40758,43.9924],[-79.3982,43.99155],[-79.39703,43.9911],[-79.39706,43.98996],[-79.40428,43.9862],[-79.40427,43.9832],[-79.40686,43.9826],[-79.40989,43.98028],[-79.41858,43.97733],[-79.42165,43.97708],[-79.42157,43.98023],[-79.41893,43.98255],[-79.41799,43.98461],[-79.42152,43.98587],[-79.42934,43.98576],[-79.437,43.98816],[-79.43836,43.9891],[-79.44029,43.99478],[-79.44255,43.99797],[-79.44528,43.99734],[-79.45229,43.99201],[-79.44902,43.99025],[-79.44769,43.98515],[-79.44405,43.98718],[-79.43693,43.98308],[-79.4321,43.98244],[-79.42446,43.97948],[-79.42303,43.97746],[-79.42417,43.9754],[-79.43069,43.97192],[-79.43155,43.9695],[-79.4368,43.96914],[-79.44281,43.9728],[-79.44241,43.9778],[-79.44828,43.98052],[-79.44936,43.98271],[-79.45137,43.97956],[-79.45175,43.97653],[-79.44548,43.97391],[-79.44021,43.96748],[-79.43994,43.96633],[-79.445,43.96218],[-79.44482,43.95785],[-79.4413,43.95977],[-79.44012,43.95969],[-79.44052,43.95569],[-79.43896,43.95467],[-79.43776,43.95529],[-79.43589,43.95908],[-79.43146,43.9615],[-79.43764,43.96372],[-79.43556,43.96763],[-79.43276,43.96845],[-79.40639,43.9738],[-79.40494,43.97299],[-79.39741,43.97317],[-79.39619,43.97054]],[[-79.12399,44.00453],[-79.13025,43.99434],[-79.13289,43.99231],[-79.13556,43.99242],[-79.13972,43.99549],[-79.14612,43.99674],[-79.14576,43.99859],[-79.14327,43.99913],[-79.14305,43.99976],[-79.14506,44.00201],[-79.14491,44.00358],[-79.14159,44.00524],[-79.13873,44.00505],[-79.1365,44.0068],[-79.13511,44.00692],[-79.13066,44.00372],[-79.12767,44.00709],[-79.12577,44.00799],[-79.12302,44.00708],[-79.12399,44.00453]],[[-79.17416,44.03457],[-79.17519,44.0333],[-79.18043,44.03345],[-79.18447,44.03102],[-79.18753,44.03478],[-79.18594,44.03819],[-79.18157,44.0384],[-79.17259,44.04062],[-79.16943,44.03928],[-79.16776,44.0364],[-79.17054,44.03623],[-79.17416,44.03457]]]}},{"type":"Feature","properties":{"OGF_ID":1404000231},"geometry":{"type":"Polygon","coordinates":[[[-79.46948,43.97584],[-79.47051,43.97032],[-79.47303,43.96863],[-79.47306,43.96735],[-79.47272,43.9652],[-79.46868,43.961],[-79.46667,43.9569],[-79.46434,43.9563],[-79.4631,43.95767],[-79.45776,43.95674],[-79.45418,43.95809],[-79.453,43.95776],[-79.45218,43.95544],[-79.45121,43.95526],[-79.44482,43.95785],[-79.445,43.96218],[-79.43994,43.96633],[-79.44021,43.96748],[-79.44548,43.97391],[-79.45175,43.97653],[-79.45371,43.97731],[-79.45495,43.97904],[-79.45787,43.98609],[-79.46007,43.98463],[-79.45941,43.97874],[-79.46056,43.97626],[-79.46218,43.97506],[-79.46495,43.97517],[-79.46766,43.97586],[-79.4689,43.97704],[-79.46948,43.97584]]]}},{"type":"Feature","properties":{"OGF_ID":1404000232},"geometry":{"type":"Polygon","coordinates":[[[-79.90182,43.83161],[-79.89535,43.83155],[-79.89242,43.83223],[-79.89284,43.83599],[-79.89183,43.83786],[-79.88788,43.8411],[-79.88587,43.84449],[-79.88796,43.84568],[-79.89039,43.84582],[-79.89449,43.84328],[-79.89594,43.84364],[-79.89865,43.8459],[-79.89872,43.85106],[-79.90227,43.8518],[-79.90111,43.85343],[-79.90386,43.855],[-79.91508,43.84506],[-79.91409,43.8437],[-79.91039,43.84214],[-79.9061,43.83741],[-79.9014,43.8376],[-79.89948,43.83617],[-79.90131,43.83337],[-79.91028,43.83052],[-79.91079,43.82947],[-79.90935,43.82817],[-79.90209,43.82622],[-79.90193,43.82035],[-79.9074,43.81982],[-79.91691,43.81743],[-79.92238,43.81242],[-79.91733,43.81237],[-79.9139,43.81155],[-79.90894,43.81255],[-79.90491,43.81435],[-79.90174,43.81366],[-79.90052,43.81263],[-79.89821,43.81463],[-79.89428,43.82225],[-79.89128,43.82275],[-79.88947,43.82525],[-79.89021,43.82544],[-79.88858,43.82614],[-79.88423,43.82536],[-79.87981,43.82304],[-79.88136,43.82072],[-79.88399,43.82039],[-79.8926,43.80987],[-79.89239,43.80852],[-79.88806,43.80747],[-79.88543,43.8077],[-79.88115,43.81432],[-79.87837,43.81599],[-79.87693,43.81868],[-79.87267,43.81943],[-79.87554,43.82425],[-79.87979,43.82872],[-79.88093,43.83288],[-79.87927,43.83439],[-79.87265,43.83476],[-79.87062,43.83635],[-79.87311,43.85081],[-79.87249,43.86012],[-79.87475,43.85846],[-79.8763,43.85331],[-79.8788,43.84993],[-79.88176,43.84785],[-79.87998,43.83891],[-79.88314,43.8346],[-79.88867,43.83337],[-79.89329,43.82907],[-79.89513,43.82592],[-79.89691,43.82541],[-79.90759,43.82936],[-79.90182,43.83161]]]}},{"type":"Feature","properties":{"OGF_ID":1404000233},"geometry":{"type":"Polygon","coordinates":[[[-78.79637,44.08737],[-78.79489,44.09511],[-78.7923,44.0991],[-78.7934,44.09957],[-78.79517,44.09866],[-78.79791,44.09513],[-78.79931,44.09119],[-78.79637,44.08737]]]}},{"type":"Feature","properties":{"OGF_ID":1404000234},"geometry":{"type":"Polygon","coordinates":[[[-78.79244,44.07643],[-78.79256,44.07918],[-78.79359,44.08071],[-78.794,44.07796],[-78.79244,44.07643]]]}},{"type":"Feature","properties":{"OGF_ID":1404000235},"geometry":{"type":"Polygon","coordinates":[[[-78.78302,44.07962],[-78.78362,44.08175],[-78.78552,44.08211],[-78.78809,44.07892],[-78.7839,44.07925],[-78.78302,44.07962]]]}},{"type":"Feature","properties":{"OGF_ID":1404000236},"geometry":{"type":"Polygon","coordinates":[[[-78.77719,44.08409],[-78.77279,44.08517],[-78.76754,44.08409],[-78.76639,44.0843],[-78.76636,44.08519],[-78.76888,44.08704],[-78.77239,44.08755],[-78.77641,44.09054],[-78.78114,44.08849],[-78.78116,44.08735],[-78.77705,44.08537],[-78.77719,44.08409]]]}},{"type":"Feature","properties":{"OGF_ID":1404000237},"geometry":{"type":"Polygon","coordinates":[[[-78.7544,44.0231],[-78.7605,44.02341],[-78.77039,44.02742],[-78.77309,44.02725],[-78.77293,44.02605],[-78.76563,44.02179],[-78.75638,44.02081],[-78.75581,44.02145],[-78.75993,44.02251],[-78.7544,44.0231]]]}},{"type":"Feature","properties":{"OGF_ID":1404000238},"geometry":{"type":"Polygon","coordinates":[[[-78.76953,44.01262],[-78.76993,44.01508],[-78.7764,44.01916],[-78.77833,44.02585],[-78.77733,44.02763],[-78.77792,44.02854],[-78.78041,44.02843],[-78.78311,44.02542],[-78.78424,44.02574],[-78.78476,44.02844],[-78.78641,44.02848],[-78.78785,44.02728],[-78.7891,44.02795],[-78.79084,44.02741],[-78.7938,44.03049],[-78.79491,44.03395],[-78.79759,44.0343],[-78.80208,44.03356],[-78.80288,44.03141],[-78.80595,44.03252],[-78.80704,44.02828],[-78.80906,44.02675],[-78.81155,44.02679],[-78.81376,44.02564],[-78.81644,44.03136],[-78.81789,44.0317],[-78.81958,44.03083],[-78.81824,44.02782],[-78.81825,44.02483],[-78.81889,44.02432],[-78.82001,44.02479],[-78.82119,44.02653],[-78.82313,44.02724],[-78.82566,44.02617],[-78.8257,44.02382],[-78.82349,44.02133],[-78.81872,44.02119],[-78.81811,44.01958],[-78.81411,44.02139],[-78.81064,44.01988],[-78.8095,44.02158],[-78.81061,44.02182],[-78.81154,44.02401],[-78.80885,44.02295],[-78.80582,44.02408],[-78.80633,44.02111],[-78.80378,44.02212],[-78.80311,44.02498],[-78.80121,44.02393],[-78.80009,44.02507],[-78.79601,44.02127],[-78.79347,44.02068],[-78.79298,44.02216],[-78.79076,44.02146],[-78.78978,44.0234],[-78.78694,44.02223],[-78.78616,44.02074],[-78.78457,44.0213],[-78.7833,44.02084],[-78.78154,44.02186],[-78.78173,44.01991],[-78.78045,44.02013],[-78.77985,44.01772],[-78.77827,44.01714],[-78.77828,44.01645],[-78.77654,44.01598],[-78.77415,44.01642],[-78.77162,44.01526],[-78.77165,44.01331],[-78.76953,44.01262]]]}},{"type":"Feature","properties":{"OGF_ID":1404000239},"geometry":{"type":"Polygon","coordinates":[[[-78.78334,44.04973],[-78.78287,44.05121],[-78.78432,44.05138],[-78.79016,44.05037],[-78.7945,44.04784],[-78.79585,44.04779],[-78.79704,44.04924],[-78.79798,44.04911],[-78.80614,44.04401],[-78.8041,44.04332],[-78.80147,44.04431],[-78.79674,44.0434],[-78.79329,44.04408],[-78.79083,44.04351],[-78.78753,44.04016],[-78.78642,44.03662],[-78.78481,44.03525],[-78.78294,44.03551],[-78.7827,44.03924],[-78.78579,44.04252],[-78.78966,44.04424],[-78.78985,44.04745],[-78.7851,44.04975],[-78.78334,44.04973]]]}},{"type":"Feature","properties":{"OGF_ID":1404000240},"geometry":{"type":"Polygon","coordinates":[[[-78.81644,44.03136],[-78.81683,44.03519],[-78.81199,44.03727],[-78.81206,44.03845],[-78.82026,44.03503],[-78.82144,44.03378],[-78.82176,44.0308],[-78.82886,44.02653],[-78.83079,44.02462],[-78.83068,44.02365],[-78.82667,44.02113],[-78.8257,44.02382],[-78.82566,44.02617],[-78.82313,44.02724],[-78.82119,44.02653],[-78.82001,44.02479],[-78.81889,44.02432],[-78.81825,44.02483],[-78.81824,44.02782],[-78.81958,44.03083],[-78.81789,44.0317],[-78.81644,44.03136]]]}},{"type":"Feature","properties":{"OGF_ID":1404000241},"geometry":{"type":"Polygon","coordinates":[[[-78.83992,44.07753],[-78.84187,44.0771],[-78.84561,44.07014],[-78.8491,44.06607],[-78.84491,44.06944],[-78.83992,44.07753]]]}},{"type":"Feature","properties":{"OGF_ID":1404000242},"geometry":{"type":"Polygon","coordinates":[[[-78.73981,44.10809],[-78.74239,44.10757],[-78.74466,44.10449],[-78.74329,44.10247],[-78.7406,44.10262],[-78.73962,44.1038],[-78.73981,44.10809]]]}},{"type":"Feature","properties":{"OGF_ID":1404000243},"geometry":{"type":"Polygon","coordinates":[[[-78.84368,44.02809],[-78.84418,44.0325],[-78.84258,44.03643],[-78.84326,44.04078],[-78.8447,44.04095],[-78.84665,44.0386],[-78.84757,44.03906],[-78.8473,44.04078],[-78.84889,44.04253],[-78.84812,44.04386],[-78.84953,44.04493],[-78.85115,44.04892],[-78.8528,44.04903],[-78.85848,44.04632],[-78.85655,44.04282],[-78.85916,44.03644],[-78.86281,44.03599],[-78.86754,44.03675],[-78.86903,44.03588],[-78.87298,44.03543],[-78.87344,44.03693],[-78.87649,44.03878],[-78.87918,44.03577],[-78.88021,44.03616],[-78.88051,44.03938],[-78.8834,44.03943],[-78.88355,44.04189],[-78.88982,44.04247],[-78.89658,44.04177],[-78.91833,44.04224],[-78.91939,44.04144],[-78.91923,44.04017],[-78.917,44.03863],[-78.91748,44.03677],[-78.92344,44.03531],[-78.93518,44.03448],[-78.93856,44.03551],[-78.94316,44.0344],[-78.9453,44.03249],[-78.94643,44.02967],[-78.94563,44.02639],[-78.93996,44.02814],[-78.93635,44.0277],[-78.93411,44.02639],[-78.93376,44.02473],[-78.93864,44.02138],[-78.9396,44.01737],[-78.93916,44.01444],[-78.93573,44.01297],[-78.93461,44.01341],[-78.9357,44.01548],[-78.93519,44.01903],[-78.9328,44.01959],[-78.93006,44.02289],[-78.93057,44.02026],[-78.93377,44.01799],[-78.93396,44.01524],[-78.92998,44.01614],[-78.93158,44.01489],[-78.93056,44.01234],[-78.92944,44.01612],[-78.93273,44.01685],[-78.93284,44.01769],[-78.92763,44.02208],[-78.92652,44.02423],[-78.92639,44.02811],[-78.9227,44.03046],[-78.91991,44.03263],[-78.91664,44.03335],[-78.90685,44.03262],[-78.90725,44.02962],[-78.90461,44.0316],[-78.90348,44.03442],[-78.90939,44.03722],[-78.91128,44.03636],[-78.91303,44.03677],[-78.9144,44.03911],[-78.89306,44.03887],[-78.88931,44.03648],[-78.88424,44.03041],[-78.88429,44.02766],[-78.88538,44.02322],[-78.88418,44.02061],[-78.88461,44.0156],[-78.88646,44.0131],[-78.88777,44.01242],[-78.88959,44.01293],[-78.89165,44.01127],[-78.89177,44.01447],[-78.88951,44.01645],[-78.88895,44.02055],[-78.88601,44.02162],[-78.88738,44.02381],[-78.89076,44.025],[-78.89062,44.02581],[-78.88729,44.02693],[-78.88981,44.0341],[-78.89847,44.03246],[-78.89776,44.03049],[-78.89568,44.0292],[-78.89543,44.02747],[-78.89656,44.02204],[-78.8992,44.02052],[-78.89902,44.01969],[-78.89627,44.01837],[-78.89652,44.01411],[-78.89487,44.01617],[-78.89468,44.01949],[-78.89372,44.01959],[-78.89343,44.01753],[-78.89243,44.02119],[-78.89164,44.0213],[-78.89255,44.01066],[-78.89064,44.01064],[-78.88903,44.0127],[-78.88746,44.01131],[-78.88297,44.01541],[-78.88235,44.01334],[-78.87997,44.0139],[-78.88235,44.01188],[-78.87876,44.01289],[-78.87252,44.01643],[-78.87143,44.01798],[-78.87149,44.01911],[-78.87351,44.02064],[-78.87265,44.02145],[-78.86525,44.02273],[-78.86523,44.02332],[-78.87081,44.0238],[-78.87453,44.02694],[-78.86994,44.03343],[-78.86484,44.03423],[-78.85615,44.03093],[-78.8555,44.02882],[-78.85781,44.0252],[-78.85705,44.02317],[-78.85477,44.02328],[-78.85074,44.02567],[-78.84368,44.02809]]]}},{"type":"Feature","properties":{"OGF_ID":1404000244},"geometry":{"type":"Polygon","coordinates":[[[-78.71294,44.10857],[-78.7141,44.11317],[-78.71592,44.11058],[-78.71813,44.1098],[-78.72261,44.10922],[-78.72518,44.10979],[-78.7281,44.10402],[-78.72766,44.10192],[-78.72288,44.10205],[-78.71858,44.10615],[-78.7147,44.10727],[-78.71294,44.10857]]]}},{"type":"Feature","properties":{"OGF_ID":1404000245},"geometry":{"type":"Polygon","coordinates":[[[-78.71223,44.10131],[-78.71468,44.10218],[-78.71743,44.10082],[-78.72361,44.10134],[-78.72587,44.09986],[-78.72709,44.09787],[-78.72309,44.09667],[-78.71624,44.09691],[-78.71189,44.09936],[-78.71223,44.10131]]]}},{"type":"Feature","properties":{"OGF_ID":1404000246},"geometry":{"type":"Polygon","coordinates":[[[-78.71086,44.02785],[-78.71289,44.03047],[-78.70959,44.03541],[-78.7108,44.03625],[-78.71748,44.03758],[-78.72301,44.0365],[-78.72504,44.03235],[-78.72494,44.02925],[-78.72061,44.02875],[-78.72126,44.02772],[-78.72,44.02691],[-78.72145,44.02498],[-78.72131,44.02349],[-78.71861,44.02369],[-78.71621,44.02528],[-78.71487,44.02962],[-78.71252,44.02777],[-78.71086,44.02785]]]}},{"type":"Feature","properties":{"OGF_ID":1404000247},"geometry":{"type":"Polygon","coordinates":[[[-78.64336,44.04201],[-78.6435,44.045],[-78.65364,44.04337],[-78.65545,44.04105],[-78.65567,44.03862],[-78.6506,44.0359],[-78.64688,44.03489],[-78.64338,44.035],[-78.64168,44.03553],[-78.63898,44.03837],[-78.63778,44.04227],[-78.64021,44.04307],[-78.64336,44.04201]]]}},{"type":"Feature","properties":{"OGF_ID":1404000248},"geometry":{"type":"Polygon","coordinates":[[[-78.59152,44.00235],[-78.59374,44.00715],[-78.59299,44.00985],[-78.59397,44.01108],[-78.59542,44.01055],[-78.59683,44.00767],[-78.59623,44.00784],[-78.59597,44.0044],[-78.59152,44.00235]]]}},{"type":"Feature","properties":{"OGF_ID":1404000249},"geometry":{"type":"Polygon","coordinates":[[[-78.57057,44.0039],[-78.56847,44.00793],[-78.57259,44.0083],[-78.57457,44.01058],[-78.57199,44.0137],[-78.57234,44.01446],[-78.57427,44.01487],[-78.57934,44.01432],[-78.58198,44.01317],[-78.58614,44.00942],[-78.59063,44.00138],[-78.59256,43.995],[-78.59032,43.99572],[-78.5887,43.99842],[-78.58812,43.998],[-78.58683,43.99888],[-78.58203,43.99915],[-78.57856,43.99226],[-78.5768,43.99082],[-78.57512,43.99088],[-78.57315,43.99158],[-78.57282,43.99326],[-78.57466,43.999],[-78.57834,44.00403],[-78.57827,44.00561],[-78.57706,44.00661],[-78.5754,44.00621],[-78.57353,44.00448],[-78.57057,44.0039]]]}},{"type":"Feature","properties":{"OGF_ID":1404000250},"geometry":{"type":"Polygon","coordinates":[[[-78.62061,44.03492],[-78.62478,44.04041],[-78.62846,44.0389],[-78.63077,44.03951],[-78.62903,44.04087],[-78.62707,44.04448],[-78.62769,44.04841],[-78.63198,44.04822],[-78.63363,44.04573],[-78.63355,44.04115],[-78.63753,44.03554],[-78.6376,44.03386],[-78.63235,44.03235],[-78.63146,44.02859],[-78.62951,44.02902],[-78.62946,44.03341],[-78.62866,44.03386],[-78.62399,44.03229],[-78.62061,44.03492]]]}},{"type":"Feature","properties":{"OGF_ID":1404000251},"geometry":{"type":"Polygon","coordinates":[[[-78.6039,44.00956],[-78.60281,44.01024],[-78.60237,44.01481],[-78.60369,44.01727],[-78.60499,44.01711],[-78.60626,44.01014],[-78.60541,44.0102],[-78.60474,44.01203],[-78.6039,44.00956]]]}},{"type":"Feature","properties":{"OGF_ID":1404000197},"geometry":{"type":"Polygon","coordinates":[[[-79.24368,44.06036],[-79.24839,44.06017],[-79.25675,44.06126],[-79.26244,44.0576],[-79.26219,44.05602],[-79.25676,44.05208],[-79.25672,44.05001],[-79.25935,44.04483],[-79.26274,44.04288],[-79.26092,44.03864],[-79.25302,44.04102],[-79.24311,44.04094],[-79.24145,44.0437],[-79.2424,44.04486],[-79.24686,44.045],[-79.24714,44.04565],[-79.24599,44.0477],[-79.24061,44.05183],[-79.24112,44.05246],[-79.24399,44.05167],[-79.24604,44.04934],[-79.24874,44.04824],[-79.25218,44.04951],[-79.25254,44.05052],[-79.25087,44.05349],[-79.25244,44.05752],[-79.25031,44.05906],[-79.24368,44.06036]]]}},{"type":"Feature","properties":{"OGF_ID":1404000198},"geometry":{"type":"Polygon","coordinates":[[[-79.26557,44.0797],[-79.27662,44.08476],[-79.27762,44.08792],[-79.27647,44.08983],[-79.27724,44.09063],[-79.27963,44.09023],[-79.28151,44.08704],[-79.28268,44.08756],[-79.2837,44.08994],[-79.28117,44.09526],[-79.28172,44.09677],[-79.29314,44.10308],[-79.29453,44.10296],[-79.29466,44.10204],[-79.29275,44.09622],[-79.29646,44.09477],[-79.29786,44.0923],[-79.29563,44.09262],[-79.29457,44.09146],[-79.29991,44.0851],[-79.29973,44.08432],[-79.29779,44.08293],[-79.29451,44.08302],[-79.28845,44.08022],[-79.28537,44.07681],[-79.27682,44.07447],[-79.26671,44.07424],[-79.26561,44.07466],[-79.26658,44.07867],[-79.26557,44.0797]]]}},{"type":"Feature","properties":{"OGF_ID":1404000199},"geometry":{"type":"Polygon","coordinates":[[[-79.24506,44.09429],[-79.24952,44.09599],[-79.25171,44.09484],[-79.25307,44.0921],[-79.25595,44.09146],[-79.25686,44.0966],[-79.25867,44.09783],[-79.25995,44.09544],[-79.26206,44.0944],[-79.26613,44.0941],[-79.26976,44.09201],[-79.26925,44.08929],[-79.26534,44.08737],[-79.25984,44.08229],[-79.2605,44.07987],[-79.26557,44.0797],[-79.26658,44.07867],[-79.26561,44.07466],[-79.26671,44.07424],[-79.27682,44.07447],[-79.28537,44.07681],[-79.28845,44.08022],[-79.29451,44.08302],[-79.29779,44.08293],[-79.29973,44.08432],[-79.29991,44.0851],[-79.29457,44.09146],[-79.29563,44.09262],[-79.29786,44.0923],[-79.30043,44.0909],[-79.30094,44.08978],[-79.30089,44.08869],[-79.30588,44.08434],[-79.30812,44.0788],[-79.30756,44.0775],[-79.30351,44.07708],[-79.30184,44.07634],[-79.3012,44.07469],[-79.29476,44.07102],[-79.28759,44.06863],[-79.27998,44.06787],[-79.27626,44.06967],[-79.2712,44.06981],[-79.26622,44.06738],[-79.26472,44.06764],[-79.26347,44.06998],[-79.25711,44.07388],[-79.25639,44.07533],[-79.25027,44.07049],[-79.24268,44.06909],[-79.23603,44.06941],[-79.23218,44.06871],[-79.23284,44.06672],[-79.23841,44.06581],[-79.24003,44.06476],[-79.24788,44.06417],[-79.25181,44.06523],[-79.25699,44.06378],[-79.25675,44.06126],[-79.24839,44.06017],[-79.24368,44.06036],[-79.23959,44.05975],[-79.23817,44.05723],[-79.23533,44.05611],[-79.23772,44.05243],[-79.24112,44.05246],[-79.24061,44.05183],[-79.24599,44.0477],[-79.24714,44.04565],[-79.24686,44.045],[-79.2424,44.04486],[-79.24145,44.0437],[-79.24311,44.04094],[-79.25302,44.04102],[-79.26092,44.03864],[-79.26274,44.04288],[-79.27042,44.04236],[-79.27424,44.04041],[-79.27489,44.03849],[-79.27238,44.03603],[-79.2725,44.03531],[-79.27444,44.03511],[-79.27472,44.03399],[-79.28236,44.03032],[-79.28361,44.02819],[-79.28684,44.02595],[-79.29005,44.02464],[-79.29499,44.02493],[-79.29525,44.02293],[-79.2933,44.0184],[-79.29086,44.01701],[-79.28982,44.01528],[-79.28864,44.01519],[-79.27302,44.02096],[-79.26967,44.02041],[-79.26339,44.0216],[-79.26163,44.01407],[-79.25897,44.01381],[-79.25179,44.01556],[-79.24716,44.01813],[-79.24356,44.02236],[-79.23831,44.026],[-79.23822,44.02893],[-79.23464,44.0328],[-79.23192,44.03776],[-79.2311,44.04522],[-79.23038,44.04939],[-79.22534,44.05415],[-79.22428,44.05663],[-79.22497,44.05802],[-79.22372,44.06001],[-79.22055,44.0601],[-79.21935,44.05679],[-79.21799,44.05606],[-79.21513,44.05628],[-79.21554,44.05845],[-79.21289,44.06112],[-79.21002,44.06071],[-79.20781,44.05836],[-79.2066,44.05909],[-79.20722,44.06182],[-79.2064,44.06259],[-79.20273,44.06268],[-79.20151,44.06366],[-79.20202,44.06645],[-79.20055,44.06922],[-79.20106,44.06995],[-79.20186,44.07174],[-79.20061,44.07372],[-79.20526,44.0773],[-79.20622,44.08167],[-79.20557,44.08338],[-79.20218,44.08544],[-79.2018,44.08682],[-79.20529,44.08623],[-79.212,44.08741],[-79.21559,44.08646],[-79.21672,44.08534],[-79.21657,44.08369],[-79.21804,44.08421],[-79.21865,44.08365],[-79.22005,44.07324],[-79.22341,44.07043],[-79.22489,44.07053],[-79.22605,44.07162],[-79.22624,44.07519],[-79.2332,44.07452],[-79.23448,44.07497],[-79.23558,44.07791],[-79.24322,44.0776],[-79.24974,44.07499],[-79.25636,44.07554],[-79.25683,44.08002],[-79.25597,44.08216],[-79.25204,44.08445],[-79.24807,44.08461],[-79.24455,44.08613],[-79.24353,44.09061],[-79.24506,44.09429]]]}},{"type":"Feature","properties":{"OGF_ID":1404000200},"geometry":{"type":"Polygon","coordinates":[[[-79.22717,44.09766],[-79.23467,44.09841],[-79.2367,44.09958],[-79.23509,44.09084],[-79.24263,44.08731],[-79.24428,44.08548],[-79.24412,44.0839],[-79.24169,44.08222],[-79.23315,44.07945],[-79.2288,44.07909],[-79.227,44.07978],[-79.22706,44.08107],[-79.2308,44.08513],[-79.23139,44.09185],[-79.22978,44.09276],[-79.22294,44.08944],[-79.22123,44.09027],[-79.22196,44.09228],[-79.22511,44.09304],[-79.22444,44.09568],[-79.22717,44.09766]]]}},{"type":"Feature","properties":{"OGF_ID":1404000201},"geometry":{"type":"Polygon","coordinates":[[[-79.16351,44.0841],[-79.16453,44.08987],[-79.16866,44.09408],[-79.16882,44.09844],[-79.17069,44.10533],[-79.17258,44.10858],[-79.17404,44.10939],[-79.17899,44.10968],[-79.18164,44.10838],[-79.17347,44.10545],[-79.17296,44.10273],[-79.17386,44.0991],[-79.17291,44.09787],[-79.17399,44.09474],[-79.17701,44.0935],[-79.17997,44.09376],[-79.1851,44.09792],[-79.19366,44.09788],[-79.19577,44.09594],[-79.19464,44.09202],[-79.18581,44.091],[-79.1787,44.08667],[-79.17814,44.08258],[-79.17887,44.08124],[-79.17995,44.08147],[-79.18162,44.08543],[-79.18364,44.08746],[-79.18795,44.08896],[-79.19211,44.08931],[-79.19303,44.08847],[-79.1918,44.08637],[-79.18684,44.08337],[-79.1828,44.08237],[-79.17999,44.08026],[-79.17992,44.07925],[-79.18102,44.07899],[-79.18581,44.08121],[-79.18967,44.08162],[-79.19753,44.08068],[-79.19836,44.07947],[-79.19759,44.07861],[-79.19127,44.07772],[-79.19001,44.07677],[-79.18278,44.07666],[-79.18123,44.07549],[-79.18532,44.06819],[-79.18872,44.06725],[-79.18743,44.06394],[-79.18487,44.06333],[-79.18147,44.06441],[-79.17741,44.06428],[-79.17441,44.06187],[-79.16431,44.05835],[-79.16395,44.0572],[-79.16619,44.05202],[-79.16523,44.05115],[-79.16733,44.05054],[-79.17029,44.04751],[-79.16925,44.04481],[-79.16591,44.04523],[-79.16413,44.04806],[-79.16266,44.04863],[-79.16148,44.05052],[-79.1632,44.05276],[-79.16295,44.0544],[-79.16144,44.05495],[-79.15932,44.0532],[-79.15732,44.05381],[-79.15632,44.0568],[-79.15745,44.05903],[-79.16085,44.06137],[-79.1632,44.06555],[-79.16312,44.07013],[-79.16233,44.0774],[-79.16351,44.0841]]]}},{"type":"Feature","properties":{"OGF_ID":1404000202},"geometry":{"type":"Polygon","coordinates":[[[-79.15451,44.11728],[-79.15424,44.12122],[-79.14957,44.13092],[-79.15029,44.13198],[-79.15269,44.13183],[-79.15551,44.13032],[-79.15728,44.12328],[-79.15841,44.1255],[-79.15868,44.13067],[-79.16241,44.12988],[-79.16274,44.12737],[-79.15816,44.11987],[-79.15853,44.1169],[-79.16152,44.11287],[-79.16561,44.11153],[-79.16878,44.11175],[-79.17524,44.11519],[-79.18212,44.11727],[-79.18243,44.11281],[-79.1882,44.10773],[-79.19361,44.10453],[-79.20338,44.09363],[-79.20636,44.09332],[-79.22033,44.09697],[-79.22507,44.0979],[-79.22717,44.09766],[-79.22444,44.09568],[-79.22511,44.09304],[-79.22196,44.09228],[-79.22123,44.09027],[-79.22294,44.08944],[-79.22978,44.09276],[-79.23139,44.09185],[-79.2308,44.08513],[-79.22706,44.08107],[-79.227,44.07978],[-79.2288,44.07909],[-79.23315,44.07945],[-79.24169,44.08222],[-79.24412,44.0839],[-79.24428,44.08548],[-79.24263,44.08731],[-79.23509,44.09084],[-79.2367,44.09958],[-79.23939,44.09977],[-79.2405,44.09907],[-79.24506,44.09429],[-79.24353,44.09061],[-79.24455,44.08613],[-79.24807,44.08461],[-79.25204,44.08445],[-79.25597,44.08216],[-79.25683,44.08002],[-79.25636,44.07554],[-79.24974,44.07499],[-79.24322,44.0776],[-79.23558,44.07791],[-79.23448,44.07497],[-79.2332,44.07452],[-79.22624,44.07519],[-79.22605,44.07162],[-79.22489,44.07053],[-79.22341,44.07043],[-79.22005,44.07324],[-79.21865,44.08365],[-79.21804,44.08421],[-79.21657,44.08369],[-79.21672,44.08534],[-79.21559,44.08646],[-79.212,44.08741],[-79.20529,44.08623],[-79.2018,44.08682],[-79.20218,44.08544],[-79.19995,44.08579],[-79.19892,44.09013],[-79.19464,44.09202],[-79.19577,44.09594],[-79.19366,44.09788],[-79.19373,44.10113],[-79.18878,44.10412],[-79.18673,44.10645],[-79.18164,44.10838],[-79.17899,44.10968],[-79.17404,44.10939],[-79.17258,44.10858],[-79.17069,44.10533],[-79.16882,44.09844],[-79.16866,44.09408],[-79.16453,44.08987],[-79.16351,44.0841],[-79.16139,44.08875],[-79.16421,44.09058],[-79.16437,44.0918],[-79.1627,44.09434],[-79.16348,44.09807],[-79.16189,44.10133],[-79.16065,44.10932],[-79.15451,44.11728]]]}},{"type":"Feature","properties":{"OGF_ID":1404000203},"geometry":{"type":"Polygon","coordinates":[[[-79.12399,44.00453],[-79.12302,44.00708],[-79.12577,44.00799],[-79.12767,44.00709],[-79.13066,44.00372],[-79.13511,44.00692],[-79.1365,44.0068],[-79.13873,44.00505],[-79.14159,44.00524],[-79.14491,44.00358],[-79.14506,44.00201],[-79.14305,43.99976],[-79.14327,43.99913],[-79.14576,43.99859],[-79.14612,43.99674],[-79.13972,43.99549],[-79.13556,43.99242],[-79.13289,43.99231],[-79.13025,43.99434],[-79.12399,44.00453]]]}},{"type":"Feature","properties":{"OGF_ID":1404000204},"geometry":{"type":"Polygon","coordinates":[[[-79.07676,44.08695],[-79.08252,44.08716],[-79.08371,44.09004],[-79.0815,44.09101],[-79.07674,44.09114],[-79.07281,44.09308],[-79.07062,44.09633],[-79.06763,44.09858],[-79.06745,44.10103],[-79.06982,44.10364],[-79.07137,44.10415],[-79.07347,44.10388],[-79.079,44.10018],[-79.08209,44.09926],[-79.08704,44.09921],[-79.0977,44.10177],[-79.09922,44.10068],[-79.09993,44.09738],[-79.10122,44.0968],[-79.09688,44.09055],[-79.09723,44.08905],[-79.1074,44.08715],[-79.11496,44.087],[-79.11482,44.09392],[-79.11641,44.09914],[-79.12122,44.10307],[-79.12412,44.1021],[-79.12516,44.09938],[-79.12416,44.0965],[-79.1258,44.09474],[-79.12464,44.09372],[-79.11675,44.09238],[-79.1163,44.09109],[-79.11662,44.09023],[-79.12137,44.09053],[-79.12566,44.08988],[-79.12698,44.08876],[-79.12685,44.08676],[-79.12589,44.08567],[-79.12135,44.08824],[-79.11864,44.08675],[-79.11939,44.08435],[-79.11805,44.08268],[-79.11308,44.08003],[-79.10773,44.08022],[-79.08949,44.07964],[-79.08569,44.081],[-79.08073,44.08406],[-79.07686,44.08414],[-79.07676,44.08695]]]}},{"type":"Feature","properties":{"OGF_ID":1404000205},"geometry":{"type":"Polygon","coordinates":[[[-79.10773,44.08022],[-79.11308,44.08003],[-79.11805,44.08268],[-79.11939,44.08435],[-79.11864,44.08675],[-79.12135,44.08824],[-79.12589,44.08567],[-79.12685,44.08676],[-79.12698,44.08876],[-79.12566,44.08988],[-79.12137,44.09053],[-79.11662,44.09023],[-79.1163,44.09109],[-79.11675,44.09238],[-79.12464,44.09372],[-79.1258,44.09474],[-79.12416,44.0965],[-79.12516,44.09938],[-79.12412,44.1021],[-79.12742,44.101],[-79.13723,44.10215],[-79.1437,44.10089],[-79.14847,44.10106],[-79.15014,44.09979],[-79.1534,44.10012],[-79.15434,44.09221],[-79.15594,44.08873],[-79.15785,44.08776],[-79.15701,44.08618],[-79.1527,44.08439],[-79.13989,44.08504],[-79.13819,44.08361],[-79.13421,44.08609],[-79.12942,44.0868],[-79.12507,44.08351],[-79.12436,44.08171],[-79.1205,44.08058],[-79.10911,44.07403],[-79.10625,44.07348],[-79.10405,44.07416],[-79.1043,44.07559],[-79.10739,44.07829],[-79.10773,44.08022]]]}},{"type":"Feature","properties":{"OGF_ID":1404000206},"geometry":{"type":"Polygon","coordinates":[[[-79.12436,44.08171],[-79.12507,44.08351],[-79.12942,44.0868],[-79.13421,44.08609],[-79.13819,44.08361],[-79.14294,44.08273],[-79.14462,44.07954],[-79.14397,44.07818],[-79.14187,44.07893],[-79.14021,44.07811],[-79.13975,44.07675],[-79.14102,44.0742],[-79.13836,44.07072],[-79.13636,44.07105],[-79.13413,44.07266],[-79.13039,44.0781],[-79.12921,44.07786],[-79.12791,44.0752],[-79.12683,44.07475],[-79.12472,44.07557],[-79.12436,44.08171]]]}},{"type":"Feature","properties":{"OGF_ID":1404000207},"geometry":{"type":"Polygon","coordinates":[[[-79.12346,44.05447],[-79.11936,44.05405],[-79.11349,44.05145],[-79.1111,44.05198],[-79.11004,44.05725],[-79.10245,44.05913],[-79.10063,44.06038],[-79.10202,44.06334],[-79.10134,44.06583],[-79.10381,44.06728],[-79.10667,44.0667],[-79.1091,44.0651],[-79.11031,44.06126],[-79.11264,44.05965],[-79.11743,44.05845],[-79.12328,44.05854],[-79.12419,44.05799],[-79.12446,44.05563],[-79.12346,44.05447]]]}},{"type":"Feature","properties":{"OGF_ID":1404000208},"geometry":{"type":"Polygon","coordinates":[[[-79.12732,44.06353],[-79.12524,44.06543],[-79.11972,44.06449],[-79.11148,44.06499],[-79.10953,44.06703],[-79.10983,44.07004],[-79.11227,44.07115],[-79.12506,44.07115],[-79.13387,44.06739],[-79.13477,44.06495],[-79.13311,44.06421],[-79.13102,44.06439],[-79.12949,44.06257],[-79.12732,44.06353]]]}},{"type":"Feature","properties":{"OGF_ID":1404000209},"geometry":{"type":"Polygon","coordinates":[[[-79.14819,44.02566],[-79.15022,44.02404],[-79.15662,44.022],[-79.15744,44.02108],[-79.1567,44.01935],[-79.15503,44.01897],[-79.14873,44.02087],[-79.14545,44.02453],[-79.14231,44.02662],[-79.14226,44.03148],[-79.14327,44.03301],[-79.1472,44.03192],[-79.14802,44.031],[-79.14715,44.02706],[-79.14819,44.02566]]]}},{"type":"Feature","properties":{"OGF_ID":1404000210},"geometry":{"type":"Polygon","coordinates":[[[-78.86461,44.07047],[-78.862,44.06955],[-78.86008,44.07046],[-78.85942,44.07229],[-78.8553,44.07135],[-78.85402,44.07225],[-78.85335,44.07465],[-78.85429,44.07627],[-78.85776,44.07801],[-78.85996,44.08031],[-78.86023,44.0842],[-78.86356,44.08525],[-78.8669,44.08505],[-78.86898,44.0838],[-78.86551,44.08149],[-78.86965,44.08105],[-78.87062,44.08003],[-78.86968,44.07865],[-78.86524,44.07782],[-78.86003,44.07577],[-78.86082,44.07377],[-78.86461,44.07047]]]}},{"type":"Feature","properties":{"OGF_ID":1404000211},"geometry":{"type":"Polygon","coordinates":[[[-78.9704,44.00423],[-78.96823,44.00498],[-78.96639,44.00821],[-78.96838,44.00751],[-78.9704,44.00423]]]}},{"type":"Feature","properties":{"OGF_ID":1404000212},"geometry":{"type":"Polygon","coordinates":[[[-79.0086,44.02016],[-79.01052,44.02161],[-79.0132,44.02188],[-79.01425,44.02138],[-79.01473,44.01967],[-79.01215,44.01917],[-79.00842,44.01627],[-79.00719,44.01879],[-79.0086,44.02016]]]}},{"type":"Feature","properties":{"OGF_ID":1404000213},"geometry":{"type":"Polygon","coordinates":[[[-78.98331,44.00634],[-78.98674,44.01417],[-78.98961,44.01636],[-78.98934,44.01369],[-78.99109,44.01103],[-78.9893,44.00883],[-78.98747,43.99996],[-78.98881,43.9959],[-78.98731,43.99572],[-78.98423,43.99988],[-78.98601,44.00407],[-78.98471,44.00647],[-78.98361,44.00578],[-78.98331,44.00634]]]}},{"type":"Feature","properties":{"OGF_ID":1404000214},"geometry":{"type":"Polygon","coordinates":[[[-78.9874,44.02402],[-78.99818,44.03126],[-79.00997,44.03169],[-79.01718,44.03302],[-79.01814,44.03221],[-79.01666,44.02994],[-79.01732,44.02898],[-79.02089,44.02747],[-79.01964,44.02439],[-79.01838,44.02398],[-79.01589,44.02529],[-79.00712,44.02708],[-78.99908,44.02612],[-78.99346,44.02378],[-78.99155,44.01881],[-78.98961,44.01636],[-78.98674,44.01417],[-78.98331,44.00634],[-78.98387,44.01116],[-78.983,44.01255],[-78.98422,44.01799],[-78.9867,44.01821],[-78.98791,44.02241],[-78.9874,44.02402]]]}},{"type":"Feature","properties":{"OGF_ID":1404000215},"geometry":{"type":"Polygon","coordinates":[[[-79.04659,43.9869],[-79.04535,43.9917],[-79.04194,43.99449],[-79.04196,43.99631],[-79.04528,43.99485],[-79.04692,43.99239],[-79.04748,43.9889],[-79.04659,43.9869]]]}},{"type":"Feature","properties":{"OGF_ID":1404000216},"geometry":{"type":"Polygon","coordinates":[[[-79.00266,44.04833],[-79.00651,44.04845],[-79.00687,44.05018],[-79.0105,44.05009],[-79.01422,44.05352],[-79.02055,44.05318],[-79.02157,44.05051],[-79.01512,44.04509],[-79.01535,44.04353],[-79.00829,44.04168],[-79.00299,44.04219],[-79.0014,44.0432],[-79.00058,44.04603],[-79.00075,44.04723],[-79.00266,44.04833]]]}},{"type":"Feature","properties":{"OGF_ID":1404000217},"geometry":{"type":"Polygon","coordinates":[[[-79.10903,43.98484],[-79.1043,43.98295],[-79.10395,43.98537],[-79.09727,43.98555],[-79.09406,43.98737],[-79.09527,43.99186],[-79.0932,43.99151],[-79.09116,43.98988],[-79.08971,43.99114],[-79.08703,43.98986],[-79.08575,43.99054],[-79.0837,43.98949],[-79.08146,43.99028],[-79.08065,43.99165],[-79.07873,43.99221],[-79.07454,43.99587],[-79.07382,43.9915],[-79.07287,43.99114],[-79.07102,43.99711],[-79.07073,43.9955],[-79.06834,43.99617],[-79.06755,43.99571],[-79.07051,43.9915],[-79.06635,43.99292],[-79.06547,43.99555],[-79.06214,43.99771],[-79.05724,43.99912],[-79.04901,43.99994],[-79.04495,44.00457],[-79.04402,44.00769],[-79.04834,44.00859],[-79.05208,44.00737],[-79.05442,44.00622],[-79.05576,44.0067],[-79.05549,44.00848],[-79.049,44.01273],[-79.04875,44.01404],[-79.04936,44.01461],[-79.05163,44.01423],[-79.055,44.016],[-79.05585,44.0197],[-79.04387,44.01868],[-79.0432,44.01762],[-79.04215,44.0173],[-79.04108,44.01212],[-79.04007,44.01129],[-79.03862,44.01134],[-79.0377,44.01248],[-79.03802,44.01678],[-79.03618,44.01944],[-79.03313,44.02058],[-79.03185,44.01963],[-79.02997,44.0198],[-79.029,44.0173],[-79.02724,44.01704],[-79.02607,44.01807],[-79.02647,44.02167],[-79.02969,44.02365],[-79.03309,44.02514],[-79.03463,44.02233],[-79.03617,44.02273],[-79.04017,44.02721],[-79.04782,44.0307],[-79.04769,44.03282],[-79.04563,44.03364],[-79.04473,44.03327],[-79.04188,44.03399],[-79.03972,44.03837],[-79.04246,44.04352],[-79.04648,44.04324],[-79.04841,44.0411],[-79.04955,44.03798],[-79.05231,44.03923],[-79.05268,44.04043],[-79.04757,44.04475],[-79.0462,44.04533],[-79.04302,44.04505],[-79.03659,44.04763],[-79.03765,44.04996],[-79.0401,44.05113],[-79.04048,44.05225],[-79.03902,44.05582],[-79.03608,44.05696],[-79.03689,44.05387],[-79.03388,44.05121],[-79.02791,44.0497],[-79.02864,44.05175],[-79.02813,44.05585],[-79.02696,44.05685],[-79.02532,44.05584],[-79.02457,44.05717],[-79.02541,44.0579],[-79.02793,44.05884],[-79.03073,44.05881],[-79.03427,44.05731],[-79.03351,44.06252],[-79.03408,44.06395],[-79.03612,44.06503],[-79.03721,44.06486],[-79.03906,44.06124],[-79.04261,44.05814],[-79.04433,44.05741],[-79.04737,44.05783],[-79.05242,44.06237],[-79.05727,44.05915],[-79.05434,44.05635],[-79.05411,44.05382],[-79.05503,44.05215],[-79.06344,44.05165],[-79.06963,44.05343],[-79.07419,44.05365],[-79.07638,44.05312],[-79.07696,44.05063],[-79.07827,44.04986],[-79.08286,44.04894],[-79.08832,44.04669],[-79.1034,44.0387],[-79.10604,44.0366],[-79.10915,44.03551],[-79.11027,44.03146],[-79.11219,44.02981],[-79.1165,44.02863],[-79.12634,44.02758],[-79.12804,44.02703],[-79.1292,44.02469],[-79.12531,44.01298],[-79.1231,44.01073],[-79.11651,44.00962],[-79.10935,44.01036],[-79.10255,44.00939],[-79.10169,44.00852],[-79.1021,44.00495],[-79.10441,44.00399],[-79.10775,44.00483],[-79.11162,44.00754],[-79.11661,44.00634],[-79.11802,44.00557],[-79.11914,44.0013],[-79.12479,43.99797],[-79.12566,43.99562],[-79.12561,43.99391],[-79.12161,43.98891],[-79.12006,43.98795],[-79.11193,43.98832],[-79.1098,43.98686],[-79.10903,43.98484]]]}},{"type":"Feature","properties":{"OGF_ID":1404000146},"geometry":{"type":"Polygon","coordinates":[[[-79.61729,43.91696],[-79.61778,43.9204],[-79.62215,43.9236],[-79.62453,43.92363],[-79.62546,43.92171],[-79.62685,43.92137],[-79.62813,43.92167],[-79.62986,43.92391],[-79.6328,43.92487],[-79.6333,43.92435],[-79.63278,43.92137],[-79.63017,43.91877],[-79.6275,43.91768],[-79.62239,43.91789],[-79.61729,43.91696]]]}},{"type":"Feature","properties":{"OGF_ID":1404000147},"geometry":{"type":"Polygon","coordinates":[[[-79.63283,43.91691],[-79.63323,43.91902],[-79.635,43.91954],[-79.63664,43.9212],[-79.63931,43.92116],[-79.6459,43.91838],[-79.64464,43.91737],[-79.64137,43.91783],[-79.63884,43.91607],[-79.63283,43.91691]]]}},{"type":"Feature","properties":{"OGF_ID":1404000148},"geometry":{"type":"Polygon","coordinates":[[[-79.67115,43.96458],[-79.66896,43.96603],[-79.66991,43.96819],[-79.67796,43.97071],[-79.67792,43.97286],[-79.67849,43.97393],[-79.67967,43.97409],[-79.68598,43.96616],[-79.69065,43.96521],[-79.69557,43.96191],[-79.69501,43.96055],[-79.69805,43.95715],[-79.69869,43.95487],[-79.69604,43.95203],[-79.69117,43.95059],[-79.68858,43.95161],[-79.68785,43.95303],[-79.68753,43.9541],[-79.69187,43.95479],[-79.69133,43.95679],[-79.68972,43.95813],[-79.68475,43.95833],[-79.68466,43.96307],[-79.68344,43.96449],[-79.68215,43.96504],[-79.67859,43.96464],[-79.67526,43.96311],[-79.67115,43.96458]]]}},{"type":"Feature","properties":{"OGF_ID":1404000149},"geometry":{"type":"Polygon","coordinates":[[[-79.57229,44.0221],[-79.57178,44.02475],[-79.56855,44.02707],[-79.56962,44.02801],[-79.57287,44.02855],[-79.57452,44.02747],[-79.57492,44.02469],[-79.57475,44.02316],[-79.57229,44.0221]]]}},{"type":"Feature","properties":{"OGF_ID":1404000150},"geometry":{"type":"Polygon","coordinates":[[[-79.59516,43.99941],[-79.59553,44.00032],[-79.598,44.00042],[-79.60069,43.99545],[-79.60564,43.99565],[-79.60874,43.9947],[-79.61277,43.99116],[-79.61489,43.98533],[-79.61968,43.97924],[-79.62645,43.97311],[-79.62921,43.97305],[-79.6298,43.971],[-79.63233,43.97125],[-79.63533,43.96992],[-79.63655,43.97308],[-79.64318,43.97288],[-79.64458,43.97668],[-79.64576,43.97691],[-79.64686,43.97664],[-79.64793,43.97428],[-79.64775,43.97207],[-79.64876,43.97123],[-79.65293,43.97042],[-79.65505,43.9688],[-79.65529,43.9668],[-79.65122,43.9629],[-79.65146,43.96125],[-79.65546,43.95916],[-79.65648,43.95662],[-79.66032,43.94992],[-79.66418,43.9497],[-79.66647,43.94942],[-79.6667,43.948],[-79.66189,43.94637],[-79.65847,43.94411],[-79.656,43.94416],[-79.65259,43.94626],[-79.65126,43.94381],[-79.64959,43.94351],[-79.6442,43.9453],[-79.64399,43.94623],[-79.64553,43.94796],[-79.64481,43.94903],[-79.64332,43.94937],[-79.6439,43.95859],[-79.64701,43.96556],[-79.64508,43.96768],[-79.64339,43.96795],[-79.64017,43.96591],[-79.63835,43.96339],[-79.64146,43.96149],[-79.64188,43.96028],[-79.63958,43.95711],[-79.64047,43.95283],[-79.63708,43.94107],[-79.63474,43.93969],[-79.63199,43.93458],[-79.62632,43.93184],[-79.61596,43.92646],[-79.61419,43.92157],[-79.61083,43.91732],[-79.61101,43.91581],[-79.58876,43.91176],[-79.58659,43.91316],[-79.58653,43.91533],[-79.59142,43.92271],[-79.5929,43.92751],[-79.59168,43.93404],[-79.59415,43.93312],[-79.59709,43.93401],[-79.59677,43.93515],[-79.59522,43.93578],[-79.59447,43.93682],[-79.59614,43.93665],[-79.59672,43.93723],[-79.59704,43.94052],[-79.59343,43.94262],[-79.58915,43.948],[-79.58378,43.949],[-79.57908,43.94753],[-79.5743,43.94831],[-79.5666,43.94772],[-79.5655,43.9482],[-79.56723,43.95037],[-79.57134,43.95199],[-79.57414,43.95081],[-79.57517,43.94911],[-79.57695,43.94913],[-79.57843,43.94936],[-79.57957,43.95152],[-79.58144,43.95183],[-79.58553,43.95431],[-79.59413,43.95477],[-79.60483,43.95426],[-79.60657,43.95564],[-79.60503,43.95827],[-79.60343,43.95889],[-79.59918,43.9587],[-79.5928,43.96076],[-79.5786,43.96294],[-79.57942,43.96581],[-79.58848,43.97622],[-79.58927,43.98044],[-79.59089,43.98282],[-79.59664,43.98661],[-79.59667,43.9899],[-79.59457,43.9908],[-79.59487,43.99219],[-79.59516,43.99941]]]}},{"type":"Feature","properties":{"OGF_ID":1404000101},"geometry":{"type":"Polygon","coordinates":[[[-79.93097,44.02865],[-79.9304,44.03199],[-79.93182,44.03381],[-79.93459,44.03422],[-79.93486,44.0367],[-79.93912,44.03284],[-79.93982,44.03005],[-79.93733,44.02631],[-79.93097,44.02865]]]}},{"type":"Feature","properties":{"OGF_ID":1404000102},"geometry":{"type":"Polygon","coordinates":[[[-79.76548,44.00873],[-79.76983,44.01122],[-79.77536,44.01179],[-79.77761,44.00921],[-79.78006,44.00836],[-79.78121,44.00868],[-79.78298,44.00679],[-79.7849,44.00395],[-79.78456,44.00118],[-79.77814,43.99892],[-79.77708,43.9991],[-79.77355,44.00354],[-79.76661,44.0032],[-79.76215,44.00571],[-79.76278,44.00753],[-79.76515,44.00784],[-79.76548,44.00873]]]}},{"type":"Feature","properties":{"OGF_ID":1404000103},"geometry":{"type":"Polygon","coordinates":[[[-79.75825,44.0106],[-79.76121,44.01321],[-79.76305,44.01379],[-79.77193,44.01387],[-79.77536,44.01179],[-79.76983,44.01122],[-79.76548,44.00873],[-79.76089,44.00922],[-79.75825,44.0106]]]}},{"type":"Feature","properties":{"OGF_ID":1404000104},"geometry":{"type":"Polygon","coordinates":[[[-79.80754,43.99409],[-79.8066,43.99494],[-79.80654,43.99799],[-79.80754,44.00066],[-79.80883,44.00105],[-79.81086,43.99956],[-79.81042,43.99498],[-79.80912,43.99401],[-79.80754,43.99409]]]}},{"type":"Feature","properties":{"OGF_ID":1404000105},"geometry":{"type":"Polygon","coordinates":[[[-79.81029,44.02006],[-79.81527,44.02151],[-79.81958,44.02407],[-79.82159,44.02901],[-79.82523,44.02715],[-79.82794,44.02393],[-79.82845,44.01813],[-79.83307,44.01112],[-79.8337,44.00346],[-79.83635,44.00582],[-79.83833,44.00565],[-79.84074,44.00377],[-79.84428,44.00386],[-79.84655,44.00364],[-79.84717,44.00612],[-79.85005,44.0071],[-79.85564,44.00497],[-79.85575,43.99916],[-79.85371,43.99513],[-79.85031,43.99358],[-79.85224,43.9894],[-79.84887,43.98632],[-79.84889,43.98499],[-79.85247,43.98407],[-79.85078,43.98291],[-79.85093,43.98215],[-79.85716,43.98078],[-79.85958,43.97877],[-79.85777,43.97612],[-79.85223,43.97635],[-79.84962,43.97489],[-79.84561,43.97056],[-79.84614,43.97028],[-79.83972,43.966],[-79.83854,43.96763],[-79.84076,43.96918],[-79.83889,43.97002],[-79.83586,43.96989],[-79.8301,43.96764],[-79.82809,43.96896],[-79.8299,43.97098],[-79.82988,43.97212],[-79.82735,43.97333],[-79.82876,43.97554],[-79.82805,43.97772],[-79.83159,43.97928],[-79.83193,43.98214],[-79.83657,43.98105],[-79.83929,43.98355],[-79.83847,43.98478],[-79.83331,43.98578],[-79.83043,43.98432],[-79.83073,43.98232],[-79.82971,43.98098],[-79.82467,43.98198],[-79.82261,43.97919],[-79.81569,43.97569],[-79.81454,43.97406],[-79.81523,43.97235],[-79.81683,43.9716],[-79.81473,43.97101],[-79.8153,43.96873],[-79.82076,43.96602],[-79.82162,43.9626],[-79.83109,43.95516],[-79.81687,43.95607],[-79.79696,43.96873],[-79.78443,43.97498],[-79.78205,43.97514],[-79.7767,43.97261],[-79.77233,43.97304],[-79.7727,43.97466],[-79.77796,43.9752],[-79.77855,43.97854],[-79.77958,43.97988],[-79.78233,43.98096],[-79.78283,43.98249],[-79.7804,43.98504],[-79.77895,43.98512],[-79.77568,43.98365],[-79.77222,43.98504],[-79.77414,43.98783],[-79.77396,43.99011],[-79.76618,43.98993],[-79.76427,43.99287],[-79.77061,43.99284],[-79.77165,43.99333],[-79.77124,43.9939],[-79.76407,43.99611],[-79.75904,43.99681],[-79.75833,43.99923],[-79.76005,43.99902],[-79.76166,43.9977],[-79.77186,43.99581],[-79.77256,43.99429],[-79.77507,43.99375],[-79.777,43.99624],[-79.77644,43.99814],[-79.76661,44.0032],[-79.77355,44.00354],[-79.77708,43.9991],[-79.77814,43.99892],[-79.78456,44.00118],[-79.7849,44.00395],[-79.78298,44.00679],[-79.78878,44.0079],[-79.78861,44.00952],[-79.78991,44.01087],[-79.79282,44.01051],[-79.79742,44.01161],[-79.80075,44.00974],[-79.80227,44.01309],[-79.80143,44.01527],[-79.79974,44.0164],[-79.8066,44.01848],[-79.80661,44.01419],[-79.80757,44.0121],[-79.81182,44.01119],[-79.81111,44.0068],[-79.80931,44.00421],[-79.8038,44.0022],[-79.80301,43.99868],[-79.80077,43.99672],[-79.80448,43.99539],[-79.80384,43.99396],[-79.79962,43.99391],[-79.79828,43.99294],[-79.79406,43.99471],[-79.79235,43.99431],[-79.78623,43.99043],[-79.78639,43.9892],[-79.78441,43.98908],[-79.78393,43.9866],[-79.78883,43.98589],[-79.79145,43.98668],[-79.79954,43.98486],[-79.80082,43.98687],[-79.79902,43.99119],[-79.80365,43.99024],[-79.80409,43.98815],[-79.80244,43.98508],[-79.80537,43.98368],[-79.80655,43.98407],[-79.80558,43.98635],[-79.80636,43.98684],[-79.80822,43.98619],[-79.80846,43.98772],[-79.8128,43.98833],[-79.81395,43.99006],[-79.81703,43.99124],[-79.81895,43.99046],[-79.81901,43.98773],[-79.8217,43.98537],[-79.82342,43.9852],[-79.82332,43.98358],[-79.82464,43.98379],[-79.82539,43.9857],[-79.82775,43.98649],[-79.82599,43.98885],[-79.8265,43.98981],[-79.82741,43.9902],[-79.82888,43.98926],[-79.82893,43.98697],[-79.82999,43.9867],[-79.8328,43.9913],[-79.83686,43.99287],[-79.8399,43.99299],[-79.83969,43.99023],[-79.84184,43.98796],[-79.84555,43.98743],[-79.84723,43.98935],[-79.84575,43.99058],[-79.84595,43.9941],[-79.8438,43.9958],[-79.83824,43.99688],[-79.83376,43.99636],[-79.83019,43.9968],[-79.83596,43.99829],[-79.83688,43.99897],[-79.83696,44.00135],[-79.83511,44.00162],[-79.8329,43.99988],[-79.82986,44.00004],[-79.82897,43.99803],[-79.82766,43.99782],[-79.8258,43.99838],[-79.82488,44.00032],[-79.82164,44.00834],[-79.81799,44.01249],[-79.8117,44.01691],[-79.81029,44.02006]]]}},{"type":"Feature","properties":{"OGF_ID":1404000106},"geometry":{"type":"Polygon","coordinates":[[[-78.2231,44.10692],[-78.22419,44.10727],[-78.22328,44.10955],[-78.23099,44.10595],[-78.23567,44.10202],[-78.23878,44.09757],[-78.24239,44.09537],[-78.22889,44.09929],[-78.2283,44.10149],[-78.22907,44.10232],[-78.23084,44.10248],[-78.22978,44.10455],[-78.2231,44.10692]]]}},{"type":"Feature","properties":{"OGF_ID":1404000107},"geometry":{"type":"Polygon","coordinates":[[[-78.24932,44.0927],[-78.24239,44.09537],[-78.23878,44.09757],[-78.23567,44.10202],[-78.23099,44.10595],[-78.22328,44.10955],[-78.22218,44.11231],[-78.22835,44.12182],[-78.23132,44.12041],[-78.2333,44.12076],[-78.23402,44.12213],[-78.23339,44.1224],[-78.23863,44.12151],[-78.24346,44.12246],[-78.24833,44.11714],[-78.25413,44.11305],[-78.26442,44.11167],[-78.27389,44.10951],[-78.27868,44.10332],[-78.28129,44.10149],[-78.28567,44.09991],[-78.28774,44.09551],[-78.28785,44.09315],[-78.29037,44.09341],[-78.29238,44.09231],[-78.29321,44.0926],[-78.29371,44.09396],[-78.29059,44.09666],[-78.29056,44.09949],[-78.29171,44.10078],[-78.29416,44.101],[-78.29611,44.09983],[-78.30115,44.09458],[-78.30177,44.08957],[-78.29586,44.08492],[-78.29316,44.08639],[-78.28875,44.08561],[-78.28836,44.08636],[-78.28914,44.08722],[-78.29367,44.08792],[-78.29492,44.08879],[-78.29508,44.0904],[-78.28735,44.09055],[-78.28111,44.09141],[-78.28002,44.09215],[-78.28006,44.09383],[-78.2838,44.09645],[-78.28384,44.09822],[-78.27828,44.09944],[-78.26981,44.10548],[-78.26572,44.10547],[-78.26517,44.10453],[-78.26596,44.10024],[-78.2699,44.09587],[-78.26842,44.09507],[-78.26596,44.09674],[-78.26378,44.09926],[-78.26168,44.09794],[-78.26047,44.09801],[-78.25784,44.10106],[-78.25529,44.10075],[-78.25206,44.10208],[-78.25162,44.10648],[-78.24972,44.10972],[-78.24688,44.11196],[-78.24694,44.11544],[-78.24463,44.11837],[-78.24394,44.11558],[-78.24195,44.11324],[-78.24236,44.10918],[-78.24425,44.10528],[-78.2455,44.10481],[-78.24613,44.09884],[-78.24822,44.0967],[-78.25167,44.09515],[-78.25338,44.09387],[-78.25294,44.09327],[-78.24932,44.0927]],[[-78.23968,44.10147],[-78.24201,44.10178],[-78.24187,44.10486],[-78.23856,44.11093],[-78.23774,44.11558],[-78.23656,44.11637],[-78.23219,44.11419],[-78.23572,44.10618],[-78.23634,44.10543],[-78.23977,44.10467],[-78.23968,44.10147]]]}},{"type":"Feature","properties":{"OGF_ID":1404000108},"geometry":{"type":"Polygon","coordinates":[[[-78.26182,44.06639],[-78.2654,44.06865],[-78.26563,44.07022],[-78.26858,44.06689],[-78.27242,44.06421],[-78.26976,44.06262],[-78.26936,44.05909],[-78.26706,44.05827],[-78.26344,44.06548],[-78.26182,44.06639]]]}},{"type":"Feature","properties":{"OGF_ID":1404000109},"geometry":{"type":"Polygon","coordinates":[[[-78.26706,44.05827],[-78.25795,44.05838],[-78.25374,44.05776],[-78.24395,44.06004],[-78.24096,44.05747],[-78.23634,44.05683],[-78.23458,44.05528],[-78.22615,44.05396],[-78.22552,44.05146],[-78.21982,44.04997],[-78.2201,44.04557],[-78.21929,44.04484],[-78.21448,44.04694],[-78.20886,44.04541],[-78.20736,44.04634],[-78.20162,44.04622],[-78.19735,44.05071],[-78.19781,44.04612],[-78.19544,44.04548],[-78.19066,44.05004],[-78.18978,44.05295],[-78.19025,44.05733],[-78.18982,44.05839],[-78.18855,44.05852],[-78.18432,44.0552],[-78.17882,44.0573],[-78.17661,44.05597],[-78.17805,44.04869],[-78.17297,44.05126],[-78.1724,44.04908],[-78.17084,44.04927],[-78.16535,44.05343],[-78.16275,44.05315],[-78.15054,44.04843],[-78.14733,44.0492],[-78.14627,44.0511],[-78.14868,44.05387],[-78.15452,44.05585],[-78.15529,44.05744],[-78.15395,44.0602],[-78.15299,44.06],[-78.15153,44.05752],[-78.14772,44.0562],[-78.14538,44.05448],[-78.1426,44.05441],[-78.13546,44.05179],[-78.12785,44.05177],[-78.12417,44.05383],[-78.12336,44.05561],[-78.12432,44.06021],[-78.12202,44.06108],[-78.12221,44.06303],[-78.11172,44.07433],[-78.11095,44.08017],[-78.11233,44.0816],[-78.11401,44.08199],[-78.12193,44.08097],[-78.13042,44.08083],[-78.1387,44.07755],[-78.14346,44.07688],[-78.15663,44.07819],[-78.16899,44.07791],[-78.18233,44.07591],[-78.18789,44.07791],[-78.19273,44.07803],[-78.21928,44.07332],[-78.22347,44.07366],[-78.22459,44.07718],[-78.22714,44.07794],[-78.23329,44.07785],[-78.23768,44.07645],[-78.2378,44.07445],[-78.23531,44.07202],[-78.21432,44.06934],[-78.2062,44.07013],[-78.20477,44.06841],[-78.20663,44.06678],[-78.21125,44.06481],[-78.21564,44.06472],[-78.21982,44.06324],[-78.22378,44.06364],[-78.23441,44.06182],[-78.23726,44.06258],[-78.24331,44.06797],[-78.24333,44.0734],[-78.24636,44.07614],[-78.24991,44.07633],[-78.2566,44.07412],[-78.2583,44.07287],[-78.25881,44.06991],[-78.26019,44.06684],[-78.26182,44.06639],[-78.26344,44.06548],[-78.26706,44.05827]],[[-78.19001,44.06598],[-78.18981,44.06502],[-78.18884,44.06508],[-78.18502,44.06647],[-78.18399,44.06531],[-78.18874,44.06211],[-78.19146,44.05842],[-78.19522,44.05563],[-78.198,44.05072],[-78.19787,44.05604],[-78.2077,44.053],[-78.2085,44.05395],[-78.19722,44.05966],[-78.19585,44.0629],[-78.19617,44.06632],[-78.19517,44.06646],[-78.19332,44.06489],[-78.19077,44.06784],[-78.18982,44.06738],[-78.19001,44.06598]],[[-78.12646,44.07121],[-78.12838,44.07053],[-78.12897,44.07337],[-78.13231,44.07639],[-78.12979,44.07738],[-78.12845,44.07945],[-78.12536,44.07873],[-78.12559,44.07717],[-78.12221,44.07478],[-78.12646,44.07121]]]}},{"type":"Feature","properties":{"OGF_ID":1404000110},"geometry":{"type":"Polygon","coordinates":[[[-78.2647,44.07239],[-78.26507,44.07472],[-78.26626,44.07573],[-78.26817,44.07588],[-78.27025,44.07533],[-78.27327,44.07271],[-78.2754,44.07061],[-78.28345,44.06879],[-78.28257,44.06812],[-78.27937,44.06805],[-78.27921,44.06408],[-78.27821,44.06367],[-78.27595,44.06518],[-78.27242,44.06421],[-78.26858,44.06689],[-78.26563,44.07022],[-78.2647,44.07239]]]}},{"type":"Feature","properties":{"OGF_ID":1404000111},"geometry":{"type":"Polygon","coordinates":[[[-78.20302,44.10791],[-78.19229,44.10922],[-78.19167,44.11069],[-78.19414,44.1165],[-78.19494,44.11507],[-78.20302,44.10791]]]}},{"type":"Feature","properties":{"OGF_ID":1404000112},"geometry":{"type":"Polygon","coordinates":[[[-78.16978,44.11348],[-78.16493,44.12198],[-78.16567,44.12368],[-78.16301,44.12767],[-78.16431,44.12928],[-78.16607,44.12962],[-78.17301,44.12802],[-78.17325,44.12981],[-78.17581,44.12967],[-78.17781,44.12804],[-78.17886,44.12618],[-78.17859,44.12321],[-78.17548,44.11651],[-78.17153,44.11592],[-78.16978,44.11348]]]}},{"type":"Feature","properties":{"OGF_ID":1404000113},"geometry":{"type":"Polygon","coordinates":[[[-78.18983,44.11759],[-78.18738,44.1259],[-78.18375,44.13308],[-78.18568,44.13163],[-78.1922,44.11997],[-78.18983,44.11759]]]}},{"type":"Feature","properties":{"OGF_ID":1404000114},"geometry":{"type":"Polygon","coordinates":[[[-78.12785,44.15583],[-78.13529,44.15736],[-78.13744,44.15431],[-78.14314,44.15],[-78.14426,44.14371],[-78.14122,44.14422],[-78.13966,44.14527],[-78.13572,44.15011],[-78.12785,44.15583]]]}},{"type":"Feature","properties":{"OGF_ID":1404000115},"geometry":{"type":"Polygon","coordinates":[[[-78.11914,44.12989],[-78.12267,44.12775],[-78.12446,44.12759],[-78.12797,44.12877],[-78.1327,44.13314],[-78.1353,44.1332],[-78.1369,44.13136],[-78.1366,44.12899],[-78.13974,44.12649],[-78.1379,44.1221],[-78.13854,44.12014],[-78.14186,44.11953],[-78.14246,44.11856],[-78.14382,44.11879],[-78.14401,44.12344],[-78.14698,44.1243],[-78.14933,44.12407],[-78.15377,44.12012],[-78.15712,44.11892],[-78.15788,44.11726],[-78.15693,44.11427],[-78.15401,44.11222],[-78.15438,44.11026],[-78.14532,44.10756],[-78.13914,44.1078],[-78.13096,44.11217],[-78.13268,44.11367],[-78.13217,44.1186],[-78.13004,44.11993],[-78.12514,44.11911],[-78.12127,44.1198],[-78.11733,44.12437],[-78.11967,44.1246],[-78.12047,44.12604],[-78.11914,44.12989]]]}},{"type":"Feature","properties":{"OGF_ID":1404000116},"geometry":{"type":"Polygon","coordinates":[[[-78.14386,44.13908],[-78.1471,44.13893],[-78.15128,44.14141],[-78.15637,44.12889],[-78.15567,44.1263],[-78.15432,44.12587],[-78.1532,44.12624],[-78.15164,44.13025],[-78.14857,44.13116],[-78.14735,44.13084],[-78.14624,44.12834],[-78.14464,44.12731],[-78.14371,44.12679],[-78.14244,44.12745],[-78.14262,44.12943],[-78.14972,44.13584],[-78.14843,44.13689],[-78.14664,44.13704],[-78.14356,44.13558],[-78.14386,44.13908]]]}},{"type":"Feature","properties":{"OGF_ID":1404000117},"geometry":{"type":"Polygon","coordinates":[[[-78.11914,44.12989],[-78.11642,44.13989],[-78.11451,44.14283],[-78.11015,44.14683],[-78.11138,44.14878],[-78.11012,44.15094],[-78.11145,44.15365],[-78.11342,44.151],[-78.11659,44.1495],[-78.12087,44.14032],[-78.12163,44.14002],[-78.13072,44.14394],[-78.12944,44.14798],[-78.12602,44.1524],[-78.12672,44.15472],[-78.12972,44.15214],[-78.13429,44.14266],[-78.13733,44.13958],[-78.14183,44.13999],[-78.14386,44.13908],[-78.14356,44.13558],[-78.14664,44.13704],[-78.14843,44.13689],[-78.14972,44.13584],[-78.14262,44.12943],[-78.14244,44.12745],[-78.14371,44.12679],[-78.14464,44.12731],[-78.14624,44.12834],[-78.14735,44.13084],[-78.14857,44.13116],[-78.15164,44.13025],[-78.1532,44.12624],[-78.15432,44.12587],[-78.15567,44.1263],[-78.15637,44.12889],[-78.15128,44.14141],[-78.14985,44.14444],[-78.15086,44.14738],[-78.15654,44.13407],[-78.158,44.13327],[-78.16167,44.13332],[-78.16272,44.13361],[-78.16407,44.13578],[-78.1651,44.13568],[-78.1653,44.13445],[-78.16788,44.13354],[-78.16963,44.13158],[-78.17205,44.13096],[-78.17325,44.12981],[-78.17301,44.12802],[-78.16607,44.12962],[-78.16431,44.12928],[-78.16301,44.12767],[-78.16567,44.12368],[-78.16493,44.12198],[-78.16978,44.11348],[-78.17318,44.10906],[-78.17837,44.11056],[-78.17953,44.11503],[-78.17856,44.11807],[-78.18447,44.12069],[-78.18481,44.12218],[-78.18369,44.12848],[-78.1799,44.13504],[-78.18375,44.13308],[-78.18738,44.1259],[-78.18983,44.11759],[-78.18993,44.11559],[-78.18654,44.11481],[-78.1851,44.11319],[-78.18491,44.10854],[-78.18784,44.10466],[-78.19194,44.10209],[-78.19252,44.09954],[-78.19151,44.09665],[-78.18862,44.09687],[-78.18616,44.10245],[-78.18233,44.10799],[-78.17748,44.10628],[-78.18045,44.10152],[-78.18085,44.09599],[-78.17949,44.09556],[-78.17075,44.09782],[-78.16798,44.0998],[-78.1516,44.10535],[-78.15018,44.1064],[-78.14707,44.10533],[-78.14385,44.1011],[-78.14094,44.10162],[-78.13748,44.10509],[-78.12944,44.10963],[-78.12962,44.11171],[-78.13096,44.11217],[-78.13914,44.1078],[-78.14532,44.10756],[-78.15438,44.11026],[-78.15401,44.11222],[-78.15693,44.11427],[-78.15788,44.11726],[-78.15712,44.11892],[-78.15377,44.12012],[-78.14933,44.12407],[-78.14698,44.1243],[-78.14401,44.12344],[-78.14382,44.11879],[-78.14246,44.11856],[-78.14186,44.11953],[-78.13854,44.12014],[-78.1379,44.1221],[-78.13974,44.12649],[-78.1366,44.12899],[-78.1369,44.13136],[-78.1353,44.1332],[-78.1327,44.13314],[-78.12797,44.12877],[-78.12446,44.12759],[-78.12267,44.12775],[-78.11914,44.12989]]]}},{"type":"Feature","properties":{"OGF_ID":1404000118},"geometry":{"type":"Polygon","coordinates":[[[-78.16798,44.0998],[-78.17075,44.09782],[-78.17949,44.09556],[-78.18085,44.09599],[-78.18045,44.10152],[-78.17748,44.10628],[-78.18233,44.10799],[-78.18616,44.10245],[-78.18862,44.09687],[-78.19151,44.09665],[-78.19252,44.09954],[-78.19789,44.09825],[-78.19968,44.09771],[-78.19888,44.09483],[-78.19586,44.09383],[-78.1939,44.09436],[-78.19208,44.09187],[-78.18226,44.08777],[-78.18159,44.09196],[-78.17848,44.09386],[-78.17243,44.0942],[-78.16573,44.09087],[-78.15997,44.09093],[-78.1572,44.09155],[-78.14939,44.09631],[-78.14595,44.09166],[-78.13688,44.08926],[-78.13276,44.08926],[-78.12513,44.09401],[-78.12602,44.09532],[-78.13082,44.09534],[-78.1321,44.09642],[-78.1365,44.09429],[-78.14171,44.09433],[-78.14652,44.09512],[-78.14898,44.09744],[-78.1534,44.0964],[-78.1679,44.09715],[-78.16866,44.09855],[-78.16798,44.0998]]]}},{"type":"Feature","properties":{"OGF_ID":1404000119},"geometry":{"type":"Polygon","coordinates":[[[-78.0743,44.12354],[-78.07465,44.12475],[-78.0793,44.12516],[-78.07875,44.12792],[-78.08104,44.12876],[-78.0824,44.12863],[-78.08534,44.12588],[-78.08731,44.12228],[-78.08295,44.12338],[-78.08371,44.11925],[-78.08334,44.11825],[-78.08093,44.1171],[-78.07784,44.1185],[-78.07646,44.12143],[-78.07438,44.12207],[-78.0743,44.12354]]]}},{"type":"Feature","properties":{"OGF_ID":1404000095},"geometry":{"type":"Polygon","coordinates":[[[-79.82749,43.87121],[-79.82902,43.87478],[-79.82876,43.87982],[-79.83001,43.88253],[-79.8285,43.88474],[-79.82962,43.88569],[-79.82699,43.88743],[-79.82356,43.88845],[-79.82337,43.88985],[-79.82575,43.89258],[-79.82636,43.89469],[-79.82861,43.89613],[-79.83145,43.89979],[-79.83217,43.90484],[-79.83621,43.91392],[-79.83444,43.92118],[-79.83571,43.92272],[-79.83929,43.92228],[-79.84375,43.91857],[-79.84796,43.91873],[-79.84835,43.91557],[-79.8453,43.91401],[-79.8455,43.91167],[-79.85243,43.91467],[-79.85454,43.91469],[-79.85505,43.91317],[-79.85321,43.9074],[-79.84756,43.90617],[-79.84117,43.9006],[-79.84008,43.89847],[-79.83903,43.89412],[-79.83989,43.89178],[-79.84508,43.88818],[-79.84225,43.88723],[-79.83348,43.88761],[-79.83267,43.88725],[-79.83322,43.88432],[-79.83908,43.88321],[-79.84287,43.87996],[-79.84581,43.87894],[-79.85018,43.87945],[-79.85037,43.87804],[-79.84812,43.87708],[-79.84834,43.87427],[-79.85159,43.87348],[-79.85305,43.87385],[-79.85582,43.87282],[-79.86648,43.86682],[-79.86467,43.86645],[-79.86145,43.86778],[-79.85707,43.86835],[-79.85248,43.86739],[-79.85006,43.86474],[-79.85047,43.86295],[-79.84335,43.86342],[-79.83195,43.86624],[-79.83088,43.86724],[-79.82798,43.86717],[-79.82864,43.87117],[-79.82749,43.87121]],[[-79.83526,43.8712],[-79.83401,43.87004],[-79.84182,43.86716],[-79.85008,43.86783],[-79.85232,43.86938],[-79.84888,43.87099],[-79.84435,43.87047],[-79.84541,43.87436],[-79.84215,43.87526],[-79.84115,43.87701],[-79.84143,43.87913],[-79.83602,43.88212],[-79.83353,43.87658],[-79.83636,43.87286],[-79.83526,43.8712]]]}},{"type":"Feature","properties":{"OGF_ID":1404000096},"geometry":{"type":"Polygon","coordinates":[[[-79.79291,43.88293],[-79.79391,43.88827],[-79.79852,43.89208],[-79.79805,43.89874],[-79.80533,43.89976],[-79.8068,43.89907],[-79.80821,43.9019],[-79.81337,43.90348],[-79.81468,43.90302],[-79.81215,43.89971],[-79.81272,43.89526],[-79.81436,43.89422],[-79.81842,43.89426],[-79.81973,43.89369],[-79.81959,43.89263],[-79.81799,43.89144],[-79.81264,43.89139],[-79.8061,43.88545],[-79.80566,43.88345],[-79.80962,43.87974],[-79.8087,43.87738],[-79.80519,43.87499],[-79.79291,43.88293]]]}},{"type":"Feature","properties":{"OGF_ID":1404000097},"geometry":{"type":"Polygon","coordinates":[[[-79.72892,43.91462],[-79.7304,43.91315],[-79.73005,43.90692],[-79.73152,43.90647],[-79.7323,43.908],[-79.73128,43.91022],[-79.7324,43.9107],[-79.73679,43.91028],[-79.73852,43.91324],[-79.74364,43.91669],[-79.74549,43.92129],[-79.74991,43.91934],[-79.75185,43.91972],[-79.75392,43.92162],[-79.75797,43.92213],[-79.7588,43.92132],[-79.75338,43.91657],[-79.75262,43.9139],[-79.74953,43.91496],[-79.74578,43.915],[-79.74572,43.91292],[-79.74324,43.91235],[-79.74172,43.90844],[-79.73865,43.90678],[-79.73885,43.90417],[-79.73361,43.90418],[-79.73079,43.90224],[-79.72332,43.90186],[-79.71553,43.89913],[-79.70908,43.89777],[-79.7082,43.89812],[-79.71246,43.9108],[-79.71308,43.91099],[-79.71387,43.90929],[-79.71285,43.90125],[-79.71365,43.89955],[-79.7202,43.9019],[-79.7252,43.90586],[-79.7246,43.90945],[-79.72892,43.91462]]]}},{"type":"Feature","properties":{"OGF_ID":1404000098},"geometry":{"type":"Polygon","coordinates":[[[-79.76908,43.95792],[-79.76904,43.96015],[-79.76687,43.96282],[-79.76749,43.96412],[-79.77819,43.96646],[-79.78271,43.9664],[-79.78696,43.9655],[-79.79188,43.96286],[-79.79785,43.95717],[-79.79871,43.95448],[-79.79163,43.95147],[-79.78935,43.9518],[-79.78835,43.95296],[-79.79108,43.95463],[-79.79055,43.95627],[-79.78892,43.95696],[-79.78713,43.95717],[-79.78378,43.95397],[-79.78019,43.95487],[-79.77892,43.95345],[-79.77697,43.95343],[-79.76908,43.95792]]]}},{"type":"Feature","properties":{"OGF_ID":1404000099},"geometry":{"type":"Polygon","coordinates":[[[-79.73025,43.93401],[-79.73319,43.935],[-79.72595,43.94295],[-79.72705,43.9458],[-79.73226,43.94486],[-79.7354,43.94222],[-79.73691,43.93539],[-79.7337,43.93372],[-79.73038,43.92957],[-79.72777,43.92807],[-79.72727,43.92911],[-79.73025,43.93401]]]}},{"type":"Feature","properties":{"OGF_ID":1404000100},"geometry":{"type":"Polygon","coordinates":[[[-79.73936,43.94193],[-79.74633,43.94289],[-79.74589,43.94065],[-79.7482,43.93927],[-79.75192,43.93978],[-79.75201,43.94127],[-79.75371,43.93945],[-79.75246,43.93732],[-79.75555,43.93701],[-79.75967,43.93412],[-79.7537,43.93241],[-79.75293,43.93017],[-79.75631,43.93162],[-79.75944,43.9293],[-79.763,43.93005],[-79.76742,43.92845],[-79.77279,43.92781],[-79.77595,43.93171],[-79.77441,43.93592],[-79.77147,43.93659],[-79.76875,43.93468],[-79.76615,43.93466],[-79.76499,43.93593],[-79.7666,43.9363],[-79.76674,43.93748],[-79.76463,43.93958],[-79.77134,43.94304],[-79.77877,43.94254],[-79.7777,43.94135],[-79.77828,43.93725],[-79.78055,43.93716],[-79.78139,43.93588],[-79.78251,43.93671],[-79.78381,43.93637],[-79.787,43.93124],[-79.79787,43.92684],[-79.80361,43.92074],[-79.80347,43.9198],[-79.80202,43.9192],[-79.79813,43.91881],[-79.79865,43.9174],[-79.80632,43.91502],[-79.80993,43.91306],[-79.81325,43.90969],[-79.81311,43.90852],[-79.8085,43.90343],[-79.8033,43.90372],[-79.80138,43.9023],[-79.79943,43.90263],[-79.79581,43.90517],[-79.79706,43.90753],[-79.79575,43.90822],[-79.79556,43.90939],[-79.80104,43.91121],[-79.80119,43.91203],[-79.7989,43.91283],[-79.79885,43.91529],[-79.79755,43.91528],[-79.79615,43.91257],[-79.79061,43.91356],[-79.78818,43.91307],[-79.78693,43.91106],[-79.78523,43.91104],[-79.78219,43.91242],[-79.77622,43.91083],[-79.76779,43.9105],[-79.76213,43.9095],[-79.76005,43.9097],[-79.75583,43.9128],[-79.75262,43.9139],[-79.75338,43.91657],[-79.7588,43.92132],[-79.75797,43.92213],[-79.75392,43.92162],[-79.75185,43.91972],[-79.74991,43.91934],[-79.74549,43.92129],[-79.74364,43.91669],[-79.73852,43.91324],[-79.73679,43.91028],[-79.7324,43.9107],[-79.73128,43.91022],[-79.7323,43.908],[-79.73152,43.90647],[-79.73005,43.90692],[-79.7304,43.91315],[-79.72892,43.91462],[-79.72915,43.9152],[-79.73312,43.91494],[-79.73777,43.91804],[-79.74292,43.91974],[-79.73865,43.92215],[-79.74182,43.92571],[-79.74912,43.92626],[-79.74679,43.92881],[-79.74643,43.93057],[-79.75142,43.93274],[-79.75187,43.93415],[-79.75102,43.93602],[-79.74158,43.93709],[-79.73936,43.94193]],[[-79.77649,43.92949],[-79.7759,43.92667],[-79.77445,43.92571],[-79.76622,43.92351],[-79.7674,43.92129],[-79.76818,43.91485],[-79.7703,43.9144],[-79.76987,43.91193],[-79.77156,43.91173],[-79.77226,43.91384],[-79.77518,43.91422],[-79.77613,43.91505],[-79.77539,43.91962],[-79.77832,43.91942],[-79.77787,43.9173],[-79.7792,43.91567],[-79.78125,43.91886],[-79.78431,43.91983],[-79.78346,43.9217],[-79.78602,43.92396],[-79.78534,43.92536],[-79.78228,43.92415],[-79.77773,43.92446],[-79.77738,43.92574],[-79.77993,43.928],[-79.7799,43.92941],[-79.77649,43.92949]]]}},{"type":"Feature","properties":{"OGF_ID":1404000071},"geometry":{"type":"Polygon","coordinates":[[[-78.05153,44.07779],[-78.05426,44.07828],[-78.05454,44.08448],[-78.05785,44.08509],[-78.05948,44.0846],[-78.06084,44.08359],[-78.06125,44.07238],[-78.06294,44.07054],[-78.06919,44.07049],[-78.07001,44.06873],[-78.06963,44.06746],[-78.06644,44.06727],[-78.05897,44.06855],[-78.05418,44.06809],[-78.05161,44.07025],[-78.05346,44.07396],[-78.05153,44.07779]]]}},{"type":"Feature","properties":{"OGF_ID":1404000072},"geometry":{"type":"Polygon","coordinates":[[[-78.07663,44.07603],[-78.07442,44.08258],[-78.07532,44.08434],[-78.07984,44.08167],[-78.08143,44.07888],[-78.08099,44.07614],[-78.0784,44.07555],[-78.07663,44.07603]]]}},{"type":"Feature","properties":{"OGF_ID":1404000043},"geometry":{"type":"Polygon","coordinates":[[[-78.00228,44.17842],[-78.00574,44.17777],[-78.0085,44.17835],[-78.01052,44.18024],[-78.01267,44.17993],[-78.01354,44.1762],[-78.01575,44.17476],[-78.01675,44.17099],[-78.01166,44.17298],[-78.00515,44.1727],[-78.00248,44.1733],[-78.00228,44.17842]]]}},{"type":"Feature","properties":{"OGF_ID":1404000044},"geometry":{"type":"Polygon","coordinates":[[[-78.01729,44.16914],[-78.01976,44.17125],[-78.01926,44.17379],[-78.02061,44.17742],[-78.02334,44.17552],[-78.0258,44.16988],[-78.02813,44.16995],[-78.02994,44.17413],[-78.03201,44.17307],[-78.03137,44.1694],[-78.0301,44.16787],[-78.02564,44.16686],[-78.02518,44.16372],[-78.02395,44.16308],[-78.02121,44.16227],[-78.01865,44.16347],[-78.01713,44.16619],[-78.01729,44.16914]]]}},{"type":"Feature","properties":{"OGF_ID":1404000040},"geometry":{"type":"Polygon","coordinates":[[[-77.9114,44.11463],[-77.91485,44.11274],[-77.91644,44.11264],[-77.92455,44.11536],[-77.92665,44.11313],[-77.92847,44.1126],[-77.93191,44.1152],[-77.94012,44.11578],[-77.94201,44.11204],[-77.9415,44.11031],[-77.94043,44.10992],[-77.93141,44.11139],[-77.93021,44.10923],[-77.9277,44.10829],[-77.92071,44.11075],[-77.91933,44.11057],[-77.91715,44.10862],[-77.91079,44.10801],[-77.9099,44.10885],[-77.91165,44.11156],[-77.9114,44.11463]]]}},{"type":"Feature","properties":{"OGF_ID":1404000041},"geometry":{"type":"Polygon","coordinates":[[[-77.98842,44.19077],[-77.98503,44.19766],[-77.98501,44.20001],[-77.98692,44.20271],[-77.99156,44.20386],[-77.99547,44.19941],[-78.00004,44.19859],[-78.00265,44.19929],[-78.00389,44.20113],[-78.0035,44.20238],[-78.00529,44.20283],[-78.01214,44.19858],[-78.01344,44.19588],[-78.01364,44.19256],[-78.01048,44.1879],[-78.01071,44.18707],[-78.00888,44.18801],[-78.0072,44.19356],[-78.0044,44.19672],[-78.00282,44.19724],[-78.00142,44.19721],[-78.001,44.1963],[-78.00218,44.19454],[-78.00144,44.19374],[-77.99799,44.19443],[-77.99557,44.19616],[-77.99401,44.19612],[-77.99438,44.19188],[-77.98842,44.19077]]]}},{"type":"Feature","properties":{"OGF_ID":1404000042},"geometry":{"type":"Polygon","coordinates":[[[-77.98842,44.19077],[-77.99438,44.19188],[-77.99401,44.19612],[-77.99557,44.19616],[-77.99799,44.19443],[-78.00144,44.19374],[-78.00218,44.19454],[-78.001,44.1963],[-78.00142,44.19721],[-78.00282,44.19724],[-78.0044,44.19672],[-78.0072,44.19356],[-78.00888,44.18801],[-78.01071,44.18707],[-78.0111,44.18571],[-78.00981,44.1842],[-78.00612,44.18545],[-78.0059,44.18319],[-78.00232,44.18234],[-78.0013,44.17964],[-77.99905,44.17959],[-77.99522,44.18161],[-77.99457,44.18517],[-77.98994,44.18767],[-77.98842,44.19077]]]}},{"type":"Feature","properties":{"OGF_ID":1404000045},"geometry":{"type":"Polygon","coordinates":[[[-78.03188,44.19599],[-78.03377,44.19772],[-78.03365,44.2016],[-78.03606,44.20381],[-78.0373,44.20698],[-78.03596,44.21209],[-78.03456,44.21205],[-78.03062,44.20912],[-78.0299,44.21177],[-78.03266,44.21278],[-78.03275,44.21413],[-78.03118,44.21744],[-78.03004,44.21795],[-78.03008,44.21988],[-78.02849,44.22136],[-78.02156,44.22349],[-78.0189,44.22521],[-78.00687,44.23549],[-78.00735,44.2369],[-78.01671,44.23025],[-78.02902,44.22541],[-78.03419,44.22045],[-78.03573,44.21588],[-78.04174,44.21223],[-78.03952,44.20601],[-78.03983,44.20172],[-78.03631,44.19295],[-78.03785,44.18802],[-78.03552,44.18669],[-78.03362,44.18742],[-78.03229,44.18918],[-78.03352,44.19256],[-78.03188,44.19599]]]}},{"type":"Feature","properties":{"OGF_ID":1404000046},"geometry":{"type":"Polygon","coordinates":[[[-78.03387,44.18259],[-78.03623,44.18201],[-78.03697,44.1827],[-78.03962,44.18255],[-78.04353,44.17896],[-78.04766,44.17705],[-78.04819,44.17885],[-78.04424,44.18647],[-78.04438,44.18983],[-78.04604,44.19401],[-78.04935,44.1951],[-78.05222,44.18357],[-78.05184,44.17711],[-78.04982,44.17528],[-78.04752,44.1756],[-78.04235,44.17854],[-78.03782,44.17859],[-78.03387,44.18259]]]}},{"type":"Feature","properties":{"OGF_ID":1404000047},"geometry":{"type":"Polygon","coordinates":[[[-78.09088,44.16603],[-78.08864,44.16849],[-78.08802,44.1716],[-78.09111,44.17171],[-78.09082,44.17032],[-78.09256,44.16698],[-78.09088,44.16603]]]}},{"type":"Feature","properties":{"OGF_ID":1404000048},"geometry":{"type":"Polygon","coordinates":[[[-78.07749,44.17891],[-78.07854,44.17989],[-78.07726,44.18633],[-78.07417,44.18848],[-78.07014,44.18804],[-78.06875,44.18874],[-78.07147,44.19118],[-78.08071,44.19671],[-78.08116,44.19826],[-78.07783,44.2076],[-78.07503,44.20944],[-78.07509,44.21049],[-78.07709,44.21169],[-78.07528,44.22101],[-78.0709,44.22686],[-78.07575,44.22612],[-78.07519,44.22983],[-78.07279,44.23113],[-78.06985,44.23056],[-78.06779,44.2325],[-78.06867,44.23389],[-78.07336,44.23454],[-78.07371,44.23665],[-78.07253,44.2388],[-78.06871,44.24202],[-78.06839,44.24341],[-78.06965,44.2441],[-78.07164,44.24152],[-78.07481,44.24082],[-78.07777,44.23741],[-78.0871,44.22233],[-78.08749,44.22036],[-78.08523,44.21559],[-78.08626,44.20746],[-78.08971,44.20687],[-78.09322,44.20495],[-78.09502,44.20622],[-78.09096,44.21419],[-78.09393,44.21168],[-78.09718,44.20605],[-78.09508,44.20361],[-78.09288,44.20324],[-78.08468,44.20673],[-78.08418,44.20616],[-78.08879,44.20058],[-78.08925,44.17836],[-78.08629,44.17838],[-78.08466,44.18001],[-78.08322,44.18714],[-78.08226,44.18756],[-78.08142,44.18586],[-78.08222,44.17906],[-78.07749,44.17891]]]}},{"type":"Feature","properties":{"OGF_ID":1404000049},"geometry":{"type":"Polygon","coordinates":[[[-78.07856,44.14191],[-78.08225,44.1508],[-78.0825,44.15342],[-78.08114,44.16421],[-78.07788,44.16702],[-78.07902,44.17137],[-78.08103,44.17153],[-78.08406,44.17016],[-78.08587,44.16808],[-78.08597,44.16607],[-78.08478,44.16492],[-78.0852,44.16269],[-78.08713,44.15827],[-78.08829,44.15766],[-78.08876,44.15288],[-78.08816,44.1509],[-78.08541,44.14779],[-78.08544,44.14392],[-78.08342,44.14168],[-78.08015,44.14076],[-78.07856,44.14191]]]}},{"type":"Feature","properties":{"OGF_ID":1404000050},"geometry":{"type":"Polygon","coordinates":[[[-78.10155,44.15471],[-78.10043,44.15554],[-78.10141,44.15747],[-78.10128,44.15538],[-78.10155,44.15471]]]}},{"type":"Feature","properties":{"OGF_ID":1404000051},"geometry":{"type":"Polygon","coordinates":[[[-78.09032,44.14853],[-78.09183,44.15217],[-78.09206,44.15008],[-78.09032,44.14853]]]}},{"type":"Feature","properties":{"OGF_ID":1404000052},"geometry":{"type":"Polygon","coordinates":[[[-78.09172,44.15573],[-78.09086,44.15934],[-78.09711,44.16054],[-78.09932,44.15992],[-78.09976,44.15889],[-78.09508,44.15758],[-78.09786,44.1567],[-78.09907,44.15479],[-78.09609,44.15279],[-78.09776,44.1506],[-78.09691,44.14566],[-78.09803,44.14502],[-78.09937,44.14628],[-78.09866,44.14794],[-78.09938,44.14919],[-78.10095,44.14889],[-78.10372,44.14663],[-78.10534,44.13738],[-78.10334,44.13187],[-78.10098,44.13154],[-78.10037,44.13269],[-78.09963,44.13812],[-78.09802,44.14053],[-78.09948,44.14097],[-78.1007,44.1401],[-78.09919,44.14398],[-78.09682,44.14415],[-78.09635,44.14277],[-78.09467,44.14251],[-78.09272,44.14528],[-78.09356,44.15061],[-78.09172,44.15573]]]}},{"type":"Feature","properties":{"OGF_ID":1404000053},"geometry":{"type":"Polygon","coordinates":[[[-78.09067,44.1641],[-78.09484,44.1621],[-78.09769,44.16422],[-78.1006,44.1641],[-78.10053,44.16659],[-78.10202,44.16736],[-78.10652,44.16411],[-78.11666,44.16357],[-78.11918,44.16293],[-78.12032,44.16108],[-78.11988,44.15888],[-78.11022,44.15942],[-78.10454,44.16106],[-78.10362,44.16081],[-78.10477,44.15961],[-78.10475,44.1577],[-78.10353,44.1585],[-78.1022,44.15785],[-78.09976,44.15889],[-78.09932,44.15992],[-78.09711,44.16054],[-78.09086,44.15934],[-78.08976,44.15944],[-78.09067,44.1641]]]}},{"type":"Feature","properties":{"OGF_ID":1404000054},"geometry":{"type":"Polygon","coordinates":[[[-78.03137,44.1694],[-78.03201,44.17307],[-78.02994,44.17413],[-78.02813,44.16995],[-78.0258,44.16988],[-78.02334,44.17552],[-78.02061,44.17742],[-78.02044,44.18009],[-78.02139,44.18188],[-78.02444,44.1837],[-78.0246,44.19075],[-78.01983,44.19647],[-78.01947,44.20003],[-78.02166,44.19651],[-78.02425,44.19445],[-78.02565,44.19135],[-78.02842,44.18885],[-78.03029,44.18488],[-78.02899,44.18492],[-78.02994,44.17967],[-78.0324,44.1778],[-78.03695,44.17084],[-78.03754,44.17215],[-78.03895,44.17228],[-78.04371,44.16755],[-78.04844,44.16467],[-78.05019,44.16014],[-78.049,44.15953],[-78.04261,44.16003],[-78.04496,44.15338],[-78.04822,44.15022],[-78.05417,44.14985],[-78.05818,44.14204],[-78.0552,44.14123],[-78.0484,44.14363],[-78.04236,44.14325],[-78.04326,44.13768],[-78.04082,44.13672],[-78.03846,44.13733],[-78.03714,44.13887],[-78.03736,44.1439],[-78.03359,44.14772],[-78.03585,44.14912],[-78.03651,44.1516],[-78.03256,44.15597],[-78.03214,44.15808],[-78.02867,44.15922],[-78.0265,44.16207],[-78.02675,44.16342],[-78.02799,44.16346],[-78.0287,44.16168],[-78.03107,44.16085],[-78.03137,44.1694]]]}},{"type":"Feature","properties":{"OGF_ID":1404000055},"geometry":{"type":"Polygon","coordinates":[[[-78.01933,44.14954],[-78.01805,44.16029],[-78.02019,44.16102],[-78.02275,44.15922],[-78.02345,44.15692],[-78.02515,44.15186],[-78.02812,44.14888],[-78.03197,44.146],[-78.03489,44.14075],[-78.03479,44.13634],[-78.03619,44.13303],[-78.03498,44.13255],[-78.03245,44.13338],[-78.03009,44.13581],[-78.02801,44.13829],[-78.02687,44.14254],[-78.02588,44.14663],[-78.02084,44.14817],[-78.01933,44.14954]]]}},{"type":"Feature","properties":{"OGF_ID":1404000056},"geometry":{"type":"Polygon","coordinates":[[[-78.02345,44.15692],[-78.02483,44.15647],[-78.02913,44.15701],[-78.03173,44.15551],[-78.03205,44.15411],[-78.02812,44.14888],[-78.02515,44.15186],[-78.02345,44.15692]]]}},{"type":"Feature","properties":{"OGF_ID":1404000057},"geometry":{"type":"Polygon","coordinates":[[[-77.961,44.14463],[-77.9641,44.14536],[-77.97581,44.14398],[-77.99224,44.14496],[-77.99528,44.14068],[-77.99428,44.13886],[-77.98817,44.13691],[-77.97841,44.13654],[-77.96949,44.13776],[-77.961,44.14463]]]}},{"type":"Feature","properties":{"OGF_ID":1404000058},"geometry":{"type":"Polygon","coordinates":[[[-78.02251,44.13723],[-78.02405,44.13784],[-78.02687,44.14254],[-78.02801,44.13829],[-78.03009,44.13581],[-78.02686,44.1361],[-78.02465,44.13366],[-78.02156,44.13575],[-78.02251,44.13723]]]}},{"type":"Feature","properties":{"OGF_ID":1404000059},"geometry":{"type":"Polygon","coordinates":[[[-77.95643,44.13062],[-77.95744,44.13846],[-77.96166,44.13941],[-77.96499,44.13503],[-77.97356,44.13456],[-77.97789,44.1295],[-77.97676,44.12877],[-77.97559,44.12902],[-77.97491,44.12704],[-77.97264,44.12586],[-77.97027,44.12664],[-77.96604,44.12974],[-77.96352,44.12968],[-77.96088,44.12821],[-77.95932,44.12831],[-77.95643,44.13062]]]}},{"type":"Feature","properties":{"OGF_ID":1404000060},"geometry":{"type":"Polygon","coordinates":[[[-77.99927,44.15571],[-77.99882,44.15857],[-77.99492,44.16058],[-77.99474,44.16348],[-78.00291,44.15866],[-78.00399,44.1588],[-78.00396,44.16238],[-78.00566,44.16265],[-78.00344,44.1665],[-78.01056,44.16714],[-78.01481,44.16591],[-78.01865,44.16347],[-78.02121,44.16227],[-78.02395,44.16308],[-78.02468,44.16022],[-78.02275,44.15922],[-78.02019,44.16102],[-78.01805,44.16029],[-78.01933,44.14954],[-78.01431,44.15017],[-78.00967,44.15368],[-78.0104,44.15454],[-78.01559,44.15551],[-78.01593,44.1565],[-78.01003,44.1618],[-78.00867,44.1619],[-78.00795,44.16076],[-78.00983,44.15802],[-78.00792,44.15741],[-78.00667,44.15813],[-78.00483,44.15705],[-78.00565,44.15623],[-78.0033,44.15546],[-77.99927,44.15571]]]}},{"type":"Feature","properties":{"OGF_ID":1404000061},"geometry":{"type":"Polygon","coordinates":[[[-77.96149,44.10448],[-77.95822,44.10774],[-77.95707,44.11023],[-77.95804,44.11335],[-77.95997,44.11052],[-77.96481,44.10677],[-77.9642,44.10465],[-77.96149,44.10448]]]}},{"type":"Feature","properties":{"OGF_ID":1404000062},"geometry":{"type":"Polygon","coordinates":[[[-77.95875,44.11793],[-77.95861,44.11992],[-77.96062,44.12322],[-77.96844,44.12406],[-77.97286,44.12313],[-77.98058,44.12008],[-77.99076,44.11448],[-77.99697,44.11254],[-77.99848,44.11143],[-77.99814,44.10953],[-77.98955,44.10973],[-77.9861,44.1089],[-77.97521,44.11113],[-77.97292,44.10771],[-77.9699,44.10701],[-77.96322,44.10955],[-77.96158,44.11318],[-77.95977,44.11474],[-77.95875,44.11793]]]}},{"type":"Feature","properties":{"OGF_ID":1404000063},"geometry":{"type":"Polygon","coordinates":[[[-77.98518,44.09605],[-77.98133,44.09682],[-77.97923,44.09803],[-77.97693,44.10027],[-77.97562,44.10317],[-77.97383,44.10407],[-77.97373,44.10595],[-77.97759,44.10731],[-77.98272,44.10672],[-77.99054,44.10745],[-77.99101,44.10662],[-77.98875,44.10541],[-77.98952,44.10448],[-77.99757,44.10365],[-78.00102,44.10164],[-77.99665,44.09877],[-77.99157,44.09846],[-77.98518,44.09605]]]}},{"type":"Feature","properties":{"OGF_ID":1404000064},"geometry":{"type":"Polygon","coordinates":[[[-77.97103,44.06812],[-77.97183,44.06921],[-77.96948,44.0725],[-77.96956,44.07376],[-77.97286,44.07752],[-77.97209,44.07823],[-77.96677,44.07715],[-77.96297,44.07453],[-77.96237,44.07493],[-77.96321,44.07852],[-77.96128,44.08214],[-77.96308,44.08386],[-77.96598,44.08405],[-77.96841,44.08191],[-77.96991,44.08111],[-77.97077,44.08145],[-77.968,44.08714],[-77.97009,44.09181],[-77.96885,44.09618],[-77.97025,44.09716],[-77.97235,44.09606],[-77.97622,44.08851],[-77.97631,44.08684],[-77.97531,44.08649],[-77.9737,44.08656],[-77.97086,44.08805],[-77.97016,44.08762],[-77.97061,44.08448],[-77.97226,44.08348],[-77.97399,44.08384],[-77.97423,44.08196],[-77.98014,44.08295],[-77.98498,44.08801],[-77.98586,44.08772],[-77.98302,44.08355],[-77.97738,44.08015],[-77.97791,44.07828],[-77.97382,44.07566],[-77.97466,44.07348],[-77.97823,44.072],[-77.97784,44.06999],[-77.97602,44.06988],[-77.97468,44.06891],[-77.97435,44.06776],[-77.97596,44.06578],[-77.97528,44.06521],[-77.97026,44.06507],[-77.97103,44.06812]]]}},{"type":"Feature","properties":{"OGF_ID":1404000065},"geometry":{"type":"Polygon","coordinates":[[[-77.99224,44.14496],[-77.99388,44.14506],[-77.99184,44.14672],[-77.99495,44.14705],[-77.9985,44.14457],[-78.00169,44.13973],[-78.0053,44.13904],[-78.00712,44.13998],[-78.00871,44.14226],[-78.01205,44.14286],[-78.01511,44.14475],[-78.01717,44.14353],[-78.0177,44.14075],[-78.01569,44.13441],[-78.01462,44.13242],[-78.01007,44.13021],[-78.00856,44.12555],[-78.00685,44.12481],[-78.00278,44.12484],[-77.98771,44.13116],[-77.98558,44.13096],[-77.98377,44.1284],[-77.98444,44.1266],[-77.99081,44.12355],[-78.00453,44.12083],[-78.00508,44.11763],[-78.00894,44.11424],[-78.00941,44.11271],[-78.00426,44.11076],[-78.00384,44.10767],[-78.00506,44.10645],[-78.01223,44.10664],[-78.0146,44.10586],[-78.01485,44.10097],[-78.00894,44.09886],[-78.00273,44.09884],[-77.9996,44.09554],[-77.99893,44.09343],[-78.00035,44.09235],[-78.00755,44.08994],[-78.00325,44.08901],[-78.00007,44.08578],[-77.99817,44.08605],[-77.99693,44.08759],[-77.99665,44.09877],[-78.00102,44.10164],[-77.99757,44.10365],[-77.98952,44.10448],[-77.98875,44.10541],[-77.99101,44.10662],[-77.99054,44.10745],[-77.98272,44.10672],[-77.97759,44.10731],[-77.97373,44.10595],[-77.97383,44.10407],[-77.97562,44.10317],[-77.97693,44.10027],[-77.97923,44.09803],[-77.98133,44.09682],[-77.98518,44.09605],[-77.98273,44.09497],[-77.98067,44.09555],[-77.97629,44.09858],[-77.97515,44.10096],[-77.97071,44.10252],[-77.96811,44.10203],[-77.96314,44.10253],[-77.95899,44.10126],[-77.95533,44.09886],[-77.95497,44.09728],[-77.95682,44.0925],[-77.95526,44.0889],[-77.95266,44.08851],[-77.94839,44.09286],[-77.94997,44.0983],[-77.96149,44.10448],[-77.9642,44.10465],[-77.96481,44.10677],[-77.95997,44.11052],[-77.95804,44.11335],[-77.95977,44.11474],[-77.96158,44.11318],[-77.96322,44.10955],[-77.9699,44.10701],[-77.97292,44.10771],[-77.97521,44.11113],[-77.9861,44.1089],[-77.98955,44.10973],[-77.99814,44.10953],[-77.99848,44.11143],[-77.99697,44.11254],[-77.99076,44.11448],[-77.98058,44.12008],[-77.97286,44.12313],[-77.96844,44.12406],[-77.96062,44.12322],[-77.95861,44.11992],[-77.95875,44.11793],[-77.95517,44.11899],[-77.95634,44.12164],[-77.95496,44.12307],[-77.9508,44.12453],[-77.94952,44.12408],[-77.94862,44.12175],[-77.95031,44.12001],[-77.95009,44.11864],[-77.94788,44.11638],[-77.94843,44.11419],[-77.94575,44.11244],[-77.94619,44.10962],[-77.94423,44.108],[-77.93802,44.1072],[-77.93706,44.10602],[-77.93788,44.10426],[-77.93735,44.1032],[-77.93305,44.0991],[-77.93245,44.09662],[-77.92856,44.09561],[-77.92508,44.0968],[-77.92296,44.09985],[-77.92546,44.10164],[-77.92726,44.10133],[-77.92775,44.09963],[-77.93172,44.1016],[-77.92759,44.10456],[-77.93146,44.10667],[-77.93179,44.10783],[-77.93021,44.10923],[-77.93141,44.11139],[-77.94043,44.10992],[-77.9415,44.11031],[-77.94201,44.11204],[-77.94012,44.11578],[-77.93191,44.1152],[-77.92847,44.1126],[-77.92665,44.11313],[-77.92455,44.11536],[-77.91644,44.11264],[-77.91485,44.11274],[-77.9114,44.11463],[-77.91327,44.11836],[-77.9165,44.11924],[-77.91715,44.12168],[-77.91981,44.12098],[-77.9222,44.11688],[-77.92298,44.11746],[-77.92255,44.12071],[-77.92585,44.12341],[-77.92591,44.12943],[-77.92746,44.12957],[-77.93197,44.12802],[-77.93609,44.13007],[-77.9369,44.13296],[-77.93344,44.13692],[-77.93564,44.13848],[-77.9381,44.13758],[-77.94422,44.13911],[-77.94803,44.13917],[-77.9576,44.14384],[-77.961,44.14463],[-77.96949,44.13776],[-77.97841,44.13654],[-77.98817,44.13691],[-77.99428,44.13886],[-77.99528,44.14068],[-77.99224,44.14496]],[[-77.95643,44.13062],[-77.95932,44.12831],[-77.96088,44.12821],[-77.96352,44.12968],[-77.96604,44.12974],[-77.97027,44.12664],[-77.97264,44.12586],[-77.97491,44.12704],[-77.97559,44.12902],[-77.97676,44.12877],[-77.97789,44.1295],[-77.97356,44.13456],[-77.96499,44.13503],[-77.96166,44.13941],[-77.95744,44.13846],[-77.95643,44.13062]]]}},{"type":"Feature","properties":{"OGF_ID":1404000066},"geometry":{"type":"Polygon","coordinates":[[[-77.98075,44.09398],[-77.98394,44.09406],[-77.9844,44.09365],[-77.98327,44.093],[-77.9848,44.09157],[-77.98672,44.09099],[-77.99091,44.09142],[-77.99298,44.09007],[-77.99173,44.08682],[-77.99383,44.08269],[-77.99256,44.08181],[-77.98792,44.08159],[-77.98405,44.08044],[-77.9844,44.08223],[-77.98908,44.08455],[-77.99018,44.08867],[-77.98747,44.08755],[-77.9862,44.08972],[-77.97841,44.09119],[-77.97843,44.09371],[-77.98075,44.09398]]]}},{"type":"Feature","properties":{"OGF_ID":1404000067},"geometry":{"type":"Polygon","coordinates":[[[-77.98244,44.06965],[-77.98266,44.07348],[-77.98449,44.07468],[-77.98667,44.07463],[-77.99112,44.07307],[-77.99439,44.07442],[-77.99644,44.07709],[-77.99576,44.08179],[-77.9966,44.08255],[-78.00071,44.08171],[-78.00116,44.07858],[-78.00882,44.07542],[-78.00387,44.06945],[-77.99862,44.06772],[-77.99568,44.06785],[-77.99159,44.07119],[-77.98776,44.07216],[-77.98592,44.07121],[-77.98615,44.06864],[-77.98447,44.06857],[-77.98244,44.06965]]]}},{"type":"Feature","properties":{"OGF_ID":1404000068},"geometry":{"type":"Polygon","coordinates":[[[-78.01499,44.08697],[-78.01784,44.08777],[-78.01908,44.09004],[-78.02286,44.08958],[-78.02224,44.08752],[-78.01903,44.08481],[-78.01944,44.08241],[-78.01797,44.07996],[-78.01846,44.07882],[-78.01634,44.07761],[-78.01203,44.08222],[-78.01164,44.08431],[-78.01499,44.08697]]]}},{"type":"Feature","properties":{"OGF_ID":1404000069},"geometry":{"type":"Polygon","coordinates":[[[-78.03692,44.03344],[-78.0378,44.03508],[-78.03648,44.0383],[-78.03887,44.037],[-78.04073,44.03051],[-78.03692,44.03344]]]}},{"type":"Feature","properties":{"OGF_ID":1404000070},"geometry":{"type":"Polygon","coordinates":[[[-78.09795,44.06266],[-78.09854,44.06037],[-78.10498,44.05363],[-78.10889,44.0469],[-78.11407,44.04561],[-78.12075,44.0379],[-78.11896,44.03727],[-78.11671,44.0382],[-78.11578,44.03789],[-78.11663,44.03189],[-78.11971,44.02814],[-78.11894,44.02551],[-78.11425,44.02534],[-78.11157,44.02438],[-78.11068,44.02253],[-78.11373,44.01724],[-78.11238,44.01633],[-78.10725,44.01748],[-78.10262,44.01566],[-78.09902,44.01592],[-78.09618,44.01819],[-78.09556,44.01976],[-78.09987,44.01707],[-78.10204,44.01733],[-78.10218,44.02331],[-78.10397,44.02535],[-78.10121,44.02843],[-78.10113,44.03],[-78.09855,44.03213],[-78.09799,44.0318],[-78.09961,44.02545],[-78.09803,44.02509],[-78.09653,44.02589],[-78.09639,44.02893],[-78.09517,44.03005],[-78.0921,44.03029],[-78.0903,44.02857],[-78.08751,44.02923],[-78.08639,44.02836],[-78.09133,44.02524],[-78.09216,44.02327],[-78.0939,44.02321],[-78.09522,44.02412],[-78.09694,44.02361],[-78.09648,44.02227],[-78.09499,44.02259],[-78.09248,44.01765],[-78.09391,44.01051],[-78.09113,44.00899],[-78.08996,44.00739],[-78.08696,44.00777],[-78.08456,44.01004],[-78.08531,44.01249],[-78.07945,44.01338],[-78.07826,44.01898],[-78.07451,44.02324],[-78.07597,44.02392],[-78.07715,44.0273],[-78.07683,44.02933],[-78.07897,44.03117],[-78.08214,44.03192],[-78.08567,44.03117],[-78.09226,44.03302],[-78.09446,44.0357],[-78.09761,44.03651],[-78.09875,44.04],[-78.10175,44.04113],[-78.10124,44.04269],[-78.0996,44.04348],[-78.09687,44.04289],[-78.08931,44.03693],[-78.08865,44.03555],[-78.08554,44.03379],[-78.08133,44.03358],[-78.07972,44.03225],[-78.07732,44.03337],[-78.0733,44.03212],[-78.07025,44.03305],[-78.06866,44.03268],[-78.07182,44.02896],[-78.0714,44.02654],[-78.06443,44.02904],[-78.06211,44.03099],[-78.06097,44.03083],[-78.06005,44.02952],[-78.0584,44.02972],[-78.05779,44.03116],[-78.05618,44.03143],[-78.05416,44.03057],[-78.053,44.03095],[-78.05012,44.02858],[-78.0463,44.02822],[-78.04507,44.02872],[-78.046,44.03099],[-78.04924,44.03013],[-78.05013,44.03267],[-78.04662,44.03615],[-78.04641,44.0374],[-78.04265,44.04002],[-78.04228,44.04159],[-78.04038,44.04175],[-78.04009,44.03881],[-78.03771,44.0399],[-78.03597,44.03986],[-78.03224,44.03892],[-78.0308,44.03699],[-78.02963,44.03767],[-78.02931,44.04027],[-78.03019,44.04124],[-78.03764,44.04402],[-78.03809,44.0463],[-78.04086,44.04608],[-78.04309,44.04372],[-78.04754,44.04195],[-78.04879,44.04418],[-78.05302,44.04685],[-78.05184,44.05146],[-78.04881,44.05612],[-78.04435,44.06031],[-78.04359,44.06309],[-78.04579,44.0681],[-78.05099,44.07502],[-78.05018,44.07711],[-78.0467,44.075],[-78.04457,44.07614],[-78.04486,44.07285],[-78.03536,44.06967],[-78.02551,44.06472],[-78.02259,44.06617],[-78.02151,44.06991],[-78.01847,44.07326],[-78.01625,44.07386],[-78.01166,44.07717],[-78.01301,44.07785],[-78.01477,44.07746],[-78.01667,44.0739],[-78.01907,44.07821],[-78.02465,44.08013],[-78.028,44.08001],[-78.02863,44.07909],[-78.02521,44.07764],[-78.02546,44.07544],[-78.02695,44.07475],[-78.03588,44.07811],[-78.03987,44.07812],[-78.04565,44.08194],[-78.04949,44.08078],[-78.05153,44.07779],[-78.05346,44.07396],[-78.05161,44.07025],[-78.05418,44.06809],[-78.05739,44.06505],[-78.06185,44.06317],[-78.0625,44.06172],[-78.06576,44.06338],[-78.07144,44.06331],[-78.07446,44.06685],[-78.07577,44.06699],[-78.08212,44.06485],[-78.08521,44.06293],[-78.08394,44.0603],[-78.08019,44.05693],[-78.08242,44.04996],[-78.08626,44.04432],[-78.08846,44.0443],[-78.09019,44.0418],[-78.09139,44.04191],[-78.09305,44.04378],[-78.09281,44.04599],[-78.09447,44.04736],[-78.09398,44.05131],[-78.09716,44.05363],[-78.09714,44.05516],[-78.09318,44.05884],[-78.09795,44.06266]],[[-78.05534,44.04487],[-78.05381,44.04386],[-78.05669,44.03819],[-78.0601,44.03387],[-78.06114,44.03348],[-78.06281,44.03489],[-78.06741,44.03595],[-78.06838,44.03692],[-78.06743,44.03857],[-78.06289,44.04223],[-78.06162,44.04429],[-78.05954,44.04458],[-78.05921,44.04591],[-78.05727,44.04701],[-78.0564,44.04699],[-78.05534,44.04487]],[[-78.07335,44.04805],[-78.07685,44.04489],[-78.07644,44.0474],[-78.07809,44.04639],[-78.08022,44.04617],[-78.08054,44.04677],[-78.07661,44.05579],[-78.07154,44.06122],[-78.07053,44.06109],[-78.07091,44.05921],[-78.06994,44.05835],[-78.06937,44.05508],[-78.07141,44.05209],[-78.07124,44.04968],[-78.07335,44.04805]],[[-78.08318,44.01664],[-78.08466,44.01616],[-78.08518,44.01743],[-78.08335,44.01906],[-78.08354,44.02126],[-78.07922,44.02327],[-78.0769,44.02319],[-78.07682,44.02204],[-78.08318,44.01664]]]}},{"type":"Feature","properties":{"OGF_ID":1404000120},"geometry":{"type":"Polygon","coordinates":[[[-77.99927,44.15571],[-78.0033,44.15546],[-78.00735,44.15348],[-78.01222,44.14927],[-78.0226,44.14353],[-78.02372,44.14063],[-78.02251,44.13723],[-78.02156,44.13575],[-78.02195,44.12954],[-78.02308,44.12693],[-78.02792,44.1265],[-78.03197,44.12503],[-78.03201,44.12691],[-78.03419,44.12736],[-78.03533,44.12927],[-78.03918,44.12897],[-78.04119,44.12951],[-78.04713,44.12918],[-78.04289,44.1262],[-78.04374,44.12019],[-78.04314,44.1185],[-78.04221,44.11778],[-78.04052,44.11873],[-78.03963,44.11732],[-78.03705,44.11633],[-78.03605,44.11476],[-78.03438,44.11531],[-78.03307,44.11942],[-78.02923,44.12219],[-78.02427,44.12433],[-78.02662,44.12155],[-78.02847,44.11498],[-78.02495,44.11228],[-78.02562,44.11062],[-78.02241,44.10872],[-78.01993,44.10404],[-78.02122,44.10156],[-78.02422,44.09968],[-78.02752,44.09963],[-78.02961,44.10052],[-78.03203,44.09877],[-78.03355,44.09522],[-78.02682,44.09444],[-78.02286,44.08958],[-78.01908,44.09004],[-78.01784,44.08777],[-78.01499,44.08697],[-78.00755,44.08994],[-78.00035,44.09235],[-77.99893,44.09343],[-77.9996,44.09554],[-78.00273,44.09884],[-78.00894,44.09886],[-78.01485,44.10097],[-78.0146,44.10586],[-78.01223,44.10664],[-78.00506,44.10645],[-78.00384,44.10767],[-78.00426,44.11076],[-78.00941,44.11271],[-78.00894,44.11424],[-78.00508,44.11763],[-78.00453,44.12083],[-77.99081,44.12355],[-77.98444,44.1266],[-77.98377,44.1284],[-77.98558,44.13096],[-77.98771,44.13116],[-78.00278,44.12484],[-78.00685,44.12481],[-78.00856,44.12555],[-78.01007,44.13021],[-78.01462,44.13242],[-78.01569,44.13441],[-78.0177,44.14075],[-78.01717,44.14353],[-78.01511,44.14475],[-78.01331,44.14652],[-78.01142,44.14692],[-78.00857,44.14494],[-78.00625,44.14488],[-77.9967,44.14933],[-77.99508,44.15063],[-77.99453,44.15269],[-77.99876,44.15255],[-77.99927,44.15571]]]}},{"type":"Feature","properties":{"OGF_ID":1404000121},"geometry":{"type":"Polygon","coordinates":[[[-78.12784,44.10066],[-78.11513,44.10216],[-78.11341,44.10369],[-78.11107,44.10383],[-78.10859,44.1014],[-78.1113,44.09919],[-78.1114,44.09712],[-78.11023,44.09571],[-78.10684,44.09503],[-78.10555,44.09618],[-78.10298,44.10392],[-78.10341,44.10519],[-78.10655,44.10372],[-78.10847,44.10367],[-78.10965,44.10488],[-78.10328,44.10897],[-78.10223,44.11082],[-78.10258,44.11488],[-78.10588,44.11467],[-78.10959,44.1117],[-78.11082,44.11173],[-78.11119,44.11273],[-78.10644,44.11725],[-78.09957,44.12024],[-78.09669,44.12546],[-78.1017,44.12503],[-78.10441,44.12224],[-78.10816,44.12145],[-78.1093,44.12049],[-78.10845,44.11829],[-78.10922,44.11644],[-78.11154,44.11402],[-78.11801,44.1134],[-78.12206,44.11202],[-78.12408,44.10703],[-78.1281,44.10347],[-78.12784,44.10066]]]}},{"type":"Feature","properties":{"OGF_ID":1404000122},"geometry":{"type":"Polygon","coordinates":[[[-78.07048,44.12632],[-78.0743,44.12354],[-78.07438,44.12207],[-78.07646,44.12143],[-78.07784,44.1185],[-78.08093,44.1171],[-78.08334,44.11825],[-78.08371,44.11925],[-78.08295,44.12338],[-78.08731,44.12228],[-78.08957,44.12195],[-78.09063,44.12037],[-78.08908,44.11592],[-78.09431,44.11566],[-78.09521,44.114],[-78.0946,44.11261],[-78.09076,44.10974],[-78.08745,44.11015],[-78.08651,44.10963],[-78.08458,44.10701],[-78.08176,44.10585],[-78.07887,44.10608],[-78.07962,44.10471],[-78.08529,44.10453],[-78.08731,44.10192],[-78.09258,44.10326],[-78.09602,44.10029],[-78.09807,44.10054],[-78.09932,44.10581],[-78.10105,44.10624],[-78.0984,44.11063],[-78.09959,44.11431],[-78.09867,44.11617],[-78.08907,44.12452],[-78.0888,44.12579],[-78.09008,44.1258],[-78.08655,44.12885],[-78.08649,44.1302],[-78.0883,44.13043],[-78.09669,44.12546],[-78.09957,44.12024],[-78.10644,44.11725],[-78.11119,44.11273],[-78.11082,44.11173],[-78.10959,44.1117],[-78.10588,44.11467],[-78.10258,44.11488],[-78.10223,44.11082],[-78.10328,44.10897],[-78.10965,44.10488],[-78.10847,44.10367],[-78.10655,44.10372],[-78.10341,44.10519],[-78.10298,44.10392],[-78.10555,44.09618],[-78.10684,44.09503],[-78.11023,44.09571],[-78.1114,44.09712],[-78.1113,44.09919],[-78.10859,44.1014],[-78.11107,44.10383],[-78.11341,44.10369],[-78.11513,44.10216],[-78.12784,44.10066],[-78.1315,44.09832],[-78.1321,44.09642],[-78.13082,44.09534],[-78.12602,44.09532],[-78.12513,44.09401],[-78.13276,44.08926],[-78.13688,44.08926],[-78.14595,44.09166],[-78.14939,44.09631],[-78.1572,44.09155],[-78.15997,44.09093],[-78.16573,44.09087],[-78.17243,44.0942],[-78.17848,44.09386],[-78.18159,44.09196],[-78.18226,44.08777],[-78.17703,44.08556],[-78.16457,44.08595],[-78.16123,44.0847],[-78.14446,44.08417],[-78.13855,44.08274],[-78.13105,44.08418],[-78.12944,44.08403],[-78.12785,44.08257],[-78.11776,44.08473],[-78.10864,44.08905],[-78.10783,44.08596],[-78.10567,44.08521],[-78.10391,44.08211],[-78.10145,44.08194],[-78.09683,44.08371],[-78.09897,44.08761],[-78.09807,44.08927],[-78.09425,44.09164],[-78.08828,44.09327],[-78.08199,44.09291],[-78.07747,44.09556],[-78.05916,44.09687],[-78.05484,44.09834],[-78.05705,44.10077],[-78.05735,44.10305],[-78.05692,44.11441],[-78.06128,44.11511],[-78.06473,44.11728],[-78.06848,44.12202],[-78.06646,44.12394],[-78.06596,44.12571],[-78.07048,44.12632]]]}},{"type":"Feature","properties":{"OGF_ID":1404000073},"geometry":{"type":"Polygon","coordinates":[[[-78.02465,44.08013],[-78.02703,44.08398],[-78.02552,44.08681],[-78.02598,44.0886],[-78.02907,44.08977],[-78.02962,44.09245],[-78.03344,44.09285],[-78.03819,44.09109],[-78.03923,44.08954],[-78.03892,44.08746],[-78.03662,44.08423],[-78.03821,44.08259],[-78.03536,44.08193],[-78.03501,44.08073],[-78.03588,44.07811],[-78.02695,44.07475],[-78.02546,44.07544],[-78.02521,44.07764],[-78.02863,44.07909],[-78.028,44.08001],[-78.02465,44.08013]]]}},{"type":"Feature","properties":{"OGF_ID":1404000074},"geometry":{"type":"Polygon","coordinates":[[[-78.11411,44.05552],[-78.11347,44.05704],[-78.10311,44.06685],[-78.10273,44.07156],[-78.10418,44.07474],[-78.10577,44.07499],[-78.10459,44.0693],[-78.10662,44.06652],[-78.10809,44.06603],[-78.10953,44.06649],[-78.11018,44.07101],[-78.11159,44.07189],[-78.11224,44.07043],[-78.11158,44.06612],[-78.11261,44.06289],[-78.11664,44.05775],[-78.11611,44.05431],[-78.11411,44.05552]]]}},{"type":"Feature","properties":{"OGF_ID":1404000075},"geometry":{"type":"Polygon","coordinates":[[[-78.12646,44.07121],[-78.12221,44.07478],[-78.12559,44.07717],[-78.12536,44.07873],[-78.12845,44.07945],[-78.12979,44.07738],[-78.13231,44.07639],[-78.12897,44.07337],[-78.12838,44.07053],[-78.12646,44.07121]]]}},{"type":"Feature","properties":{"OGF_ID":1404000076},"geometry":{"type":"Polygon","coordinates":[[[-78.21915,44.10565],[-78.22094,44.10622],[-78.22379,44.10126],[-78.22369,44.09986],[-78.22165,44.09877],[-78.20801,44.09669],[-78.19968,44.09771],[-78.19789,44.09825],[-78.20441,44.09934],[-78.20895,44.09905],[-78.22052,44.10092],[-78.22157,44.10193],[-78.21915,44.10565]]]}},{"type":"Feature","properties":{"OGF_ID":1404000077},"geometry":{"type":"Polygon","coordinates":[[[-78.61861,44.11999],[-78.62632,44.11855],[-78.62584,44.12069],[-78.62667,44.12258],[-78.62584,44.12405],[-78.6224,44.12557],[-78.62222,44.12697],[-78.6223,44.12809],[-78.62539,44.12862],[-78.62576,44.12929],[-78.62455,44.13356],[-78.62539,44.13526],[-78.6272,44.13539],[-78.62813,44.13466],[-78.62928,44.12861],[-78.63196,44.12661],[-78.63338,44.12664],[-78.63423,44.12825],[-78.63204,44.13427],[-78.63335,44.13411],[-78.63588,44.1316],[-78.63822,44.12533],[-78.63453,44.12386],[-78.63412,44.12124],[-78.62976,44.12003],[-78.62953,44.11918],[-78.63097,44.11893],[-78.63404,44.11993],[-78.64248,44.11982],[-78.64427,44.11724],[-78.64416,44.11332],[-78.639,44.11265],[-78.63831,44.11058],[-78.63448,44.11209],[-78.63215,44.10877],[-78.62847,44.10673],[-78.62899,44.10357],[-78.6317,44.10054],[-78.6407,44.09605],[-78.64289,44.0932],[-78.64919,44.09109],[-78.65028,44.0899],[-78.64958,44.08792],[-78.65163,44.08525],[-78.64614,44.08318],[-78.64699,44.08123],[-78.65225,44.07929],[-78.65312,44.07661],[-78.64911,44.07352],[-78.64977,44.07008],[-78.64417,44.06964],[-78.64097,44.07625],[-78.63328,44.07731],[-78.63057,44.08024],[-78.62644,44.07969],[-78.62548,44.07867],[-78.62129,44.08266],[-78.6232,44.08952],[-78.62253,44.09016],[-78.61956,44.08982],[-78.6158,44.08012],[-78.61427,44.07943],[-78.6131,44.08268],[-78.61157,44.08218],[-78.61195,44.07584],[-78.61466,44.0744],[-78.61292,44.07118],[-78.6065,44.07301],[-78.60459,44.07521],[-78.60099,44.07458],[-78.59744,44.07254],[-78.59334,44.07133],[-78.59198,44.06972],[-78.59357,44.06585],[-78.58418,44.06413],[-78.57731,44.06515],[-78.58228,44.06624],[-78.58415,44.07123],[-78.58896,44.07077],[-78.59157,44.07363],[-78.58962,44.07695],[-78.59198,44.07953],[-78.59491,44.08071],[-78.59602,44.08204],[-78.59599,44.08288],[-78.5936,44.08433],[-78.59366,44.08592],[-78.59963,44.08249],[-78.60394,44.08482],[-78.60217,44.08694],[-78.60185,44.08852],[-78.60299,44.0891],[-78.60442,44.08922],[-78.60905,44.08671],[-78.61137,44.0903],[-78.61344,44.09044],[-78.61509,44.08805],[-78.61627,44.08779],[-78.61719,44.09379],[-78.61349,44.09567],[-78.61059,44.10318],[-78.60803,44.10257],[-78.60752,44.0991],[-78.6087,44.09539],[-78.60807,44.09509],[-78.60638,44.09515],[-78.60554,44.09672],[-78.60505,44.09914],[-78.60605,44.10337],[-78.60523,44.10438],[-78.60419,44.10445],[-78.59725,44.09963],[-78.59223,44.09878],[-78.58887,44.09544],[-78.58886,44.09235],[-78.58537,44.09209],[-78.58398,44.09122],[-78.58546,44.08668],[-78.58206,44.08436],[-78.58263,44.08307],[-78.5862,44.08127],[-78.5864,44.0796],[-78.58218,44.07829],[-78.5792,44.07823],[-78.57545,44.07938],[-78.57332,44.0825],[-78.57231,44.08808],[-78.56787,44.08892],[-78.56311,44.08848],[-78.56458,44.09025],[-78.56359,44.0921],[-78.57136,44.09563],[-78.57201,44.09863],[-78.57061,44.10122],[-78.56814,44.10126],[-78.56383,44.09892],[-78.55283,44.09533],[-78.54787,44.09625],[-78.54286,44.101],[-78.54577,44.10293],[-78.54747,44.10577],[-78.54588,44.10975],[-78.54703,44.11024],[-78.55267,44.1056],[-78.55497,44.1064],[-78.55532,44.10724],[-78.55374,44.11114],[-78.55727,44.10719],[-78.55723,44.10486],[-78.55599,44.10371],[-78.55187,44.10278],[-78.54947,44.10142],[-78.54946,44.09834],[-78.55146,44.09716],[-78.55314,44.0972],[-78.55793,44.10057],[-78.5614,44.10121],[-78.56303,44.10264],[-78.56414,44.10715],[-78.5653,44.10727],[-78.56591,44.1084],[-78.5664,44.11215],[-78.56946,44.11343],[-78.57328,44.11828],[-78.57604,44.1175],[-78.58004,44.11478],[-78.58422,44.11561],[-78.58118,44.11863],[-78.57419,44.12147],[-78.5723,44.12321],[-78.57357,44.1238],[-78.57649,44.12236],[-78.57828,44.12296],[-78.57857,44.1254],[-78.57694,44.12714],[-78.58115,44.12564],[-78.58212,44.12417],[-78.5787,44.12204],[-78.58779,44.1155],[-78.59022,44.11322],[-78.59233,44.10915],[-78.59391,44.10853],[-78.59507,44.10865],[-78.59751,44.11244],[-78.60289,44.11423],[-78.60372,44.11612],[-78.60303,44.122],[-78.61019,44.11933],[-78.60788,44.11892],[-78.60654,44.11683],[-78.6092,44.1153],[-78.61232,44.11191],[-78.61583,44.11161],[-78.61804,44.10829],[-78.62244,44.10847],[-78.62161,44.10659],[-78.62505,44.10479],[-78.6242,44.10674],[-78.62461,44.11571],[-78.62299,44.11746],[-78.62101,44.11816],[-78.61892,44.11859],[-78.61702,44.11761],[-78.6136,44.11857],[-78.61861,44.11999]]]}},{"type":"Feature","properties":{"OGF_ID":1404000078},"geometry":{"type":"Polygon","coordinates":[[[-78.15054,44.04843],[-78.14575,44.04712],[-78.13737,44.04661],[-78.12944,44.04823],[-78.1264,44.04718],[-78.11611,44.05431],[-78.11664,44.05775],[-78.11261,44.06289],[-78.11158,44.06612],[-78.11224,44.07043],[-78.11159,44.07189],[-78.11018,44.07101],[-78.10953,44.06649],[-78.10809,44.06603],[-78.10662,44.06652],[-78.10459,44.0693],[-78.10577,44.07499],[-78.10418,44.07474],[-78.10273,44.07156],[-78.10311,44.06685],[-78.11347,44.05704],[-78.11411,44.05552],[-78.1082,44.05793],[-78.09882,44.06423],[-78.09759,44.06403],[-78.09795,44.06266],[-78.09318,44.05884],[-78.09714,44.05516],[-78.09716,44.05363],[-78.09341,44.05716],[-78.08906,44.05978],[-78.08394,44.0603],[-78.08521,44.06293],[-78.09065,44.06297],[-78.09179,44.06048],[-78.09254,44.06008],[-78.09338,44.06062],[-78.09058,44.06737],[-78.08002,44.07213],[-78.08124,44.07384],[-78.08978,44.07186],[-78.09062,44.0724],[-78.08871,44.07592],[-78.09049,44.081],[-78.08944,44.0816],[-78.08479,44.08158],[-78.08396,44.08376],[-78.08043,44.08451],[-78.08023,44.08556],[-78.0752,44.08732],[-78.07088,44.08647],[-78.06874,44.08401],[-78.06759,44.08381],[-78.06578,44.08605],[-78.06639,44.08887],[-78.06062,44.09092],[-78.05646,44.08966],[-78.05191,44.09049],[-78.0505,44.09255],[-78.05151,44.09562],[-78.0506,44.09643],[-78.04129,44.09923],[-78.03829,44.10115],[-78.03529,44.10579],[-78.03262,44.10687],[-78.03052,44.10524],[-78.0355,44.09583],[-78.03355,44.09522],[-78.03203,44.09877],[-78.02961,44.10052],[-78.02752,44.09963],[-78.02422,44.09968],[-78.02122,44.10156],[-78.01993,44.10404],[-78.02241,44.10872],[-78.02562,44.11062],[-78.02495,44.11228],[-78.02847,44.11498],[-78.03004,44.1143],[-78.02807,44.11247],[-78.03075,44.11106],[-78.03626,44.11061],[-78.03846,44.11155],[-78.04278,44.11187],[-78.04049,44.11388],[-78.04,44.11545],[-78.03705,44.11633],[-78.03963,44.11732],[-78.04052,44.11873],[-78.04221,44.11778],[-78.04314,44.1185],[-78.04374,44.12019],[-78.04289,44.1262],[-78.04713,44.12918],[-78.04119,44.12951],[-78.04398,44.13186],[-78.05018,44.134],[-78.05095,44.13511],[-78.04921,44.13694],[-78.04913,44.13862],[-78.04949,44.13961],[-78.05098,44.14005],[-78.05321,44.13932],[-78.05881,44.13442],[-78.0573,44.13171],[-78.06711,44.13019],[-78.07052,44.1278],[-78.07048,44.12632],[-78.06596,44.12571],[-78.06646,44.12394],[-78.06848,44.12202],[-78.06473,44.11728],[-78.06128,44.11511],[-78.05692,44.11441],[-78.05735,44.10305],[-78.05705,44.10077],[-78.05484,44.09834],[-78.05916,44.09687],[-78.07747,44.09556],[-78.08199,44.09291],[-78.08828,44.09327],[-78.09425,44.09164],[-78.09807,44.08927],[-78.09897,44.08761],[-78.09683,44.08371],[-78.10145,44.08194],[-78.10391,44.08211],[-78.10567,44.08521],[-78.10783,44.08596],[-78.10864,44.08905],[-78.11776,44.08473],[-78.12785,44.08257],[-78.14048,44.07964],[-78.14885,44.0802],[-78.15663,44.07819],[-78.14346,44.07688],[-78.1387,44.07755],[-78.13042,44.08083],[-78.12193,44.08097],[-78.11401,44.08199],[-78.11233,44.0816],[-78.11095,44.08017],[-78.11172,44.07433],[-78.12221,44.06303],[-78.12202,44.06108],[-78.12432,44.06021],[-78.12336,44.05561],[-78.12417,44.05383],[-78.12785,44.05177],[-78.13546,44.05179],[-78.1426,44.05441],[-78.14538,44.05448],[-78.14772,44.0562],[-78.15153,44.05752],[-78.15299,44.06],[-78.15395,44.0602],[-78.15529,44.05744],[-78.15452,44.05585],[-78.14868,44.05387],[-78.14627,44.0511],[-78.14733,44.0492],[-78.15054,44.04843]]]}},{"type":"Feature","properties":{"OGF_ID":1404000079},"geometry":{"type":"Polygon","coordinates":[[[-78.36611,44.07196],[-78.363,44.07427],[-78.36299,44.07524],[-78.36495,44.07495],[-78.36756,44.07303],[-78.3673,44.07217],[-78.36611,44.07196]]]}},{"type":"Feature","properties":{"OGF_ID":1404000080},"geometry":{"type":"Polygon","coordinates":[[[-78.32503,44.0917],[-78.32959,44.09186],[-78.33126,44.09408],[-78.33271,44.09347],[-78.33191,44.09166],[-78.33621,44.09092],[-78.32998,44.09097],[-78.32785,44.08695],[-78.32542,44.08561],[-78.32563,44.08497],[-78.32923,44.0839],[-78.32969,44.08251],[-78.32184,44.08232],[-78.31963,44.07996],[-78.31787,44.07967],[-78.30818,44.08162],[-78.30342,44.08074],[-78.30197,44.08147],[-78.30245,44.08251],[-78.30524,44.08373],[-78.31676,44.08451],[-78.31763,44.08491],[-78.31739,44.08632],[-78.31508,44.08795],[-78.31905,44.08838],[-78.32503,44.0917]]]}},{"type":"Feature","properties":{"OGF_ID":1404000081},"geometry":{"type":"Polygon","coordinates":[[[-78.39159,44.12069],[-78.3949,44.1243],[-78.39663,44.12403],[-78.39944,44.12077],[-78.39941,44.11743],[-78.40317,44.1161],[-78.40293,44.11184],[-78.3997,44.11475],[-78.39297,44.11831],[-78.39159,44.12069]]]}},{"type":"Feature","properties":{"OGF_ID":1404000082},"geometry":{"type":"Polygon","coordinates":[[[-78.38596,44.11352],[-78.38801,44.11371],[-78.38875,44.11309],[-78.38834,44.11026],[-78.38981,44.10927],[-78.39129,44.1094],[-78.39344,44.10359],[-78.39872,44.10076],[-78.39948,44.09962],[-78.39816,44.09716],[-78.40141,44.09621],[-78.40205,44.09379],[-78.40577,44.09373],[-78.40776,44.09328],[-78.41003,44.09422],[-78.41199,44.09414],[-78.41309,44.09327],[-78.41266,44.09193],[-78.39997,44.08836],[-78.3979,44.08703],[-78.39593,44.08327],[-78.39748,44.07625],[-78.39606,44.07622],[-78.39495,44.07722],[-78.39118,44.08213],[-78.38224,44.07924],[-78.3804,44.08201],[-78.38722,44.08332],[-78.38718,44.08422],[-78.37704,44.08424],[-78.37055,44.0823],[-78.36979,44.08331],[-78.37042,44.08512],[-78.37268,44.08645],[-78.38214,44.08546],[-78.38194,44.09],[-78.37682,44.09031],[-78.38099,44.09151],[-78.38528,44.09084],[-78.38704,44.09127],[-78.38731,44.09319],[-78.38388,44.0944],[-78.37399,44.09302],[-78.36899,44.09739],[-78.36055,44.09937],[-78.35576,44.099],[-78.34296,44.09102],[-78.33916,44.09105],[-78.34806,44.09613],[-78.35106,44.09672],[-78.3519,44.09776],[-78.3508,44.09863],[-78.34083,44.10112],[-78.34143,44.10394],[-78.34514,44.10196],[-78.35137,44.10185],[-78.35962,44.10422],[-78.36311,44.10161],[-78.37005,44.10151],[-78.37283,44.10299],[-78.37346,44.10479],[-78.37272,44.1083],[-78.37584,44.10659],[-78.37913,44.10595],[-78.38358,44.10835],[-78.38296,44.11101],[-78.38596,44.11352]]]}},{"type":"Feature","properties":{"OGF_ID":1404000083},"geometry":{"type":"Polygon","coordinates":[[[-78.42004,44.06972],[-78.42309,44.07197],[-78.42715,44.07257],[-78.4283,44.07477],[-78.43041,44.07533],[-78.44149,44.08225],[-78.44606,44.08337],[-78.45058,44.08578],[-78.45201,44.08556],[-78.45345,44.08183],[-78.44963,44.08307],[-78.44841,44.0824],[-78.44797,44.08021],[-78.45428,44.0783],[-78.45235,44.07775],[-78.45189,44.07594],[-78.45065,44.07579],[-78.44701,44.07776],[-78.44307,44.07844],[-78.44876,44.07421],[-78.45147,44.07324],[-78.45123,44.07067],[-78.44784,44.07098],[-78.44565,44.06799],[-78.4446,44.06771],[-78.44447,44.07065],[-78.43901,44.06735],[-78.43638,44.06833],[-78.4379,44.07139],[-78.43221,44.07075],[-78.41973,44.06704],[-78.42004,44.06972]]]}},{"type":"Feature","properties":{"OGF_ID":1404000084},"geometry":{"type":"Polygon","coordinates":[[[-78.52813,44.16929],[-78.52344,44.16802],[-78.52093,44.16825],[-78.52008,44.16933],[-78.52041,44.17127],[-78.52247,44.17297],[-78.52813,44.16929]]]}},{"type":"Feature","properties":{"OGF_ID":1404000085},"geometry":{"type":"Polygon","coordinates":[[[-78.51291,44.19551],[-78.51132,44.19625],[-78.51201,44.19731],[-78.51545,44.19778],[-78.52314,44.19729],[-78.52774,44.19621],[-78.53059,44.19352],[-78.53009,44.19233],[-78.52749,44.19345],[-78.51662,44.19562],[-78.51291,44.19551]]]}},{"type":"Feature","properties":{"OGF_ID":1404000086},"geometry":{"type":"Polygon","coordinates":[[[-78.50659,44.19901],[-78.50744,44.20413],[-78.50672,44.20563],[-78.50348,44.20764],[-78.50359,44.20971],[-78.50584,44.21101],[-78.50492,44.21402],[-78.50557,44.21422],[-78.51011,44.21197],[-78.51097,44.20884],[-78.51524,44.20732],[-78.51647,44.20546],[-78.52294,44.20513],[-78.52932,44.20347],[-78.53497,44.20388],[-78.5353,44.20123],[-78.5338,44.19976],[-78.53073,44.19903],[-78.53003,44.19823],[-78.53063,44.19765],[-78.51919,44.2001],[-78.51747,44.20177],[-78.51872,44.20245],[-78.52653,44.19894],[-78.52925,44.1994],[-78.52972,44.20137],[-78.52729,44.20263],[-78.51741,44.20321],[-78.51454,44.20209],[-78.51136,44.20399],[-78.51056,44.20122],[-78.50659,44.19901]]]}},{"type":"Feature","properties":{"OGF_ID":1404000087},"geometry":{"type":"Polygon","coordinates":[[[-79.91123,43.82677],[-79.91519,43.82787],[-79.91942,43.82721],[-79.92168,43.82758],[-79.92165,43.82934],[-79.91786,43.83283],[-79.91865,43.83401],[-79.91746,43.83705],[-79.92291,43.83812],[-79.93162,43.83039],[-79.92066,43.82232],[-79.9173,43.8253],[-79.91411,43.82516],[-79.91123,43.82677]]]}},{"type":"Feature","properties":{"OGF_ID":1404000088},"geometry":{"type":"Polygon","coordinates":[[[-79.90935,43.82817],[-79.91079,43.82947],[-79.91028,43.83052],[-79.90131,43.83337],[-79.89948,43.83617],[-79.9014,43.8376],[-79.9061,43.83741],[-79.91039,43.84214],[-79.91409,43.8437],[-79.91508,43.84506],[-79.92291,43.83812],[-79.91746,43.83705],[-79.91865,43.83401],[-79.91786,43.83283],[-79.92165,43.82934],[-79.92168,43.82758],[-79.91942,43.82721],[-79.91519,43.82787],[-79.91123,43.82677],[-79.90935,43.82817]]]}},{"type":"Feature","properties":{"OGF_ID":1404000089},"geometry":{"type":"Polygon","coordinates":[[[-79.80917,43.87182],[-79.81057,43.87294],[-79.81252,43.87296],[-79.82105,43.87078],[-79.81566,43.86983],[-79.81667,43.86773],[-79.8221,43.86345],[-79.82169,43.85307],[-79.8206,43.849],[-79.81818,43.84873],[-79.8133,43.84997],[-79.81271,43.85215],[-79.81402,43.85442],[-79.81319,43.85537],[-79.8083,43.85469],[-79.80714,43.85629],[-79.80285,43.85821],[-79.80131,43.85972],[-79.80086,43.8626],[-79.8024,43.8656],[-79.80388,43.86643],[-79.80598,43.86692],[-79.81573,43.86615],[-79.80917,43.87182]]]}},{"type":"Feature","properties":{"OGF_ID":1404000090},"geometry":{"type":"Polygon","coordinates":[[[-79.89891,43.85489],[-79.89524,43.85502],[-79.89258,43.85851],[-79.89157,43.8605],[-79.89201,43.86297],[-79.89386,43.86419],[-79.90217,43.8565],[-79.89891,43.85489]]]}},{"type":"Feature","properties":{"OGF_ID":1404000091},"geometry":{"type":"Polygon","coordinates":[[[-79.89232,43.86566],[-79.88696,43.86444],[-79.88564,43.86537],[-79.88545,43.86689],[-79.88878,43.86902],[-79.89232,43.86566]]]}},{"type":"Feature","properties":{"OGF_ID":1404000092},"geometry":{"type":"Polygon","coordinates":[[[-79.8763,43.87238],[-79.87837,43.87257],[-79.88103,43.86931],[-79.8825,43.86898],[-79.88331,43.86887],[-79.8857,43.87088],[-79.8869,43.87081],[-79.88878,43.86902],[-79.88545,43.86689],[-79.88564,43.86537],[-79.88696,43.86444],[-79.89232,43.86566],[-79.89386,43.86419],[-79.89201,43.86297],[-79.89157,43.8605],[-79.89258,43.85851],[-79.89524,43.85502],[-79.89891,43.85489],[-79.89576,43.8535],[-79.88339,43.85608],[-79.87953,43.86273],[-79.87558,43.86597],[-79.87812,43.86905],[-79.8763,43.87238]]]}},{"type":"Feature","properties":{"OGF_ID":1404000093},"geometry":{"type":"Polygon","coordinates":[[[-79.87491,43.87472],[-79.88061,43.87572],[-79.8869,43.87081],[-79.8857,43.87088],[-79.88331,43.86887],[-79.8825,43.86898],[-79.88103,43.86931],[-79.87837,43.87257],[-79.8763,43.87238],[-79.87491,43.87472]]]}},{"type":"Feature","properties":{"OGF_ID":1404000094},"geometry":{"type":"Polygon","coordinates":[[[-79.85996,43.88064],[-79.8678,43.88303],[-79.87535,43.88686],[-79.87777,43.88723],[-79.88328,43.88219],[-79.87773,43.8781],[-79.88061,43.87572],[-79.87491,43.87472],[-79.87313,43.87545],[-79.87056,43.87426],[-79.86844,43.87447],[-79.86382,43.87865],[-79.85996,43.88064]]]}},{"type":"Feature","properties":{"OGF_ID":1404000173},"geometry":{"type":"Polygon","coordinates":[[[-79.23001,43.94685],[-79.23015,43.95062],[-79.23346,43.95589],[-79.23831,43.95911],[-79.24287,43.95868],[-79.25016,43.953],[-79.25052,43.95086],[-79.24897,43.94977],[-79.24031,43.94821],[-79.23616,43.94565],[-79.23478,43.94588],[-79.23258,43.94449],[-79.23001,43.94685]]]}},{"type":"Feature","properties":{"OGF_ID":1404000174},"geometry":{"type":"Polygon","coordinates":[[[-79.32224,43.94543],[-79.32338,43.94549],[-79.32544,43.94353],[-79.32544,43.9409],[-79.32076,43.94088],[-79.31868,43.94179],[-79.31771,43.94351],[-79.32224,43.94543]]]}},{"type":"Feature","properties":{"OGF_ID":1404000175},"geometry":{"type":"Polygon","coordinates":[[[-79.41094,44.00724],[-79.41203,44.00526],[-79.41346,44.00531],[-79.415,44.00845],[-79.41656,44.00897],[-79.41931,44.00837],[-79.42323,44.00448],[-79.43104,43.99916],[-79.43491,43.99816],[-79.43854,43.99816],[-79.43406,43.99455],[-79.43139,43.99065],[-79.42932,43.99027],[-79.42632,43.99151],[-79.42609,43.99258],[-79.4289,43.99498],[-79.42435,43.99863],[-79.41976,44.0],[-79.41183,44.00024],[-79.41094,44.00724]]]}},{"type":"Feature","properties":{"OGF_ID":1404000176},"geometry":{"type":"Polygon","coordinates":[[[-79.40399,43.99724],[-79.40351,44.00392],[-79.41001,44.00894],[-79.41094,44.00724],[-79.41183,44.00024],[-79.41976,44.0],[-79.42435,43.99863],[-79.4289,43.99498],[-79.42609,43.99258],[-79.42632,43.99151],[-79.42932,43.99027],[-79.43139,43.99065],[-79.43406,43.99455],[-79.43854,43.99816],[-79.44255,43.99797],[-79.44029,43.99478],[-79.43836,43.9891],[-79.437,43.98816],[-79.42934,43.98576],[-79.42152,43.98587],[-79.41799,43.98461],[-79.41893,43.98255],[-79.42157,43.98023],[-79.42165,43.97708],[-79.41858,43.97733],[-79.40989,43.98028],[-79.40686,43.9826],[-79.40427,43.9832],[-79.40428,43.9862],[-79.39706,43.98996],[-79.39703,43.9911],[-79.3982,43.99155],[-79.40758,43.9924],[-79.41062,43.99372],[-79.40899,43.99542],[-79.40399,43.99724]]]}},{"type":"Feature","properties":{"OGF_ID":1404000177},"geometry":{"type":"Polygon","coordinates":[[[-79.37387,43.99493],[-79.37648,43.9966],[-79.38619,43.99653],[-79.38838,43.99591],[-79.39257,43.99276],[-79.39435,43.99114],[-79.39471,43.98907],[-79.39344,43.9882],[-79.3886,43.98777],[-79.38828,43.9856],[-79.38749,43.98511],[-79.38386,43.98735],[-79.38105,43.98775],[-79.38381,43.9857],[-79.38455,43.98385],[-79.384,43.98242],[-79.38155,43.98138],[-79.37689,43.98182],[-79.37158,43.98346],[-79.36971,43.98446],[-79.36807,43.98934],[-79.36842,43.99091],[-79.3712,43.99431],[-79.37265,43.99428],[-79.37387,43.99493]]]}},{"type":"Feature","properties":{"OGF_ID":1404000123},"geometry":{"type":"Polygon","coordinates":[[[-77.94079,44.0919],[-77.94414,44.09251],[-77.94871,44.09002],[-77.95796,44.08078],[-77.95934,44.07785],[-77.95917,44.07577],[-77.95452,44.07486],[-77.94808,44.07815],[-77.9464,44.08186],[-77.9472,44.08254],[-77.9516,44.07988],[-77.9538,44.08012],[-77.94483,44.08951],[-77.94079,44.0919]]]}},{"type":"Feature","properties":{"OGF_ID":1404000124},"geometry":{"type":"Polygon","coordinates":[[[-78.34143,44.10394],[-78.34314,44.10615],[-78.3405,44.10782],[-78.33859,44.11045],[-78.33894,44.1122],[-78.3411,44.11318],[-78.34379,44.1129],[-78.34904,44.11013],[-78.35095,44.11087],[-78.34888,44.11391],[-78.35099,44.11583],[-78.35323,44.11176],[-78.35595,44.1108],[-78.35583,44.10938],[-78.35732,44.10801],[-78.35963,44.10794],[-78.36077,44.11027],[-78.36033,44.11231],[-78.36217,44.11479],[-78.36363,44.11515],[-78.37272,44.1083],[-78.37346,44.10479],[-78.37283,44.10299],[-78.37005,44.10151],[-78.36311,44.10161],[-78.35962,44.10422],[-78.35137,44.10185],[-78.34514,44.10196],[-78.34143,44.10394]]]}},{"type":"Feature","properties":{"OGF_ID":1404000125},"geometry":{"type":"Polygon","coordinates":[[[-78.39044,44.06629],[-78.38997,44.06929],[-78.3915,44.07086],[-78.39432,44.07144],[-78.39861,44.0709],[-78.39962,44.06723],[-78.39044,44.06629]]]}},{"type":"Feature","properties":{"OGF_ID":1404000126},"geometry":{"type":"Polygon","coordinates":[[[-78.36778,44.06765],[-78.3689,44.07137],[-78.37218,44.07362],[-78.38015,44.07432],[-78.38519,44.07277],[-78.38531,44.07008],[-78.37577,44.06884],[-78.37181,44.06762],[-78.36778,44.06765]]]}},{"type":"Feature","properties":{"OGF_ID":1404000127},"geometry":{"type":"Polygon","coordinates":[[[-78.33359,44.08229],[-78.33851,44.0831],[-78.3421,44.08521],[-78.3483,44.08281],[-78.35349,44.08204],[-78.35459,44.08129],[-78.3543,44.08],[-78.34475,44.07888],[-78.33958,44.07915],[-78.33359,44.08229]]]}},{"type":"Feature","properties":{"OGF_ID":1404000128},"geometry":{"type":"Polygon","coordinates":[[[-78.36232,44.08352],[-78.36025,44.08604],[-78.37006,44.08994],[-78.3706,44.08909],[-78.36927,44.08714],[-78.36252,44.08253],[-78.36232,44.08352]]]}},{"type":"Feature","properties":{"OGF_ID":1404000129},"geometry":{"type":"Polygon","coordinates":[[[-78.33916,44.09105],[-78.34296,44.09102],[-78.35576,44.099],[-78.36055,44.09937],[-78.36899,44.09739],[-78.37399,44.09302],[-78.38388,44.0944],[-78.38731,44.09319],[-78.38704,44.09127],[-78.38528,44.09084],[-78.38099,44.09151],[-78.37682,44.09031],[-78.36608,44.09091],[-78.36101,44.08887],[-78.35641,44.08851],[-78.35434,44.08692],[-78.34809,44.08768],[-78.34664,44.08524],[-78.3421,44.08521],[-78.33851,44.0831],[-78.33359,44.08229],[-78.32969,44.08251],[-78.32923,44.0839],[-78.32563,44.08497],[-78.32542,44.08561],[-78.32785,44.08695],[-78.32998,44.09097],[-78.33621,44.09092],[-78.33916,44.09105]]]}},{"type":"Feature","properties":{"OGF_ID":1404000130},"geometry":{"type":"Polygon","coordinates":[[[-78.39817,44.13095],[-78.39667,44.13825],[-78.39486,44.14144],[-78.39606,44.1478],[-78.39947,44.14761],[-78.40124,44.14536],[-78.40323,44.13467],[-78.40462,44.13323],[-78.4041,44.13228],[-78.40147,44.13119],[-78.39817,44.13095]]]}},{"type":"Feature","properties":{"OGF_ID":1404000131},"geometry":{"type":"Polygon","coordinates":[[[-78.50943,44.08739],[-78.50774,44.09217],[-78.51041,44.09551],[-78.51214,44.09316],[-78.50943,44.08739]]]}},{"type":"Feature","properties":{"OGF_ID":1404000132},"geometry":{"type":"Polygon","coordinates":[[[-78.26596,44.09674],[-78.26842,44.09507],[-78.2699,44.09587],[-78.26596,44.10024],[-78.26517,44.10453],[-78.26572,44.10547],[-78.26981,44.10548],[-78.27828,44.09944],[-78.28384,44.09822],[-78.2838,44.09645],[-78.28006,44.09383],[-78.28002,44.09215],[-78.28111,44.09141],[-78.28735,44.09055],[-78.29508,44.0904],[-78.29492,44.08879],[-78.29367,44.08792],[-78.28914,44.08722],[-78.28836,44.08636],[-78.28875,44.08561],[-78.29316,44.08639],[-78.29586,44.08492],[-78.29349,44.08438],[-78.29192,44.08198],[-78.28898,44.08083],[-78.28847,44.07967],[-78.29054,44.07938],[-78.29134,44.07832],[-78.29086,44.07656],[-78.29167,44.07502],[-78.29576,44.07566],[-78.29652,44.07757],[-78.29796,44.07795],[-78.29997,44.07583],[-78.30459,44.07702],[-78.30946,44.07693],[-78.31496,44.0745],[-78.28997,44.07088],[-78.29113,44.0699],[-78.29024,44.06978],[-78.28989,44.06859],[-78.28603,44.07195],[-78.28255,44.07325],[-78.2769,44.07391],[-78.27327,44.07271],[-78.27025,44.07533],[-78.26817,44.07588],[-78.26626,44.07573],[-78.26507,44.07472],[-78.2647,44.07239],[-78.26226,44.07317],[-78.26021,44.0729],[-78.25881,44.06991],[-78.2583,44.07287],[-78.2566,44.07412],[-78.24991,44.07633],[-78.24636,44.07614],[-78.24333,44.0734],[-78.24331,44.06797],[-78.23726,44.06258],[-78.23441,44.06182],[-78.22378,44.06364],[-78.21982,44.06324],[-78.21564,44.06472],[-78.21125,44.06481],[-78.20663,44.06678],[-78.20477,44.06841],[-78.2062,44.07013],[-78.21432,44.06934],[-78.23531,44.07202],[-78.2378,44.07445],[-78.23768,44.07645],[-78.2438,44.07753],[-78.25155,44.0776],[-78.25453,44.07965],[-78.2548,44.08082],[-78.24792,44.08624],[-78.24484,44.08652],[-78.24265,44.08484],[-78.23795,44.0853],[-78.23631,44.08922],[-78.23643,44.09016],[-78.23866,44.09091],[-78.24628,44.09028],[-78.24932,44.0927],[-78.25294,44.09327],[-78.25338,44.09387],[-78.25167,44.09515],[-78.26596,44.09674]]]}},{"type":"Feature","properties":{"OGF_ID":1404000133},"geometry":{"type":"Polygon","coordinates":[[[-78.54286,44.101],[-78.53918,44.10867],[-78.5392,44.11148],[-78.54235,44.11369],[-78.53992,44.11897],[-78.54012,44.12037],[-78.54127,44.12086],[-78.55042,44.11919],[-78.55206,44.12025],[-78.55275,44.12233],[-78.55152,44.12706],[-78.54802,44.13325],[-78.54707,44.13108],[-78.55012,44.12629],[-78.55019,44.12479],[-78.54878,44.1243],[-78.54679,44.12528],[-78.54361,44.13016],[-78.541,44.13048],[-78.53627,44.12879],[-78.53322,44.1305],[-78.53207,44.13944],[-78.53344,44.1406],[-78.53655,44.14076],[-78.53864,44.14669],[-78.533,44.15759],[-78.53185,44.1571],[-78.53185,44.15392],[-78.52895,44.1541],[-78.53151,44.15171],[-78.53126,44.15085],[-78.52707,44.15108],[-78.5257,44.14902],[-78.52361,44.14935],[-78.5216,44.1508],[-78.51886,44.15112],[-78.512,44.1476],[-78.5095,44.14839],[-78.50972,44.14942],[-78.51007,44.15027],[-78.5168,44.15388],[-78.51476,44.15628],[-78.51329,44.15631],[-78.5112,44.15441],[-78.50837,44.15379],[-78.50206,44.15561],[-78.50079,44.1582],[-78.49882,44.15872],[-78.49826,44.15646],[-78.49953,44.15406],[-78.49919,44.15293],[-78.49751,44.15271],[-78.49457,44.15479],[-78.49255,44.15951],[-78.49124,44.15976],[-78.48987,44.15861],[-78.48779,44.15866],[-78.48316,44.16071],[-78.4844,44.16195],[-78.4898,44.16415],[-78.49169,44.16268],[-78.49607,44.16183],[-78.50146,44.16186],[-78.50585,44.16063],[-78.51356,44.16193],[-78.52797,44.15972],[-78.53145,44.16246],[-78.53496,44.16315],[-78.53915,44.1569],[-78.54287,44.15517],[-78.54699,44.15712],[-78.54738,44.16153],[-78.55295,44.1583],[-78.55708,44.15338],[-78.55673,44.15156],[-78.55288,44.15073],[-78.5497,44.14898],[-78.54935,44.14505],[-78.55029,44.14423],[-78.55222,44.14464],[-78.55437,44.14699],[-78.5574,44.14577],[-78.56209,44.13504],[-78.56282,44.12992],[-78.56074,44.13006],[-78.55763,44.13299],[-78.55466,44.13274],[-78.5543,44.12885],[-78.55589,44.12174],[-78.55517,44.12041],[-78.55175,44.11838],[-78.54607,44.11779],[-78.55113,44.11463],[-78.55374,44.11114],[-78.55532,44.10724],[-78.55497,44.1064],[-78.55267,44.1056],[-78.54703,44.11024],[-78.54588,44.10975],[-78.54747,44.10577],[-78.54577,44.10293],[-78.54286,44.101]]]}},{"type":"Feature","properties":{"OGF_ID":1404000134},"geometry":{"type":"Polygon","coordinates":[[[-79.38752,44.13898],[-79.38763,44.14082],[-79.39079,44.14139],[-79.39104,44.14243],[-79.38652,44.1456],[-79.38448,44.1499],[-79.38153,44.15094],[-79.38147,44.15197],[-79.38508,44.15338],[-79.38866,44.14649],[-79.39402,44.14285],[-79.39561,44.14273],[-79.40133,44.14388],[-79.40067,44.1463],[-79.40378,44.14892],[-79.40289,44.15219],[-79.40445,44.1535],[-79.40614,44.15331],[-79.40524,44.14994],[-79.4073,44.14822],[-79.4027,44.13743],[-79.4003,44.13746],[-79.39672,44.1409],[-79.3956,44.14097],[-79.39575,44.13627],[-79.39323,44.13574],[-79.39467,44.12133],[-79.39032,44.12873],[-79.37954,44.13232],[-79.37317,44.1357],[-79.37405,44.13621],[-79.38819,44.13098],[-79.39148,44.13045],[-79.39101,44.13309],[-79.38752,44.13898]]]}},{"type":"Feature","properties":{"OGF_ID":1404000135},"geometry":{"type":"Polygon","coordinates":[[[-79.80896,44.01949],[-79.81029,44.02006],[-79.8117,44.01691],[-79.81799,44.01249],[-79.82164,44.00834],[-79.82488,44.00032],[-79.82313,43.99987],[-79.82289,43.99854],[-79.82484,43.99351],[-79.82448,43.99179],[-79.82081,43.99013],[-79.81895,43.99046],[-79.81703,43.99124],[-79.8144,43.99388],[-79.81477,43.99521],[-79.81767,43.99572],[-79.81454,44.00055],[-79.81557,44.00142],[-79.81673,44.00972],[-79.8127,44.01339],[-79.80896,44.01516],[-79.80896,44.01949]]]}},{"type":"Feature","properties":{"OGF_ID":1404000136},"geometry":{"type":"Polygon","coordinates":[[[-79.79902,43.99119],[-79.80082,43.98687],[-79.79954,43.98486],[-79.79145,43.98668],[-79.78883,43.98589],[-79.78393,43.9866],[-79.78441,43.98908],[-79.78639,43.9892],[-79.78623,43.99043],[-79.79235,43.99431],[-79.79406,43.99471],[-79.79828,43.99294],[-79.79902,43.99119]]]}},{"type":"Feature","properties":{"OGF_ID":1404000137},"geometry":{"type":"Polygon","coordinates":[[[-79.85058,43.95306],[-79.85266,43.95415],[-79.85194,43.95691],[-79.85271,43.95825],[-79.85938,43.96127],[-79.8648,43.96075],[-79.86787,43.95888],[-79.87177,43.95792],[-79.86974,43.95756],[-79.86884,43.95622],[-79.86265,43.95558],[-79.85957,43.95146],[-79.8515,43.95223],[-79.85058,43.95306]]]}},{"type":"Feature","properties":{"OGF_ID":1404000138},"geometry":{"type":"Polygon","coordinates":[[[-79.93688,43.96244],[-79.93863,43.96279],[-79.94776,43.96116],[-79.95401,43.96275],[-79.95313,43.95934],[-79.94575,43.956],[-79.93836,43.95593],[-79.93598,43.95648],[-79.9341,43.95808],[-79.93688,43.96244]]]}},{"type":"Feature","properties":{"OGF_ID":1404000139},"geometry":{"type":"Polygon","coordinates":[[[-79.89979,43.97867],[-79.90287,43.97808],[-79.90533,43.98049],[-79.90518,43.98144],[-79.90399,43.98172],[-79.90713,43.98298],[-79.90868,43.985],[-79.91013,43.98511],[-79.91187,43.98341],[-79.91239,43.98408],[-79.91581,43.9844],[-79.9162,43.98517],[-79.90849,43.98814],[-79.90567,43.9904],[-79.90512,43.99192],[-79.90602,43.99288],[-79.90787,43.99319],[-79.91158,43.99227],[-79.91287,43.99362],[-79.91641,43.99489],[-79.91787,43.99452],[-79.91829,43.99348],[-79.91501,43.99221],[-79.92179,43.9896],[-79.92641,43.98965],[-79.92854,43.99038],[-79.93118,43.98092],[-79.92256,43.97627],[-79.92311,43.97523],[-79.93464,43.97388],[-79.93531,43.97172],[-79.92267,43.97008],[-79.92217,43.96883],[-79.92628,43.96744],[-79.92562,43.96734],[-79.91584,43.96839],[-79.91461,43.97095],[-79.90986,43.97081],[-79.9049,43.96781],[-79.89991,43.96643],[-79.90059,43.96529],[-79.90456,43.96495],[-79.90627,43.96525],[-79.9086,43.96766],[-79.90965,43.96767],[-79.90838,43.96489],[-79.90656,43.96345],[-79.9035,43.96262],[-79.90221,43.9635],[-79.90158,43.96168],[-79.89976,43.96052],[-79.89435,43.96075],[-79.89035,43.96281],[-79.88213,43.96483],[-79.88129,43.96768],[-79.88039,43.96779],[-79.89457,43.96842],[-79.89583,43.9668],[-79.89668,43.97031],[-79.89976,43.97481],[-79.89979,43.97867]]]}},{"type":"Feature","properties":{"OGF_ID":1404000140},"geometry":{"type":"Polygon","coordinates":[[[-79.82051,44.03177],[-79.82226,44.03184],[-79.83024,44.02739],[-79.83387,44.02419],[-79.84007,44.0228],[-79.84246,44.01713],[-79.84156,44.01607],[-79.83841,44.01528],[-79.83872,44.01261],[-79.84009,44.01005],[-79.84302,44.00875],[-79.8428,44.00817],[-79.83879,44.00909],[-79.83788,44.0085],[-79.84044,44.00548],[-79.84428,44.00386],[-79.84074,44.00377],[-79.83833,44.00565],[-79.83635,44.00582],[-79.8337,44.00346],[-79.83307,44.01112],[-79.82845,44.01813],[-79.82794,44.02393],[-79.82523,44.02715],[-79.82159,44.02901],[-79.82051,44.03177]]]}},{"type":"Feature","properties":{"OGF_ID":1404000141},"geometry":{"type":"Polygon","coordinates":[[[-79.97718,44.00773],[-79.98112,44.00797],[-79.98295,44.0068],[-79.97949,43.99352],[-79.97904,43.994],[-79.97627,43.99586],[-79.9733,43.9959],[-79.96986,43.99466],[-79.96822,43.99193],[-79.96301,43.99111],[-79.96105,43.98907],[-79.96122,43.98507],[-79.95927,43.98327],[-79.95601,43.98288],[-79.95094,43.98384],[-79.94211,43.98325],[-79.94142,43.98511],[-79.94455,43.98742],[-79.94477,43.98925],[-79.94568,43.99058],[-79.95507,43.99123],[-79.96305,43.99338],[-79.96448,43.99632],[-79.96627,43.99641],[-79.96768,44.00057],[-79.97102,44.00203],[-79.9746,44.00663],[-79.97718,44.00773]]]}},{"type":"Feature","properties":{"OGF_ID":1404000142},"geometry":{"type":"Polygon","coordinates":[[[-79.88508,44.03053],[-79.89385,44.03368],[-79.89741,44.03107],[-79.89915,44.02837],[-79.90677,44.02301],[-79.90759,44.02173],[-79.90664,44.02035],[-79.90456,44.01956],[-79.90137,44.02082],[-79.89775,44.02371],[-79.89358,44.02439],[-79.89331,44.02288],[-79.90336,44.01498],[-79.90753,44.01444],[-79.91375,44.00979],[-79.91237,44.00956],[-79.90946,44.01139],[-79.90778,44.01073],[-79.88858,44.01591],[-79.88413,44.01558],[-79.88233,44.0167],[-79.87855,44.0228],[-79.87972,44.02293],[-79.87962,44.02472],[-79.88121,44.02611],[-79.88135,44.02771],[-79.88508,44.03053]]]}},{"type":"Feature","properties":{"OGF_ID":1404000143},"geometry":{"type":"Polygon","coordinates":[[[-79.96301,43.99111],[-79.96343,43.98845],[-79.96642,43.98719],[-79.97539,43.98992],[-79.97653,43.99257],[-79.97904,43.994],[-79.97949,43.99352],[-79.97505,43.97654],[-79.97306,43.97836],[-79.97094,43.97862],[-79.96212,43.97778],[-79.95788,43.97869],[-79.9575,43.97774],[-79.96376,43.97436],[-79.96536,43.97265],[-79.96502,43.97132],[-79.95668,43.97314],[-79.95501,43.96666],[-79.95197,43.9694],[-79.94736,43.96916],[-79.94435,43.9679],[-79.94783,43.96517],[-79.94707,43.96335],[-79.94336,43.96427],[-79.94107,43.96682],[-79.93805,43.96584],[-79.93671,43.96402],[-79.9349,43.96514],[-79.93135,43.96425],[-79.92941,43.96195],[-79.93014,43.95852],[-79.92859,43.9566],[-79.92312,43.95705],[-79.92036,43.9591],[-79.92021,43.96024],[-79.92869,43.96566],[-79.93974,43.96747],[-79.94405,43.9699],[-79.94813,43.9706],[-79.9485,43.97175],[-79.94332,43.97389],[-79.94706,43.9785],[-79.94273,43.97741],[-79.94212,43.97784],[-79.93671,43.9827],[-79.93752,43.98524],[-79.93917,43.98337],[-79.94211,43.98325],[-79.95094,43.98384],[-79.95601,43.98288],[-79.95927,43.98327],[-79.96122,43.98507],[-79.96105,43.98907],[-79.96301,43.99111]],[[-79.94775,43.97698],[-79.94671,43.97611],[-79.94686,43.97497],[-79.94884,43.97493],[-79.95027,43.97605],[-79.95421,43.97714],[-79.95327,43.97837],[-79.94982,43.97929],[-79.94775,43.97698]]]}},{"type":"Feature","properties":{"OGF_ID":1404000144},"geometry":{"type":"Polygon","coordinates":[[[-79.92854,43.99038],[-79.92955,43.99111],[-79.92857,43.99434],[-79.92723,43.99509],[-79.92461,43.99439],[-79.92598,43.99688],[-79.92811,43.99686],[-79.93045,43.99501],[-79.93121,43.99159],[-79.93431,43.98947],[-79.93507,43.9859],[-79.93752,43.98524],[-79.93671,43.9827],[-79.94212,43.97784],[-79.9406,43.97806],[-79.93851,43.9769],[-79.94078,43.97568],[-79.93681,43.97621],[-79.93431,43.97562],[-79.9338,43.97495],[-79.93464,43.97388],[-79.92311,43.97523],[-79.92256,43.97627],[-79.93118,43.98092],[-79.92854,43.99038]]]}},{"type":"Feature","properties":{"OGF_ID":1404000145},"geometry":{"type":"Polygon","coordinates":[[[-79.90664,44.02035],[-79.90759,44.02173],[-79.90677,44.02301],[-79.89915,44.02837],[-79.89741,44.03107],[-79.89385,44.03368],[-79.90204,44.03722],[-79.90303,44.04283],[-79.90749,44.04226],[-79.91026,44.04257],[-79.91094,44.0433],[-79.91566,44.04168],[-79.91744,44.04016],[-79.91776,44.03692],[-79.91912,44.03474],[-79.92194,44.0321],[-79.92051,44.03085],[-79.91703,44.03368],[-79.91439,44.03375],[-79.91548,44.03156],[-79.9147,44.03099],[-79.91231,44.03153],[-79.90996,44.03046],[-79.90829,44.02778],[-79.90963,44.02655],[-79.91732,44.0251],[-79.9215,44.02743],[-79.92798,44.02701],[-79.93097,44.02865],[-79.93733,44.02631],[-79.93607,44.02443],[-79.94401,44.02124],[-79.95584,44.01292],[-79.95995,44.01175],[-79.96202,44.01002],[-79.96567,44.00846],[-79.97357,44.00913],[-79.97718,44.00773],[-79.9746,44.00663],[-79.97102,44.00203],[-79.96768,44.00057],[-79.96627,43.99641],[-79.96448,43.99632],[-79.96305,43.99338],[-79.95507,43.99123],[-79.94568,43.99058],[-79.94477,43.98925],[-79.93797,43.98993],[-79.93738,43.99522],[-79.93472,43.99419],[-79.93259,43.99717],[-79.92892,43.99764],[-79.92811,43.99686],[-79.92598,43.99688],[-79.92414,43.99811],[-79.92123,43.99865],[-79.92073,43.99712],[-79.91838,43.99586],[-79.91941,43.9973],[-79.91752,43.99947],[-79.89599,43.99279],[-79.89975,43.98968],[-79.89884,43.98872],[-79.89381,43.98981],[-79.88959,43.98968],[-79.88698,43.98774],[-79.87958,43.98843],[-79.88101,43.9894],[-79.88033,43.99073],[-79.87387,43.99038],[-79.87256,43.9896],[-79.87258,43.98837],[-79.87655,43.98793],[-79.87711,43.98641],[-79.87142,43.98693],[-79.8706,43.98882],[-79.86768,43.98937],[-79.86468,43.98772],[-79.86293,43.98265],[-79.86082,43.98244],[-79.85989,43.98271],[-79.85932,43.98509],[-79.86049,43.98615],[-79.86003,43.98929],[-79.86119,43.99073],[-79.86126,43.99378],[-79.86469,43.9942],[-79.86303,43.99582],[-79.86126,44.00064],[-79.8636,44.00286],[-79.86229,44.00393],[-79.86355,44.00524],[-79.86608,44.00412],[-79.866,44.00155],[-79.86799,44.00071],[-79.86778,43.99804],[-79.86913,43.99672],[-79.86816,43.99213],[-79.86606,43.99135],[-79.86634,43.9904],[-79.87501,43.99258],[-79.88241,43.99208],[-79.88213,43.99313],[-79.87973,43.99425],[-79.88088,43.99664],[-79.87935,44.00053],[-79.87696,44.00118],[-79.87701,43.99861],[-79.87478,43.99811],[-79.87239,43.99885],[-79.87341,44.00067],[-79.87654,44.00241],[-79.87652,44.00346],[-79.87453,44.0042],[-79.87057,44.00416],[-79.86789,44.00614],[-79.86954,44.00949],[-79.87305,44.01238],[-79.87342,44.0141],[-79.87824,44.0172],[-79.87534,44.01736],[-79.87153,44.01627],[-79.86764,44.01242],[-79.866,44.0085],[-79.86457,44.00734],[-79.85892,44.00595],[-79.85855,44.00433],[-79.85953,44.00399],[-79.85831,44.00309],[-79.85534,44.00678],[-79.85213,44.00874],[-79.8493,44.01196],[-79.84601,44.01145],[-79.84475,44.00829],[-79.8428,44.00817],[-79.84302,44.00875],[-79.84009,44.01005],[-79.83872,44.01261],[-79.83841,44.01528],[-79.84156,44.01607],[-79.84246,44.01713],[-79.84007,44.0228],[-79.86103,44.01979],[-79.86405,44.02068],[-79.86754,44.02481],[-79.87176,44.02476],[-79.87456,44.02326],[-79.87855,44.0228],[-79.88233,44.0167],[-79.88413,44.01558],[-79.88858,44.01591],[-79.90778,44.01073],[-79.90743,44.00887],[-79.91125,44.00562],[-79.91753,44.00318],[-79.92286,44.00459],[-79.92337,44.00895],[-79.92525,44.0089],[-79.92441,44.00639],[-79.92528,44.00196],[-79.93066,44.00008],[-79.93352,44.0004],[-79.93597,44.00221],[-79.94031,44.00289],[-79.94245,44.00484],[-79.93717,44.00715],[-79.9336,44.00712],[-79.92987,44.0108],[-79.92283,44.01123],[-79.9219,44.01344],[-79.91721,44.01582],[-79.91667,44.01789],[-79.91814,44.01883],[-79.91694,44.01975],[-79.91475,44.02023],[-79.91341,44.01736],[-79.91113,44.01784],[-79.90942,44.01939],[-79.90664,44.02035]],[[-79.89166,44.00561],[-79.89367,44.00401],[-79.89332,44.00162],[-79.90137,43.99754],[-79.90724,43.9988],[-79.91195,44.00094],[-79.91272,44.00219],[-79.91136,44.00446],[-79.9087,44.00558],[-79.90486,44.00593],[-79.90185,44.00466],[-79.90105,44.00503],[-79.90129,44.00608],[-79.90481,44.00878],[-79.90466,44.00974],[-79.89137,44.01409],[-79.89154,44.01256],[-79.89606,44.01042],[-79.89166,44.00561]],[[-79.94767,43.99567],[-79.94245,43.99519],[-79.94292,43.99141],[-79.95252,43.99308],[-79.95564,43.99803],[-79.95514,43.99881],[-79.95225,43.99986],[-79.94869,43.99918],[-79.94767,43.99567]]]}}]}