{"type":"FeatureCollection","features":[{"type":"Feature","properties":{"OGF_ID":534,"LAND_USE_DESIGNATION":"Natural Core Area"},"geometry":{"type":"Polygon","coordinates":[[[-78.5713,44.02617],[-78.56997,44.02315],[-78.57166,44.02275],[-78.56942,44.01774],[-78.56802,44.01799],[-78.56751,44.01715],[-78.56449,44.01779],[-78.563,44.01476],[-78.55793,44.01585],[-78.55534,44.0103],[-78.55041,44.01052],[-78.55043,44.00893],[-78.55257,44.00752],[-78.54934,44.0082],[-78.54759,44.01031],[-78.54792,44.01174],[-78.5458,44.01231],[-78.54649,44.01403],[-78.54498,44.0143],[-78.54393,44.01426],[-78.54216,44.01052],[-78.53958,44.01067],[-78.53889,44.00899],[-78.53813,44.00917],[-78.53573,44.00973],[-78.53398,44.01013],[-78.53481,44.01286],[-78.53319,44.01336],[-78.53179,44.0157],[-78.53072,44.01603],[-78.53065,44.01665],[-78.53659,44.01281],[-78.53689,44.01407],[-78.53976,44.01341],[-78.5408,44.01765],[-78.53422,44.02172],[-78.53516,44.02219],[-78.54377,44.02066],[-78.54553,44.01953],[-78.54669,44.01702],[-78.5464,44.01519],[-78.5487,44.01979],[-78.55987,44.02641],[-78.5713,44.02617]]]}},{"type":"Feature","properties":{"OGF_ID":535,"LAND_USE_DESIGNATION":"Countryside Area"},"geometry":{"type":"Polygon","coordinates":[[[-78.70914,44.02868],[-78.709,44.02978],[-78.71367,44.02868],[-78.71252,44.02777],[-78.71093,44.02776],[-78.71012,44.0289],[-78.70914,44.02868]]]}},{"type":"Feature","properties":{"OGF_ID":488,"LAND_USE_DESIGNATION":"Countryside Area"},"geometry":{"type":"Polygon","coordinates":[[[-79.77689,44.01004],[-79.77658,44.00927],[-79.77405,44.00969],[-79.77328,44.00804],[-79.77158,44.00775],[-79.77117,44.00696],[-79.76667,44.00768],[-79.76694,44.00908],[-79.7654,44.01039],[-79.76426,44.01031],[-79.76322,44.00951],[-79.76177,44.00398],[-79.75805,44.00275],[-79.75681,44.00342],[-79.75494,44.00241],[-79.75387,44.00355],[-79.75413,44.0051],[-79.75177,44.00572],[-79.75639,44.00825],[-79.7593,44.01193],[-79.76305,44.01379],[-79.77193,44.01387],[-79.77454,44.01273],[-79.77689,44.01004]]]}},{"type":"Feature","properties":{"OGF_ID":366,"LAND_USE_DESIGNATION":"Countryside Area"},"geometry":{"type":"Polygon","coordinates":[[[-79.23124,44.10103],[-79.2297,44.09897],[-79.22528,44.0986],[-79.22243,44.0993],[-79.23124,44.10103]]]}},{"type":"Feature","properties":{"OGF_ID":367,"LAND_USE_DESIGNATION":"Countryside Area"},"geometry":{"type":"Polygon","coordinates":[[[-79.2922,44.09759],[-79.29143,44.09777],[-79.29048,44.09376],[-79.2921,44.09327],[-79.2928,44.08956],[-79.29417,44.08915],[-79.2938,44.08746],[-79.29246,44.08765],[-79.29149,44.08652],[-79.28902,44.08666],[-79.286,44.09702],[-79.29429,44.10186],[-79.2922,44.09759]]]}},{"type":"Feature","properties":{"OGF_ID":368,"LAND_USE_DESIGNATION":"Natural Linkage Area"},"geometry":{"type":"Polygon","coordinates":[[[-79.86769,44.02571],[-79.86981,44.02536],[-79.86986,44.02427],[-79.87154,44.02303],[-79.87412,44.02327],[-79.87278,44.02178],[-79.87308,44.02036],[-79.87007,44.02138],[-79.86886,44.0231],[-79.86688,44.02166],[-79.86638,44.01974],[-79.86433,44.02018],[-79.86753,44.02411],[-79.86511,44.0246],[-79.86769,44.02571]]]}},{"type":"Feature","properties":{"OGF_ID":369,"LAND_USE_DESIGNATION":"Natural Linkage Area"},"geometry":{"type":"Polygon","coordinates":[[[-78.89915,44.01195],[-78.90078,44.01159],[-78.90001,44.01127],[-78.89915,44.01195]]]}},{"type":"Feature","properties":{"OGF_ID":402,"LAND_USE_DESIGNATION":"Countryside Area"},"geometry":{"type":"Polygon","coordinates":[[[-77.99928,44.1558],[-78.00055,44.1541],[-78.00039,44.15099],[-77.99898,44.15133],[-77.99797,44.14582],[-78.00145,44.14442],[-78.00384,44.14203],[-77.99988,44.13322],[-77.99506,44.13435],[-77.99696,44.13894],[-77.99536,44.13926],[-77.99507,44.1405],[-77.9918,44.13994],[-77.9909,44.14114],[-77.98818,44.14116],[-77.98789,44.14278],[-77.98537,44.14322],[-77.98449,44.14104],[-77.9819,44.14127],[-77.98327,44.14443],[-77.99388,44.14506],[-77.98974,44.14843],[-77.98932,44.15198],[-77.99237,44.15277],[-77.99876,44.15255],[-77.99928,44.1558]]]}},{"type":"Feature","properties":{"OGF_ID":404,"LAND_USE_DESIGNATION":"Countryside Area"},"geometry":{"type":"Polygon","coordinates":[[[-78.10141,44.15506],[-78.09951,44.15582],[-78.10088,44.15781],[-78.10174,44.15763],[-78.10141,44.15506]]]}},{"type":"Feature","properties":{"OGF_ID":405,"LAND_USE_DESIGNATION":"Countryside Area"},"geometry":{"type":"Polygon","coordinates":[[[-78.51278,44.1618],[-78.51269,44.16077],[-78.51466,44.15947],[-78.51424,44.15813],[-78.51535,44.15748],[-78.51533,44.15569],[-78.51887,44.15438],[-78.51874,44.15248],[-78.52391,44.15056],[-78.52365,44.14951],[-78.5249,44.14931],[-78.52635,44.15161],[-78.53142,44.15073],[-78.53214,44.1525],[-78.53521,44.15145],[-78.53336,44.14802],[-78.53175,44.14809],[-78.52997,44.14584],[-78.53274,44.14514],[-78.5321,44.14376],[-78.53574,44.14289],[-78.53462,44.14015],[-78.53341,44.13946],[-78.53044,44.13946],[-78.53045,44.14042],[-78.52943,44.14036],[-78.52861,44.13894],[-78.52928,44.13808],[-78.52843,44.13584],[-78.53033,44.13583],[-78.53231,44.13411],[-78.52692,44.12232],[-78.52606,44.12241],[-78.5258,44.12169],[-78.52134,44.1228],[-78.51988,44.11973],[-78.52297,44.11894],[-78.52415,44.11697],[-78.52625,44.11598],[-78.52725,44.11669],[-78.53316,44.11517],[-78.53023,44.10937],[-78.53099,44.10913],[-78.53054,44.10829],[-78.52796,44.10896],[-78.52443,44.10835],[-78.517,44.10977],[-78.51662,44.11059],[-78.51849,44.11184],[-78.51283,44.11273],[-78.51107,44.11413],[-78.50553,44.11461],[-78.50423,44.11503],[-78.50459,44.11621],[-78.50292,44.11693],[-78.4978,44.11767],[-78.50007,44.12305],[-78.49829,44.12354],[-78.49878,44.12424],[-78.49518,44.12434],[-78.49336,44.12357],[-78.48839,44.125],[-78.4864,44.12481],[-78.48579,44.12372],[-78.4842,44.12326],[-78.48305,44.12353],[-78.48382,44.12584],[-78.48218,44.1263],[-78.48542,44.13339],[-78.48751,44.13273],[-78.4883,44.13439],[-78.49128,44.13402],[-78.49154,44.13911],[-78.48805,44.1392],[-78.48729,44.13761],[-78.48234,44.13858],[-78.48298,44.14013],[-78.47794,44.13999],[-78.47837,44.14095],[-78.476,44.1417],[-78.47554,44.14337],[-78.47604,44.1445],[-78.4768,44.14437],[-78.47804,44.14766],[-78.47724,44.14805],[-78.47761,44.15009],[-78.47604,44.14965],[-78.4747,44.15038],[-78.47504,44.15265],[-78.47307,44.15324],[-78.47037,44.1524],[-78.46792,44.15316],[-78.46675,44.15439],[-78.46478,44.15449],[-78.46563,44.1569],[-78.47036,44.16013],[-78.47211,44.15903],[-78.47507,44.16052],[-78.47848,44.16078],[-78.48266,44.16476],[-78.48706,44.16628],[-78.49169,44.16268],[-78.49607,44.16183],[-78.50146,44.16186],[-78.50585,44.16063],[-78.51278,44.1618]]]}},{"type":"Feature","properties":{"OGF_ID":406,"LAND_USE_DESIGNATION":"Countryside Area"},"geometry":{"type":"Polygon","coordinates":[[[-78.13369,44.15731],[-78.13315,44.15608],[-78.13565,44.15508],[-78.1344,44.15304],[-78.12812,44.15521],[-78.1275,44.15369],[-78.12866,44.15243],[-78.12694,44.15122],[-78.12614,44.15413],[-78.12792,44.15591],[-78.13369,44.15731]]]}},{"type":"Feature","properties":{"OGF_ID":170,"LAND_USE_DESIGNATION":"Natural Linkage Area"},"geometry":{"type":"Polygon","coordinates":[[[-79.51648,43.95574],[-79.51815,43.95566],[-79.51605,43.95195],[-79.51679,43.95051],[-79.51382,43.95117],[-79.51648,43.95574]]]}},{"type":"Feature","properties":{"OGF_ID":171,"LAND_USE_DESIGNATION":"Natural Linkage Area"},"geometry":{"type":"Polygon","coordinates":[[[-79.26741,43.95215],[-79.26769,43.95208],[-79.26765,43.95172],[-79.26741,43.95215]]]}},{"type":"Feature","properties":{"OGF_ID":296,"LAND_USE_DESIGNATION":"Countryside Area"},"geometry":{"type":"Polygon","coordinates":[[[-79.03711,44.07102],[-79.04186,44.0702],[-79.04441,44.07096],[-79.04422,44.07007],[-79.04598,44.06981],[-79.04654,44.07094],[-79.04968,44.07038],[-79.04879,44.06787],[-79.05237,44.06687],[-79.05209,44.0629],[-79.05035,44.06197],[-79.04918,44.06216],[-79.04862,44.06132],[-79.04666,44.06168],[-79.04559,44.06079],[-79.04275,44.06044],[-79.04247,44.06238],[-79.04131,44.06288],[-79.04047,44.06095],[-79.03733,44.06118],[-79.03744,44.05928],[-79.02797,44.06151],[-79.02769,44.0631],[-79.03179,44.06251],[-79.03623,44.06531],[-79.03656,44.06611],[-79.03537,44.06692],[-79.03705,44.07101],[-79.03711,44.07102]]]}},{"type":"Feature","properties":{"OGF_ID":297,"LAND_USE_DESIGNATION":"Natural Linkage Area"},"geometry":{"type":"Polygon","coordinates":[[[-79.03705,44.07101],[-79.03537,44.06692],[-79.03656,44.06611],[-79.03623,44.06531],[-79.03179,44.06251],[-79.02769,44.0631],[-79.02738,44.06484],[-79.03171,44.06402],[-79.03358,44.06878],[-79.03258,44.06914],[-79.033,44.07007],[-79.03705,44.07101]]]}},{"type":"Feature","properties":{"OGF_ID":279,"LAND_USE_DESIGNATION":"Countryside Area"},"geometry":{"type":"Polygon","coordinates":[[[-79.17994,43.96507],[-79.18073,43.96134],[-79.17949,43.95903],[-79.17759,43.95856],[-79.17371,43.96337],[-79.17216,43.96037],[-79.17011,43.95932],[-79.16931,43.96024],[-79.16975,43.96277],[-79.16913,43.96162],[-79.16482,43.96286],[-79.1642,43.96204],[-79.16198,43.9618],[-79.16279,43.96078],[-79.16105,43.96019],[-79.16106,43.95915],[-79.15885,43.95822],[-79.15809,43.95615],[-79.15698,43.9558],[-79.14721,43.96056],[-79.1503,43.96293],[-79.15368,43.96297],[-79.15773,43.96914],[-79.1596,43.96902],[-79.16018,43.97183],[-79.15928,43.97281],[-79.15752,43.97227],[-79.15917,43.976],[-79.16169,43.97681],[-79.16352,43.97885],[-79.16423,43.98199],[-79.16279,43.98253],[-79.16336,43.98768],[-79.16199,43.98971],[-79.16246,43.99374],[-79.16156,43.99411],[-79.16303,43.99742],[-79.16636,43.9967],[-79.16681,43.99785],[-79.16897,43.99797],[-79.1731,43.99505],[-79.17166,43.9937],[-79.17371,43.99153],[-79.17173,43.98632],[-79.17313,43.98357],[-79.17164,43.98239],[-79.1723,43.98192],[-79.17101,43.97875],[-79.16982,43.97911],[-79.17008,43.98034],[-79.16876,43.98077],[-79.16644,43.98011],[-79.16571,43.97848],[-79.16785,43.97788],[-79.16851,43.97904],[-79.17025,43.97855],[-79.1686,43.97156],[-79.17191,43.9706],[-79.17215,43.96952],[-79.17661,43.96778],[-79.17635,43.96458],[-79.17788,43.96417],[-79.17838,43.96516],[-79.17994,43.96507]]]}},{"type":"Feature","properties":{"OGF_ID":280,"LAND_USE_DESIGNATION":"Countryside Area"},"geometry":{"type":"Polygon","coordinates":[[[-78.23146,44.12043],[-78.23146,44.12043],[-78.22819,44.12157],[-78.23146,44.12043]]]}},{"type":"Feature","properties":{"OGF_ID":281,"LAND_USE_DESIGNATION":"Countryside Area"},"geometry":{"type":"Polygon","coordinates":[[[-78.67245,44.13056],[-78.68268,44.12811],[-78.68366,44.13038],[-78.68682,44.12956],[-78.68592,44.12731],[-78.68936,44.12649],[-78.68667,44.12095],[-78.68331,44.12116],[-78.67989,44.12317],[-78.67874,44.12124],[-78.67768,44.12146],[-78.67383,44.12475],[-78.67161,44.12469],[-78.67107,44.12384],[-78.67238,44.12227],[-78.67168,44.12038],[-78.66934,44.11883],[-78.66751,44.11947],[-78.66567,44.12241],[-78.66788,44.12477],[-78.66495,44.12628],[-78.66545,44.12812],[-78.66765,44.12766],[-78.66897,44.12612],[-78.6708,44.12938],[-78.67245,44.13056]]]}},{"type":"Feature","properties":{"OGF_ID":283,"LAND_USE_DESIGNATION":"Countryside Area"},"geometry":{"type":"Polygon","coordinates":[[[-77.91003,44.10904],[-77.91593,44.10899],[-77.91692,44.11025],[-77.91847,44.11009],[-77.92006,44.11197],[-77.92461,44.11053],[-77.92447,44.10973],[-77.93118,44.1082],[-77.92783,44.10587],[-77.92657,44.10386],[-77.92143,44.10374],[-77.92075,44.10636],[-77.91916,44.10789],[-77.91694,44.10869],[-77.91079,44.10801],[-77.91003,44.10904]]]}},{"type":"Feature","properties":{"OGF_ID":40,"LAND_USE_DESIGNATION":"Countryside Area"},"geometry":{"type":"Polygon","coordinates":[[[-79.31852,44.1121],[-79.31916,44.11083],[-79.32275,44.11095],[-79.32372,44.10802],[-79.32301,44.10617],[-79.32031,44.10673],[-79.31756,44.10408],[-79.31591,44.10374],[-79.31576,44.10324],[-79.31949,44.10236],[-79.31836,44.09892],[-79.31193,44.10028],[-79.31154,44.09895],[-79.3097,44.09939],[-79.30897,44.09782],[-79.30471,44.09861],[-79.30382,44.09488],[-79.30999,44.09343],[-79.30841,44.08569],[-79.30681,44.08641],[-79.30739,44.08815],[-79.30426,44.0889],[-79.30477,44.09065],[-79.30303,44.09101],[-79.30263,44.08983],[-79.30025,44.09037],[-79.29983,44.09119],[-79.29477,44.09303],[-79.2952,44.09689],[-79.29426,44.09711],[-79.29671,44.10208],[-79.29403,44.10441],[-79.29342,44.10992],[-79.29235,44.11179],[-79.29453,44.11337],[-79.30369,44.11242],[-79.3079,44.10683],[-79.31659,44.11033],[-79.31852,44.1121]]]}},{"type":"Feature","properties":{"OGF_ID":41,"LAND_USE_DESIGNATION":"Rural Settlement"},"geometry":{"type":"Polygon","coordinates":[[[-77.9991,44.16292],[-78.00125,44.16361],[-78.00743,44.1622],[-78.00652,44.1603],[-78.00531,44.1578],[-78.00354,44.15851],[-78.00169,44.15775],[-78.00171,44.15839],[-77.99794,44.16015],[-77.9991,44.16292]]]}},{"type":"Feature","properties":{"OGF_ID":42,"LAND_USE_DESIGNATION":"Natural Core Area"},"geometry":{"type":"Polygon","coordinates":[[[-79.33563,44.16043],[-79.33488,44.1683],[-79.33328,44.17306],[-79.32688,44.1803],[-79.3245,44.18481],[-79.32508,44.18816],[-79.32848,44.18976],[-79.33378,44.18696],[-79.3417,44.17839],[-79.3418,44.17461],[-79.33984,44.16813],[-79.3412,44.16493],[-79.34019,44.16171],[-79.34274,44.16033],[-79.34224,44.15853],[-79.34042,44.1588],[-79.33958,44.15656],[-79.34226,44.15591],[-79.34193,44.15477],[-79.338,44.15557],[-79.3373,44.14877],[-79.34114,44.14734],[-79.34028,44.14493],[-79.34488,44.14388],[-79.34544,44.14284],[-79.34478,44.14185],[-79.34265,44.14123],[-79.33814,44.14191],[-79.33754,44.13836],[-79.33509,44.13881],[-79.33359,44.13304],[-79.33033,44.13275],[-79.32819,44.12744],[-79.32462,44.12821],[-79.32203,44.12617],[-79.32515,44.12238],[-79.32812,44.12175],[-79.32852,44.12338],[-79.33089,44.12282],[-79.33002,44.11942],[-79.32831,44.11979],[-79.32765,44.11623],[-79.33089,44.11538],[-79.32946,44.10864],[-79.33284,44.10461],[-79.33649,44.10248],[-79.33638,44.10118],[-79.33799,44.10068],[-79.33749,44.09884],[-79.34022,44.09787],[-79.34323,44.09872],[-79.34729,44.09731],[-79.34797,44.09629],[-79.35085,44.09572],[-79.35176,44.09655],[-79.3547,44.09645],[-79.35393,44.09747],[-79.35026,44.09825],[-79.34904,44.09961],[-79.34929,44.10091],[-79.35364,44.10087],[-79.3543,44.10171],[-79.35435,44.10234],[-79.35055,44.1032],[-79.35061,44.10506],[-79.35133,44.1049],[-79.35279,44.10837],[-79.34959,44.10909],[-79.35196,44.11046],[-79.34994,44.11102],[-79.35009,44.11196],[-79.35248,44.11435],[-79.35432,44.11404],[-79.35807,44.11681],[-79.36072,44.11635],[-79.36127,44.11722],[-79.36253,44.11673],[-79.36404,44.11765],[-79.3645,44.11913],[-79.36426,44.12193],[-79.36124,44.12164],[-79.36158,44.12554],[-79.3633,44.12742],[-79.36313,44.13028],[-79.36181,44.13097],[-79.36169,44.13261],[-79.35773,44.13213],[-79.35912,44.13497],[-79.36059,44.13476],[-79.36224,44.1363],[-79.37105,44.13853],[-79.3701,44.13695],[-79.37241,44.1364],[-79.37255,44.13499],[-79.37463,44.13499],[-79.37913,44.13305],[-79.38336,44.1322],[-79.38379,44.1305],[-79.38745,44.1301],[-79.39029,44.13059],[-79.38976,44.12959],[-79.39159,44.12925],[-79.39214,44.12811],[-79.39048,44.12649],[-79.38332,44.1277],[-79.38299,44.12679],[-79.3783,44.12779],[-79.3776,44.12585],[-79.37592,44.12619],[-79.37606,44.1226],[-79.37795,44.1224],[-79.37938,44.12368],[-79.38204,44.12304],[-79.3829,44.12086],[-79.38159,44.12121],[-79.38121,44.11962],[-79.38316,44.11914],[-79.38228,44.11657],[-79.38058,44.11677],[-79.38004,44.11544],[-79.38114,44.11509],[-79.38023,44.11202],[-79.38227,44.11162],[-79.38358,44.11041],[-79.38859,44.11066],[-79.38753,44.11027],[-79.38709,44.10668],[-79.38378,44.10735],[-79.38184,44.10189],[-79.38399,44.10144],[-79.38308,44.10023],[-79.38511,44.09956],[-79.38365,44.09774],[-79.3854,44.09773],[-79.38639,44.09921],[-79.38858,44.09878],[-79.38806,44.09693],[-79.39014,44.09691],[-79.39163,44.09535],[-79.38923,44.08902],[-79.38654,44.09021],[-79.38677,44.09113],[-79.38544,44.0916],[-79.36755,44.09564],[-79.36745,44.0943],[-79.37147,44.09049],[-79.37083,44.08948],[-79.37552,44.08811],[-79.37528,44.08753],[-79.37289,44.08654],[-79.35136,44.08421],[-79.34905,44.08299],[-79.34705,44.07948],[-79.34941,44.07761],[-79.34945,44.07467],[-79.34734,44.07508],[-79.34624,44.07335],[-79.34376,44.07333],[-79.34524,44.06866],[-79.34272,44.06557],[-79.34511,44.06538],[-79.34628,44.06441],[-79.33904,44.05868],[-79.33764,44.05576],[-79.34341,44.05768],[-79.34657,44.0556],[-79.34956,44.05616],[-79.35062,44.05459],[-79.34638,44.05135],[-79.34887,44.04983],[-79.34895,44.04869],[-79.33952,44.03954],[-79.33837,44.03526],[-79.34164,44.03399],[-79.35045,44.03325],[-79.35711,44.02901],[-79.35933,44.02679],[-79.36014,44.02177],[-79.36482,44.01848],[-79.36697,44.01489],[-79.36878,44.01391],[-79.37481,44.01434],[-79.37948,44.01347],[-79.38142,44.01491],[-79.38332,44.01102],[-79.38141,44.01089],[-79.38119,44.01074],[-79.37912,44.00817],[-79.38434,44.00584],[-79.38245,44.00473],[-79.38193,44.003],[-79.38343,44.00253],[-79.37827,44.00227],[-79.37772,44.00081],[-79.38853,43.99826],[-79.38721,43.99796],[-79.38668,43.99653],[-79.38459,43.99532],[-79.37757,43.99694],[-79.37683,43.99323],[-79.37416,43.99393],[-79.37446,43.99499],[-79.37193,43.99578],[-79.37345,43.99606],[-79.37412,43.99762],[-79.36489,43.99981],[-79.35464,44.00178],[-79.35371,44.00165],[-79.35318,43.99983],[-79.35569,43.99755],[-79.35192,43.99858],[-79.33956,44.00072],[-79.33756,43.99992],[-79.3367,44.00013],[-79.33688,44.00141],[-79.32954,44.00259],[-79.32904,44.00158],[-79.33083,43.99951],[-79.32869,43.99889],[-79.32605,43.99937],[-79.3267,44.00407],[-79.32143,44.00461],[-79.32029,44.00286],[-79.3176,44.00133],[-79.31257,44.00277],[-79.31182,44.00066],[-79.31,44.0017],[-79.31028,44.00391],[-79.30843,44.00465],[-79.30883,44.00689],[-79.31051,44.00782],[-79.31474,44.00759],[-79.31461,44.00671],[-79.31831,44.00592],[-79.32033,44.00617],[-79.3218,44.0089],[-79.32354,44.00866],[-79.32439,44.01239],[-79.29372,44.01929],[-79.29311,44.01804],[-79.29176,44.01772],[-79.28424,44.01948],[-79.28308,44.01862],[-79.28024,44.01908],[-79.27957,44.01633],[-79.27601,44.01672],[-79.27289,44.01763],[-79.27418,44.02152],[-79.27112,44.02233],[-79.26945,44.02437],[-79.2685,44.02479],[-79.26935,44.02608],[-79.27509,44.02504],[-79.27975,44.02629],[-79.28135,44.03106],[-79.28221,44.02973],[-79.28378,44.02933],[-79.29473,44.02683],[-79.30295,44.02495],[-79.3046,44.02619],[-79.30694,44.02585],[-79.30875,44.03408],[-79.31355,44.03311],[-79.31316,44.03063],[-79.31628,44.02993],[-79.31709,44.02974],[-79.31748,44.03142],[-79.32027,44.03079],[-79.32077,44.03275],[-79.31483,44.03411],[-79.31563,44.03781],[-79.30814,44.03942],[-79.30874,44.04181],[-79.31336,44.04073],[-79.31386,44.04214],[-79.3074,44.04355],[-79.30602,44.04424],[-79.30657,44.04753],[-79.30487,44.04804],[-79.30586,44.05176],[-79.30733,44.05154],[-79.3082,44.05495],[-79.27438,44.06244],[-79.27532,44.06606],[-79.27104,44.06717],[-79.2716,44.06885],[-79.26325,44.07164],[-79.2637,44.0727],[-79.26746,44.07258],[-79.26793,44.07338],[-79.26589,44.07386],[-79.26636,44.07473],[-79.26745,44.07465],[-79.26783,44.07553],[-79.2701,44.07515],[-79.27041,44.07897],[-79.27234,44.07849],[-79.27299,44.07981],[-79.27398,44.07971],[-79.27594,44.08166],[-79.27692,44.08309],[-79.28261,44.08324],[-79.28385,44.08581],[-79.28587,44.08565],[-79.28641,44.08674],[-79.28902,44.08666],[-79.29149,44.08652],[-79.29246,44.08765],[-79.2938,44.08746],[-79.29417,44.08915],[-79.2928,44.08956],[-79.2921,44.09327],[-79.29048,44.09376],[-79.29143,44.09777],[-79.2922,44.09759],[-79.29426,44.09711],[-79.2952,44.09689],[-79.29477,44.09303],[-79.29983,44.09119],[-79.30025,44.09037],[-79.30263,44.08983],[-79.30303,44.09101],[-79.30477,44.09065],[-79.30426,44.0889],[-79.30739,44.08815],[-79.30681,44.08641],[-79.30841,44.08569],[-79.30999,44.09343],[-79.30382,44.09488],[-79.30471,44.09861],[-79.30897,44.09782],[-79.3097,44.09939],[-79.31154,44.09895],[-79.31193,44.10028],[-79.31836,44.09892],[-79.31949,44.10236],[-79.31576,44.10324],[-79.31591,44.10374],[-79.31756,44.10408],[-79.32031,44.10673],[-79.32301,44.10617],[-79.32372,44.10802],[-79.32275,44.11095],[-79.31916,44.11083],[-79.31852,44.1121],[-79.32113,44.11645],[-79.3211,44.1192],[-79.32019,44.12015],[-79.32008,44.12137],[-79.3188,44.12161],[-79.31498,44.12703],[-79.31669,44.12663],[-79.31754,44.12837],[-79.32053,44.12834],[-79.32264,44.13324],[-79.32152,44.13359],[-79.32256,44.13828],[-79.32072,44.13851],[-79.32568,44.14127],[-79.33272,44.13864],[-79.3365,44.15127],[-79.33563,44.16043]]]}},{"type":"Feature","properties":{"OGF_ID":43,"LAND_USE_DESIGNATION":"Countryside Area"},"geometry":{"type":"Polygon","coordinates":[[[-78.1195,44.16241],[-78.11869,44.16093],[-78.11765,44.16078],[-78.11356,44.16074],[-78.11377,44.16215],[-78.11301,44.16219],[-78.11178,44.1598],[-78.10522,44.16279],[-78.10595,44.16453],[-78.11666,44.16357],[-78.1195,44.16241]]]}},{"type":"Feature","properties":{"OGF_ID":44,"LAND_USE_DESIGNATION":"Countryside Area"},"geometry":{"type":"Polygon","coordinates":[[[-78.00531,44.1578],[-78.00652,44.1603],[-78.00881,44.15961],[-78.00774,44.15689],[-78.00531,44.1578]]]}},{"type":"Feature","properties":{"OGF_ID":45,"LAND_USE_DESIGNATION":"Countryside Area"},"geometry":{"type":"Polygon","coordinates":[[[-78.11267,44.03887],[-78.11154,44.03634],[-78.11007,44.03728],[-78.10704,44.03375],[-78.1128,44.03211],[-78.11224,44.03108],[-78.11414,44.03066],[-78.11476,44.03147],[-78.11555,44.03033],[-78.11847,44.02965],[-78.11971,44.02814],[-78.11894,44.02551],[-78.11425,44.02534],[-78.11157,44.02438],[-78.11068,44.02253],[-78.11373,44.01724],[-78.11235,44.01634],[-78.10759,44.02209],[-78.10636,44.02247],[-78.10456,44.02167],[-78.10588,44.0237],[-78.10509,44.02442],[-78.1037,44.02197],[-78.09009,44.02487],[-78.09105,44.02975],[-78.08947,44.03051],[-78.08896,44.02967],[-78.08812,44.0299],[-78.08818,44.03099],[-78.08686,44.03073],[-78.08852,44.0329],[-78.09341,44.03318],[-78.0952,44.03733],[-78.09671,44.03764],[-78.09718,44.03852],[-78.09874,44.03843],[-78.10029,44.04123],[-78.10161,44.04086],[-78.10305,44.03869],[-78.10487,44.03886],[-78.10559,44.04062],[-78.10827,44.03986],[-78.10805,44.03938],[-78.10951,44.03905],[-78.10981,44.03964],[-78.11267,44.03887]]]}},{"type":"Feature","properties":{"OGF_ID":489,"LAND_USE_DESIGNATION":"Countryside Area"},"geometry":{"type":"Polygon","coordinates":[[[-79.04837,43.99494],[-79.04476,43.99661],[-79.04509,43.99767],[-79.04379,43.9975],[-79.04352,43.99811],[-79.04546,44.00009],[-79.04553,44.00137],[-79.04832,44.00122],[-79.05097,44.00316],[-79.05173,44.00298],[-79.04837,43.99494]]]}},{"type":"Feature","properties":{"OGF_ID":490,"LAND_USE_DESIGNATION":"Rural Settlement"},"geometry":{"type":"Polygon","coordinates":[[[-79.39877,43.99985],[-79.39747,43.9983],[-79.39634,43.99645],[-79.39559,43.99662],[-79.39114,43.99766],[-79.38773,44.00326],[-79.39482,44.00842],[-79.40472,44.0063],[-79.39972,44.00074],[-79.39877,43.99985]]]}},{"type":"Feature","properties":{"OGF_ID":491,"LAND_USE_DESIGNATION":"Countryside Area"},"geometry":{"type":"Polygon","coordinates":[[[-78.58022,44.03139],[-78.57825,44.03336],[-78.57823,44.03537],[-78.58284,44.03533],[-78.5841,44.04136],[-78.58787,44.04353],[-78.59525,44.04294],[-78.60513,44.04103],[-78.6017,44.03736],[-78.59747,44.03481],[-78.596,44.03499],[-78.59476,44.03257],[-78.59376,44.03433],[-78.59257,44.03218],[-78.59004,44.03339],[-78.58891,44.03141],[-78.58784,44.03119],[-78.58789,44.03015],[-78.58598,44.02993],[-78.5854,44.03157],[-78.58022,44.03139]]]}},{"type":"Feature","properties":{"OGF_ID":492,"LAND_USE_DESIGNATION":"Countryside Area"},"geometry":{"type":"Polygon","coordinates":[[[-79.00548,44.05086],[-79.0054,44.05006],[-79.00451,44.05023],[-79.00548,44.05086]]]}},{"type":"Feature","properties":{"OGF_ID":493,"LAND_USE_DESIGNATION":"Countryside Area"},"geometry":{"type":"Polygon","coordinates":[[[-77.93327,44.12867],[-77.94001,44.12717],[-77.93839,44.12301],[-77.94101,44.12238],[-77.94298,44.12424],[-77.94575,44.12274],[-77.94436,44.12392],[-77.94466,44.12491],[-77.94256,44.1255],[-77.94323,44.12647],[-77.95372,44.12396],[-77.95356,44.12623],[-77.96018,44.12477],[-77.95952,44.12339],[-77.96094,44.12304],[-77.95817,44.11797],[-77.96539,44.11602],[-77.96273,44.11021],[-77.95524,44.11204],[-77.95281,44.11265],[-77.95343,44.11415],[-77.94706,44.11525],[-77.94594,44.11304],[-77.94737,44.11278],[-77.94707,44.11205],[-77.94538,44.11128],[-77.94193,44.11194],[-77.93514,44.1112],[-77.93362,44.11096],[-77.93171,44.10929],[-77.9302,44.10976],[-77.93054,44.11151],[-77.92874,44.11199],[-77.92803,44.11065],[-77.92546,44.11143],[-77.92617,44.11363],[-77.92438,44.1143],[-77.92478,44.11526],[-77.92372,44.11648],[-77.92478,44.11788],[-77.92285,44.11704],[-77.92263,44.11721],[-77.92255,44.12071],[-77.92585,44.12341],[-77.92591,44.12943],[-77.92746,44.12957],[-77.93197,44.12802],[-77.93327,44.12867]]]}},{"type":"Feature","properties":{"OGF_ID":494,"LAND_USE_DESIGNATION":"Countryside Area"},"geometry":{"type":"Polygon","coordinates":[[[-78.46295,44.14256],[-78.46573,44.14275],[-78.4623,44.14076],[-78.46295,44.14256]]]}},{"type":"Feature","properties":{"OGF_ID":495,"LAND_USE_DESIGNATION":"Natural Core Area"},"geometry":{"type":"Polygon","coordinates":[[[-79.60752,44.02577],[-79.61117,44.02155],[-79.61315,44.01748],[-79.61173,44.01848],[-79.61164,44.01966],[-79.60809,44.02087],[-79.6081,44.02414],[-79.60678,44.02546],[-79.60752,44.02577]]]}},{"type":"Feature","properties":{"OGF_ID":496,"LAND_USE_DESIGNATION":"Countryside Area"},"geometry":{"type":"Polygon","coordinates":[[[-79.8773,44.02856],[-79.88039,44.02614],[-79.87978,44.02564],[-79.87702,44.02614],[-79.87666,44.02506],[-79.87488,44.02549],[-79.87412,44.02327],[-79.87154,44.02303],[-79.86986,44.02427],[-79.86981,44.02536],[-79.86769,44.02571],[-79.8773,44.02856]]]}},{"type":"Feature","properties":{"OGF_ID":510,"LAND_USE_DESIGNATION":"Countryside Area"},"geometry":{"type":"Polygon","coordinates":[[[-78.83686,44.0765],[-78.83658,44.0745],[-78.83986,44.0705],[-78.84121,44.06919],[-78.84588,44.06727],[-78.84844,44.06326],[-78.84763,44.06142],[-78.8446,44.0613],[-78.84414,44.06041],[-78.83466,44.0627],[-78.83283,44.06164],[-78.82905,44.06503],[-78.82974,44.06748],[-78.82816,44.06793],[-78.82751,44.06661],[-78.82522,44.06618],[-78.82306,44.06746],[-78.8221,44.06979],[-78.82831,44.06843],[-78.83402,44.06949],[-78.83562,44.06802],[-78.83722,44.06791],[-78.83526,44.07213],[-78.83554,44.07489],[-78.83686,44.0765]]]}},{"type":"Feature","properties":{"OGF_ID":511,"LAND_USE_DESIGNATION":"Countryside Area"},"geometry":{"type":"Polygon","coordinates":[[[-78.85364,44.07362],[-78.85438,44.07356],[-78.85389,44.0727],[-78.85364,44.07362]]]}},{"type":"Feature","properties":{"OGF_ID":512,"LAND_USE_DESIGNATION":"Countryside Area"},"geometry":{"type":"Polygon","coordinates":[[[-78.26905,44.05893],[-78.26782,44.05826],[-78.26304,44.05832],[-78.262,44.06046],[-78.26482,44.05988],[-78.26518,44.06072],[-78.26905,44.05893]]]}},{"type":"Feature","properties":{"OGF_ID":83,"LAND_USE_DESIGNATION":"Countryside Area"},"geometry":{"type":"Polygon","coordinates":[[[-78.89245,44.03227],[-78.89053,44.03271],[-78.89095,44.03467],[-78.89309,44.03456],[-78.89245,44.03227]]]}},{"type":"Feature","properties":{"OGF_ID":84,"LAND_USE_DESIGNATION":"Countryside Area"},"geometry":{"type":"Polygon","coordinates":[[[-78.02989,44.21092],[-78.03008,44.21988],[-78.02849,44.22136],[-78.02156,44.22349],[-78.0189,44.22521],[-78.00687,44.23549],[-78.00735,44.2369],[-78.01671,44.23025],[-78.02902,44.22541],[-78.0318,44.2233],[-78.03648,44.2217],[-78.04163,44.21812],[-78.04174,44.21223],[-78.03952,44.20601],[-78.03917,44.19948],[-78.03782,44.20227],[-78.03574,44.20324],[-78.03427,44.20528],[-78.03556,44.20673],[-78.03525,44.20821],[-78.03783,44.20782],[-78.03855,44.21154],[-78.03492,44.21284],[-78.03447,44.21117],[-78.03257,44.20975],[-78.02989,44.21092]]]}},{"type":"Feature","properties":{"OGF_ID":35,"LAND_USE_DESIGNATION":"Rural Settlement"},"geometry":{"type":"Polygon","coordinates":[[[-78.33526,44.09657],[-78.32767,44.08064],[-78.31714,44.08329],[-78.31566,44.08771],[-78.31667,44.08812],[-78.31962,44.08874],[-78.32501,44.09169],[-78.32729,44.09275],[-78.32787,44.09411],[-78.33225,44.09631],[-78.33526,44.09657]]]}},{"type":"Feature","properties":{"OGF_ID":26,"LAND_USE_DESIGNATION":"Natural Linkage Area"},"geometry":{"type":"Polygon","coordinates":[[[-79.48811,43.96815],[-79.48905,43.972],[-79.49602,43.96994],[-79.49498,43.9671],[-79.50275,43.96548],[-79.50321,43.96908],[-79.51259,43.9672],[-79.51132,43.96147],[-79.51306,43.96183],[-79.51209,43.95737],[-79.51041,43.95725],[-79.50922,43.9522],[-79.50272,43.92382],[-79.50156,43.91913],[-79.50251,43.91795],[-79.50797,43.91666],[-79.51106,43.91469],[-79.5098,43.91167],[-79.50461,43.9127],[-79.50418,43.91106],[-79.5062,43.91054],[-79.50596,43.90889],[-79.5029,43.90551],[-79.50147,43.90187],[-79.49785,43.90412],[-79.49986,43.91202],[-79.48736,43.91442],[-79.48481,43.91274],[-79.48546,43.91188],[-79.48246,43.90619],[-79.48124,43.90621],[-79.48079,43.90511],[-79.47888,43.90572],[-79.47733,43.9045],[-79.47578,43.9016],[-79.47763,43.90109],[-79.47796,43.90026],[-79.47751,43.89827],[-79.47641,43.89756],[-79.47093,43.89876],[-79.47671,43.92104],[-79.47367,43.92207],[-79.47237,43.92357],[-79.46835,43.92443],[-79.46767,43.92457],[-79.46683,43.92475],[-79.46556,43.92206],[-79.46553,43.92197],[-79.46558,43.92098],[-79.46523,43.92047],[-79.46521,43.92044],[-79.46458,43.91932],[-79.46198,43.91989],[-79.46243,43.92125],[-79.46098,43.92241],[-79.46035,43.9245],[-79.45925,43.92491],[-79.45876,43.928],[-79.45391,43.9303],[-79.45259,43.93021],[-79.45229,43.92937],[-79.45169,43.92951],[-79.45187,43.92996],[-79.4534,43.93404],[-79.45351,43.93762],[-79.45344,43.93898],[-79.45746,43.93815],[-79.45705,43.93732],[-79.45839,43.93697],[-79.45975,43.93767],[-79.46938,43.93569],[-79.46859,43.93397],[-79.47184,43.93329],[-79.47183,43.93188],[-79.4736,43.9314],[-79.4728,43.92925],[-79.47677,43.92838],[-79.47889,43.92885],[-79.48811,43.96815]]]}},{"type":"Feature","properties":{"OGF_ID":27,"LAND_USE_DESIGNATION":"Palgrave Estates Residential Community"},"geometry":{"type":"Polygon","coordinates":[[[-79.79518,43.96304],[-79.79338,43.96361],[-79.79023,43.96651],[-79.78769,43.96677],[-79.78389,43.96561],[-79.7785,43.96624],[-79.7756,43.96515],[-79.77118,43.96651],[-79.77131,43.96769],[-79.7752,43.9682],[-79.77749,43.96989],[-79.78085,43.9705],[-79.78611,43.97458],[-79.79352,43.97218],[-79.79972,43.97108],[-79.79789,43.96577],[-79.79518,43.96304]]]}},{"type":"Feature","properties":{"OGF_ID":28,"LAND_USE_DESIGNATION":"Settlement Area"},"geometry":{"type":"Polygon","coordinates":[[[-79.40882,43.9507],[-79.41168,43.95151],[-79.41084,43.94731],[-79.40974,43.94707],[-79.40929,43.94586],[-79.41501,43.94582],[-79.41365,43.94207],[-79.41023,43.94008],[-79.40974,43.93884],[-79.40821,43.9353],[-79.40536,43.93645],[-79.40536,43.9364],[-79.40281,43.93772],[-79.40275,43.93774],[-79.40373,43.94403],[-79.40552,43.9514],[-79.40882,43.9507]]]}},{"type":"Feature","properties":{"OGF_ID":29,"LAND_USE_DESIGNATION":"Natural Linkage Area"},"geometry":{"type":"Polygon","coordinates":[[[-79.91813,43.84276],[-79.92637,43.83529],[-79.92455,43.834],[-79.92294,43.83489],[-79.92219,43.83452],[-79.91831,43.83813],[-79.91031,43.83227],[-79.90891,43.83353],[-79.91027,43.83491],[-79.90826,43.83407],[-79.90702,43.83518],[-79.90635,43.83797],[-79.90959,43.84039],[-79.91376,43.84093],[-79.91813,43.84276]]]}},{"type":"Feature","properties":{"OGF_ID":30,"LAND_USE_DESIGNATION":"Countryside Area"},"geometry":{"type":"Polygon","coordinates":[[[-79.87944,43.83424],[-79.88003,43.83461],[-79.88166,43.83317],[-79.88075,43.83225],[-79.87944,43.83424]]]}},{"type":"Feature","properties":{"OGF_ID":31,"LAND_USE_DESIGNATION":"Countryside Area"},"geometry":{"type":"Polygon","coordinates":[[[-79.88075,43.83225],[-79.88226,43.83086],[-79.88103,43.82717],[-79.87516,43.82361],[-79.87979,43.82872],[-79.88075,43.83225]]]}},{"type":"Feature","properties":{"OGF_ID":85,"LAND_USE_DESIGNATION":"Natural Linkage Area"},"geometry":{"type":"Polygon","coordinates":[[[-78.02989,44.21092],[-78.03257,44.20975],[-78.03447,44.21117],[-78.03492,44.21284],[-78.03855,44.21154],[-78.03783,44.20782],[-78.03525,44.20821],[-78.03556,44.20673],[-78.03427,44.20528],[-78.03574,44.20324],[-78.03782,44.20227],[-78.03917,44.19948],[-78.03834,44.19665],[-78.03695,44.19544],[-78.03675,44.19665],[-78.03524,44.19709],[-78.03576,44.19856],[-78.03374,44.19908],[-78.03367,44.20156],[-78.02989,44.21092]]]}},{"type":"Feature","properties":{"OGF_ID":223,"LAND_USE_DESIGNATION":"Countryside Area"},"geometry":{"type":"Polygon","coordinates":[[[-78.83578,44.03879],[-78.83491,44.03887],[-78.83566,44.04065],[-78.8372,44.04029],[-78.83578,44.03879]]]}},{"type":"Feature","properties":{"OGF_ID":201,"LAND_USE_DESIGNATION":"Natural Linkage Area"},"geometry":{"type":"Polygon","coordinates":[[[-79.85333,43.87484],[-79.85868,43.87251],[-79.857,43.87137],[-79.8532,43.87277],[-79.85387,43.87343],[-79.85333,43.87484]]]}},{"type":"Feature","properties":{"OGF_ID":202,"LAND_USE_DESIGNATION":"Countryside Area"},"geometry":{"type":"Polygon","coordinates":[[[-79.8532,43.87277],[-79.857,43.87137],[-79.85583,43.87084],[-79.85298,43.87241],[-79.8532,43.87277]]]}},{"type":"Feature","properties":{"OGF_ID":203,"LAND_USE_DESIGNATION":"Countryside Area"},"geometry":{"type":"Polygon","coordinates":[[[-78.40576,44.13018],[-78.40013,44.13167],[-78.40025,44.13308],[-78.40652,44.13134],[-78.40576,44.13018]]]}},{"type":"Feature","properties":{"OGF_ID":204,"LAND_USE_DESIGNATION":"Natural Linkage Area"},"geometry":{"type":"Polygon","coordinates":[[[-78.07405,44.11557],[-78.06899,44.11671],[-78.07277,44.12503],[-78.07752,44.12386],[-78.07405,44.11557]]]}},{"type":"Feature","properties":{"OGF_ID":497,"LAND_USE_DESIGNATION":"Countryside Area"},"geometry":{"type":"Polygon","coordinates":[[[-79.93902,44.02885],[-79.93624,44.02469],[-79.93232,44.02537],[-79.93308,44.0271],[-79.93481,44.029],[-79.93902,44.02885]]]}},{"type":"Feature","properties":{"OGF_ID":498,"LAND_USE_DESIGNATION":"Natural Linkage Area"},"geometry":{"type":"Polygon","coordinates":[[[-78.80153,44.0112],[-78.80481,44.0103],[-78.80274,44.00983],[-78.80213,44.00853],[-78.79824,44.0112],[-78.79798,44.01051],[-78.7964,44.01057],[-78.79157,44.01163],[-78.79883,44.01167],[-78.80202,44.01031],[-78.80153,44.0112]]]}},{"type":"Feature","properties":{"OGF_ID":17,"LAND_USE_DESIGNATION":"Countryside Area"},"geometry":{"type":"Polygon","coordinates":[[[-79.35192,43.99858],[-79.35569,43.99755],[-79.35318,43.99983],[-79.35371,44.00165],[-79.35464,44.00178],[-79.36489,43.99981],[-79.36235,43.98881],[-79.35029,43.9915],[-79.35192,43.99858]]]}},{"type":"Feature","properties":{"OGF_ID":18,"LAND_USE_DESIGNATION":"Natural Linkage Area"},"geometry":{"type":"Polygon","coordinates":[[[-79.66386,43.98131],[-79.66386,43.97865],[-79.66471,43.97796],[-79.66398,43.97368],[-79.66195,43.97212],[-79.65914,43.96469],[-79.65575,43.96545],[-79.65599,43.96639],[-79.65059,43.96761],[-79.6497,43.96407],[-79.64687,43.96268],[-79.6471,43.96471],[-79.64848,43.96811],[-79.64615,43.96864],[-79.64367,43.97174],[-79.64471,43.97586],[-79.63859,43.97721],[-79.63512,43.97503],[-79.63368,43.9728],[-79.63157,43.97322],[-79.63204,43.97564],[-79.6355,43.97797],[-79.63445,43.97821],[-79.63481,43.97926],[-79.63982,43.97812],[-79.64551,43.9779],[-79.64736,43.97471],[-79.64679,43.97192],[-79.64747,43.97095],[-79.65001,43.96976],[-79.65768,43.96823],[-79.65913,43.97287],[-79.66191,43.97475],[-79.66248,43.97816],[-79.66145,43.98165],[-79.66386,43.98131]]]}},{"type":"Feature","properties":{"OGF_ID":19,"LAND_USE_DESIGNATION":"Countryside Area"},"geometry":{"type":"Polygon","coordinates":[[[-79.66145,43.98165],[-79.66248,43.97816],[-79.66191,43.97475],[-79.65913,43.97287],[-79.65768,43.96823],[-79.65001,43.96976],[-79.64747,43.97095],[-79.64679,43.97192],[-79.64736,43.97471],[-79.64551,43.9779],[-79.65508,43.97754],[-79.65905,43.97851],[-79.66046,43.9815],[-79.66145,43.98165]]]}},{"type":"Feature","properties":{"OGF_ID":20,"LAND_USE_DESIGNATION":"Countryside Area"},"geometry":{"type":"Polygon","coordinates":[[[-79.63481,43.97926],[-79.63445,43.97821],[-79.6355,43.97797],[-79.63204,43.97564],[-79.63261,43.97861],[-79.63065,43.97904],[-79.63074,43.98115],[-79.63481,43.97926]]]}},{"type":"Feature","properties":{"OGF_ID":21,"LAND_USE_DESIGNATION":"Countryside Area"},"geometry":{"type":"Polygon","coordinates":[[[-79.68612,43.97928],[-79.68497,43.97756],[-79.68338,43.97786],[-79.68309,43.97708],[-79.68,43.97763],[-79.67921,43.97608],[-79.6805,43.97571],[-79.68021,43.97172],[-79.68153,43.97006],[-79.68006,43.96614],[-79.67899,43.96572],[-79.68015,43.96424],[-79.67924,43.95986],[-79.67715,43.96],[-79.67679,43.95907],[-79.67465,43.95942],[-79.67426,43.95791],[-79.68156,43.95638],[-79.68048,43.95228],[-79.67642,43.95307],[-79.67503,43.94944],[-79.67209,43.95001],[-79.67102,43.94667],[-79.66372,43.94816],[-79.66395,43.94951],[-79.65416,43.95155],[-79.65305,43.95184],[-79.6546,43.95611],[-79.65305,43.95674],[-79.65406,43.95934],[-79.64646,43.96096],[-79.64687,43.96268],[-79.6497,43.96407],[-79.65059,43.96761],[-79.65599,43.96639],[-79.65575,43.96545],[-79.65914,43.96469],[-79.66195,43.97212],[-79.66398,43.97368],[-79.66471,43.97796],[-79.66386,43.97865],[-79.66386,43.98131],[-79.67154,43.97861],[-79.68612,43.97928]]]}},{"type":"Feature","properties":{"OGF_ID":536,"LAND_USE_DESIGNATION":"Countryside Area"},"geometry":{"type":"Polygon","coordinates":[[[-79.57535,44.04382],[-79.59277,44.03615],[-79.60732,44.02601],[-79.60559,44.02639],[-79.60307,44.02926],[-79.59424,44.035],[-79.58407,44.03897],[-79.57535,44.04382]]]}},{"type":"Feature","properties":{"OGF_ID":537,"LAND_USE_DESIGNATION":"Natural Linkage Area"},"geometry":{"type":"Polygon","coordinates":[[[-78.65265,44.02851],[-78.65382,44.0283],[-78.65328,44.02705],[-78.65265,44.02851]]]}},{"type":"Feature","properties":{"OGF_ID":538,"LAND_USE_DESIGNATION":"Countryside Area"},"geometry":{"type":"Polygon","coordinates":[[[-79.2364,44.03274],[-79.2383,44.03817],[-79.24784,44.03587],[-79.24519,44.0299],[-79.26367,44.02568],[-79.26355,44.02514],[-79.2653,44.02476],[-79.26508,44.02405],[-79.26809,44.0234],[-79.26569,44.01361],[-79.2538,44.01633],[-79.2532,44.01453],[-79.24103,44.01726],[-79.23998,44.01303],[-79.22099,44.02414],[-79.22259,44.02811],[-79.23083,44.02621],[-79.23309,44.03149],[-79.23567,44.03088],[-79.2364,44.03274]]]}},{"type":"Feature","properties":{"OGF_ID":539,"LAND_USE_DESIGNATION":"Natural Linkage Area"},"geometry":{"type":"Polygon","coordinates":[[[-78.08072,44.01338],[-78.08125,44.01432],[-78.08256,44.01409],[-78.08221,44.01334],[-78.08072,44.01338]]]}},{"type":"Feature","properties":{"OGF_ID":540,"LAND_USE_DESIGNATION":"Rural Settlement"},"geometry":{"type":"Polygon","coordinates":[[[-79.27576,44.03882],[-79.2768,44.03861],[-79.27674,44.03469],[-79.28333,44.03313],[-79.28135,44.03106],[-79.27975,44.02629],[-79.27509,44.02504],[-79.26935,44.02608],[-79.2685,44.02479],[-79.26945,44.02437],[-79.26917,44.02317],[-79.26809,44.0234],[-79.26508,44.02405],[-79.2653,44.02476],[-79.26355,44.02514],[-79.26367,44.02568],[-79.26468,44.02546],[-79.26419,44.02634],[-79.26537,44.02937],[-79.2681,44.02877],[-79.26892,44.02946],[-79.26726,44.03196],[-79.2657,44.03262],[-79.26485,44.03152],[-79.2649,44.03298],[-79.2632,44.03365],[-79.26411,44.03407],[-79.26608,44.03311],[-79.26681,44.03387],[-79.26554,44.03486],[-79.26677,44.03634],[-79.27225,44.0357],[-79.27287,44.03842],[-79.27576,44.03882]]]}},{"type":"Feature","properties":{"OGF_ID":541,"LAND_USE_DESIGNATION":"Countryside Area"},"geometry":{"type":"Polygon","coordinates":[[[-78.71621,44.02528],[-78.7178,44.02507],[-78.71828,44.02579],[-78.71685,44.02635],[-78.71712,44.0277],[-78.72012,44.02699],[-78.72145,44.02498],[-78.72131,44.02349],[-78.71861,44.02369],[-78.71621,44.02528]]]}},{"type":"Feature","properties":{"OGF_ID":542,"LAND_USE_DESIGNATION":"Rural Settlement"},"geometry":{"type":"Polygon","coordinates":[[[-78.74886,44.02695],[-78.74886,44.02695],[-78.7497,44.02735],[-78.74886,44.02695]]]}},{"type":"Feature","properties":{"OGF_ID":543,"LAND_USE_DESIGNATION":"Countryside Area"},"geometry":{"type":"Polygon","coordinates":[[[-78.67764,44.01793],[-78.67656,44.01812],[-78.67534,44.02567],[-78.67915,44.02484],[-78.67764,44.01793]]]}},{"type":"Feature","properties":{"OGF_ID":544,"LAND_USE_DESIGNATION":"Rural Settlement"},"geometry":{"type":"Polygon","coordinates":[[[-78.75184,44.02576],[-78.7522,44.02658],[-78.75397,44.02614],[-78.7527,44.02466],[-78.75184,44.02576]]]}},{"type":"Feature","properties":{"OGF_ID":293,"LAND_USE_DESIGNATION":"Countryside Area"},"geometry":{"type":"Polygon","coordinates":[[[-79.90109,43.9794],[-79.90186,43.98215],[-79.90409,43.98171],[-79.90526,43.98315],[-79.90704,43.98263],[-79.90729,43.98365],[-79.9059,43.98402],[-79.90668,43.98676],[-79.90892,43.98639],[-79.90955,43.98895],[-79.9167,43.9874],[-79.91937,43.98671],[-79.91831,43.98228],[-79.91988,43.9818],[-79.92008,43.9807],[-79.93225,43.97809],[-79.93124,43.97668],[-79.93079,43.97187],[-79.92778,43.97133],[-79.92716,43.97045],[-79.92526,43.97061],[-79.92449,43.96875],[-79.9174,43.97052],[-79.91771,43.9719],[-79.91222,43.97332],[-79.91085,43.97331],[-79.90997,43.97188],[-79.90568,43.97286],[-79.90696,43.97805],[-79.90109,43.9794]]]}},{"type":"Feature","properties":{"OGF_ID":114,"LAND_USE_DESIGNATION":"Countryside Area"},"geometry":{"type":"Polygon","coordinates":[[[-78.18152,44.09664],[-78.17907,44.09725],[-78.17958,44.09824],[-78.17795,44.10068],[-78.17571,44.1015],[-78.17656,44.10352],[-78.1692,44.10499],[-78.17142,44.10982],[-78.17647,44.10872],[-78.17801,44.11211],[-78.18136,44.10901],[-78.18408,44.10297],[-78.18566,44.10316],[-78.18841,44.10051],[-78.18767,44.09875],[-78.18912,44.09775],[-78.18866,44.09692],[-78.18561,44.09687],[-78.18592,44.09555],[-78.18152,44.09664]]]}},{"type":"Feature","properties":{"OGF_ID":111,"LAND_USE_DESIGNATION":"Natural Core Area"},"geometry":{"type":"Polygon","coordinates":[[[-79.37268,44.13867],[-79.37268,44.13867],[-79.37105,44.13853],[-79.37268,44.13867]]]}},{"type":"Feature","properties":{"OGF_ID":112,"LAND_USE_DESIGNATION":"Countryside Area"},"geometry":{"type":"Polygon","coordinates":[[[-78.39127,44.11887],[-78.39255,44.118],[-78.39253,44.11677],[-78.39646,44.11439],[-78.40083,44.11398],[-78.40392,44.11516],[-78.40944,44.11495],[-78.40844,44.11261],[-78.40424,44.11029],[-78.40164,44.11006],[-78.39776,44.11041],[-78.39641,44.11107],[-78.39705,44.11221],[-78.39562,44.11268],[-78.39505,44.11198],[-78.39333,44.11274],[-78.39255,44.11593],[-78.39088,44.11672],[-78.39127,44.11887]]]}},{"type":"Feature","properties":{"OGF_ID":350,"LAND_USE_DESIGNATION":"Countryside Area"},"geometry":{"type":"Polygon","coordinates":[[[-78.76057,44.03716],[-78.76174,44.0385],[-78.76172,44.04047],[-78.76442,44.04178],[-78.76832,44.04105],[-78.76869,44.04186],[-78.77193,44.04237],[-78.77401,44.04374],[-78.77819,44.04291],[-78.77917,44.04194],[-78.77996,44.04244],[-78.79636,44.0392],[-78.79587,44.03862],[-78.79754,44.0377],[-78.79762,44.03664],[-78.79533,44.03349],[-78.79631,44.03273],[-78.79736,44.02867],[-78.79465,44.02946],[-78.79383,44.03184],[-78.79133,44.02618],[-78.78972,44.02722],[-78.78963,44.02863],[-78.78803,44.02579],[-78.78555,44.02617],[-78.7849,44.02721],[-78.78514,44.02463],[-78.78745,44.02244],[-78.78616,44.02074],[-78.78457,44.0213],[-78.7833,44.02084],[-78.78154,44.02186],[-78.78173,44.01991],[-78.78045,44.02013],[-78.78027,44.01939],[-78.77805,44.01989],[-78.77942,44.02296],[-78.77462,44.02406],[-78.77318,44.02087],[-78.76834,44.022],[-78.76599,44.01566],[-78.76589,44.01613],[-78.76196,44.01347],[-78.76116,44.01358],[-78.76082,44.01507],[-78.75877,44.01448],[-78.75715,44.01676],[-78.75743,44.01962],[-78.75581,44.02145],[-78.75993,44.02251],[-78.75388,44.02315],[-78.7527,44.02466],[-78.75397,44.02614],[-78.7522,44.02658],[-78.75184,44.02576],[-78.75148,44.02622],[-78.7538,44.02948],[-78.7567,44.03038],[-78.75841,44.03],[-78.75725,44.03081],[-78.75742,44.03226],[-78.76057,44.03716]]]}},{"type":"Feature","properties":{"OGF_ID":351,"LAND_USE_DESIGNATION":"Countryside Area"},"geometry":{"type":"Polygon","coordinates":[[[-78.59049,44.02497],[-78.59939,44.02484],[-78.60528,44.02769],[-78.6078,44.02758],[-78.60814,44.02884],[-78.60573,44.02896],[-78.60569,44.02978],[-78.60391,44.02778],[-78.60142,44.02765],[-78.60256,44.03104],[-78.59787,44.03137],[-78.59689,44.03229],[-78.5972,44.03332],[-78.60397,44.0361],[-78.6034,44.03406],[-78.60715,44.03281],[-78.6102,44.03978],[-78.61287,44.03932],[-78.61336,44.04011],[-78.61545,44.03974],[-78.61588,44.04041],[-78.62317,44.0387],[-78.62273,44.03748],[-78.62514,44.03686],[-78.62427,44.03405],[-78.62292,44.0334],[-78.62539,44.03253],[-78.62581,44.02869],[-78.62419,44.02891],[-78.62382,44.02836],[-78.62868,44.02542],[-78.62831,44.02291],[-78.63183,44.02418],[-78.63329,44.02452],[-78.63378,44.02386],[-78.63266,44.02205],[-78.63537,44.02086],[-78.63238,44.02188],[-78.63227,44.01867],[-78.62769,44.01703],[-78.62856,44.01257],[-78.62695,44.01359],[-78.6251,44.02033],[-78.62449,44.01872],[-78.62272,44.01997],[-78.62276,44.01756],[-78.62051,44.01892],[-78.62037,44.01789],[-78.61848,44.01684],[-78.61886,44.01284],[-78.61793,44.01168],[-78.61666,44.01133],[-78.6159,44.01196],[-78.61594,44.01217],[-78.61503,44.01267],[-78.61416,44.01347],[-78.61022,44.01447],[-78.61059,44.01547],[-78.61079,44.01638],[-78.60978,44.01618],[-78.60901,44.01441],[-78.60802,44.0129],[-78.61115,44.01214],[-78.61083,44.01138],[-78.60967,44.01195],[-78.60898,44.00991],[-78.60541,44.0102],[-78.60474,44.01203],[-78.60396,44.01122],[-78.60374,44.00538],[-78.59623,44.00784],[-78.59597,44.0044],[-78.59062,44.00138],[-78.59256,43.995],[-78.59032,43.99572],[-78.5887,43.99842],[-78.5877,43.9977],[-78.58831,43.99527],[-78.58385,43.99589],[-78.58456,43.99292],[-78.58355,43.9923],[-78.58056,43.99248],[-78.5808,43.99067],[-78.57829,43.98914],[-78.57753,43.98661],[-78.57479,43.98689],[-78.57314,43.98828],[-78.57412,43.98914],[-78.57579,43.98907],[-78.57672,43.99022],[-78.57182,43.99147],[-78.57222,43.99269],[-78.57079,43.99315],[-78.57116,43.99487],[-78.5748,43.99788],[-78.57229,43.99849],[-78.57289,44.00025],[-78.5711,44.00076],[-78.56896,44.00081],[-78.5685,43.99984],[-78.56706,43.99989],[-78.56625,44.00148],[-78.56631,43.99799],[-78.56504,43.99928],[-78.56272,43.99943],[-78.56252,44.00131],[-78.56172,43.99957],[-78.56,44.00044],[-78.55974,43.99876],[-78.5557,43.99827],[-78.5539,43.99915],[-78.5546,44.0024],[-78.55211,44.00202],[-78.5522,44.00397],[-78.55107,44.0032],[-78.5497,44.00344],[-78.55008,44.00136],[-78.5476,44.00161],[-78.5467,44.00063],[-78.54446,44.00154],[-78.54383,43.99969],[-78.54016,44.00046],[-78.53943,44.00404],[-78.53638,44.00479],[-78.53813,44.00917],[-78.53889,44.00899],[-78.53958,44.01067],[-78.54216,44.01052],[-78.54393,44.01426],[-78.54498,44.0143],[-78.54649,44.01403],[-78.5458,44.01231],[-78.54792,44.01174],[-78.54759,44.01031],[-78.54934,44.0082],[-78.55257,44.00752],[-78.55043,44.00893],[-78.55041,44.01052],[-78.55534,44.0103],[-78.55793,44.01585],[-78.563,44.01476],[-78.56449,44.01779],[-78.56751,44.01715],[-78.56802,44.01799],[-78.56942,44.01774],[-78.57166,44.02275],[-78.56997,44.02315],[-78.5713,44.02617],[-78.57464,44.02677],[-78.57909,44.02635],[-78.58214,44.02443],[-78.58691,44.02459],[-78.58995,44.02313],[-78.59049,44.02497]]]}},{"type":"Feature","properties":{"OGF_ID":359,"LAND_USE_DESIGNATION":"Countryside Area"},"geometry":{"type":"Polygon","coordinates":[[[-79.08095,44.0874],[-79.0765,44.08658],[-79.07255,44.08241],[-79.07269,44.08416],[-79.07154,44.08433],[-79.07032,44.08222],[-79.06725,44.08291],[-79.06643,44.08167],[-79.0656,44.08],[-79.06904,44.07885],[-79.06996,44.07965],[-79.07102,44.07909],[-79.07157,44.07397],[-79.07051,44.07057],[-79.06858,44.07101],[-79.06814,44.06999],[-79.05956,44.07156],[-79.05821,44.0698],[-79.05719,44.06985],[-79.05647,44.06813],[-79.05309,44.06861],[-79.0537,44.07024],[-79.05485,44.07006],[-79.05719,44.07236],[-79.05479,44.07306],[-79.0557,44.07416],[-79.05447,44.07427],[-79.05295,44.07233],[-79.0451,44.0735],[-79.04551,44.07529],[-79.04458,44.07547],[-79.04573,44.08143],[-79.04374,44.08698],[-79.04402,44.08756],[-79.04679,44.08674],[-79.0477,44.08735],[-79.04804,44.09379],[-79.05255,44.09315],[-79.05729,44.09596],[-79.05976,44.0949],[-79.06227,44.09098],[-79.06542,44.09155],[-79.06793,44.09439],[-79.06781,44.09607],[-79.06872,44.09584],[-79.06944,44.0974],[-79.07111,44.09701],[-79.07312,44.09437],[-79.07535,44.09343],[-79.07432,44.09091],[-79.07586,44.09058],[-79.07833,44.09127],[-79.08175,44.09049],[-79.08201,44.09122],[-79.09139,44.08902],[-79.08446,44.08644],[-79.08095,44.0874]]]}},{"type":"Feature","properties":{"OGF_ID":22,"LAND_USE_DESIGNATION":"Countryside Area"},"geometry":{"type":"Polygon","coordinates":[[[-78.81489,44.02456],[-78.81251,44.025],[-78.81341,44.02859],[-78.81203,44.02728],[-78.81105,44.02745],[-78.81061,44.02598],[-78.80788,44.02657],[-78.80806,44.02792],[-78.80723,44.02746],[-78.8052,44.02813],[-78.80741,44.0335],[-78.80606,44.03277],[-78.80542,44.0337],[-78.80498,44.03026],[-78.80322,44.02931],[-78.80246,44.02747],[-78.80094,44.02774],[-78.80326,44.0329],[-78.80177,44.03348],[-78.80112,44.03133],[-78.80042,44.03297],[-78.79962,44.03319],[-78.79873,44.03221],[-78.79752,44.03438],[-78.80016,44.03789],[-78.80286,44.03765],[-78.80228,44.03658],[-78.80392,44.03622],[-78.80716,44.03804],[-78.81058,44.0383],[-78.81844,44.035],[-78.81489,44.02456]]]}},{"type":"Feature","properties":{"OGF_ID":23,"LAND_USE_DESIGNATION":"Countryside Area"},"geometry":{"type":"Polygon","coordinates":[[[-78.10262,44.01608],[-78.09919,44.01694],[-78.10113,44.02103],[-78.10369,44.02034],[-78.10262,44.01608]]]}},{"type":"Feature","properties":{"OGF_ID":24,"LAND_USE_DESIGNATION":"Countryside Area"},"geometry":{"type":"Polygon","coordinates":[[[-79.54553,44.04034],[-79.54003,44.04161],[-79.54588,44.04412],[-79.55368,44.04529],[-79.55395,44.04597],[-79.55705,44.0468],[-79.55748,44.04817],[-79.55926,44.04713],[-79.56389,44.04623],[-79.56488,44.04764],[-79.56836,44.04544],[-79.56696,44.0447],[-79.56684,44.04282],[-79.56895,44.04254],[-79.56953,44.04431],[-79.57191,44.04396],[-79.58571,44.03736],[-79.58485,44.03413],[-79.58252,44.03448],[-79.58189,44.03193],[-79.54553,44.04034]]]}},{"type":"Feature","properties":{"OGF_ID":25,"LAND_USE_DESIGNATION":"Countryside Area"},"geometry":{"type":"Polygon","coordinates":[[[-79.02881,44.04022],[-79.03223,44.03873],[-79.03441,44.03907],[-79.03903,44.03808],[-79.03737,44.0339],[-79.03533,44.03184],[-79.04003,44.03066],[-79.03807,44.02547],[-79.03093,44.02705],[-79.03212,44.02997],[-79.02527,44.03178],[-79.02881,44.04022]]]}},{"type":"Feature","properties":{"OGF_ID":284,"LAND_USE_DESIGNATION":"Natural Core Area"},"geometry":{"type":"Polygon","coordinates":[[[-79.39091,44.1419],[-79.39166,44.14128],[-79.39378,44.14144],[-79.39384,44.14084],[-79.39211,44.14026],[-79.39002,44.14125],[-79.39091,44.1419]]]}},{"type":"Feature","properties":{"OGF_ID":285,"LAND_USE_DESIGNATION":"Countryside Area"},"geometry":{"type":"Polygon","coordinates":[[[-78.3933,44.12232],[-78.39722,44.12333],[-78.40295,44.1216],[-78.40504,44.12043],[-78.40449,44.11891],[-78.40616,44.11848],[-78.40525,44.1167],[-78.40207,44.11679],[-78.40081,44.11578],[-78.39633,44.11631],[-78.39466,44.11739],[-78.39464,44.11841],[-78.39633,44.11823],[-78.39785,44.11902],[-78.39844,44.12055],[-78.3942,44.12176],[-78.39306,44.11985],[-78.39221,44.12127],[-78.3933,44.12232]]]}},{"type":"Feature","properties":{"OGF_ID":244,"LAND_USE_DESIGNATION":"Countryside Area"},"geometry":{"type":"Polygon","coordinates":[[[-77.95628,44.09756],[-77.96207,44.0962],[-77.96325,44.09897],[-77.96777,44.09786],[-77.96843,44.09893],[-77.97294,44.09742],[-77.97178,44.09491],[-77.97003,44.09463],[-77.96929,44.09234],[-77.96607,44.09304],[-77.96156,44.08266],[-77.96002,44.08424],[-77.95253,44.08642],[-77.95101,44.08801],[-77.95172,44.08921],[-77.9495,44.09089],[-77.94872,44.09016],[-77.94668,44.0913],[-77.94563,44.08988],[-77.94373,44.09105],[-77.94444,44.09233],[-77.94761,44.09275],[-77.95561,44.09142],[-77.95837,44.09381],[-77.95615,44.09424],[-77.95598,44.09514],[-77.95267,44.09645],[-77.95628,44.09756]]]}},{"type":"Feature","properties":{"OGF_ID":245,"LAND_USE_DESIGNATION":"Countryside Area"},"geometry":{"type":"Polygon","coordinates":[[[-79.39048,44.12649],[-79.39317,44.12153],[-79.38856,44.12445],[-79.38204,44.12304],[-79.37938,44.12368],[-79.37795,44.1224],[-79.37606,44.1226],[-79.37592,44.12619],[-79.3776,44.12585],[-79.3783,44.12779],[-79.38299,44.12679],[-79.38332,44.1277],[-79.39048,44.12649]]]}},{"type":"Feature","properties":{"OGF_ID":147,"LAND_USE_DESIGNATION":"Countryside Area"},"geometry":{"type":"Polygon","coordinates":[[[-78.86495,43.99261],[-78.86383,43.99506],[-78.85999,43.99703],[-78.85969,43.99948],[-78.85725,44.00006],[-78.85282,44.00316],[-78.85177,44.00596],[-78.85365,44.01021],[-78.84896,44.01087],[-78.8485,44.01037],[-78.8465,44.01139],[-78.84647,44.01432],[-78.84779,44.01409],[-78.84843,44.01595],[-78.84768,44.01786],[-78.85137,44.02027],[-78.85246,44.01932],[-78.85341,44.01947],[-78.85513,44.02479],[-78.85023,44.02652],[-78.85416,44.0342],[-78.85654,44.0332],[-78.85677,44.03212],[-78.8554,44.03152],[-78.85854,44.03089],[-78.85969,44.02947],[-78.86127,44.03159],[-78.86099,44.03265],[-78.85738,44.03371],[-78.85501,44.03551],[-78.85501,44.03671],[-78.85077,44.03576],[-78.84958,44.03603],[-78.85006,44.03741],[-78.84463,44.03859],[-78.84733,44.04461],[-78.87445,44.0358],[-78.87184,44.03072],[-78.87446,44.02834],[-78.87367,44.02418],[-78.87654,44.02085],[-78.87388,44.02169],[-78.87295,44.02006],[-78.87193,44.02022],[-78.87142,44.01813],[-78.88118,44.01117],[-78.88741,44.00881],[-78.88388,44.00534],[-78.87956,44.00783],[-78.87714,44.01091],[-78.87635,44.01033],[-78.8738,44.01134],[-78.87637,44.00896],[-78.87816,44.00507],[-78.87592,44.00621],[-78.87579,44.00449],[-78.87165,44.00503],[-78.87245,44.00412],[-78.87659,44.00358],[-78.87771,44.00278],[-78.87423,44.0015],[-78.87295,44.00229],[-78.87169,44.00194],[-78.87103,44.00366],[-78.87041,44.00239],[-78.86815,44.0057],[-78.86768,44.00513],[-78.86898,44.00284],[-78.87186,44.0008],[-78.87187,44.0],[-78.8698,44.00021],[-78.86772,44.00146],[-78.86694,44.00008],[-78.86749,43.9989],[-78.86586,43.99801],[-78.86805,43.99115],[-78.86716,43.98944],[-78.86495,43.99261]]]}},{"type":"Feature","properties":{"OGF_ID":118,"LAND_USE_DESIGNATION":"Countryside Area"},"geometry":{"type":"Polygon","coordinates":[[[-78.38968,44.11576],[-78.39125,44.11427],[-78.39102,44.11192],[-78.39365,44.11026],[-78.395,44.10796],[-78.40015,44.10662],[-78.39866,44.1035],[-78.3996,44.103],[-78.39921,44.10182],[-78.40028,44.10144],[-78.39842,44.09726],[-78.39227,44.09877],[-78.39328,44.09941],[-78.39223,44.10089],[-78.39291,44.10249],[-78.39022,44.10283],[-78.39084,44.10432],[-78.38806,44.10858],[-78.38856,44.11102],[-78.38686,44.11147],[-78.38768,44.11518],[-78.38968,44.11576]]]}},{"type":"Feature","properties":{"OGF_ID":243,"LAND_USE_DESIGNATION":"Natural Linkage Area"},"geometry":{"type":"Polygon","coordinates":[[[-79.39214,44.12811],[-79.39485,44.12449],[-79.39467,44.12133],[-79.39317,44.12153],[-79.39048,44.12649],[-79.39214,44.12811]]]}},{"type":"Feature","properties":{"OGF_ID":274,"LAND_USE_DESIGNATION":"Countryside Area"},"geometry":{"type":"Polygon","coordinates":[[[-78.17351,44.05099],[-78.17233,44.05094],[-78.1724,44.04908],[-78.17084,44.04927],[-78.16535,44.05343],[-78.16033,44.05213],[-78.16071,44.05727],[-78.16322,44.0618],[-78.16488,44.06179],[-78.16541,44.06287],[-78.16698,44.06276],[-78.1679,44.06419],[-78.16893,44.06408],[-78.16963,44.06581],[-78.17169,44.06491],[-78.17057,44.06265],[-78.17548,44.06131],[-78.17544,44.05978],[-78.17648,44.05924],[-78.17658,44.05404],[-78.17408,44.05465],[-78.17322,44.05589],[-78.17371,44.05738],[-78.17199,44.05873],[-78.17017,44.05784],[-78.16936,44.05572],[-78.17326,44.05443],[-78.17351,44.05099]]]}},{"type":"Feature","properties":{"OGF_ID":276,"LAND_USE_DESIGNATION":"Natural Core Area"},"geometry":{"type":"Polygon","coordinates":[[[-79.98295,44.0068],[-79.9765,43.98208],[-79.97949,43.99381],[-79.97667,43.99443],[-79.97618,43.99706],[-79.97255,43.99791],[-79.9683,43.99754],[-79.96747,43.99932],[-79.968,44.00105],[-79.96956,44.00168],[-79.96643,44.00417],[-79.96741,44.00621],[-79.96793,44.00669],[-79.97267,44.00514],[-79.97262,44.00672],[-79.97397,44.00707],[-79.97456,44.00875],[-79.97748,44.00761],[-79.98112,44.00797],[-79.98295,44.0068]]]}},{"type":"Feature","properties":{"OGF_ID":277,"LAND_USE_DESIGNATION":"Natural Linkage Area"},"geometry":{"type":"Polygon","coordinates":[[[-79.06492,43.99534],[-79.06301,43.9909],[-79.06237,43.99153],[-79.06038,43.99146],[-79.0584,43.9914],[-79.05583,43.99131],[-79.05839,43.9946],[-79.06229,43.99245],[-79.06353,43.99631],[-79.0652,43.99677],[-79.06492,43.99534]]]}},{"type":"Feature","properties":{"OGF_ID":278,"LAND_USE_DESIGNATION":"Countryside Area"},"geometry":{"type":"Polygon","coordinates":[[[-79.10889,43.98482],[-79.1043,43.98295],[-79.10395,43.98537],[-79.09727,43.98555],[-79.09406,43.98737],[-79.09466,43.98961],[-79.09734,43.99081],[-79.09887,43.99286],[-79.10428,43.99229],[-79.10624,43.99665],[-79.10844,43.99668],[-79.1062,43.99131],[-79.10981,43.99064],[-79.10722,43.98774],[-79.10966,43.98678],[-79.10889,43.98482]]]}},{"type":"Feature","properties":{"OGF_ID":308,"LAND_USE_DESIGNATION":"Countryside Area"},"geometry":{"type":"Polygon","coordinates":[[[-79.72705,43.98269],[-79.72763,43.98066],[-79.72969,43.98013],[-79.73017,43.97866],[-79.73201,43.97821],[-79.73108,43.97565],[-79.73371,43.97226],[-79.73274,43.96878],[-79.72683,43.97012],[-79.72694,43.97162],[-79.72561,43.97203],[-79.7261,43.97388],[-79.72084,43.97499],[-79.71563,43.97837],[-79.72017,43.97876],[-79.72705,43.98269]]]}},{"type":"Feature","properties":{"OGF_ID":309,"LAND_USE_DESIGNATION":"Countryside Area"},"geometry":{"type":"Polygon","coordinates":[[[-79.11648,44.0965],[-79.12047,44.09727],[-79.1245,44.09655],[-79.12526,44.09437],[-79.12358,44.09264],[-79.12635,44.09249],[-79.12521,44.08908],[-79.1243,44.08713],[-79.11577,44.08945],[-79.11742,44.09225],[-79.11665,44.09231],[-79.1163,44.09374],[-79.11907,44.09327],[-79.11967,44.09458],[-79.11681,44.09473],[-79.11648,44.0965]]]}},{"type":"Feature","properties":{"OGF_ID":173,"LAND_USE_DESIGNATION":"Palgrave Estates Residential Community"},"geometry":{"type":"Polygon","coordinates":[[[-79.77602,43.92872],[-79.75268,43.94908],[-79.75704,43.95702],[-79.75963,43.95689],[-79.76516,43.95351],[-79.76715,43.95081],[-79.76678,43.94766],[-79.7693,43.94843],[-79.77169,43.94721],[-79.77454,43.9472],[-79.77787,43.94459],[-79.77861,43.94293],[-79.77757,43.93829],[-79.77793,43.93006],[-79.77602,43.92872]]]}},{"type":"Feature","properties":{"OGF_ID":174,"LAND_USE_DESIGNATION":"Countryside Area"},"geometry":{"type":"Polygon","coordinates":[[[-79.53327,43.94684],[-79.53428,43.95036],[-79.53586,43.95006],[-79.53759,43.95143],[-79.54,43.95167],[-79.54109,43.95255],[-79.54414,43.95198],[-79.54434,43.94944],[-79.54066,43.94877],[-79.54283,43.94812],[-79.54346,43.94708],[-79.54192,43.94491],[-79.53327,43.94684]]]}},{"type":"Feature","properties":{"OGF_ID":298,"LAND_USE_DESIGNATION":"Palgrave Estates Residential Community"},"geometry":{"type":"Polygon","coordinates":[[[-79.85193,43.96933],[-79.84847,43.96805],[-79.84665,43.96928],[-79.84416,43.96836],[-79.84353,43.9677],[-79.84584,43.96597],[-79.84511,43.96546],[-79.84944,43.96098],[-79.84785,43.96079],[-79.84517,43.95838],[-79.84197,43.95808],[-79.83697,43.95534],[-79.83315,43.95496],[-79.8265,43.96084],[-79.8211,43.95694],[-79.81899,43.95859],[-79.81657,43.96396],[-79.80815,43.96985],[-79.8064,43.97512],[-79.80667,43.97771],[-79.8035,43.98096],[-79.80454,43.9834],[-79.85021,43.97355],[-79.8516,43.97225],[-79.85193,43.96933]]]}},{"type":"Feature","properties":{"OGF_ID":299,"LAND_USE_DESIGNATION":"Countryside Area"},"geometry":{"type":"Polygon","coordinates":[[[-78.28868,44.09983],[-78.28845,44.09892],[-78.28673,44.09927],[-78.28631,44.09872],[-78.28298,44.10197],[-78.28188,44.10134],[-78.2773,44.10418],[-78.2776,44.10499],[-78.27401,44.1086],[-78.2702,44.11035],[-78.27389,44.10951],[-78.27743,44.10623],[-78.28468,44.10273],[-78.28597,44.10099],[-78.28868,44.09983]]]}},{"type":"Feature","properties":{"OGF_ID":300,"LAND_USE_DESIGNATION":"Countryside Area"},"geometry":{"type":"Polygon","coordinates":[[[-78.38297,44.11101],[-78.38607,44.11024],[-78.38513,44.10819],[-78.38695,44.10741],[-78.38779,44.1035],[-78.38217,44.1034],[-78.37803,44.1043],[-78.37878,44.10602],[-78.38358,44.10835],[-78.38297,44.11101]]]}},{"type":"Feature","properties":{"OGF_ID":87,"LAND_USE_DESIGNATION":"Natural Linkage Area"},"geometry":{"type":"Polygon","coordinates":[[[-77.99418,44.20084],[-77.99145,44.20085],[-77.99258,44.19889],[-77.99181,44.1971],[-77.98823,44.19763],[-77.98873,44.19985],[-77.98543,44.20061],[-77.98692,44.20271],[-77.99156,44.20386],[-77.99418,44.20084]]]}},{"type":"Feature","properties":{"OGF_ID":88,"LAND_USE_DESIGNATION":"Countryside Area"},"geometry":{"type":"Polygon","coordinates":[[[-78.01281,44.19719],[-78.01186,44.19587],[-78.00944,44.1965],[-78.01025,44.19812],[-78.00838,44.19919],[-78.00755,44.19708],[-78.00668,44.19734],[-78.00695,44.19856],[-78.00362,44.202],[-78.00529,44.20283],[-78.01214,44.19858],[-78.01281,44.19719]]]}},{"type":"Feature","properties":{"OGF_ID":89,"LAND_USE_DESIGNATION":"Countryside Area"},"geometry":{"type":"Polygon","coordinates":[[[-78.50868,44.21338],[-78.50626,44.20861],[-78.50359,44.20971],[-78.50583,44.21101],[-78.50492,44.21402],[-78.50868,44.21338]]]}},{"type":"Feature","properties":{"OGF_ID":156,"LAND_USE_DESIGNATION":"Rural Settlement"},"geometry":{"type":"Polygon","coordinates":[[[-78.96728,44.00841],[-78.96615,44.00577],[-78.96419,44.00621],[-78.96479,44.00804],[-78.96296,44.00842],[-78.96332,44.00923],[-78.96521,44.00889],[-78.96576,44.0102],[-78.96707,44.00992],[-78.96656,44.00861],[-78.96728,44.00841]]]}},{"type":"Feature","properties":{"OGF_ID":294,"LAND_USE_DESIGNATION":"Countryside Area"},"geometry":{"type":"Polygon","coordinates":[[[-79.22207,43.97697],[-79.21743,43.96253],[-79.23302,43.95918],[-79.23026,43.9553],[-79.228,43.954],[-79.22802,43.95274],[-79.22357,43.95317],[-79.22089,43.95144],[-79.21785,43.95349],[-79.21851,43.95154],[-79.21724,43.95107],[-79.20924,43.95361],[-79.21099,43.95862],[-79.20962,43.96223],[-79.2099,43.9666],[-79.21259,43.97341],[-79.21732,43.97681],[-79.22207,43.97697]]]}},{"type":"Feature","properties":{"OGF_ID":295,"LAND_USE_DESIGNATION":"Natural Linkage Area"},"geometry":{"type":"Polygon","coordinates":[[[-79.63074,43.98115],[-79.63065,43.97904],[-79.62773,43.97968],[-79.62858,43.98277],[-79.63074,43.98115]]]}},{"type":"Feature","properties":{"OGF_ID":315,"LAND_USE_DESIGNATION":"Countryside Area"},"geometry":{"type":"Polygon","coordinates":[[[-79.69483,43.91848],[-79.67587,43.91663],[-79.67364,43.91711],[-79.67488,43.92069],[-79.67575,43.92055],[-79.67622,43.92161],[-79.67767,43.92146],[-79.67957,43.92507],[-79.68644,43.92728],[-79.68727,43.9301],[-79.68806,43.92996],[-79.68907,43.93154],[-79.69007,43.93133],[-79.69239,43.93313],[-79.69818,43.93209],[-79.698,43.93032],[-79.70209,43.93063],[-79.7062,43.92979],[-79.70764,43.92811],[-79.70693,43.92485],[-79.70503,43.92511],[-79.70299,43.92349],[-79.69821,43.92441],[-79.69577,43.92243],[-79.69426,43.92272],[-79.69282,43.92028],[-79.69502,43.91928],[-79.69483,43.91848]]]}},{"type":"Feature","properties":{"OGF_ID":266,"LAND_USE_DESIGNATION":"Countryside Area"},"geometry":{"type":"Polygon","coordinates":[[[-79.49636,44.0032],[-79.49954,44.01632],[-79.5053,44.01492],[-79.50448,44.01326],[-79.50702,44.01267],[-79.50658,44.00896],[-79.50839,44.00762],[-79.50782,44.00283],[-79.50928,44.00232],[-79.50931,44.00061],[-79.50887,43.99977],[-79.50575,43.99962],[-79.50406,43.99518],[-79.50149,43.99623],[-79.50047,43.99581],[-79.49533,43.99676],[-79.49466,43.99583],[-79.49636,44.0032]]]}},{"type":"Feature","properties":{"OGF_ID":425,"LAND_USE_DESIGNATION":"Rural Settlement"},"geometry":{"type":"Polygon","coordinates":[[[-78.83672,44.0179],[-78.83628,44.01881],[-78.83154,44.01994],[-78.83278,44.02206],[-78.83667,44.02116],[-78.83627,44.02022],[-78.83756,44.01971],[-78.83672,44.0179]]]}},{"type":"Feature","properties":{"OGF_ID":215,"LAND_USE_DESIGNATION":"Rural Settlement"},"geometry":{"type":"Polygon","coordinates":[[[-78.23392,44.12218],[-78.23517,44.1221],[-78.23623,44.12192],[-78.23726,44.12168],[-78.23464,44.11607],[-78.23674,44.11561],[-78.23583,44.11334],[-78.2363,44.11268],[-78.23568,44.10997],[-78.23335,44.10842],[-78.23222,44.10622],[-78.22957,44.1054],[-78.22859,44.10817],[-78.22914,44.11165],[-78.2275,44.11331],[-78.22924,44.11652],[-78.2271,44.11473],[-78.22546,44.11561],[-78.22549,44.1174],[-78.22819,44.12157],[-78.23146,44.12043],[-78.2333,44.12076],[-78.23392,44.12218]]]}},{"type":"Feature","properties":{"OGF_ID":216,"LAND_USE_DESIGNATION":"Countryside Area"},"geometry":{"type":"Polygon","coordinates":[[[-79.54146,44.05453],[-79.53983,44.05124],[-79.54352,44.05408],[-79.54576,44.0536],[-79.54548,44.05187],[-79.54714,44.05128],[-79.55112,44.05061],[-79.55077,44.049],[-79.55196,44.05007],[-79.55307,44.04972],[-79.55343,44.04765],[-79.54691,44.04606],[-79.54419,44.0463],[-79.54381,44.0453],[-79.5426,44.04501],[-79.53982,44.04559],[-79.53964,44.04411],[-79.53622,44.04259],[-79.53029,44.04339],[-79.53078,44.04482],[-79.53303,44.04626],[-79.53489,44.04588],[-79.53522,44.04665],[-79.53333,44.04935],[-79.53361,44.05059],[-79.53253,44.05095],[-79.53288,44.05228],[-79.53955,44.05493],[-79.54146,44.05453]]]}},{"type":"Feature","properties":{"OGF_ID":217,"LAND_USE_DESIGNATION":"Natural Core Area"},"geometry":{"type":"Polygon","coordinates":[[[-79.5313,44.05382],[-79.5334,44.05471],[-79.53351,44.05475],[-79.53288,44.05228],[-79.53253,44.05095],[-79.53361,44.05059],[-79.53333,44.04935],[-79.53522,44.04665],[-79.53489,44.04588],[-79.53303,44.04626],[-79.53078,44.04482],[-79.53029,44.04339],[-79.53622,44.04259],[-79.54003,44.04161],[-79.54553,44.04034],[-79.54573,44.03945],[-79.54413,44.03891],[-79.5445,44.03642],[-79.5428,44.03669],[-79.54138,44.03092],[-79.54948,44.03403],[-79.54676,44.03109],[-79.54677,44.02876],[-79.54872,44.02837],[-79.55094,44.03017],[-79.55451,44.02933],[-79.55628,44.02817],[-79.55578,44.02552],[-79.55517,44.02488],[-79.55174,44.02582],[-79.55096,44.02392],[-79.54957,44.02413],[-79.54754,44.02282],[-79.5431,44.02368],[-79.54148,44.01884],[-79.54271,44.01851],[-79.54258,44.01783],[-79.5418,44.01798],[-79.54077,44.01538],[-79.54302,44.01341],[-79.54024,44.01336],[-79.53941,44.01113],[-79.54376,44.01011],[-79.54318,44.00791],[-79.54121,44.00825],[-79.53962,44.00312],[-79.53556,44.00403],[-79.53627,44.00658],[-79.53262,44.00737],[-79.53286,44.00823],[-79.53642,44.00764],[-79.53643,44.01163],[-79.53528,44.01185],[-79.53422,44.01604],[-79.53221,44.01643],[-79.53282,44.01844],[-79.53596,44.01768],[-79.53675,44.02082],[-79.53506,44.02118],[-79.53522,44.02202],[-79.52953,44.02333],[-79.52875,44.02484],[-79.52706,44.02553],[-79.52153,44.02668],[-79.52078,44.02491],[-79.51957,44.02504],[-79.51916,44.02323],[-79.5177,44.02354],[-79.5106,44.02508],[-79.51083,44.02892],[-79.50476,44.03026],[-79.50169,44.02723],[-79.50045,44.0271],[-79.50109,44.02656],[-79.50024,44.02449],[-79.49805,44.02429],[-79.49605,44.02709],[-79.49607,44.02969],[-79.49788,44.03549],[-79.49951,44.03698],[-79.50283,44.03631],[-79.50444,44.0412],[-79.51411,44.03989],[-79.51563,44.04315],[-79.51689,44.04491],[-79.51826,44.04904],[-79.52313,44.05104],[-79.52392,44.05144],[-79.5313,44.05382]]]}},{"type":"Feature","properties":{"OGF_ID":219,"LAND_USE_DESIGNATION":"Natural Linkage Area"},"geometry":{"type":"Polygon","coordinates":[[[-79.06926,44.03644],[-79.06346,44.03781],[-79.06496,44.04128],[-79.06148,44.04209],[-79.06319,44.04575],[-79.06715,44.0448],[-79.06694,44.04428],[-79.07244,44.0435],[-79.06926,44.03644]]]}},{"type":"Feature","properties":{"OGF_ID":220,"LAND_USE_DESIGNATION":"Countryside Area"},"geometry":{"type":"Polygon","coordinates":[[[-78.75645,44.038],[-78.75537,44.03611],[-78.75591,44.034],[-78.75306,44.03276],[-78.75231,44.03321],[-78.7536,44.03439],[-78.75257,44.03552],[-78.75073,44.03284],[-78.75175,44.03255],[-78.74977,44.0275],[-78.7497,44.02735],[-78.74886,44.02695],[-78.74685,44.02676],[-78.74556,44.02756],[-78.74494,44.02686],[-78.74315,44.02994],[-78.74662,44.03169],[-78.74549,44.03282],[-78.74583,44.03425],[-78.74823,44.0399],[-78.75645,44.038]]]}},{"type":"Feature","properties":{"OGF_ID":482,"LAND_USE_DESIGNATION":"Rural Settlement"},"geometry":{"type":"Polygon","coordinates":[[[-79.83655,43.89779],[-79.83548,43.89875],[-79.83991,43.90196],[-79.83971,43.90434],[-79.84104,43.90532],[-79.84023,43.90619],[-79.84459,43.90806],[-79.84557,43.90722],[-79.847,43.90779],[-79.8477,43.90658],[-79.84605,43.90525],[-79.84671,43.90474],[-79.83655,43.89779]]]}},{"type":"Feature","properties":{"OGF_ID":479,"LAND_USE_DESIGNATION":"Countryside Area"},"geometry":{"type":"Polygon","coordinates":[[[-79.38736,43.9284],[-79.3908,43.92838],[-79.39094,43.92669],[-79.39215,43.92594],[-79.39185,43.92365],[-79.38989,43.92269],[-79.38933,43.92056],[-79.38829,43.92185],[-79.38719,43.92092],[-79.38576,43.92091],[-79.38614,43.92814],[-79.38736,43.9284]]]}},{"type":"Feature","properties":{"OGF_ID":480,"LAND_USE_DESIGNATION":"Natural Linkage Area"},"geometry":{"type":"Polygon","coordinates":[[[-79.44992,43.92443],[-79.44973,43.92377],[-79.45167,43.92382],[-79.45293,43.92296],[-79.45145,43.92214],[-79.44946,43.92256],[-79.44898,43.92077],[-79.44741,43.92024],[-79.44697,43.92507],[-79.44498,43.92548],[-79.44511,43.92729],[-79.45042,43.92614],[-79.44992,43.92443]]]}},{"type":"Feature","properties":{"OGF_ID":253,"LAND_USE_DESIGNATION":"Natural Linkage Area"},"geometry":{"type":"Polygon","coordinates":[[[-77.94336,44.09038],[-77.94373,44.09105],[-77.94563,44.08988],[-77.94668,44.0913],[-77.94872,44.09016],[-77.9495,44.09089],[-77.95172,44.08921],[-77.95101,44.08801],[-77.95253,44.08642],[-77.96002,44.08424],[-77.96156,44.08266],[-77.95961,44.07824],[-77.95841,44.07912],[-77.95815,44.08123],[-77.95135,44.0838],[-77.95078,44.08328],[-77.94336,44.09038]]]}},{"type":"Feature","properties":{"OGF_ID":255,"LAND_USE_DESIGNATION":"Countryside Area"},"geometry":{"type":"Polygon","coordinates":[[[-78.74327,44.10639],[-78.73907,44.1069],[-78.73867,44.10584],[-78.74172,44.10521],[-78.73967,44.10013],[-78.73759,44.09897],[-78.73522,44.09914],[-78.73793,44.10496],[-78.73569,44.10571],[-78.73663,44.10814],[-78.74127,44.10814],[-78.74327,44.10639]]]}},{"type":"Feature","properties":{"OGF_ID":256,"LAND_USE_DESIGNATION":"Countryside Area"},"geometry":{"type":"Polygon","coordinates":[[[-79.34524,44.06866],[-79.34376,44.07333],[-79.34624,44.07335],[-79.34734,44.07508],[-79.34945,44.07467],[-79.34703,44.07019],[-79.34524,44.06866]]]}},{"type":"Feature","properties":{"OGF_ID":257,"LAND_USE_DESIGNATION":"Countryside Area"},"geometry":{"type":"Polygon","coordinates":[[[-79.03258,44.06914],[-79.03358,44.06878],[-79.03171,44.06402],[-79.02738,44.06484],[-79.02822,44.06565],[-79.02989,44.06456],[-79.0308,44.06517],[-79.03258,44.06914]]]}},{"type":"Feature","properties":{"OGF_ID":258,"LAND_USE_DESIGNATION":"Countryside Area"},"geometry":{"type":"Polygon","coordinates":[[[-78.86668,44.06314],[-78.86411,44.05747],[-78.8503,44.06124],[-78.85109,44.06393],[-78.85349,44.06263],[-78.85987,44.06153],[-78.86668,44.06314]]]}},{"type":"Feature","properties":{"OGF_ID":259,"LAND_USE_DESIGNATION":"Rural Settlement"},"geometry":{"type":"Polygon","coordinates":[[[-78.79631,44.04956],[-78.7821,44.05277],[-78.78593,44.06114],[-78.80021,44.05773],[-78.79631,44.04956]]]}},{"type":"Feature","properties":{"OGF_ID":260,"LAND_USE_DESIGNATION":"Countryside Area"},"geometry":{"type":"Polygon","coordinates":[[[-78.5158,44.04749],[-78.51125,44.04595],[-78.50915,44.04742],[-78.51144,44.0515],[-78.51542,44.05302],[-78.51804,44.05269],[-78.5158,44.04749]]]}},{"type":"Feature","properties":{"OGF_ID":355,"LAND_USE_DESIGNATION":"Countryside Area"},"geometry":{"type":"Polygon","coordinates":[[[-79.39747,43.9983],[-79.39814,43.99685],[-79.40106,43.99552],[-79.40157,43.9965],[-79.40479,43.99598],[-79.40756,43.99728],[-79.40972,43.99686],[-79.41363,43.99195],[-79.41208,43.98907],[-79.41021,43.98894],[-79.41166,43.9876],[-79.40719,43.98788],[-79.40647,43.98634],[-79.40273,43.98733],[-79.40216,43.98959],[-79.39764,43.99144],[-79.39534,43.99357],[-79.39559,43.99662],[-79.39634,43.99645],[-79.39747,43.9983]]]}},{"type":"Feature","properties":{"OGF_ID":356,"LAND_USE_DESIGNATION":"Natural Linkage Area"},"geometry":{"type":"Polygon","coordinates":[[[-79.06038,43.99146],[-79.06038,43.99146],[-79.0584,43.9914],[-79.06038,43.99146]]]}},{"type":"Feature","properties":{"OGF_ID":357,"LAND_USE_DESIGNATION":"Rural Settlement"},"geometry":{"type":"Polygon","coordinates":[[[-79.13854,43.9673],[-79.12728,43.96654],[-79.12618,43.9659],[-79.12331,43.97154],[-79.12383,43.97445],[-79.12546,43.97403],[-79.12587,43.975],[-79.12709,43.97472],[-79.12827,43.9776],[-79.13231,43.97668],[-79.13192,43.98107],[-79.13052,43.98138],[-79.13065,43.98323],[-79.12941,43.98352],[-79.12993,43.98479],[-79.12778,43.98594],[-79.12899,43.98974],[-79.12955,43.9916],[-79.13239,43.9909],[-79.13413,43.9905],[-79.13478,43.99037],[-79.13332,43.98738],[-79.13284,43.98571],[-79.13547,43.98395],[-79.13564,43.983],[-79.13461,43.98136],[-79.13571,43.98045],[-79.13816,43.97839],[-79.13557,43.97177],[-79.13509,43.97079],[-79.1379,43.97006],[-79.13985,43.96965],[-79.13946,43.96826],[-79.13739,43.96982],[-79.13854,43.9673]]]}},{"type":"Feature","properties":{"OGF_ID":358,"LAND_USE_DESIGNATION":"Natural Linkage Area"},"geometry":{"type":"Polygon","coordinates":[[[-79.19851,43.99126],[-79.20134,43.9906],[-79.19805,43.98808],[-79.19712,43.98375],[-79.19524,43.98061],[-79.19675,43.9781],[-79.19499,43.96913],[-79.19544,43.96492],[-79.19728,43.96476],[-79.19853,43.9673],[-79.20157,43.96675],[-79.20122,43.96567],[-79.20274,43.96529],[-79.20186,43.96392],[-79.19824,43.96441],[-79.19458,43.96367],[-79.19291,43.95974],[-79.18943,43.95795],[-79.18932,43.96024],[-79.19263,43.96232],[-79.19258,43.96577],[-79.19302,43.96723],[-79.19198,43.96766],[-79.1932,43.97304],[-79.19209,43.97386],[-79.1947,43.97746],[-79.19268,43.98025],[-79.19517,43.98606],[-79.19528,43.98914],[-79.19851,43.99126]]]}},{"type":"Feature","properties":{"OGF_ID":390,"LAND_USE_DESIGNATION":"Countryside Area"},"geometry":{"type":"Polygon","coordinates":[[[-78.81265,43.99308],[-78.81308,43.99448],[-78.81196,43.99644],[-78.81408,43.99841],[-78.8192,43.99854],[-78.83129,43.99605],[-78.83184,43.99706],[-78.83384,43.99699],[-78.83446,43.99777],[-78.83724,43.99715],[-78.83632,43.9955],[-78.83506,43.99548],[-78.83371,43.99307],[-78.83345,43.99183],[-78.83454,43.99071],[-78.83385,43.98876],[-78.83052,43.98656],[-78.82904,43.98882],[-78.82566,43.98801],[-78.82351,43.98495],[-78.81739,43.98515],[-78.81455,43.98858],[-78.81382,43.99156],[-78.81471,43.99291],[-78.81265,43.99308]]]}},{"type":"Feature","properties":{"OGF_ID":391,"LAND_USE_DESIGNATION":"Rural Settlement"},"geometry":{"type":"Polygon","coordinates":[[[-79.56568,44.01024],[-79.56699,44.0103],[-79.56697,44.01097],[-79.57134,44.00997],[-79.57105,44.0093],[-79.5742,44.00879],[-79.57385,44.00701],[-79.58669,44.00422],[-79.58615,44.00274],[-79.58371,44.00335],[-79.58287,44.00127],[-79.57906,44.00306],[-79.57307,44.00352],[-79.56198,44.00585],[-79.56261,44.00832],[-79.55874,44.00921],[-79.55916,44.01088],[-79.56552,44.00939],[-79.56568,44.01024]]]}},{"type":"Feature","properties":{"OGF_ID":392,"LAND_USE_DESIGNATION":"Natural Linkage Area"},"geometry":{"type":"Polygon","coordinates":[[[-78.57079,43.99315],[-78.57222,43.99269],[-78.57182,43.99147],[-78.57672,43.99022],[-78.57579,43.98907],[-78.57412,43.98914],[-78.57314,43.98828],[-78.57192,43.98932],[-78.57005,43.98896],[-78.56968,43.99094],[-78.57079,43.99315]]]}},{"type":"Feature","properties":{"OGF_ID":354,"LAND_USE_DESIGNATION":"Rural Settlement"},"geometry":{"type":"Polygon","coordinates":[[[-79.20451,43.99766],[-79.2046,43.99764],[-79.206,43.99731],[-79.20829,43.99673],[-79.20796,43.99599],[-79.20707,43.9962],[-79.20589,43.99333],[-79.20154,43.99431],[-79.2024,43.9964],[-79.20409,43.99603],[-79.20451,43.99766]]]}},{"type":"Feature","properties":{"OGF_ID":207,"LAND_USE_DESIGNATION":"Countryside Area"},"geometry":{"type":"Polygon","coordinates":[[[-79.34425,43.95149],[-79.34594,43.94685],[-79.34324,43.94684],[-79.34167,43.94477],[-79.33832,43.94601],[-79.33733,43.94935],[-79.33479,43.94934],[-79.33401,43.94784],[-79.331,43.94783],[-79.32753,43.94574],[-79.32692,43.94355],[-79.32772,43.94252],[-79.33122,43.94208],[-79.33013,43.94092],[-79.32076,43.94088],[-79.31868,43.94179],[-79.31771,43.94351],[-79.32198,43.94502],[-79.32369,43.94768],[-79.32029,43.94864],[-79.32236,43.95111],[-79.3267,43.95229],[-79.32811,43.9537],[-79.32927,43.95915],[-79.3278,43.96029],[-79.32772,43.96238],[-79.33083,43.96791],[-79.33388,43.96964],[-79.33475,43.97148],[-79.34742,43.96857],[-79.3464,43.96495],[-79.343,43.96205],[-79.34175,43.96213],[-79.33932,43.95853],[-79.33954,43.95556],[-79.34425,43.95149]]]}},{"type":"Feature","properties":{"OGF_ID":209,"LAND_USE_DESIGNATION":"Countryside Area"},"geometry":{"type":"Polygon","coordinates":[[[-79.13234,43.99112],[-79.13239,43.9909],[-79.12955,43.9916],[-79.12899,43.98974],[-79.12677,43.98914],[-79.12627,43.98779],[-79.12443,43.98706],[-79.12044,43.98684],[-79.12501,43.99452],[-79.1211,43.99804],[-79.1216,43.99945],[-79.11972,44.00189],[-79.12812,43.99988],[-79.12861,44.00152],[-79.13454,44.00008],[-79.13201,43.99521],[-79.13299,43.99417],[-79.13234,43.99112]]]}},{"type":"Feature","properties":{"OGF_ID":172,"LAND_USE_DESIGNATION":"Countryside Area"},"geometry":{"type":"Polygon","coordinates":[[[-79.27109,43.94735],[-79.27096,43.94859],[-79.26765,43.95172],[-79.26769,43.95208],[-79.27661,43.94995],[-79.27383,43.94745],[-79.27193,43.94675],[-79.27109,43.94735]]]}},{"type":"Feature","properties":{"OGF_ID":188,"LAND_USE_DESIGNATION":"Countryside Area"},"geometry":{"type":"Polygon","coordinates":[[[-78.50357,44.20935],[-78.50605,44.20807],[-78.50552,44.20638],[-78.50348,44.20764],[-78.50357,44.20935]]]}},{"type":"Feature","properties":{"OGF_ID":189,"LAND_USE_DESIGNATION":"Countryside Area"},"geometry":{"type":"Polygon","coordinates":[[[-78.52932,44.20347],[-78.52866,44.20207],[-78.52702,44.20242],[-78.52466,44.19927],[-78.51296,44.2021],[-78.51373,44.2042],[-78.5115,44.20578],[-78.51524,44.20785],[-78.51647,44.20546],[-78.52294,44.20513],[-78.52932,44.20347]]]}},{"type":"Feature","properties":{"OGF_ID":122,"LAND_USE_DESIGNATION":"Countryside Area"},"geometry":{"type":"Polygon","coordinates":[[[-79.42048,43.98778],[-79.41995,43.99063],[-79.42102,43.99184],[-79.42292,43.98986],[-79.42202,43.9876],[-79.42506,43.98885],[-79.42572,43.98784],[-79.42684,43.98764],[-79.42725,43.98843],[-79.42992,43.98753],[-79.43454,43.98787],[-79.43491,43.98858],[-79.43894,43.98445],[-79.43635,43.98331],[-79.42703,43.98149],[-79.42612,43.97995],[-79.42158,43.98068],[-79.42143,43.97884],[-79.42458,43.97811],[-79.42199,43.9748],[-79.41571,43.97418],[-79.41087,43.97515],[-79.41097,43.97562],[-79.40374,43.97652],[-79.4042,43.97758],[-79.40487,43.97734],[-79.40588,43.98034],[-79.40748,43.98003],[-79.40882,43.98384],[-79.41284,43.98287],[-79.41252,43.98065],[-79.41514,43.98015],[-79.41657,43.98436],[-79.41836,43.9862],[-79.41924,43.98519],[-79.42048,43.98778]]]}},{"type":"Feature","properties":{"OGF_ID":119,"LAND_USE_DESIGNATION":"Natural Linkage Area"},"geometry":{"type":"Polygon","coordinates":[[[-78.00362,44.202],[-78.00695,44.19856],[-78.00668,44.19734],[-78.00755,44.19708],[-78.00838,44.19919],[-78.01025,44.19812],[-78.00944,44.1965],[-78.01186,44.19587],[-78.01281,44.19719],[-78.01364,44.19256],[-78.01096,44.18863],[-78.00884,44.18433],[-78.00696,44.18565],[-78.00612,44.18545],[-78.0059,44.18319],[-78.00388,44.18243],[-78.00715,44.1884],[-78.00396,44.18924],[-78.00322,44.19146],[-78.0038,44.19326],[-78.00164,44.19516],[-78.00243,44.19723],[-78.00104,44.19754],[-77.99959,44.19679],[-77.99881,44.19736],[-77.9996,44.19867],[-78.00265,44.19929],[-78.00362,44.202]]]}},{"type":"Feature","properties":{"OGF_ID":120,"LAND_USE_DESIGNATION":"Countryside Area"},"geometry":{"type":"Polygon","coordinates":[[[-77.9996,44.19867],[-77.99881,44.19736],[-77.99959,44.19679],[-78.00104,44.19754],[-78.00243,44.19723],[-78.00164,44.19516],[-78.0038,44.19326],[-78.00322,44.19146],[-78.00396,44.18924],[-78.00715,44.1884],[-78.00388,44.18243],[-78.00323,44.18239],[-77.99543,44.18486],[-77.99491,44.1868],[-77.99163,44.18715],[-77.99173,44.18779],[-77.98971,44.18813],[-77.98503,44.19766],[-77.98543,44.20061],[-77.98873,44.19985],[-77.98823,44.19763],[-77.99181,44.1971],[-77.99258,44.19889],[-77.99145,44.20085],[-77.99418,44.20084],[-77.99547,44.19941],[-77.9996,44.19867]]]}},{"type":"Feature","properties":{"OGF_ID":121,"LAND_USE_DESIGNATION":"Natural Core Area"},"geometry":{"type":"Polygon","coordinates":[[[-79.95465,43.99881],[-79.95632,43.99811],[-79.95686,43.99595],[-79.96188,43.99402],[-79.96151,43.99299],[-79.95982,43.99335],[-79.96031,43.99206],[-79.95708,43.99137],[-79.95637,43.99034],[-79.97159,43.98677],[-79.97077,43.98428],[-79.96946,43.98447],[-79.96974,43.98333],[-79.96808,43.98222],[-79.97601,43.98021],[-79.9746,43.97482],[-79.96657,43.97653],[-79.96695,43.97846],[-79.9589,43.98033],[-79.95927,43.98184],[-79.95727,43.98251],[-79.95599,43.98266],[-79.95549,43.98167],[-79.95084,43.98229],[-79.94986,43.98022],[-79.94188,43.98189],[-79.94392,43.99043],[-79.94566,43.99038],[-79.94749,43.99285],[-79.95068,43.9941],[-79.95107,43.99713],[-79.95149,43.99875],[-79.95465,43.99881]]]}},{"type":"Feature","properties":{"OGF_ID":123,"LAND_USE_DESIGNATION":"Countryside Area"},"geometry":{"type":"Polygon","coordinates":[[[-79.25345,43.98528],[-79.25419,43.98899],[-79.26408,43.98719],[-79.26706,43.9863],[-79.27046,43.9818],[-79.25345,43.98528]]]}},{"type":"Feature","properties":{"OGF_ID":124,"LAND_USE_DESIGNATION":"Countryside Area"},"geometry":{"type":"Polygon","coordinates":[[[-79.12941,43.98352],[-79.13065,43.98323],[-79.13052,43.98138],[-79.13192,43.98107],[-79.13231,43.97668],[-79.12827,43.9776],[-79.12709,43.97472],[-79.12587,43.975],[-79.12546,43.97403],[-79.12383,43.97445],[-79.12331,43.97154],[-79.12618,43.9659],[-79.12208,43.96352],[-79.12143,43.96478],[-79.1184,43.965],[-79.11758,43.96706],[-79.11634,43.96521],[-79.11365,43.96416],[-79.11216,43.96794],[-79.10976,43.96908],[-79.11043,43.96725],[-79.10965,43.96609],[-79.10661,43.96745],[-79.10518,43.96733],[-79.1045,43.97008],[-79.10274,43.97145],[-79.09826,43.97291],[-79.09617,43.97486],[-79.09821,43.97625],[-79.10597,43.97767],[-79.1056,43.97846],[-79.10787,43.98101],[-79.11686,43.98625],[-79.11831,43.98623],[-79.11784,43.98474],[-79.11935,43.9844],[-79.11893,43.98312],[-79.12278,43.9822],[-79.12401,43.98244],[-79.12475,43.98393],[-79.12915,43.98231],[-79.12988,43.98269],[-79.12941,43.98352]]]}},{"type":"Feature","properties":{"OGF_ID":128,"LAND_USE_DESIGNATION":"Natural Core Area"},"geometry":{"type":"Polygon","coordinates":[[[-79.6129,44.01671],[-79.61315,44.01748],[-79.61592,44.01179],[-79.61749,44.00468],[-79.61707,43.99871],[-79.61159,43.99668],[-79.60999,43.9972],[-79.60992,43.99537],[-79.60947,43.99218],[-79.61144,43.99096],[-79.61123,43.98997],[-79.60984,43.98939],[-79.61058,43.98845],[-79.61003,43.98777],[-79.61675,43.98625],[-79.61462,43.97902],[-79.62456,43.97672],[-79.62587,43.98008],[-79.62773,43.97968],[-79.63065,43.97904],[-79.63261,43.97861],[-79.63204,43.97564],[-79.63157,43.97322],[-79.63368,43.9728],[-79.63641,43.97226],[-79.636,43.96887],[-79.63494,43.96879],[-79.63415,43.96538],[-79.63297,43.96558],[-79.63257,43.96381],[-79.63945,43.96224],[-79.64024,43.964],[-79.64182,43.96376],[-79.64225,43.96564],[-79.6471,43.96471],[-79.64687,43.96268],[-79.64646,43.96096],[-79.65406,43.95934],[-79.65305,43.95674],[-79.6546,43.95611],[-79.65305,43.95184],[-79.65416,43.95155],[-79.6525,43.94842],[-79.65981,43.9467],[-79.65864,43.94315],[-79.65129,43.94457],[-79.65042,43.94079],[-79.65015,43.93691],[-79.64805,43.93727],[-79.64672,43.93575],[-79.64509,43.93547],[-79.64443,43.93341],[-79.64183,43.93436],[-79.64064,43.9321],[-79.64524,43.93039],[-79.65247,43.93064],[-79.64955,43.92849],[-79.64543,43.92244],[-79.63265,43.92553],[-79.63075,43.91729],[-79.62239,43.91789],[-79.60382,43.9145],[-79.60414,43.91592],[-79.59495,43.91776],[-79.594,43.91426],[-79.59168,43.91467],[-79.5899,43.91213],[-79.58801,43.91339],[-79.58851,43.91532],[-79.58762,43.91549],[-79.58973,43.91737],[-79.59035,43.92074],[-79.59176,43.92044],[-79.59409,43.92563],[-79.59562,43.92531],[-79.59625,43.92699],[-79.59694,43.92687],[-79.59742,43.92869],[-79.59408,43.92947],[-79.59429,43.93085],[-79.59231,43.9316],[-79.59177,43.93383],[-79.59335,43.93347],[-79.59425,43.9364],[-79.59163,43.9378],[-79.59236,43.93996],[-79.59069,43.94168],[-79.58403,43.94314],[-79.5829,43.93868],[-79.5732,43.94032],[-79.57349,43.94212],[-79.57188,43.94247],[-79.5703,43.9447],[-79.56253,43.94639],[-79.56161,43.94332],[-79.55863,43.9413],[-79.5557,43.94197],[-79.55657,43.94345],[-79.55441,43.94409],[-79.55511,43.94569],[-79.54818,43.94661],[-79.5471,43.94542],[-79.54607,43.94399],[-79.54192,43.94491],[-79.54346,43.94708],[-79.54283,43.94812],[-79.54066,43.94877],[-79.54434,43.94944],[-79.54414,43.95198],[-79.54109,43.95255],[-79.54,43.95167],[-79.53759,43.95143],[-79.53586,43.95006],[-79.53428,43.95036],[-79.53327,43.94684],[-79.53016,43.94753],[-79.53136,43.95111],[-79.53022,43.95139],[-79.53047,43.95211],[-79.52712,43.95322],[-79.52656,43.95418],[-79.52285,43.95494],[-79.5219,43.95641],[-79.51815,43.95566],[-79.51648,43.95574],[-79.51661,43.95682],[-79.51209,43.95737],[-79.51306,43.96183],[-79.51132,43.96147],[-79.51259,43.9672],[-79.50321,43.96908],[-79.50275,43.96548],[-79.49498,43.9671],[-79.49602,43.96994],[-79.48905,43.972],[-79.48433,43.97236],[-79.48006,43.97391],[-79.48153,43.97719],[-79.48988,43.97539],[-79.4909,43.97957],[-79.49272,43.97927],[-79.49479,43.97721],[-79.49713,43.97647],[-79.49786,43.97813],[-79.50264,43.9772],[-79.50338,43.98031],[-79.50481,43.9808],[-79.50784,43.97787],[-79.50742,43.97604],[-79.50902,43.9757],[-79.50809,43.97211],[-79.51879,43.96931],[-79.51907,43.97228],[-79.52182,43.97173],[-79.52241,43.97319],[-79.52403,43.97423],[-79.52526,43.97396],[-79.52616,43.97924],[-79.52736,43.97903],[-79.52801,43.98069],[-79.52912,43.98049],[-79.5297,43.98223],[-79.53482,43.98118],[-79.53781,43.98239],[-79.5426,43.98072],[-79.54178,43.97758],[-79.54568,43.97676],[-79.54681,43.98226],[-79.55382,43.98071],[-79.55281,43.9795],[-79.55311,43.9771],[-79.55407,43.97684],[-79.55469,43.97834],[-79.55826,43.97764],[-79.55773,43.97615],[-79.56192,43.97506],[-79.56011,43.97159],[-79.56214,43.97117],[-79.56044,43.96455],[-79.56597,43.963],[-79.56863,43.96803],[-79.56951,43.96781],[-79.57153,43.96944],[-79.57548,43.96854],[-79.5774,43.96811],[-79.57828,43.97164],[-79.5823,43.97081],[-79.58272,43.97166],[-79.58431,43.97153],[-79.58767,43.9762],[-79.58897,43.97646],[-79.59048,43.9798],[-79.58972,43.98083],[-79.59048,43.9825],[-79.59187,43.98397],[-79.59379,43.98362],[-79.59738,43.99812],[-79.60736,43.99587],[-79.60765,43.99732],[-79.60651,43.99795],[-79.60313,43.99739],[-79.60538,43.99846],[-79.60532,43.99946],[-79.60763,43.99831],[-79.60799,43.99939],[-79.61018,43.99914],[-79.61048,44.00409],[-79.61228,44.0063],[-79.61245,44.00919],[-79.61322,44.01028],[-79.61593,44.00939],[-79.61608,44.01],[-79.61505,44.01151],[-79.61349,44.01113],[-79.60967,44.01241],[-79.61401,44.01274],[-79.61367,44.01355],[-79.60937,44.01452],[-79.61026,44.01534],[-79.61345,44.01545],[-79.61112,44.01651],[-79.6129,44.01671]]]}},{"type":"Feature","properties":{"OGF_ID":125,"LAND_USE_DESIGNATION":"Rural Settlement"},"geometry":{"type":"Polygon","coordinates":[[[-79.51058,43.99084],[-79.51094,43.99225],[-79.51844,43.9908],[-79.52055,43.99053],[-79.52007,43.98835],[-79.52076,43.98744],[-79.51783,43.98794],[-79.51026,43.98963],[-79.51058,43.99084]]]}},{"type":"Feature","properties":{"OGF_ID":126,"LAND_USE_DESIGNATION":"Natural Linkage Area"},"geometry":{"type":"Polygon","coordinates":[[[-79.13547,43.98395],[-79.13284,43.98571],[-79.13332,43.98738],[-79.13354,43.98639],[-79.13599,43.98521],[-79.13547,43.98395]]]}},{"type":"Feature","properties":{"OGF_ID":127,"LAND_USE_DESIGNATION":"Countryside Area"},"geometry":{"type":"Polygon","coordinates":[[[-79.27289,43.98127],[-79.26961,43.98574],[-79.27481,43.98472],[-79.27635,43.98324],[-79.27552,43.9807],[-79.27289,43.98127]]]}},{"type":"Feature","properties":{"OGF_ID":246,"LAND_USE_DESIGNATION":"Natural Linkage Area"},"geometry":{"type":"Polygon","coordinates":[[[-77.95184,44.09772],[-77.95418,44.09836],[-77.95628,44.09756],[-77.95267,44.09645],[-77.95598,44.09514],[-77.95615,44.09424],[-77.95837,44.09381],[-77.95561,44.09142],[-77.94761,44.09275],[-77.94444,44.09233],[-77.94543,44.0941],[-77.94988,44.09498],[-77.95184,44.09772]]]}},{"type":"Feature","properties":{"OGF_ID":506,"LAND_USE_DESIGNATION":"Countryside Area"},"geometry":{"type":"Polygon","coordinates":[[[-78.77299,44.07065],[-78.76131,44.07376],[-78.76209,44.07574],[-78.76426,44.07676],[-78.76765,44.07713],[-78.76892,44.07812],[-78.77179,44.0774],[-78.77403,44.07568],[-78.77299,44.07065]]]}},{"type":"Feature","properties":{"OGF_ID":190,"LAND_USE_DESIGNATION":"Natural Linkage Area"},"geometry":{"type":"Polygon","coordinates":[[[-77.92285,44.11704],[-77.92478,44.11788],[-77.92372,44.11648],[-77.92478,44.11526],[-77.92438,44.1143],[-77.92617,44.11363],[-77.92546,44.11143],[-77.92803,44.11065],[-77.92874,44.11199],[-77.93054,44.11151],[-77.9302,44.10976],[-77.93171,44.10929],[-77.93362,44.11096],[-77.93514,44.1112],[-77.94193,44.11194],[-77.94538,44.11128],[-77.94707,44.11205],[-77.94737,44.11278],[-77.94594,44.11304],[-77.94706,44.11525],[-77.95343,44.11415],[-77.95281,44.11265],[-77.95524,44.11204],[-77.95464,44.10975],[-77.9518,44.11038],[-77.95139,44.10941],[-77.94368,44.11067],[-77.94106,44.10971],[-77.93531,44.11021],[-77.93388,44.10877],[-77.93654,44.10813],[-77.93667,44.10643],[-77.9356,44.10676],[-77.93572,44.10776],[-77.93352,44.10788],[-77.93244,44.10534],[-77.93021,44.10572],[-77.92917,44.10293],[-77.93375,44.10279],[-77.93354,44.10233],[-77.93078,44.10183],[-77.9305,44.10107],[-77.9268,44.1028],[-77.92162,44.10287],[-77.92143,44.10374],[-77.92657,44.10386],[-77.92783,44.10587],[-77.93118,44.1082],[-77.92447,44.10973],[-77.92461,44.11053],[-77.92006,44.11197],[-77.91847,44.11009],[-77.91692,44.11025],[-77.91593,44.10899],[-77.91003,44.10904],[-77.91132,44.11104],[-77.91653,44.11089],[-77.91784,44.1128],[-77.91991,44.11245],[-77.92194,44.11681],[-77.92285,44.11704]]]}},{"type":"Feature","properties":{"OGF_ID":194,"LAND_USE_DESIGNATION":"Countryside Area"},"geometry":{"type":"Polygon","coordinates":[[[-78.74303,44.09714],[-78.74028,44.09312],[-78.73721,44.09249],[-78.73944,44.09116],[-78.73707,44.08581],[-78.72987,44.08766],[-78.73402,44.09657],[-78.74049,44.09853],[-78.74295,44.10197],[-78.74303,44.09714]]]}},{"type":"Feature","properties":{"OGF_ID":191,"LAND_USE_DESIGNATION":"Countryside Area"},"geometry":{"type":"Polygon","coordinates":[[[-78.40767,44.12285],[-78.40393,44.12416],[-78.39867,44.12453],[-78.4005,44.12762],[-78.39925,44.12793],[-78.39996,44.12978],[-78.40341,44.12864],[-78.40439,44.12711],[-78.40366,44.12556],[-78.40831,44.12444],[-78.40767,44.12285]]]}},{"type":"Feature","properties":{"OGF_ID":302,"LAND_USE_DESIGNATION":"Natural Linkage Area"},"geometry":{"type":"Polygon","coordinates":[[[-78.06892,44.0865],[-78.06947,44.08767],[-78.07177,44.08714],[-78.06668,44.07891],[-78.06987,44.07819],[-78.07232,44.08231],[-78.07476,44.08168],[-78.07294,44.07752],[-78.07776,44.07642],[-78.07955,44.07364],[-78.08852,44.07277],[-78.09088,44.07171],[-78.09084,44.07354],[-78.08383,44.07681],[-78.08454,44.07856],[-78.07989,44.0807],[-78.08055,44.08262],[-78.07843,44.08324],[-78.07905,44.08451],[-78.08124,44.08374],[-78.08175,44.08487],[-78.08395,44.08422],[-78.08568,44.08327],[-78.08502,44.08199],[-78.08589,44.08084],[-78.08886,44.07946],[-78.08823,44.07683],[-78.09272,44.07245],[-78.09224,44.07033],[-78.08459,44.07177],[-78.08405,44.07118],[-78.07858,44.07203],[-78.07398,44.07307],[-78.07144,44.07466],[-78.06719,44.07493],[-78.06531,44.07171],[-78.0681,44.06709],[-78.06738,44.06545],[-78.06447,44.06582],[-78.06416,44.06519],[-78.06352,44.06131],[-78.06558,44.06075],[-78.0645,44.05822],[-78.0656,44.05787],[-78.06428,44.05744],[-78.06301,44.05453],[-78.06762,44.05375],[-78.06729,44.05284],[-78.06888,44.05132],[-78.06715,44.04852],[-78.06501,44.0489],[-78.06388,44.0469],[-78.06155,44.04708],[-78.06447,44.05127],[-78.06171,44.05198],[-78.06047,44.05001],[-78.05695,44.04903],[-78.05491,44.04993],[-78.05918,44.06015],[-78.04973,44.06215],[-78.05016,44.06305],[-78.05315,44.0624],[-78.05331,44.06295],[-78.05596,44.06246],[-78.05629,44.06361],[-78.06052,44.06208],[-78.06281,44.0682],[-78.06514,44.06795],[-78.06553,44.06922],[-78.06356,44.07102],[-78.06343,44.07286],[-78.06009,44.07436],[-78.05981,44.07579],[-78.05866,44.07614],[-78.05933,44.07744],[-78.06161,44.07693],[-78.06207,44.07797],[-78.06108,44.07822],[-78.06067,44.08026],[-78.0617,44.08004],[-78.06276,44.08553],[-78.06485,44.08391],[-78.06429,44.08267],[-78.06512,44.0825],[-78.06644,44.08448],[-78.06784,44.08419],[-78.06892,44.0865]]]}},{"type":"Feature","properties":{"OGF_ID":303,"LAND_USE_DESIGNATION":"Countryside Area"},"geometry":{"type":"Polygon","coordinates":[[[-79.23557,43.9586],[-79.25336,43.95457],[-79.25368,43.95542],[-79.25736,43.95454],[-79.25976,43.95379],[-79.26138,43.95226],[-79.26649,43.95072],[-79.26668,43.94753],[-79.2702,43.94571],[-79.26927,43.94398],[-79.26404,43.94292],[-79.2615,43.94325],[-79.25862,43.94473],[-79.25875,43.94703],[-79.25671,43.94518],[-79.25165,43.94343],[-79.24909,43.94457],[-79.24592,43.94398],[-79.24546,43.94329],[-79.24706,43.94226],[-79.24628,43.94088],[-79.24853,43.93916],[-79.24855,43.93767],[-79.24603,43.9357],[-79.24443,43.93673],[-79.24317,43.9358],[-79.24126,43.93649],[-79.2408,43.9351],[-79.23542,43.93392],[-79.2343,43.93484],[-79.23441,43.93829],[-79.2425,43.9389],[-79.24374,43.94121],[-79.24371,43.94362],[-79.2415,43.94212],[-79.24023,43.94211],[-79.23874,43.94705],[-79.24009,43.95348],[-79.23438,43.95481],[-79.23557,43.9586]]]}},{"type":"Feature","properties":{"OGF_ID":481,"LAND_USE_DESIGNATION":"Natural Linkage Area"},"geometry":{"type":"Polygon","coordinates":[[[-79.55537,43.92788],[-79.55822,43.92741],[-79.55809,43.92688],[-79.55329,43.91941],[-79.55505,43.92653],[-79.55537,43.92788]]]}},{"type":"Feature","properties":{"OGF_ID":483,"LAND_USE_DESIGNATION":"Countryside Area"},"geometry":{"type":"Polygon","coordinates":[[[-79.48481,43.89192],[-79.48649,43.89413],[-79.48554,43.89567],[-79.48348,43.8965],[-79.48507,43.8972],[-79.48409,43.89856],[-79.48531,43.89947],[-79.48627,43.89872],[-79.49034,43.89861],[-79.49297,43.89751],[-79.49228,43.89625],[-79.48881,43.89628],[-79.48843,43.89488],[-79.49528,43.89369],[-79.49183,43.87938],[-79.48769,43.87994],[-79.47816,43.88189],[-79.47975,43.88239],[-79.48761,43.88157],[-79.48732,43.88226],[-79.48566,43.88234],[-79.4832,43.88378],[-79.48447,43.88456],[-79.48348,43.88485],[-79.48346,43.88793],[-79.48481,43.89192]]]}},{"type":"Feature","properties":{"OGF_ID":360,"LAND_USE_DESIGNATION":"Natural Linkage Area"},"geometry":{"type":"Polygon","coordinates":[[[-79.26483,44.0991],[-79.26465,44.095],[-79.26776,44.09169],[-79.26492,44.0905],[-79.26558,44.09216],[-79.2637,44.09271],[-79.26377,44.09389],[-79.26181,44.09435],[-79.26311,44.0978],[-79.26214,44.09892],[-79.26307,44.09983],[-79.26483,44.0991]]]}},{"type":"Feature","properties":{"OGF_ID":268,"LAND_USE_DESIGNATION":"Natural Linkage Area"},"geometry":{"type":"Polygon","coordinates":[[[-79.84884,43.86431],[-79.8501,43.86333],[-79.85073,43.86101],[-79.84851,43.85935],[-79.84951,43.85849],[-79.84823,43.85867],[-79.84802,43.85768],[-79.84605,43.85728],[-79.8473,43.85634],[-79.84674,43.85505],[-79.84562,43.856],[-79.84446,43.85521],[-79.84694,43.85314],[-79.85031,43.85638],[-79.85229,43.85559],[-79.85341,43.8567],[-79.86119,43.84407],[-79.86188,43.84155],[-79.86104,43.84028],[-79.85653,43.84138],[-79.84933,43.8448],[-79.82693,43.86168],[-79.82313,43.86517],[-79.82073,43.86435],[-79.82181,43.86258],[-79.82153,43.8592],[-79.81956,43.861],[-79.81356,43.85665],[-79.81471,43.85559],[-79.81422,43.85484],[-79.81195,43.85413],[-79.81087,43.85461],[-79.80895,43.8532],[-79.80812,43.85495],[-79.80921,43.85567],[-79.80983,43.85794],[-79.81136,43.85812],[-79.8166,43.86229],[-79.81733,43.86317],[-79.81615,43.86429],[-79.81788,43.86569],[-79.81933,43.86524],[-79.82499,43.86905],[-79.82739,43.86663],[-79.82979,43.86573],[-79.83239,43.86828],[-79.83348,43.8673],[-79.83622,43.86927],[-79.83822,43.86768],[-79.84055,43.86807],[-79.84572,43.86402],[-79.84884,43.86431]]]}},{"type":"Feature","properties":{"OGF_ID":269,"LAND_USE_DESIGNATION":"Rural Settlement"},"geometry":{"type":"Polygon","coordinates":[[[-78.21598,44.04636],[-78.21418,44.0472],[-78.21209,44.04675],[-78.20958,44.05243],[-78.21004,44.05866],[-78.20694,44.06374],[-78.20786,44.07175],[-78.20906,44.07354],[-78.21167,44.07307],[-78.21132,44.06747],[-78.21252,44.06226],[-78.21559,44.05625],[-78.21442,44.0521],[-78.21544,44.05076],[-78.21598,44.04636]]]}},{"type":"Feature","properties":{"OGF_ID":270,"LAND_USE_DESIGNATION":"Countryside Area"},"geometry":{"type":"Polygon","coordinates":[[[-78.06029,44.13865],[-78.05566,44.14144],[-78.04156,44.14419],[-78.03944,44.14694],[-78.04008,44.14969],[-78.04163,44.14968],[-78.04064,44.15066],[-78.04242,44.15497],[-78.04415,44.15441],[-78.0444,44.15499],[-78.04638,44.15492],[-78.04478,44.15578],[-78.04513,44.15683],[-78.04778,44.15633],[-78.05026,44.15995],[-78.05554,44.14629],[-78.06029,44.13865]]]}},{"type":"Feature","properties":{"OGF_ID":180,"LAND_USE_DESIGNATION":"Countryside Area"},"geometry":{"type":"Polygon","coordinates":[[[-79.80195,43.86473],[-79.80195,43.86473],[-79.80087,43.86262],[-79.80195,43.86473]]]}},{"type":"Feature","properties":{"OGF_ID":181,"LAND_USE_DESIGNATION":"Countryside Area"},"geometry":{"type":"Polygon","coordinates":[[[-79.80895,43.8532],[-79.81087,43.85461],[-79.81195,43.85413],[-79.81422,43.85484],[-79.81471,43.85559],[-79.81356,43.85665],[-79.81956,43.861],[-79.82153,43.8592],[-79.82169,43.85307],[-79.82022,43.84755],[-79.81616,43.84533],[-79.81417,43.8453],[-79.8124,43.84618],[-79.81046,43.84877],[-79.80895,43.8532]]]}},{"type":"Feature","properties":{"OGF_ID":182,"LAND_USE_DESIGNATION":"Rural Settlement"},"geometry":{"type":"Polygon","coordinates":[[[-79.84951,43.85849],[-79.85189,43.85882],[-79.85341,43.8567],[-79.85229,43.85559],[-79.85031,43.85638],[-79.84694,43.85314],[-79.84446,43.85521],[-79.84562,43.856],[-79.84674,43.85505],[-79.8473,43.85634],[-79.84605,43.85728],[-79.84802,43.85768],[-79.84823,43.85867],[-79.84951,43.85849]]]}},{"type":"Feature","properties":{"OGF_ID":183,"LAND_USE_DESIGNATION":"Countryside Area"},"geometry":{"type":"Polygon","coordinates":[[[-79.89665,43.84425],[-79.89988,43.84846],[-79.8987,43.84959],[-79.89962,43.85024],[-79.89912,43.8507],[-79.90456,43.85454],[-79.91656,43.8441],[-79.91388,43.84244],[-79.91054,43.84267],[-79.90529,43.84005],[-79.90296,43.8416],[-79.90087,43.84272],[-79.89962,43.8418],[-79.89665,43.84425]]]}},{"type":"Feature","properties":{"OGF_ID":184,"LAND_USE_DESIGNATION":"Natural Linkage Area"},"geometry":{"type":"Polygon","coordinates":[[[-79.87377,43.84512],[-79.87689,43.84298],[-79.8776,43.84351],[-79.88021,43.84085],[-79.87772,43.83908],[-79.87488,43.83973],[-79.87468,43.83888],[-79.87623,43.83883],[-79.87672,43.83811],[-79.87502,43.83711],[-79.87561,43.83658],[-79.87713,43.83735],[-79.87832,43.83675],[-79.87951,43.83757],[-79.88167,43.83744],[-79.88373,43.83489],[-79.88259,43.83358],[-79.88296,43.83286],[-79.88359,43.83247],[-79.88463,43.83317],[-79.88629,43.83223],[-79.88896,43.83421],[-79.88784,43.83582],[-79.88329,43.83881],[-79.88572,43.84071],[-79.88404,43.84229],[-79.88745,43.84396],[-79.88802,43.84526],[-79.88983,43.84571],[-79.89115,43.84475],[-79.89203,43.84535],[-79.89439,43.84296],[-79.89665,43.84425],[-79.89962,43.8418],[-79.90087,43.84272],[-79.90296,43.8416],[-79.89925,43.84016],[-79.89762,43.83705],[-79.89877,43.83546],[-79.89745,43.83386],[-79.89234,43.8316],[-79.88985,43.8335],[-79.89048,43.83501],[-79.88667,43.8323],[-79.88846,43.8308],[-79.88617,43.82984],[-79.88784,43.82708],[-79.88357,43.82661],[-79.87773,43.82289],[-79.8831,43.81698],[-79.89068,43.81232],[-79.89174,43.81003],[-79.89088,43.80816],[-79.88806,43.80747],[-79.88543,43.8077],[-79.88473,43.80878],[-79.88709,43.81093],[-79.88387,43.8137],[-79.88178,43.81335],[-79.87837,43.81599],[-79.87727,43.81805],[-79.87814,43.81737],[-79.87899,43.8182],[-79.877,43.82074],[-79.87268,43.81945],[-79.87305,43.82006],[-79.8746,43.82086],[-79.87491,43.82318],[-79.87516,43.82361],[-79.88103,43.82717],[-79.88226,43.83086],[-79.88075,43.83225],[-79.88166,43.83317],[-79.88003,43.83461],[-79.87944,43.83424],[-79.87265,43.83476],[-79.87062,43.83635],[-79.87183,43.84339],[-79.87377,43.84512]]]}},{"type":"Feature","properties":{"OGF_ID":185,"LAND_USE_DESIGNATION":"Natural Core Area"},"geometry":{"type":"Polygon","coordinates":[[[-79.91656,43.8441],[-79.91813,43.84276],[-79.91376,43.84093],[-79.90959,43.84039],[-79.90635,43.83797],[-79.90702,43.83518],[-79.90826,43.83407],[-79.91027,43.83491],[-79.90891,43.83353],[-79.91031,43.83227],[-79.91831,43.83813],[-79.92219,43.83452],[-79.92294,43.83489],[-79.92455,43.834],[-79.92637,43.83529],[-79.93167,43.83041],[-79.91766,43.82008],[-79.91638,43.82106],[-79.91412,43.82007],[-79.9134,43.82044],[-79.90805,43.81653],[-79.90626,43.81618],[-79.90394,43.8186],[-79.89937,43.81544],[-79.89642,43.81811],[-79.89501,43.82089],[-79.89602,43.82166],[-79.89007,43.8254],[-79.88939,43.82579],[-79.88784,43.82708],[-79.88617,43.82984],[-79.88846,43.8308],[-79.88667,43.8323],[-79.89048,43.83501],[-79.88985,43.8335],[-79.89234,43.8316],[-79.89745,43.83386],[-79.89877,43.83546],[-79.89762,43.83705],[-79.89925,43.84016],[-79.90296,43.8416],[-79.90529,43.84005],[-79.91054,43.84267],[-79.91388,43.84244],[-79.91656,43.8441]]]}},{"type":"Feature","properties":{"OGF_ID":186,"LAND_USE_DESIGNATION":"Countryside Area"},"geometry":{"type":"Polygon","coordinates":[[[-78.5107,44.20613],[-78.51132,44.21064],[-78.51252,44.21272],[-78.51421,44.21293],[-78.51315,44.20977],[-78.51199,44.20921],[-78.51381,44.20876],[-78.51355,44.20803],[-78.5107,44.20613]]]}},{"type":"Feature","properties":{"OGF_ID":187,"LAND_USE_DESIGNATION":"Countryside Area"},"geometry":{"type":"Polygon","coordinates":[[[-78.03374,44.19908],[-78.03576,44.19856],[-78.03524,44.19709],[-78.03675,44.19665],[-78.03695,44.19544],[-78.03644,44.19222],[-78.03514,44.19247],[-78.03412,44.19003],[-78.03151,44.19059],[-78.03233,44.19222],[-78.0316,44.19341],[-78.03044,44.19362],[-78.02931,44.19199],[-78.02754,44.19241],[-78.02704,44.19162],[-78.02395,44.19234],[-78.01983,44.19647],[-78.01914,44.19992],[-78.02139,44.20069],[-78.02353,44.2003],[-78.02633,44.19869],[-78.02861,44.196],[-78.03131,44.19547],[-78.03377,44.19772],[-78.03374,44.19908]]]}},{"type":"Feature","properties":{"OGF_ID":221,"LAND_USE_DESIGNATION":"Countryside Area"},"geometry":{"type":"Polygon","coordinates":[[[-78.63008,44.02753],[-78.62803,44.03096],[-78.62934,44.03408],[-78.62738,44.0351],[-78.62844,44.03746],[-78.6329,44.03579],[-78.63327,44.03636],[-78.63779,44.03529],[-78.63637,44.03228],[-78.63455,44.03251],[-78.63448,44.03095],[-78.63367,44.0307],[-78.6342,44.02762],[-78.63326,44.02669],[-78.63008,44.02753]]]}},{"type":"Feature","properties":{"OGF_ID":222,"LAND_USE_DESIGNATION":"Natural Linkage Area"},"geometry":{"type":"Polygon","coordinates":[[[-79.50555,44.04535],[-79.50538,44.04538],[-79.50676,44.05088],[-79.50973,44.05168],[-79.50843,44.04662],[-79.51689,44.04491],[-79.51563,44.04315],[-79.50555,44.04535]]]}},{"type":"Feature","properties":{"OGF_ID":362,"LAND_USE_DESIGNATION":"Countryside Area"},"geometry":{"type":"Polygon","coordinates":[[[-78.73976,44.08639],[-78.74181,44.09041],[-78.74686,44.09046],[-78.74905,44.08666],[-78.74888,44.08294],[-78.74404,44.08409],[-78.74435,44.08533],[-78.74709,44.08676],[-78.74202,44.0874],[-78.74105,44.0861],[-78.73976,44.08639]]]}},{"type":"Feature","properties":{"OGF_ID":364,"LAND_USE_DESIGNATION":"Natural Linkage Area"},"geometry":{"type":"Polygon","coordinates":[[[-78.78353,44.08144],[-78.78353,44.08144],[-78.78395,44.08181],[-78.78353,44.08144]]]}},{"type":"Feature","properties":{"OGF_ID":365,"LAND_USE_DESIGNATION":"Natural Linkage Area"},"geometry":{"type":"Polygon","coordinates":[[[-78.04098,44.07281],[-78.04036,44.07134],[-78.03297,44.06823],[-78.02224,44.07074],[-78.01972,44.07318],[-78.02009,44.074],[-78.02248,44.07418],[-78.02339,44.076],[-78.02793,44.07422],[-78.02859,44.07562],[-78.03045,44.07522],[-78.03126,44.07658],[-78.03412,44.07593],[-78.03374,44.07461],[-78.04098,44.07281]]]}},{"type":"Feature","properties":{"OGF_ID":328,"LAND_USE_DESIGNATION":"Countryside Area"},"geometry":{"type":"Polygon","coordinates":[[[-78.78353,44.08144],[-78.78395,44.08181],[-78.78552,44.08211],[-78.78697,44.08098],[-78.78941,44.07653],[-78.79069,44.07573],[-78.79243,44.07632],[-78.79256,44.07918],[-78.79521,44.08309],[-78.79657,44.08814],[-78.79489,44.09511],[-78.7923,44.0991],[-78.7934,44.09957],[-78.79517,44.09866],[-78.79791,44.09513],[-78.80036,44.08821],[-78.79852,44.08489],[-78.79697,44.08525],[-78.79631,44.08385],[-78.79709,44.08213],[-78.79607,44.08065],[-78.79689,44.08],[-78.80159,44.0841],[-78.8014,44.08331],[-78.80294,44.08269],[-78.80147,44.07969],[-78.79896,44.07763],[-78.79819,44.06927],[-78.79269,44.07055],[-78.7919,44.06961],[-78.78104,44.07214],[-78.78033,44.0706],[-78.77837,44.07119],[-78.77746,44.07287],[-78.7755,44.07358],[-78.77585,44.07467],[-78.77873,44.07532],[-78.77964,44.07721],[-78.7824,44.07739],[-78.78353,44.08144]]]}},{"type":"Feature","properties":{"OGF_ID":329,"LAND_USE_DESIGNATION":"Natural Core Area"},"geometry":{"type":"Polygon","coordinates":[[[-79.22243,44.0993],[-79.22528,44.0986],[-79.2297,44.09897],[-79.23124,44.10103],[-79.24143,44.10386],[-79.24288,44.10368],[-79.24459,44.1019],[-79.24739,44.10063],[-79.24767,44.1035],[-79.25083,44.10636],[-79.25378,44.1075],[-79.25705,44.10635],[-79.26307,44.09983],[-79.26214,44.09892],[-79.25987,44.09932],[-79.25936,44.09755],[-79.25766,44.09641],[-79.25715,44.09318],[-79.26078,44.09145],[-79.26029,44.0896],[-79.25843,44.08996],[-79.25697,44.08513],[-79.25832,44.08379],[-79.25791,44.0823],[-79.25943,44.08154],[-79.25936,44.07973],[-79.26169,44.07897],[-79.26176,44.07701],[-79.25834,44.07773],[-79.25537,44.08145],[-79.24828,44.08332],[-79.24454,44.08161],[-79.24373,44.07959],[-79.24005,44.08026],[-79.23746,44.07923],[-79.23477,44.07914],[-79.2389,44.08205],[-79.24128,44.08211],[-79.24513,44.08398],[-79.2422,44.0847],[-79.24247,44.08536],[-79.23755,44.08574],[-79.23781,44.08694],[-79.23661,44.08722],[-79.23705,44.09098],[-79.2406,44.09064],[-79.24091,44.09206],[-79.23943,44.0925],[-79.23991,44.09398],[-79.24141,44.09383],[-79.24206,44.0957],[-79.2402,44.09609],[-79.24068,44.09759],[-79.24254,44.09772],[-79.24389,44.09903],[-79.24033,44.09931],[-79.23829,44.10027],[-79.2377,44.09922],[-79.23736,44.09861],[-79.23573,44.09863],[-79.23487,44.09533],[-79.23255,44.09268],[-79.23231,44.0921],[-79.23391,44.09167],[-79.2324,44.08797],[-79.23064,44.08813],[-79.22873,44.08739],[-79.22762,44.08572],[-79.22605,44.08552],[-79.22657,44.08481],[-79.22557,44.08319],[-79.2217,44.07919],[-79.22402,44.0782],[-79.22468,44.07704],[-79.22357,44.07482],[-79.22351,44.07141],[-79.22574,44.07068],[-79.22632,44.06907],[-79.23486,44.06689],[-79.23384,44.06437],[-79.23223,44.06035],[-79.23338,44.05907],[-79.23268,44.05827],[-79.23157,44.05879],[-79.22954,44.05392],[-79.22511,44.05496],[-79.22507,44.05581],[-79.22277,44.05655],[-79.22316,44.05741],[-79.22595,44.05677],[-79.22643,44.05845],[-79.22762,44.05895],[-79.22618,44.05953],[-79.2267,44.06044],[-79.22576,44.06069],[-79.22664,44.06323],[-79.22249,44.06334],[-79.22055,44.06236],[-79.21966,44.06028],[-79.2179,44.06057],[-79.21835,44.06232],[-79.21395,44.06331],[-79.21373,44.06516],[-79.20844,44.06626],[-79.20587,44.0631],[-79.192,44.06638],[-79.19309,44.0693],[-79.18473,44.0717],[-79.1854,44.07333],[-79.18367,44.07364],[-79.18192,44.07154],[-79.17969,44.07126],[-79.17867,44.0729],[-79.17255,44.07418],[-79.17123,44.07081],[-79.16896,44.07122],[-79.16561,44.06601],[-79.16393,44.06719],[-79.16122,44.06647],[-79.15877,44.06702],[-79.16314,44.07045],[-79.16427,44.07026],[-79.16573,44.07204],[-79.15928,44.07392],[-79.16094,44.07797],[-79.15995,44.08066],[-79.16108,44.08093],[-79.16196,44.07984],[-79.16427,44.0803],[-79.17418,44.07795],[-79.17495,44.07974],[-79.17369,44.08097],[-79.17657,44.08437],[-79.17501,44.08575],[-79.17728,44.0888],[-79.18126,44.08907],[-79.18232,44.09163],[-79.18391,44.09126],[-79.18462,44.09257],[-79.18702,44.09377],[-79.19673,44.09215],[-79.19959,44.09151],[-79.19607,44.09008],[-79.1957,44.08831],[-79.18827,44.08997],[-79.18748,44.08858],[-79.18333,44.0881],[-79.1824,44.08682],[-79.18293,44.08467],[-79.18221,44.0826],[-79.18537,44.08152],[-79.18536,44.08095],[-79.18412,44.08033],[-79.18295,44.08082],[-79.18206,44.07813],[-79.18605,44.07747],[-79.18767,44.07891],[-79.18987,44.07862],[-79.19087,44.08034],[-79.1978,44.07874],[-79.19694,44.0768],[-79.20141,44.07591],[-79.20317,44.07636],[-79.20387,44.07849],[-79.20158,44.07947],[-79.20267,44.08313],[-79.20122,44.08349],[-79.20176,44.08529],[-79.20088,44.08552],[-79.20254,44.08925],[-79.20453,44.0888],[-79.20384,44.08682],[-79.2067,44.08591],[-79.20628,44.08471],[-79.21291,44.08389],[-79.21278,44.08299],[-79.21578,44.08373],[-79.21722,44.08735],[-79.21958,44.08656],[-79.2206,44.08705],[-79.22591,44.09363],[-79.22448,44.09464],[-79.22042,44.09521],[-79.22125,44.09726],[-79.22205,44.09923],[-79.22243,44.0993]]]}},{"type":"Feature","properties":{"OGF_ID":333,"LAND_USE_DESIGNATION":"Countryside Area"},"geometry":{"type":"Polygon","coordinates":[[[-78.74604,44.09189],[-78.74363,44.09308],[-78.74384,44.09396],[-78.74294,44.09429],[-78.74367,44.09601],[-78.74604,44.09189]]]}},{"type":"Feature","properties":{"OGF_ID":330,"LAND_USE_DESIGNATION":"Countryside Area"},"geometry":{"type":"Polygon","coordinates":[[[-79.40211,44.10455],[-79.40055,44.1035],[-79.39842,44.1038],[-79.39569,44.1011],[-79.39473,44.09724],[-79.39569,44.09692],[-79.3962,44.09518],[-79.39161,44.0962],[-79.39221,44.10173],[-79.39342,44.10146],[-79.39431,44.1033],[-79.39189,44.1042],[-79.39355,44.10902],[-79.39721,44.10937],[-79.40211,44.10455]]]}},{"type":"Feature","properties":{"OGF_ID":332,"LAND_USE_DESIGNATION":"Natural Linkage Area"},"geometry":{"type":"Polygon","coordinates":[[[-78.74367,44.09601],[-78.74294,44.09429],[-78.74384,44.09396],[-78.74363,44.09308],[-78.74604,44.09189],[-78.74686,44.09046],[-78.74181,44.09041],[-78.73976,44.08639],[-78.73862,44.08666],[-78.73784,44.08561],[-78.73707,44.08581],[-78.73944,44.09116],[-78.73721,44.09249],[-78.74028,44.09312],[-78.74303,44.09714],[-78.74367,44.09601]]]}},{"type":"Feature","properties":{"OGF_ID":334,"LAND_USE_DESIGNATION":"Natural Linkage Area"},"geometry":{"type":"Polygon","coordinates":[[[-78.77456,44.09286],[-78.77223,44.09455],[-78.77085,44.0914],[-78.76737,44.09222],[-78.76565,44.09007],[-78.76611,44.09457],[-78.76832,44.09585],[-78.77039,44.09609],[-78.77278,44.0953],[-78.77456,44.09286]]]}},{"type":"Feature","properties":{"OGF_ID":335,"LAND_USE_DESIGNATION":"Settlement Area"},"geometry":{"type":"Polygon","coordinates":[[[-79.13965,44.10168],[-79.13751,44.10102],[-79.13616,44.09798],[-79.13728,44.09567],[-79.13567,44.09176],[-79.13448,44.08883],[-79.13554,44.08664],[-79.12979,44.08801],[-79.12763,44.09303],[-79.12526,44.09437],[-79.1245,44.09655],[-79.12047,44.09727],[-79.11648,44.0965],[-79.10986,44.0979],[-79.11702,44.09925],[-79.11816,44.10124],[-79.12122,44.10307],[-79.12742,44.101],[-79.13723,44.10215],[-79.13965,44.10168]]]}},{"type":"Feature","properties":{"OGF_ID":336,"LAND_USE_DESIGNATION":"Countryside Area"},"geometry":{"type":"Polygon","coordinates":[[[-78.77597,44.09093],[-78.77348,44.09132],[-78.77288,44.08928],[-78.77017,44.08968],[-78.76689,44.08883],[-78.76558,44.08932],[-78.76565,44.09007],[-78.76737,44.09222],[-78.77085,44.0914],[-78.77223,44.09455],[-78.77456,44.09286],[-78.77597,44.09093]]]}},{"type":"Feature","properties":{"OGF_ID":90,"LAND_USE_DESIGNATION":"Countryside Area"},"geometry":{"type":"Polygon","coordinates":[[[-78.86257,43.99362],[-78.85934,43.99387],[-78.85599,43.99578],[-78.85589,43.99689],[-78.85344,43.99754],[-78.85233,43.99497],[-78.85832,43.99262],[-78.86291,43.99274],[-78.86406,43.99215],[-78.86504,43.98981],[-78.86227,43.98783],[-78.86272,43.98251],[-78.8606,43.9826],[-78.85961,43.98396],[-78.86001,43.98666],[-78.85801,43.98622],[-78.85677,43.98703],[-78.85501,43.98649],[-78.85403,43.98803],[-78.84961,43.98281],[-78.84823,43.98272],[-78.84712,43.98417],[-78.84714,43.98606],[-78.8485,43.98843],[-78.84882,43.99209],[-78.84743,43.99435],[-78.84224,43.99776],[-78.8438,44.00348],[-78.84677,44.00301],[-78.84646,44.00164],[-78.84723,44.00131],[-78.8478,44.00237],[-78.85423,44.00052],[-78.85782,43.99852],[-78.85785,43.99646],[-78.86222,43.99484],[-78.86257,43.99362]]]}},{"type":"Feature","properties":{"OGF_ID":229,"LAND_USE_DESIGNATION":"Countryside Area"},"geometry":{"type":"Polygon","coordinates":[[[-79.72932,43.91792],[-79.73444,43.91672],[-79.73511,43.91737],[-79.73695,43.91608],[-79.73866,43.9174],[-79.73748,43.91842],[-79.73909,43.91976],[-79.73845,43.92039],[-79.74159,43.92295],[-79.74664,43.91853],[-79.7448,43.91689],[-79.74306,43.91822],[-79.73641,43.91337],[-79.73799,43.91202],[-79.73666,43.91091],[-79.73797,43.90979],[-79.73617,43.90847],[-79.7331,43.91095],[-79.72975,43.90851],[-79.72702,43.90393],[-79.7256,43.90423],[-79.72585,43.90543],[-79.72491,43.90562],[-79.7246,43.90945],[-79.72836,43.9132],[-79.72976,43.91674],[-79.72932,43.91792]]]}},{"type":"Feature","properties":{"OGF_ID":230,"LAND_USE_DESIGNATION":"Natural Linkage Area"},"geometry":{"type":"Polygon","coordinates":[[[-79.55089,43.90978],[-79.5526,43.91661],[-79.55244,43.91179],[-79.55089,43.90978]]]}},{"type":"Feature","properties":{"OGF_ID":261,"LAND_USE_DESIGNATION":"Countryside Area"},"geometry":{"type":"Polygon","coordinates":[[[-78.09224,44.07033],[-78.09588,44.06828],[-78.09511,44.06592],[-78.09921,44.06482],[-78.09889,44.0642],[-78.09759,44.06403],[-78.09854,44.06037],[-78.10376,44.0549],[-78.10217,44.05433],[-78.10173,44.05254],[-78.09886,44.05327],[-78.09832,44.05203],[-78.09707,44.05229],[-78.09654,44.05121],[-78.09324,44.05136],[-78.0915,44.05231],[-78.09085,44.05164],[-78.08643,44.05269],[-78.08765,44.05519],[-78.08539,44.05576],[-78.08473,44.05442],[-78.08196,44.05505],[-78.07991,44.05082],[-78.08166,44.0504],[-78.08065,44.04748],[-78.08188,44.04733],[-78.08239,44.04814],[-78.08715,44.04112],[-78.08698,44.04032],[-78.08608,44.04057],[-78.08639,44.03908],[-78.09243,44.03611],[-78.0916,44.03373],[-78.088,44.03462],[-78.08771,44.03346],[-78.0859,44.03269],[-78.08626,44.03561],[-78.07971,44.0365],[-78.08124,44.03528],[-78.07963,44.03237],[-78.07732,44.03337],[-78.0733,44.03212],[-78.07025,44.03305],[-78.06866,44.03268],[-78.07182,44.02896],[-78.0714,44.02654],[-78.06443,44.02904],[-78.06211,44.03099],[-78.06097,44.03083],[-78.06005,44.02952],[-78.0584,44.02972],[-78.05779,44.03116],[-78.05618,44.03143],[-78.05416,44.03057],[-78.053,44.03095],[-78.05012,44.02858],[-78.0463,44.02822],[-78.04075,44.03049],[-78.02963,44.03767],[-78.0294,44.03952],[-78.03432,44.03973],[-78.03491,44.04101],[-78.03982,44.04026],[-78.0404,44.04103],[-78.04515,44.03961],[-78.04526,44.04081],[-78.05042,44.03866],[-78.05194,44.03768],[-78.05167,44.03593],[-78.05414,44.0352],[-78.0554,44.03747],[-78.0556,44.03922],[-78.05478,44.03948],[-78.05552,44.04144],[-78.05204,44.04221],[-78.05213,44.04318],[-78.05508,44.04834],[-78.05695,44.04903],[-78.06047,44.05001],[-78.06171,44.05198],[-78.06447,44.05127],[-78.06155,44.04708],[-78.06388,44.0469],[-78.06501,44.0489],[-78.06715,44.04852],[-78.06888,44.05132],[-78.06729,44.05284],[-78.06762,44.05375],[-78.06301,44.05453],[-78.06428,44.05744],[-78.0656,44.05787],[-78.0645,44.05822],[-78.06558,44.06075],[-78.06352,44.06131],[-78.06416,44.06519],[-78.06447,44.06582],[-78.06738,44.06545],[-78.0681,44.06709],[-78.06531,44.07171],[-78.06719,44.07493],[-78.07144,44.07466],[-78.07398,44.07307],[-78.07858,44.07203],[-78.08405,44.07118],[-78.08459,44.07177],[-78.09224,44.07033]]]}},{"type":"Feature","properties":{"OGF_ID":262,"LAND_USE_DESIGNATION":"Countryside Area"},"geometry":{"type":"Polygon","coordinates":[[[-79.88784,43.82708],[-79.88939,43.82579],[-79.88423,43.82536],[-79.87981,43.82304],[-79.88136,43.82072],[-79.88399,43.82039],[-79.88885,43.81523],[-79.8926,43.80987],[-79.89239,43.80852],[-79.89088,43.80816],[-79.89174,43.81003],[-79.89068,43.81232],[-79.8831,43.81698],[-79.87773,43.82289],[-79.88357,43.82661],[-79.88784,43.82708]]]}},{"type":"Feature","properties":{"OGF_ID":263,"LAND_USE_DESIGNATION":"Countryside Area"},"geometry":{"type":"Polygon","coordinates":[[[-79.89007,43.8254],[-79.89602,43.82166],[-79.89501,43.82089],[-79.89428,43.82225],[-79.89128,43.82275],[-79.88947,43.82525],[-79.89007,43.8254]]]}},{"type":"Feature","properties":{"OGF_ID":301,"LAND_USE_DESIGNATION":"Countryside Area"},"geometry":{"type":"Polygon","coordinates":[[[-78.36949,44.11037],[-78.37527,44.1069],[-78.36999,44.1081],[-78.36949,44.11037]]]}},{"type":"Feature","properties":{"OGF_ID":514,"LAND_USE_DESIGNATION":"Natural Linkage Area"},"geometry":{"type":"Polygon","coordinates":[[[-79.04458,44.07547],[-79.04551,44.07529],[-79.0451,44.0735],[-79.05295,44.07233],[-79.05447,44.07427],[-79.0557,44.07416],[-79.05479,44.07306],[-79.05719,44.07236],[-79.05485,44.07006],[-79.0537,44.07024],[-79.05309,44.06861],[-79.05237,44.06687],[-79.04879,44.06787],[-79.04968,44.07038],[-79.04654,44.07094],[-79.04598,44.06981],[-79.04422,44.07007],[-79.04441,44.07096],[-79.04186,44.0702],[-79.03711,44.07102],[-79.04454,44.07359],[-79.04458,44.07547]]]}},{"type":"Feature","properties":{"OGF_ID":515,"LAND_USE_DESIGNATION":"Countryside Area"},"geometry":{"type":"Polygon","coordinates":[[[-78.85444,44.07195],[-78.85667,44.07166],[-78.8553,44.07135],[-78.85444,44.07195]]]}},{"type":"Feature","properties":{"OGF_ID":484,"LAND_USE_DESIGNATION":"Countryside Area"},"geometry":{"type":"Polygon","coordinates":[[[-79.47093,43.89876],[-79.47641,43.89756],[-79.47601,43.89679],[-79.48044,43.89647],[-79.48079,43.89503],[-79.47914,43.89399],[-79.47547,43.89408],[-79.4724,43.89169],[-79.46925,43.89045],[-79.46844,43.88844],[-79.47093,43.89876]]]}},{"type":"Feature","properties":{"OGF_ID":485,"LAND_USE_DESIGNATION":"Settlement Area"},"geometry":{"type":"Polygon","coordinates":[[[-79.50681,43.8907],[-79.50161,43.89165],[-79.50189,43.89309],[-79.49901,43.8932],[-79.49926,43.89468],[-79.49737,43.89502],[-79.4985,43.89715],[-79.50776,43.89516],[-79.5082,43.8933],[-79.50609,43.89313],[-79.5079,43.89254],[-79.50681,43.8907]]]}},{"type":"Feature","properties":{"OGF_ID":486,"LAND_USE_DESIGNATION":"Natural Linkage Area"},"geometry":{"type":"Polygon","coordinates":[[[-79.47914,43.89399],[-79.4794,43.89349],[-79.47715,43.89229],[-79.4737,43.89216],[-79.4707,43.88997],[-79.47056,43.88768],[-79.46802,43.88669],[-79.46844,43.88844],[-79.46925,43.89045],[-79.4724,43.89169],[-79.47547,43.89408],[-79.47914,43.89399]]]}},{"type":"Feature","properties":{"OGF_ID":487,"LAND_USE_DESIGNATION":"Countryside Area"},"geometry":{"type":"Polygon","coordinates":[[[-79.4794,43.89349],[-79.48059,43.89401],[-79.48231,43.89365],[-79.48235,43.89245],[-79.48131,43.88923],[-79.4755,43.88863],[-79.46955,43.88566],[-79.46781,43.88399],[-79.46802,43.88669],[-79.47056,43.88768],[-79.4707,43.88997],[-79.4737,43.89216],[-79.47715,43.89229],[-79.4794,43.89349]]]}},{"type":"Feature","properties":{"OGF_ID":507,"LAND_USE_DESIGNATION":"Rural Settlement"},"geometry":{"type":"Polygon","coordinates":[[[-79.23344,44.08002],[-79.22759,44.08131],[-79.22822,44.08288],[-79.22665,44.08417],[-79.22693,44.0854],[-79.22834,44.08509],[-79.22874,44.08606],[-79.23211,44.0853],[-79.23345,44.085],[-79.23301,44.08392],[-79.23485,44.08352],[-79.23344,44.08002]]]}},{"type":"Feature","properties":{"OGF_ID":508,"LAND_USE_DESIGNATION":"Countryside Area"},"geometry":{"type":"Polygon","coordinates":[[[-78.84547,44.07041],[-78.84548,44.0704],[-78.84442,44.0695],[-78.84322,44.07016],[-78.83977,44.07355],[-78.83871,44.07553],[-78.83916,44.07743],[-78.84187,44.0771],[-78.84547,44.07041]]]}},{"type":"Feature","properties":{"OGF_ID":509,"LAND_USE_DESIGNATION":"Rural Settlement"},"geometry":{"type":"Polygon","coordinates":[[[-78.40018,44.06729],[-78.40018,44.06729],[-78.39841,44.06713],[-78.40018,44.06729]]]}},{"type":"Feature","properties":{"OGF_ID":82,"LAND_USE_DESIGNATION":"Countryside Area"},"geometry":{"type":"Polygon","coordinates":[[[-78.88442,44.01408],[-78.88554,44.01753],[-78.88323,44.01823],[-78.88476,44.02281],[-78.88319,44.0294],[-78.88777,44.03505],[-78.88863,44.03396],[-78.88823,44.03229],[-78.88977,44.03195],[-78.8898,44.02933],[-78.89112,44.02813],[-78.89092,44.0275],[-78.88802,44.02767],[-78.88527,44.02123],[-78.88899,44.02024],[-78.88918,44.01759],[-78.88802,44.01772],[-78.88946,44.01549],[-78.89212,44.01423],[-78.89261,44.01137],[-78.89255,44.01066],[-78.89064,44.01064],[-78.88903,44.0127],[-78.88746,44.01131],[-78.88442,44.01408]]]}},{"type":"Feature","properties":{"OGF_ID":316,"LAND_USE_DESIGNATION":"Rural Settlement"},"geometry":{"type":"Polygon","coordinates":[[[-78.57062,44.17778],[-78.56852,44.1807],[-78.56845,44.17993],[-78.56825,44.17815],[-78.56791,44.17722],[-78.56614,44.17415],[-78.56712,44.17296],[-78.56689,44.17229],[-78.56599,44.17204],[-78.56268,44.17262],[-78.56184,44.17348],[-78.56138,44.17473],[-78.56257,44.17747],[-78.5614,44.17783],[-78.56178,44.17956],[-78.56082,44.18064],[-78.55853,44.18203],[-78.55869,44.18387],[-78.55441,44.18494],[-78.55755,44.19247],[-78.56043,44.19315],[-78.56204,44.19243],[-78.56223,44.18779],[-78.56563,44.18512],[-78.56665,44.18278],[-78.57102,44.17879],[-78.57529,44.1792],[-78.57491,44.17803],[-78.57396,44.17608],[-78.57269,44.1748],[-78.57075,44.17509],[-78.57062,44.17778]]]}},{"type":"Feature","properties":{"OGF_ID":320,"LAND_USE_DESIGNATION":"Countryside Area"},"geometry":{"type":"Polygon","coordinates":[[[-78.04168,44.16957],[-78.04073,44.16802],[-78.03922,44.16977],[-78.0398,44.17143],[-78.04168,44.16957]]]}},{"type":"Feature","properties":{"OGF_ID":317,"LAND_USE_DESIGNATION":"Countryside Area"},"geometry":{"type":"Polygon","coordinates":[[[-78.005,44.17393],[-78.00349,44.17026],[-77.99754,44.17169],[-77.99704,44.17238],[-77.99752,44.17523],[-77.99914,44.17576],[-78.005,44.17393]]]}},{"type":"Feature","properties":{"OGF_ID":319,"LAND_USE_DESIGNATION":"Natural Core Area"},"geometry":{"type":"Polygon","coordinates":[[[-78.57491,44.17803],[-78.57612,44.17784],[-78.57658,44.17898],[-78.58053,44.17638],[-78.58164,44.17683],[-78.58324,44.18151],[-78.58396,44.18207],[-78.58743,44.1819],[-78.58793,44.1837],[-78.58207,44.18732],[-78.58479,44.18811],[-78.58871,44.18703],[-78.59169,44.18823],[-78.59315,44.18788],[-78.59241,44.18361],[-78.59392,44.17881],[-78.59968,44.17294],[-78.60326,44.17167],[-78.60293,44.17074],[-78.60065,44.17043],[-78.6003,44.16948],[-78.60212,44.16886],[-78.60192,44.16778],[-78.60338,44.16745],[-78.60317,44.16691],[-78.60772,44.16663],[-78.61173,44.16528],[-78.61123,44.164],[-78.60787,44.16412],[-78.60727,44.1633],[-78.60856,44.16283],[-78.60801,44.16152],[-78.60665,44.16176],[-78.60588,44.16006],[-78.62025,44.1566],[-78.61447,44.14385],[-78.62509,44.14134],[-78.62468,44.1401],[-78.62799,44.13928],[-78.62616,44.13408],[-78.63838,44.13066],[-78.63899,44.12947],[-78.63793,44.12496],[-78.64054,44.12347],[-78.63971,44.12122],[-78.63636,44.12186],[-78.63393,44.11701],[-78.62887,44.11702],[-78.62759,44.11164],[-78.62321,44.10467],[-78.61842,44.10783],[-78.61678,44.1037],[-78.61634,44.10342],[-78.60768,44.10538],[-78.60677,44.10352],[-78.60497,44.10394],[-78.60144,44.09727],[-78.59817,44.09872],[-78.59838,44.09952],[-78.59645,44.09949],[-78.595,44.09665],[-78.59352,44.09706],[-78.59238,44.09502],[-78.58855,44.09583],[-78.58628,44.09038],[-78.58974,44.08855],[-78.58689,44.08258],[-78.59412,44.08092],[-78.59492,44.08074],[-78.59211,44.07384],[-78.60213,44.07156],[-78.60044,44.0691],[-78.59871,44.06955],[-78.5977,44.06856],[-78.59775,44.06561],[-78.59971,44.06495],[-78.59978,44.06267],[-78.61131,44.06025],[-78.61183,44.06086],[-78.61355,44.06047],[-78.61294,44.05853],[-78.62027,44.05683],[-78.62338,44.05523],[-78.61987,44.05044],[-78.61786,44.0448],[-78.61555,44.04525],[-78.61503,44.04404],[-78.61325,44.04492],[-78.61013,44.04462],[-78.60811,44.04039],[-78.60513,44.04103],[-78.59525,44.04294],[-78.58787,44.04353],[-78.5841,44.04136],[-78.58284,44.03533],[-78.57823,44.03537],[-78.57825,44.03336],[-78.58022,44.03139],[-78.58027,44.02985],[-78.57454,44.03261],[-78.57433,44.03559],[-78.57135,44.0335],[-78.57039,44.03383],[-78.56938,44.03703],[-78.56814,44.03542],[-78.56638,44.03586],[-78.56306,44.03514],[-78.56445,44.03768],[-78.56411,44.03882],[-78.56099,44.03524],[-78.5586,44.03556],[-78.55736,44.03383],[-78.55356,44.03311],[-78.54942,44.03353],[-78.54555,44.03693],[-78.54582,44.0398],[-78.54785,44.04188],[-78.55321,44.04456],[-78.55523,44.04721],[-78.55377,44.04903],[-78.54964,44.04877],[-78.54411,44.04722],[-78.54167,44.04575],[-78.53105,44.0478],[-78.52877,44.04618],[-78.52608,44.04653],[-78.52372,44.04484],[-78.5186,44.04362],[-78.51747,44.04441],[-78.52609,44.05124],[-78.53099,44.05289],[-78.53208,44.05393],[-78.53348,44.05612],[-78.53155,44.05736],[-78.53246,44.05977],[-78.53021,44.06101],[-78.52594,44.05971],[-78.52343,44.05797],[-78.5244,44.05718],[-78.5274,44.05812],[-78.52852,44.05767],[-78.52048,44.05405],[-78.51866,44.04934],[-78.5158,44.04749],[-78.51804,44.05269],[-78.51542,44.05302],[-78.51144,44.0515],[-78.51081,44.05282],[-78.50953,44.05315],[-78.50512,44.05071],[-78.50384,44.05115],[-78.50554,44.05391],[-78.50653,44.06079],[-78.50485,44.06433],[-78.50116,44.06519],[-78.49745,44.06446],[-78.49421,44.06],[-78.48005,44.05845],[-78.4685,44.05969],[-78.4635,44.06069],[-78.45949,44.06239],[-78.45975,44.06377],[-78.46438,44.06543],[-78.46478,44.06796],[-78.46374,44.06866],[-78.45326,44.06564],[-78.44744,44.06519],[-78.44296,44.06587],[-78.43638,44.06833],[-78.4379,44.07139],[-78.43221,44.07075],[-78.41973,44.06704],[-78.42012,44.06975],[-78.4164,44.06853],[-78.40946,44.06924],[-78.40018,44.06729],[-78.39841,44.06713],[-78.39103,44.06624],[-78.38188,44.06711],[-78.38514,44.07336],[-78.37969,44.07641],[-78.37532,44.07767],[-78.37399,44.0762],[-78.37236,44.07655],[-78.37173,44.07516],[-78.36914,44.07548],[-78.36832,44.07178],[-78.36768,44.07116],[-78.36246,44.07215],[-78.36251,44.07283],[-78.3603,44.07355],[-78.36001,44.07297],[-78.35749,44.07366],[-78.35811,44.07529],[-78.3526,44.07509],[-78.35185,44.07514],[-78.35217,44.07657],[-78.34798,44.07731],[-78.34744,44.07647],[-78.33448,44.08111],[-78.33784,44.0878],[-78.34161,44.08706],[-78.34532,44.09482],[-78.34179,44.09581],[-78.33752,44.09435],[-78.33602,44.09457],[-78.33707,44.09685],[-78.34725,44.09836],[-78.34833,44.09911],[-78.34083,44.10112],[-78.34067,44.10297],[-78.34314,44.10615],[-78.3405,44.10782],[-78.33859,44.11045],[-78.33894,44.1122],[-78.3411,44.11318],[-78.3438,44.1129],[-78.34904,44.11013],[-78.35095,44.11087],[-78.35017,44.11201],[-78.35118,44.11176],[-78.35242,44.11377],[-78.35464,44.11327],[-78.35399,44.11188],[-78.35843,44.11101],[-78.35956,44.11505],[-78.36327,44.11377],[-78.36514,44.11213],[-78.36587,44.11354],[-78.36949,44.11037],[-78.36999,44.1081],[-78.37527,44.1069],[-78.37878,44.10602],[-78.37803,44.1043],[-78.38217,44.1034],[-78.38779,44.1035],[-78.39022,44.10283],[-78.39291,44.10249],[-78.39223,44.10089],[-78.39328,44.09941],[-78.39227,44.09877],[-78.39842,44.09726],[-78.40028,44.10144],[-78.39921,44.10182],[-78.3996,44.103],[-78.39866,44.1035],[-78.40015,44.10662],[-78.395,44.10796],[-78.39365,44.11026],[-78.39505,44.11198],[-78.39562,44.11268],[-78.39705,44.11221],[-78.39641,44.11107],[-78.39776,44.11041],[-78.40164,44.11006],[-78.40424,44.11029],[-78.40844,44.11261],[-78.41253,44.11285],[-78.41983,44.1106],[-78.4185,44.10795],[-78.41227,44.1081],[-78.41217,44.10681],[-78.41613,44.10588],[-78.41295,44.10516],[-78.41215,44.10366],[-78.41989,44.10179],[-78.41962,44.10093],[-78.42922,44.09824],[-78.43033,44.10087],[-78.42888,44.10171],[-78.42973,44.10373],[-78.4319,44.10337],[-78.43296,44.10537],[-78.43937,44.10399],[-78.43966,44.10741],[-78.44161,44.10718],[-78.44095,44.1056],[-78.44228,44.10471],[-78.44625,44.10391],[-78.44515,44.10293],[-78.44774,44.10237],[-78.44718,44.1009],[-78.44915,44.10026],[-78.44896,44.09932],[-78.45255,44.09886],[-78.45474,44.10381],[-78.45454,44.10491],[-78.45302,44.10525],[-78.45384,44.10776],[-78.45176,44.10827],[-78.453,44.10907],[-78.45348,44.11184],[-78.45079,44.11184],[-78.4528,44.11457],[-78.45029,44.11446],[-78.45174,44.11625],[-78.45345,44.11619],[-78.45449,44.11885],[-78.45131,44.11953],[-78.45057,44.11854],[-78.44396,44.11991],[-78.44266,44.11743],[-78.4403,44.11605],[-78.43908,44.11309],[-78.43682,44.11431],[-78.43822,44.11741],[-78.43614,44.11797],[-78.43672,44.11913],[-78.43516,44.11947],[-78.4377,44.11999],[-78.43695,44.12067],[-78.43751,44.12214],[-78.43601,44.12251],[-78.43663,44.12446],[-78.43871,44.12402],[-78.44017,44.12764],[-78.43647,44.12876],[-78.43666,44.12982],[-78.43791,44.12974],[-78.43877,44.13188],[-78.4454,44.12837],[-78.44842,44.1284],[-78.45059,44.12956],[-78.45232,44.12922],[-78.4532,44.13137],[-78.45346,44.12941],[-78.45648,44.12528],[-78.46233,44.12245],[-78.46648,44.11885],[-78.47,44.11732],[-78.48215,44.11484],[-78.48462,44.11537],[-78.47551,44.12255],[-78.47267,44.13054],[-78.47198,44.13128],[-78.46908,44.1314],[-78.4672,44.13241],[-78.4623,44.14076],[-78.46573,44.14275],[-78.46988,44.14362],[-78.47074,44.14555],[-78.47137,44.1465],[-78.4752,44.14655],[-78.47629,44.14606],[-78.4768,44.14437],[-78.47604,44.1445],[-78.47554,44.14337],[-78.476,44.1417],[-78.47837,44.14095],[-78.47794,44.13999],[-78.48298,44.14013],[-78.48234,44.13858],[-78.48729,44.13761],[-78.48805,44.1392],[-78.49154,44.13911],[-78.49128,44.13402],[-78.4883,44.13439],[-78.48751,44.13273],[-78.48542,44.13339],[-78.48218,44.1263],[-78.48382,44.12584],[-78.48305,44.12353],[-78.4842,44.12326],[-78.48579,44.12372],[-78.4864,44.12481],[-78.48839,44.125],[-78.49336,44.12357],[-78.49518,44.12434],[-78.49878,44.12424],[-78.49829,44.12354],[-78.50007,44.12305],[-78.4978,44.11767],[-78.50292,44.11693],[-78.50459,44.11621],[-78.50423,44.11503],[-78.50553,44.11461],[-78.51107,44.11413],[-78.51283,44.11273],[-78.51849,44.11184],[-78.51662,44.11059],[-78.517,44.10977],[-78.52443,44.10835],[-78.52796,44.10896],[-78.53054,44.10829],[-78.53099,44.10913],[-78.53023,44.10937],[-78.53316,44.11517],[-78.52725,44.11669],[-78.52625,44.11598],[-78.52415,44.11697],[-78.52297,44.11894],[-78.51988,44.11973],[-78.52134,44.1228],[-78.5258,44.12169],[-78.52606,44.12241],[-78.52692,44.12232],[-78.53231,44.13411],[-78.53033,44.13583],[-78.52843,44.13584],[-78.52928,44.13808],[-78.52861,44.13894],[-78.52943,44.14036],[-78.53045,44.14042],[-78.53044,44.13946],[-78.53341,44.13946],[-78.53462,44.14015],[-78.53574,44.14289],[-78.5321,44.14376],[-78.53274,44.14514],[-78.52997,44.14584],[-78.53175,44.14809],[-78.53336,44.14802],[-78.53521,44.15145],[-78.53214,44.1525],[-78.53142,44.15073],[-78.52635,44.15161],[-78.5249,44.14931],[-78.52365,44.14951],[-78.52391,44.15056],[-78.51874,44.15248],[-78.51887,44.15438],[-78.51533,44.15569],[-78.51535,44.15748],[-78.51424,44.15813],[-78.51466,44.15947],[-78.51269,44.16077],[-78.51278,44.1618],[-78.52797,44.15972],[-78.53145,44.16246],[-78.53496,44.16315],[-78.53915,44.1569],[-78.54287,44.15517],[-78.54699,44.15712],[-78.54739,44.16162],[-78.55322,44.16695],[-78.55234,44.16921],[-78.55102,44.16909],[-78.54592,44.16528],[-78.54249,44.1654],[-78.54782,44.17025],[-78.54863,44.1732],[-78.55028,44.17292],[-78.55334,44.17787],[-78.56052,44.1766],[-78.55813,44.17061],[-78.56355,44.16937],[-78.56226,44.1664],[-78.55868,44.15834],[-78.56196,44.15771],[-78.56176,44.15699],[-78.56367,44.15645],[-78.56355,44.15577],[-78.568,44.1563],[-78.56641,44.15414],[-78.57094,44.15312],[-78.56916,44.14908],[-78.5671,44.14795],[-78.56827,44.14639],[-78.56822,44.14321],[-78.56702,44.14312],[-78.56404,44.14425],[-78.56468,44.14787],[-78.55962,44.14888],[-78.55704,44.14296],[-78.55859,44.14263],[-78.55575,44.1357],[-78.55739,44.1341],[-78.55916,44.13375],[-78.55883,44.13305],[-78.5609,44.1306],[-78.56447,44.12858],[-78.56837,44.12714],[-78.56942,44.12981],[-78.57301,44.12897],[-78.5762,44.1267],[-78.57805,44.13046],[-78.58126,44.12985],[-78.58461,44.13662],[-78.58762,44.13592],[-78.58876,44.13913],[-78.58731,44.14058],[-78.58874,44.14422],[-78.58765,44.14456],[-78.58874,44.14761],[-78.5856,44.14887],[-78.58494,44.15021],[-78.58244,44.15083],[-78.58294,44.15381],[-78.58032,44.15439],[-78.58107,44.15614],[-78.58171,44.15764],[-78.58592,44.16747],[-78.58324,44.16801],[-78.58413,44.17048],[-78.58226,44.17097],[-78.58204,44.17226],[-78.57689,44.17342],[-78.57725,44.17503],[-78.57396,44.17608],[-78.57491,44.17803]]]}},{"type":"Feature","properties":{"OGF_ID":321,"LAND_USE_DESIGNATION":"Natural Linkage Area"},"geometry":{"type":"Polygon","coordinates":[[[-78.56845,44.17993],[-78.56852,44.1807],[-78.57062,44.17778],[-78.56948,44.17646],[-78.57111,44.17443],[-78.57011,44.17204],[-78.56747,44.17046],[-78.5662,44.16696],[-78.56226,44.1664],[-78.56355,44.16937],[-78.56447,44.17169],[-78.56554,44.17143],[-78.56599,44.17204],[-78.56689,44.17229],[-78.56786,44.1727],[-78.56712,44.17296],[-78.56614,44.17415],[-78.56791,44.17722],[-78.56825,44.17815],[-78.56845,44.17993]]]}},{"type":"Feature","properties":{"OGF_ID":231,"LAND_USE_DESIGNATION":"Natural Linkage Area"},"geometry":{"type":"Polygon","coordinates":[[[-78.10595,44.16453],[-78.10522,44.16279],[-78.11178,44.1598],[-78.11301,44.16219],[-78.11377,44.16215],[-78.11356,44.16074],[-78.11765,44.16078],[-78.11869,44.16093],[-78.1195,44.16241],[-78.12013,44.16011],[-78.11948,44.15917],[-78.11506,44.15976],[-78.11263,44.15846],[-78.11312,44.15742],[-78.11073,44.15727],[-78.11026,44.15612],[-78.10881,44.15738],[-78.10584,44.157],[-78.10448,44.15788],[-78.10583,44.15918],[-78.1033,44.15838],[-78.10174,44.15763],[-78.10088,44.15781],[-78.09951,44.15582],[-78.10141,44.15506],[-78.10384,44.14904],[-78.1036,44.14385],[-78.10534,44.13739],[-78.10495,44.13554],[-78.10342,44.13585],[-78.10304,44.13451],[-78.10244,44.13475],[-78.1016,44.13709],[-78.10355,44.13633],[-78.10379,44.13708],[-78.10281,44.13794],[-78.10245,44.14062],[-78.1001,44.14165],[-78.09919,44.14398],[-78.09682,44.14415],[-78.09635,44.14277],[-78.095,44.14256],[-78.09405,44.14353],[-78.09243,44.14542],[-78.09493,44.15063],[-78.09364,44.1535],[-78.09604,44.15407],[-78.09546,44.15613],[-78.09345,44.15625],[-78.09337,44.15739],[-78.09718,44.1588],[-78.09813,44.16106],[-78.10037,44.16117],[-78.1019,44.16466],[-78.10104,44.16491],[-78.10053,44.16659],[-78.10202,44.16736],[-78.10595,44.16453]]]}},{"type":"Feature","properties":{"OGF_ID":232,"LAND_USE_DESIGNATION":"Countryside Area"},"geometry":{"type":"Polygon","coordinates":[[[-78.56791,44.17722],[-78.56791,44.17722],[-78.56825,44.17815],[-78.56791,44.17722]]]}},{"type":"Feature","properties":{"OGF_ID":150,"LAND_USE_DESIGNATION":"Rural Settlement"},"geometry":{"type":"Polygon","coordinates":[[[-79.1437,44.04851],[-79.14404,44.04925],[-79.1484,44.04821],[-79.14882,44.0492],[-79.15472,44.04773],[-79.1559,44.04743],[-79.15967,44.04648],[-79.15946,44.04288],[-79.15734,44.04338],[-79.15644,44.04131],[-79.14645,44.04367],[-79.1458,44.04219],[-79.14367,44.04265],[-79.14434,44.04475],[-79.14644,44.04427],[-79.14694,44.04549],[-79.14485,44.046],[-79.14533,44.04727],[-79.14697,44.04688],[-79.14729,44.04766],[-79.1437,44.04851]]]}},{"type":"Feature","properties":{"OGF_ID":192,"LAND_USE_DESIGNATION":"Natural Linkage Area"},"geometry":{"type":"Polygon","coordinates":[[[-79.29235,44.11179],[-79.29342,44.10992],[-79.29403,44.10441],[-79.29671,44.10208],[-79.29426,44.09711],[-79.2922,44.09759],[-79.29429,44.10186],[-79.286,44.09702],[-79.28902,44.08666],[-79.28641,44.08674],[-79.28522,44.0909],[-79.28336,44.09166],[-79.28385,44.09772],[-79.29079,44.10262],[-79.29092,44.10959],[-79.29235,44.11179]]]}},{"type":"Feature","properties":{"OGF_ID":193,"LAND_USE_DESIGNATION":"Countryside Area"},"geometry":{"type":"Polygon","coordinates":[[[-77.95078,44.08328],[-77.95135,44.0838],[-77.95815,44.08123],[-77.95841,44.07912],[-77.95961,44.07824],[-77.95829,44.07536],[-77.95349,44.07745],[-77.95387,44.07869],[-77.95303,44.07892],[-77.95261,44.07822],[-77.94894,44.08],[-77.94807,44.07819],[-77.9464,44.08186],[-77.9472,44.08254],[-77.9516,44.07988],[-77.9538,44.08012],[-77.95078,44.08328]]]}},{"type":"Feature","properties":{"OGF_ID":195,"LAND_USE_DESIGNATION":"Countryside Area"},"geometry":{"type":"Polygon","coordinates":[[[-78.32501,44.09169],[-78.32501,44.09169],[-78.31962,44.08874],[-78.32501,44.09169]]]}},{"type":"Feature","properties":{"OGF_ID":196,"LAND_USE_DESIGNATION":"Countryside Area"},"geometry":{"type":"Polygon","coordinates":[[[-79.80047,43.87813],[-79.80258,43.87748],[-79.80477,43.87827],[-79.8047,43.87941],[-79.80656,43.88077],[-79.80791,43.88118],[-79.8098,43.88008],[-79.81092,43.88088],[-79.81212,43.87987],[-79.81151,43.87937],[-79.81794,43.87377],[-79.81391,43.87102],[-79.81115,43.87324],[-79.8088,43.87212],[-79.80047,43.87813]]]}},{"type":"Feature","properties":{"OGF_ID":197,"LAND_USE_DESIGNATION":"Natural Linkage Area"},"geometry":{"type":"Polygon","coordinates":[[[-79.87669,43.88562],[-79.87818,43.886],[-79.88126,43.8835],[-79.87734,43.88264],[-79.88009,43.88117],[-79.87677,43.87901],[-79.87776,43.87812],[-79.87776,43.87808],[-79.87665,43.87724],[-79.87406,43.87846],[-79.87236,43.87771],[-79.8691,43.87739],[-79.8673,43.87869],[-79.87303,43.87977],[-79.8741,43.88109],[-79.87223,43.88267],[-79.87626,43.88598],[-79.87669,43.88562]]]}},{"type":"Feature","properties":{"OGF_ID":198,"LAND_USE_DESIGNATION":"Settlement Area"},"geometry":{"type":"Polygon","coordinates":[[[-79.87276,43.85734],[-79.87131,43.8626],[-79.86801,43.86508],[-79.86145,43.86778],[-79.85707,43.86835],[-79.85248,43.86739],[-79.85124,43.86603],[-79.85125,43.8665],[-79.85092,43.86735],[-79.85374,43.86837],[-79.85353,43.87073],[-79.85242,43.87108],[-79.85298,43.87241],[-79.85583,43.87084],[-79.857,43.87137],[-79.85868,43.87251],[-79.85333,43.87484],[-79.85246,43.87684],[-79.85506,43.87873],[-79.85004,43.88362],[-79.85534,43.88744],[-79.86587,43.87797],[-79.8673,43.87869],[-79.8691,43.87739],[-79.87236,43.87771],[-79.87393,43.87713],[-79.87474,43.87581],[-79.87258,43.87388],[-79.87323,43.87261],[-79.87073,43.87082],[-79.8714,43.87022],[-79.87259,43.87121],[-79.87443,43.87065],[-79.87403,43.86994],[-79.87193,43.86977],[-79.87256,43.86921],[-79.87539,43.86926],[-79.87589,43.86851],[-79.87431,43.86765],[-79.87474,43.86726],[-79.8771,43.86837],[-79.87951,43.86848],[-79.8834,43.86529],[-79.87582,43.8596],[-79.87276,43.85734]]]}},{"type":"Feature","properties":{"OGF_ID":199,"LAND_USE_DESIGNATION":"Countryside Area"},"geometry":{"type":"Polygon","coordinates":[[[-79.87665,43.87724],[-79.87474,43.87581],[-79.87393,43.87713],[-79.87236,43.87771],[-79.87406,43.87846],[-79.87665,43.87724]]]}},{"type":"Feature","properties":{"OGF_ID":200,"LAND_USE_DESIGNATION":"Natural Core Area"},"geometry":{"type":"Polygon","coordinates":[[[-79.87258,43.87388],[-79.87474,43.87581],[-79.87665,43.87724],[-79.87776,43.87808],[-79.88286,43.87386],[-79.88337,43.87417],[-79.90456,43.85454],[-79.89912,43.8507],[-79.89962,43.85024],[-79.8987,43.84959],[-79.89988,43.84846],[-79.89665,43.84425],[-79.89439,43.84296],[-79.89203,43.84535],[-79.89115,43.84475],[-79.88983,43.84571],[-79.88802,43.84526],[-79.88745,43.84396],[-79.88404,43.84229],[-79.88572,43.84071],[-79.88329,43.83881],[-79.88784,43.83582],[-79.88896,43.83421],[-79.88629,43.83223],[-79.88463,43.83317],[-79.88359,43.83247],[-79.88296,43.83286],[-79.88259,43.83358],[-79.88373,43.83489],[-79.88167,43.83744],[-79.87951,43.83757],[-79.87832,43.83675],[-79.87713,43.83735],[-79.87561,43.83658],[-79.87502,43.83711],[-79.87672,43.83811],[-79.87623,43.83883],[-79.87468,43.83888],[-79.87488,43.83973],[-79.87772,43.83908],[-79.88021,43.84085],[-79.8776,43.84351],[-79.87689,43.84298],[-79.87377,43.84512],[-79.8743,43.84651],[-79.87552,43.84564],[-79.88022,43.84906],[-79.87509,43.85708],[-79.87728,43.85846],[-79.87582,43.8596],[-79.8834,43.86529],[-79.87951,43.86848],[-79.8771,43.86837],[-79.87474,43.86726],[-79.87431,43.86765],[-79.87589,43.86851],[-79.87539,43.86926],[-79.87256,43.86921],[-79.87193,43.86977],[-79.87403,43.86994],[-79.87443,43.87065],[-79.87259,43.87121],[-79.8714,43.87022],[-79.87073,43.87082],[-79.87323,43.87261],[-79.87258,43.87388]]]}},{"type":"Feature","properties":{"OGF_ID":210,"LAND_USE_DESIGNATION":"Natural Linkage Area"},"geometry":{"type":"Polygon","coordinates":[[[-78.65879,44.13394],[-78.66436,44.13248],[-78.66396,44.1309],[-78.66654,44.12955],[-78.66862,44.12926],[-78.6714,44.13082],[-78.67245,44.13056],[-78.6708,44.12938],[-78.66897,44.12612],[-78.66765,44.12766],[-78.66545,44.12812],[-78.66495,44.12628],[-78.66788,44.12477],[-78.66567,44.12241],[-78.66751,44.11947],[-78.66934,44.11883],[-78.66755,44.11861],[-78.66741,44.11786],[-78.66484,44.12024],[-78.66284,44.12425],[-78.6611,44.1248],[-78.65881,44.12022],[-78.65612,44.12115],[-78.65921,44.1318],[-78.65625,44.13396],[-78.65879,44.13394]]]}},{"type":"Feature","properties":{"OGF_ID":211,"LAND_USE_DESIGNATION":"Countryside Area"},"geometry":{"type":"Polygon","coordinates":[[[-78.69706,44.13444],[-78.70202,44.13373],[-78.70163,44.12954],[-78.70379,44.12097],[-78.6988,44.11701],[-78.69854,44.11433],[-78.69643,44.11556],[-78.69991,44.12012],[-78.6981,44.12374],[-78.69676,44.12405],[-78.69776,44.1262],[-78.69903,44.12602],[-78.70083,44.12989],[-78.69911,44.13049],[-78.69957,44.13188],[-78.6981,44.13214],[-78.69877,44.13336],[-78.69679,44.13385],[-78.69706,44.13444]]]}},{"type":"Feature","properties":{"OGF_ID":212,"LAND_USE_DESIGNATION":"Countryside Area"},"geometry":{"type":"Polygon","coordinates":[[[-78.39569,44.12761],[-78.39619,44.12647],[-78.39497,44.12461],[-78.39569,44.12761]]]}},{"type":"Feature","properties":{"OGF_ID":213,"LAND_USE_DESIGNATION":"Countryside Area"},"geometry":{"type":"Polygon","coordinates":[[[-78.23392,44.12218],[-78.23392,44.12218],[-78.23517,44.1221],[-78.23392,44.12218]]]}},{"type":"Feature","properties":{"OGF_ID":214,"LAND_USE_DESIGNATION":"Countryside Area"},"geometry":{"type":"Polygon","coordinates":[[[-78.23623,44.12192],[-78.23863,44.12151],[-78.24346,44.12246],[-78.24833,44.11714],[-78.25413,44.11305],[-78.26695,44.1111],[-78.25939,44.11132],[-78.25019,44.1142],[-78.24419,44.1205],[-78.24439,44.1177],[-78.24293,44.11797],[-78.24272,44.11709],[-78.24126,44.1175],[-78.24057,44.11559],[-78.2399,44.11577],[-78.24169,44.11998],[-78.23899,44.12011],[-78.23583,44.11334],[-78.23674,44.11561],[-78.23464,44.11607],[-78.23726,44.12168],[-78.23623,44.12192]]]}},{"type":"Feature","properties":{"OGF_ID":322,"LAND_USE_DESIGNATION":"Natural Linkage Area"},"geometry":{"type":"Polygon","coordinates":[[[-79.22125,44.09726],[-79.22042,44.09521],[-79.22448,44.09464],[-79.22591,44.09363],[-79.2206,44.08705],[-79.21958,44.08656],[-79.21722,44.08735],[-79.21578,44.08373],[-79.21278,44.08299],[-79.21291,44.08389],[-79.20628,44.08471],[-79.2067,44.08591],[-79.20384,44.08682],[-79.20453,44.0888],[-79.20254,44.08925],[-79.20088,44.08552],[-79.20176,44.08529],[-79.20122,44.08349],[-79.20267,44.08313],[-79.20158,44.07947],[-79.20387,44.07849],[-79.20317,44.07636],[-79.20141,44.07591],[-79.19694,44.0768],[-79.1978,44.07874],[-79.19087,44.08034],[-79.18987,44.07862],[-79.18767,44.07891],[-79.18605,44.07747],[-79.18206,44.07813],[-79.18295,44.08082],[-79.18412,44.08033],[-79.18536,44.08095],[-79.18537,44.08152],[-79.18221,44.0826],[-79.18293,44.08467],[-79.1824,44.08682],[-79.18333,44.0881],[-79.18748,44.08858],[-79.18827,44.08997],[-79.1957,44.08831],[-79.19607,44.09008],[-79.19959,44.09151],[-79.19673,44.09215],[-79.19703,44.09377],[-79.1958,44.09398],[-79.19611,44.09481],[-79.20336,44.09253],[-79.20536,44.0929],[-79.20563,44.09405],[-79.20786,44.09307],[-79.2088,44.0949],[-79.20978,44.09386],[-79.21233,44.0939],[-79.21335,44.09447],[-79.21324,44.09624],[-79.21717,44.09544],[-79.21886,44.09688],[-79.22125,44.09726]]]}},{"type":"Feature","properties":{"OGF_ID":323,"LAND_USE_DESIGNATION":"Countryside Area"},"geometry":{"type":"Polygon","coordinates":[[[-79.75311,43.99861],[-79.7492,43.98194],[-79.74283,43.98181],[-79.74343,43.984],[-79.74542,43.98507],[-79.73925,43.98685],[-79.73811,43.98855],[-79.73847,43.99028],[-79.7377,43.9905],[-79.73988,43.99217],[-79.74062,43.99394],[-79.73932,43.99627],[-79.73753,43.99724],[-79.73771,43.99816],[-79.74712,43.99673],[-79.75311,43.99861]]]}},{"type":"Feature","properties":{"OGF_ID":324,"LAND_USE_DESIGNATION":"Countryside Area"},"geometry":{"type":"Polygon","coordinates":[[[-78.04251,44.19161],[-78.04129,44.19533],[-78.0422,44.19619],[-78.04754,44.19623],[-78.04993,44.19415],[-78.04737,44.19482],[-78.04581,44.19133],[-78.04524,44.19075],[-78.04251,44.19161]]]}},{"type":"Feature","properties":{"OGF_ID":325,"LAND_USE_DESIGNATION":"Natural Linkage Area"},"geometry":{"type":"Polygon","coordinates":[[[-78.04581,44.19133],[-78.04737,44.19482],[-78.04993,44.19415],[-78.05039,44.18932],[-78.04895,44.18613],[-78.04645,44.18675],[-78.04548,44.18467],[-78.04318,44.18497],[-78.04131,44.18322],[-78.04011,44.17857],[-78.03782,44.17859],[-78.0337,44.18288],[-78.03539,44.18786],[-78.02444,44.19002],[-78.02395,44.19234],[-78.02704,44.19162],[-78.02754,44.19241],[-78.02931,44.19199],[-78.03044,44.19362],[-78.0316,44.19341],[-78.03233,44.19222],[-78.03151,44.19059],[-78.03412,44.19003],[-78.03514,44.19247],[-78.03644,44.19222],[-78.03761,44.18717],[-78.0391,44.18729],[-78.04226,44.18926],[-78.04251,44.19161],[-78.04524,44.19075],[-78.04581,44.19133]]]}},{"type":"Feature","properties":{"OGF_ID":417,"LAND_USE_DESIGNATION":"Countryside Area"},"geometry":{"type":"Polygon","coordinates":[[[-78.79035,44.02228],[-78.79216,44.02324],[-78.79164,44.02388],[-78.79281,44.02472],[-78.79478,44.02397],[-78.79553,44.025],[-78.79652,44.02482],[-78.79744,44.02389],[-78.79454,44.02093],[-78.79347,44.02068],[-78.79298,44.02216],[-78.79172,44.02135],[-78.79035,44.02228]]]}},{"type":"Feature","properties":{"OGF_ID":370,"LAND_USE_DESIGNATION":"Rural Settlement"},"geometry":{"type":"Polygon","coordinates":[[[-78.44116,44.14828],[-78.44077,44.14975],[-78.44184,44.14995],[-78.44395,44.14857],[-78.44554,44.14511],[-78.44313,44.14583],[-78.44116,44.14828]]]}},{"type":"Feature","properties":{"OGF_ID":7,"LAND_USE_DESIGNATION":"Countryside Area"},"geometry":{"type":"Polygon","coordinates":[[[-79.87607,43.99858],[-79.87626,43.99907],[-79.88306,43.99764],[-79.88382,43.99851],[-79.89205,43.99629],[-79.89277,43.99745],[-79.89445,43.99729],[-79.89424,43.99648],[-79.89579,43.99633],[-79.89578,43.99466],[-79.89824,43.99447],[-79.89784,43.99167],[-79.90206,43.99072],[-79.90303,43.98937],[-79.90152,43.98781],[-79.89944,43.98832],[-79.89763,43.9862],[-79.89764,43.98434],[-79.89988,43.98377],[-79.89877,43.97992],[-79.89052,43.98181],[-79.89029,43.98083],[-79.88957,43.98092],[-79.88977,43.98193],[-79.88554,43.98291],[-79.88745,43.99051],[-79.88176,43.99171],[-79.88269,43.9928],[-79.88049,43.99444],[-79.88077,43.99521],[-79.8824,43.99485],[-79.88255,43.99544],[-79.87607,43.99858]]]}},{"type":"Feature","properties":{"OGF_ID":8,"LAND_USE_DESIGNATION":"Countryside Area"},"geometry":{"type":"Polygon","coordinates":[[[-79.49438,43.99461],[-79.49439,43.99468],[-79.50363,43.99352],[-79.50539,43.994],[-79.50494,43.99204],[-79.50128,43.98914],[-79.50425,43.98818],[-79.5032,43.98472],[-79.49509,43.9863],[-79.49423,43.98316],[-79.49321,43.98319],[-79.50338,43.98031],[-79.50264,43.9772],[-79.49786,43.97813],[-79.49713,43.97647],[-79.49479,43.97721],[-79.49272,43.97927],[-79.4909,43.97957],[-79.49438,43.99461]]]}},{"type":"Feature","properties":{"OGF_ID":9,"LAND_USE_DESIGNATION":"Countryside Area"},"geometry":{"type":"Polygon","coordinates":[[[-79.53781,43.98239],[-79.53331,43.98331],[-79.53596,43.99005],[-79.53195,43.99095],[-79.53293,43.995],[-79.54543,43.99234],[-79.5426,43.98072],[-79.53781,43.98239]]]}},{"type":"Feature","properties":{"OGF_ID":10,"LAND_USE_DESIGNATION":"Countryside Area"},"geometry":{"type":"Polygon","coordinates":[[[-79.09527,43.99186],[-79.0932,43.99151],[-79.09116,43.98988],[-79.09067,43.99031],[-79.09069,43.99203],[-79.0888,43.9916],[-79.08031,43.9935],[-79.08253,43.99883],[-79.08444,43.99913],[-79.08496,44.00007],[-79.09291,43.99939],[-79.09545,43.99848],[-79.09537,43.99783],[-79.09661,43.99754],[-79.09668,43.99592],[-79.09543,43.99516],[-79.09527,43.99186]]]}},{"type":"Feature","properties":{"OGF_ID":11,"LAND_USE_DESIGNATION":"Countryside Area"},"geometry":{"type":"Polygon","coordinates":[[[-79.22195,43.99741],[-79.22235,43.99919],[-79.22397,43.99984],[-79.22206,44.00072],[-79.22292,44.0022],[-79.22486,44.00021],[-79.22509,43.99727],[-79.22922,43.99362],[-79.22256,43.97821],[-79.21948,43.97871],[-79.21917,43.98107],[-79.21703,43.9842],[-79.22049,43.99116],[-79.22195,43.99741]]]}},{"type":"Feature","properties":{"OGF_ID":218,"LAND_USE_DESIGNATION":"Natural Linkage Area"},"geometry":{"type":"Polygon","coordinates":[[[-79.54352,44.05408],[-79.53983,44.05124],[-79.54146,44.05453],[-79.54352,44.05408]]]}},{"type":"Feature","properties":{"OGF_ID":153,"LAND_USE_DESIGNATION":"Countryside Area"},"geometry":{"type":"Polygon","coordinates":[[[-79.39972,44.00074],[-79.40472,44.0063],[-79.39482,44.00842],[-79.39891,44.01113],[-79.40488,44.01706],[-79.40723,44.01772],[-79.40804,44.01703],[-79.40528,44.00608],[-79.4158,44.00368],[-79.42956,43.99814],[-79.43084,43.99361],[-79.43275,43.99093],[-79.42992,43.99065],[-79.42785,43.99234],[-79.42839,43.99676],[-79.42706,43.99734],[-79.42564,43.99654],[-79.42398,43.99751],[-79.42221,43.99664],[-79.42168,43.99454],[-79.41812,43.99425],[-79.41734,43.98985],[-79.41461,43.98948],[-79.41556,43.99186],[-79.41509,43.99475],[-79.41284,43.99577],[-79.41137,43.99809],[-79.40526,44.00044],[-79.40381,43.99861],[-79.39877,43.99985],[-79.39972,44.00074]]]}},{"type":"Feature","properties":{"OGF_ID":154,"LAND_USE_DESIGNATION":"Countryside Area"},"geometry":{"type":"Polygon","coordinates":[[[-79.87308,44.02036],[-79.875,44.01994],[-79.87431,44.01743],[-79.87247,44.0175],[-79.87171,44.01669],[-79.87302,44.01588],[-79.87122,44.01505],[-79.86572,44.01599],[-79.8675,44.01772],[-79.86605,44.01849],[-79.86638,44.01974],[-79.86688,44.02166],[-79.86886,44.0231],[-79.87007,44.02138],[-79.87308,44.02036]]]}},{"type":"Feature","properties":{"OGF_ID":155,"LAND_USE_DESIGNATION":"Natural Linkage Area"},"geometry":{"type":"Polygon","coordinates":[[[-78.94798,44.00994],[-78.94798,44.00994],[-78.94758,44.00884],[-78.94798,44.00994]]]}},{"type":"Feature","properties":{"OGF_ID":527,"LAND_USE_DESIGNATION":"Countryside Area"},"geometry":{"type":"Polygon","coordinates":[[[-79.42309,43.97293],[-79.4259,43.97581],[-79.43138,43.97437],[-79.43154,43.97275],[-79.43626,43.97191],[-79.43403,43.96118],[-79.43407,43.96256],[-79.43233,43.96293],[-79.43011,43.96196],[-79.42838,43.96256],[-79.42721,43.96197],[-79.4221,43.9643],[-79.42063,43.96582],[-79.42089,43.96716],[-79.41816,43.96945],[-79.41834,43.97223],[-79.41879,43.97292],[-79.42309,43.97293]]]}},{"type":"Feature","properties":{"OGF_ID":528,"LAND_USE_DESIGNATION":"Countryside Area"},"geometry":{"type":"Polygon","coordinates":[[[-79.63368,43.9728],[-79.63512,43.97503],[-79.63859,43.97721],[-79.64471,43.97586],[-79.64367,43.97174],[-79.64615,43.96864],[-79.64848,43.96811],[-79.6471,43.96471],[-79.64225,43.96564],[-79.64182,43.96376],[-79.64024,43.964],[-79.63945,43.96224],[-79.63257,43.96381],[-79.63297,43.96558],[-79.63415,43.96538],[-79.63494,43.96879],[-79.636,43.96887],[-79.63641,43.97226],[-79.63368,43.9728]]]}},{"type":"Feature","properties":{"OGF_ID":529,"LAND_USE_DESIGNATION":"Countryside Area"},"geometry":{"type":"Polygon","coordinates":[[[-79.32158,43.95229],[-79.32219,43.95399],[-79.31966,43.95306],[-79.31811,43.95007],[-79.31838,43.95363],[-79.31727,43.95374],[-79.31538,43.95247],[-79.31265,43.9551],[-79.31123,43.95517],[-79.31325,43.95946],[-79.31668,43.95989],[-79.31732,43.96112],[-79.32092,43.96144],[-79.32222,43.96352],[-79.32079,43.96534],[-79.3259,43.96801],[-79.32776,43.97297],[-79.3325,43.97196],[-79.32876,43.96853],[-79.32548,43.96367],[-79.32508,43.96048],[-79.32653,43.95838],[-79.32677,43.95599],[-79.32609,43.95408],[-79.32158,43.95229]]]}},{"type":"Feature","properties":{"OGF_ID":530,"LAND_USE_DESIGNATION":"Countryside Area"},"geometry":{"type":"Polygon","coordinates":[[[-79.30959,43.95731],[-79.30918,43.95261],[-79.30585,43.95197],[-79.30521,43.95277],[-79.30155,43.95355],[-79.29901,43.9532],[-79.29741,43.95446],[-79.29691,43.95641],[-79.29927,43.95822],[-79.30086,43.95864],[-79.3002,43.96124],[-79.30117,43.96355],[-79.30703,43.96831],[-79.30678,43.97074],[-79.30743,43.97233],[-79.30859,43.97256],[-79.30874,43.97133],[-79.31192,43.97036],[-79.3124,43.96847],[-79.31657,43.96751],[-79.31531,43.96223],[-79.31122,43.96055],[-79.30959,43.95731]]]}},{"type":"Feature","properties":{"OGF_ID":531,"LAND_USE_DESIGNATION":"Countryside Area"},"geometry":{"type":"Polygon","coordinates":[[[-79.68484,43.97281],[-79.6844,43.97305],[-79.68247,43.97329],[-79.68332,43.97623],[-79.68501,43.97643],[-79.68484,43.97281]]]}},{"type":"Feature","properties":{"OGF_ID":532,"LAND_USE_DESIGNATION":"Countryside Area"},"geometry":{"type":"Polygon","coordinates":[[[-78.9316,44.01604],[-78.92998,44.01614],[-78.93158,44.01489],[-78.93002,44.01156],[-78.92827,44.01201],[-78.9278,44.0112],[-78.92668,44.01211],[-78.92558,44.01153],[-78.92507,44.01393],[-78.92363,44.01496],[-78.92366,44.01244],[-78.9224,44.01129],[-78.92145,44.0114],[-78.92096,44.01277],[-78.91969,44.01241],[-78.91857,44.01344],[-78.91827,44.0116],[-78.91667,44.01263],[-78.91573,44.01171],[-78.91443,44.01388],[-78.91489,44.01571],[-78.91315,44.01513],[-78.91121,44.01821],[-78.91091,44.01649],[-78.91268,44.01444],[-78.91256,44.01089],[-78.91128,44.01191],[-78.90954,44.0111],[-78.90906,44.01155],[-78.90821,44.01613],[-78.90683,44.01223],[-78.90382,44.01107],[-78.90078,44.01159],[-78.89915,44.01195],[-78.89789,44.01245],[-78.897,44.01398],[-78.89861,44.01438],[-78.8992,44.0154],[-78.89813,44.01607],[-78.89549,44.01599],[-78.89595,44.01843],[-78.89505,44.01882],[-78.89582,44.02074],[-78.89457,44.02111],[-78.89618,44.02502],[-78.89429,44.02628],[-78.89564,44.02916],[-78.89461,44.031],[-78.89618,44.03441],[-78.91532,44.03436],[-78.92159,44.03286],[-78.92255,44.03051],[-78.92616,44.0298],[-78.92602,44.0291],[-78.92712,44.02889],[-78.92846,44.02497],[-78.928,44.02138],[-78.92586,44.0218],[-78.92539,44.01499],[-78.92674,44.01472],[-78.92785,44.01695],[-78.9316,44.01604]]]}},{"type":"Feature","properties":{"OGF_ID":533,"LAND_USE_DESIGNATION":"Countryside Area"},"geometry":{"type":"Polygon","coordinates":[[[-78.68924,44.02256],[-78.68964,44.02365],[-78.68846,44.0252],[-78.69013,44.02945],[-78.69539,44.02833],[-78.69608,44.02963],[-78.70346,44.02727],[-78.70133,44.02128],[-78.69721,44.0209],[-78.69464,44.02271],[-78.69321,44.02282],[-78.69244,44.02121],[-78.69326,44.01938],[-78.69009,44.01902],[-78.68924,44.02256]]]}},{"type":"Feature","properties":{"OGF_ID":12,"LAND_USE_DESIGNATION":"Countryside Area"},"geometry":{"type":"Polygon","coordinates":[[[-79.03462,43.99241],[-79.03584,43.99841],[-79.03699,43.99817],[-79.03838,43.99915],[-79.03959,43.99749],[-79.04552,43.99438],[-79.04477,43.99212],[-79.04612,43.99182],[-79.04748,43.9889],[-79.04641,43.98648],[-79.04196,43.98645],[-79.03988,43.98724],[-79.03825,43.98941],[-79.0365,43.9894],[-79.03462,43.99241]]]}},{"type":"Feature","properties":{"OGF_ID":13,"LAND_USE_DESIGNATION":"Countryside Area"},"geometry":{"type":"Polygon","coordinates":[[[-79.18841,44.00143],[-79.1988,43.99893],[-79.19681,43.99166],[-79.19851,43.99126],[-79.19528,43.98914],[-79.19517,43.98606],[-79.19268,43.98025],[-79.1947,43.97746],[-79.19209,43.97386],[-79.1932,43.97304],[-79.19198,43.96766],[-79.19302,43.96723],[-79.19258,43.96577],[-79.18978,43.9615],[-79.18678,43.96045],[-79.18286,43.95675],[-79.18142,43.95709],[-79.18312,43.96055],[-79.18148,43.96456],[-79.1797,43.96616],[-79.17931,43.96827],[-79.17329,43.97108],[-79.17361,43.97482],[-79.17289,43.97537],[-79.17746,43.98236],[-79.18156,43.98164],[-79.18573,43.98196],[-79.18631,43.98261],[-79.18649,43.98383],[-79.18287,43.98551],[-79.18434,43.98902],[-79.18674,43.99002],[-79.18865,43.99369],[-79.1854,43.9946],[-79.18516,43.99864],[-79.18841,44.00143]]]}},{"type":"Feature","properties":{"OGF_ID":14,"LAND_USE_DESIGNATION":"Countryside Area"},"geometry":{"type":"Polygon","coordinates":[[[-78.65194,44.03013],[-78.65088,44.03072],[-78.65143,44.03212],[-78.65323,44.03298],[-78.65567,44.03238],[-78.65502,44.03066],[-78.66737,44.02769],[-78.66701,44.02674],[-78.67148,44.02593],[-78.67387,44.02378],[-78.67428,44.0218],[-78.67297,44.01968],[-78.67197,44.02201],[-78.67025,44.02189],[-78.66698,44.01423],[-78.66789,44.01193],[-78.66715,44.01288],[-78.66478,44.01206],[-78.66166,44.01856],[-78.65894,44.01992],[-78.65767,44.01945],[-78.65682,44.02322],[-78.65475,44.02366],[-78.65328,44.02705],[-78.65382,44.0283],[-78.65265,44.02851],[-78.65194,44.03013]]]}},{"type":"Feature","properties":{"OGF_ID":561,"LAND_USE_DESIGNATION":"Countryside Area"},"geometry":{"type":"Polygon","coordinates":[[[-79.41261,43.91629],[-79.41262,43.91628],[-79.41299,43.91738],[-79.41703,43.91661],[-79.41841,43.91814],[-79.41616,43.92066],[-79.41838,43.9222],[-79.41496,43.92338],[-79.41505,43.92492],[-79.41714,43.92486],[-79.41683,43.92365],[-79.42195,43.92396],[-79.42705,43.92283],[-79.42551,43.91618],[-79.42327,43.91484],[-79.42139,43.91528],[-79.41919,43.91221],[-79.41205,43.91378],[-79.41253,43.91592],[-79.41261,43.91629]]]}},{"type":"Feature","properties":{"OGF_ID":546,"LAND_USE_DESIGNATION":"Natural Linkage Area"},"geometry":{"type":"Polygon","coordinates":[[[-78.63537,44.02086],[-78.63266,44.02205],[-78.63378,44.02386],[-78.63537,44.02086]]]}},{"type":"Feature","properties":{"OGF_ID":547,"LAND_USE_DESIGNATION":"Countryside Area"},"geometry":{"type":"Polygon","coordinates":[[[-78.93517,44.01448],[-78.93596,44.01547],[-78.93565,44.01751],[-78.93733,44.01749],[-78.93833,44.01972],[-78.93682,44.02017],[-78.93741,44.02212],[-78.93456,44.02349],[-78.93664,44.02823],[-78.9384,44.02909],[-78.94224,44.02708],[-78.94639,44.02601],[-78.94481,44.02184],[-78.94601,44.01952],[-78.94526,44.01788],[-78.94293,44.01822],[-78.9397,44.01467],[-78.93573,44.01297],[-78.93461,44.01341],[-78.93517,44.01448]]]}},{"type":"Feature","properties":{"OGF_ID":549,"LAND_USE_DESIGNATION":"Settlement Area"},"geometry":{"type":"Polygon","coordinates":[[[-79.4007,43.91855],[-79.40108,43.92006],[-79.4085,43.91847],[-79.40849,43.91844],[-79.40833,43.91774],[-79.40805,43.91771],[-79.40794,43.91771],[-79.40629,43.9157],[-79.40295,43.91684],[-79.40026,43.91675],[-79.4007,43.91855]]]}},{"type":"Feature","properties":{"OGF_ID":550,"LAND_USE_DESIGNATION":"Countryside Area"},"geometry":{"type":"Polygon","coordinates":[[[-79.87276,43.85734],[-79.87582,43.8596],[-79.87728,43.85846],[-79.87509,43.85708],[-79.88022,43.84906],[-79.87552,43.84564],[-79.8743,43.84651],[-79.87377,43.84512],[-79.87183,43.84339],[-79.87311,43.85081],[-79.87276,43.85734]]]}},{"type":"Feature","properties":{"OGF_ID":551,"LAND_USE_DESIGNATION":"Natural Linkage Area"},"geometry":{"type":"Polygon","coordinates":[[[-79.45259,43.93021],[-79.45391,43.9303],[-79.45391,43.93029],[-79.45331,43.92876],[-79.45216,43.92905],[-79.45229,43.92937],[-79.45259,43.93021]]]}},{"type":"Feature","properties":{"OGF_ID":552,"LAND_USE_DESIGNATION":"Settlement Area"},"geometry":{"type":"Polygon","coordinates":[[[-79.45216,43.92905],[-79.45169,43.92951],[-79.45229,43.92937],[-79.45216,43.92905]]]}},{"type":"Feature","properties":{"OGF_ID":553,"LAND_USE_DESIGNATION":"Natural Linkage Area"},"geometry":{"type":"Polygon","coordinates":[[[-79.46556,43.92206],[-79.46683,43.92475],[-79.46767,43.92457],[-79.46745,43.92287],[-79.46558,43.92196],[-79.46553,43.92197],[-79.46556,43.92206]]]}},{"type":"Feature","properties":{"OGF_ID":554,"LAND_USE_DESIGNATION":"Natural Linkage Area"},"geometry":{"type":"Polygon","coordinates":[[[-79.46521,43.92044],[-79.46522,43.92044],[-79.466,43.92028],[-79.46575,43.91954],[-79.46563,43.91922],[-79.46465,43.91943],[-79.46521,43.92044]]]}},{"type":"Feature","properties":{"OGF_ID":556,"LAND_USE_DESIGNATION":"Settlement Area"},"geometry":{"type":"Polygon","coordinates":[[[-79.45391,43.93029],[-79.45391,43.9303],[-79.45876,43.928],[-79.45925,43.92491],[-79.46035,43.9245],[-79.46098,43.92241],[-79.46243,43.92125],[-79.46198,43.91989],[-79.46458,43.91932],[-79.46563,43.91922],[-79.46575,43.91954],[-79.46628,43.92083],[-79.46558,43.92098],[-79.46553,43.92197],[-79.46558,43.92196],[-79.46662,43.92181],[-79.46835,43.92443],[-79.47237,43.92357],[-79.47367,43.92207],[-79.47671,43.92104],[-79.47093,43.89876],[-79.46844,43.88844],[-79.46802,43.88669],[-79.46781,43.88399],[-79.46866,43.88381],[-79.47639,43.88225],[-79.47816,43.88189],[-79.48769,43.87994],[-79.48682,43.8766],[-79.48724,43.8714],[-79.4859,43.87082],[-79.48254,43.87141],[-79.48292,43.87039],[-79.48193,43.86908],[-79.47864,43.86904],[-79.47743,43.87038],[-79.4761,43.87521],[-79.47543,43.87488],[-79.47628,43.87007],[-79.47539,43.86735],[-79.47195,43.86641],[-79.47191,43.86517],[-79.47615,43.86517],[-79.479,43.86593],[-79.48347,43.86561],[-79.48492,43.8683],[-79.48805,43.86847],[-79.49003,43.87136],[-79.49073,43.8744],[-79.49528,43.87402],[-79.49644,43.87469],[-79.49878,43.87403],[-79.50082,43.87857],[-79.50444,43.88062],[-79.50666,43.88745],[-79.51023,43.88684],[-79.51104,43.88809],[-79.50999,43.89001],[-79.50981,43.89463],[-79.51649,43.89309],[-79.51369,43.89032],[-79.51191,43.88371],[-79.5127,43.86668],[-79.51149,43.86152],[-79.50299,43.85038],[-79.49551,43.84356],[-79.49126,43.84045],[-79.48747,43.83894],[-79.48254,43.83996],[-79.47792,43.84317],[-79.47242,43.85488],[-79.46606,43.87348],[-79.46538,43.87842],[-79.46094,43.87829],[-79.4573,43.87679],[-79.45635,43.87725],[-79.4587,43.87955],[-79.45948,43.88185],[-79.46343,43.88313],[-79.46374,43.88394],[-79.46073,43.88324],[-79.45945,43.88438],[-79.45375,43.88333],[-79.44977,43.88447],[-79.44582,43.88331],[-79.44517,43.88434],[-79.44609,43.88779],[-79.44449,43.88974],[-79.44479,43.89135],[-79.44304,43.89111],[-79.44161,43.8918],[-79.43902,43.89685],[-79.43567,43.89879],[-79.43246,43.90211],[-79.42641,43.90451],[-79.42463,43.90749],[-79.42354,43.90788],[-79.42478,43.91322],[-79.42532,43.91537],[-79.42922,43.91615],[-79.43084,43.91817],[-79.44055,43.91684],[-79.44433,43.91704],[-79.44502,43.91773],[-79.44799,43.91708],[-79.44898,43.92077],[-79.44946,43.92256],[-79.45145,43.92214],[-79.45293,43.92296],[-79.45167,43.92382],[-79.44973,43.92377],[-79.44992,43.92443],[-79.45042,43.92614],[-79.44511,43.92729],[-79.44611,43.9283],[-79.44914,43.92846],[-79.4494,43.92941],[-79.45085,43.92908],[-79.45032,43.93024],[-79.45187,43.92996],[-79.45169,43.92951],[-79.45216,43.92905],[-79.45331,43.92876],[-79.45391,43.93029]]]}},{"type":"Feature","properties":{"OGF_ID":558,"LAND_USE_DESIGNATION":"Settlement Area"},"geometry":{"type":"Polygon","coordinates":[[[-79.49168,44.03711],[-79.49352,44.04078],[-79.50462,44.04998],[-79.50676,44.05088],[-79.50538,44.04538],[-79.50444,44.0412],[-79.50283,44.03631],[-79.49951,44.03698],[-79.49788,44.03549],[-79.49607,44.02969],[-79.49605,44.02709],[-79.49805,44.02429],[-79.50024,44.02449],[-79.50109,44.02656],[-79.50045,44.0271],[-79.50169,44.02723],[-79.49954,44.01632],[-79.49636,44.0032],[-79.49466,43.99583],[-79.49439,43.99468],[-79.49438,43.99461],[-79.4909,43.97957],[-79.48988,43.97539],[-79.48153,43.97719],[-79.48006,43.97391],[-79.48433,43.97236],[-79.48905,43.972],[-79.48811,43.96815],[-79.47889,43.92885],[-79.47677,43.92838],[-79.4728,43.92925],[-79.4736,43.9314],[-79.47183,43.93188],[-79.47184,43.93329],[-79.46859,43.93397],[-79.46938,43.93569],[-79.45975,43.93767],[-79.45839,43.93697],[-79.45705,43.93732],[-79.45746,43.93815],[-79.45344,43.93898],[-79.45351,43.93762],[-79.45314,43.939],[-79.45058,43.93934],[-79.44973,43.93867],[-79.44678,43.9389],[-79.44298,43.93697],[-79.44021,43.93805],[-79.43861,43.93761],[-79.4377,43.93836],[-79.43844,43.94043],[-79.43356,43.94151],[-79.43425,43.93781],[-79.43501,43.93764],[-79.43485,43.93699],[-79.432,43.93762],[-79.42521,43.93944],[-79.42576,43.94149],[-79.42781,43.941],[-79.42925,43.94193],[-79.42287,43.94365],[-79.42406,43.94489],[-79.42618,43.94419],[-79.42685,43.94673],[-79.42421,43.95019],[-79.42144,43.95035],[-79.42194,43.9515],[-79.42813,43.95037],[-79.43033,43.95339],[-79.43233,43.95389],[-79.43369,43.95945],[-79.43455,43.95896],[-79.43478,43.95663],[-79.43746,43.9562],[-79.43608,43.95914],[-79.43777,43.95992],[-79.43707,43.96109],[-79.43509,43.9604],[-79.43403,43.96118],[-79.43626,43.97191],[-79.43704,43.97561],[-79.4388,43.98355],[-79.43894,43.98445],[-79.43491,43.98858],[-79.43275,43.99093],[-79.43084,43.99361],[-79.42956,43.99814],[-79.4158,44.00368],[-79.40528,44.00608],[-79.40804,44.01703],[-79.40942,44.01584],[-79.40968,44.00954],[-79.41203,44.00526],[-79.41346,44.00531],[-79.415,44.00845],[-79.41656,44.00897],[-79.41931,44.00837],[-79.42323,44.00448],[-79.43104,43.99916],[-79.43491,43.99816],[-79.44179,43.99815],[-79.44528,43.99734],[-79.45338,43.99119],[-79.45822,43.98568],[-79.46059,43.98433],[-79.46659,43.98431],[-79.47286,43.98683],[-79.47801,43.98997],[-79.4799,43.99231],[-79.48192,43.99672],[-79.48243,44.00133],[-79.48124,44.0136],[-79.48269,44.02515],[-79.48492,44.03011],[-79.49168,44.03711]]]}},{"type":"Feature","properties":{"OGF_ID":559,"LAND_USE_DESIGNATION":"Settlement Area"},"geometry":{"type":"Polygon","coordinates":[[[-79.41863,43.90962],[-79.42193,43.90946],[-79.42322,43.90834],[-79.4232,43.90801],[-79.41857,43.90936],[-79.41863,43.90962]]]}},{"type":"Feature","properties":{"OGF_ID":502,"LAND_USE_DESIGNATION":"Countryside Area"},"geometry":{"type":"Polygon","coordinates":[[[-78.02424,44.18907],[-78.02444,44.19002],[-78.03539,44.18786],[-78.0337,44.18288],[-78.03097,44.18486],[-78.02899,44.18492],[-78.02994,44.17967],[-78.0324,44.1778],[-78.03599,44.17167],[-78.03468,44.17066],[-78.03503,44.16822],[-78.03297,44.16889],[-78.03234,44.16741],[-78.03045,44.16796],[-78.03018,44.16967],[-78.02893,44.16845],[-78.02762,44.16834],[-78.02502,44.16954],[-78.02464,44.16595],[-78.02541,44.16581],[-78.02468,44.16432],[-78.02041,44.16531],[-78.021,44.16681],[-78.01543,44.16809],[-78.01444,44.16905],[-78.01452,44.17067],[-78.01576,44.17198],[-78.01296,44.17284],[-78.01316,44.17458],[-78.01113,44.17535],[-78.00822,44.17438],[-78.00829,44.17491],[-78.00452,44.17622],[-78.00396,44.17805],[-78.0085,44.17835],[-78.01052,44.18024],[-78.01267,44.17993],[-78.01354,44.1762],[-78.01575,44.17476],[-78.01724,44.16912],[-78.01923,44.17017],[-78.01926,44.17379],[-78.02069,44.17608],[-78.02044,44.18009],[-78.02139,44.18188],[-78.02444,44.1837],[-78.02424,44.18907]]]}},{"type":"Feature","properties":{"OGF_ID":503,"LAND_USE_DESIGNATION":"Countryside Area"},"geometry":{"type":"Polygon","coordinates":[[[-78.00884,44.18433],[-78.01096,44.18863],[-78.0111,44.18571],[-78.00981,44.1842],[-78.00884,44.18433]]]}},{"type":"Feature","properties":{"OGF_ID":504,"LAND_USE_DESIGNATION":"Natural Linkage Area"},"geometry":{"type":"Polygon","coordinates":[[[-77.98971,44.18813],[-77.99173,44.18779],[-77.99163,44.18715],[-77.99491,44.1868],[-77.99543,44.18486],[-78.00323,44.18239],[-78.00232,44.18234],[-78.00117,44.17981],[-78.00238,44.1783],[-78.00396,44.17805],[-78.00452,44.17622],[-78.00829,44.17491],[-78.00822,44.17438],[-78.005,44.17393],[-77.99914,44.17576],[-77.99752,44.17523],[-77.99704,44.17238],[-77.99595,44.17262],[-77.99631,44.17567],[-77.9989,44.17942],[-77.9964,44.17998],[-77.99514,44.17686],[-77.99442,44.17698],[-77.99448,44.1807],[-77.98971,44.18813]]]}},{"type":"Feature","properties":{"OGF_ID":505,"LAND_USE_DESIGNATION":"Countryside Area"},"geometry":{"type":"Polygon","coordinates":[[[-78.04011,44.17857],[-78.04131,44.18322],[-78.04318,44.18497],[-78.04548,44.18467],[-78.04645,44.18675],[-78.04895,44.18613],[-78.05039,44.18932],[-78.05222,44.18357],[-78.05184,44.17711],[-78.04982,44.17528],[-78.04752,44.1756],[-78.04235,44.17854],[-78.04011,44.17857]]]}},{"type":"Feature","properties":{"OGF_ID":151,"LAND_USE_DESIGNATION":"Natural Linkage Area"},"geometry":{"type":"Polygon","coordinates":[[[-78.74823,44.0399],[-78.74583,44.03425],[-78.74483,44.03465],[-78.74199,44.03212],[-78.74295,44.03369],[-78.74384,44.03347],[-78.74517,44.03785],[-78.74099,44.04033],[-78.73984,44.04193],[-78.74823,44.0399]]]}},{"type":"Feature","properties":{"OGF_ID":152,"LAND_USE_DESIGNATION":"Countryside Area"},"geometry":{"type":"Polygon","coordinates":[[[-79.92271,44.00799],[-79.92419,44.01414],[-79.9155,44.01603],[-79.91904,44.01837],[-79.91963,44.01988],[-79.92629,44.02222],[-79.92697,44.02489],[-79.93337,44.02377],[-79.93289,44.02222],[-79.93455,44.02192],[-79.93353,44.01785],[-79.93747,44.01709],[-79.93733,44.01526],[-79.93983,44.01462],[-79.93891,44.01088],[-79.95609,44.00751],[-79.95479,44.00625],[-79.95316,44.0061],[-79.95393,44.0038],[-79.95191,44.00252],[-79.94962,44.00286],[-79.94946,44.00178],[-79.95182,44.00165],[-79.95202,44.00097],[-79.95498,44.00019],[-79.95465,43.99881],[-79.95149,43.99875],[-79.95107,43.99713],[-79.94608,43.99794],[-79.94567,43.99673],[-79.9376,43.99859],[-79.93735,43.99802],[-79.929,43.9995],[-79.92368,44.00114],[-79.92142,44.00257],[-79.92271,44.00799]]]}},{"type":"Feature","properties":{"OGF_ID":205,"LAND_USE_DESIGNATION":"Countryside Area"},"geometry":{"type":"Polygon","coordinates":[[[-78.65625,44.13396],[-78.65921,44.1318],[-78.65612,44.12115],[-78.65881,44.12022],[-78.6611,44.1248],[-78.66284,44.12425],[-78.66484,44.12024],[-78.66741,44.11786],[-78.66876,44.11663],[-78.66765,44.1136],[-78.66731,44.10974],[-78.66869,44.1094],[-78.66773,44.10541],[-78.67138,44.10456],[-78.67069,44.10283],[-78.67168,44.10167],[-78.67364,44.10117],[-78.67031,44.09373],[-78.66915,44.09127],[-78.6333,44.09949],[-78.63127,44.1],[-78.63034,44.10346],[-78.63777,44.11088],[-78.63252,44.11345],[-78.63045,44.11351],[-78.62759,44.11164],[-78.62887,44.11702],[-78.63393,44.11701],[-78.63636,44.12186],[-78.63971,44.12122],[-78.64054,44.12347],[-78.63793,44.12496],[-78.63899,44.12947],[-78.64026,44.12699],[-78.64184,44.12602],[-78.64576,44.12606],[-78.64773,44.12465],[-78.65055,44.12629],[-78.64839,44.13419],[-78.64873,44.13629],[-78.64994,44.1373],[-78.65239,44.13688],[-78.65625,44.13396]]]}},{"type":"Feature","properties":{"OGF_ID":206,"LAND_USE_DESIGNATION":"Countryside Area"},"geometry":{"type":"Polygon","coordinates":[[[-78.67306,44.1352],[-78.67267,44.1346],[-78.67149,44.13518],[-78.67116,44.13472],[-78.67278,44.13354],[-78.6714,44.13082],[-78.66862,44.12926],[-78.66654,44.12955],[-78.66396,44.1309],[-78.66436,44.13248],[-78.65879,44.13394],[-78.66333,44.1339],[-78.67113,44.13746],[-78.67255,44.13684],[-78.67306,44.1352]]]}},{"type":"Feature","properties":{"OGF_ID":208,"LAND_USE_DESIGNATION":"Countryside Area"},"geometry":{"type":"Polygon","coordinates":[[[-79.40043,43.95492],[-79.40036,43.95649],[-79.40638,43.95481],[-79.40584,43.95226],[-79.40358,43.9518],[-79.40321,43.94778],[-79.40032,43.94824],[-79.39746,43.94262],[-79.39416,43.93983],[-79.39005,43.94012],[-79.39132,43.94545],[-79.39412,43.9481],[-79.39643,43.94874],[-79.39645,43.94952],[-79.39395,43.94839],[-79.39469,43.94987],[-79.39977,43.94928],[-79.39958,43.94984],[-79.39623,43.9502],[-79.39712,43.95159],[-79.4003,43.95303],[-79.40422,43.95362],[-79.40572,43.95484],[-79.40129,43.95318],[-79.40035,43.95326],[-79.40043,43.95492]]]}},{"type":"Feature","properties":{"OGF_ID":72,"LAND_USE_DESIGNATION":"Countryside Area"},"geometry":{"type":"Polygon","coordinates":[[[-78.29879,44.07185],[-78.28997,44.07088],[-78.29621,44.06728],[-78.29755,44.06532],[-78.29625,44.06423],[-78.29483,44.06427],[-78.29243,44.06579],[-78.29019,44.06551],[-78.28889,44.06765],[-78.28715,44.06765],[-78.28474,44.06978],[-78.28257,44.06812],[-78.27937,44.06805],[-78.27921,44.06408],[-78.27821,44.06367],[-78.27595,44.06518],[-78.2715,44.06395],[-78.26976,44.06262],[-78.27,44.06019],[-78.26638,44.06153],[-78.26502,44.06396],[-78.26238,44.06439],[-78.26279,44.06296],[-78.2606,44.0633],[-78.25987,44.06491],[-78.26064,44.06735],[-78.25733,44.06604],[-78.2605,44.07288],[-78.27778,44.06914],[-78.27863,44.07056],[-78.28336,44.06942],[-78.28474,44.07212],[-78.28782,44.0714],[-78.28953,44.07017],[-78.29088,44.07273],[-78.29578,44.07163],[-78.29624,44.07246],[-78.29879,44.07185]]]}},{"type":"Feature","properties":{"OGF_ID":560,"LAND_USE_DESIGNATION":"Settlement Area"},"geometry":{"type":"Polygon","coordinates":[[[-79.41865,43.90975],[-79.42034,43.91176],[-79.4234,43.91101],[-79.42322,43.90834],[-79.42193,43.90946],[-79.41863,43.90962],[-79.41865,43.90975]]]}},{"type":"Feature","properties":{"OGF_ID":415,"LAND_USE_DESIGNATION":"Countryside Area"},"geometry":{"type":"Polygon","coordinates":[[[-79.65247,43.93064],[-79.64524,43.93039],[-79.64064,43.9321],[-79.64183,43.93436],[-79.64443,43.93341],[-79.64509,43.93547],[-79.64672,43.93575],[-79.64805,43.93727],[-79.65015,43.93691],[-79.65042,43.94079],[-79.66438,43.93839],[-79.66318,43.93097],[-79.6596,43.93113],[-79.65826,43.92959],[-79.65247,43.93064]]]}},{"type":"Feature","properties":{"OGF_ID":178,"LAND_USE_DESIGNATION":"Countryside Area"},"geometry":{"type":"Polygon","coordinates":[[[-79.85125,43.8665],[-79.85124,43.86603],[-79.85006,43.86474],[-79.85189,43.85882],[-79.84951,43.85849],[-79.84851,43.85935],[-79.85073,43.86101],[-79.8501,43.86333],[-79.84884,43.86431],[-79.85125,43.8665]]]}},{"type":"Feature","properties":{"OGF_ID":175,"LAND_USE_DESIGNATION":"Palgrave Estates Residential Community"},"geometry":{"type":"Polygon","coordinates":[[[-79.80887,43.93051],[-79.80346,43.92657],[-79.80233,43.92759],[-79.80091,43.92747],[-79.80138,43.92508],[-79.78774,43.91551],[-79.78711,43.91602],[-79.78634,43.91556],[-79.78391,43.91774],[-79.78231,43.91727],[-79.77875,43.92019],[-79.77471,43.92375],[-79.78289,43.93072],[-79.78253,43.93506],[-79.78468,43.93915],[-79.78735,43.9405],[-79.79051,43.94045],[-79.78651,43.94389],[-79.78485,43.94391],[-79.78132,43.94188],[-79.78032,43.94339],[-79.78076,43.94504],[-79.77943,43.94608],[-79.78008,43.94679],[-79.78286,43.94711],[-79.79409,43.95512],[-79.80488,43.94525],[-79.81026,43.94908],[-79.81447,43.94543],[-79.81252,43.94396],[-79.81266,43.94201],[-79.80343,43.93538],[-79.80887,43.93051]]]}},{"type":"Feature","properties":{"OGF_ID":176,"LAND_USE_DESIGNATION":"Settlement Area"},"geometry":{"type":"Polygon","coordinates":[[[-79.55505,43.92653],[-79.55329,43.91941],[-79.5526,43.91661],[-79.55089,43.90978],[-79.54889,43.90897],[-79.53575,43.91186],[-79.53533,43.91195],[-79.53389,43.91248],[-79.53516,43.91531],[-79.52887,43.91585],[-79.52904,43.91962],[-79.52764,43.91997],[-79.52628,43.91972],[-79.52614,43.91735],[-79.52501,43.91783],[-79.52333,43.917],[-79.52307,43.91457],[-79.5189,43.91543],[-79.51905,43.91739],[-79.51786,43.91583],[-79.51334,43.91674],[-79.51805,43.91967],[-79.51801,43.92155],[-79.5142,43.92276],[-79.51219,43.92475],[-79.5127,43.92549],[-79.5082,43.92559],[-79.50711,43.92318],[-79.50629,43.92314],[-79.50654,43.92578],[-79.50515,43.92595],[-79.50272,43.92382],[-79.50922,43.9522],[-79.51382,43.95117],[-79.51679,43.95051],[-79.53016,43.94753],[-79.53327,43.94684],[-79.54192,43.94491],[-79.54607,43.94399],[-79.54727,43.94373],[-79.5557,43.94197],[-79.55863,43.9413],[-79.55537,43.92788],[-79.55505,43.92653]]]}},{"type":"Feature","properties":{"OGF_ID":177,"LAND_USE_DESIGNATION":"Natural Linkage Area"},"geometry":{"type":"Polygon","coordinates":[[[-79.81218,43.86643],[-79.80773,43.86319],[-79.80587,43.86277],[-79.8078,43.86102],[-79.80421,43.85843],[-79.80335,43.85929],[-79.80238,43.85867],[-79.80131,43.85972],[-79.80087,43.86262],[-79.80195,43.86473],[-79.8024,43.8656],[-79.80527,43.86676],[-79.80681,43.86566],[-79.8087,43.86671],[-79.81218,43.86643]]]}},{"type":"Feature","properties":{"OGF_ID":179,"LAND_USE_DESIGNATION":"Countryside Area"},"geometry":{"type":"Polygon","coordinates":[[[-79.82181,43.86258],[-79.82073,43.86435],[-79.82313,43.86517],[-79.82693,43.86168],[-79.82315,43.86382],[-79.82181,43.86258]]]}},{"type":"Feature","properties":{"OGF_ID":326,"LAND_USE_DESIGNATION":"Natural Linkage Area"},"geometry":{"type":"Polygon","coordinates":[[[-79.39355,44.10902],[-79.39189,44.1042],[-79.39431,44.1033],[-79.39342,44.10146],[-79.39221,44.10173],[-79.39161,44.0962],[-79.3962,44.09518],[-79.39569,44.09692],[-79.39473,44.09724],[-79.39569,44.1011],[-79.39842,44.1038],[-79.40055,44.1035],[-79.40211,44.10455],[-79.40374,44.10295],[-79.39793,44.0993],[-79.3977,44.09809],[-79.40107,44.0956],[-79.40148,44.09444],[-79.4008,44.09198],[-79.39921,44.09221],[-79.39783,44.08839],[-79.39681,44.08854],[-79.39487,44.08663],[-79.39418,44.08759],[-79.39232,44.08777],[-79.39409,44.08951],[-79.39184,44.0901],[-79.39274,44.09389],[-79.39498,44.09336],[-79.39538,44.09444],[-79.39163,44.09535],[-79.39014,44.09691],[-79.38806,44.09693],[-79.38858,44.09878],[-79.38985,44.09953],[-79.39028,44.1101],[-79.39355,44.10902]]]}},{"type":"Feature","properties":{"OGF_ID":327,"LAND_USE_DESIGNATION":"Countryside Area"},"geometry":{"type":"Polygon","coordinates":[[[-78.6244,44.08791],[-78.62395,44.09262],[-78.62608,44.09604],[-78.62809,44.09631],[-78.6244,44.08791]]]}},{"type":"Feature","properties":{"OGF_ID":157,"LAND_USE_DESIGNATION":"Rural Settlement"},"geometry":{"type":"Polygon","coordinates":[[[-79.81316,44.02105],[-79.81527,44.02151],[-79.81958,44.02407],[-79.82047,44.02555],[-79.8222,44.02515],[-79.82065,44.0192],[-79.81326,44.0209],[-79.8132,44.02066],[-79.81207,44.01617],[-79.8121,44.01669],[-79.81159,44.0146],[-79.80716,44.01554],[-79.80451,44.01609],[-79.80462,44.01523],[-79.80319,44.01003],[-79.79589,44.01162],[-79.79754,44.0157],[-79.81316,44.02105]]]}},{"type":"Feature","properties":{"OGF_ID":158,"LAND_USE_DESIGNATION":"Rural Settlement"},"geometry":{"type":"Polygon","coordinates":[[[-79.38119,44.01074],[-79.38141,44.01089],[-79.3836,44.01042],[-79.38332,44.01102],[-79.38142,44.01491],[-79.38429,44.01546],[-79.38392,44.01132],[-79.38827,44.00814],[-79.38483,44.00613],[-79.38012,44.00807],[-79.38119,44.01074]]]}},{"type":"Feature","properties":{"OGF_ID":159,"LAND_USE_DESIGNATION":"Countryside Area"},"geometry":{"type":"Polygon","coordinates":[[[-79.38332,44.01102],[-79.3836,44.01042],[-79.38141,44.01089],[-79.38332,44.01102]]]}},{"type":"Feature","properties":{"OGF_ID":160,"LAND_USE_DESIGNATION":"Natural Linkage Area"},"geometry":{"type":"Polygon","coordinates":[[[-78.98357,44.00856],[-78.98357,44.00856],[-78.98329,44.00614],[-78.98357,44.00856]]]}},{"type":"Feature","properties":{"OGF_ID":161,"LAND_USE_DESIGNATION":"Rural Settlement"},"geometry":{"type":"Polygon","coordinates":[[[-78.99279,44.00862],[-78.99786,44.00744],[-78.99886,44.00789],[-78.99792,44.00502],[-79.00041,44.00441],[-78.99942,44.00224],[-79.00082,44.00188],[-79.00056,44.00076],[-79.00028,44.00011],[-78.99601,44.00115],[-78.99502,43.9991],[-78.99034,44.0002],[-78.98926,44.00246],[-78.99087,44.00728],[-78.99212,44.00695],[-78.99279,44.00862]]]}},{"type":"Feature","properties":{"OGF_ID":73,"LAND_USE_DESIGNATION":"Natural Core Area"},"geometry":{"type":"Polygon","coordinates":[[[-78.86023,44.0842],[-78.86356,44.08525],[-78.8669,44.08505],[-78.86898,44.0838],[-78.86551,44.08149],[-78.86965,44.08105],[-78.87062,44.08003],[-78.86968,44.07865],[-78.86477,44.07725],[-78.86971,44.07647],[-78.86941,44.07487],[-78.86719,44.07417],[-78.87168,44.0711],[-78.87778,44.06144],[-78.87589,44.06167],[-78.87514,44.06026],[-78.87341,44.06058],[-78.87363,44.06464],[-78.87182,44.06548],[-78.8726,44.06743],[-78.86642,44.06887],[-78.865,44.07061],[-78.8625,44.06973],[-78.86075,44.07014],[-78.85942,44.07229],[-78.85667,44.07166],[-78.85444,44.07195],[-78.85389,44.0727],[-78.85438,44.07356],[-78.85364,44.07362],[-78.85429,44.07627],[-78.85776,44.07801],[-78.85996,44.08031],[-78.86023,44.0842]]]}},{"type":"Feature","properties":{"OGF_ID":93,"LAND_USE_DESIGNATION":"Countryside Area"},"geometry":{"type":"Polygon","coordinates":[[[-79.34532,43.95205],[-79.34284,43.95495],[-79.34293,43.95583],[-79.34531,43.95539],[-79.34557,43.95849],[-79.34204,43.9583],[-79.34251,43.95981],[-79.34547,43.96111],[-79.35023,43.96794],[-79.354,43.96711],[-79.35462,43.96894],[-79.36517,43.96674],[-79.3633,43.96439],[-79.36376,43.95873],[-79.36142,43.95743],[-79.35546,43.95081],[-79.35288,43.95033],[-79.3516,43.95147],[-79.35195,43.94906],[-79.34926,43.94824],[-79.34532,43.95205]]]}},{"type":"Feature","properties":{"OGF_ID":342,"LAND_USE_DESIGNATION":"Settlement Area"},"geometry":{"type":"Polygon","coordinates":[[[-79.40638,43.95481],[-79.40742,43.95461],[-79.40732,43.95325],[-79.40584,43.95226],[-79.40638,43.95481]]]}},{"type":"Feature","properties":{"OGF_ID":343,"LAND_USE_DESIGNATION":"Countryside Area"},"geometry":{"type":"Polygon","coordinates":[[[-79.40373,43.94403],[-79.40275,43.93774],[-79.40232,43.93791],[-79.39592,43.93958],[-79.39599,43.93962],[-79.39873,43.94139],[-79.40025,43.94459],[-79.40373,43.94403]]]}},{"type":"Feature","properties":{"OGF_ID":347,"LAND_USE_DESIGNATION":"Natural Linkage Area"},"geometry":{"type":"Polygon","coordinates":[[[-79.11419,44.03384],[-79.10794,44.03534],[-79.10945,44.03879],[-79.0957,44.04203],[-79.09408,44.03851],[-79.08928,44.03967],[-79.09069,44.04317],[-79.09268,44.04319],[-79.09157,44.04505],[-79.09388,44.05007],[-79.11879,44.04427],[-79.11419,44.03384]]]}},{"type":"Feature","properties":{"OGF_ID":344,"LAND_USE_DESIGNATION":"Settlement Area"},"geometry":{"type":"Polygon","coordinates":[[[-79.27437,44.05222],[-79.27488,44.05452],[-79.29609,44.04989],[-79.29571,44.04827],[-79.2979,44.04779],[-79.29746,44.04591],[-79.3074,44.04355],[-79.31386,44.04214],[-79.31336,44.04073],[-79.30874,44.04181],[-79.30814,44.03942],[-79.31563,44.03781],[-79.31483,44.03411],[-79.32077,44.03275],[-79.32027,44.03079],[-79.31748,44.03142],[-79.31709,44.02974],[-79.31628,44.02993],[-79.31316,44.03063],[-79.31355,44.03311],[-79.30875,44.03408],[-79.30694,44.02585],[-79.3046,44.02619],[-79.30295,44.02495],[-79.29473,44.02683],[-79.28856,44.02824],[-79.2899,44.03439],[-79.28614,44.03382],[-79.28711,44.0382],[-79.28572,44.03851],[-79.28617,44.04032],[-79.28354,44.04089],[-79.28534,44.04262],[-79.27277,44.04537],[-79.27408,44.05088],[-79.28143,44.04923],[-79.28184,44.05064],[-79.27437,44.05222]]]}},{"type":"Feature","properties":{"OGF_ID":345,"LAND_USE_DESIGNATION":"Countryside Area"},"geometry":{"type":"Polygon","coordinates":[[[-79.51533,44.05287],[-79.52194,44.05606],[-79.52718,44.05709],[-79.53583,44.05573],[-79.53351,44.05475],[-79.5334,44.05471],[-79.5313,44.05382],[-79.52392,44.05144],[-79.52313,44.05104],[-79.51826,44.04904],[-79.51689,44.04491],[-79.50843,44.04662],[-79.50973,44.05168],[-79.51533,44.05287]]]}},{"type":"Feature","properties":{"OGF_ID":346,"LAND_USE_DESIGNATION":"Countryside Area"},"geometry":{"type":"Polygon","coordinates":[[[-78.82426,44.02229],[-78.81943,44.02255],[-78.81698,44.02406],[-78.82018,44.0337],[-78.81859,44.03618],[-78.81272,44.03888],[-78.8157,44.04523],[-78.8209,44.04388],[-78.82032,44.04236],[-78.82199,44.04096],[-78.82102,44.03959],[-78.82587,44.03809],[-78.82499,44.03521],[-78.82307,44.03435],[-78.82281,44.03058],[-78.82662,44.02946],[-78.8262,44.02772],[-78.82876,44.02707],[-78.82865,44.02587],[-78.82991,44.02481],[-78.8288,44.02427],[-78.82793,44.02195],[-78.8269,44.02235],[-78.82704,44.02372],[-78.82415,44.02422],[-78.82523,44.02351],[-78.82426,44.02229]]]}},{"type":"Feature","properties":{"OGF_ID":348,"LAND_USE_DESIGNATION":"Countryside Area"},"geometry":{"type":"Polygon","coordinates":[[[-78.07691,44.02664],[-78.08213,44.02658],[-78.08327,44.02862],[-78.08774,44.02709],[-78.08557,44.02037],[-78.08485,44.02042],[-78.08388,44.01857],[-78.08426,44.01714],[-78.08581,44.01676],[-78.08537,44.01561],[-78.08214,44.0164],[-78.08187,44.01586],[-78.08459,44.01269],[-78.08221,44.01334],[-78.08256,44.01409],[-78.08125,44.01432],[-78.08072,44.01338],[-78.07945,44.01338],[-78.07826,44.01898],[-78.07451,44.02324],[-78.07597,44.02392],[-78.07691,44.02664]]]}},{"type":"Feature","properties":{"OGF_ID":349,"LAND_USE_DESIGNATION":"Countryside Area"},"geometry":{"type":"Polygon","coordinates":[[[-79.01641,44.04832],[-79.01723,44.04813],[-79.01527,44.04324],[-79.01451,44.0434],[-79.01172,44.03756],[-79.0025,44.03332],[-78.98092,44.03798],[-78.98148,44.03929],[-78.97783,44.04017],[-78.99197,44.04418],[-78.99339,44.04545],[-78.99324,44.0481],[-78.99731,44.04667],[-78.99705,44.04544],[-78.99948,44.04497],[-79.00022,44.04649],[-79.00232,44.04599],[-79.00313,44.04428],[-79.0046,44.04405],[-79.00504,44.04542],[-79.00812,44.0448],[-79.00873,44.04639],[-79.0111,44.04612],[-79.01641,44.04832]]]}},{"type":"Feature","properties":{"OGF_ID":310,"LAND_USE_DESIGNATION":"Countryside Area"},"geometry":{"type":"Polygon","coordinates":[[[-79.93804,44.0341],[-79.93618,44.0345],[-79.93611,44.03263],[-79.93315,44.03301],[-79.93311,44.02934],[-79.92836,44.03029],[-79.92758,44.02739],[-79.92514,44.02778],[-79.92422,44.02484],[-79.92525,44.02423],[-79.92405,44.02245],[-79.91949,44.02115],[-79.91478,44.02078],[-79.91428,44.01585],[-79.90755,44.01533],[-79.9062,44.0174],[-79.90399,44.01864],[-79.89988,44.01955],[-79.9014,44.02572],[-79.89918,44.02685],[-79.9002,44.02873],[-79.89926,44.03033],[-79.89643,44.03345],[-79.89471,44.03405],[-79.90204,44.03722],[-79.90305,44.0428],[-79.90038,44.04733],[-79.90054,44.04906],[-79.90557,44.05401],[-79.90916,44.05558],[-79.91127,44.05442],[-79.91666,44.04764],[-79.92216,44.04282],[-79.93378,44.03741],[-79.93804,44.0341]]]}},{"type":"Feature","properties":{"OGF_ID":162,"LAND_USE_DESIGNATION":"Countryside Area"},"geometry":{"type":"Polygon","coordinates":[[[-79.95704,44.01258],[-79.95708,44.00951],[-79.95455,44.0098],[-79.95433,44.00897],[-79.9495,44.00985],[-79.9484,44.01104],[-79.94195,44.01311],[-79.94469,44.01743],[-79.94727,44.01898],[-79.95704,44.01258]]]}},{"type":"Feature","properties":{"OGF_ID":163,"LAND_USE_DESIGNATION":"Countryside Area"},"geometry":{"type":"Polygon","coordinates":[[[-78.09272,44.07245],[-78.08823,44.07683],[-78.08886,44.07946],[-78.08589,44.08084],[-78.08502,44.08199],[-78.08568,44.08327],[-78.08395,44.08422],[-78.08482,44.0853],[-78.09205,44.08358],[-78.09077,44.08019],[-78.09493,44.0791],[-78.09411,44.07771],[-78.093,44.07785],[-78.09317,44.07596],[-78.09509,44.07406],[-78.09606,44.07087],[-78.09272,44.07245]]]}},{"type":"Feature","properties":{"OGF_ID":164,"LAND_USE_DESIGNATION":"Countryside Area"},"geometry":{"type":"Polygon","coordinates":[[[-79.29092,44.10959],[-79.29079,44.10262],[-79.28385,44.09772],[-79.28336,44.09166],[-79.28522,44.0909],[-79.28641,44.08674],[-79.28587,44.08565],[-79.28385,44.08581],[-79.28261,44.08324],[-79.27692,44.08309],[-79.27594,44.08166],[-79.26266,44.08509],[-79.26268,44.08902],[-79.26029,44.0896],[-79.26078,44.09145],[-79.25715,44.09318],[-79.25766,44.09641],[-79.25936,44.09755],[-79.25987,44.09932],[-79.26214,44.09892],[-79.26311,44.0978],[-79.26181,44.09435],[-79.26377,44.09389],[-79.2637,44.09271],[-79.26558,44.09216],[-79.26492,44.0905],[-79.26776,44.09169],[-79.26465,44.095],[-79.26483,44.0991],[-79.26909,44.09816],[-79.28146,44.10157],[-79.28418,44.10372],[-79.28644,44.10805],[-79.29092,44.10959]]]}},{"type":"Feature","properties":{"OGF_ID":165,"LAND_USE_DESIGNATION":"Countryside Area"},"geometry":{"type":"Polygon","coordinates":[[[-79.39028,44.1101],[-79.38985,44.09953],[-79.38858,44.09878],[-79.38639,44.09921],[-79.3854,44.09773],[-79.38365,44.09774],[-79.38511,44.09956],[-79.38308,44.10023],[-79.38399,44.10144],[-79.38184,44.10189],[-79.38378,44.10735],[-79.38709,44.10668],[-79.38753,44.11027],[-79.38859,44.11066],[-79.39028,44.1101]]]}},{"type":"Feature","properties":{"OGF_ID":166,"LAND_USE_DESIGNATION":"Countryside Area"},"geometry":{"type":"Polygon","coordinates":[[[-79.51209,43.95737],[-79.51661,43.95682],[-79.51648,43.95574],[-79.51382,43.95117],[-79.50922,43.9522],[-79.51041,43.95725],[-79.51209,43.95737]]]}},{"type":"Feature","properties":{"OGF_ID":167,"LAND_USE_DESIGNATION":"Countryside Area"},"geometry":{"type":"Polygon","coordinates":[[[-79.51815,43.95566],[-79.5219,43.95641],[-79.52285,43.95494],[-79.52656,43.95418],[-79.52712,43.95322],[-79.53047,43.95211],[-79.53022,43.95139],[-79.53136,43.95111],[-79.53016,43.94753],[-79.51679,43.95051],[-79.51605,43.95195],[-79.51815,43.95566]]]}},{"type":"Feature","properties":{"OGF_ID":168,"LAND_USE_DESIGNATION":"Countryside Area"},"geometry":{"type":"Polygon","coordinates":[[[-79.39242,43.95044],[-79.39993,43.9548],[-79.39949,43.95337],[-79.39857,43.95226],[-79.39645,43.95182],[-79.39547,43.95027],[-79.39417,43.95012],[-79.39252,43.94696],[-79.38973,43.9455],[-79.38884,43.9457],[-79.38935,43.94808],[-79.39242,43.95044]]]}},{"type":"Feature","properties":{"OGF_ID":169,"LAND_USE_DESIGNATION":"Countryside Area"},"geometry":{"type":"Polygon","coordinates":[[[-79.22821,43.95043],[-79.23005,43.95203],[-79.23569,43.95081],[-79.23433,43.94559],[-79.23258,43.94449],[-79.23048,43.94666],[-79.22825,43.94757],[-79.22821,43.95043]]]}},{"type":"Feature","properties":{"OGF_ID":54,"LAND_USE_DESIGNATION":"Countryside Area"},"geometry":{"type":"Polygon","coordinates":[[[-78.54167,44.04575],[-78.53437,44.04061],[-78.53262,44.0406],[-78.53149,44.04185],[-78.52975,44.04103],[-78.5264,44.0418],[-78.52716,44.04461],[-78.52556,44.04528],[-78.52372,44.04484],[-78.52608,44.04653],[-78.52877,44.04618],[-78.53105,44.0478],[-78.54167,44.04575]]]}},{"type":"Feature","properties":{"OGF_ID":55,"LAND_USE_DESIGNATION":"Countryside Area"},"geometry":{"type":"Polygon","coordinates":[[[-79.01257,44.05565],[-79.01161,44.05452],[-79.01096,44.0553],[-79.01257,44.05565]]]}},{"type":"Feature","properties":{"OGF_ID":56,"LAND_USE_DESIGNATION":"Natural Linkage Area"},"geometry":{"type":"Polygon","coordinates":[[[-78.75069,44.04459],[-78.74601,44.04573],[-78.74827,44.05058],[-78.75292,44.04949],[-78.75069,44.04459]]]}},{"type":"Feature","properties":{"OGF_ID":517,"LAND_USE_DESIGNATION":"Countryside Area"},"geometry":{"type":"Polygon","coordinates":[[[-78.81831,44.07062],[-78.81473,44.07013],[-78.81667,44.07098],[-78.81831,44.07062]]]}},{"type":"Feature","properties":{"OGF_ID":518,"LAND_USE_DESIGNATION":"Countryside Area"},"geometry":{"type":"Polygon","coordinates":[[[-79.812,43.92775],[-79.80957,43.92634],[-79.80346,43.92657],[-79.80887,43.93051],[-79.812,43.92775]]]}},{"type":"Feature","properties":{"OGF_ID":520,"LAND_USE_DESIGNATION":"Countryside Area"},"geometry":{"type":"Polygon","coordinates":[[[-79.39156,44.15521],[-79.39378,44.15466],[-79.39278,44.15252],[-79.39396,44.14944],[-79.39692,44.14913],[-79.39813,44.14825],[-79.40122,44.14905],[-79.404,44.14847],[-79.40429,44.15165],[-79.40539,44.15123],[-79.40585,44.15246],[-79.40831,44.152],[-79.40662,44.1457],[-79.4027,44.13743],[-79.4003,44.13746],[-79.39672,44.1409],[-79.3956,44.14097],[-79.39575,44.13627],[-79.39323,44.13574],[-79.39349,44.12943],[-79.39485,44.12449],[-79.39214,44.12811],[-79.39159,44.12925],[-79.38976,44.12959],[-79.39029,44.13059],[-79.38745,44.1301],[-79.38379,44.1305],[-79.38336,44.1322],[-79.37913,44.13305],[-79.37463,44.13499],[-79.37255,44.13499],[-79.37241,44.1364],[-79.3701,44.13695],[-79.37105,44.13853],[-79.37268,44.13867],[-79.38117,44.13717],[-79.38331,44.13862],[-79.38759,44.13899],[-79.38763,44.14082],[-79.39002,44.14125],[-79.39211,44.14026],[-79.39384,44.14084],[-79.39378,44.14144],[-79.39166,44.14128],[-79.39091,44.1419],[-79.38652,44.1456],[-79.38448,44.1499],[-79.38153,44.15094],[-79.38147,44.15197],[-79.39156,44.15521]]]}},{"type":"Feature","properties":{"OGF_ID":521,"LAND_USE_DESIGNATION":"Countryside Area"},"geometry":{"type":"Polygon","coordinates":[[[-77.92285,44.11704],[-77.92194,44.11681],[-77.91991,44.11245],[-77.91784,44.1128],[-77.91653,44.11089],[-77.91132,44.11104],[-77.91199,44.1169],[-77.91327,44.11836],[-77.9165,44.11924],[-77.91715,44.12168],[-77.91981,44.12098],[-77.92263,44.11721],[-77.92285,44.11704]]]}},{"type":"Feature","properties":{"OGF_ID":311,"LAND_USE_DESIGNATION":"Natural Linkage Area"},"geometry":{"type":"Polygon","coordinates":[[[-78.76057,44.03716],[-78.75742,44.03226],[-78.75725,44.03081],[-78.75841,44.03],[-78.7567,44.03038],[-78.7538,44.02948],[-78.75148,44.02622],[-78.75173,44.02978],[-78.75347,44.03025],[-78.75424,44.03231],[-78.75281,44.03219],[-78.75124,44.03069],[-78.74977,44.0275],[-78.75175,44.03255],[-78.75073,44.03284],[-78.75257,44.03552],[-78.7536,44.03439],[-78.75231,44.03321],[-78.75306,44.03276],[-78.75591,44.034],[-78.75537,44.03611],[-78.75645,44.038],[-78.76057,44.03716]]]}},{"type":"Feature","properties":{"OGF_ID":313,"LAND_USE_DESIGNATION":"Countryside Area"},"geometry":{"type":"Polygon","coordinates":[[[-79.37981,43.93659],[-79.38936,43.93443],[-79.38924,43.937],[-79.39019,43.93684],[-79.39043,43.93064],[-79.38679,43.92981],[-79.38842,43.93093],[-79.38573,43.93152],[-79.3847,43.92942],[-79.38297,43.92941],[-79.38079,43.92572],[-79.3792,43.92549],[-79.37473,43.92765],[-79.37408,43.92892],[-79.37422,43.93076],[-79.37665,43.93192],[-79.37981,43.93659]]]}},{"type":"Feature","properties":{"OGF_ID":337,"LAND_USE_DESIGNATION":"Countryside Area"},"geometry":{"type":"Polygon","coordinates":[[[-79.91766,43.82008],[-79.91562,43.81861],[-79.92238,43.81242],[-79.91733,43.81237],[-79.9073,43.80998],[-79.90229,43.81109],[-79.89821,43.81463],[-79.89642,43.81811],[-79.89937,43.81544],[-79.90394,43.8186],[-79.90626,43.81618],[-79.90805,43.81653],[-79.9134,43.82044],[-79.91412,43.82007],[-79.91638,43.82106],[-79.91766,43.82008]]]}},{"type":"Feature","properties":{"OGF_ID":97,"LAND_USE_DESIGNATION":"Countryside Area"},"geometry":{"type":"Polygon","coordinates":[[[-79.39273,43.95822],[-79.39803,43.95702],[-79.39788,43.95595],[-79.38738,43.94944],[-79.38598,43.94426],[-79.37182,43.94747],[-79.37024,43.94386],[-79.36924,43.94409],[-79.36787,43.93927],[-79.37787,43.93701],[-79.37646,43.93352],[-79.37405,43.93202],[-79.37134,43.9327],[-79.36994,43.93051],[-79.36899,43.93039],[-79.3688,43.93326],[-79.36704,43.93452],[-79.36796,43.9374],[-79.36512,43.93521],[-79.36507,43.94003],[-79.36336,43.93704],[-79.36433,43.93497],[-79.36183,43.93197],[-79.36439,43.92969],[-79.36693,43.92947],[-79.36568,43.92843],[-79.36617,43.92693],[-79.36522,43.92647],[-79.36029,43.9276],[-79.35882,43.93058],[-79.35532,43.93126],[-79.35307,43.93389],[-79.3564,43.93436],[-79.35512,43.93482],[-79.35573,43.93735],[-79.36062,43.94036],[-79.36379,43.94095],[-79.36378,43.94152],[-79.36251,43.94197],[-79.35585,43.94115],[-79.34965,43.94147],[-79.34964,43.9425],[-79.35168,43.94434],[-79.35533,43.94459],[-79.35611,43.94632],[-79.35516,43.94822],[-79.35942,43.95125],[-79.36458,43.95678],[-79.36977,43.96002],[-79.37906,43.9602],[-79.3798,43.96125],[-79.37702,43.96192],[-79.37554,43.96354],[-79.3829,43.96369],[-79.38221,43.96064],[-79.39273,43.95822]]]}},{"type":"Feature","properties":{"OGF_ID":94,"LAND_USE_DESIGNATION":"Palgrave Estates Residential Community"},"geometry":{"type":"Polygon","coordinates":[[[-79.86414,43.97039],[-79.85792,43.96602],[-79.85274,43.96942],[-79.85285,43.97294],[-79.86414,43.97039]]]}},{"type":"Feature","properties":{"OGF_ID":95,"LAND_USE_DESIGNATION":"Countryside Area"},"geometry":{"type":"Polygon","coordinates":[[[-79.36895,43.96147],[-79.3656,43.96213],[-79.36559,43.96328],[-79.36767,43.96609],[-79.36988,43.96566],[-79.36952,43.96389],[-79.37024,43.96225],[-79.36895,43.96147]]]}},{"type":"Feature","properties":{"OGF_ID":96,"LAND_USE_DESIGNATION":"Countryside Area"},"geometry":{"type":"Polygon","coordinates":[[[-79.8684,43.96957],[-79.86597,43.96874],[-79.86261,43.96621],[-79.8585,43.96544],[-79.85792,43.96602],[-79.86414,43.97039],[-79.8684,43.96957]]]}},{"type":"Feature","properties":{"OGF_ID":98,"LAND_USE_DESIGNATION":"Natural Core Area"},"geometry":{"type":"Polygon","coordinates":[[[-79.42141,43.96301],[-79.41924,43.96348],[-79.41939,43.96398],[-79.4221,43.9643],[-79.42721,43.96197],[-79.42838,43.96256],[-79.43011,43.96196],[-79.43233,43.96293],[-79.43407,43.96256],[-79.43403,43.96118],[-79.43509,43.9604],[-79.43707,43.96109],[-79.43777,43.95992],[-79.43608,43.95914],[-79.43746,43.9562],[-79.43478,43.95663],[-79.43455,43.95896],[-79.43369,43.95945],[-79.43233,43.95389],[-79.43033,43.95339],[-79.42813,43.95037],[-79.42194,43.9515],[-79.42144,43.95035],[-79.42421,43.95019],[-79.42685,43.94673],[-79.42618,43.94419],[-79.42406,43.94489],[-79.42287,43.94365],[-79.42925,43.94193],[-79.42781,43.941],[-79.42576,43.94149],[-79.42521,43.93944],[-79.432,43.93762],[-79.43314,43.93701],[-79.43293,43.936],[-79.43459,43.93536],[-79.43437,43.9339],[-79.44141,43.93229],[-79.44209,43.93426],[-79.43861,43.93761],[-79.44021,43.93805],[-79.44298,43.93697],[-79.44678,43.9389],[-79.44973,43.93867],[-79.45058,43.93934],[-79.45314,43.939],[-79.45351,43.93762],[-79.4534,43.93404],[-79.45187,43.92996],[-79.45032,43.93024],[-79.45085,43.92908],[-79.4494,43.92941],[-79.44914,43.92846],[-79.44611,43.9283],[-79.44511,43.92729],[-79.44498,43.92548],[-79.44697,43.92507],[-79.44741,43.92024],[-79.44618,43.91978],[-79.44652,43.91902],[-79.44502,43.91773],[-79.44433,43.91704],[-79.44055,43.91684],[-79.43084,43.91817],[-79.42922,43.91615],[-79.42532,43.91537],[-79.42551,43.91618],[-79.42705,43.92283],[-79.42195,43.92396],[-79.41683,43.92365],[-79.41714,43.92486],[-79.41505,43.92492],[-79.41496,43.92338],[-79.41838,43.9222],[-79.41616,43.92066],[-79.41841,43.91814],[-79.41703,43.91661],[-79.41299,43.91738],[-79.41262,43.91628],[-79.41261,43.91629],[-79.41288,43.91748],[-79.4106,43.91797],[-79.4096,43.91819],[-79.40849,43.91844],[-79.4085,43.91847],[-79.40889,43.92023],[-79.4059,43.92095],[-79.40618,43.92263],[-79.40835,43.92606],[-79.40965,43.9271],[-79.41153,43.92706],[-79.4121,43.92889],[-79.41333,43.92875],[-79.41463,43.93406],[-79.41683,43.93419],[-79.41842,43.93691],[-79.40974,43.93884],[-79.41023,43.94008],[-79.41365,43.94207],[-79.41501,43.94582],[-79.40929,43.94586],[-79.40974,43.94707],[-79.41084,43.94731],[-79.41168,43.95151],[-79.41187,43.95367],[-79.41509,43.95312],[-79.41282,43.95405],[-79.41037,43.95672],[-79.40231,43.95839],[-79.40172,43.96001],[-79.4048,43.96096],[-79.40847,43.96056],[-79.41235,43.95957],[-79.4139,43.95719],[-79.41652,43.95656],[-79.41747,43.96009],[-79.42064,43.95948],[-79.42141,43.96301]]]}},{"type":"Feature","properties":{"OGF_ID":99,"LAND_USE_DESIGNATION":"Palgrave Estates Residential Community"},"geometry":{"type":"Polygon","coordinates":[[[-79.81349,43.95707],[-79.80898,43.95733],[-79.80121,43.96253],[-79.8005,43.96545],[-79.80128,43.96652],[-79.80323,43.96725],[-79.80633,43.96646],[-79.80947,43.96427],[-79.81389,43.96338],[-79.81606,43.96071],[-79.8161,43.95883],[-79.81496,43.95789],[-79.81349,43.95707]]]}},{"type":"Feature","properties":{"OGF_ID":100,"LAND_USE_DESIGNATION":"Natural Linkage Area"},"geometry":{"type":"Polygon","coordinates":[[[-79.23302,43.95918],[-79.23557,43.9586],[-79.23438,43.95481],[-79.24009,43.95348],[-79.23874,43.94705],[-79.23685,43.94554],[-79.23433,43.94559],[-79.23569,43.95081],[-79.23005,43.95203],[-79.22821,43.95043],[-79.23084,43.95563],[-79.23026,43.9553],[-79.23302,43.95918]]]}},{"type":"Feature","properties":{"OGF_ID":101,"LAND_USE_DESIGNATION":"Natural Linkage Area"},"geometry":{"type":"Polygon","coordinates":[[[-78.38768,44.11518],[-78.38686,44.11147],[-78.38856,44.11102],[-78.38806,44.10858],[-78.39084,44.10432],[-78.39022,44.10283],[-78.38779,44.1035],[-78.38695,44.10741],[-78.38513,44.10819],[-78.38607,44.11024],[-78.38297,44.11101],[-78.38768,44.11518]]]}},{"type":"Feature","properties":{"OGF_ID":102,"LAND_USE_DESIGNATION":"Rural Settlement"},"geometry":{"type":"Polygon","coordinates":[[[-77.95184,44.09772],[-77.94988,44.09498],[-77.94543,44.0941],[-77.94444,44.09233],[-77.94373,44.09105],[-77.94336,44.09038],[-77.93269,44.09668],[-77.93084,44.0962],[-77.93354,44.10233],[-77.93375,44.10279],[-77.93413,44.10366],[-77.95247,44.0992],[-77.95184,44.09772]]]}},{"type":"Feature","properties":{"OGF_ID":103,"LAND_USE_DESIGNATION":"Natural Linkage Area"},"geometry":{"type":"Polygon","coordinates":[[[-78.15537,44.09902],[-78.15031,44.10029],[-78.15464,44.109],[-78.15946,44.10768],[-78.15537,44.09902]]]}},{"type":"Feature","properties":{"OGF_ID":104,"LAND_USE_DESIGNATION":"Countryside Area"},"geometry":{"type":"Polygon","coordinates":[[[-77.92162,44.10287],[-77.9268,44.1028],[-77.9305,44.10107],[-77.93078,44.10183],[-77.93354,44.10233],[-77.93084,44.0962],[-77.92856,44.09561],[-77.92508,44.0968],[-77.92162,44.10287]]]}},{"type":"Feature","properties":{"OGF_ID":522,"LAND_USE_DESIGNATION":"Countryside Area"},"geometry":{"type":"Polygon","coordinates":[[[-78.10583,44.12467],[-78.10586,44.12466],[-78.10273,44.11724],[-78.10166,44.11714],[-78.10004,44.11504],[-78.10122,44.11457],[-78.09965,44.11089],[-78.09798,44.10995],[-78.09617,44.11011],[-78.09612,44.11269],[-78.09742,44.11524],[-78.09652,44.11548],[-78.09677,44.11636],[-78.09831,44.11831],[-78.10003,44.11785],[-78.10048,44.11875],[-78.09932,44.11921],[-78.09967,44.12045],[-78.09863,44.12102],[-78.10006,44.12421],[-78.09527,44.12538],[-78.0955,44.12589],[-78.10583,44.12467]]]}},{"type":"Feature","properties":{"OGF_ID":523,"LAND_USE_DESIGNATION":"Countryside Area"},"geometry":{"type":"Polygon","coordinates":[[[-79.70919,43.98039],[-79.70956,43.97937],[-79.71476,43.97581],[-79.7175,43.97494],[-79.71712,43.9726],[-79.71567,43.97081],[-79.71206,43.97135],[-79.70968,43.96817],[-79.70318,43.96975],[-79.7025,43.96825],[-79.69114,43.97128],[-79.69063,43.96954],[-79.68592,43.97047],[-79.68786,43.97464],[-79.68836,43.97894],[-79.70005,43.97796],[-79.70419,43.97991],[-79.70919,43.98039]]]}},{"type":"Feature","properties":{"OGF_ID":144,"LAND_USE_DESIGNATION":"Countryside Area"},"geometry":{"type":"Polygon","coordinates":[[[-79.38483,44.00613],[-79.38434,44.00584],[-79.37912,44.00817],[-79.38119,44.01074],[-79.38012,44.00807],[-79.38483,44.00613]]]}},{"type":"Feature","properties":{"OGF_ID":145,"LAND_USE_DESIGNATION":"Countryside Area"},"geometry":{"type":"Polygon","coordinates":[[[-79.0652,43.99677],[-79.06353,43.99631],[-79.06229,43.99245],[-79.05839,43.9946],[-79.05583,43.99131],[-79.0524,43.9917],[-79.05192,43.99279],[-79.05032,43.99309],[-79.05288,43.99888],[-79.05511,43.99849],[-79.0568,44.00034],[-79.05765,44.00024],[-79.05808,44.00094],[-79.05682,44.0013],[-79.05831,44.00479],[-79.05981,44.00505],[-79.06415,44.00192],[-79.0652,43.99677]]]}},{"type":"Feature","properties":{"OGF_ID":146,"LAND_USE_DESIGNATION":"Countryside Area"},"geometry":{"type":"Polygon","coordinates":[[[-79.01879,43.99446],[-79.01978,43.9945],[-79.02313,44.00134],[-79.02473,44.00101],[-79.0262,44.00437],[-79.02822,44.00313],[-79.02823,44.00199],[-79.03234,44.00134],[-79.03078,43.99931],[-79.03147,43.99786],[-79.03043,43.99524],[-79.03225,43.99475],[-79.03231,43.99328],[-79.03323,43.99306],[-79.03296,43.99225],[-79.03075,43.99143],[-79.03048,43.98856],[-79.02922,43.98763],[-79.02587,43.98875],[-79.02273,43.9862],[-79.01951,43.98871],[-79.01939,43.98652],[-79.01859,43.98652],[-79.016,43.98949],[-79.01879,43.99446]]]}},{"type":"Feature","properties":{"OGF_ID":304,"LAND_USE_DESIGNATION":"Natural Linkage Area"},"geometry":{"type":"Polygon","coordinates":[[[-79.25736,43.95454],[-79.26452,43.95283],[-79.26649,43.95072],[-79.26138,43.95226],[-79.25976,43.95379],[-79.25736,43.95454]]]}},{"type":"Feature","properties":{"OGF_ID":516,"LAND_USE_DESIGNATION":"Countryside Area"},"geometry":{"type":"Polygon","coordinates":[[[-78.81065,44.07017],[-78.81479,44.06911],[-78.81983,44.07025],[-78.82066,44.06923],[-78.81976,44.06517],[-78.82346,44.06445],[-78.82495,44.06323],[-78.8274,44.0645],[-78.83133,44.06075],[-78.83053,44.06028],[-78.82001,44.06301],[-78.81004,44.06442],[-78.80733,44.06863],[-78.80765,44.0709],[-78.8089,44.06911],[-78.81033,44.06923],[-78.81065,44.07017]]]}},{"type":"Feature","properties":{"OGF_ID":422,"LAND_USE_DESIGNATION":"Rural Settlement"},"geometry":{"type":"Polygon","coordinates":[[[-78.60901,44.01441],[-78.60978,44.01618],[-78.61079,44.01638],[-78.61059,44.01547],[-78.61022,44.01447],[-78.61416,44.01347],[-78.61503,44.01267],[-78.61364,44.01199],[-78.61298,44.01359],[-78.61083,44.01138],[-78.61115,44.01214],[-78.60802,44.0129],[-78.60901,44.01441]]]}},{"type":"Feature","properties":{"OGF_ID":423,"LAND_USE_DESIGNATION":"Countryside Area"},"geometry":{"type":"Polygon","coordinates":[[[-78.9491,44.01692],[-78.94959,44.01788],[-78.94837,44.01811],[-78.94942,44.02048],[-78.94702,44.0212],[-78.94885,44.02526],[-78.95202,44.02436],[-78.95294,44.01718],[-78.95221,44.01603],[-78.94984,44.01567],[-78.9491,44.01692]]]}},{"type":"Feature","properties":{"OGF_ID":424,"LAND_USE_DESIGNATION":"Countryside Area"},"geometry":{"type":"Polygon","coordinates":[[[-78.53573,44.00973],[-78.53285,44.00341],[-78.53056,44.00382],[-78.5313,44.00647],[-78.53002,44.00748],[-78.5317,44.01105],[-78.52975,44.01378],[-78.53072,44.01603],[-78.53179,44.0157],[-78.53319,44.01336],[-78.53481,44.01286],[-78.53398,44.01013],[-78.53573,44.00973]]]}},{"type":"Feature","properties":{"OGF_ID":426,"LAND_USE_DESIGNATION":"Countryside Area"},"geometry":{"type":"Polygon","coordinates":[[[-77.99771,44.16538],[-77.99719,44.16326],[-77.9991,44.16292],[-77.99794,44.16015],[-77.9965,44.16261],[-77.99181,44.16365],[-77.99153,44.16301],[-77.99114,44.16502],[-77.99303,44.16603],[-77.99465,44.16629],[-77.99771,44.16538]]]}},{"type":"Feature","properties":{"OGF_ID":427,"LAND_USE_DESIGNATION":"Countryside Area"},"geometry":{"type":"Polygon","coordinates":[[[-78.57658,44.17898],[-78.57612,44.17784],[-78.57491,44.17803],[-78.57529,44.1792],[-78.57658,44.17898]]]}},{"type":"Feature","properties":{"OGF_ID":428,"LAND_USE_DESIGNATION":"Countryside Area"},"geometry":{"type":"Polygon","coordinates":[[[-79.22205,44.09923],[-79.22125,44.09726],[-79.21886,44.09688],[-79.21717,44.09544],[-79.21324,44.09624],[-79.21335,44.09447],[-79.21233,44.0939],[-79.20978,44.09386],[-79.2088,44.0949],[-79.20786,44.09307],[-79.20563,44.09405],[-79.20536,44.0929],[-79.20336,44.09253],[-79.19611,44.09481],[-79.1958,44.09398],[-79.19703,44.09377],[-79.19673,44.09215],[-79.18702,44.09377],[-79.18462,44.09257],[-79.18391,44.09126],[-79.18232,44.09163],[-79.18206,44.0925],[-79.18031,44.09282],[-79.17992,44.09207],[-79.1696,44.09434],[-79.16835,44.09576],[-79.16901,44.09733],[-79.17028,44.09729],[-79.1719,44.0996],[-79.17286,44.09942],[-79.17348,44.10034],[-79.17191,44.10085],[-79.17292,44.10619],[-79.17975,44.10673],[-79.18325,44.10988],[-79.18528,44.11031],[-79.19586,44.10319],[-79.2076,44.09947],[-79.21483,44.09869],[-79.22205,44.09923]]]}},{"type":"Feature","properties":{"OGF_ID":453,"LAND_USE_DESIGNATION":"Countryside Area"},"geometry":{"type":"Polygon","coordinates":[[[-78.76533,44.0869],[-78.76556,44.08799],[-78.76796,44.08776],[-78.76708,44.08552],[-78.76447,44.08617],[-78.76533,44.0869]]]}},{"type":"Feature","properties":{"OGF_ID":105,"LAND_USE_DESIGNATION":"Countryside Area"},"geometry":{"type":"Polygon","coordinates":[[[-78.09276,44.16301],[-78.09484,44.1621],[-78.09769,44.16422],[-78.1006,44.1641],[-78.10104,44.16491],[-78.1019,44.16466],[-78.10037,44.16117],[-78.09813,44.16106],[-78.09718,44.1588],[-78.09337,44.15739],[-78.09345,44.15625],[-78.09546,44.15613],[-78.09604,44.15407],[-78.09364,44.1535],[-78.09493,44.15063],[-78.09243,44.14542],[-78.08979,44.14664],[-78.09285,44.15225],[-78.09287,44.15384],[-78.09185,44.1542],[-78.09073,44.15945],[-78.0893,44.15943],[-78.08808,44.1573],[-78.08842,44.15509],[-78.08684,44.15491],[-78.08404,44.14789],[-78.08418,44.14692],[-78.08542,44.14665],[-78.08544,44.14392],[-78.08342,44.14168],[-78.08015,44.14076],[-78.07856,44.14191],[-78.08225,44.1508],[-78.0825,44.15342],[-78.08113,44.16262],[-78.09146,44.1602],[-78.09276,44.16301]]]}},{"type":"Feature","properties":{"OGF_ID":106,"LAND_USE_DESIGNATION":"Countryside Area"},"geometry":{"type":"Polygon","coordinates":[[[-78.53196,44.17781],[-78.53076,44.17608],[-78.52724,44.17592],[-78.52405,44.17096],[-78.52018,44.16992],[-78.52041,44.17126],[-78.52511,44.17516],[-78.53065,44.17793],[-78.53196,44.17781]]]}},{"type":"Feature","properties":{"OGF_ID":107,"LAND_USE_DESIGNATION":"Countryside Area"},"geometry":{"type":"Polygon","coordinates":[[[-78.56689,44.17229],[-78.56712,44.17296],[-78.56786,44.1727],[-78.56689,44.17229]]]}},{"type":"Feature","properties":{"OGF_ID":74,"LAND_USE_DESIGNATION":"Natural Linkage Area"},"geometry":{"type":"Polygon","coordinates":[[[-79.08014,44.08555],[-79.07704,44.08491],[-79.07603,44.08251],[-79.07254,44.08055],[-79.07379,44.0789],[-79.07431,44.07229],[-79.07328,44.06984],[-79.07051,44.07057],[-79.07157,44.07397],[-79.07102,44.07909],[-79.06996,44.07965],[-79.06904,44.07885],[-79.0656,44.08],[-79.06643,44.08167],[-79.06725,44.08291],[-79.07032,44.08222],[-79.07154,44.08433],[-79.07269,44.08416],[-79.07255,44.08241],[-79.0765,44.08658],[-79.08095,44.0874],[-79.08014,44.08555]]]}},{"type":"Feature","properties":{"OGF_ID":78,"LAND_USE_DESIGNATION":"Countryside Area"},"geometry":{"type":"Polygon","coordinates":[[[-78.51143,44.19547],[-78.50856,44.19538],[-78.50879,44.19604],[-78.51143,44.19547]]]}},{"type":"Feature","properties":{"OGF_ID":338,"LAND_USE_DESIGNATION":"Countryside Area"},"geometry":{"type":"Polygon","coordinates":[[[-79.88178,43.81335],[-79.88387,43.8137],[-79.88709,43.81093],[-79.88473,43.80878],[-79.88178,43.81335]]]}},{"type":"Feature","properties":{"OGF_ID":339,"LAND_USE_DESIGNATION":"Settlement Area"},"geometry":{"type":"Polygon","coordinates":[[[-79.64278,43.91593],[-79.63075,43.91729],[-79.63265,43.92553],[-79.64543,43.92244],[-79.67364,43.91711],[-79.67587,43.91663],[-79.65829,43.91538],[-79.64278,43.91593]]]}},{"type":"Feature","properties":{"OGF_ID":340,"LAND_USE_DESIGNATION":"Countryside Area"},"geometry":{"type":"Polygon","coordinates":[[[-79.87109,43.89054],[-79.86846,43.89296],[-79.8694,43.89349],[-79.86778,43.89497],[-79.87248,43.89787],[-79.87679,43.89406],[-79.87793,43.89187],[-79.87586,43.88936],[-79.87551,43.88692],[-79.87626,43.88598],[-79.87223,43.88267],[-79.8741,43.88109],[-79.87303,43.87977],[-79.8673,43.87869],[-79.86587,43.87797],[-79.85534,43.88744],[-79.85004,43.88362],[-79.85506,43.87873],[-79.85246,43.87684],[-79.85009,43.87899],[-79.84701,43.8785],[-79.84414,43.87962],[-79.84161,43.87936],[-79.83271,43.88663],[-79.83527,43.88838],[-79.83917,43.88747],[-79.84466,43.88892],[-79.84618,43.88796],[-79.8523,43.8885],[-79.85053,43.89029],[-79.85205,43.89114],[-79.8536,43.88983],[-79.85485,43.89082],[-79.85726,43.8888],[-79.86404,43.89364],[-79.86954,43.8894],[-79.87109,43.89054]]]}},{"type":"Feature","properties":{"OGF_ID":341,"LAND_USE_DESIGNATION":"Countryside Area"},"geometry":{"type":"Polygon","coordinates":[[[-79.88307,43.88203],[-79.87776,43.87812],[-79.87677,43.87901],[-79.88009,43.88117],[-79.87734,43.88264],[-79.88126,43.8835],[-79.88307,43.88203]]]}},{"type":"Feature","properties":{"OGF_ID":314,"LAND_USE_DESIGNATION":"Countryside Area"},"geometry":{"type":"Polygon","coordinates":[[[-79.40536,43.93645],[-79.40821,43.9353],[-79.40724,43.93328],[-79.4055,43.93335],[-79.40344,43.93218],[-79.40349,43.93325],[-79.39517,43.92117],[-79.39245,43.91945],[-79.39008,43.92029],[-79.39087,43.9221],[-79.39227,43.92237],[-79.39642,43.93082],[-79.39782,43.93063],[-79.39831,43.93247],[-79.39594,43.93297],[-79.39646,43.93475],[-79.39289,43.93561],[-79.3932,43.93674],[-79.40472,43.93428],[-79.40536,43.9364],[-79.40536,43.93645]]]}},{"type":"Feature","properties":{"OGF_ID":352,"LAND_USE_DESIGNATION":"Natural Linkage Area"},"geometry":{"type":"Polygon","coordinates":[[[-79.21948,43.99796],[-79.22195,43.99741],[-79.22049,43.99116],[-79.21703,43.9842],[-79.21917,43.98107],[-79.21948,43.97871],[-79.22256,43.97821],[-79.22207,43.97697],[-79.21732,43.97681],[-79.21259,43.97341],[-79.2099,43.9666],[-79.20962,43.96223],[-79.21099,43.95862],[-79.20924,43.95361],[-79.20766,43.95516],[-79.20833,43.95252],[-79.20309,43.95227],[-79.20363,43.95309],[-79.20574,43.95298],[-79.20736,43.956],[-79.20816,43.95929],[-79.20628,43.96367],[-79.21029,43.97485],[-79.21718,43.97842],[-79.21672,43.98135],[-79.21449,43.98454],[-79.21838,43.99188],[-79.21948,43.99796]]]}},{"type":"Feature","properties":{"OGF_ID":353,"LAND_USE_DESIGNATION":"Countryside Area"},"geometry":{"type":"Polygon","coordinates":[[[-79.06492,43.99534],[-79.06934,43.99347],[-79.07086,43.98961],[-79.071,43.98883],[-79.06778,43.99122],[-79.06715,43.99099],[-79.06814,43.98893],[-79.06656,43.98834],[-79.06301,43.9909],[-79.06492,43.99534]]]}},{"type":"Feature","properties":{"OGF_ID":91,"LAND_USE_DESIGNATION":"Countryside Area"},"geometry":{"type":"Polygon","coordinates":[[[-78.55457,43.99058],[-78.55568,43.99207],[-78.55716,43.99179],[-78.55832,43.99568],[-78.56139,43.9977],[-78.56447,43.9972],[-78.56428,43.99513],[-78.56323,43.99519],[-78.5621,43.99253],[-78.56072,43.99278],[-78.56036,43.99166],[-78.56114,43.99104],[-78.55906,43.99086],[-78.55417,43.98689],[-78.55254,43.98436],[-78.54792,43.98536],[-78.54693,43.9877],[-78.54805,43.99007],[-78.54895,43.98992],[-78.55058,43.9918],[-78.55256,43.9895],[-78.55443,43.98968],[-78.55457,43.99058]]]}},{"type":"Feature","properties":{"OGF_ID":92,"LAND_USE_DESIGNATION":"Rural Settlement"},"geometry":{"type":"Polygon","coordinates":[[[-79.26323,44.00166],[-79.26307,44.00166],[-79.25446,44.00349],[-79.25485,44.00502],[-79.25745,44.00617],[-79.25687,44.00731],[-79.25801,44.01039],[-79.26262,44.00946],[-79.26916,44.00823],[-79.26898,44.00736],[-79.26748,44.0077],[-79.26614,44.00335],[-79.26604,44.00212],[-79.26347,44.00266],[-79.26323,44.00166]]]}},{"type":"Feature","properties":{"OGF_ID":32,"LAND_USE_DESIGNATION":"Natural Linkage Area"},"geometry":{"type":"Polygon","coordinates":[[[-78.6333,44.09949],[-78.66915,44.09127],[-78.67031,44.09373],[-78.67349,44.09379],[-78.67975,44.09602],[-78.6863,44.09419],[-78.68338,44.0879],[-78.70441,44.08284],[-78.70328,44.08043],[-78.70274,44.07916],[-78.69588,44.08127],[-78.69347,44.07647],[-78.68976,44.07721],[-78.68801,44.07366],[-78.66338,44.07931],[-78.66045,44.07271],[-78.5969,44.08716],[-78.59412,44.08092],[-78.58689,44.08258],[-78.58974,44.08855],[-78.58628,44.09038],[-78.58855,44.09583],[-78.59238,44.09502],[-78.59352,44.09706],[-78.595,44.09665],[-78.59645,44.09949],[-78.59838,44.09952],[-78.59817,44.09872],[-78.60144,44.09727],[-78.60497,44.10394],[-78.60677,44.10352],[-78.60768,44.10538],[-78.61634,44.10342],[-78.61504,44.10092],[-78.61738,44.10024],[-78.62046,44.09683],[-78.61707,44.08955],[-78.6244,44.08791],[-78.62809,44.09631],[-78.63156,44.09536],[-78.6333,44.09949]]]}},{"type":"Feature","properties":{"OGF_ID":33,"LAND_USE_DESIGNATION":"Natural Linkage Area"},"geometry":{"type":"Polygon","coordinates":[[[-78.74295,44.10197],[-78.74049,44.09853],[-78.73402,44.09657],[-78.73522,44.09914],[-78.73759,44.09897],[-78.73967,44.10013],[-78.74172,44.10521],[-78.73867,44.10584],[-78.73907,44.1069],[-78.74327,44.10639],[-78.74466,44.10449],[-78.74295,44.10197]]]}},{"type":"Feature","properties":{"OGF_ID":34,"LAND_USE_DESIGNATION":"Countryside Area"},"geometry":{"type":"Polygon","coordinates":[[[-78.33707,44.09685],[-78.33602,44.09457],[-78.33752,44.09435],[-78.34179,44.09581],[-78.34532,44.09482],[-78.34161,44.08706],[-78.33784,44.0878],[-78.33448,44.08111],[-78.32919,44.08245],[-78.32838,44.08044],[-78.32767,44.08064],[-78.33526,44.09657],[-78.33707,44.09685]]]}},{"type":"Feature","properties":{"OGF_ID":36,"LAND_USE_DESIGNATION":"Countryside Area"},"geometry":{"type":"Polygon","coordinates":[[[-78.05331,44.06295],[-78.0508,44.06432],[-78.05257,44.06856],[-78.05087,44.06907],[-78.05767,44.08463],[-78.06003,44.0848],[-78.06201,44.08981],[-78.0669,44.08872],[-78.06622,44.0871],[-78.06892,44.0865],[-78.06784,44.08419],[-78.06644,44.08448],[-78.06512,44.0825],[-78.06429,44.08267],[-78.06485,44.08391],[-78.06276,44.08553],[-78.0617,44.08004],[-78.06067,44.08026],[-78.06108,44.07822],[-78.06207,44.07797],[-78.06161,44.07693],[-78.05933,44.07744],[-78.05866,44.07614],[-78.05981,44.07579],[-78.06009,44.07436],[-78.06343,44.07286],[-78.06356,44.07102],[-78.06553,44.06922],[-78.06514,44.06795],[-78.06281,44.0682],[-78.06052,44.06208],[-78.05629,44.06361],[-78.05596,44.06246],[-78.05331,44.06295]]]}},{"type":"Feature","properties":{"OGF_ID":37,"LAND_USE_DESIGNATION":"Countryside Area"},"geometry":{"type":"Polygon","coordinates":[[[-78.33225,44.09631],[-78.32787,44.09411],[-78.32746,44.09601],[-78.33225,44.09631]]]}},{"type":"Feature","properties":{"OGF_ID":38,"LAND_USE_DESIGNATION":"Countryside Area"},"geometry":{"type":"Polygon","coordinates":[[[-79.17525,44.10757],[-79.17389,44.10852],[-79.17443,44.1095],[-79.17777,44.11121],[-79.17878,44.11255],[-79.18074,44.11259],[-79.18159,44.11167],[-79.18029,44.11134],[-79.17852,44.10825],[-79.17525,44.10757]]]}},{"type":"Feature","properties":{"OGF_ID":39,"LAND_USE_DESIGNATION":"Rural Settlement"},"geometry":{"type":"Polygon","coordinates":[[[-78.04709,44.08632],[-78.04882,44.08588],[-78.04719,44.08405],[-78.04673,44.08151],[-78.04621,44.07825],[-78.04498,44.07764],[-78.03558,44.07937],[-78.03927,44.08807],[-78.04709,44.08632]]]}},{"type":"Feature","properties":{"OGF_ID":463,"LAND_USE_DESIGNATION":"Natural Linkage Area"},"geometry":{"type":"Polygon","coordinates":[[[-79.89471,44.03405],[-79.89643,44.03345],[-79.89926,44.03033],[-79.89726,44.03078],[-79.89319,44.03339],[-79.89471,44.03405]]]}},{"type":"Feature","properties":{"OGF_ID":464,"LAND_USE_DESIGNATION":"Natural Core Area"},"geometry":{"type":"Polygon","coordinates":[[[-79.20261,44.02513],[-79.20817,44.02387],[-79.20745,44.02024],[-79.21501,44.01918],[-79.22265,44.01651],[-79.22403,44.01821],[-79.22539,44.018],[-79.22646,44.01942],[-79.22779,44.01909],[-79.22733,44.01763],[-79.22851,44.01693],[-79.22617,44.01478],[-79.22656,44.01195],[-79.22958,44.01096],[-79.23057,44.00939],[-79.23486,44.00832],[-79.23628,44.00881],[-79.23652,44.0077],[-79.23843,44.00711],[-79.23982,44.00765],[-79.24167,44.00728],[-79.24066,44.00667],[-79.24215,44.00505],[-79.24053,44.00396],[-79.23838,44.00418],[-79.23677,44.00595],[-79.23375,44.00361],[-79.23207,44.00343],[-79.23,44.00448],[-79.22663,44.00286],[-79.22406,44.00431],[-79.22357,44.00381],[-79.22322,44.00312],[-79.22224,44.00331],[-79.22292,44.0022],[-79.22206,44.00072],[-79.22397,43.99984],[-79.22235,43.99919],[-79.22195,43.99741],[-79.21948,43.99796],[-79.21867,43.99814],[-79.21943,44.00016],[-79.21577,44.00113],[-79.2162,44.00245],[-79.21336,44.00318],[-79.21502,44.00793],[-79.2108,44.00875],[-79.20966,44.0061],[-79.20622,44.00636],[-79.20578,44.00521],[-79.20664,44.00498],[-79.20376,43.99861],[-79.2046,43.99764],[-79.20451,43.99766],[-79.20409,43.99603],[-79.2024,43.9964],[-79.20154,43.99431],[-79.20446,43.99364],[-79.20311,43.99108],[-79.20134,43.9906],[-79.19851,43.99126],[-79.19681,43.99166],[-79.1988,43.99893],[-79.18841,44.00143],[-79.18503,44.00225],[-79.18561,44.00396],[-79.18261,44.0047],[-79.18366,44.00734],[-79.18153,44.00855],[-79.18082,44.00681],[-79.17781,44.0075],[-79.177,44.00579],[-79.17358,44.00652],[-79.17265,44.00471],[-79.17097,44.00481],[-79.17042,44.00364],[-79.16756,44.00481],[-79.16762,44.00594],[-79.16109,44.00751],[-79.15951,44.00397],[-79.14331,44.00779],[-79.14441,44.0095],[-79.14314,44.01175],[-79.1454,44.01196],[-79.14735,44.01465],[-79.14581,44.01506],[-79.14713,44.01848],[-79.1428,44.01954],[-79.14329,44.02045],[-79.14952,44.01957],[-79.1505,44.02153],[-79.16353,44.01838],[-79.16665,44.02115],[-79.16647,44.02201],[-79.16493,44.02244],[-79.16016,44.0216],[-79.16,44.02261],[-79.16248,44.02219],[-79.16463,44.02299],[-79.17037,44.02092],[-79.17295,44.02248],[-79.17569,44.02193],[-79.17673,44.02321],[-79.18147,44.02221],[-79.18282,44.02269],[-79.18872,44.02082],[-79.18962,44.02204],[-79.19107,44.02202],[-79.19208,44.02097],[-79.19628,44.02008],[-79.19854,44.02225],[-79.20221,44.02134],[-79.20261,44.02513]]]}},{"type":"Feature","properties":{"OGF_ID":57,"LAND_USE_DESIGNATION":"Settlement Area"},"geometry":{"type":"Polygon","coordinates":[[[-79.49183,43.87938],[-79.49528,43.89369],[-79.5,43.89172],[-79.50159,43.88984],[-79.50088,43.88614],[-79.49884,43.88555],[-79.49768,43.88392],[-79.49589,43.87889],[-79.49399,43.87894],[-79.49236,43.87808],[-79.49183,43.87938]]]}},{"type":"Feature","properties":{"OGF_ID":58,"LAND_USE_DESIGNATION":"Natural Linkage Area"},"geometry":{"type":"Polygon","coordinates":[[[-79.48235,43.89245],[-79.48481,43.89192],[-79.48346,43.88793],[-79.48348,43.88485],[-79.48447,43.88456],[-79.4832,43.88378],[-79.48566,43.88234],[-79.48732,43.88226],[-79.48761,43.88157],[-79.47975,43.88239],[-79.47816,43.88189],[-79.47639,43.88225],[-79.48137,43.88475],[-79.48157,43.88787],[-79.47877,43.88787],[-79.47426,43.88664],[-79.47032,43.88525],[-79.46866,43.88381],[-79.46781,43.88399],[-79.46955,43.88566],[-79.4755,43.88863],[-79.48131,43.88923],[-79.48235,43.89245]]]}},{"type":"Feature","properties":{"OGF_ID":1,"LAND_USE_DESIGNATION":"Natural Linkage Area"},"geometry":{"type":"Polygon","coordinates":[[[-78.82353,44.015],[-78.82019,44.01279],[-78.81776,44.01261],[-78.81831,44.014],[-78.81519,44.01459],[-78.81479,44.01392],[-78.81129,44.01538],[-78.80969,44.01299],[-78.80574,44.01336],[-78.80348,44.01444],[-78.8013,44.0116],[-78.80056,44.01294],[-78.80214,44.01364],[-78.80275,44.01524],[-78.80482,44.01537],[-78.80578,44.01446],[-78.80751,44.01574],[-78.80927,44.01517],[-78.80973,44.01598],[-78.81466,44.01601],[-78.81527,44.0175],[-78.81784,44.0158],[-78.82353,44.015]]]}},{"type":"Feature","properties":{"OGF_ID":2,"LAND_USE_DESIGNATION":"Natural Linkage Area"},"geometry":{"type":"Polygon","coordinates":[[[-78.93344,44.01743],[-78.93249,44.0189],[-78.93377,44.01799],[-78.93396,44.01524],[-78.93316,44.01501],[-78.93177,44.016],[-78.93278,44.01575],[-78.93353,44.01644],[-78.93344,44.01743]]]}},{"type":"Feature","properties":{"OGF_ID":3,"LAND_USE_DESIGNATION":"Natural Linkage Area"},"geometry":{"type":"Polygon","coordinates":[[[-79.1428,44.01954],[-79.14713,44.01848],[-79.14581,44.01506],[-79.14735,44.01465],[-79.1454,44.01196],[-79.14314,44.01175],[-79.14441,44.0095],[-79.14331,44.00779],[-79.15951,44.00397],[-79.16109,44.00751],[-79.16762,44.00594],[-79.16756,44.00481],[-79.17042,44.00364],[-79.17097,44.00481],[-79.17265,44.00471],[-79.17358,44.00652],[-79.177,44.00579],[-79.17781,44.0075],[-79.18082,44.00681],[-79.18153,44.00855],[-79.18366,44.00734],[-79.18261,44.0047],[-79.18561,44.00396],[-79.18503,44.00225],[-79.18841,44.00143],[-79.18516,43.99864],[-79.1854,43.9946],[-79.18865,43.99369],[-79.18674,43.99002],[-79.18434,43.98902],[-79.18287,43.98551],[-79.18649,43.98383],[-79.18631,43.98261],[-79.18573,43.98196],[-79.18156,43.98164],[-79.17746,43.98236],[-79.17289,43.97537],[-79.17361,43.97482],[-79.17329,43.97108],[-79.17931,43.96827],[-79.1797,43.96616],[-79.17994,43.96507],[-79.17838,43.96516],[-79.17788,43.96417],[-79.17635,43.96458],[-79.17661,43.96778],[-79.17215,43.96952],[-79.17191,43.9706],[-79.1686,43.97156],[-79.17025,43.97855],[-79.16851,43.97904],[-79.16785,43.97788],[-79.16571,43.97848],[-79.16644,43.98011],[-79.16876,43.98077],[-79.17008,43.98034],[-79.16982,43.97911],[-79.17101,43.97875],[-79.1723,43.98192],[-79.17164,43.98239],[-79.17313,43.98357],[-79.17173,43.98632],[-79.17371,43.99153],[-79.17166,43.9937],[-79.1731,43.99505],[-79.16897,43.99797],[-79.16681,43.99785],[-79.16636,43.9967],[-79.16303,43.99742],[-79.16156,43.99411],[-79.16246,43.99374],[-79.16199,43.98971],[-79.16336,43.98768],[-79.16279,43.98253],[-79.16423,43.98199],[-79.16352,43.97885],[-79.16169,43.97681],[-79.15917,43.976],[-79.15752,43.97227],[-79.15928,43.97281],[-79.16018,43.97183],[-79.1596,43.96902],[-79.15773,43.96914],[-79.15368,43.96297],[-79.1503,43.96293],[-79.14721,43.96056],[-79.14641,43.96387],[-79.15075,43.96549],[-79.15202,43.9685],[-79.15409,43.97017],[-79.15671,43.97608],[-79.15651,43.97797],[-79.1549,43.97875],[-79.15374,43.98061],[-79.15223,43.97939],[-79.15238,43.97659],[-79.15088,43.97687],[-79.1493,43.97057],[-79.14712,43.96836],[-79.14406,43.96736],[-79.14425,43.96791],[-79.1425,43.96739],[-79.14452,43.97269],[-79.14289,43.97537],[-79.14418,43.97837],[-79.14576,43.97899],[-79.1448,43.97969],[-79.14604,43.98277],[-79.14468,43.9845],[-79.14588,43.98724],[-79.1476,43.98641],[-79.14679,43.98334],[-79.14904,43.98217],[-79.14863,43.98148],[-79.1466,43.98142],[-79.14584,43.97967],[-79.14689,43.9787],[-79.14492,43.97565],[-79.14546,43.97321],[-79.14787,43.97137],[-79.14937,43.975],[-79.14841,43.97579],[-79.14875,43.97902],[-79.15131,43.98303],[-79.15101,43.98588],[-79.15271,43.9862],[-79.15284,43.98437],[-79.15424,43.98414],[-79.15433,43.9822],[-79.156,43.98175],[-79.15786,43.98664],[-79.15755,43.9833],[-79.16055,43.98261],[-79.16134,43.9834],[-79.16171,43.98719],[-79.16005,43.99113],[-79.15875,43.99155],[-79.15733,43.99038],[-79.15614,43.99141],[-79.15677,43.99326],[-79.15762,43.9931],[-79.1584,43.99467],[-79.1592,43.99445],[-79.16188,43.99953],[-79.14425,44.00305],[-79.1406,43.99496],[-79.14176,43.99293],[-79.1433,43.99249],[-79.14223,43.98655],[-79.13819,43.98077],[-79.13571,43.98045],[-79.13461,43.98136],[-79.13564,43.983],[-79.13732,43.98221],[-79.13981,43.98535],[-79.14125,43.98899],[-79.13998,43.99039],[-79.14016,43.99188],[-79.13791,43.99249],[-79.13858,43.99443],[-79.13786,43.99578],[-79.13968,43.99896],[-79.13713,43.99954],[-79.13511,43.99623],[-79.13503,43.99249],[-79.13413,43.9905],[-79.13239,43.9909],[-79.13234,43.99112],[-79.13299,43.99417],[-79.13201,43.99521],[-79.13454,44.00008],[-79.12861,44.00152],[-79.12931,44.00344],[-79.12841,44.00369],[-79.1305,44.00627],[-79.12828,44.0075],[-79.12985,44.01098],[-79.11972,44.01359],[-79.12149,44.01511],[-79.11918,44.01564],[-79.1207,44.01705],[-79.12351,44.01646],[-79.12634,44.02138],[-79.12919,44.02034],[-79.13001,44.02147],[-79.13153,44.02119],[-79.132,44.02221],[-79.13436,44.02174],[-79.1428,44.01954]]]}},{"type":"Feature","properties":{"OGF_ID":4,"LAND_USE_DESIGNATION":"Rural Settlement"},"geometry":{"type":"Polygon","coordinates":[[[-78.61587,44.01198],[-78.61594,44.01217],[-78.6159,44.01196],[-78.61587,44.01198]]]}},{"type":"Feature","properties":{"OGF_ID":5,"LAND_USE_DESIGNATION":"Natural Core Area"},"geometry":{"type":"Polygon","coordinates":[[[-79.89726,44.03078],[-79.89926,44.03033],[-79.9002,44.02873],[-79.89918,44.02685],[-79.9014,44.02572],[-79.89988,44.01955],[-79.90399,44.01864],[-79.9062,44.0174],[-79.90755,44.01533],[-79.91428,44.01585],[-79.9155,44.01603],[-79.92419,44.01414],[-79.92271,44.00799],[-79.91947,44.00835],[-79.91939,44.00938],[-79.91133,44.01099],[-79.91236,44.0089],[-79.9112,44.00883],[-79.91122,44.00642],[-79.90955,44.00602],[-79.90643,44.00668],[-79.90529,44.00552],[-79.90554,44.00407],[-79.90791,44.0025],[-79.90772,44.00079],[-79.90179,43.99968],[-79.89665,44.00133],[-79.89812,44.00254],[-79.89578,44.00336],[-79.89714,44.00886],[-79.88816,44.01066],[-79.88693,44.00925],[-79.88359,44.01014],[-79.88133,44.01212],[-79.87894,44.01258],[-79.87635,44.00507],[-79.8708,44.00416],[-79.87034,44.00202],[-79.87607,43.99858],[-79.88255,43.99544],[-79.8824,43.99485],[-79.88077,43.99521],[-79.88049,43.99444],[-79.88269,43.9928],[-79.88176,43.99171],[-79.87947,43.99231],[-79.87823,43.99408],[-79.87627,43.99384],[-79.87418,43.99213],[-79.86884,43.99107],[-79.86711,43.9923],[-79.86422,43.99239],[-79.86415,43.99335],[-79.85555,43.99527],[-79.85105,43.99292],[-79.84974,43.99307],[-79.8488,43.99885],[-79.85094,44.00139],[-79.84035,44.00381],[-79.84144,44.00829],[-79.84298,44.00983],[-79.84462,44.00951],[-79.84443,44.00868],[-79.84881,44.0078],[-79.84998,44.01001],[-79.8493,44.01145],[-79.85164,44.01959],[-79.85394,44.0192],[-79.85428,44.02013],[-79.86064,44.01929],[-79.86433,44.02018],[-79.86638,44.01974],[-79.86605,44.01849],[-79.8675,44.01772],[-79.86572,44.01599],[-79.87122,44.01505],[-79.87302,44.01588],[-79.87171,44.01669],[-79.87247,44.0175],[-79.87431,44.01743],[-79.875,44.01994],[-79.87308,44.02036],[-79.87278,44.02178],[-79.87412,44.02327],[-79.87488,44.02549],[-79.87666,44.02506],[-79.87702,44.02614],[-79.87978,44.02564],[-79.88039,44.02614],[-79.8773,44.02856],[-79.88754,44.03116],[-79.89593,44.02838],[-79.89726,44.03078]]]}},{"type":"Feature","properties":{"OGF_ID":6,"LAND_USE_DESIGNATION":"Rural Settlement"},"geometry":{"type":"Polygon","coordinates":[[[-79.60992,43.99537],[-79.60999,43.9972],[-79.61159,43.99668],[-79.61707,43.99871],[-79.61848,43.99392],[-79.62124,43.98945],[-79.6277,43.9835],[-79.61675,43.98625],[-79.61003,43.98777],[-79.61058,43.98845],[-79.60984,43.98939],[-79.61123,43.98997],[-79.61144,43.99096],[-79.60947,43.99218],[-79.60992,43.99537]]]}},{"type":"Feature","properties":{"OGF_ID":108,"LAND_USE_DESIGNATION":"Countryside Area"},"geometry":{"type":"Polygon","coordinates":[[[-77.93375,44.10279],[-77.92917,44.10293],[-77.93021,44.10572],[-77.93244,44.10534],[-77.93352,44.10788],[-77.93572,44.10776],[-77.9356,44.10676],[-77.93667,44.10643],[-77.93654,44.10813],[-77.93388,44.10877],[-77.93531,44.11021],[-77.94106,44.10971],[-77.94368,44.11067],[-77.95139,44.10941],[-77.9518,44.11038],[-77.95464,44.10975],[-77.95665,44.10815],[-77.96119,44.10683],[-77.95997,44.10381],[-77.95537,44.10501],[-77.95332,44.10039],[-77.95486,44.10004],[-77.95418,44.09836],[-77.95184,44.09772],[-77.95247,44.0992],[-77.93413,44.10366],[-77.93375,44.10279]]]}},{"type":"Feature","properties":{"OGF_ID":109,"LAND_USE_DESIGNATION":"Countryside Area"},"geometry":{"type":"Polygon","coordinates":[[[-79.32072,44.13851],[-79.32256,44.13828],[-79.32152,44.13359],[-79.32264,44.13324],[-79.32053,44.12834],[-79.31754,44.12837],[-79.32007,44.12861],[-79.32215,44.13726],[-79.32036,44.13763],[-79.32052,44.1384],[-79.32072,44.13851]]]}},{"type":"Feature","properties":{"OGF_ID":110,"LAND_USE_DESIGNATION":"Settlement Area"},"geometry":{"type":"Polygon","coordinates":[[[-79.31754,44.12837],[-79.31669,44.12663],[-79.31498,44.12703],[-79.31247,44.13359],[-79.31339,44.13649],[-79.32052,44.1384],[-79.32036,44.13763],[-79.32215,44.13726],[-79.32007,44.12861],[-79.31754,44.12837]]]}},{"type":"Feature","properties":{"OGF_ID":62,"LAND_USE_DESIGNATION":"Countryside Area"},"geometry":{"type":"Polygon","coordinates":[[[-78.88058,44.02389],[-78.87748,44.02562],[-78.87804,44.02933],[-78.87566,44.02986],[-78.87471,44.03309],[-78.87653,44.03305],[-78.87728,44.03504],[-78.88036,44.03518],[-78.87923,44.03262],[-78.8806,44.0287],[-78.88138,44.02851],[-78.88097,44.02676],[-78.88,44.02675],[-78.88058,44.02389]]]}},{"type":"Feature","properties":{"OGF_ID":59,"LAND_USE_DESIGNATION":"Countryside Area"},"geometry":{"type":"Polygon","coordinates":[[[-79.46866,43.88381],[-79.47032,43.88525],[-79.47426,43.88664],[-79.47877,43.88787],[-79.48157,43.88787],[-79.48137,43.88475],[-79.47639,43.88225],[-79.46866,43.88381]]]}},{"type":"Feature","properties":{"OGF_ID":75,"LAND_USE_DESIGNATION":"Countryside Area"},"geometry":{"type":"Polygon","coordinates":[[[-78.57062,44.17778],[-78.57075,44.17509],[-78.57269,44.1748],[-78.57396,44.17608],[-78.57725,44.17503],[-78.57689,44.17342],[-78.58204,44.17226],[-78.58226,44.17097],[-78.58413,44.17048],[-78.58324,44.16801],[-78.58592,44.16747],[-78.58171,44.15764],[-78.57586,44.15756],[-78.57254,44.15574],[-78.57094,44.15312],[-78.56641,44.15414],[-78.568,44.1563],[-78.56355,44.15577],[-78.56367,44.15645],[-78.56176,44.15699],[-78.56196,44.15771],[-78.55868,44.15834],[-78.56226,44.1664],[-78.5662,44.16696],[-78.56747,44.17046],[-78.57011,44.17204],[-78.57111,44.17443],[-78.56948,44.17646],[-78.57062,44.17778]]]}},{"type":"Feature","properties":{"OGF_ID":76,"LAND_USE_DESIGNATION":"Countryside Area"},"geometry":{"type":"Polygon","coordinates":[[[-78.54174,44.19713],[-78.54146,44.19558],[-78.53924,44.19603],[-78.53651,44.19809],[-78.53716,44.20003],[-78.53853,44.19742],[-78.54174,44.19713]]]}},{"type":"Feature","properties":{"OGF_ID":77,"LAND_USE_DESIGNATION":"Countryside Area"},"geometry":{"type":"Polygon","coordinates":[[[-78.51651,44.19561],[-78.51722,44.19692],[-78.5239,44.19546],[-78.5237,44.19427],[-78.52514,44.19378],[-78.5273,44.19407],[-78.5292,44.19316],[-78.5306,44.19432],[-78.53317,44.19352],[-78.53444,44.18944],[-78.5324,44.18787],[-78.53562,44.18783],[-78.53902,44.18608],[-78.53775,44.1827],[-78.53975,44.18221],[-78.53927,44.18055],[-78.54074,44.18001],[-78.53821,44.17603],[-78.53328,44.17769],[-78.53739,44.17732],[-78.53853,44.17848],[-78.53656,44.18146],[-78.53127,44.18523],[-78.52732,44.18534],[-78.52637,44.18598],[-78.52919,44.18784],[-78.5288,44.19077],[-78.52354,44.19378],[-78.51651,44.19561]]]}},{"type":"Feature","properties":{"OGF_ID":79,"LAND_USE_DESIGNATION":"Countryside Area"},"geometry":{"type":"Polygon","coordinates":[[[-78.5058,44.1953],[-78.5058,44.1953],[-78.50343,44.19557],[-78.5058,44.1953]]]}},{"type":"Feature","properties":{"OGF_ID":80,"LAND_USE_DESIGNATION":"Countryside Area"},"geometry":{"type":"Polygon","coordinates":[[[-78.55755,44.19247],[-78.55441,44.18494],[-78.55869,44.18387],[-78.55853,44.18203],[-78.56082,44.18064],[-78.56178,44.17956],[-78.5614,44.17783],[-78.56257,44.17747],[-78.56138,44.17473],[-78.56184,44.17348],[-78.56268,44.17262],[-78.56599,44.17204],[-78.56554,44.17143],[-78.56447,44.17169],[-78.56355,44.16937],[-78.55813,44.17061],[-78.56052,44.1766],[-78.55334,44.17787],[-78.55028,44.17292],[-78.54863,44.1732],[-78.54772,44.17398],[-78.54692,44.17484],[-78.54897,44.17895],[-78.54588,44.17975],[-78.54631,44.18096],[-78.55141,44.18186],[-78.55179,44.18291],[-78.54939,44.18346],[-78.54983,44.18503],[-78.55388,44.18559],[-78.54707,44.1872],[-78.54883,44.18925],[-78.5476,44.19121],[-78.54374,44.19337],[-78.54452,44.19447],[-78.54733,44.19403],[-78.55169,44.19107],[-78.55755,44.19247]]]}},{"type":"Feature","properties":{"OGF_ID":81,"LAND_USE_DESIGNATION":"Countryside Area"},"geometry":{"type":"Polygon","coordinates":[[[-77.99442,44.17698],[-77.99514,44.17686],[-77.9964,44.17998],[-77.9989,44.17942],[-77.99631,44.17567],[-77.99595,44.17262],[-77.99437,44.17299],[-77.99442,44.17698]]]}},{"type":"Feature","properties":{"OGF_ID":234,"LAND_USE_DESIGNATION":"Countryside Area"},"geometry":{"type":"Polygon","coordinates":[[[-79.82372,43.95211],[-79.83639,43.94087],[-79.83492,43.93985],[-79.83091,43.94338],[-79.82966,43.94268],[-79.83038,43.94174],[-79.82888,43.94034],[-79.82706,43.94053],[-79.82521,43.93912],[-79.8234,43.94069],[-79.82542,43.94206],[-79.82012,43.94702],[-79.82185,43.94894],[-79.82116,43.95179],[-79.82372,43.95211]]]}},{"type":"Feature","properties":{"OGF_ID":235,"LAND_USE_DESIGNATION":"Countryside Area"},"geometry":{"type":"Polygon","coordinates":[[[-79.5471,43.94542],[-79.54818,43.94661],[-79.55511,43.94569],[-79.55441,43.94409],[-79.55657,43.94345],[-79.5557,43.94197],[-79.54727,43.94373],[-79.5471,43.94542]]]}},{"type":"Feature","properties":{"OGF_ID":236,"LAND_USE_DESIGNATION":"Countryside Area"},"geometry":{"type":"Polygon","coordinates":[[[-79.55863,43.9413],[-79.56161,43.94332],[-79.56253,43.94639],[-79.5703,43.9447],[-79.57188,43.94247],[-79.57349,43.94212],[-79.5732,43.94032],[-79.56873,43.94217],[-79.56535,43.94221],[-79.56182,43.93926],[-79.55952,43.92904],[-79.55809,43.92688],[-79.55822,43.92741],[-79.55537,43.92788],[-79.55863,43.9413]]]}},{"type":"Feature","properties":{"OGF_ID":237,"LAND_USE_DESIGNATION":"Natural Linkage Area"},"geometry":{"type":"Polygon","coordinates":[[[-79.54607,43.94399],[-79.5471,43.94542],[-79.54727,43.94373],[-79.54607,43.94399]]]}},{"type":"Feature","properties":{"OGF_ID":238,"LAND_USE_DESIGNATION":"Natural Linkage Area"},"geometry":{"type":"Polygon","coordinates":[[[-79.43501,43.93764],[-79.43425,43.93781],[-79.43356,43.94151],[-79.43844,43.94043],[-79.4377,43.93836],[-79.43861,43.93761],[-79.44209,43.93426],[-79.44141,43.93229],[-79.43437,43.9339],[-79.43459,43.93536],[-79.43293,43.936],[-79.43314,43.93701],[-79.432,43.93762],[-79.43485,43.93699],[-79.43501,43.93764]]]}},{"type":"Feature","properties":{"OGF_ID":239,"LAND_USE_DESIGNATION":"Countryside Area"},"geometry":{"type":"Polygon","coordinates":[[[-79.5829,43.93868],[-79.58403,43.94314],[-79.59069,43.94168],[-79.59236,43.93996],[-79.59163,43.9378],[-79.59425,43.9364],[-79.59335,43.93347],[-79.59177,43.93383],[-79.59076,43.93613],[-79.58733,43.93815],[-79.5829,43.93868]]]}},{"type":"Feature","properties":{"OGF_ID":499,"LAND_USE_DESIGNATION":"Rural Settlement"},"geometry":{"type":"Polygon","coordinates":[[[-79.82372,43.95211],[-79.8286,43.95422],[-79.83212,43.9517],[-79.83458,43.95256],[-79.83444,43.95316],[-79.83918,43.95124],[-79.84255,43.95493],[-79.84293,43.95307],[-79.83854,43.94794],[-79.83817,43.94203],[-79.83639,43.94087],[-79.82372,43.95211]]]}},{"type":"Feature","properties":{"OGF_ID":500,"LAND_USE_DESIGNATION":"Countryside Area"},"geometry":{"type":"Polygon","coordinates":[[[-78.50975,44.20284],[-78.50844,44.19981],[-78.50679,44.19938],[-78.50744,44.20413],[-78.5068,44.20547],[-78.5099,44.20362],[-78.50975,44.20284]]]}},{"type":"Feature","properties":{"OGF_ID":501,"LAND_USE_DESIGNATION":"Natural Core Area"},"geometry":{"type":"Polygon","coordinates":[[[-78.50975,44.20284],[-78.51296,44.2021],[-78.52466,44.19927],[-78.52702,44.20242],[-78.52866,44.20207],[-78.52932,44.20347],[-78.53497,44.20388],[-78.53537,44.20066],[-78.53716,44.20003],[-78.53651,44.19809],[-78.53924,44.19603],[-78.54146,44.19558],[-78.54174,44.19713],[-78.54638,44.19532],[-78.54733,44.19403],[-78.54452,44.19447],[-78.54374,44.19337],[-78.5476,44.19121],[-78.54883,44.18925],[-78.54707,44.1872],[-78.55388,44.18559],[-78.54983,44.18503],[-78.54939,44.18346],[-78.55179,44.18291],[-78.55141,44.18186],[-78.54631,44.18096],[-78.54588,44.17975],[-78.54897,44.17895],[-78.54692,44.17484],[-78.54772,44.17398],[-78.53693,44.17267],[-78.52344,44.16802],[-78.52093,44.16825],[-78.52018,44.16992],[-78.52405,44.17096],[-78.52724,44.17592],[-78.53076,44.17608],[-78.53196,44.17781],[-78.53328,44.17769],[-78.53821,44.17603],[-78.54074,44.18001],[-78.53927,44.18055],[-78.53975,44.18221],[-78.53775,44.1827],[-78.53902,44.18608],[-78.53562,44.18783],[-78.5324,44.18787],[-78.53444,44.18944],[-78.53317,44.19352],[-78.5306,44.19432],[-78.5292,44.19316],[-78.5273,44.19407],[-78.52514,44.19378],[-78.5237,44.19427],[-78.5239,44.19546],[-78.51722,44.19692],[-78.51651,44.19561],[-78.51143,44.19547],[-78.50879,44.19604],[-78.50856,44.19538],[-78.5058,44.1953],[-78.50343,44.19557],[-78.50391,44.19742],[-78.50599,44.19794],[-78.50679,44.19938],[-78.50844,44.19981],[-78.50975,44.20284]]]}},{"type":"Feature","properties":{"OGF_ID":545,"LAND_USE_DESIGNATION":"Countryside Area"},"geometry":{"type":"Polygon","coordinates":[[[-78.68483,44.02211],[-78.68631,44.02501],[-78.68826,44.02403],[-78.68845,44.0224],[-78.68483,44.02211]]]}},{"type":"Feature","properties":{"OGF_ID":113,"LAND_USE_DESIGNATION":"Countryside Area"},"geometry":{"type":"Polygon","coordinates":[[[-78.36587,44.11354],[-78.36514,44.11213],[-78.36327,44.11377],[-78.35956,44.11505],[-78.35843,44.11101],[-78.35399,44.11188],[-78.35464,44.11327],[-78.35242,44.11377],[-78.35118,44.11176],[-78.35017,44.11201],[-78.34888,44.11391],[-78.3499,44.11539],[-78.35793,44.1173],[-78.36033,44.11683],[-78.36587,44.11354]]]}},{"type":"Feature","properties":{"OGF_ID":115,"LAND_USE_DESIGNATION":"Countryside Area"},"geometry":{"type":"Polygon","coordinates":[[[-79.13965,44.10168],[-79.1437,44.10089],[-79.14911,44.10108],[-79.14981,44.10707],[-79.15306,44.11074],[-79.15476,44.11837],[-79.15424,44.12122],[-79.14957,44.13092],[-79.15029,44.13198],[-79.15269,44.13183],[-79.15551,44.13032],[-79.15728,44.12328],[-79.15841,44.1255],[-79.15868,44.13067],[-79.16241,44.12988],[-79.16274,44.12737],[-79.15816,44.11987],[-79.15853,44.1169],[-79.16152,44.11287],[-79.16561,44.11153],[-79.16934,44.11205],[-79.17063,44.11059],[-79.17021,44.10988],[-79.16797,44.11],[-79.1674,44.10843],[-79.16921,44.10795],[-79.16859,44.10648],[-79.16326,44.10764],[-79.16249,44.10581],[-79.16536,44.10521],[-79.16469,44.10348],[-79.16852,44.10246],[-79.16808,44.09903],[-79.16555,44.09555],[-79.1618,44.09428],[-79.15778,44.08774],[-79.15213,44.08904],[-79.15176,44.08848],[-79.14899,44.08861],[-79.14248,44.09021],[-79.14144,44.09145],[-79.13851,44.09221],[-79.13805,44.09341],[-79.13894,44.0935],[-79.13946,44.09497],[-79.13839,44.09533],[-79.13756,44.09764],[-79.13929,44.09869],[-79.13726,44.10007],[-79.13857,44.1011],[-79.13751,44.10102],[-79.13965,44.10168]]]}},{"type":"Feature","properties":{"OGF_ID":116,"LAND_USE_DESIGNATION":"Natural Linkage Area"},"geometry":{"type":"Polygon","coordinates":[[[-78.39088,44.11672],[-78.39255,44.11593],[-78.39333,44.11274],[-78.39505,44.11198],[-78.39365,44.11026],[-78.39102,44.11192],[-78.39125,44.11427],[-78.38968,44.11576],[-78.39088,44.11672]]]}},{"type":"Feature","properties":{"OGF_ID":117,"LAND_USE_DESIGNATION":"Countryside Area"},"geometry":{"type":"Polygon","coordinates":[[[-78.04709,44.08632],[-78.03927,44.08807],[-78.03558,44.07937],[-78.04498,44.07764],[-78.04621,44.07825],[-78.04673,44.08151],[-78.04548,44.07655],[-78.04401,44.07756],[-78.04298,44.07697],[-78.04294,44.07507],[-78.0442,44.07479],[-78.04336,44.07242],[-78.04098,44.07281],[-78.03374,44.07461],[-78.03412,44.07593],[-78.03126,44.07658],[-78.03045,44.07522],[-78.02859,44.07562],[-78.02793,44.07422],[-78.02339,44.076],[-78.02493,44.07909],[-78.0272,44.07877],[-78.02794,44.08064],[-78.027,44.08129],[-78.02716,44.08329],[-78.02913,44.08286],[-78.02965,44.08423],[-78.02535,44.08498],[-78.02672,44.08793],[-78.02853,44.08751],[-78.02919,44.08893],[-78.03236,44.08917],[-78.03319,44.0907],[-78.03045,44.09145],[-78.03139,44.09392],[-78.03046,44.0942],[-78.02711,44.09439],[-78.0257,44.09302],[-78.0205,44.09421],[-78.02332,44.10028],[-78.02809,44.09928],[-78.03091,44.10574],[-78.03166,44.10561],[-78.03258,44.10712],[-78.04218,44.10484],[-78.04153,44.10357],[-78.0531,44.1008],[-78.04709,44.08632]]]}},{"type":"Feature","properties":{"OGF_ID":240,"LAND_USE_DESIGNATION":"Natural Linkage Area"},"geometry":{"type":"Polygon","coordinates":[[[-79.40974,43.93884],[-79.41842,43.93691],[-79.41683,43.93419],[-79.41463,43.93406],[-79.41005,43.93517],[-79.40876,43.93167],[-79.404,43.93073],[-79.39827,43.92068],[-79.39624,43.92038],[-79.39423,43.91896],[-79.39517,43.92117],[-79.40349,43.93325],[-79.40344,43.93218],[-79.4055,43.93335],[-79.40724,43.93328],[-79.40821,43.9353],[-79.40974,43.93884]]]}},{"type":"Feature","properties":{"OGF_ID":241,"LAND_USE_DESIGNATION":"Natural Linkage Area"},"geometry":{"type":"Polygon","coordinates":[[[-79.38922,43.93788],[-79.3932,43.93674],[-79.39289,43.93561],[-79.39646,43.93475],[-79.39594,43.93297],[-79.39831,43.93247],[-79.39782,43.93063],[-79.39642,43.93082],[-79.39227,43.92237],[-79.39087,43.9221],[-79.39008,43.92029],[-79.38933,43.92056],[-79.38989,43.92269],[-79.39185,43.92365],[-79.39215,43.92594],[-79.39094,43.92669],[-79.3908,43.92838],[-79.38736,43.9284],[-79.38614,43.92814],[-79.38551,43.92942],[-79.3847,43.92942],[-79.38573,43.93152],[-79.38842,43.93093],[-79.38679,43.92981],[-79.39043,43.93064],[-79.39019,43.93684],[-79.38924,43.937],[-79.38922,43.93788]]]}},{"type":"Feature","properties":{"OGF_ID":60,"LAND_USE_DESIGNATION":"Rural Settlement"},"geometry":{"type":"Polygon","coordinates":[[[-79.19631,44.03981],[-79.19674,44.04177],[-79.19997,44.04035],[-79.1995,44.03929],[-79.20302,44.03791],[-79.20222,44.03562],[-79.20387,44.0348],[-79.20323,44.03329],[-79.20561,44.03198],[-79.20959,44.02978],[-79.20873,44.02759],[-79.19978,44.02951],[-79.18167,44.03358],[-79.18239,44.03531],[-79.1838,44.03498],[-79.18452,44.03703],[-79.1881,44.0362],[-79.18959,44.03961],[-79.19139,44.03955],[-79.19532,44.03764],[-79.19631,44.03981]]]}},{"type":"Feature","properties":{"OGF_ID":61,"LAND_USE_DESIGNATION":"Countryside Area"},"geometry":{"type":"Polygon","coordinates":[[[-79.50444,44.0412],[-79.50538,44.04538],[-79.50555,44.04535],[-79.51563,44.04315],[-79.51411,44.03989],[-79.50444,44.0412]]]}},{"type":"Feature","properties":{"OGF_ID":63,"LAND_USE_DESIGNATION":"Countryside Area"},"geometry":{"type":"Polygon","coordinates":[[[-78.59356,44.02847],[-78.59684,44.02785],[-78.59746,44.02932],[-78.59895,44.02913],[-78.59675,44.02627],[-78.59314,44.02683],[-78.59356,44.02847]]]}},{"type":"Feature","properties":{"OGF_ID":64,"LAND_USE_DESIGNATION":"Countryside Area"},"geometry":{"type":"Polygon","coordinates":[[[-78.76109,44.08225],[-78.76524,44.08303],[-78.76686,44.08461],[-78.76957,44.08491],[-78.76997,44.0858],[-78.77226,44.08574],[-78.77144,44.08357],[-78.77379,44.08243],[-78.77466,44.08298],[-78.77671,44.08235],[-78.77521,44.0804],[-78.7734,44.08053],[-78.76961,44.07941],[-78.76861,44.07836],[-78.76264,44.07769],[-78.75875,44.07628],[-78.75647,44.0717],[-78.75441,44.07214],[-78.75574,44.07698],[-78.75997,44.07838],[-78.76109,44.08225]]]}},{"type":"Feature","properties":{"OGF_ID":65,"LAND_USE_DESIGNATION":"Countryside Area"},"geometry":{"type":"Polygon","coordinates":[[[-79.37528,44.08753],[-79.37552,44.08811],[-79.37083,44.08948],[-79.37147,44.09049],[-79.36745,44.0943],[-79.36755,44.09564],[-79.38544,44.0916],[-79.38677,44.09113],[-79.38654,44.09021],[-79.38537,44.09063],[-79.37528,44.08753]]]}},{"type":"Feature","properties":{"OGF_ID":66,"LAND_USE_DESIGNATION":"Countryside Area"},"geometry":{"type":"Polygon","coordinates":[[[-79.13554,44.08664],[-79.13448,44.08883],[-79.13567,44.09176],[-79.13836,44.09005],[-79.13802,44.08792],[-79.13635,44.08788],[-79.13777,44.08734],[-79.13745,44.08662],[-79.13668,44.08481],[-79.13554,44.08664]]]}},{"type":"Feature","properties":{"OGF_ID":67,"LAND_USE_DESIGNATION":"Countryside Area"},"geometry":{"type":"Polygon","coordinates":[[[-78.77707,44.08517],[-78.77707,44.08517],[-78.77721,44.08391],[-78.77707,44.08517]]]}},{"type":"Feature","properties":{"OGF_ID":68,"LAND_USE_DESIGNATION":"Countryside Area"},"geometry":{"type":"Polygon","coordinates":[[[-78.37399,44.0762],[-78.37173,44.07516],[-78.37236,44.07655],[-78.37399,44.0762]]]}},{"type":"Feature","properties":{"OGF_ID":69,"LAND_USE_DESIGNATION":"Countryside Area"},"geometry":{"type":"Polygon","coordinates":[[[-79.38923,44.08902],[-79.39163,44.09535],[-79.39538,44.09444],[-79.39498,44.09336],[-79.39274,44.09389],[-79.39184,44.0901],[-79.39409,44.08951],[-79.39232,44.08777],[-79.38923,44.08902]]]}},{"type":"Feature","properties":{"OGF_ID":70,"LAND_USE_DESIGNATION":"Countryside Area"},"geometry":{"type":"Polygon","coordinates":[[[-78.80473,44.08534],[-78.80473,44.08534],[-78.80605,44.08371],[-78.80473,44.08534]]]}},{"type":"Feature","properties":{"OGF_ID":71,"LAND_USE_DESIGNATION":"Countryside Area"},"geometry":{"type":"Polygon","coordinates":[[[-78.3526,44.07509],[-78.35811,44.07529],[-78.35749,44.07366],[-78.36001,44.07297],[-78.3603,44.07355],[-78.36251,44.07283],[-78.36246,44.07215],[-78.36768,44.07116],[-78.36832,44.07178],[-78.36726,44.06765],[-78.36376,44.06767],[-78.35102,44.07204],[-78.3526,44.07509]]]}},{"type":"Feature","properties":{"OGF_ID":393,"LAND_USE_DESIGNATION":"Countryside Area"},"geometry":{"type":"Polygon","coordinates":[[[-79.79066,44.01237],[-79.7904,44.01064],[-79.79256,44.00762],[-79.79065,44.00704],[-79.79072,44.00611],[-79.77961,44.00851],[-79.78558,44.00992],[-79.79066,44.01237]]]}},{"type":"Feature","properties":{"OGF_ID":394,"LAND_USE_DESIGNATION":"Natural Linkage Area"},"geometry":{"type":"Polygon","coordinates":[[[-78.55058,43.9918],[-78.54895,43.98992],[-78.54805,43.99007],[-78.55007,43.99239],[-78.55058,43.9918]]]}},{"type":"Feature","properties":{"OGF_ID":395,"LAND_USE_DESIGNATION":"Countryside Area"},"geometry":{"type":"Polygon","coordinates":[[[-79.23375,44.00361],[-79.23289,44.00174],[-79.24,44.00003],[-79.24047,43.99845],[-79.2486,43.99415],[-79.24782,43.99045],[-79.25213,43.98946],[-79.25136,43.98576],[-79.23983,43.98841],[-79.23718,43.9913],[-79.23573,43.99445],[-79.23614,43.99595],[-79.23202,43.99999],[-79.22977,43.99486],[-79.2268,43.9982],[-79.22642,44.00122],[-79.22357,44.00381],[-79.22406,44.00431],[-79.22663,44.00286],[-79.23,44.00448],[-79.23207,44.00343],[-79.23375,44.00361]]]}},{"type":"Feature","properties":{"OGF_ID":396,"LAND_USE_DESIGNATION":"Countryside Area"},"geometry":{"type":"Polygon","coordinates":[[[-79.13571,43.98045],[-79.13819,43.98077],[-79.14223,43.98655],[-79.1433,43.99249],[-79.14176,43.99293],[-79.1406,43.99496],[-79.14425,44.00305],[-79.16188,43.99953],[-79.1592,43.99445],[-79.1584,43.99467],[-79.15762,43.9931],[-79.15677,43.99326],[-79.15614,43.99141],[-79.15733,43.99038],[-79.15875,43.99155],[-79.16005,43.99113],[-79.16171,43.98719],[-79.16134,43.9834],[-79.16055,43.98261],[-79.15755,43.9833],[-79.15786,43.98664],[-79.156,43.98175],[-79.15433,43.9822],[-79.15424,43.98414],[-79.15284,43.98437],[-79.15271,43.9862],[-79.15101,43.98588],[-79.15131,43.98303],[-79.14875,43.97902],[-79.14841,43.97579],[-79.14937,43.975],[-79.14787,43.97137],[-79.14546,43.97321],[-79.14492,43.97565],[-79.14689,43.9787],[-79.14584,43.97967],[-79.1466,43.98142],[-79.14863,43.98148],[-79.14904,43.98217],[-79.14679,43.98334],[-79.1476,43.98641],[-79.14588,43.98724],[-79.14468,43.9845],[-79.14604,43.98277],[-79.1448,43.97969],[-79.14576,43.97899],[-79.14418,43.97837],[-79.14289,43.97537],[-79.14452,43.97269],[-79.1425,43.96739],[-79.14172,43.96755],[-79.14079,43.9657],[-79.13946,43.96826],[-79.13985,43.96965],[-79.1379,43.97006],[-79.1377,43.97036],[-79.13557,43.97177],[-79.13816,43.97839],[-79.13571,43.98045]]]}},{"type":"Feature","properties":{"OGF_ID":397,"LAND_USE_DESIGNATION":"Natural Linkage Area"},"geometry":{"type":"Polygon","coordinates":[[[-79.87607,43.99858],[-79.87034,44.00202],[-79.8708,44.00416],[-79.87635,44.00507],[-79.87894,44.01258],[-79.88133,44.01212],[-79.88359,44.01014],[-79.88693,44.00925],[-79.88816,44.01066],[-79.89714,44.00886],[-79.89578,44.00336],[-79.89812,44.00254],[-79.89665,44.00133],[-79.90179,43.99968],[-79.90772,44.00079],[-79.90791,44.0025],[-79.90554,44.00407],[-79.90529,44.00552],[-79.90643,44.00668],[-79.90955,44.00602],[-79.91122,44.00642],[-79.9112,44.00883],[-79.91236,44.0089],[-79.91133,44.01099],[-79.91939,44.00938],[-79.91947,44.00835],[-79.92271,44.00799],[-79.92142,44.00257],[-79.92368,44.00114],[-79.929,43.9995],[-79.93735,43.99802],[-79.9376,43.99859],[-79.94567,43.99673],[-79.94608,43.99794],[-79.95107,43.99713],[-79.95068,43.9941],[-79.94749,43.99285],[-79.94566,43.99038],[-79.94392,43.99043],[-79.94188,43.98189],[-79.94986,43.98022],[-79.95084,43.98229],[-79.95549,43.98167],[-79.95599,43.98266],[-79.95727,43.98251],[-79.95927,43.98184],[-79.9589,43.98033],[-79.96695,43.97846],[-79.96657,43.97653],[-79.96502,43.97132],[-79.95668,43.97314],[-79.95577,43.96962],[-79.94832,43.97285],[-79.94858,43.97411],[-79.95053,43.9745],[-79.9508,43.97558],[-79.94909,43.976],[-79.94901,43.97707],[-79.94719,43.97731],[-79.94679,43.97505],[-79.94232,43.97602],[-79.94181,43.97404],[-79.94321,43.97367],[-79.9425,43.97089],[-79.93925,43.97103],[-79.93882,43.96922],[-79.93749,43.97022],[-79.93516,43.97012],[-79.93429,43.971],[-79.93079,43.97187],[-79.93124,43.97668],[-79.93225,43.97809],[-79.92008,43.9807],[-79.91988,43.9818],[-79.91831,43.98228],[-79.91937,43.98671],[-79.9167,43.9874],[-79.90955,43.98895],[-79.90892,43.98639],[-79.90668,43.98676],[-79.9059,43.98402],[-79.90729,43.98365],[-79.90704,43.98263],[-79.90526,43.98315],[-79.90409,43.98171],[-79.90186,43.98215],[-79.90109,43.9794],[-79.89877,43.97992],[-79.89988,43.98377],[-79.89764,43.98434],[-79.89763,43.9862],[-79.89944,43.98832],[-79.90152,43.98781],[-79.90303,43.98937],[-79.90206,43.99072],[-79.89784,43.99167],[-79.89824,43.99447],[-79.89578,43.99466],[-79.89579,43.99633],[-79.89424,43.99648],[-79.89445,43.99729],[-79.89277,43.99745],[-79.89205,43.99629],[-79.88382,43.99851],[-79.88306,43.99764],[-79.87626,43.99907],[-79.87607,43.99858]]]}},{"type":"Feature","properties":{"OGF_ID":398,"LAND_USE_DESIGNATION":"Natural Linkage Area"},"geometry":{"type":"Polygon","coordinates":[[[-78.86291,43.99274],[-78.85832,43.99262],[-78.85233,43.99497],[-78.85344,43.99754],[-78.85589,43.99689],[-78.85599,43.99578],[-78.85934,43.99387],[-78.86257,43.99362],[-78.86291,43.99274]]]}},{"type":"Feature","properties":{"OGF_ID":399,"LAND_USE_DESIGNATION":"Natural Linkage Area"},"geometry":{"type":"Polygon","coordinates":[[[-79.22292,44.0022],[-79.22224,44.00331],[-79.22322,44.00312],[-79.22357,44.00381],[-79.22642,44.00122],[-79.2268,43.9982],[-79.22977,43.99486],[-79.22922,43.99362],[-79.22509,43.99727],[-79.22486,44.00021],[-79.22292,44.0022]]]}},{"type":"Feature","properties":{"OGF_ID":224,"LAND_USE_DESIGNATION":"Countryside Area"},"geometry":{"type":"Polygon","coordinates":[[[-79.32605,43.99937],[-79.32549,43.99693],[-79.32233,43.99751],[-79.32148,43.99368],[-79.28912,44.00083],[-79.29311,44.01804],[-79.29372,44.01929],[-79.32439,44.01239],[-79.32354,44.00866],[-79.3218,44.0089],[-79.32033,44.00617],[-79.31831,44.00592],[-79.31461,44.00671],[-79.31474,44.00759],[-79.31051,44.00782],[-79.30883,44.00689],[-79.30843,44.00465],[-79.31028,44.00391],[-79.31,44.0017],[-79.31182,44.00066],[-79.31257,44.00277],[-79.3176,44.00133],[-79.32029,44.00286],[-79.32143,44.00461],[-79.3267,44.00407],[-79.32605,43.99937]]]}},{"type":"Feature","properties":{"OGF_ID":148,"LAND_USE_DESIGNATION":"Countryside Area"},"geometry":{"type":"Polygon","coordinates":[[[-78.73984,44.04193],[-78.74099,44.04033],[-78.74517,44.03785],[-78.74384,44.03347],[-78.74295,44.03369],[-78.74199,44.03212],[-78.74043,44.0313],[-78.73705,44.03402],[-78.73724,44.03208],[-78.73536,44.03256],[-78.73984,44.04193]]]}},{"type":"Feature","properties":{"OGF_ID":129,"LAND_USE_DESIGNATION":"Countryside Area"},"geometry":{"type":"Polygon","coordinates":[[[-78.18107,44.13457],[-78.18304,44.13195],[-78.18447,44.13254],[-78.19494,44.11507],[-78.20737,44.10406],[-78.21899,44.10559],[-78.22419,44.10727],[-78.22218,44.11231],[-78.22549,44.1174],[-78.22546,44.11561],[-78.2271,44.11473],[-78.22924,44.11652],[-78.2275,44.11331],[-78.22914,44.11165],[-78.22859,44.10817],[-78.22957,44.1054],[-78.23222,44.10622],[-78.23335,44.10842],[-78.23568,44.10997],[-78.2363,44.11268],[-78.23818,44.11221],[-78.23903,44.1131],[-78.23898,44.11202],[-78.23709,44.10978],[-78.23583,44.11002],[-78.23513,44.10814],[-78.23625,44.1078],[-78.23214,44.09925],[-78.22753,44.1004],[-78.22541,44.09608],[-78.22017,44.09753],[-78.21897,44.09491],[-78.21399,44.096],[-78.21334,44.09495],[-78.21041,44.09549],[-78.20942,44.0946],[-78.2078,44.0946],[-78.20727,44.09349],[-78.20505,44.09346],[-78.19264,44.09652],[-78.19371,44.09916],[-78.19191,44.09982],[-78.1927,44.10173],[-78.19202,44.10267],[-78.18721,44.10439],[-78.18682,44.10733],[-78.18423,44.10964],[-78.18417,44.11113],[-78.18294,44.11143],[-78.18472,44.11495],[-78.17983,44.11609],[-78.18483,44.12778],[-78.18067,44.13473],[-78.18107,44.13457]]]}},{"type":"Feature","properties":{"OGF_ID":130,"LAND_USE_DESIGNATION":"Rural Settlement"},"geometry":{"type":"Polygon","coordinates":[[[-78.18447,44.13254],[-78.18304,44.13195],[-78.18107,44.13457],[-78.18447,44.13254]]]}},{"type":"Feature","properties":{"OGF_ID":131,"LAND_USE_DESIGNATION":"Countryside Area"},"geometry":{"type":"Polygon","coordinates":[[[-78.08977,44.12951],[-78.08652,44.12965],[-78.08649,44.1302],[-78.0883,44.13043],[-78.08977,44.12951]]]}},{"type":"Feature","properties":{"OGF_ID":132,"LAND_USE_DESIGNATION":"Countryside Area"},"geometry":{"type":"Polygon","coordinates":[[[-78.44023,44.13818],[-78.44406,44.13727],[-78.44304,44.13618],[-78.44379,44.13552],[-78.448,44.13661],[-78.4532,44.13137],[-78.45232,44.12922],[-78.45059,44.12956],[-78.44842,44.1284],[-78.4454,44.12837],[-78.43877,44.13188],[-78.43791,44.12974],[-78.43666,44.12982],[-78.43647,44.12876],[-78.44017,44.12764],[-78.43871,44.12402],[-78.43663,44.12446],[-78.43601,44.12251],[-78.43751,44.12214],[-78.43695,44.12067],[-78.4377,44.11999],[-78.43516,44.11947],[-78.43672,44.11913],[-78.43614,44.11797],[-78.43822,44.11741],[-78.43682,44.11431],[-78.43908,44.11309],[-78.4403,44.11605],[-78.44266,44.11743],[-78.44396,44.11991],[-78.45057,44.11854],[-78.45131,44.11953],[-78.45449,44.11885],[-78.45345,44.11619],[-78.45174,44.11625],[-78.45029,44.11446],[-78.4528,44.11457],[-78.45079,44.11184],[-78.45348,44.11184],[-78.453,44.10907],[-78.45176,44.10827],[-78.45384,44.10776],[-78.45302,44.10525],[-78.45454,44.10491],[-78.45474,44.10381],[-78.45255,44.09886],[-78.44896,44.09932],[-78.44915,44.10026],[-78.44718,44.1009],[-78.44774,44.10237],[-78.44515,44.10293],[-78.44625,44.10391],[-78.44228,44.10471],[-78.44095,44.1056],[-78.44161,44.10718],[-78.43966,44.10741],[-78.43937,44.10399],[-78.43296,44.10537],[-78.4319,44.10337],[-78.42973,44.10373],[-78.42888,44.10171],[-78.43033,44.10087],[-78.42922,44.09824],[-78.41962,44.10093],[-78.41989,44.10179],[-78.41215,44.10366],[-78.41295,44.10516],[-78.41613,44.10588],[-78.41217,44.10681],[-78.41227,44.1081],[-78.4185,44.10795],[-78.41983,44.1106],[-78.41253,44.11285],[-78.41402,44.11644],[-78.40812,44.11795],[-78.41081,44.12316],[-78.41225,44.1226],[-78.41369,44.12395],[-78.41146,44.12479],[-78.41165,44.1254],[-78.40755,44.12615],[-78.40505,44.12824],[-78.40785,44.12807],[-78.40839,44.13064],[-78.40998,44.13241],[-78.40988,44.13026],[-78.41161,44.12877],[-78.41391,44.12946],[-78.4164,44.13191],[-78.41866,44.13191],[-78.4204,44.13106],[-78.42637,44.12481],[-78.42821,44.12537],[-78.42863,44.12753],[-78.4296,44.12804],[-78.42957,44.1307],[-78.4312,44.1317],[-78.43233,44.13531],[-78.4347,44.13589],[-78.4396,44.132],[-78.44111,44.13198],[-78.44203,44.13297],[-78.44023,44.13818]]]}},{"type":"Feature","properties":{"OGF_ID":133,"LAND_USE_DESIGNATION":"Countryside Area"},"geometry":{"type":"Polygon","coordinates":[[[-79.39487,44.08663],[-79.39681,44.08854],[-79.39783,44.08839],[-79.39921,44.09221],[-79.4008,44.09198],[-79.40148,44.09444],[-79.40107,44.0956],[-79.3977,44.09809],[-79.39793,44.0993],[-79.40374,44.10295],[-79.40632,44.10176],[-79.40834,44.10263],[-79.40917,44.1022],[-79.40832,44.09816],[-79.40931,44.09521],[-79.40706,44.09054],[-79.40396,44.08677],[-79.39893,44.08328],[-79.39664,44.08412],[-79.39487,44.08663]]]}},{"type":"Feature","properties":{"OGF_ID":134,"LAND_USE_DESIGNATION":"Countryside Area"},"geometry":{"type":"Polygon","coordinates":[[[-78.17098,44.07509],[-78.17138,44.0759],[-78.17402,44.07525],[-78.17606,44.07912],[-78.1807,44.07733],[-78.17924,44.07395],[-78.17654,44.07462],[-78.1757,44.07316],[-78.17441,44.07353],[-78.1746,44.07413],[-78.17098,44.07509]]]}},{"type":"Feature","properties":{"OGF_ID":305,"LAND_USE_DESIGNATION":"Countryside Area"},"geometry":{"type":"Polygon","coordinates":[[[-78.59412,44.08092],[-78.5969,44.08716],[-78.66045,44.07271],[-78.66338,44.07931],[-78.68801,44.07366],[-78.68976,44.07721],[-78.69347,44.07647],[-78.69588,44.08127],[-78.70274,44.07916],[-78.70328,44.08043],[-78.70493,44.08004],[-78.70429,44.07629],[-78.70646,44.07556],[-78.70598,44.07458],[-78.70013,44.07397],[-78.69601,44.06491],[-78.6981,44.06379],[-78.69743,44.06195],[-78.70185,44.06071],[-78.70234,44.0617],[-78.70892,44.05834],[-78.70954,44.05953],[-78.719,44.05692],[-78.71773,44.05408],[-78.71486,44.04779],[-78.7004,44.0514],[-78.69835,44.04661],[-78.68168,44.05072],[-78.67336,44.04191],[-78.67195,44.04466],[-78.66744,44.04611],[-78.6722,44.05686],[-78.632,44.06535],[-78.62863,44.05695],[-78.61355,44.06047],[-78.61183,44.06086],[-78.61131,44.06025],[-78.59978,44.06267],[-78.59971,44.06495],[-78.59775,44.06561],[-78.5977,44.06856],[-78.59871,44.06955],[-78.60044,44.0691],[-78.60213,44.07156],[-78.59211,44.07384],[-78.59492,44.08074],[-78.59412,44.08092]]]}},{"type":"Feature","properties":{"OGF_ID":306,"LAND_USE_DESIGNATION":"Countryside Area"},"geometry":{"type":"Polygon","coordinates":[[[-78.77604,44.08915],[-78.77471,44.08925],[-78.77523,44.09022],[-78.77682,44.08987],[-78.77604,44.08915]]]}},{"type":"Feature","properties":{"OGF_ID":307,"LAND_USE_DESIGNATION":"Countryside Area"},"geometry":{"type":"Polygon","coordinates":[[[-78.15951,44.07385],[-78.16061,44.07595],[-78.16529,44.07473],[-78.16576,44.07544],[-78.17065,44.07446],[-78.17455,44.07076],[-78.17072,44.06953],[-78.1703,44.06791],[-78.16313,44.06532],[-78.16034,44.06563],[-78.15993,44.06733],[-78.16112,44.0705],[-78.15905,44.07128],[-78.15951,44.07385]]]}},{"type":"Feature","properties":{"OGF_ID":267,"LAND_USE_DESIGNATION":"Natural Linkage Area"},"geometry":{"type":"Polygon","coordinates":[[[-79.81239,43.86926],[-79.81239,43.86926],[-79.81416,43.86786],[-79.81239,43.86926]]]}},{"type":"Feature","properties":{"OGF_ID":264,"LAND_USE_DESIGNATION":"Countryside Area"},"geometry":{"type":"Polygon","coordinates":[[[-79.87491,43.82318],[-79.8746,43.82086],[-79.87305,43.82006],[-79.87491,43.82318]]]}},{"type":"Feature","properties":{"OGF_ID":265,"LAND_USE_DESIGNATION":"Countryside Area"},"geometry":{"type":"Polygon","coordinates":[[[-79.87268,43.81945],[-79.877,43.82074],[-79.87899,43.8182],[-79.87814,43.81737],[-79.87727,43.81805],[-79.87693,43.81868],[-79.87356,43.81881],[-79.87268,43.81945]]]}},{"type":"Feature","properties":{"OGF_ID":401,"LAND_USE_DESIGNATION":"Countryside Area"},"geometry":{"type":"Polygon","coordinates":[[[-79.01481,43.99781],[-79.01626,43.99946],[-79.01902,44.00043],[-79.01769,43.99561],[-79.01637,43.99593],[-79.01481,43.99781]]]}},{"type":"Feature","properties":{"OGF_ID":242,"LAND_USE_DESIGNATION":"Countryside Area"},"geometry":{"type":"Polygon","coordinates":[[[-78.28097,44.08714],[-78.26134,44.09201],[-78.26201,44.09349],[-78.26079,44.09395],[-78.2612,44.09594],[-78.26058,44.09531],[-78.2558,44.09522],[-78.25236,44.09614],[-78.25161,44.09442],[-78.24372,44.09637],[-78.24639,44.10026],[-78.24538,44.10058],[-78.24471,44.10272],[-78.24673,44.10742],[-78.24875,44.10643],[-78.25247,44.10645],[-78.2535,44.10497],[-78.25273,44.1026],[-78.25594,44.1007],[-78.25669,44.10189],[-78.25868,44.10105],[-78.2584,44.10041],[-78.2605,44.09972],[-78.26097,44.09809],[-78.26221,44.09939],[-78.26436,44.09875],[-78.26674,44.10385],[-78.2715,44.10256],[-78.27105,44.10097],[-78.27623,44.09955],[-78.28009,44.09709],[-78.27953,44.09564],[-78.28161,44.09493],[-78.28032,44.09176],[-78.28294,44.0915],[-78.28097,44.08714]]]}},{"type":"Feature","properties":{"OGF_ID":136,"LAND_USE_DESIGNATION":"Countryside Area"},"geometry":{"type":"Polygon","coordinates":[[[-78.06779,44.23251],[-78.06867,44.23389],[-78.07335,44.23455],[-78.07371,44.23665],[-78.07253,44.2388],[-78.0687,44.24202],[-78.06838,44.24342],[-78.06964,44.24411],[-78.07164,44.24152],[-78.07481,44.24082],[-78.07777,44.23741],[-78.08709,44.22232],[-78.08674,44.21776],[-78.08746,44.21625],[-78.08991,44.21522],[-78.09393,44.21168],[-78.09718,44.20605],[-78.09508,44.20361],[-78.09287,44.20324],[-78.08467,44.20673],[-78.08417,44.20616],[-78.08879,44.20058],[-78.08873,44.18215],[-78.08964,44.17539],[-78.08646,44.17622],[-78.08614,44.17551],[-78.08752,44.17485],[-78.08816,44.17269],[-78.08726,44.17262],[-78.08637,44.16893],[-78.08333,44.16978],[-78.08372,44.17104],[-78.08084,44.17207],[-78.07989,44.16842],[-78.07905,44.16848],[-78.07815,44.16679],[-78.07733,44.1675],[-78.07719,44.17144],[-78.07551,44.17434],[-78.07632,44.17783],[-78.07853,44.17989],[-78.07726,44.18634],[-78.07417,44.18848],[-78.07014,44.18805],[-78.06875,44.18874],[-78.07147,44.19118],[-78.0807,44.19672],[-78.08115,44.19826],[-78.07782,44.2076],[-78.07502,44.20945],[-78.07509,44.21049],[-78.07709,44.2117],[-78.07527,44.22102],[-78.0709,44.22687],[-78.07575,44.22613],[-78.07518,44.22984],[-78.07278,44.23113],[-78.06984,44.23056],[-78.06779,44.23251]]]}},{"type":"Feature","properties":{"OGF_ID":137,"LAND_USE_DESIGNATION":"Countryside Area"},"geometry":{"type":"Polygon","coordinates":[[[-79.5761,44.02137],[-79.57626,44.02196],[-79.60937,44.01452],[-79.61367,44.01355],[-79.61401,44.01274],[-79.60967,44.01241],[-79.61349,44.01113],[-79.61505,44.01151],[-79.61608,44.01],[-79.61593,44.00939],[-79.61322,44.01028],[-79.61245,44.00919],[-79.61228,44.0063],[-79.61048,44.00409],[-79.61018,43.99914],[-79.60799,43.99939],[-79.60763,43.99831],[-79.60532,43.99946],[-79.60538,43.99846],[-79.60313,43.99739],[-79.60651,43.99795],[-79.60765,43.99732],[-79.60736,43.99587],[-79.59738,43.99812],[-79.59379,43.98362],[-79.59187,43.98397],[-79.59048,43.9825],[-79.58972,43.98083],[-79.59048,43.9798],[-79.58897,43.97646],[-79.58767,43.9762],[-79.58431,43.97153],[-79.58272,43.97166],[-79.5823,43.97081],[-79.57828,43.97164],[-79.5774,43.96811],[-79.57548,43.96854],[-79.57676,43.97213],[-79.57569,43.97249],[-79.57622,43.97414],[-79.57558,43.97434],[-79.57696,43.97979],[-79.5707,43.98164],[-79.57224,43.98437],[-79.56932,43.98706],[-79.56971,43.98877],[-79.57191,43.98844],[-79.57352,43.98966],[-79.57462,43.98946],[-79.57555,43.98778],[-79.57684,43.9873],[-79.57673,43.9845],[-79.57862,43.98073],[-79.58008,43.98016],[-79.58067,43.98273],[-79.57788,43.98478],[-79.57825,43.98653],[-79.57474,43.99047],[-79.57018,43.99082],[-79.57307,44.00352],[-79.57906,44.00306],[-79.58287,44.00127],[-79.58371,44.00335],[-79.58615,44.00274],[-79.58669,44.00422],[-79.57385,44.00701],[-79.5742,44.00879],[-79.57105,44.0093],[-79.57134,44.00997],[-79.56697,44.01097],[-79.56699,44.0103],[-79.56568,44.01024],[-79.56633,44.01258],[-79.5655,44.01315],[-79.56679,44.01624],[-79.5675,44.01614],[-79.56796,44.01746],[-79.57073,44.01727],[-79.57125,44.01922],[-79.5732,44.0188],[-79.57438,44.02046],[-79.57582,44.02037],[-79.5761,44.02137]]]}},{"type":"Feature","properties":{"OGF_ID":141,"LAND_USE_DESIGNATION":"Countryside Area"},"geometry":{"type":"Polygon","coordinates":[[[-78.56541,43.99366],[-78.56661,43.99664],[-78.5703,43.9952],[-78.56831,43.99131],[-78.56681,43.99131],[-78.56541,43.99366]]]}},{"type":"Feature","properties":{"OGF_ID":138,"LAND_USE_DESIGNATION":"Natural Linkage Area"},"geometry":{"type":"Polygon","coordinates":[[[-78.95149,44.01202],[-78.95343,44.01143],[-78.95276,44.00854],[-78.95165,44.00916],[-78.95322,44.01088],[-78.95149,44.01202]]]}},{"type":"Feature","properties":{"OGF_ID":139,"LAND_USE_DESIGNATION":"Rural Settlement"},"geometry":{"type":"Polygon","coordinates":[[[-79.85201,44.02209],[-79.85159,44.02043],[-79.84491,44.02192],[-79.84553,44.02425],[-79.85201,44.02209]]]}},{"type":"Feature","properties":{"OGF_ID":430,"LAND_USE_DESIGNATION":"Natural Linkage Area"},"geometry":{"type":"Polygon","coordinates":[[[-78.53813,44.00917],[-78.53638,44.00479],[-78.53943,44.00404],[-78.54016,44.00046],[-78.54383,43.99969],[-78.54446,44.00154],[-78.5467,44.00063],[-78.5476,44.00161],[-78.55008,44.00136],[-78.5497,44.00344],[-78.55107,44.0032],[-78.5522,44.00397],[-78.55211,44.00202],[-78.5546,44.0024],[-78.5539,43.99915],[-78.5557,43.99827],[-78.55974,43.99876],[-78.56,44.00044],[-78.56172,43.99957],[-78.56252,44.00131],[-78.56272,43.99943],[-78.56504,43.99928],[-78.56631,43.99799],[-78.56625,44.00148],[-78.56706,43.99989],[-78.5685,43.99984],[-78.56896,44.00081],[-78.5711,44.00076],[-78.57289,44.00025],[-78.57229,43.99849],[-78.5748,43.99788],[-78.57116,43.99487],[-78.57087,43.99626],[-78.5703,43.9952],[-78.56661,43.99664],[-78.56541,43.99366],[-78.56457,43.99419],[-78.56356,43.9913],[-78.56114,43.99104],[-78.56036,43.99166],[-78.56072,43.99278],[-78.5621,43.99253],[-78.56323,43.99519],[-78.56428,43.99513],[-78.56447,43.9972],[-78.56139,43.9977],[-78.55832,43.99568],[-78.55716,43.99179],[-78.55568,43.99207],[-78.55457,43.99058],[-78.55482,43.99221],[-78.55657,43.99257],[-78.55633,43.99446],[-78.55733,43.99509],[-78.55746,43.99689],[-78.55358,43.99644],[-78.55421,43.99753],[-78.55122,43.99942],[-78.55097,43.99789],[-78.54984,43.99753],[-78.5486,43.99969],[-78.54497,43.9996],[-78.54397,43.99816],[-78.54197,43.99897],[-78.54097,43.99708],[-78.53759,43.99717],[-78.53623,43.99897],[-78.53866,44.00367],[-78.53437,44.00397],[-78.53285,44.00341],[-78.53573,44.00973],[-78.53813,44.00917]]]}},{"type":"Feature","properties":{"OGF_ID":431,"LAND_USE_DESIGNATION":"Countryside Area"},"geometry":{"type":"Polygon","coordinates":[[[-79.5177,44.02354],[-79.51916,44.02323],[-79.51957,44.02504],[-79.52078,44.02491],[-79.52153,44.02668],[-79.52706,44.02553],[-79.52875,44.02484],[-79.52953,44.02333],[-79.53522,44.02202],[-79.53506,44.02118],[-79.53675,44.02082],[-79.53596,44.01768],[-79.53282,44.01844],[-79.53221,44.01643],[-79.53422,44.01604],[-79.53528,44.01185],[-79.53643,44.01163],[-79.53642,44.00764],[-79.53286,44.00823],[-79.53262,44.00737],[-79.53627,44.00658],[-79.53556,44.00403],[-79.5336,43.99895],[-79.52989,43.99958],[-79.52874,43.99796],[-79.52483,43.99877],[-79.52387,43.99675],[-79.51871,43.99491],[-79.51252,43.99621],[-79.51268,44.00215],[-79.51418,44.00469],[-79.51366,44.0091],[-79.51565,44.0165],[-79.51338,44.01704],[-79.51361,44.01765],[-79.51456,44.01746],[-79.51493,44.01869],[-79.51388,44.01891],[-79.51444,44.02067],[-79.51703,44.02002],[-79.5177,44.02354]]]}},{"type":"Feature","properties":{"OGF_ID":432,"LAND_USE_DESIGNATION":"Countryside Area"},"geometry":{"type":"Polygon","coordinates":[[[-78.93353,44.01644],[-78.93353,44.01644],[-78.93344,44.01743],[-78.93353,44.01644]]]}},{"type":"Feature","properties":{"OGF_ID":433,"LAND_USE_DESIGNATION":"Countryside Area"},"geometry":{"type":"Polygon","coordinates":[[[-78.94004,44.01473],[-78.94166,44.01437],[-78.94383,44.01704],[-78.94543,44.01756],[-78.94788,44.01698],[-78.94625,44.01328],[-78.94935,44.01258],[-78.9486,44.01084],[-78.94687,44.01074],[-78.94798,44.00994],[-78.94758,44.00884],[-78.94371,44.009],[-78.94306,44.01026],[-78.94228,44.00945],[-78.94084,44.01036],[-78.93798,44.01023],[-78.93716,44.01263],[-78.94004,44.01473]]]}},{"type":"Feature","properties":{"OGF_ID":566,"LAND_USE_DESIGNATION":"Countryside Area"},"geometry":{"type":"Polygon","coordinates":[[[-79.41725,43.90932],[-79.41725,43.90932],[-79.41733,43.90954],[-79.41725,43.90932]]]}},{"type":"Feature","properties":{"OGF_ID":567,"LAND_USE_DESIGNATION":"Settlement Area"},"geometry":{"type":"Polygon","coordinates":[[[-79.41717,43.90815],[-79.41703,43.90888],[-79.41726,43.90908],[-79.41754,43.9086],[-79.41717,43.90815]]]}},{"type":"Feature","properties":{"OGF_ID":461,"LAND_USE_DESIGNATION":"Countryside Area"},"geometry":{"type":"Polygon","coordinates":[[[-79.84553,44.02425],[-79.84491,44.02192],[-79.85159,44.02043],[-79.85201,44.02209],[-79.85409,44.0214],[-79.86156,44.02307],[-79.86511,44.0246],[-79.86753,44.02411],[-79.86433,44.02018],[-79.86064,44.01929],[-79.85428,44.02013],[-79.85394,44.0192],[-79.85164,44.01959],[-79.8493,44.01145],[-79.84998,44.01001],[-79.84881,44.0078],[-79.84443,44.00868],[-79.84462,44.00951],[-79.84298,44.00983],[-79.84144,44.00829],[-79.83874,44.00949],[-79.83666,44.01177],[-79.83692,44.01579],[-79.83609,44.01754],[-79.83711,44.02121],[-79.83641,44.02266],[-79.83252,44.02432],[-79.82647,44.02918],[-79.82134,44.03043],[-79.81872,44.033],[-79.82077,44.03387],[-79.83158,44.03207],[-79.83952,44.03191],[-79.84133,44.03065],[-79.84553,44.02425]]]}},{"type":"Feature","properties":{"OGF_ID":462,"LAND_USE_DESIGNATION":"Natural Linkage Area"},"geometry":{"type":"Polygon","coordinates":[[[-79.93902,44.02885],[-79.93481,44.029],[-79.93308,44.0271],[-79.93232,44.02537],[-79.93624,44.02469],[-79.93923,44.02265],[-79.94401,44.02124],[-79.94727,44.01898],[-79.94469,44.01743],[-79.94195,44.01311],[-79.9484,44.01104],[-79.9495,44.00985],[-79.95433,44.00897],[-79.95455,44.0098],[-79.95708,44.00951],[-79.95704,44.01258],[-79.95995,44.01175],[-79.96165,44.01034],[-79.96048,44.00642],[-79.96519,44.0054],[-79.96549,44.00648],[-79.96741,44.00621],[-79.96643,44.00417],[-79.96956,44.00168],[-79.968,44.00105],[-79.96747,43.99932],[-79.9683,43.99754],[-79.97255,43.99791],[-79.97618,43.99706],[-79.97667,43.99443],[-79.97949,43.99381],[-79.9765,43.98208],[-79.97601,43.98021],[-79.96808,43.98222],[-79.96974,43.98333],[-79.96946,43.98447],[-79.97077,43.98428],[-79.97159,43.98677],[-79.95637,43.99034],[-79.95708,43.99137],[-79.96031,43.99206],[-79.95982,43.99335],[-79.96151,43.99299],[-79.96188,43.99402],[-79.95686,43.99595],[-79.95632,43.99811],[-79.95465,43.99881],[-79.95498,44.00019],[-79.95202,44.00097],[-79.95182,44.00165],[-79.94946,44.00178],[-79.94962,44.00286],[-79.95191,44.00252],[-79.95393,44.0038],[-79.95316,44.0061],[-79.95479,44.00625],[-79.95609,44.00751],[-79.93891,44.01088],[-79.93983,44.01462],[-79.93733,44.01526],[-79.93747,44.01709],[-79.93353,44.01785],[-79.93455,44.02192],[-79.93289,44.02222],[-79.93337,44.02377],[-79.92697,44.02489],[-79.92629,44.02222],[-79.91963,44.01988],[-79.91904,44.01837],[-79.9155,44.01603],[-79.91428,44.01585],[-79.91478,44.02078],[-79.91949,44.02115],[-79.92405,44.02245],[-79.92525,44.02423],[-79.92422,44.02484],[-79.92514,44.02778],[-79.92758,44.02739],[-79.92836,44.03029],[-79.93311,44.02934],[-79.93315,44.03301],[-79.93611,44.03263],[-79.93618,44.0345],[-79.93804,44.0341],[-79.93982,44.03005],[-79.93902,44.02885]]]}},{"type":"Feature","properties":{"OGF_ID":419,"LAND_USE_DESIGNATION":"Rural Settlement"},"geometry":{"type":"Polygon","coordinates":[[[-78.78027,44.01939],[-78.77985,44.01772],[-78.77827,44.01714],[-78.77828,44.01645],[-78.77654,44.01598],[-78.77415,44.01642],[-78.77162,44.01526],[-78.77165,44.01331],[-78.76991,44.0125],[-78.7664,44.01362],[-78.76599,44.01566],[-78.76834,44.022],[-78.77318,44.02087],[-78.77462,44.02406],[-78.77942,44.02296],[-78.77805,44.01989],[-78.78027,44.01939]]]}},{"type":"Feature","properties":{"OGF_ID":420,"LAND_USE_DESIGNATION":"Countryside Area"},"geometry":{"type":"Polygon","coordinates":[[[-78.80344,44.02358],[-78.80358,44.02458],[-78.80582,44.02408],[-78.80633,44.02111],[-78.80378,44.02212],[-78.80344,44.02358]]]}},{"type":"Feature","properties":{"OGF_ID":421,"LAND_USE_DESIGNATION":"Rural Settlement"},"geometry":{"type":"Polygon","coordinates":[[[-78.96582,44.01863],[-78.96489,44.01885],[-78.96833,44.02681],[-78.97342,44.02558],[-78.97269,44.0239],[-78.97032,44.01848],[-78.97201,44.01812],[-78.97046,44.01523],[-78.96489,44.01639],[-78.96582,44.01863]]]}},{"type":"Feature","properties":{"OGF_ID":371,"LAND_USE_DESIGNATION":"Countryside Area"},"geometry":{"type":"Polygon","coordinates":[[[-78.09824,44.14059],[-78.09948,44.14097],[-78.1007,44.1401],[-78.1001,44.14165],[-78.10245,44.14062],[-78.10281,44.13794],[-78.10379,44.13708],[-78.10355,44.13633],[-78.1016,44.13709],[-78.10244,44.13475],[-78.10304,44.13451],[-78.10342,44.13585],[-78.10495,44.13554],[-78.10482,44.13489],[-78.10419,44.13354],[-78.10285,44.13372],[-78.10295,44.13181],[-78.10098,44.13154],[-78.09963,44.13812],[-78.09825,44.14017],[-78.09824,44.14059]]]}},{"type":"Feature","properties":{"OGF_ID":372,"LAND_USE_DESIGNATION":"Countryside Area"},"geometry":{"type":"Polygon","coordinates":[[[-78.11617,44.12426],[-78.11967,44.1246],[-78.12047,44.12604],[-78.11545,44.14139],[-78.11917,44.13646],[-78.11846,44.13582],[-78.12208,44.12855],[-78.12427,44.12806],[-78.12328,44.12546],[-78.12525,44.12487],[-78.12586,44.1254],[-78.12768,44.12791],[-78.12757,44.13],[-78.12881,44.12967],[-78.12975,44.13175],[-78.13506,44.13061],[-78.13666,44.12941],[-78.1461,44.12745],[-78.14202,44.11832],[-78.1524,44.11588],[-78.1481,44.10714],[-78.1329,44.11059],[-78.13085,44.10628],[-78.12588,44.10792],[-78.11395,44.11831],[-78.11617,44.12426]]]}},{"type":"Feature","properties":{"OGF_ID":373,"LAND_USE_DESIGNATION":"Countryside Area"},"geometry":{"type":"Polygon","coordinates":[[[-78.39592,44.14485],[-78.39606,44.1478],[-78.39947,44.14761],[-78.40124,44.14536],[-78.40265,44.13776],[-78.39855,44.13966],[-78.39801,44.14062],[-78.39777,44.14293],[-78.39952,44.14469],[-78.39899,44.14523],[-78.39592,44.14485]]]}},{"type":"Feature","properties":{"OGF_ID":374,"LAND_USE_DESIGNATION":"Natural Linkage Area"},"geometry":{"type":"Polygon","coordinates":[[[-78.09823,44.1402],[-78.09824,44.14059],[-78.09825,44.14017],[-78.09823,44.1402]]]}},{"type":"Feature","properties":{"OGF_ID":376,"LAND_USE_DESIGNATION":"Countryside Area"},"geometry":{"type":"Polygon","coordinates":[[[-78.44116,44.14828],[-78.44313,44.14583],[-78.44554,44.14511],[-78.44609,44.1439],[-78.44266,44.14477],[-78.44116,44.14828]]]}},{"type":"Feature","properties":{"OGF_ID":377,"LAND_USE_DESIGNATION":"Countryside Area"},"geometry":{"type":"Polygon","coordinates":[[[-78.66683,44.15195],[-78.66683,44.15195],[-78.66643,44.15112],[-78.66683,44.15195]]]}},{"type":"Feature","properties":{"OGF_ID":379,"LAND_USE_DESIGNATION":"Countryside Area"},"geometry":{"type":"Polygon","coordinates":[[[-78.39598,44.14456],[-78.39687,44.14374],[-78.39543,44.14295],[-78.39598,44.14456]]]}},{"type":"Feature","properties":{"OGF_ID":380,"LAND_USE_DESIGNATION":"Natural Core Area"},"geometry":{"type":"Polygon","coordinates":[[[-79.41506,44.16071],[-79.41486,44.16004],[-79.41699,44.15952],[-79.41604,44.15599],[-79.4172,44.15561],[-79.413,44.15554],[-79.41003,44.15453],[-79.40831,44.152],[-79.40585,44.15246],[-79.40539,44.15123],[-79.40429,44.15165],[-79.404,44.14847],[-79.40122,44.14905],[-79.39813,44.14825],[-79.39692,44.14913],[-79.39396,44.14944],[-79.39278,44.15252],[-79.39378,44.15466],[-79.39156,44.15521],[-79.39554,44.15634],[-79.39661,44.15477],[-79.39635,44.15144],[-79.39698,44.15146],[-79.40077,44.15456],[-79.40798,44.15664],[-79.40865,44.15773],[-79.41089,44.15726],[-79.41245,44.16201],[-79.41132,44.16253],[-79.41369,44.16199],[-79.41506,44.16071]]]}},{"type":"Feature","properties":{"OGF_ID":381,"LAND_USE_DESIGNATION":"Countryside Area"},"geometry":{"type":"Polygon","coordinates":[[[-79.41132,44.16253],[-79.41245,44.16201],[-79.41089,44.15726],[-79.40865,44.15773],[-79.40902,44.16012],[-79.41043,44.1605],[-79.41132,44.16253]]]}},{"type":"Feature","properties":{"OGF_ID":382,"LAND_USE_DESIGNATION":"Natural Core Area"},"geometry":{"type":"Polygon","coordinates":[[[-78.44266,44.14477],[-78.44609,44.1439],[-78.448,44.13661],[-78.44379,44.13552],[-78.44304,44.13618],[-78.44406,44.13727],[-78.44023,44.13818],[-78.44275,44.14256],[-78.44266,44.14477]]]}},{"type":"Feature","properties":{"OGF_ID":383,"LAND_USE_DESIGNATION":"Countryside Area"},"geometry":{"type":"Polygon","coordinates":[[[-78.6645,44.14793],[-78.6645,44.14793],[-78.66814,44.14658],[-78.6645,44.14793]]]}},{"type":"Feature","properties":{"OGF_ID":384,"LAND_USE_DESIGNATION":"Natural Core Area"},"geometry":{"type":"Polygon","coordinates":[[[-79.35973,44.15465],[-79.35805,44.15488],[-79.35695,44.1536],[-79.35537,44.15406],[-79.3552,44.15753],[-79.35333,44.158],[-79.35356,44.15988],[-79.35634,44.15924],[-79.35973,44.15465]]]}},{"type":"Feature","properties":{"OGF_ID":385,"LAND_USE_DESIGNATION":"Countryside Area"},"geometry":{"type":"Polygon","coordinates":[[[-79.4172,44.15561],[-79.41604,44.15599],[-79.41699,44.15952],[-79.41486,44.16004],[-79.41506,44.16071],[-79.41962,44.1592],[-79.42026,44.1567],[-79.41938,44.15564],[-79.4172,44.15561]]]}},{"type":"Feature","properties":{"OGF_ID":386,"LAND_USE_DESIGNATION":"Natural Linkage Area"},"geometry":{"type":"Polygon","coordinates":[[[-78.10295,44.13181],[-78.10482,44.13489],[-78.10419,44.13354],[-78.10285,44.13372],[-78.10295,44.13181]]]}},{"type":"Feature","properties":{"OGF_ID":387,"LAND_USE_DESIGNATION":"Countryside Area"},"geometry":{"type":"Polygon","coordinates":[[[-78.66373,44.14752],[-78.66403,44.14535],[-78.66254,44.14689],[-78.66373,44.14752]]]}},{"type":"Feature","properties":{"OGF_ID":388,"LAND_USE_DESIGNATION":"Rural Settlement"},"geometry":{"type":"Polygon","coordinates":[[[-78.17991,44.13504],[-78.17991,44.13504],[-78.17675,44.13611],[-78.17991,44.13504]]]}},{"type":"Feature","properties":{"OGF_ID":389,"LAND_USE_DESIGNATION":"Natural Linkage Area"},"geometry":{"type":"Polygon","coordinates":[[[-79.53955,44.05493],[-79.53288,44.05228],[-79.53351,44.05475],[-79.53583,44.05573],[-79.53955,44.05493]]]}},{"type":"Feature","properties":{"OGF_ID":568,"LAND_USE_DESIGNATION":"Natural Linkage Area"},"geometry":{"type":"Polygon","coordinates":[[[-79.41725,43.90932],[-79.41733,43.90954],[-79.41837,43.91025],[-79.41863,43.90962],[-79.41857,43.90936],[-79.41754,43.9086],[-79.41726,43.90908],[-79.41725,43.90932]]]}},{"type":"Feature","properties":{"OGF_ID":569,"LAND_USE_DESIGNATION":"Natural Linkage Area"},"geometry":{"type":"Polygon","coordinates":[[[-79.41726,43.90908],[-79.41726,43.90908],[-79.41725,43.90932],[-79.41726,43.90908]]]}},{"type":"Feature","properties":{"OGF_ID":570,"LAND_USE_DESIGNATION":"Natural Linkage Area"},"geometry":{"type":"Polygon","coordinates":[[[-79.41733,43.90954],[-79.41908,43.91204],[-79.42034,43.91176],[-79.41865,43.90975],[-79.41863,43.90962],[-79.41837,43.91025],[-79.41733,43.90954]]]}},{"type":"Feature","properties":{"OGF_ID":571,"LAND_USE_DESIGNATION":"Settlement Area"},"geometry":{"type":"Polygon","coordinates":[[[-79.41908,43.91204],[-79.41733,43.90954],[-79.41725,43.90932],[-79.41726,43.90908],[-79.41703,43.90888],[-79.41763,43.91236],[-79.41908,43.91204]]]}},{"type":"Feature","properties":{"OGF_ID":572,"LAND_USE_DESIGNATION":"Natural Core Area"},"geometry":{"type":"Polygon","coordinates":[[[-79.4096,43.91819],[-79.4106,43.91797],[-79.41093,43.9166],[-79.40977,43.91682],[-79.40931,43.91498],[-79.40916,43.91491],[-79.40813,43.91683],[-79.40833,43.91774],[-79.4096,43.91819]]]}},{"type":"Feature","properties":{"OGF_ID":573,"LAND_USE_DESIGNATION":"Settlement Area"},"geometry":{"type":"Polygon","coordinates":[[[-79.40931,43.91498],[-79.40977,43.91682],[-79.41093,43.9166],[-79.41092,43.91654],[-79.4109,43.91632],[-79.41002,43.91641],[-79.40931,43.91498]]]}},{"type":"Feature","properties":{"OGF_ID":140,"LAND_USE_DESIGNATION":"Countryside Area"},"geometry":{"type":"Polygon","coordinates":[[[-79.206,43.99731],[-79.2046,43.99764],[-79.20376,43.99861],[-79.20664,44.00498],[-79.20578,44.00521],[-79.20622,44.00636],[-79.20966,44.0061],[-79.2108,44.00875],[-79.21502,44.00793],[-79.21336,44.00318],[-79.2162,44.00245],[-79.21577,44.00113],[-79.21943,44.00016],[-79.21867,43.99814],[-79.21948,43.99796],[-79.21838,43.99188],[-79.21449,43.98454],[-79.21672,43.98135],[-79.21718,43.97842],[-79.21029,43.97485],[-79.20628,43.96367],[-79.20816,43.95929],[-79.20736,43.956],[-79.20574,43.95298],[-79.20363,43.95309],[-79.20309,43.95227],[-79.19893,43.95465],[-79.19591,43.95464],[-79.19415,43.95601],[-79.19208,43.95611],[-79.18943,43.95795],[-79.19291,43.95974],[-79.19458,43.96367],[-79.19824,43.96441],[-79.20186,43.96392],[-79.20274,43.96529],[-79.20122,43.96567],[-79.20157,43.96675],[-79.19853,43.9673],[-79.19728,43.96476],[-79.19544,43.96492],[-79.19499,43.96913],[-79.19675,43.9781],[-79.19524,43.98061],[-79.19712,43.98375],[-79.19805,43.98808],[-79.20134,43.9906],[-79.20311,43.99108],[-79.20446,43.99364],[-79.20589,43.99333],[-79.20707,43.9962],[-79.20796,43.99599],[-79.20829,43.99673],[-79.206,43.99731]]]}},{"type":"Feature","properties":{"OGF_ID":142,"LAND_USE_DESIGNATION":"Countryside Area"},"geometry":{"type":"Polygon","coordinates":[[[-79.80462,44.01523],[-79.80451,44.01609],[-79.80716,44.01554],[-79.8072,44.01286],[-79.80942,44.01258],[-79.81144,44.01066],[-79.81042,44.00609],[-79.80892,44.0047],[-79.80583,44.00473],[-79.80473,44.00387],[-79.80179,44.00429],[-79.80085,44.00288],[-79.79615,44.00484],[-79.7964,44.00658],[-79.79461,44.00772],[-79.79309,44.01058],[-79.79282,44.01341],[-79.79754,44.0157],[-79.79589,44.01162],[-79.80319,44.01003],[-79.80462,44.01523]]]}},{"type":"Feature","properties":{"OGF_ID":143,"LAND_USE_DESIGNATION":"Countryside Area"},"geometry":{"type":"Polygon","coordinates":[[[-78.83466,43.98808],[-78.83555,43.99092],[-78.83504,43.99246],[-78.83896,43.99761],[-78.83964,44.00187],[-78.84141,44.00127],[-78.84122,43.99802],[-78.84287,43.99552],[-78.84275,43.99396],[-78.84484,43.99408],[-78.84703,43.99161],[-78.84685,43.98912],[-78.84415,43.9883],[-78.84559,43.98788],[-78.8461,43.98654],[-78.84524,43.98346],[-78.84149,43.98365],[-78.83909,43.98004],[-78.83648,43.98167],[-78.83466,43.98808]]]}},{"type":"Feature","properties":{"OGF_ID":454,"LAND_USE_DESIGNATION":"Countryside Area"},"geometry":{"type":"Polygon","coordinates":[[[-78.78115,44.08825],[-78.78116,44.08735],[-78.77757,44.08562],[-78.77787,44.08723],[-78.77966,44.08684],[-78.78115,44.08825]]]}},{"type":"Feature","properties":{"OGF_ID":455,"LAND_USE_DESIGNATION":"Natural Linkage Area"},"geometry":{"type":"Polygon","coordinates":[[[-79.12526,44.09437],[-79.12763,44.09303],[-79.12979,44.08801],[-79.12521,44.08908],[-79.12635,44.09249],[-79.12358,44.09264],[-79.12526,44.09437]]]}},{"type":"Feature","properties":{"OGF_ID":456,"LAND_USE_DESIGNATION":"Countryside Area"},"geometry":{"type":"Polygon","coordinates":[[[-78.02162,44.06951],[-78.02224,44.07074],[-78.03297,44.06823],[-78.02551,44.06472],[-78.02259,44.06617],[-78.02162,44.06951]]]}},{"type":"Feature","properties":{"OGF_ID":457,"LAND_USE_DESIGNATION":"Rural Settlement"},"geometry":{"type":"Polygon","coordinates":[[[-78.37173,44.07516],[-78.37399,44.0762],[-78.37532,44.07767],[-78.37969,44.07641],[-78.38514,44.07336],[-78.38188,44.06711],[-78.36726,44.06765],[-78.36832,44.07178],[-78.36914,44.07548],[-78.37173,44.07516]]]}},{"type":"Feature","properties":{"OGF_ID":458,"LAND_USE_DESIGNATION":"Countryside Area"},"geometry":{"type":"Polygon","coordinates":[[[-78.76278,44.08585],[-78.76137,44.08321],[-78.76316,44.08379],[-78.76388,44.08493],[-78.76222,44.08491],[-78.76278,44.08585]]]}},{"type":"Feature","properties":{"OGF_ID":459,"LAND_USE_DESIGNATION":"Countryside Area"},"geometry":{"type":"Polygon","coordinates":[[[-78.04614,44.05819],[-78.04768,44.05779],[-78.04973,44.06215],[-78.05918,44.06015],[-78.05491,44.04993],[-78.05352,44.04976],[-78.05265,44.0483],[-78.05184,44.05146],[-78.04881,44.05612],[-78.04614,44.05819]]]}},{"type":"Feature","properties":{"OGF_ID":460,"LAND_USE_DESIGNATION":"Rural Settlement"},"geometry":{"type":"Polygon","coordinates":[[[-78.928,44.02138],[-78.92787,44.02066],[-78.92959,44.02025],[-78.92937,44.01974],[-78.93235,44.019],[-78.93249,44.0189],[-78.93344,44.01743],[-78.93353,44.01644],[-78.93278,44.01575],[-78.93177,44.016],[-78.9316,44.01604],[-78.92785,44.01695],[-78.92674,44.01472],[-78.92539,44.01499],[-78.92586,44.0218],[-78.928,44.02138]]]}},{"type":"Feature","properties":{"OGF_ID":407,"LAND_USE_DESIGNATION":"Rural Settlement"},"geometry":{"type":"Polygon","coordinates":[[[-78.08542,44.14665],[-78.08418,44.14692],[-78.08404,44.14789],[-78.08684,44.15491],[-78.08842,44.15509],[-78.08816,44.1509],[-78.08541,44.14779],[-78.08542,44.14665]]]}},{"type":"Feature","properties":{"OGF_ID":408,"LAND_USE_DESIGNATION":"Rural Settlement"},"geometry":{"type":"Polygon","coordinates":[[[-78.09185,44.1542],[-78.09287,44.15384],[-78.09285,44.15225],[-78.08979,44.14664],[-78.09185,44.1542]]]}},{"type":"Feature","properties":{"OGF_ID":409,"LAND_USE_DESIGNATION":"Countryside Area"},"geometry":{"type":"Polygon","coordinates":[[[-78.15437,44.15194],[-78.15417,44.14992],[-78.15223,44.14997],[-78.15206,44.15154],[-78.14996,44.15393],[-78.15437,44.15194]]]}},{"type":"Feature","properties":{"OGF_ID":586,"LAND_USE_DESIGNATION":"Natural Linkage Area"},"geometry":{"type":"Polygon","coordinates":[[[-78.07815,44.16679],[-78.07905,44.16848],[-78.07989,44.16842],[-78.08084,44.17207],[-78.08372,44.17104],[-78.08333,44.16978],[-78.08637,44.16893],[-78.08726,44.17262],[-78.08816,44.17269],[-78.08752,44.17485],[-78.08614,44.17551],[-78.08646,44.17622],[-78.08964,44.17539],[-78.09256,44.16698],[-78.09032,44.1659],[-78.09089,44.16707],[-78.08645,44.16778],[-78.08537,44.16588],[-78.08087,44.16731],[-78.07991,44.16527],[-78.07815,44.16679]]]}},{"type":"Feature","properties":{"OGF_ID":587,"LAND_USE_DESIGNATION":"Countryside Area"},"geometry":{"type":"Polygon","coordinates":[[[-78.04524,44.19075],[-78.04524,44.19075],[-78.04581,44.19133],[-78.04524,44.19075]]]}},{"type":"Feature","properties":{"OGF_ID":588,"LAND_USE_DESIGNATION":"Countryside Area"},"geometry":{"type":"Polygon","coordinates":[[[-78.07991,44.16527],[-78.08087,44.16731],[-78.08537,44.16588],[-78.08645,44.16778],[-78.09089,44.16707],[-78.09032,44.1659],[-78.08966,44.16501],[-78.09276,44.16301],[-78.09146,44.1602],[-78.08113,44.16262],[-78.08114,44.16421],[-78.07991,44.16527]]]}},{"type":"Feature","properties":{"OGF_ID":548,"LAND_USE_DESIGNATION":"Settlement Area"},"geometry":{"type":"Polygon","coordinates":[[[-79.4109,43.91632],[-79.41092,43.91654],[-79.41261,43.91629],[-79.41253,43.91592],[-79.41205,43.91378],[-79.41763,43.91236],[-79.41703,43.90888],[-79.41717,43.90815],[-79.41574,43.90838],[-79.41543,43.90746],[-79.41336,43.9078],[-79.41226,43.90664],[-79.41115,43.90687],[-79.41001,43.90904],[-79.41254,43.91055],[-79.4145,43.91271],[-79.41328,43.9132],[-79.41319,43.91319],[-79.41205,43.91193],[-79.40904,43.91112],[-79.4076,43.91203],[-79.40883,43.9145],[-79.40931,43.91498],[-79.41002,43.91641],[-79.4109,43.91632]]]}},{"type":"Feature","properties":{"OGF_ID":250,"LAND_USE_DESIGNATION":"Countryside Area"},"geometry":{"type":"Polygon","coordinates":[[[-78.30106,44.09465],[-78.30055,44.09341],[-78.2994,44.09369],[-78.2993,44.0949],[-78.29469,44.09932],[-78.29264,44.09704],[-78.2925,44.09546],[-78.29165,44.09633],[-78.29184,44.09981],[-78.291,44.09955],[-78.29056,44.10028],[-78.29416,44.101],[-78.30106,44.09465]]]}},{"type":"Feature","properties":{"OGF_ID":247,"LAND_USE_DESIGNATION":"Rural Settlement"},"geometry":{"type":"Polygon","coordinates":[[[-78.62759,44.11164],[-78.63045,44.11351],[-78.63252,44.11345],[-78.63777,44.11088],[-78.63034,44.10346],[-78.63127,44.1],[-78.6333,44.09949],[-78.63156,44.09536],[-78.62809,44.09631],[-78.62608,44.09604],[-78.62395,44.09262],[-78.6244,44.08791],[-78.61707,44.08955],[-78.62046,44.09683],[-78.61738,44.10024],[-78.61504,44.10092],[-78.61634,44.10342],[-78.61678,44.1037],[-78.61812,44.10338],[-78.6184,44.10393],[-78.62321,44.10467],[-78.62759,44.11164]]]}},{"type":"Feature","properties":{"OGF_ID":248,"LAND_USE_DESIGNATION":"Rural Settlement"},"geometry":{"type":"Polygon","coordinates":[[[-79.34479,44.11987],[-79.34174,44.12046],[-79.34297,44.12302],[-79.34157,44.12334],[-79.34184,44.12432],[-79.34322,44.12516],[-79.3457,44.12438],[-79.34479,44.11987]]]}},{"type":"Feature","properties":{"OGF_ID":249,"LAND_USE_DESIGNATION":"Countryside Area"},"geometry":{"type":"Polygon","coordinates":[[[-79.3188,44.12161],[-79.32008,44.12137],[-79.32019,44.12015],[-79.3188,44.12161]]]}},{"type":"Feature","properties":{"OGF_ID":410,"LAND_USE_DESIGNATION":"Countryside Area"},"geometry":{"type":"Polygon","coordinates":[[[-79.08014,44.08555],[-79.07875,44.0824],[-79.08175,44.08175],[-79.0843,44.08212],[-79.0849,44.08109],[-79.0873,44.08027],[-79.09339,44.07915],[-79.09284,44.07744],[-79.10502,44.07458],[-79.09983,44.06309],[-79.09475,44.0637],[-79.09451,44.06292],[-79.09314,44.06323],[-79.09345,44.06402],[-79.08772,44.06544],[-79.08517,44.05984],[-79.08214,44.06054],[-79.07906,44.05633],[-79.07901,44.05334],[-79.07991,44.05314],[-79.07841,44.04976],[-79.0659,44.05232],[-79.06487,44.04982],[-79.05588,44.0519],[-79.055,44.05146],[-79.05491,44.05249],[-79.0513,44.05329],[-79.05359,44.05448],[-79.05471,44.05632],[-79.05355,44.05777],[-79.05436,44.05744],[-79.05579,44.05965],[-79.05892,44.06124],[-79.05986,44.06326],[-79.05928,44.06417],[-79.06099,44.06463],[-79.06231,44.0628],[-79.06451,44.0622],[-79.06529,44.06273],[-79.06612,44.06848],[-79.06843,44.06795],[-79.06768,44.06594],[-79.07127,44.06511],[-79.07384,44.06852],[-79.07328,44.06984],[-79.07431,44.07229],[-79.07379,44.0789],[-79.07254,44.08055],[-79.07603,44.08251],[-79.07704,44.08491],[-79.08014,44.08555]]]}},{"type":"Feature","properties":{"OGF_ID":411,"LAND_USE_DESIGNATION":"Countryside Area"},"geometry":{"type":"Polygon","coordinates":[[[-79.15734,44.08202],[-79.1411,44.08565],[-79.14547,44.08558],[-79.147,44.08633],[-79.15001,44.0853],[-79.15702,44.08608],[-79.15874,44.08502],[-79.15925,44.08356],[-79.15734,44.08202]]]}},{"type":"Feature","properties":{"OGF_ID":412,"LAND_USE_DESIGNATION":"Countryside Area"},"geometry":{"type":"Polygon","coordinates":[[[-78.80553,44.06753],[-78.80078,44.06861],[-78.80085,44.07206],[-78.80312,44.08005],[-78.8049,44.07889],[-78.80622,44.07617],[-78.8053,44.07342],[-78.80553,44.06753]]]}},{"type":"Feature","properties":{"OGF_ID":413,"LAND_USE_DESIGNATION":"Countryside Area"},"geometry":{"type":"Polygon","coordinates":[[[-79.81219,43.86643],[-79.81573,43.86615],[-79.8153,43.86674],[-79.8164,43.86755],[-79.81788,43.86569],[-79.81615,43.86429],[-79.81733,43.86317],[-79.8166,43.86229],[-79.81136,43.85812],[-79.80983,43.85794],[-79.80921,43.85567],[-79.80812,43.85495],[-79.80714,43.85629],[-79.80238,43.85867],[-79.80335,43.85929],[-79.80421,43.85843],[-79.8078,43.86102],[-79.80587,43.86277],[-79.80773,43.86319],[-79.81218,43.86643],[-79.81219,43.86643]]]}},{"type":"Feature","properties":{"OGF_ID":414,"LAND_USE_DESIGNATION":"Countryside Area"},"geometry":{"type":"Polygon","coordinates":[[[-79.8087,43.86671],[-79.80681,43.86566],[-79.80527,43.86676],[-79.8087,43.86671]]]}},{"type":"Feature","properties":{"OGF_ID":46,"LAND_USE_DESIGNATION":"Countryside Area"},"geometry":{"type":"Polygon","coordinates":[[[-78.11879,44.04016],[-78.11862,44.03741],[-78.11671,44.0382],[-78.11578,44.03789],[-78.11604,44.03606],[-78.11445,44.03651],[-78.11487,44.03843],[-78.11314,44.03964],[-78.11395,44.04097],[-78.11799,44.04108],[-78.11879,44.04016]]]}},{"type":"Feature","properties":{"OGF_ID":47,"LAND_USE_DESIGNATION":"Countryside Area"},"geometry":{"type":"Polygon","coordinates":[[[-79.34628,44.06441],[-79.34511,44.06538],[-79.34638,44.06558],[-79.34628,44.06441]]]}},{"type":"Feature","properties":{"OGF_ID":574,"LAND_USE_DESIGNATION":"Natural Core Area"},"geometry":{"type":"Polygon","coordinates":[[[-79.40916,43.91491],[-79.40931,43.91498],[-79.40883,43.9145],[-79.40916,43.91491]]]}},{"type":"Feature","properties":{"OGF_ID":575,"LAND_USE_DESIGNATION":"Natural Core Area"},"geometry":{"type":"Polygon","coordinates":[[[-79.40833,43.91774],[-79.40849,43.91844],[-79.4096,43.91819],[-79.40833,43.91774]]]}},{"type":"Feature","properties":{"OGF_ID":576,"LAND_USE_DESIGNATION":"Natural Core Area"},"geometry":{"type":"Polygon","coordinates":[[[-79.41093,43.9166],[-79.4106,43.91797],[-79.41288,43.91748],[-79.41261,43.91629],[-79.41093,43.9166]]]}},{"type":"Feature","properties":{"OGF_ID":577,"LAND_USE_DESIGNATION":"Countryside Area"},"geometry":{"type":"Polygon","coordinates":[[[-79.40876,43.93167],[-79.41005,43.93517],[-79.41463,43.93406],[-79.41333,43.92875],[-79.4121,43.92889],[-79.41153,43.92706],[-79.40965,43.9271],[-79.40835,43.92606],[-79.40618,43.92263],[-79.4059,43.92095],[-79.40889,43.92023],[-79.4085,43.91847],[-79.40108,43.92006],[-79.4007,43.91855],[-79.40026,43.91675],[-79.39596,43.91762],[-79.39423,43.91896],[-79.39624,43.92038],[-79.39827,43.92068],[-79.404,43.93073],[-79.40876,43.93167]]]}},{"type":"Feature","properties":{"OGF_ID":578,"LAND_USE_DESIGNATION":"Settlement Area"},"geometry":{"type":"Polygon","coordinates":[[[-79.40805,43.91771],[-79.40833,43.91774],[-79.40813,43.91683],[-79.40794,43.91771],[-79.40805,43.91771]]]}},{"type":"Feature","properties":{"OGF_ID":434,"LAND_USE_DESIGNATION":"Countryside Area"},"geometry":{"type":"Polygon","coordinates":[[[-78.98896,44.01581],[-78.99029,44.01789],[-79.01056,44.01153],[-79.01208,44.01488],[-79.01555,44.01422],[-79.01491,44.01026],[-79.01259,44.01076],[-79.01143,44.00854],[-79.00996,44.00791],[-79.01528,44.00505],[-79.01501,44.00399],[-79.01338,44.00377],[-79.01469,44.00306],[-79.01221,43.99716],[-79.00906,43.99564],[-79.00603,43.99643],[-79.00047,43.99627],[-78.99921,43.99838],[-78.99708,43.99803],[-78.99072,43.99941],[-78.99034,44.0002],[-78.99502,43.9991],[-78.99601,44.00115],[-79.00028,44.00011],[-79.00056,44.00076],[-79.00082,44.00188],[-78.99942,44.00224],[-79.00041,44.00441],[-78.99792,44.00502],[-78.99886,44.00789],[-78.99786,44.00744],[-78.99279,44.00862],[-78.99212,44.00695],[-78.99087,44.00728],[-78.98926,44.00246],[-78.98887,44.00328],[-78.98747,43.99996],[-78.98881,43.9959],[-78.98731,43.99572],[-78.98423,43.99988],[-78.98601,44.00407],[-78.98471,44.00647],[-78.98329,44.00614],[-78.98357,44.00856],[-78.98365,44.00923],[-78.98702,44.01551],[-78.98896,44.01581]]]}},{"type":"Feature","properties":{"OGF_ID":251,"LAND_USE_DESIGNATION":"Countryside Area"},"geometry":{"type":"Polygon","coordinates":[[[-79.3829,44.12086],[-79.38423,44.11754],[-79.38175,44.11402],[-79.38227,44.11162],[-79.38023,44.11202],[-79.38114,44.11509],[-79.38004,44.11544],[-79.38058,44.11677],[-79.38228,44.11657],[-79.38316,44.11914],[-79.38121,44.11962],[-79.38159,44.12121],[-79.3829,44.12086]]]}},{"type":"Feature","properties":{"OGF_ID":252,"LAND_USE_DESIGNATION":"Countryside Area"},"geometry":{"type":"Polygon","coordinates":[[[-78.62321,44.10467],[-78.6184,44.10393],[-78.61812,44.10338],[-78.61678,44.1037],[-78.61842,44.10783],[-78.62321,44.10467]]]}},{"type":"Feature","properties":{"OGF_ID":449,"LAND_USE_DESIGNATION":"Natural Linkage Area"},"geometry":{"type":"Polygon","coordinates":[[[-79.53575,43.91186],[-79.54889,43.90897],[-79.5386,43.9076],[-79.52772,43.9003],[-79.5201,43.89665],[-79.51649,43.89309],[-79.50981,43.89463],[-79.50448,43.90075],[-79.50602,43.90474],[-79.51069,43.90392],[-79.51261,43.91073],[-79.51395,43.91064],[-79.51543,43.91244],[-79.52359,43.91301],[-79.52291,43.91084],[-79.52638,43.91009],[-79.52606,43.90712],[-79.52773,43.90778],[-79.52971,43.91095],[-79.5349,43.9112],[-79.53533,43.91195],[-79.53575,43.91186]]]}},{"type":"Feature","properties":{"OGF_ID":450,"LAND_USE_DESIGNATION":"Countryside Area"},"geometry":{"type":"Polygon","coordinates":[[[-79.75257,43.91392],[-79.75504,43.91514],[-79.75658,43.9138],[-79.75767,43.91431],[-79.76047,43.91132],[-79.75936,43.9102],[-79.75583,43.9128],[-79.75257,43.91392]]]}},{"type":"Feature","properties":{"OGF_ID":451,"LAND_USE_DESIGNATION":"Countryside Area"},"geometry":{"type":"Polygon","coordinates":[[[-78.15738,44.05089],[-78.14575,44.04712],[-78.13737,44.04661],[-78.13068,44.04799],[-78.13126,44.0492],[-78.12935,44.04974],[-78.12943,44.05049],[-78.13026,44.05217],[-78.13249,44.05172],[-78.13318,44.05318],[-78.13095,44.05415],[-78.12973,44.05725],[-78.12513,44.05828],[-78.12362,44.05498],[-78.12148,44.05696],[-78.12371,44.06206],[-78.12129,44.06332],[-78.12238,44.06588],[-78.12317,44.0657],[-78.12479,44.06808],[-78.12771,44.06738],[-78.1286,44.06619],[-78.12823,44.06479],[-78.13437,44.06324],[-78.13468,44.06154],[-78.13698,44.06151],[-78.13651,44.05987],[-78.13785,44.0595],[-78.13984,44.0602],[-78.14144,44.06241],[-78.14014,44.06686],[-78.14352,44.07429],[-78.14779,44.0749],[-78.14874,44.07379],[-78.14691,44.06806],[-78.15015,44.06362],[-78.15444,44.06188],[-78.15241,44.0579],[-78.1528,44.05643],[-78.15384,44.05603],[-78.15335,44.05469],[-78.15548,44.05382],[-78.15517,44.05243],[-78.15614,44.05111],[-78.15738,44.05089]]]}},{"type":"Feature","properties":{"OGF_ID":452,"LAND_USE_DESIGNATION":"Countryside Area"},"geometry":{"type":"Polygon","coordinates":[[[-78.15448,44.07467],[-78.15687,44.07411],[-78.15581,44.07187],[-78.15752,44.06947],[-78.15511,44.06944],[-78.15456,44.06877],[-78.15685,44.06716],[-78.15858,44.0644],[-78.15782,44.06355],[-78.15353,44.06626],[-78.15206,44.06924],[-78.15448,44.07467]]]}},{"type":"Feature","properties":{"OGF_ID":473,"LAND_USE_DESIGNATION":"Natural Core Area"},"geometry":{"type":"Polygon","coordinates":[[[-78.05491,44.04993],[-78.05695,44.04903],[-78.05508,44.04834],[-78.05213,44.04318],[-78.05204,44.04221],[-78.05552,44.04144],[-78.05478,44.03948],[-78.0556,44.03922],[-78.0554,44.03747],[-78.05414,44.0352],[-78.05167,44.03593],[-78.05194,44.03768],[-78.05042,44.03866],[-78.04526,44.04081],[-78.04515,44.03961],[-78.0404,44.04103],[-78.03982,44.04026],[-78.03491,44.04101],[-78.03432,44.03973],[-78.0294,44.03952],[-78.03019,44.04124],[-78.03764,44.04402],[-78.03809,44.0463],[-78.04086,44.04608],[-78.04309,44.04372],[-78.04754,44.04195],[-78.04879,44.04418],[-78.05302,44.04685],[-78.05265,44.0483],[-78.05352,44.04976],[-78.05491,44.04993]]]}},{"type":"Feature","properties":{"OGF_ID":474,"LAND_USE_DESIGNATION":"Natural Linkage Area"},"geometry":{"type":"Polygon","coordinates":[[[-79.41919,43.91221],[-79.42139,43.91528],[-79.42327,43.91484],[-79.42551,43.91618],[-79.42532,43.91537],[-79.42313,43.91407],[-79.42125,43.91437],[-79.42051,43.91192],[-79.42034,43.91176],[-79.41908,43.91204],[-79.41919,43.91221]]]}},{"type":"Feature","properties":{"OGF_ID":475,"LAND_USE_DESIGNATION":"Natural Linkage Area"},"geometry":{"type":"Polygon","coordinates":[[[-79.58762,43.91549],[-79.58851,43.91532],[-79.58801,43.91339],[-79.5899,43.91213],[-79.59168,43.91467],[-79.594,43.91426],[-79.59495,43.91776],[-79.60414,43.91592],[-79.60382,43.9145],[-79.58876,43.91176],[-79.58659,43.91316],[-79.58664,43.91549],[-79.58762,43.91549]]]}},{"type":"Feature","properties":{"OGF_ID":476,"LAND_USE_DESIGNATION":"Countryside Area"},"geometry":{"type":"Polygon","coordinates":[[[-79.42051,43.91192],[-79.42125,43.91437],[-79.42313,43.91407],[-79.42532,43.91537],[-79.42478,43.91322],[-79.42428,43.91109],[-79.42051,43.91192]]]}},{"type":"Feature","properties":{"OGF_ID":477,"LAND_USE_DESIGNATION":"Settlement Area"},"geometry":{"type":"Polygon","coordinates":[[[-79.52618,43.91396],[-79.52411,43.91438],[-79.52486,43.91567],[-79.52625,43.91482],[-79.52618,43.91396]]]}},{"type":"Feature","properties":{"OGF_ID":478,"LAND_USE_DESIGNATION":"Countryside Area"},"geometry":{"type":"Polygon","coordinates":[[[-79.58664,43.91549],[-79.59142,43.92271],[-79.5929,43.92751],[-79.59231,43.9316],[-79.59429,43.93085],[-79.59408,43.92947],[-79.59742,43.92869],[-79.59694,43.92687],[-79.59625,43.92699],[-79.59562,43.92531],[-79.59409,43.92563],[-79.59176,43.92044],[-79.59035,43.92074],[-79.58973,43.91737],[-79.58762,43.91549],[-79.58664,43.91549]]]}},{"type":"Feature","properties":{"OGF_ID":444,"LAND_USE_DESIGNATION":"Countryside Area"},"geometry":{"type":"Polygon","coordinates":[[[-78.46752,44.15128],[-78.47564,44.14842],[-78.4752,44.14655],[-78.47137,44.1465],[-78.47074,44.14555],[-78.46803,44.14638],[-78.46873,44.15014],[-78.46752,44.15128]]]}},{"type":"Feature","properties":{"OGF_ID":448,"LAND_USE_DESIGNATION":"Countryside Area"},"geometry":{"type":"Polygon","coordinates":[[[-79.52618,43.91396],[-79.52638,43.91009],[-79.52291,43.91084],[-79.52359,43.91301],[-79.52411,43.91438],[-79.52618,43.91396]]]}},{"type":"Feature","properties":{"OGF_ID":445,"LAND_USE_DESIGNATION":"Countryside Area"},"geometry":{"type":"Polygon","coordinates":[[[-78.11526,44.14167],[-78.11526,44.14167],[-78.1148,44.14238],[-78.11526,44.14167]]]}},{"type":"Feature","properties":{"OGF_ID":446,"LAND_USE_DESIGNATION":"Natural Linkage Area"},"geometry":{"type":"Polygon","coordinates":[[[-79.01096,44.0553],[-79.01161,44.05452],[-79.01097,44.05462],[-79.01091,44.05357],[-79.00991,44.05488],[-79.01096,44.0553]]]}},{"type":"Feature","properties":{"OGF_ID":447,"LAND_USE_DESIGNATION":"Countryside Area"},"geometry":{"type":"Polygon","coordinates":[[[-79.00991,44.05488],[-79.01091,44.05357],[-79.00979,44.0502],[-79.00599,44.05119],[-79.00991,44.05488]]]}},{"type":"Feature","properties":{"OGF_ID":580,"LAND_USE_DESIGNATION":"Settlement Area"},"geometry":{"type":"Polygon","coordinates":[[[-79.42428,43.91109],[-79.42354,43.90788],[-79.4232,43.90801],[-79.42322,43.90834],[-79.4234,43.91101],[-79.42034,43.91176],[-79.42051,43.91192],[-79.42428,43.91109]]]}},{"type":"Feature","properties":{"OGF_ID":581,"LAND_USE_DESIGNATION":"Settlement Area"},"geometry":{"type":"Polygon","coordinates":[[[-79.41919,43.91221],[-79.41908,43.91204],[-79.41763,43.91236],[-79.41205,43.91378],[-79.41919,43.91221]]]}},{"type":"Feature","properties":{"OGF_ID":582,"LAND_USE_DESIGNATION":"Natural Linkage Area"},"geometry":{"type":"Polygon","coordinates":[[[-79.46558,43.92196],[-79.46745,43.92287],[-79.46767,43.92457],[-79.46835,43.92443],[-79.46662,43.92181],[-79.46558,43.92196]]]}},{"type":"Feature","properties":{"OGF_ID":583,"LAND_USE_DESIGNATION":"Settlement Area"},"geometry":{"type":"Polygon","coordinates":[[[-79.46458,43.91932],[-79.46465,43.91943],[-79.46563,43.91922],[-79.46458,43.91932]]]}},{"type":"Feature","properties":{"OGF_ID":584,"LAND_USE_DESIGNATION":"Natural Linkage Area"},"geometry":{"type":"Polygon","coordinates":[[[-79.46575,43.91954],[-79.466,43.92028],[-79.46522,43.92044],[-79.46523,43.92047],[-79.46558,43.92098],[-79.46628,43.92083],[-79.46575,43.91954]]]}},{"type":"Feature","properties":{"OGF_ID":435,"LAND_USE_DESIGNATION":"Countryside Area"},"geometry":{"type":"Polygon","coordinates":[[[-79.8222,44.02515],[-79.82047,44.02555],[-79.82165,44.02932],[-79.82569,44.02849],[-79.82923,44.02566],[-79.83045,44.02407],[-79.82989,44.02036],[-79.8309,44.02036],[-79.83095,44.02219],[-79.83197,44.02237],[-79.8348,44.01967],[-79.83524,44.01528],[-79.83345,44.01226],[-79.83427,44.00722],[-79.83525,44.00729],[-79.8352,44.00926],[-79.83664,44.00805],[-79.83463,44.00349],[-79.83191,44.00153],[-79.83186,43.99934],[-79.8286,43.99969],[-79.8289,44.00076],[-79.82813,44.00101],[-79.82638,43.99827],[-79.81333,44.00112],[-79.81247,44.00232],[-79.81435,44.01059],[-79.81205,44.0129],[-79.81207,44.01617],[-79.8132,44.02066],[-79.81326,44.0209],[-79.82065,44.0192],[-79.8222,44.02515]]]}},{"type":"Feature","properties":{"OGF_ID":436,"LAND_USE_DESIGNATION":"Countryside Area"},"geometry":{"type":"Polygon","coordinates":[[[-79.71383,43.90893],[-79.71353,43.90663],[-79.71232,43.9075],[-79.71266,43.90891],[-79.71383,43.90893]]]}},{"type":"Feature","properties":{"OGF_ID":437,"LAND_USE_DESIGNATION":"Natural Linkage Area"},"geometry":{"type":"Polygon","coordinates":[[[-79.54714,44.05128],[-79.54548,44.05187],[-79.54576,44.0536],[-79.5661,44.04788],[-79.57535,44.04382],[-79.58407,44.03897],[-79.59424,44.035],[-79.60307,44.02926],[-79.60559,44.02639],[-79.60732,44.02601],[-79.60752,44.02577],[-79.60678,44.02546],[-79.6081,44.02414],[-79.60809,44.02087],[-79.61164,44.01966],[-79.61173,44.01848],[-79.61315,44.01748],[-79.6129,44.01671],[-79.61112,44.01651],[-79.61345,44.01545],[-79.61026,44.01534],[-79.60937,44.01452],[-79.57626,44.02196],[-79.5761,44.02137],[-79.57582,44.02037],[-79.57438,44.02046],[-79.5732,44.0188],[-79.57125,44.01922],[-79.57073,44.01727],[-79.56796,44.01746],[-79.5675,44.01614],[-79.56679,44.01624],[-79.5655,44.01315],[-79.56633,44.01258],[-79.56568,44.01024],[-79.56552,44.00939],[-79.55916,44.01088],[-79.55874,44.00921],[-79.56261,44.00832],[-79.56198,44.00585],[-79.57307,44.00352],[-79.57018,43.99082],[-79.57474,43.99047],[-79.57825,43.98653],[-79.57788,43.98478],[-79.58067,43.98273],[-79.58008,43.98016],[-79.57862,43.98073],[-79.57673,43.9845],[-79.57684,43.9873],[-79.57555,43.98778],[-79.57462,43.98946],[-79.57352,43.98966],[-79.57191,43.98844],[-79.56971,43.98877],[-79.56932,43.98706],[-79.57224,43.98437],[-79.5707,43.98164],[-79.57696,43.97979],[-79.57558,43.97434],[-79.57622,43.97414],[-79.57569,43.97249],[-79.57676,43.97213],[-79.57548,43.96854],[-79.57153,43.96944],[-79.56951,43.96781],[-79.56863,43.96803],[-79.56597,43.963],[-79.56044,43.96455],[-79.56214,43.97117],[-79.56011,43.97159],[-79.56192,43.97506],[-79.55773,43.97615],[-79.55826,43.97764],[-79.55469,43.97834],[-79.55407,43.97684],[-79.55311,43.9771],[-79.55281,43.9795],[-79.55382,43.98071],[-79.54681,43.98226],[-79.54568,43.97676],[-79.54178,43.97758],[-79.5426,43.98072],[-79.54543,43.99234],[-79.53293,43.995],[-79.53195,43.99095],[-79.53596,43.99005],[-79.53331,43.98331],[-79.53781,43.98239],[-79.53482,43.98118],[-79.5297,43.98223],[-79.53075,43.98593],[-79.52347,43.98752],[-79.52284,43.98946],[-79.52424,43.98982],[-79.52536,43.99325],[-79.52266,43.9937],[-79.5225,43.9932],[-79.52234,43.99266],[-79.5204,43.99306],[-79.5201,43.99219],[-79.5147,43.99188],[-79.51131,43.99309],[-79.51059,43.99199],[-79.50878,43.99198],[-79.5084,43.99118],[-79.5097,43.99091],[-79.50935,43.98851],[-79.51121,43.98683],[-79.51067,43.9852],[-79.50963,43.98514],[-79.50784,43.97787],[-79.50481,43.9808],[-79.50338,43.98031],[-79.49321,43.98319],[-79.49423,43.98316],[-79.49509,43.9863],[-79.5032,43.98472],[-79.50425,43.98818],[-79.50128,43.98914],[-79.50494,43.99204],[-79.50539,43.994],[-79.50363,43.99352],[-79.49439,43.99468],[-79.49466,43.99583],[-79.49533,43.99676],[-79.50047,43.99581],[-79.50149,43.99623],[-79.50406,43.99518],[-79.50575,43.99962],[-79.50887,43.99977],[-79.50931,44.00061],[-79.50928,44.00232],[-79.50782,44.00283],[-79.50839,44.00762],[-79.50658,44.00896],[-79.50702,44.01267],[-79.50448,44.01326],[-79.5053,44.01492],[-79.49954,44.01632],[-79.50169,44.02723],[-79.50476,44.03026],[-79.51083,44.02892],[-79.5106,44.02508],[-79.5177,44.02354],[-79.51703,44.02002],[-79.51444,44.02067],[-79.51388,44.01891],[-79.51493,44.01869],[-79.51456,44.01746],[-79.51361,44.01765],[-79.51338,44.01704],[-79.51565,44.0165],[-79.51366,44.0091],[-79.51418,44.00469],[-79.51268,44.00215],[-79.51252,43.99621],[-79.51871,43.99491],[-79.52387,43.99675],[-79.52483,43.99877],[-79.52874,43.99796],[-79.52989,43.99958],[-79.5336,43.99895],[-79.53556,44.00403],[-79.53962,44.00312],[-79.54121,44.00825],[-79.54318,44.00791],[-79.54376,44.01011],[-79.53941,44.01113],[-79.54024,44.01336],[-79.54302,44.01341],[-79.54077,44.01538],[-79.5418,44.01798],[-79.54258,44.01783],[-79.54271,44.01851],[-79.54148,44.01884],[-79.5431,44.02368],[-79.54754,44.02282],[-79.54957,44.02413],[-79.55096,44.02392],[-79.55174,44.02582],[-79.55517,44.02488],[-79.55578,44.02552],[-79.55628,44.02817],[-79.55451,44.02933],[-79.55094,44.03017],[-79.54872,44.02837],[-79.54677,44.02876],[-79.54676,44.03109],[-79.54948,44.03403],[-79.54138,44.03092],[-79.5428,44.03669],[-79.5445,44.03642],[-79.54413,44.03891],[-79.54573,44.03945],[-79.54553,44.04034],[-79.58189,44.03193],[-79.58252,44.03448],[-79.58485,44.03413],[-79.58571,44.03736],[-79.57191,44.04396],[-79.56953,44.04431],[-79.56895,44.04254],[-79.56684,44.04282],[-79.56696,44.0447],[-79.56836,44.04544],[-79.56488,44.04764],[-79.56389,44.04623],[-79.55926,44.04713],[-79.55748,44.04817],[-79.55705,44.0468],[-79.55395,44.04597],[-79.55368,44.04529],[-79.54588,44.04412],[-79.54003,44.04161],[-79.53622,44.04259],[-79.53964,44.04411],[-79.53982,44.04559],[-79.5426,44.04501],[-79.54381,44.0453],[-79.54419,44.0463],[-79.54691,44.04606],[-79.55343,44.04765],[-79.55307,44.04972],[-79.55196,44.05007],[-79.55077,44.049],[-79.55112,44.05061],[-79.54714,44.05128]]]}},{"type":"Feature","properties":{"OGF_ID":438,"LAND_USE_DESIGNATION":"Natural Linkage Area"},"geometry":{"type":"Polygon","coordinates":[[[-78.58107,44.15614],[-78.57735,44.15658],[-78.57547,44.15533],[-78.57454,44.15433],[-78.57518,44.15367],[-78.57394,44.15319],[-78.57451,44.15163],[-78.5732,44.14809],[-78.56916,44.14908],[-78.57094,44.15312],[-78.57254,44.15574],[-78.57586,44.15756],[-78.58171,44.15764],[-78.58107,44.15614]]]}},{"type":"Feature","properties":{"OGF_ID":439,"LAND_USE_DESIGNATION":"Natural Linkage Area"},"geometry":{"type":"Polygon","coordinates":[[[-78.46478,44.15449],[-78.46675,44.15439],[-78.46792,44.15316],[-78.47037,44.1524],[-78.47307,44.15324],[-78.47504,44.15265],[-78.4747,44.15038],[-78.47604,44.14965],[-78.47761,44.15009],[-78.47724,44.14805],[-78.47804,44.14766],[-78.4768,44.14437],[-78.47629,44.14606],[-78.4752,44.14655],[-78.47564,44.14842],[-78.46752,44.15128],[-78.46691,44.15229],[-78.46389,44.15341],[-78.46478,44.15449]]]}},{"type":"Feature","properties":{"OGF_ID":440,"LAND_USE_DESIGNATION":"Countryside Area"},"geometry":{"type":"Polygon","coordinates":[[[-78.56916,44.14908],[-78.5732,44.14809],[-78.57451,44.15163],[-78.57394,44.15319],[-78.57518,44.15367],[-78.57454,44.15433],[-78.57547,44.15533],[-78.57735,44.15658],[-78.58107,44.15614],[-78.58032,44.15439],[-78.58294,44.15381],[-78.58244,44.15083],[-78.58494,44.15021],[-78.5856,44.14887],[-78.58874,44.14761],[-78.58765,44.14456],[-78.58874,44.14422],[-78.58731,44.14058],[-78.58876,44.13913],[-78.58762,44.13592],[-78.58461,44.13662],[-78.58126,44.12985],[-78.57805,44.13046],[-78.5762,44.1267],[-78.57301,44.12897],[-78.56942,44.12981],[-78.56837,44.12714],[-78.56447,44.12858],[-78.5609,44.1306],[-78.55883,44.13305],[-78.55916,44.13375],[-78.55739,44.1341],[-78.55575,44.1357],[-78.55859,44.14263],[-78.55704,44.14296],[-78.55962,44.14888],[-78.56468,44.14787],[-78.56404,44.14425],[-78.56702,44.14312],[-78.56822,44.14321],[-78.56827,44.14639],[-78.5671,44.14795],[-78.56916,44.14908]]]}},{"type":"Feature","properties":{"OGF_ID":441,"LAND_USE_DESIGNATION":"Rural Settlement"},"geometry":{"type":"Polygon","coordinates":[[[-78.46752,44.15128],[-78.46873,44.15014],[-78.46803,44.14638],[-78.47074,44.14555],[-78.46988,44.14362],[-78.46573,44.14275],[-78.46295,44.14256],[-78.46356,44.14369],[-78.46112,44.14553],[-78.46061,44.14807],[-78.46389,44.15341],[-78.46691,44.15229],[-78.46752,44.15128]]]}},{"type":"Feature","properties":{"OGF_ID":442,"LAND_USE_DESIGNATION":"Countryside Area"},"geometry":{"type":"Polygon","coordinates":[[[-78.09405,44.14353],[-78.09405,44.14353],[-78.095,44.14256],[-78.09405,44.14353]]]}},{"type":"Feature","properties":{"OGF_ID":443,"LAND_USE_DESIGNATION":"Countryside Area"},"geometry":{"type":"Polygon","coordinates":[[[-77.93616,44.13848],[-77.93482,44.13534],[-77.93344,44.13692],[-77.93616,44.13848]]]}},{"type":"Feature","properties":{"OGF_ID":48,"LAND_USE_DESIGNATION":"Countryside Area"},"geometry":{"type":"Polygon","coordinates":[[[-78.93435,44.05163],[-78.93642,44.05259],[-78.93971,44.05787],[-78.94161,44.05857],[-78.94256,44.05823],[-78.94371,44.05515],[-78.95176,44.04533],[-78.94967,44.04588],[-78.94676,44.04819],[-78.94676,44.04921],[-78.94328,44.04913],[-78.94233,44.04715],[-78.93897,44.04818],[-78.93435,44.05163]]]}},{"type":"Feature","properties":{"OGF_ID":49,"LAND_USE_DESIGNATION":"Natural Linkage Area"},"geometry":{"type":"Polygon","coordinates":[[[-78.11979,44.039],[-78.11979,44.03756],[-78.11862,44.03741],[-78.11879,44.04016],[-78.11979,44.039]]]}},{"type":"Feature","properties":{"OGF_ID":50,"LAND_USE_DESIGNATION":"Countryside Area"},"geometry":{"type":"Polygon","coordinates":[[[-79.2687,44.05676],[-79.27059,44.06328],[-79.27438,44.06244],[-79.3082,44.05495],[-79.30733,44.05154],[-79.30586,44.05176],[-79.30487,44.04804],[-79.30657,44.04753],[-79.30602,44.04424],[-79.3074,44.04355],[-79.29746,44.04591],[-79.2979,44.04779],[-79.29571,44.04827],[-79.29609,44.04989],[-79.27488,44.05452],[-79.27437,44.05222],[-79.28184,44.05064],[-79.28143,44.04923],[-79.27408,44.05088],[-79.27277,44.04537],[-79.28534,44.04262],[-79.28354,44.04089],[-79.28617,44.04032],[-79.28572,44.03851],[-79.28711,44.0382],[-79.28614,44.03382],[-79.2899,44.03439],[-79.28856,44.02824],[-79.28378,44.02933],[-79.28221,44.02973],[-79.28135,44.03106],[-79.28333,44.03313],[-79.27674,44.03469],[-79.2768,44.03861],[-79.27576,44.03882],[-79.27382,44.03946],[-79.27386,44.04022],[-79.27137,44.03975],[-79.26925,44.04031],[-79.26786,44.04232],[-79.26958,44.04609],[-79.26623,44.0476],[-79.26704,44.04946],[-79.26834,44.04924],[-79.26868,44.0502],[-79.26745,44.05055],[-79.26887,44.05357],[-79.26818,44.0538],[-79.2687,44.05676]]]}},{"type":"Feature","properties":{"OGF_ID":51,"LAND_USE_DESIGNATION":"Natural Linkage Area"},"geometry":{"type":"Polygon","coordinates":[[[-78.11267,44.03887],[-78.11314,44.03964],[-78.11487,44.03843],[-78.11445,44.03651],[-78.11604,44.03606],[-78.11663,44.03189],[-78.11847,44.02965],[-78.11555,44.03033],[-78.11476,44.03147],[-78.11414,44.03066],[-78.11224,44.03108],[-78.1128,44.03211],[-78.10704,44.03375],[-78.11007,44.03728],[-78.11154,44.03634],[-78.11267,44.03887]]]}},{"type":"Feature","properties":{"OGF_ID":52,"LAND_USE_DESIGNATION":"Countryside Area"},"geometry":{"type":"Polygon","coordinates":[[[-79.0216,44.05836],[-79.02072,44.05631],[-79.01676,44.05719],[-79.01934,44.05833],[-79.0216,44.05836]]]}},{"type":"Feature","properties":{"OGF_ID":53,"LAND_USE_DESIGNATION":"Countryside Area"},"geometry":{"type":"Polygon","coordinates":[[[-78.11979,44.03756],[-78.11979,44.039],[-78.12075,44.0379],[-78.11979,44.03756]]]}},{"type":"Feature","properties":{"OGF_ID":585,"LAND_USE_DESIGNATION":"Settlement Area"},"geometry":{"type":"Polygon","coordinates":[[[-79.46563,43.91922],[-79.46563,43.91922],[-79.46575,43.91954],[-79.46563,43.91922]]]}},{"type":"Feature","properties":{"OGF_ID":271,"LAND_USE_DESIGNATION":"Countryside Area"},"geometry":{"type":"Polygon","coordinates":[[[-78.60326,44.17167],[-78.62004,44.16742],[-78.62419,44.16805],[-78.62758,44.16967],[-78.63334,44.16893],[-78.63338,44.16742],[-78.62508,44.16552],[-78.62361,44.16451],[-78.62355,44.16283],[-78.62632,44.15764],[-78.62625,44.15442],[-78.62988,44.14785],[-78.63421,44.14823],[-78.63812,44.15171],[-78.63957,44.15174],[-78.64216,44.14882],[-78.64196,44.14767],[-78.63772,44.14547],[-78.63627,44.14343],[-78.63268,44.14176],[-78.63838,44.13066],[-78.62616,44.13408],[-78.62799,44.13928],[-78.62468,44.1401],[-78.62509,44.14134],[-78.61447,44.14385],[-78.62025,44.1566],[-78.60588,44.16006],[-78.60665,44.16176],[-78.60801,44.16152],[-78.60856,44.16283],[-78.60727,44.1633],[-78.60787,44.16412],[-78.61123,44.164],[-78.61173,44.16528],[-78.60772,44.16663],[-78.60317,44.16691],[-78.60338,44.16745],[-78.60192,44.16778],[-78.60212,44.16886],[-78.6003,44.16948],[-78.60065,44.17043],[-78.60293,44.17074],[-78.60326,44.17167]]]}},{"type":"Feature","properties":{"OGF_ID":272,"LAND_USE_DESIGNATION":"Countryside Area"},"geometry":{"type":"Polygon","coordinates":[[[-78.11026,44.15612],[-78.11073,44.15727],[-78.11312,44.15742],[-78.11263,44.15846],[-78.11506,44.15976],[-78.11948,44.15917],[-78.12013,44.16011],[-78.11922,44.15553],[-78.12007,44.15335],[-78.11656,44.1503],[-78.11801,44.1458],[-78.11652,44.14614],[-78.11672,44.14716],[-78.11262,44.14798],[-78.11178,44.14533],[-78.11015,44.14683],[-78.11138,44.14878],[-78.11012,44.15094],[-78.11163,44.15403],[-78.11026,44.15612]]]}},{"type":"Feature","properties":{"OGF_ID":273,"LAND_USE_DESIGNATION":"Countryside Area"},"geometry":{"type":"Polygon","coordinates":[[[-78.1033,44.15838],[-78.10583,44.15918],[-78.10448,44.15788],[-78.1033,44.15838]]]}},{"type":"Feature","properties":{"OGF_ID":286,"LAND_USE_DESIGNATION":"Countryside Area"},"geometry":{"type":"Polygon","coordinates":[[[-79.28404,43.96324],[-79.28313,43.96387],[-79.28337,43.9649],[-79.2808,43.96547],[-79.28371,43.97892],[-79.27775,43.98022],[-79.2787,43.98531],[-79.28495,43.98401],[-79.28458,43.98253],[-79.30612,43.97782],[-79.30743,43.97674],[-79.30861,43.97518],[-79.3083,43.97403],[-79.30466,43.97224],[-79.3047,43.96874],[-79.29907,43.96503],[-79.29741,43.96269],[-79.29859,43.95864],[-79.29482,43.95824],[-79.29422,43.95559],[-79.28821,43.95327],[-79.28441,43.95244],[-79.27883,43.95357],[-79.28092,43.95197],[-79.27918,43.95104],[-79.27889,43.94954],[-79.27813,43.94969],[-79.2809,43.96333],[-79.28382,43.96272],[-79.28404,43.96324]]]}},{"type":"Feature","properties":{"OGF_ID":287,"LAND_USE_DESIGNATION":"Palgrave Estates Residential Community"},"geometry":{"type":"Polygon","coordinates":[[[-79.77494,43.9729],[-79.76939,43.97342],[-79.76701,43.9748],[-79.77561,43.98977],[-79.79167,43.98622],[-79.79134,43.98369],[-79.7973,43.97739],[-79.79525,43.9742],[-79.79413,43.97395],[-79.78788,43.97681],[-79.78477,43.97736],[-79.77852,43.97341],[-79.77494,43.9729]]]}},{"type":"Feature","properties":{"OGF_ID":291,"LAND_USE_DESIGNATION":"Settlement Area"},"geometry":{"type":"Polygon","coordinates":[[[-79.21743,43.96253],[-79.22207,43.97697],[-79.22256,43.97821],[-79.22922,43.99362],[-79.22977,43.99486],[-79.23202,43.99999],[-79.23614,43.99595],[-79.23573,43.99445],[-79.23718,43.9913],[-79.23983,43.98841],[-79.25136,43.98576],[-79.25345,43.98528],[-79.27046,43.9818],[-79.27289,43.98127],[-79.27552,43.9807],[-79.27775,43.98022],[-79.28371,43.97892],[-79.2808,43.96547],[-79.28337,43.9649],[-79.28313,43.96387],[-79.28404,43.96324],[-79.28382,43.96272],[-79.2809,43.96333],[-79.27813,43.94969],[-79.27661,43.94995],[-79.26769,43.95208],[-79.26741,43.95215],[-79.26627,43.95454],[-79.26452,43.95283],[-79.25736,43.95454],[-79.25368,43.95542],[-79.25336,43.95457],[-79.23557,43.9586],[-79.23302,43.95918],[-79.21743,43.96253]]]}},{"type":"Feature","properties":{"OGF_ID":288,"LAND_USE_DESIGNATION":"Countryside Area"},"geometry":{"type":"Polygon","coordinates":[[[-79.14406,43.96736],[-79.14712,43.96836],[-79.1493,43.97057],[-79.15088,43.97687],[-79.15238,43.97659],[-79.15223,43.97939],[-79.15374,43.98061],[-79.1549,43.97875],[-79.15651,43.97797],[-79.15671,43.97608],[-79.15409,43.97017],[-79.15202,43.9685],[-79.15075,43.96549],[-79.14641,43.96387],[-79.14747,43.96505],[-79.14334,43.96537],[-79.14406,43.96736]]]}},{"type":"Feature","properties":{"OGF_ID":289,"LAND_USE_DESIGNATION":"Countryside Area"},"geometry":{"type":"Polygon","coordinates":[[[-79.61675,43.98625],[-79.6277,43.9835],[-79.62858,43.98277],[-79.62773,43.97968],[-79.62587,43.98008],[-79.62456,43.97672],[-79.61462,43.97902],[-79.61675,43.98625]]]}},{"type":"Feature","properties":{"OGF_ID":290,"LAND_USE_DESIGNATION":"Countryside Area"},"geometry":{"type":"Polygon","coordinates":[[[-79.73379,43.9875],[-79.73486,43.98729],[-79.73449,43.98631],[-79.73593,43.98584],[-79.73563,43.98463],[-79.73665,43.98438],[-79.73615,43.98218],[-79.73321,43.98259],[-79.73274,43.98139],[-79.73078,43.98169],[-79.72839,43.98335],[-79.73379,43.9875]]]}},{"type":"Feature","properties":{"OGF_ID":292,"LAND_USE_DESIGNATION":"Countryside Area"},"geometry":{"type":"Polygon","coordinates":[[[-79.42731,43.97753],[-79.42968,43.97987],[-79.43829,43.9825],[-79.4388,43.98355],[-79.43704,43.97561],[-79.42731,43.97753]]]}},{"type":"Feature","properties":{"OGF_ID":524,"LAND_USE_DESIGNATION":"Countryside Area"},"geometry":{"type":"Polygon","coordinates":[[[-79.32117,43.96772],[-79.31888,43.96819],[-79.31932,43.97095],[-79.31781,43.97132],[-79.31835,43.97297],[-79.3161,43.97399],[-79.31708,43.97526],[-79.3214,43.97432],[-79.3254,43.97344],[-79.32409,43.96946],[-79.32117,43.96772]]]}},{"type":"Feature","properties":{"OGF_ID":526,"LAND_USE_DESIGNATION":"Natural Linkage Area"},"geometry":{"type":"Polygon","coordinates":[[[-79.1377,43.97036],[-79.1379,43.97006],[-79.13509,43.97079],[-79.13557,43.97177],[-79.1377,43.97036]]]}},{"type":"Feature","properties":{"OGF_ID":15,"LAND_USE_DESIGNATION":"Countryside Area"},"geometry":{"type":"Polygon","coordinates":[[[-79.97456,44.00875],[-79.97397,44.00707],[-79.97262,44.00672],[-79.97267,44.00514],[-79.96793,44.00669],[-79.96741,44.00621],[-79.96549,44.00648],[-79.96519,44.0054],[-79.96048,44.00642],[-79.96165,44.01034],[-79.96567,44.00846],[-79.97456,44.00875]]]}},{"type":"Feature","properties":{"OGF_ID":16,"LAND_USE_DESIGNATION":"Countryside Area"},"geometry":{"type":"Polygon","coordinates":[[[-79.13503,43.99249],[-79.13511,43.99623],[-79.13713,43.99954],[-79.13968,43.99896],[-79.13786,43.99578],[-79.13858,43.99443],[-79.13791,43.99249],[-79.14016,43.99188],[-79.13998,43.99039],[-79.14125,43.98899],[-79.13981,43.98535],[-79.13732,43.98221],[-79.13564,43.983],[-79.13547,43.98395],[-79.13599,43.98521],[-79.13354,43.98639],[-79.13332,43.98738],[-79.13478,43.99037],[-79.13413,43.9905],[-79.13503,43.99249]]]}},{"type":"Feature","properties":{"OGF_ID":149,"LAND_USE_DESIGNATION":"Countryside Area"},"geometry":{"type":"Polygon","coordinates":[[[-78.83326,44.03657],[-78.83051,44.03728],[-78.83044,44.03822],[-78.82924,44.03856],[-78.82787,44.03809],[-78.82321,44.04071],[-78.82277,44.04359],[-78.83395,44.04103],[-78.83467,44.03776],[-78.83326,44.03657]]]}},{"type":"Feature","properties":{"OGF_ID":228,"LAND_USE_DESIGNATION":"Countryside Area"},"geometry":{"type":"Polygon","coordinates":[[[-79.44741,43.92024],[-79.44898,43.92077],[-79.44799,43.91708],[-79.44502,43.91773],[-79.44652,43.91902],[-79.44618,43.91978],[-79.44741,43.92024]]]}},{"type":"Feature","properties":{"OGF_ID":225,"LAND_USE_DESIGNATION":"Natural Linkage Area"},"geometry":{"type":"Polygon","coordinates":[[[-79.80346,43.92657],[-79.80957,43.92634],[-79.812,43.92775],[-79.8139,43.92607],[-79.80981,43.9247],[-79.80253,43.92447],[-79.80691,43.92008],[-79.80232,43.91268],[-79.80387,43.91042],[-79.80291,43.90966],[-79.79781,43.91427],[-79.80104,43.91816],[-79.80478,43.92006],[-79.80049,43.92406],[-79.80138,43.92508],[-79.80091,43.92747],[-79.80233,43.92759],[-79.80346,43.92657]]]}},{"type":"Feature","properties":{"OGF_ID":226,"LAND_USE_DESIGNATION":"Countryside Area"},"geometry":{"type":"Polygon","coordinates":[[[-79.8139,43.92607],[-79.81591,43.91914],[-79.81492,43.91832],[-79.81725,43.91636],[-79.81596,43.91539],[-79.81978,43.9113],[-79.81513,43.90767],[-79.81391,43.91132],[-79.80566,43.90718],[-79.80291,43.90966],[-79.80387,43.91042],[-79.80232,43.91268],[-79.80691,43.92008],[-79.80253,43.92447],[-79.80981,43.9247],[-79.8139,43.92607]]]}},{"type":"Feature","properties":{"OGF_ID":227,"LAND_USE_DESIGNATION":"Countryside Area"},"geometry":{"type":"Polygon","coordinates":[[[-79.78774,43.91551],[-79.80138,43.92508],[-79.80049,43.92406],[-79.80478,43.92006],[-79.80104,43.91816],[-79.79781,43.91427],[-79.79475,43.91214],[-79.79312,43.9129],[-79.78931,43.91304],[-79.78713,43.91503],[-79.78774,43.91551]]]}},{"type":"Feature","properties":{"OGF_ID":465,"LAND_USE_DESIGNATION":"Countryside Area"},"geometry":{"type":"Polygon","coordinates":[[[-79.89319,44.03339],[-79.89726,44.03078],[-79.89593,44.02838],[-79.88754,44.03116],[-79.89319,44.03339]]]}},{"type":"Feature","properties":{"OGF_ID":466,"LAND_USE_DESIGNATION":"Natural Core Area"},"geometry":{"type":"Polygon","coordinates":[[[-78.09085,44.05164],[-78.0915,44.05231],[-78.09324,44.05136],[-78.09654,44.05121],[-78.09707,44.05229],[-78.09832,44.05203],[-78.09886,44.05327],[-78.10173,44.05254],[-78.10217,44.05433],[-78.10376,44.0549],[-78.10889,44.0469],[-78.11407,44.04561],[-78.11799,44.04108],[-78.11395,44.04097],[-78.11314,44.03964],[-78.11267,44.03887],[-78.10981,44.03964],[-78.10951,44.03905],[-78.10805,44.03938],[-78.10827,44.03986],[-78.10559,44.04062],[-78.10487,44.03886],[-78.10305,44.03869],[-78.10161,44.04086],[-78.10029,44.04123],[-78.0998,44.04198],[-78.09943,44.04254],[-78.10114,44.04309],[-78.10236,44.04657],[-78.0981,44.04725],[-78.0969,44.04489],[-78.09415,44.0456],[-78.09542,44.04832],[-78.09063,44.04976],[-78.09085,44.05164]]]}},{"type":"Feature","properties":{"OGF_ID":467,"LAND_USE_DESIGNATION":"Countryside Area"},"geometry":{"type":"Polygon","coordinates":[[[-78.86075,44.07014],[-78.86075,44.07014],[-78.8625,44.06973],[-78.86075,44.07014]]]}},{"type":"Feature","properties":{"OGF_ID":469,"LAND_USE_DESIGNATION":"Countryside Area"},"geometry":{"type":"Polygon","coordinates":[[[-78.84663,44.06896],[-78.84664,44.06895],[-78.8463,44.06934],[-78.84663,44.06896]]]}},{"type":"Feature","properties":{"OGF_ID":471,"LAND_USE_DESIGNATION":"Countryside Area"},"geometry":{"type":"Polygon","coordinates":[[[-78.09063,44.04976],[-78.09542,44.04832],[-78.09415,44.0456],[-78.0969,44.04489],[-78.0981,44.04725],[-78.10236,44.04657],[-78.10114,44.04309],[-78.09943,44.04254],[-78.0998,44.04198],[-78.0988,44.0422],[-78.09755,44.03958],[-78.09498,44.03895],[-78.09437,44.03948],[-78.09595,44.04282],[-78.09524,44.04296],[-78.09495,44.04203],[-78.0922,44.04222],[-78.09138,44.04077],[-78.09171,44.03963],[-78.09328,44.03879],[-78.09272,44.03724],[-78.08885,44.03956],[-78.08862,44.04178],[-78.0849,44.04581],[-78.08526,44.05028],[-78.08559,44.05097],[-78.09063,44.04976]]]}},{"type":"Feature","properties":{"OGF_ID":472,"LAND_USE_DESIGNATION":"Countryside Area"},"geometry":{"type":"Polygon","coordinates":[[[-78.1588,44.05148],[-78.15767,44.05101],[-78.15767,44.05272],[-78.1588,44.05148]]]}},{"type":"Feature","properties":{"OGF_ID":429,"LAND_USE_DESIGNATION":"Countryside Area"},"geometry":{"type":"Polygon","coordinates":[[[-78.07177,44.08714],[-78.08175,44.08487],[-78.08124,44.08374],[-78.07905,44.08451],[-78.07843,44.08324],[-78.08055,44.08262],[-78.07989,44.0807],[-78.08454,44.07856],[-78.08383,44.07681],[-78.09084,44.07354],[-78.09088,44.07171],[-78.08852,44.07277],[-78.07955,44.07364],[-78.07776,44.07642],[-78.07294,44.07752],[-78.07476,44.08168],[-78.07232,44.08231],[-78.06987,44.07819],[-78.06668,44.07891],[-78.07177,44.08714]]]}},{"type":"Feature","properties":{"OGF_ID":233,"LAND_USE_DESIGNATION":"Rural Settlement"},"geometry":{"type":"Polygon","coordinates":[[[-79.39592,43.93958],[-79.40232,43.93791],[-79.40281,43.93772],[-79.40536,43.9364],[-79.40472,43.93428],[-79.3932,43.93674],[-79.38922,43.93788],[-79.38924,43.937],[-79.38936,43.93443],[-79.37981,43.93659],[-79.37787,43.93701],[-79.36787,43.93927],[-79.36924,43.94409],[-79.37024,43.94386],[-79.37182,43.94747],[-79.38598,43.94426],[-79.38972,43.94343],[-79.39132,43.94545],[-79.39005,43.94012],[-79.39416,43.93983],[-79.39599,43.93962],[-79.39592,43.93958]]]}},{"type":"Feature","properties":{"OGF_ID":416,"LAND_USE_DESIGNATION":"Natural Linkage Area"},"geometry":{"type":"Polygon","coordinates":[[[-79.37787,43.93701],[-79.37981,43.93659],[-79.37665,43.93192],[-79.37737,43.93341],[-79.37646,43.93352],[-79.37787,43.93701]]]}},{"type":"Feature","properties":{"OGF_ID":318,"LAND_USE_DESIGNATION":"Natural Core Area"},"geometry":{"type":"Polygon","coordinates":[[[-78.00822,44.17438],[-78.01113,44.17535],[-78.01316,44.17458],[-78.01296,44.17284],[-78.01576,44.17198],[-78.01452,44.17067],[-78.01444,44.16905],[-78.01543,44.16809],[-78.021,44.16681],[-78.02041,44.16531],[-78.02468,44.16432],[-78.02541,44.16581],[-78.02464,44.16595],[-78.02502,44.16954],[-78.02762,44.16834],[-78.02893,44.16845],[-78.03018,44.16967],[-78.03045,44.16796],[-78.03234,44.16741],[-78.03297,44.16889],[-78.03503,44.16822],[-78.03468,44.17066],[-78.03599,44.17167],[-78.03695,44.17084],[-78.03754,44.17215],[-78.03895,44.17228],[-78.0398,44.17143],[-78.03922,44.16977],[-78.04073,44.16802],[-78.04168,44.16957],[-78.04844,44.16467],[-78.05026,44.15995],[-78.04778,44.15633],[-78.04513,44.15683],[-78.04478,44.15578],[-78.04638,44.15492],[-78.0444,44.15499],[-78.04415,44.15441],[-78.04242,44.15497],[-78.04064,44.15066],[-78.04163,44.14968],[-78.04008,44.14969],[-78.03944,44.14694],[-78.04156,44.14419],[-78.05566,44.14144],[-78.06029,44.13865],[-78.06631,44.13182],[-78.07083,44.13143],[-78.07309,44.13034],[-78.08026,44.13062],[-78.08546,44.12577],[-78.09008,44.1258],[-78.08652,44.12965],[-78.08977,44.12951],[-78.0955,44.12589],[-78.09527,44.12538],[-78.10006,44.12421],[-78.09863,44.12102],[-78.09967,44.12045],[-78.09932,44.11921],[-78.10048,44.11875],[-78.10003,44.11785],[-78.09831,44.11831],[-78.09677,44.11636],[-78.09652,44.11548],[-78.09742,44.11524],[-78.09612,44.11269],[-78.09617,44.11011],[-78.09798,44.10995],[-78.09965,44.11089],[-78.10122,44.11457],[-78.10004,44.11504],[-78.10166,44.11714],[-78.10273,44.11724],[-78.10586,44.12466],[-78.11617,44.12426],[-78.11395,44.11831],[-78.12588,44.10792],[-78.13085,44.10628],[-78.1329,44.11059],[-78.1481,44.10714],[-78.1524,44.11588],[-78.14202,44.11832],[-78.1461,44.12745],[-78.13666,44.12941],[-78.13506,44.13061],[-78.12975,44.13175],[-78.12881,44.12967],[-78.12757,44.13],[-78.12768,44.12791],[-78.12586,44.1254],[-78.12525,44.12487],[-78.12328,44.12546],[-78.12427,44.12806],[-78.12208,44.12855],[-78.11846,44.13582],[-78.11917,44.13646],[-78.11545,44.14139],[-78.11526,44.14167],[-78.1148,44.14238],[-78.11178,44.14533],[-78.11262,44.14798],[-78.11672,44.14716],[-78.11652,44.14614],[-78.11801,44.1458],[-78.12163,44.14002],[-78.13072,44.14394],[-78.12944,44.14798],[-78.12694,44.15122],[-78.12866,44.15243],[-78.1275,44.15369],[-78.12812,44.15521],[-78.1344,44.15304],[-78.13565,44.15508],[-78.13315,44.15608],[-78.13369,44.15731],[-78.13841,44.15712],[-78.14996,44.15393],[-78.15206,44.15154],[-78.15223,44.14997],[-78.15417,44.14992],[-78.15437,44.15194],[-78.15582,44.15068],[-78.15569,44.1496],[-78.15434,44.14835],[-78.15126,44.14854],[-78.15081,44.14723],[-78.15654,44.13407],[-78.158,44.13327],[-78.16167,44.13332],[-78.16272,44.13361],[-78.16407,44.13578],[-78.16877,44.13451],[-78.17468,44.13627],[-78.17675,44.13611],[-78.17991,44.13504],[-78.18067,44.13473],[-78.18483,44.12778],[-78.17983,44.11609],[-78.17801,44.11211],[-78.17647,44.10872],[-78.17142,44.10982],[-78.1692,44.10499],[-78.17656,44.10352],[-78.17571,44.1015],[-78.17795,44.10068],[-78.17958,44.09824],[-78.17907,44.09725],[-78.18152,44.09664],[-78.18034,44.09428],[-78.17754,44.09409],[-78.17538,44.08918],[-78.16995,44.08995],[-78.16719,44.08362],[-78.18093,44.08383],[-78.17948,44.08077],[-78.17731,44.08098],[-78.17656,44.07992],[-78.1778,44.0788],[-78.17606,44.07912],[-78.17402,44.07525],[-78.17138,44.0759],[-78.17098,44.07509],[-78.17065,44.07446],[-78.16576,44.07544],[-78.16529,44.07473],[-78.16061,44.07595],[-78.15951,44.07385],[-78.15687,44.07411],[-78.15448,44.07467],[-78.15264,44.0751],[-78.15214,44.07431],[-78.15052,44.07462],[-78.14874,44.07379],[-78.14779,44.0749],[-78.14352,44.07429],[-78.14014,44.06686],[-78.14144,44.06241],[-78.13984,44.0602],[-78.13785,44.0595],[-78.13651,44.05987],[-78.13698,44.06151],[-78.13468,44.06154],[-78.13437,44.06324],[-78.12823,44.06479],[-78.1286,44.06619],[-78.12771,44.06738],[-78.12479,44.06808],[-78.12317,44.0657],[-78.12238,44.06588],[-78.12129,44.06332],[-78.12371,44.06206],[-78.12148,44.05696],[-78.12362,44.05498],[-78.12513,44.05828],[-78.12973,44.05725],[-78.13095,44.05415],[-78.13318,44.05318],[-78.13249,44.05172],[-78.13026,44.05217],[-78.12943,44.05049],[-78.12935,44.04974],[-78.13126,44.0492],[-78.13068,44.04799],[-78.128,44.04819],[-78.1264,44.04718],[-78.11473,44.05527],[-78.1082,44.05793],[-78.09889,44.0642],[-78.09921,44.06482],[-78.09511,44.06592],[-78.09588,44.06828],[-78.09224,44.07033],[-78.09272,44.07245],[-78.09606,44.07087],[-78.09509,44.07406],[-78.09317,44.07596],[-78.093,44.07785],[-78.09411,44.07771],[-78.09493,44.0791],[-78.09077,44.08019],[-78.09205,44.08358],[-78.08482,44.0853],[-78.08395,44.08422],[-78.08175,44.08487],[-78.07177,44.08714],[-78.06947,44.08767],[-78.06892,44.0865],[-78.06622,44.0871],[-78.0669,44.08872],[-78.06201,44.08981],[-78.06003,44.0848],[-78.05767,44.08463],[-78.05087,44.06907],[-78.05257,44.06856],[-78.0508,44.06432],[-78.05331,44.06295],[-78.05315,44.0624],[-78.05016,44.06305],[-78.04973,44.06215],[-78.04768,44.05779],[-78.04614,44.05819],[-78.04435,44.06031],[-78.04359,44.06309],[-78.04579,44.0681],[-78.05099,44.07502],[-78.05018,44.07711],[-78.0467,44.075],[-78.04457,44.07614],[-78.04486,44.07285],[-78.04036,44.07134],[-78.04098,44.07281],[-78.04336,44.07242],[-78.0442,44.07479],[-78.04294,44.07507],[-78.04298,44.07697],[-78.04401,44.07756],[-78.04548,44.07655],[-78.04673,44.08151],[-78.04719,44.08405],[-78.04882,44.08588],[-78.04709,44.08632],[-78.0531,44.1008],[-78.04153,44.10357],[-78.04218,44.10484],[-78.03258,44.10712],[-78.03166,44.10561],[-78.03091,44.10574],[-78.02809,44.09928],[-78.02332,44.10028],[-78.0205,44.09421],[-78.0257,44.09302],[-78.02711,44.09439],[-78.03046,44.0942],[-78.03139,44.09392],[-78.03045,44.09145],[-78.03319,44.0907],[-78.03236,44.08917],[-78.02919,44.08893],[-78.02853,44.08751],[-78.02672,44.08793],[-78.02535,44.08498],[-78.02965,44.08423],[-78.02913,44.08286],[-78.02716,44.08329],[-78.027,44.08129],[-78.02794,44.08064],[-78.0272,44.07877],[-78.02493,44.07909],[-78.02339,44.076],[-78.02248,44.07418],[-78.02009,44.074],[-78.01972,44.07318],[-78.02224,44.07074],[-78.02162,44.06951],[-78.01847,44.07326],[-78.01625,44.07386],[-78.01166,44.07717],[-78.00841,44.07517],[-78.00387,44.06945],[-77.99862,44.06772],[-77.99568,44.06785],[-77.99159,44.07119],[-77.98776,44.07216],[-77.98592,44.07121],[-77.98615,44.06864],[-77.98447,44.06857],[-77.98137,44.07022],[-77.97602,44.06988],[-77.97435,44.06776],[-77.97596,44.06578],[-77.97528,44.06521],[-77.97026,44.06507],[-77.97073,44.06886],[-77.96672,44.06964],[-77.96709,44.06595],[-77.96585,44.06479],[-77.96031,44.0676],[-77.95404,44.06959],[-77.95403,44.07098],[-77.95633,44.07139],[-77.95869,44.07063],[-77.9591,44.07122],[-77.95718,44.07208],[-77.95595,44.07433],[-77.95087,44.07623],[-77.94807,44.07819],[-77.94894,44.08],[-77.95261,44.07822],[-77.95303,44.07892],[-77.95387,44.07869],[-77.95349,44.07745],[-77.95829,44.07536],[-77.95961,44.07824],[-77.96156,44.08266],[-77.96607,44.09304],[-77.96929,44.09234],[-77.97003,44.09463],[-77.97178,44.09491],[-77.97294,44.09742],[-77.96843,44.09893],[-77.96777,44.09786],[-77.96325,44.09897],[-77.96207,44.0962],[-77.95628,44.09756],[-77.95418,44.09836],[-77.95486,44.10004],[-77.95332,44.10039],[-77.95537,44.10501],[-77.95997,44.10381],[-77.96119,44.10683],[-77.95665,44.10815],[-77.95464,44.10975],[-77.95524,44.11204],[-77.96273,44.11021],[-77.96539,44.11602],[-77.95817,44.11797],[-77.96094,44.12304],[-77.95952,44.12339],[-77.96018,44.12477],[-77.95356,44.12623],[-77.95372,44.12396],[-77.94323,44.12647],[-77.94256,44.1255],[-77.94466,44.12491],[-77.94436,44.12392],[-77.94575,44.12274],[-77.94298,44.12424],[-77.94101,44.12238],[-77.93839,44.12301],[-77.94001,44.12717],[-77.93327,44.12867],[-77.93609,44.13007],[-77.9369,44.13296],[-77.93482,44.13534],[-77.93616,44.13848],[-77.9381,44.13758],[-77.94422,44.13911],[-77.94803,44.13917],[-77.9576,44.14384],[-77.9641,44.14536],[-77.97581,44.14398],[-77.98327,44.14443],[-77.9819,44.14127],[-77.98449,44.14104],[-77.98537,44.14322],[-77.98789,44.14278],[-77.98818,44.14116],[-77.9909,44.14114],[-77.9918,44.13994],[-77.99507,44.1405],[-77.99536,44.13926],[-77.99696,44.13894],[-77.99506,44.13435],[-77.99988,44.13322],[-78.00384,44.14203],[-78.00145,44.14442],[-77.99797,44.14582],[-77.99898,44.15133],[-78.00039,44.15099],[-78.00055,44.1541],[-77.99928,44.1558],[-77.99882,44.15857],[-77.99153,44.16301],[-77.99181,44.16365],[-77.9965,44.16261],[-77.99794,44.16015],[-78.00171,44.15839],[-78.00169,44.15775],[-78.00354,44.15851],[-78.00531,44.1578],[-78.00774,44.15689],[-78.00881,44.15961],[-78.00652,44.1603],[-78.00743,44.1622],[-78.00125,44.16361],[-77.9991,44.16292],[-77.99719,44.16326],[-77.99771,44.16538],[-77.99848,44.16515],[-77.99437,44.17299],[-77.99595,44.17262],[-77.99704,44.17238],[-77.99754,44.17169],[-78.00349,44.17026],[-78.005,44.17393],[-78.00822,44.17438]],[[-78.07405,44.11557],[-78.07752,44.12386],[-78.07277,44.12503],[-78.06899,44.11671],[-78.07405,44.11557]],[[-78.15537,44.09902],[-78.15946,44.10768],[-78.15464,44.109],[-78.15031,44.10029],[-78.15537,44.09902]]]}},{"type":"Feature","properties":{"OGF_ID":519,"LAND_USE_DESIGNATION":"Natural Core Area"},"geometry":{"type":"Polygon","coordinates":[[[-79.50515,43.92595],[-79.50654,43.92578],[-79.50629,43.92314],[-79.50711,43.92318],[-79.5082,43.92559],[-79.5127,43.92549],[-79.51219,43.92475],[-79.5142,43.92276],[-79.51801,43.92155],[-79.51805,43.91967],[-79.51334,43.91674],[-79.51786,43.91583],[-79.51905,43.91739],[-79.5189,43.91543],[-79.52307,43.91457],[-79.52333,43.917],[-79.52501,43.91783],[-79.52614,43.91735],[-79.52628,43.91972],[-79.52764,43.91997],[-79.52904,43.91962],[-79.52887,43.91585],[-79.53516,43.91531],[-79.53389,43.91248],[-79.53533,43.91195],[-79.5349,43.9112],[-79.52971,43.91095],[-79.52773,43.90778],[-79.52606,43.90712],[-79.52638,43.91009],[-79.52618,43.91396],[-79.52625,43.91482],[-79.52486,43.91567],[-79.52411,43.91438],[-79.52359,43.91301],[-79.51543,43.91244],[-79.51395,43.91064],[-79.51261,43.91073],[-79.51069,43.90392],[-79.50602,43.90474],[-79.50448,43.90075],[-79.50981,43.89463],[-79.50999,43.89001],[-79.51104,43.88809],[-79.51023,43.88684],[-79.50666,43.88745],[-79.50444,43.88062],[-79.50082,43.87857],[-79.49878,43.87403],[-79.49644,43.87469],[-79.49528,43.87402],[-79.49073,43.8744],[-79.49003,43.87136],[-79.48805,43.86847],[-79.48492,43.8683],[-79.48347,43.86561],[-79.479,43.86593],[-79.47615,43.86517],[-79.47191,43.86517],[-79.47195,43.86641],[-79.47539,43.86735],[-79.47628,43.87007],[-79.47543,43.87488],[-79.4761,43.87521],[-79.47743,43.87038],[-79.47864,43.86904],[-79.48193,43.86908],[-79.48292,43.87039],[-79.48254,43.87141],[-79.4859,43.87082],[-79.48724,43.8714],[-79.48682,43.8766],[-79.48769,43.87994],[-79.49183,43.87938],[-79.49236,43.87808],[-79.49399,43.87894],[-79.49589,43.87889],[-79.49768,43.88392],[-79.49884,43.88555],[-79.50088,43.88614],[-79.50159,43.88984],[-79.5,43.89172],[-79.49528,43.89369],[-79.48843,43.89488],[-79.48881,43.89628],[-79.49228,43.89625],[-79.49297,43.89751],[-79.49034,43.89861],[-79.48627,43.89872],[-79.48531,43.89947],[-79.48409,43.89856],[-79.48507,43.8972],[-79.48348,43.8965],[-79.48554,43.89567],[-79.48649,43.89413],[-79.48481,43.89192],[-79.48235,43.89245],[-79.48231,43.89365],[-79.48059,43.89401],[-79.4794,43.89349],[-79.47914,43.89399],[-79.48079,43.89503],[-79.48044,43.89647],[-79.47601,43.89679],[-79.47641,43.89756],[-79.47751,43.89827],[-79.47796,43.90026],[-79.47763,43.90109],[-79.47578,43.9016],[-79.47733,43.9045],[-79.47888,43.90572],[-79.48079,43.90511],[-79.48124,43.90621],[-79.48246,43.90619],[-79.48546,43.91188],[-79.48481,43.91274],[-79.48736,43.91442],[-79.49986,43.91202],[-79.49785,43.90412],[-79.50147,43.90187],[-79.5029,43.90551],[-79.50596,43.90889],[-79.5062,43.91054],[-79.50418,43.91106],[-79.50461,43.9127],[-79.5098,43.91167],[-79.51106,43.91469],[-79.50797,43.91666],[-79.50251,43.91795],[-79.50156,43.91913],[-79.50272,43.92382],[-79.50515,43.92595]],[[-79.50681,43.8907],[-79.5079,43.89254],[-79.50609,43.89313],[-79.5082,43.8933],[-79.50776,43.89516],[-79.4985,43.89715],[-79.49737,43.89502],[-79.49926,43.89468],[-79.49901,43.8932],[-79.50189,43.89309],[-79.50161,43.89165],[-79.50681,43.8907]]]}},{"type":"Feature","properties":{"OGF_ID":135,"LAND_USE_DESIGNATION":"Natural Linkage Area"},"geometry":{"type":"Polygon","coordinates":[[[-79.2377,44.09922],[-79.23829,44.10027],[-79.24033,44.09931],[-79.24389,44.09903],[-79.24254,44.09772],[-79.24068,44.09759],[-79.2402,44.09609],[-79.24206,44.0957],[-79.24141,44.09383],[-79.23991,44.09398],[-79.23943,44.0925],[-79.24091,44.09206],[-79.2406,44.09064],[-79.23705,44.09098],[-79.23661,44.08722],[-79.23781,44.08694],[-79.23755,44.08574],[-79.24247,44.08536],[-79.2422,44.0847],[-79.24513,44.08398],[-79.24128,44.08211],[-79.2389,44.08205],[-79.23477,44.07914],[-79.23746,44.07923],[-79.24005,44.08026],[-79.24373,44.07959],[-79.24454,44.08161],[-79.24828,44.08332],[-79.25537,44.08145],[-79.25834,44.07773],[-79.26176,44.07701],[-79.26169,44.07897],[-79.25936,44.07973],[-79.25943,44.08154],[-79.25791,44.0823],[-79.25832,44.08379],[-79.25697,44.08513],[-79.25843,44.08996],[-79.26029,44.0896],[-79.26268,44.08902],[-79.26266,44.08509],[-79.27594,44.08166],[-79.27398,44.07971],[-79.27299,44.07981],[-79.27234,44.07849],[-79.27041,44.07897],[-79.2701,44.07515],[-79.26783,44.07553],[-79.26745,44.07465],[-79.26636,44.07473],[-79.26589,44.07386],[-79.26793,44.07338],[-79.26746,44.07258],[-79.2637,44.0727],[-79.26325,44.07164],[-79.2716,44.06885],[-79.27104,44.06717],[-79.27532,44.06606],[-79.27438,44.06244],[-79.27059,44.06328],[-79.2687,44.05676],[-79.26818,44.0538],[-79.26887,44.05357],[-79.26745,44.05055],[-79.26868,44.0502],[-79.26834,44.04924],[-79.26704,44.04946],[-79.26623,44.0476],[-79.26958,44.04609],[-79.26786,44.04232],[-79.26925,44.04031],[-79.27137,44.03975],[-79.27386,44.04022],[-79.27382,44.03946],[-79.27576,44.03882],[-79.27287,44.03842],[-79.27225,44.0357],[-79.26677,44.03634],[-79.26554,44.03486],[-79.26681,44.03387],[-79.26608,44.03311],[-79.26411,44.03407],[-79.2632,44.03365],[-79.2649,44.03298],[-79.26485,44.03152],[-79.2657,44.03262],[-79.26726,44.03196],[-79.26892,44.02946],[-79.2681,44.02877],[-79.26537,44.02937],[-79.26419,44.02634],[-79.26468,44.02546],[-79.26367,44.02568],[-79.24519,44.0299],[-79.24784,44.03587],[-79.2383,44.03817],[-79.2364,44.03274],[-79.23567,44.03088],[-79.23309,44.03149],[-79.23083,44.02621],[-79.22259,44.02811],[-79.22099,44.02414],[-79.23998,44.01303],[-79.24103,44.01726],[-79.2532,44.01453],[-79.2538,44.01633],[-79.26569,44.01361],[-79.26809,44.0234],[-79.26917,44.02317],[-79.26945,44.02437],[-79.27112,44.02233],[-79.27418,44.02152],[-79.27289,44.01763],[-79.27601,44.01672],[-79.27957,44.01633],[-79.28024,44.01908],[-79.28308,44.01862],[-79.28424,44.01948],[-79.29176,44.01772],[-79.29311,44.01804],[-79.28912,44.00083],[-79.32148,43.99368],[-79.32233,43.99751],[-79.32549,43.99693],[-79.32605,43.99937],[-79.32869,43.99889],[-79.33083,43.99951],[-79.32904,44.00158],[-79.32954,44.00259],[-79.33688,44.00141],[-79.3367,44.00013],[-79.33756,43.99992],[-79.33956,44.00072],[-79.35192,43.99858],[-79.35029,43.9915],[-79.36235,43.98881],[-79.36489,43.99981],[-79.37412,43.99762],[-79.37345,43.99606],[-79.37193,43.99578],[-79.37446,43.99499],[-79.37416,43.99393],[-79.37683,43.99323],[-79.37757,43.99694],[-79.38459,43.99532],[-79.38668,43.99653],[-79.38721,43.99796],[-79.38853,43.99826],[-79.37772,44.00081],[-79.37827,44.00227],[-79.38343,44.00253],[-79.38773,44.00326],[-79.39114,43.99766],[-79.39559,43.99662],[-79.39534,43.99357],[-79.39764,43.99144],[-79.40216,43.98959],[-79.40273,43.98733],[-79.40647,43.98634],[-79.40719,43.98788],[-79.41166,43.9876],[-79.41021,43.98894],[-79.41208,43.98907],[-79.41363,43.99195],[-79.40972,43.99686],[-79.40756,43.99728],[-79.40479,43.99598],[-79.40157,43.9965],[-79.40106,43.99552],[-79.39814,43.99685],[-79.39747,43.9983],[-79.39877,43.99985],[-79.40381,43.99861],[-79.40526,44.00044],[-79.41137,43.99809],[-79.41284,43.99577],[-79.41509,43.99475],[-79.41556,43.99186],[-79.41461,43.98948],[-79.41734,43.98985],[-79.41812,43.99425],[-79.42168,43.99454],[-79.42221,43.99664],[-79.42398,43.99751],[-79.42564,43.99654],[-79.42706,43.99734],[-79.42839,43.99676],[-79.42785,43.99234],[-79.42992,43.99065],[-79.43275,43.99093],[-79.43491,43.98858],[-79.43454,43.98787],[-79.42992,43.98753],[-79.42725,43.98843],[-79.42684,43.98764],[-79.42572,43.98784],[-79.42506,43.98885],[-79.42202,43.9876],[-79.42292,43.98986],[-79.42102,43.99184],[-79.41995,43.99063],[-79.42048,43.98778],[-79.41924,43.98519],[-79.41836,43.9862],[-79.41657,43.98436],[-79.41514,43.98015],[-79.41252,43.98065],[-79.41284,43.98287],[-79.40882,43.98384],[-79.40748,43.98003],[-79.40588,43.98034],[-79.40487,43.97734],[-79.4042,43.97758],[-79.40374,43.97652],[-79.41097,43.97562],[-79.41087,43.97515],[-79.41571,43.97418],[-79.42199,43.9748],[-79.42458,43.97811],[-79.42143,43.97884],[-79.42158,43.98068],[-79.42612,43.97995],[-79.42703,43.98149],[-79.43635,43.98331],[-79.43894,43.98445],[-79.4388,43.98355],[-79.43829,43.9825],[-79.42968,43.97987],[-79.42731,43.97753],[-79.43704,43.97561],[-79.43626,43.97191],[-79.43154,43.97275],[-79.43138,43.97437],[-79.4259,43.97581],[-79.42309,43.97293],[-79.41879,43.97292],[-79.41834,43.97223],[-79.41816,43.96945],[-79.42089,43.96716],[-79.42063,43.96582],[-79.4221,43.9643],[-79.41939,43.96398],[-79.41924,43.96348],[-79.42141,43.96301],[-79.42064,43.95948],[-79.41747,43.96009],[-79.41652,43.95656],[-79.4139,43.95719],[-79.41235,43.95957],[-79.40847,43.96056],[-79.4048,43.96096],[-79.40172,43.96001],[-79.40231,43.95839],[-79.41037,43.95672],[-79.41282,43.95405],[-79.41509,43.95312],[-79.41187,43.95367],[-79.41168,43.95151],[-79.40882,43.9507],[-79.40552,43.9514],[-79.40373,43.94403],[-79.40025,43.94459],[-79.39873,43.94139],[-79.39599,43.93962],[-79.39416,43.93983],[-79.39746,43.94262],[-79.40032,43.94824],[-79.40321,43.94778],[-79.40358,43.9518],[-79.40584,43.95226],[-79.40732,43.95325],[-79.40742,43.95461],[-79.40638,43.95481],[-79.40036,43.95649],[-79.40043,43.95492],[-79.40035,43.95326],[-79.40129,43.95318],[-79.40572,43.95484],[-79.40422,43.95362],[-79.4003,43.95303],[-79.39712,43.95159],[-79.39623,43.9502],[-79.39958,43.94984],[-79.39977,43.94928],[-79.39469,43.94987],[-79.39395,43.94839],[-79.39645,43.94952],[-79.39643,43.94874],[-79.39412,43.9481],[-79.39132,43.94545],[-79.38972,43.94343],[-79.38598,43.94426],[-79.38738,43.94944],[-79.39788,43.95595],[-79.39803,43.95702],[-79.39273,43.95822],[-79.38221,43.96064],[-79.3829,43.96369],[-79.37554,43.96354],[-79.37702,43.96192],[-79.3798,43.96125],[-79.37906,43.9602],[-79.36977,43.96002],[-79.36458,43.95678],[-79.35942,43.95125],[-79.35516,43.94822],[-79.35546,43.95081],[-79.36142,43.95743],[-79.36376,43.95873],[-79.3633,43.96439],[-79.36517,43.96674],[-79.35462,43.96894],[-79.354,43.96711],[-79.35023,43.96794],[-79.34547,43.96111],[-79.34251,43.95981],[-79.34204,43.9583],[-79.34557,43.95849],[-79.34531,43.95539],[-79.34293,43.95583],[-79.34284,43.95495],[-79.34532,43.95205],[-79.34428,43.95305],[-79.34425,43.95149],[-79.33954,43.95556],[-79.33932,43.95853],[-79.34175,43.96213],[-79.343,43.96205],[-79.3464,43.96495],[-79.34742,43.96857],[-79.33475,43.97148],[-79.33388,43.96964],[-79.33083,43.96791],[-79.32772,43.96238],[-79.3278,43.96029],[-79.32927,43.95915],[-79.32811,43.9537],[-79.3267,43.95229],[-79.32236,43.95111],[-79.32029,43.94864],[-79.32158,43.95229],[-79.32609,43.95408],[-79.32677,43.95599],[-79.32653,43.95838],[-79.32508,43.96048],[-79.32548,43.96367],[-79.32876,43.96853],[-79.3325,43.97196],[-79.32776,43.97297],[-79.3259,43.96801],[-79.32079,43.96534],[-79.32222,43.96352],[-79.32092,43.96144],[-79.31732,43.96112],[-79.31668,43.95989],[-79.31325,43.95946],[-79.31123,43.95517],[-79.30959,43.95731],[-79.31122,43.96055],[-79.31531,43.96223],[-79.31657,43.96751],[-79.3124,43.96847],[-79.31192,43.97036],[-79.30874,43.97133],[-79.30859,43.97256],[-79.30743,43.97233],[-79.30678,43.97074],[-79.30703,43.96831],[-79.30117,43.96355],[-79.3002,43.96124],[-79.30086,43.95864],[-79.29927,43.95822],[-79.30021,43.95861],[-79.29957,43.95918],[-79.29859,43.95864],[-79.29741,43.96269],[-79.29907,43.96503],[-79.3047,43.96874],[-79.30466,43.97224],[-79.3083,43.97403],[-79.30861,43.97518],[-79.30743,43.97674],[-79.30612,43.97782],[-79.28458,43.98253],[-79.28495,43.98401],[-79.2787,43.98531],[-79.27775,43.98022],[-79.27552,43.9807],[-79.27635,43.98324],[-79.27481,43.98472],[-79.26961,43.98574],[-79.27289,43.98127],[-79.27046,43.9818],[-79.26706,43.9863],[-79.26408,43.98719],[-79.25419,43.98899],[-79.25345,43.98528],[-79.25136,43.98576],[-79.25213,43.98946],[-79.24782,43.99045],[-79.2486,43.99415],[-79.24047,43.99845],[-79.24,44.00003],[-79.23289,44.00174],[-79.23375,44.00361],[-79.23677,44.00595],[-79.23838,44.00418],[-79.24053,44.00396],[-79.24215,44.00505],[-79.24066,44.00667],[-79.24167,44.00728],[-79.23982,44.00765],[-79.23843,44.00711],[-79.23652,44.0077],[-79.23628,44.00881],[-79.23486,44.00832],[-79.23057,44.00939],[-79.22958,44.01096],[-79.22656,44.01195],[-79.22617,44.01478],[-79.22851,44.01693],[-79.22733,44.01763],[-79.22779,44.01909],[-79.22646,44.01942],[-79.22539,44.018],[-79.22403,44.01821],[-79.22265,44.01651],[-79.21501,44.01918],[-79.20745,44.02024],[-79.20817,44.02387],[-79.20261,44.02513],[-79.20143,44.02823],[-79.19941,44.02865],[-79.19978,44.02951],[-79.20873,44.02759],[-79.20959,44.02978],[-79.20561,44.03198],[-79.2064,44.03411],[-79.20348,44.03651],[-79.20399,44.03834],[-79.20184,44.03889],[-79.20149,44.04079],[-79.20031,44.04113],[-79.20111,44.04286],[-79.20515,44.04209],[-79.20583,44.0436],[-79.2168,44.04123],[-79.2179,44.04182],[-79.21929,44.04153],[-79.22177,44.04783],[-79.22284,44.04764],[-79.22368,44.04958],[-79.22751,44.04865],[-79.23204,44.0494],[-79.23704,44.0482],[-79.23768,44.05193],[-79.24176,44.05144],[-79.24434,44.05807],[-79.24294,44.05916],[-79.2444,44.06054],[-79.24185,44.06262],[-79.23384,44.06437],[-79.23486,44.06689],[-79.22632,44.06907],[-79.22574,44.07068],[-79.22351,44.07141],[-79.22357,44.07482],[-79.22468,44.07704],[-79.22402,44.0782],[-79.2217,44.07919],[-79.22557,44.08319],[-79.22657,44.08481],[-79.22605,44.08552],[-79.22762,44.08572],[-79.22873,44.08739],[-79.23064,44.08813],[-79.2324,44.08797],[-79.23391,44.09167],[-79.23231,44.0921],[-79.23255,44.09268],[-79.23487,44.09533],[-79.23573,44.09863],[-79.23736,44.09861],[-79.2377,44.09922]],[[-79.23211,44.0853],[-79.22874,44.08606],[-79.22834,44.08509],[-79.22693,44.0854],[-79.22665,44.08417],[-79.22822,44.08288],[-79.22759,44.08131],[-79.23344,44.08002],[-79.23485,44.08352],[-79.23301,44.08392],[-79.23345,44.085],[-79.23211,44.0853]],[[-79.26262,44.00946],[-79.25801,44.01039],[-79.25687,44.00731],[-79.25745,44.00617],[-79.25485,44.00502],[-79.25446,44.00349],[-79.26307,44.00166],[-79.26356,44.00166],[-79.26594,44.00166],[-79.26651,44.00416],[-79.26743,44.00579],[-79.26871,44.00599],[-79.26916,44.00823],[-79.26262,44.00946]],[[-79.3214,43.97432],[-79.31708,43.97526],[-79.3161,43.97399],[-79.31835,43.97297],[-79.31781,43.97132],[-79.31932,43.97095],[-79.31888,43.96819],[-79.32117,43.96772],[-79.32409,43.96946],[-79.3254,43.97344],[-79.3214,43.97432]],[[-79.36952,43.96389],[-79.36988,43.96566],[-79.36767,43.96609],[-79.36559,43.96328],[-79.3656,43.96213],[-79.36895,43.96147],[-79.37024,43.96225],[-79.36952,43.96389]],[[-79.39949,43.95337],[-79.39993,43.9548],[-79.39242,43.95044],[-79.38935,43.94808],[-79.38884,43.9457],[-79.38973,43.9455],[-79.39252,43.94696],[-79.39417,43.95012],[-79.39547,43.95027],[-79.39645,43.95182],[-79.39857,43.95226],[-79.39949,43.95337]]]}},{"type":"Feature","properties":{"OGF_ID":403,"LAND_USE_DESIGNATION":"Natural Core Area"},"geometry":{"type":"Polygon","coordinates":[[[-78.66643,44.15112],[-78.66683,44.15195],[-78.66974,44.15486],[-78.66759,44.16085],[-78.66383,44.16305],[-78.66584,44.16647],[-78.66609,44.16991],[-78.66878,44.17099],[-78.67193,44.16474],[-78.67457,44.15447],[-78.6792,44.14519],[-78.67843,44.14093],[-78.67998,44.13738],[-78.68272,44.13527],[-78.68911,44.13284],[-78.69706,44.13444],[-78.69679,44.13385],[-78.69877,44.13336],[-78.6981,44.13214],[-78.69957,44.13188],[-78.69911,44.13049],[-78.70083,44.12989],[-78.69903,44.12602],[-78.69776,44.1262],[-78.69676,44.12405],[-78.6981,44.12374],[-78.69991,44.12012],[-78.69643,44.11556],[-78.69854,44.11433],[-78.69925,44.11264],[-78.70836,44.11016],[-78.71226,44.10819],[-78.71322,44.10873],[-78.71381,44.11298],[-78.71923,44.11507],[-78.71968,44.11601],[-78.73663,44.10814],[-78.73569,44.10571],[-78.73793,44.10496],[-78.73522,44.09914],[-78.73402,44.09657],[-78.72987,44.08766],[-78.73707,44.08581],[-78.73784,44.08561],[-78.73862,44.08666],[-78.73976,44.08639],[-78.74105,44.0861],[-78.74202,44.0874],[-78.74709,44.08676],[-78.74435,44.08533],[-78.74404,44.08409],[-78.74888,44.08294],[-78.74818,44.08047],[-78.74883,44.07899],[-78.75574,44.07698],[-78.75441,44.07214],[-78.75647,44.0717],[-78.75745,44.07149],[-78.75808,44.06818],[-78.76124,44.06682],[-78.76014,44.06459],[-78.75559,44.0655],[-78.7542,44.06259],[-78.75674,44.06149],[-78.75584,44.06162],[-78.75497,44.05912],[-78.76159,44.05871],[-78.76273,44.05824],[-78.76236,44.0572],[-78.7722,44.05499],[-78.76785,44.04564],[-78.76817,44.04487],[-78.76951,44.04506],[-78.77054,44.04363],[-78.76869,44.04186],[-78.76832,44.04105],[-78.76442,44.04178],[-78.76172,44.04047],[-78.76174,44.0385],[-78.76057,44.03716],[-78.75645,44.038],[-78.74823,44.0399],[-78.73984,44.04193],[-78.73536,44.03256],[-78.73132,44.03501],[-78.72913,44.03248],[-78.72734,44.03567],[-78.72608,44.03474],[-78.7222,44.03783],[-78.72229,44.03967],[-78.71795,44.0414],[-78.71829,44.0438],[-78.72252,44.04445],[-78.72334,44.04586],[-78.72458,44.04558],[-78.72645,44.05015],[-78.72502,44.05075],[-78.71773,44.05408],[-78.719,44.05692],[-78.70954,44.05953],[-78.70892,44.05834],[-78.70234,44.0617],[-78.70185,44.06071],[-78.69743,44.06195],[-78.6981,44.06379],[-78.69601,44.06491],[-78.70013,44.07397],[-78.70598,44.07458],[-78.70646,44.07556],[-78.70429,44.07629],[-78.70493,44.08004],[-78.70328,44.08043],[-78.70441,44.08284],[-78.68338,44.0879],[-78.6863,44.09419],[-78.67975,44.09602],[-78.67349,44.09379],[-78.67031,44.09373],[-78.67364,44.10117],[-78.67168,44.10167],[-78.67069,44.10283],[-78.67138,44.10456],[-78.66773,44.10541],[-78.66869,44.1094],[-78.66731,44.10974],[-78.66765,44.1136],[-78.66876,44.11663],[-78.66741,44.11786],[-78.66755,44.11861],[-78.66934,44.11883],[-78.67168,44.12038],[-78.67238,44.12227],[-78.67107,44.12384],[-78.67161,44.12469],[-78.67383,44.12475],[-78.67768,44.12146],[-78.67874,44.12124],[-78.67989,44.12317],[-78.68331,44.12116],[-78.68667,44.12095],[-78.68936,44.12649],[-78.68592,44.12731],[-78.68682,44.12956],[-78.68366,44.13038],[-78.68268,44.12811],[-78.67245,44.13056],[-78.6714,44.13082],[-78.67278,44.13354],[-78.67116,44.13472],[-78.67149,44.13518],[-78.67267,44.1346],[-78.67306,44.1352],[-78.67458,44.13481],[-78.67355,44.13833],[-78.66626,44.14304],[-78.66403,44.14535],[-78.66373,44.14752],[-78.6645,44.14793],[-78.66814,44.14658],[-78.67386,44.14316],[-78.67359,44.14531],[-78.67154,44.14781],[-78.66643,44.15112]],[[-78.75069,44.04459],[-78.75292,44.04949],[-78.74827,44.05058],[-78.74601,44.04573],[-78.75069,44.04459]]]}},{"type":"Feature","properties":{"OGF_ID":282,"LAND_USE_DESIGNATION":"Natural Linkage Area"},"geometry":{"type":"Polygon","coordinates":[[[-78.17801,44.11211],[-78.17983,44.11609],[-78.18472,44.11495],[-78.18294,44.11143],[-78.18417,44.11113],[-78.18423,44.10964],[-78.18682,44.10733],[-78.18721,44.10439],[-78.19202,44.10267],[-78.1927,44.10173],[-78.19191,44.09982],[-78.19371,44.09916],[-78.19264,44.09652],[-78.20505,44.09346],[-78.20727,44.09349],[-78.2078,44.0946],[-78.20942,44.0946],[-78.21041,44.09549],[-78.21334,44.09495],[-78.21399,44.096],[-78.21897,44.09491],[-78.22017,44.09753],[-78.22541,44.09608],[-78.22753,44.1004],[-78.23214,44.09925],[-78.23625,44.1078],[-78.23513,44.10814],[-78.23583,44.11002],[-78.23709,44.10978],[-78.23898,44.11202],[-78.23903,44.1131],[-78.23818,44.11221],[-78.2363,44.11268],[-78.23583,44.11334],[-78.23899,44.12011],[-78.24169,44.11998],[-78.2399,44.11577],[-78.24057,44.11559],[-78.24126,44.1175],[-78.24272,44.11709],[-78.24293,44.11797],[-78.24439,44.1177],[-78.24419,44.1205],[-78.25019,44.1142],[-78.25939,44.11132],[-78.26695,44.1111],[-78.2702,44.11035],[-78.27401,44.1086],[-78.2776,44.10499],[-78.2773,44.10418],[-78.28188,44.10134],[-78.28298,44.10197],[-78.28631,44.09872],[-78.28673,44.09927],[-78.28845,44.09892],[-78.28868,44.09983],[-78.29056,44.10028],[-78.291,44.09955],[-78.29184,44.09981],[-78.29165,44.09633],[-78.2925,44.09546],[-78.29264,44.09704],[-78.29469,44.09932],[-78.2993,44.0949],[-78.2994,44.09369],[-78.30055,44.09341],[-78.30106,44.09465],[-78.30507,44.09234],[-78.30864,44.08827],[-78.31667,44.08812],[-78.31566,44.08771],[-78.31714,44.08329],[-78.32767,44.08064],[-78.32838,44.08044],[-78.32919,44.08245],[-78.33448,44.08111],[-78.34744,44.07647],[-78.34798,44.07731],[-78.35217,44.07657],[-78.35185,44.07514],[-78.3526,44.07509],[-78.35102,44.07204],[-78.32995,44.07516],[-78.31783,44.07501],[-78.29879,44.07185],[-78.29624,44.07246],[-78.29578,44.07163],[-78.29088,44.07273],[-78.28953,44.07017],[-78.28782,44.0714],[-78.28474,44.07212],[-78.28336,44.06942],[-78.27863,44.07056],[-78.27778,44.06914],[-78.2605,44.07288],[-78.25733,44.06604],[-78.26064,44.06735],[-78.25987,44.06491],[-78.2606,44.0633],[-78.26279,44.06296],[-78.26238,44.06439],[-78.26502,44.06396],[-78.26638,44.06153],[-78.27,44.06019],[-78.26905,44.05893],[-78.26518,44.06072],[-78.26482,44.05988],[-78.262,44.06046],[-78.26304,44.05832],[-78.25949,44.05836],[-78.25697,44.06318],[-78.254,44.06399],[-78.2537,44.06508],[-78.25176,44.06564],[-78.24739,44.07292],[-78.24208,44.07443],[-78.24078,44.07165],[-78.23826,44.07212],[-78.2387,44.07431],[-78.21688,44.0786],[-78.21584,44.0766],[-78.21098,44.07778],[-78.21015,44.07611],[-78.20027,44.07842],[-78.19932,44.07652],[-78.19459,44.07752],[-78.19338,44.07543],[-78.18423,44.07732],[-78.18429,44.07461],[-78.18138,44.07405],[-78.17789,44.06622],[-78.18099,44.06072],[-78.17903,44.05722],[-78.17661,44.05597],[-78.17805,44.04869],[-78.17351,44.05099],[-78.17326,44.05443],[-78.16936,44.05572],[-78.17017,44.05784],[-78.17199,44.05873],[-78.17371,44.05738],[-78.17322,44.05589],[-78.17408,44.05465],[-78.17658,44.05404],[-78.17648,44.05924],[-78.17544,44.05978],[-78.17548,44.06131],[-78.17057,44.06265],[-78.17169,44.06491],[-78.16963,44.06581],[-78.16893,44.06408],[-78.1679,44.06419],[-78.16698,44.06276],[-78.16541,44.06287],[-78.16488,44.06179],[-78.16322,44.0618],[-78.16071,44.05727],[-78.16033,44.05213],[-78.1588,44.05148],[-78.15767,44.05272],[-78.15767,44.05101],[-78.15738,44.05089],[-78.15614,44.05111],[-78.15517,44.05243],[-78.15548,44.05382],[-78.15335,44.05469],[-78.15384,44.05603],[-78.1528,44.05643],[-78.15241,44.0579],[-78.15444,44.06188],[-78.15015,44.06362],[-78.14691,44.06806],[-78.14874,44.07379],[-78.15052,44.07462],[-78.15214,44.07431],[-78.15264,44.0751],[-78.15448,44.07467],[-78.15206,44.06924],[-78.15353,44.06626],[-78.15782,44.06355],[-78.15858,44.0644],[-78.15685,44.06716],[-78.15456,44.06877],[-78.15511,44.06944],[-78.15752,44.06947],[-78.15581,44.07187],[-78.15687,44.07411],[-78.15951,44.07385],[-78.15905,44.07128],[-78.16112,44.0705],[-78.15993,44.06733],[-78.16034,44.06563],[-78.16313,44.06532],[-78.1703,44.06791],[-78.17072,44.06953],[-78.17455,44.07076],[-78.17065,44.07446],[-78.17098,44.07509],[-78.1746,44.07413],[-78.17441,44.07353],[-78.1757,44.07316],[-78.17654,44.07462],[-78.17924,44.07395],[-78.1807,44.07733],[-78.17606,44.07912],[-78.1778,44.0788],[-78.17656,44.07992],[-78.17731,44.08098],[-78.17948,44.08077],[-78.18093,44.08383],[-78.16719,44.08362],[-78.16995,44.08995],[-78.17538,44.08918],[-78.17754,44.09409],[-78.18034,44.09428],[-78.18152,44.09664],[-78.18592,44.09555],[-78.18561,44.09687],[-78.18866,44.09692],[-78.18912,44.09775],[-78.18767,44.09875],[-78.18841,44.10051],[-78.18566,44.10316],[-78.18408,44.10297],[-78.18136,44.10901],[-78.17801,44.11211]],[[-78.28097,44.08714],[-78.28294,44.0915],[-78.28032,44.09176],[-78.28161,44.09493],[-78.27953,44.09564],[-78.28009,44.09709],[-78.27623,44.09955],[-78.27105,44.10097],[-78.2715,44.10256],[-78.26674,44.10385],[-78.26436,44.09875],[-78.26221,44.09939],[-78.26097,44.09809],[-78.2605,44.09972],[-78.2584,44.10041],[-78.25868,44.10105],[-78.25669,44.10189],[-78.25594,44.1007],[-78.25273,44.1026],[-78.2535,44.10497],[-78.25247,44.10645],[-78.24875,44.10643],[-78.24673,44.10742],[-78.24471,44.10272],[-78.24538,44.10058],[-78.24639,44.10026],[-78.24372,44.09637],[-78.25161,44.09442],[-78.25236,44.09614],[-78.2558,44.09522],[-78.26058,44.09531],[-78.2612,44.09594],[-78.26079,44.09395],[-78.26201,44.09349],[-78.26134,44.09201],[-78.28097,44.08714]]]}},{"type":"Feature","properties":{"OGF_ID":275,"LAND_USE_DESIGNATION":"Natural Linkage Area"},"geometry":{"type":"Polygon","coordinates":[[[-79.82165,44.02932],[-79.82134,44.03043],[-79.82647,44.02918],[-79.83252,44.02432],[-79.83641,44.02266],[-79.83711,44.02121],[-79.83609,44.01754],[-79.83692,44.01579],[-79.83666,44.01177],[-79.83874,44.00949],[-79.84144,44.00829],[-79.84035,44.00381],[-79.85094,44.00139],[-79.8488,43.99885],[-79.84974,43.99307],[-79.85105,43.99292],[-79.85555,43.99527],[-79.86415,43.99335],[-79.86422,43.99239],[-79.86711,43.9923],[-79.86884,43.99107],[-79.87418,43.99213],[-79.87627,43.99384],[-79.87823,43.99408],[-79.87947,43.99231],[-79.88176,43.99171],[-79.88745,43.99051],[-79.88554,43.98291],[-79.88977,43.98193],[-79.88957,43.98092],[-79.89029,43.98083],[-79.88926,43.97641],[-79.87682,43.97901],[-79.87604,43.97968],[-79.87319,43.97964],[-79.8711,43.97172],[-79.8684,43.96957],[-79.86414,43.97039],[-79.85285,43.97294],[-79.85274,43.96942],[-79.85193,43.96933],[-79.8516,43.97225],[-79.85021,43.97355],[-79.80454,43.9834],[-79.8035,43.98096],[-79.80667,43.97771],[-79.8064,43.97512],[-79.80815,43.96985],[-79.81657,43.96396],[-79.81899,43.95859],[-79.81496,43.95789],[-79.8161,43.95883],[-79.81606,43.96071],[-79.81389,43.96338],[-79.80947,43.96427],[-79.80633,43.96646],[-79.80323,43.96725],[-79.80128,43.96652],[-79.8005,43.96545],[-79.80121,43.96253],[-79.80898,43.95733],[-79.81349,43.95707],[-79.81298,43.95543],[-79.81572,43.95293],[-79.81026,43.94908],[-79.80488,43.94525],[-79.79409,43.95512],[-79.78286,43.94711],[-79.78008,43.94679],[-79.77943,43.94608],[-79.78076,43.94504],[-79.78032,43.94339],[-79.78132,43.94188],[-79.78485,43.94391],[-79.78651,43.94389],[-79.79051,43.94045],[-79.78735,43.9405],[-79.78468,43.93915],[-79.78253,43.93506],[-79.78289,43.93072],[-79.77471,43.92375],[-79.77875,43.92019],[-79.77407,43.92012],[-79.77263,43.91822],[-79.77036,43.91771],[-79.77064,43.91607],[-79.76965,43.91528],[-79.77155,43.91334],[-79.77268,43.9141],[-79.77749,43.91016],[-79.78092,43.91167],[-79.78237,43.91045],[-79.7809,43.90938],[-79.7853,43.90541],[-79.79026,43.90619],[-79.78993,43.90692],[-79.79212,43.90834],[-79.79621,43.90474],[-79.78851,43.89917],[-79.79262,43.8954],[-79.78771,43.89124],[-79.78704,43.8893],[-79.78493,43.88898],[-79.78424,43.89025],[-79.78344,43.8897],[-79.76622,43.9052],[-79.75936,43.9102],[-79.76047,43.91132],[-79.75767,43.91431],[-79.75658,43.9138],[-79.75504,43.91514],[-79.75257,43.91392],[-79.74953,43.91496],[-79.74578,43.915],[-79.74572,43.91292],[-79.74324,43.91235],[-79.74172,43.90844],[-79.73865,43.90678],[-79.73885,43.90417],[-79.73361,43.90418],[-79.73079,43.90224],[-79.72332,43.90186],[-79.71553,43.89913],[-79.70908,43.89777],[-79.7082,43.89812],[-79.70828,43.89974],[-79.71308,43.91099],[-79.71383,43.90893],[-79.71266,43.90891],[-79.71232,43.9075],[-79.71353,43.90663],[-79.71285,43.90125],[-79.71365,43.89955],[-79.7202,43.9019],[-79.72491,43.90562],[-79.72585,43.90543],[-79.7256,43.90423],[-79.72702,43.90393],[-79.72975,43.90851],[-79.7331,43.91095],[-79.73617,43.90847],[-79.73797,43.90979],[-79.73666,43.91091],[-79.73799,43.91202],[-79.73641,43.91337],[-79.74306,43.91822],[-79.7448,43.91689],[-79.74664,43.91853],[-79.74159,43.92295],[-79.73845,43.92039],[-79.73909,43.91976],[-79.73748,43.91842],[-79.73866,43.9174],[-79.73695,43.91608],[-79.73511,43.91737],[-79.73444,43.91672],[-79.72932,43.91792],[-79.72628,43.92066],[-79.71739,43.92161],[-79.69483,43.91848],[-79.69502,43.91928],[-79.69282,43.92028],[-79.69426,43.92272],[-79.69577,43.92243],[-79.69821,43.92441],[-79.70299,43.92349],[-79.70503,43.92511],[-79.70693,43.92485],[-79.70764,43.92811],[-79.7062,43.92979],[-79.70209,43.93063],[-79.698,43.93032],[-79.69818,43.93209],[-79.69239,43.93313],[-79.69007,43.93133],[-79.68907,43.93154],[-79.68806,43.92996],[-79.68727,43.9301],[-79.68644,43.92728],[-79.67957,43.92507],[-79.67767,43.92146],[-79.67622,43.92161],[-79.67575,43.92055],[-79.67488,43.92069],[-79.67364,43.91711],[-79.64543,43.92244],[-79.64955,43.92849],[-79.65247,43.93064],[-79.65826,43.92959],[-79.6596,43.93113],[-79.66318,43.93097],[-79.66438,43.93839],[-79.65042,43.94079],[-79.65129,43.94457],[-79.65864,43.94315],[-79.65981,43.9467],[-79.6525,43.94842],[-79.65416,43.95155],[-79.66395,43.94951],[-79.66372,43.94816],[-79.67102,43.94667],[-79.67209,43.95001],[-79.67503,43.94944],[-79.67642,43.95307],[-79.68048,43.95228],[-79.68156,43.95638],[-79.67426,43.95791],[-79.67465,43.95942],[-79.67679,43.95907],[-79.67715,43.96],[-79.67924,43.95986],[-79.68015,43.96424],[-79.67899,43.96572],[-79.68006,43.96614],[-79.68153,43.97006],[-79.68021,43.97172],[-79.6805,43.97571],[-79.67921,43.97608],[-79.68,43.97763],[-79.68309,43.97708],[-79.68338,43.97786],[-79.68497,43.97756],[-79.68612,43.97928],[-79.68836,43.97894],[-79.68786,43.97464],[-79.68592,43.97047],[-79.69063,43.96954],[-79.69114,43.97128],[-79.7025,43.96825],[-79.70318,43.96975],[-79.70968,43.96817],[-79.71206,43.97135],[-79.71567,43.97081],[-79.71712,43.9726],[-79.7175,43.97494],[-79.71476,43.97581],[-79.70956,43.97937],[-79.70919,43.98039],[-79.71563,43.97837],[-79.72084,43.97499],[-79.7261,43.97388],[-79.72561,43.97203],[-79.72694,43.97162],[-79.72683,43.97012],[-79.73274,43.96878],[-79.73371,43.97226],[-79.73108,43.97565],[-79.73201,43.97821],[-79.73017,43.97866],[-79.72969,43.98013],[-79.72763,43.98066],[-79.72705,43.98269],[-79.72839,43.98335],[-79.73078,43.98169],[-79.73274,43.98139],[-79.73321,43.98259],[-79.73615,43.98218],[-79.73665,43.98438],[-79.73563,43.98463],[-79.73593,43.98584],[-79.73449,43.98631],[-79.73486,43.98729],[-79.73379,43.9875],[-79.7377,43.9905],[-79.73847,43.99028],[-79.73811,43.98855],[-79.73925,43.98685],[-79.74542,43.98507],[-79.74343,43.984],[-79.74283,43.98181],[-79.7492,43.98194],[-79.75311,43.99861],[-79.75449,44.00112],[-79.7513,44.00412],[-79.75177,44.00572],[-79.75413,44.0051],[-79.75387,44.00355],[-79.75494,44.00241],[-79.75681,44.00342],[-79.75805,44.00275],[-79.76177,44.00398],[-79.76322,44.00951],[-79.76426,44.01031],[-79.7654,44.01039],[-79.76694,44.00908],[-79.76667,44.00768],[-79.77117,44.00696],[-79.77158,44.00775],[-79.77328,44.00804],[-79.77405,44.00969],[-79.77658,44.00927],[-79.77689,44.01004],[-79.77961,44.00851],[-79.79072,44.00611],[-79.79065,44.00704],[-79.79256,44.00762],[-79.7904,44.01064],[-79.79066,44.01237],[-79.79282,44.01341],[-79.79309,44.01058],[-79.79461,44.00772],[-79.7964,44.00658],[-79.79615,44.00484],[-79.80085,44.00288],[-79.80179,44.00429],[-79.80473,44.00387],[-79.80583,44.00473],[-79.80892,44.0047],[-79.81042,44.00609],[-79.81144,44.01066],[-79.80942,44.01258],[-79.8072,44.01286],[-79.80716,44.01554],[-79.81159,44.0146],[-79.8121,44.01669],[-79.81207,44.01617],[-79.81205,44.0129],[-79.81435,44.01059],[-79.81247,44.00232],[-79.81333,44.00112],[-79.82638,43.99827],[-79.82813,44.00101],[-79.8289,44.00076],[-79.8286,43.99969],[-79.83186,43.99934],[-79.83191,44.00153],[-79.83463,44.00349],[-79.83664,44.00805],[-79.8352,44.00926],[-79.83525,44.00729],[-79.83427,44.00722],[-79.83345,44.01226],[-79.83524,44.01528],[-79.8348,44.01967],[-79.83197,44.02237],[-79.83095,44.02219],[-79.8309,44.02036],[-79.82989,44.02036],[-79.83045,44.02407],[-79.82923,44.02566],[-79.82569,44.02849],[-79.82165,44.02932]],[[-79.79134,43.98369],[-79.79167,43.98622],[-79.77561,43.98977],[-79.76701,43.9748],[-79.76939,43.97342],[-79.77494,43.9729],[-79.77852,43.97341],[-79.78477,43.97736],[-79.78788,43.97681],[-79.79413,43.97395],[-79.79525,43.9742],[-79.7973,43.97739],[-79.79134,43.98369]],[[-79.78611,43.97458],[-79.78085,43.9705],[-79.77749,43.96989],[-79.7752,43.9682],[-79.77131,43.96769],[-79.77118,43.96651],[-79.7756,43.96515],[-79.7785,43.96624],[-79.78389,43.96561],[-79.78769,43.96677],[-79.79023,43.96651],[-79.79338,43.96361],[-79.79518,43.96304],[-79.79789,43.96577],[-79.79972,43.97108],[-79.79352,43.97218],[-79.78611,43.97458]],[[-79.75963,43.95689],[-79.75704,43.95702],[-79.75268,43.94908],[-79.77602,43.92872],[-79.77793,43.93006],[-79.77757,43.93829],[-79.77861,43.94293],[-79.77787,43.94459],[-79.77454,43.9472],[-79.77169,43.94721],[-79.7693,43.94843],[-79.76678,43.94766],[-79.76715,43.95081],[-79.76516,43.95351],[-79.75963,43.95689]],[[-79.6844,43.97305],[-79.68484,43.97281],[-79.68501,43.97643],[-79.68332,43.97623],[-79.68247,43.97329],[-79.6844,43.97305]]]}},{"type":"Feature","properties":{"OGF_ID":254,"LAND_USE_DESIGNATION":"Natural Linkage Area"},"geometry":{"type":"Polygon","coordinates":[[[-79.18528,44.11031],[-79.18325,44.10988],[-79.17975,44.10673],[-79.17292,44.10619],[-79.17191,44.10085],[-79.17348,44.10034],[-79.17286,44.09942],[-79.1719,44.0996],[-79.17028,44.09729],[-79.16901,44.09733],[-79.16835,44.09576],[-79.1696,44.09434],[-79.17992,44.09207],[-79.18031,44.09282],[-79.18206,44.0925],[-79.18232,44.09163],[-79.18126,44.08907],[-79.17728,44.0888],[-79.17501,44.08575],[-79.17657,44.08437],[-79.17369,44.08097],[-79.17495,44.07974],[-79.17418,44.07795],[-79.16427,44.0803],[-79.16196,44.07984],[-79.16108,44.08093],[-79.15995,44.08066],[-79.16094,44.07797],[-79.15928,44.07392],[-79.16573,44.07204],[-79.16427,44.07026],[-79.16314,44.07045],[-79.15877,44.06702],[-79.16122,44.06647],[-79.16393,44.06719],[-79.16561,44.06601],[-79.16688,44.06421],[-79.16628,44.06297],[-79.16435,44.06198],[-79.15934,44.06205],[-79.15213,44.0638],[-79.15366,44.06725],[-79.15155,44.06776],[-79.15304,44.07143],[-79.15557,44.07057],[-79.15743,44.07316],[-79.15854,44.07303],[-79.16057,44.0774],[-79.16008,44.08026],[-79.15734,44.08202],[-79.15925,44.08356],[-79.15874,44.08502],[-79.15702,44.08608],[-79.15001,44.0853],[-79.147,44.08633],[-79.14547,44.08558],[-79.1411,44.08565],[-79.13745,44.08662],[-79.13777,44.08734],[-79.13635,44.08788],[-79.13802,44.08792],[-79.13836,44.09005],[-79.13567,44.09176],[-79.13728,44.09567],[-79.13616,44.09798],[-79.13751,44.10102],[-79.13857,44.1011],[-79.13726,44.10007],[-79.13929,44.09869],[-79.13756,44.09764],[-79.13839,44.09533],[-79.13946,44.09497],[-79.13894,44.0935],[-79.13805,44.09341],[-79.13851,44.09221],[-79.14144,44.09145],[-79.14248,44.09021],[-79.14899,44.08861],[-79.15176,44.08848],[-79.15213,44.08904],[-79.15778,44.08774],[-79.1618,44.09428],[-79.16555,44.09555],[-79.16808,44.09903],[-79.16852,44.10246],[-79.16469,44.10348],[-79.16536,44.10521],[-79.16249,44.10581],[-79.16326,44.10764],[-79.16859,44.10648],[-79.16921,44.10795],[-79.1674,44.10843],[-79.16797,44.11],[-79.17021,44.10988],[-79.17063,44.11059],[-79.16934,44.11205],[-79.17524,44.11519],[-79.18212,44.11727],[-79.18243,44.11281],[-79.18528,44.11031]],[[-79.17525,44.10757],[-79.17852,44.10825],[-79.18029,44.11134],[-79.18159,44.11167],[-79.18074,44.11259],[-79.17878,44.11255],[-79.17777,44.11121],[-79.17443,44.1095],[-79.17389,44.10852],[-79.17525,44.10757]]]}},{"type":"Feature","properties":{"OGF_ID":513,"LAND_USE_DESIGNATION":"Natural Linkage Area"},"geometry":{"type":"Polygon","coordinates":[[[-78.09085,44.05164],[-78.09063,44.04976],[-78.08559,44.05097],[-78.08526,44.05028],[-78.0849,44.04581],[-78.08862,44.04178],[-78.08885,44.03956],[-78.09272,44.03724],[-78.09328,44.03879],[-78.09171,44.03963],[-78.09138,44.04077],[-78.0922,44.04222],[-78.09495,44.04203],[-78.09524,44.04296],[-78.09595,44.04282],[-78.09437,44.03948],[-78.09498,44.03895],[-78.09755,44.03958],[-78.0988,44.0422],[-78.0998,44.04198],[-78.10029,44.04123],[-78.09874,44.03843],[-78.09718,44.03852],[-78.09671,44.03764],[-78.0952,44.03733],[-78.09341,44.03318],[-78.08852,44.0329],[-78.08686,44.03073],[-78.08818,44.03099],[-78.08812,44.0299],[-78.08896,44.02967],[-78.08947,44.03051],[-78.09105,44.02975],[-78.09009,44.02487],[-78.1037,44.02197],[-78.10509,44.02442],[-78.10588,44.0237],[-78.10456,44.02167],[-78.10636,44.02247],[-78.10759,44.02209],[-78.11235,44.01634],[-78.10725,44.01748],[-78.10262,44.01566],[-78.09902,44.01592],[-78.09618,44.01819],[-78.09556,44.01976],[-78.09648,44.02227],[-78.09499,44.02259],[-78.09248,44.01765],[-78.09391,44.01051],[-78.09113,44.00899],[-78.08996,44.00739],[-78.08696,44.00777],[-78.08456,44.01004],[-78.08531,44.01249],[-78.08459,44.01269],[-78.08187,44.01586],[-78.08214,44.0164],[-78.08537,44.01561],[-78.08581,44.01676],[-78.08426,44.01714],[-78.08388,44.01857],[-78.08485,44.02042],[-78.08557,44.02037],[-78.08774,44.02709],[-78.08327,44.02862],[-78.08213,44.02658],[-78.07691,44.02664],[-78.07683,44.02933],[-78.07963,44.03237],[-78.08124,44.03528],[-78.07971,44.0365],[-78.08626,44.03561],[-78.0859,44.03269],[-78.08771,44.03346],[-78.088,44.03462],[-78.0916,44.03373],[-78.09243,44.03611],[-78.08639,44.03908],[-78.08608,44.04057],[-78.08698,44.04032],[-78.08715,44.04112],[-78.08239,44.04814],[-78.08188,44.04733],[-78.08065,44.04748],[-78.08166,44.0504],[-78.07991,44.05082],[-78.08196,44.05505],[-78.08473,44.05442],[-78.08539,44.05576],[-78.08765,44.05519],[-78.08643,44.05269],[-78.09085,44.05164]],[[-78.10262,44.01608],[-78.10369,44.02034],[-78.10113,44.02103],[-78.09919,44.01694],[-78.10262,44.01608]]]}},{"type":"Feature","properties":{"OGF_ID":86,"LAND_USE_DESIGNATION":"Natural Linkage Area"},"geometry":{"type":"Polygon","coordinates":[[[-78.50359,44.20971],[-78.50626,44.20861],[-78.50868,44.21338],[-78.51257,44.21674],[-78.51445,44.21603],[-78.51401,44.21393],[-78.51526,44.21226],[-78.51524,44.20785],[-78.5115,44.20578],[-78.51373,44.2042],[-78.51296,44.2021],[-78.50975,44.20284],[-78.5099,44.20362],[-78.5068,44.20547],[-78.50552,44.20638],[-78.50605,44.20807],[-78.50357,44.20935],[-78.50359,44.20971]],[[-78.5107,44.20613],[-78.51355,44.20803],[-78.51381,44.20876],[-78.51199,44.20921],[-78.51315,44.20977],[-78.51421,44.21293],[-78.51252,44.21272],[-78.51132,44.21064],[-78.5107,44.20613]]]}},{"type":"Feature","properties":{"OGF_ID":363,"LAND_USE_DESIGNATION":"Countryside Area"},"geometry":{"type":"Polygon","coordinates":[[[-78.25949,44.05836],[-78.25374,44.05776],[-78.24395,44.06004],[-78.24096,44.05747],[-78.23634,44.05683],[-78.23458,44.05528],[-78.22615,44.05396],[-78.22552,44.05146],[-78.21982,44.04997],[-78.2201,44.04557],[-78.21929,44.04484],[-78.21448,44.04694],[-78.20886,44.04541],[-78.20736,44.04634],[-78.20162,44.04622],[-78.19735,44.05071],[-78.19781,44.04612],[-78.19544,44.04548],[-78.19066,44.05004],[-78.18982,44.05839],[-78.18855,44.05852],[-78.18432,44.0552],[-78.17903,44.05722],[-78.18099,44.06072],[-78.17789,44.06622],[-78.18138,44.07405],[-78.18429,44.07461],[-78.18423,44.07732],[-78.19338,44.07543],[-78.19459,44.07752],[-78.19932,44.07652],[-78.20027,44.07842],[-78.21015,44.07611],[-78.21098,44.07778],[-78.21584,44.0766],[-78.21688,44.0786],[-78.2387,44.07431],[-78.23826,44.07212],[-78.24078,44.07165],[-78.24208,44.07443],[-78.24739,44.07292],[-78.25176,44.06564],[-78.2537,44.06508],[-78.254,44.06399],[-78.25697,44.06318],[-78.25949,44.05836]],[[-78.21598,44.04636],[-78.21544,44.05076],[-78.21442,44.0521],[-78.21559,44.05625],[-78.21252,44.06226],[-78.21132,44.06747],[-78.21167,44.07307],[-78.20906,44.07354],[-78.20786,44.07175],[-78.20694,44.06374],[-78.21004,44.05866],[-78.20958,44.05243],[-78.21209,44.04675],[-78.21418,44.0472],[-78.21598,44.04636]]]}},{"type":"Feature","properties":{"OGF_ID":361,"LAND_USE_DESIGNATION":"Natural Linkage Area"},"geometry":{"type":"Polygon","coordinates":[[[-78.77597,44.09093],[-78.78115,44.08825],[-78.77966,44.08684],[-78.77787,44.08723],[-78.77757,44.08562],[-78.77707,44.08517],[-78.77721,44.08391],[-78.77778,44.07862],[-78.77859,44.07714],[-78.77964,44.07721],[-78.77873,44.07532],[-78.77585,44.07467],[-78.7755,44.07358],[-78.77746,44.07287],[-78.77837,44.07119],[-78.78033,44.0706],[-78.78104,44.07214],[-78.7919,44.06961],[-78.79269,44.07055],[-78.79819,44.06927],[-78.79896,44.07763],[-78.80147,44.07969],[-78.80294,44.08269],[-78.8014,44.08331],[-78.80159,44.0841],[-78.79689,44.08],[-78.79607,44.08065],[-78.79709,44.08213],[-78.79631,44.08385],[-78.79697,44.08525],[-78.79852,44.08489],[-78.80036,44.08821],[-78.80473,44.08534],[-78.80605,44.08371],[-78.80765,44.0709],[-78.80733,44.06863],[-78.81004,44.06442],[-78.82001,44.06301],[-78.83053,44.06028],[-78.83133,44.06075],[-78.8274,44.0645],[-78.82495,44.06323],[-78.82346,44.06445],[-78.81976,44.06517],[-78.82066,44.06923],[-78.81983,44.07025],[-78.81479,44.06911],[-78.81065,44.07017],[-78.81473,44.07013],[-78.81831,44.07062],[-78.8221,44.06979],[-78.82306,44.06746],[-78.82522,44.06618],[-78.82751,44.06661],[-78.82816,44.06793],[-78.82974,44.06748],[-78.82905,44.06503],[-78.83283,44.06164],[-78.83466,44.0627],[-78.84414,44.06041],[-78.8446,44.0613],[-78.84763,44.06142],[-78.84844,44.06326],[-78.84588,44.06727],[-78.84121,44.06919],[-78.83986,44.0705],[-78.83658,44.0745],[-78.83686,44.0765],[-78.83916,44.07743],[-78.83871,44.07553],[-78.83977,44.07355],[-78.84322,44.07016],[-78.84442,44.0695],[-78.84548,44.0704],[-78.8463,44.06934],[-78.84664,44.06895],[-78.85109,44.06393],[-78.8503,44.06124],[-78.86411,44.05747],[-78.86668,44.06314],[-78.86922,44.0633],[-78.87047,44.06549],[-78.86642,44.06887],[-78.8726,44.06743],[-78.87182,44.06548],[-78.87363,44.06464],[-78.87341,44.06058],[-78.87514,44.06026],[-78.87589,44.06167],[-78.87778,44.06144],[-78.88251,44.05571],[-78.88268,44.05468],[-78.88063,44.05261],[-78.88113,44.05124],[-78.88526,44.05149],[-78.88765,44.05059],[-78.88905,44.05312],[-78.89398,44.05269],[-78.90304,44.05343],[-78.9091,44.05117],[-78.91228,44.05073],[-78.91529,44.05235],[-78.91873,44.05764],[-78.92132,44.05307],[-78.92227,44.05343],[-78.9224,44.05594],[-78.9296,44.05106],[-78.93215,44.05062],[-78.93435,44.05163],[-78.93897,44.04818],[-78.94233,44.04715],[-78.94328,44.04913],[-78.94676,44.04921],[-78.94676,44.04819],[-78.94967,44.04588],[-78.95176,44.04533],[-78.958,44.04045],[-78.96852,44.0381],[-78.97783,44.04017],[-78.98148,44.03929],[-78.98092,44.03798],[-79.0025,44.03332],[-79.01172,44.03756],[-79.01451,44.0434],[-79.01527,44.04324],[-79.01723,44.04813],[-79.01641,44.04832],[-79.01858,44.04912],[-79.01917,44.05016],[-79.02035,44.0499],[-79.0215,44.05367],[-79.02467,44.05298],[-79.02506,44.05375],[-79.02608,44.05344],[-79.02304,44.04879],[-79.02521,44.04817],[-79.02242,44.04172],[-79.02881,44.04022],[-79.02527,44.03178],[-79.03212,44.02997],[-79.03093,44.02705],[-79.03807,44.02547],[-79.03744,44.02358],[-79.03599,44.02259],[-79.03627,44.02087],[-79.0374,44.02051],[-79.03814,44.02133],[-79.04297,44.02018],[-79.04359,44.01896],[-79.04543,44.01852],[-79.04573,44.01911],[-79.04973,44.01863],[-79.05182,44.01947],[-79.05107,44.01775],[-79.05439,44.01693],[-79.05459,44.01464],[-79.05632,44.01479],[-79.05692,44.01642],[-79.06003,44.01562],[-79.05907,44.01392],[-79.06095,44.01297],[-79.06466,44.01263],[-79.06415,44.01006],[-79.06562,44.00979],[-79.06536,44.00887],[-79.06681,44.00817],[-79.06415,44.00192],[-79.05981,44.00505],[-79.05831,44.00479],[-79.05682,44.0013],[-79.05808,44.00094],[-79.05765,44.00024],[-79.0568,44.00034],[-79.05511,43.99849],[-79.05288,43.99888],[-79.05032,43.99309],[-79.05192,43.99279],[-79.0524,43.9917],[-79.04868,43.99293],[-79.04679,43.99234],[-79.04748,43.9889],[-79.04612,43.99182],[-79.04477,43.99212],[-79.04552,43.99438],[-79.03959,43.99749],[-79.03838,43.99915],[-79.03699,43.99817],[-79.03584,43.99841],[-79.03462,43.99241],[-79.03356,43.99409],[-79.03323,43.99306],[-79.03231,43.99328],[-79.03225,43.99475],[-79.03043,43.99524],[-79.03147,43.99786],[-79.03078,43.99931],[-79.03234,44.00134],[-79.02823,44.00199],[-79.02822,44.00313],[-79.0262,44.00437],[-79.02473,44.00101],[-79.02313,44.00134],[-79.01978,43.9945],[-79.01879,43.99446],[-79.01956,43.99515],[-79.01769,43.99561],[-79.01902,44.00043],[-79.01626,43.99946],[-79.01481,43.99781],[-79.01361,43.99924],[-79.01221,43.99716],[-79.01469,44.00306],[-79.01338,44.00377],[-79.01501,44.00399],[-79.01528,44.00505],[-79.00996,44.00791],[-79.01143,44.00854],[-79.01259,44.01076],[-79.01491,44.01026],[-79.01555,44.01422],[-79.01208,44.01488],[-79.01056,44.01153],[-78.99029,44.01789],[-78.98896,44.01581],[-78.98702,44.01551],[-78.98365,44.00923],[-78.98322,44.01264],[-78.98111,44.00824],[-78.97973,44.01032],[-78.98009,44.01117],[-78.98152,44.01096],[-78.98195,44.01213],[-78.97896,44.01354],[-78.97938,44.01452],[-78.98138,44.01434],[-78.98122,44.01668],[-78.98067,44.0177],[-78.9778,44.01835],[-78.97715,44.01947],[-78.97918,44.02029],[-78.97987,44.02203],[-78.97269,44.0239],[-78.97342,44.02558],[-78.96833,44.02681],[-78.96259,44.02805],[-78.95939,44.02492],[-78.95735,44.02539],[-78.95606,44.02346],[-78.95435,44.02388],[-78.95551,44.01711],[-78.95352,44.01419],[-78.95379,44.01718],[-78.95294,44.01718],[-78.95202,44.02436],[-78.94885,44.02526],[-78.94702,44.0212],[-78.94942,44.02048],[-78.94837,44.01811],[-78.94959,44.01788],[-78.9491,44.01692],[-78.94791,44.01727],[-78.94827,44.01395],[-78.94971,44.01224],[-78.9486,44.01084],[-78.94935,44.01258],[-78.94625,44.01328],[-78.94788,44.01698],[-78.94543,44.01756],[-78.94383,44.01704],[-78.94166,44.01437],[-78.94004,44.01473],[-78.9397,44.01467],[-78.94293,44.01822],[-78.94526,44.01788],[-78.94601,44.01952],[-78.94481,44.02184],[-78.94639,44.02601],[-78.94224,44.02708],[-78.9384,44.02909],[-78.93664,44.02823],[-78.93456,44.02349],[-78.93741,44.02212],[-78.93682,44.02017],[-78.93833,44.01972],[-78.93733,44.01749],[-78.93565,44.01751],[-78.93596,44.01547],[-78.93517,44.01448],[-78.93519,44.01903],[-78.9328,44.01959],[-78.93006,44.02289],[-78.93057,44.02026],[-78.93235,44.019],[-78.92937,44.01974],[-78.92959,44.02025],[-78.92787,44.02066],[-78.928,44.02138],[-78.92846,44.02497],[-78.92712,44.02889],[-78.92602,44.0291],[-78.92616,44.0298],[-78.92255,44.03051],[-78.92159,44.03286],[-78.91532,44.03436],[-78.89618,44.03441],[-78.89461,44.031],[-78.89564,44.02916],[-78.89429,44.02628],[-78.89618,44.02502],[-78.89457,44.02111],[-78.89582,44.02074],[-78.89505,44.01882],[-78.89595,44.01843],[-78.89549,44.01599],[-78.89813,44.01607],[-78.8992,44.0154],[-78.89861,44.01438],[-78.897,44.01398],[-78.89789,44.01245],[-78.89682,44.01251],[-78.89696,44.01355],[-78.89487,44.01617],[-78.89468,44.01949],[-78.89372,44.01959],[-78.89343,44.01753],[-78.89243,44.02119],[-78.89164,44.0213],[-78.89261,44.01137],[-78.89212,44.01423],[-78.88946,44.01549],[-78.88802,44.01772],[-78.88918,44.01759],[-78.88899,44.02024],[-78.88527,44.02123],[-78.88802,44.02767],[-78.89092,44.0275],[-78.89112,44.02813],[-78.8898,44.02933],[-78.88977,44.03195],[-78.88823,44.03229],[-78.88863,44.03396],[-78.88777,44.03505],[-78.88319,44.0294],[-78.88476,44.02281],[-78.88323,44.01823],[-78.88554,44.01753],[-78.88442,44.01408],[-78.88297,44.01541],[-78.88235,44.01334],[-78.87997,44.0139],[-78.87997,44.01333],[-78.88741,44.00881],[-78.88118,44.01117],[-78.87142,44.01813],[-78.87193,44.02022],[-78.87295,44.02006],[-78.87388,44.02169],[-78.87654,44.02085],[-78.87367,44.02418],[-78.87446,44.02834],[-78.87184,44.03072],[-78.87445,44.0358],[-78.84733,44.04461],[-78.84463,44.03859],[-78.85006,44.03741],[-78.84958,44.03603],[-78.85077,44.03576],[-78.85501,44.03671],[-78.85501,44.03551],[-78.85738,44.03371],[-78.86099,44.03265],[-78.86127,44.03159],[-78.85969,44.02947],[-78.85854,44.03089],[-78.8554,44.03152],[-78.85677,44.03212],[-78.85654,44.0332],[-78.85416,44.0342],[-78.85023,44.02652],[-78.85513,44.02479],[-78.85341,44.01947],[-78.85246,44.01932],[-78.85137,44.02027],[-78.84768,44.01786],[-78.84843,44.01595],[-78.84779,44.01409],[-78.84647,44.01432],[-78.8465,44.01139],[-78.8485,44.01037],[-78.84896,44.01087],[-78.85365,44.01021],[-78.85177,44.00596],[-78.85282,44.00316],[-78.85725,44.00006],[-78.85969,43.99948],[-78.85999,43.99703],[-78.86383,43.99506],[-78.86495,43.99261],[-78.8637,43.99441],[-78.86209,43.99532],[-78.86222,43.99484],[-78.85785,43.99646],[-78.85782,43.99852],[-78.85423,44.00052],[-78.8478,44.00237],[-78.84723,44.00131],[-78.84646,44.00164],[-78.84677,44.00301],[-78.8438,44.00348],[-78.84224,43.99776],[-78.84743,43.99435],[-78.84882,43.99209],[-78.8485,43.98843],[-78.84714,43.98606],[-78.84715,43.98778],[-78.8461,43.98654],[-78.84559,43.98788],[-78.84415,43.9883],[-78.84685,43.98912],[-78.84703,43.99161],[-78.84484,43.99408],[-78.84275,43.99396],[-78.84287,43.99552],[-78.84122,43.99802],[-78.84141,44.00127],[-78.83964,44.00187],[-78.83896,43.99761],[-78.83504,43.99246],[-78.83555,43.99092],[-78.83466,43.98808],[-78.83385,43.98876],[-78.83454,43.99071],[-78.83345,43.99183],[-78.83371,43.99307],[-78.83506,43.99548],[-78.83632,43.9955],[-78.83724,43.99715],[-78.83446,43.99777],[-78.83384,43.99699],[-78.83184,43.99706],[-78.83129,43.99605],[-78.8192,43.99854],[-78.81408,43.99841],[-78.81196,43.99644],[-78.81308,43.99448],[-78.81265,43.99308],[-78.81159,43.99372],[-78.81119,43.99304],[-78.81121,43.99531],[-78.80979,43.99557],[-78.80899,43.99687],[-78.80767,43.99671],[-78.80954,44.00134],[-78.81189,44.00092],[-78.81096,43.99803],[-78.81609,43.99988],[-78.82043,43.9997],[-78.82979,43.99781],[-78.83039,43.99875],[-78.83231,43.99841],[-78.83298,43.99953],[-78.83676,43.99861],[-78.83803,44.00342],[-78.83445,44.0036],[-78.83445,44.00411],[-78.83651,44.00533],[-78.84085,44.00605],[-78.84156,44.00687],[-78.83934,44.00792],[-78.84018,44.01043],[-78.8374,44.01107],[-78.83724,44.01224],[-78.84104,44.01297],[-78.84127,44.01141],[-78.84464,44.00966],[-78.84441,44.01252],[-78.84291,44.01389],[-78.84521,44.01871],[-78.84502,44.02057],[-78.84738,44.02628],[-78.84704,44.02966],[-78.84848,44.03198],[-78.84562,44.03399],[-78.84585,44.03535],[-78.843,44.03527],[-78.8441,44.03742],[-78.8433,44.03867],[-78.84153,44.03908],[-78.83858,44.03563],[-78.8354,44.03635],[-78.83454,44.03454],[-78.83189,44.03427],[-78.82931,44.03503],[-78.82833,44.03324],[-78.82686,44.03321],[-78.82622,44.03211],[-78.82825,44.03097],[-78.8306,44.02646],[-78.83242,44.02592],[-78.83294,44.02719],[-78.83475,44.02665],[-78.83312,44.02397],[-78.83741,44.02263],[-78.83716,44.02207],[-78.83167,44.02308],[-78.83013,44.02043],[-78.82724,44.0193],[-78.82554,44.02022],[-78.82431,44.01979],[-78.82234,44.01777],[-78.81973,44.01738],[-78.81927,44.01606],[-78.81829,44.01763],[-78.82049,44.01937],[-78.82413,44.021],[-78.82747,44.02056],[-78.83093,44.02287],[-78.83108,44.0239],[-78.82667,44.02113],[-78.82632,44.02364],[-78.82523,44.02351],[-78.82415,44.02422],[-78.82704,44.02372],[-78.8269,44.02235],[-78.82793,44.02195],[-78.8288,44.02427],[-78.82991,44.02481],[-78.82865,44.02587],[-78.82876,44.02707],[-78.8262,44.02772],[-78.82662,44.02946],[-78.82281,44.03058],[-78.82307,44.03435],[-78.82499,44.03521],[-78.82587,44.03809],[-78.82102,44.03959],[-78.82199,44.04096],[-78.82032,44.04236],[-78.8209,44.04388],[-78.8157,44.04523],[-78.81272,44.03888],[-78.81859,44.03618],[-78.82018,44.0337],[-78.81698,44.02406],[-78.81943,44.02255],[-78.82426,44.02229],[-78.82349,44.02133],[-78.81872,44.02119],[-78.81811,44.01958],[-78.81411,44.02139],[-78.81064,44.01988],[-78.8095,44.02158],[-78.81061,44.02182],[-78.81154,44.02401],[-78.80885,44.02295],[-78.80582,44.02408],[-78.80358,44.02458],[-78.80344,44.02358],[-78.80311,44.02498],[-78.80121,44.02393],[-78.80009,44.02507],[-78.79601,44.02127],[-78.79454,44.02093],[-78.79744,44.02389],[-78.79652,44.02482],[-78.79553,44.025],[-78.79478,44.02397],[-78.79281,44.02472],[-78.79164,44.02388],[-78.79216,44.02324],[-78.79035,44.02228],[-78.78978,44.0234],[-78.78745,44.02244],[-78.78514,44.02463],[-78.7849,44.02721],[-78.78555,44.02617],[-78.78803,44.02579],[-78.78963,44.02863],[-78.78972,44.02722],[-78.79133,44.02618],[-78.79383,44.03184],[-78.79465,44.02946],[-78.79736,44.02867],[-78.79631,44.03273],[-78.79533,44.03349],[-78.79762,44.03664],[-78.79754,44.0377],[-78.79587,44.03862],[-78.79636,44.0392],[-78.77996,44.04244],[-78.77917,44.04194],[-78.77819,44.04291],[-78.77401,44.04374],[-78.77193,44.04237],[-78.76869,44.04186],[-78.77054,44.04363],[-78.76951,44.04506],[-78.76817,44.04487],[-78.76785,44.04564],[-78.7722,44.05499],[-78.76236,44.0572],[-78.76273,44.05824],[-78.76159,44.05871],[-78.75497,44.05912],[-78.75584,44.06162],[-78.75674,44.06149],[-78.7542,44.06259],[-78.75559,44.0655],[-78.76014,44.06459],[-78.76124,44.06682],[-78.75808,44.06818],[-78.75745,44.07149],[-78.75647,44.0717],[-78.75875,44.07628],[-78.76264,44.07769],[-78.76861,44.07836],[-78.76961,44.07941],[-78.7734,44.08053],[-78.77521,44.0804],[-78.77671,44.08235],[-78.77466,44.08298],[-78.77379,44.08243],[-78.77144,44.08357],[-78.77226,44.08574],[-78.76997,44.0858],[-78.76957,44.08491],[-78.76686,44.08461],[-78.76524,44.08303],[-78.76109,44.08225],[-78.76137,44.08321],[-78.76316,44.08379],[-78.76388,44.08493],[-78.76222,44.08491],[-78.76278,44.08585],[-78.76447,44.08617],[-78.76708,44.08552],[-78.76796,44.08776],[-78.76556,44.08799],[-78.76533,44.0869],[-78.76558,44.08932],[-78.76689,44.08883],[-78.77017,44.08968],[-78.77288,44.08928],[-78.77348,44.09132],[-78.77597,44.09093]],[[-78.81489,44.02456],[-78.81844,44.035],[-78.81058,44.0383],[-78.80716,44.03804],[-78.80392,44.03622],[-78.80228,44.03658],[-78.80286,44.03765],[-78.80016,44.03789],[-78.79752,44.03438],[-78.79873,44.03221],[-78.79962,44.03319],[-78.80042,44.03297],[-78.80112,44.03133],[-78.80177,44.03348],[-78.80326,44.0329],[-78.80094,44.02774],[-78.80246,44.02747],[-78.80322,44.02931],[-78.80498,44.03026],[-78.80542,44.0337],[-78.80606,44.03277],[-78.80741,44.0335],[-78.8052,44.02813],[-78.80723,44.02746],[-78.80806,44.02792],[-78.80788,44.02657],[-78.81061,44.02598],[-78.81105,44.02745],[-78.81203,44.02728],[-78.81341,44.02859],[-78.81251,44.025],[-78.81489,44.02456]],[[-78.79631,44.04956],[-78.80021,44.05773],[-78.78593,44.06114],[-78.7821,44.05277],[-78.79631,44.04956]],[[-78.77299,44.07065],[-78.77403,44.07568],[-78.77179,44.0774],[-78.76892,44.07812],[-78.76765,44.07713],[-78.76426,44.07676],[-78.76209,44.07574],[-78.76131,44.07376],[-78.77299,44.07065]],[[-78.80553,44.06753],[-78.8053,44.07342],[-78.80622,44.07617],[-78.8049,44.07889],[-78.80312,44.08005],[-78.80085,44.07206],[-78.80078,44.06861],[-78.80553,44.06753]],[[-78.83326,44.03657],[-78.83467,44.03776],[-78.83395,44.04103],[-78.82277,44.04359],[-78.82321,44.04071],[-78.82787,44.03809],[-78.82924,44.03856],[-78.83044,44.03822],[-78.83051,44.03728],[-78.83326,44.03657]],[[-78.88058,44.02389],[-78.88,44.02675],[-78.88097,44.02676],[-78.88138,44.02851],[-78.8806,44.0287],[-78.87923,44.03262],[-78.88036,44.03518],[-78.87728,44.03504],[-78.87653,44.03305],[-78.87471,44.03309],[-78.87566,44.02986],[-78.87804,44.02933],[-78.87748,44.02562],[-78.88058,44.02389]],[[-79.04837,43.99494],[-79.05173,44.00298],[-79.05097,44.00316],[-79.04832,44.00122],[-79.04553,44.00137],[-79.04546,44.00009],[-79.04352,43.99811],[-79.04379,43.9975],[-79.04509,43.99767],[-79.04476,43.99661],[-79.04837,43.99494]],[[-78.89245,44.03227],[-78.89309,44.03456],[-78.89095,44.03467],[-78.89053,44.03271],[-78.89245,44.03227]],[[-78.83578,44.03879],[-78.8372,44.04029],[-78.83566,44.04065],[-78.83491,44.03887],[-78.83578,44.03879]],[[-78.77604,44.08915],[-78.77682,44.08987],[-78.77523,44.09022],[-78.77471,44.08925],[-78.77604,44.08915]]]}},{"type":"Feature","properties":{"OGF_ID":331,"LAND_USE_DESIGNATION":"Natural Core Area"},"geometry":{"type":"Polygon","coordinates":[[[-79.10986,44.0979],[-79.11648,44.0965],[-79.11681,44.09473],[-79.11967,44.09458],[-79.11907,44.09327],[-79.1163,44.09374],[-79.11665,44.09231],[-79.11742,44.09225],[-79.11577,44.08945],[-79.1243,44.08713],[-79.12521,44.08908],[-79.12979,44.08801],[-79.13554,44.08664],[-79.13668,44.08481],[-79.13745,44.08662],[-79.1411,44.08565],[-79.15734,44.08202],[-79.16008,44.08026],[-79.16057,44.0774],[-79.15854,44.07303],[-79.15743,44.07316],[-79.15557,44.07057],[-79.15304,44.07143],[-79.15155,44.06776],[-79.15366,44.06725],[-79.15213,44.0638],[-79.14245,44.06609],[-79.14033,44.0608],[-79.12759,44.06391],[-79.12042,44.04806],[-79.13318,44.04502],[-79.12864,44.03549],[-79.13738,44.03349],[-79.13435,44.02948],[-79.13152,44.03008],[-79.13066,44.0281],[-79.13912,44.02627],[-79.13826,44.0243],[-79.13608,44.02473],[-79.13436,44.02174],[-79.132,44.02221],[-79.13153,44.02119],[-79.13001,44.02147],[-79.12919,44.02034],[-79.12634,44.02138],[-79.12351,44.01646],[-79.1207,44.01705],[-79.11918,44.01564],[-79.12149,44.01511],[-79.11972,44.01359],[-79.12985,44.01098],[-79.12828,44.0075],[-79.1305,44.00627],[-79.12841,44.00369],[-79.12931,44.00344],[-79.12861,44.00152],[-79.12812,43.99988],[-79.11972,44.00189],[-79.1216,43.99945],[-79.1211,43.99804],[-79.12501,43.99452],[-79.12044,43.98684],[-79.12443,43.98706],[-79.12627,43.98779],[-79.12677,43.98914],[-79.12899,43.98974],[-79.12778,43.98594],[-79.12993,43.98479],[-79.12941,43.98352],[-79.12988,43.98269],[-79.12915,43.98231],[-79.12475,43.98393],[-79.12401,43.98244],[-79.12278,43.9822],[-79.11893,43.98312],[-79.11935,43.9844],[-79.11784,43.98474],[-79.11831,43.98623],[-79.11686,43.98625],[-79.10787,43.98101],[-79.1056,43.97846],[-79.10499,43.97974],[-79.11003,43.98253],[-79.10985,43.98391],[-79.11096,43.98414],[-79.11126,43.98518],[-79.10889,43.98482],[-79.10966,43.98678],[-79.10722,43.98774],[-79.10981,43.99064],[-79.1062,43.99131],[-79.10844,43.99668],[-79.10624,43.99665],[-79.10428,43.99229],[-79.09887,43.99286],[-79.09734,43.99081],[-79.09466,43.98961],[-79.09527,43.99186],[-79.09543,43.99516],[-79.09668,43.99592],[-79.09661,43.99754],[-79.09537,43.99783],[-79.09545,43.99848],[-79.09291,43.99939],[-79.08496,44.00007],[-79.08444,43.99913],[-79.08253,43.99883],[-79.08031,43.9935],[-79.0888,43.9916],[-79.09069,43.99203],[-79.09067,43.99031],[-79.08971,43.99114],[-79.08703,43.98986],[-79.08575,43.99054],[-79.0837,43.98949],[-79.08146,43.99028],[-79.08065,43.99165],[-79.07873,43.99221],[-79.07454,43.99587],[-79.07382,43.9915],[-79.07287,43.99114],[-79.07102,43.99711],[-79.07073,43.9955],[-79.06834,43.99617],[-79.06755,43.99571],[-79.0703,43.99262],[-79.07086,43.98961],[-79.06934,43.99347],[-79.06492,43.99534],[-79.0652,43.99677],[-79.06415,44.00192],[-79.06681,44.00817],[-79.06536,44.00887],[-79.06562,44.00979],[-79.06415,44.01006],[-79.06466,44.01263],[-79.06095,44.01297],[-79.05907,44.01392],[-79.06003,44.01562],[-79.05692,44.01642],[-79.05632,44.01479],[-79.05459,44.01464],[-79.05439,44.01693],[-79.05107,44.01775],[-79.05182,44.01947],[-79.04973,44.01863],[-79.04573,44.01911],[-79.04543,44.01852],[-79.04359,44.01896],[-79.04297,44.02018],[-79.03814,44.02133],[-79.0374,44.02051],[-79.03627,44.02087],[-79.03599,44.02259],[-79.03744,44.02358],[-79.03807,44.02547],[-79.04003,44.03066],[-79.03533,44.03184],[-79.03737,44.0339],[-79.03903,44.03808],[-79.03441,44.03907],[-79.03223,44.03873],[-79.02881,44.04022],[-79.02242,44.04172],[-79.02521,44.04817],[-79.02304,44.04879],[-79.02608,44.05344],[-79.02506,44.05375],[-79.02467,44.05298],[-79.0215,44.05367],[-79.02035,44.0499],[-79.01917,44.05016],[-79.01858,44.04912],[-79.01641,44.04832],[-79.0111,44.04612],[-79.00873,44.04639],[-79.00812,44.0448],[-79.00504,44.04542],[-79.0046,44.04405],[-79.00313,44.04428],[-79.00232,44.04599],[-79.00022,44.04649],[-78.99948,44.04497],[-78.99705,44.04544],[-78.99731,44.04667],[-78.99324,44.0481],[-78.99414,44.05037],[-78.99897,44.05075],[-79.00053,44.04893],[-79.00204,44.04864],[-79.00451,44.05023],[-79.0054,44.05006],[-79.00548,44.05086],[-79.00599,44.05119],[-79.00979,44.0502],[-79.01091,44.05357],[-79.01097,44.05462],[-79.01161,44.05452],[-79.01257,44.05565],[-79.01676,44.05719],[-79.02072,44.05631],[-79.0216,44.05836],[-79.02444,44.0584],[-79.02797,44.06151],[-79.03744,44.05928],[-79.03733,44.06118],[-79.04047,44.06095],[-79.04131,44.06288],[-79.04247,44.06238],[-79.04275,44.06044],[-79.04559,44.06079],[-79.04666,44.06168],[-79.04862,44.06132],[-79.04918,44.06216],[-79.05035,44.06197],[-79.05209,44.0629],[-79.05237,44.06687],[-79.05309,44.06861],[-79.05647,44.06813],[-79.05719,44.06985],[-79.05821,44.0698],[-79.05956,44.07156],[-79.06814,44.06999],[-79.06858,44.07101],[-79.07051,44.07057],[-79.07328,44.06984],[-79.07384,44.06852],[-79.07127,44.06511],[-79.06768,44.06594],[-79.06843,44.06795],[-79.06612,44.06848],[-79.06529,44.06273],[-79.06451,44.0622],[-79.06231,44.0628],[-79.06099,44.06463],[-79.05928,44.06417],[-79.05986,44.06326],[-79.05892,44.06124],[-79.05579,44.05965],[-79.05436,44.05744],[-79.05355,44.05777],[-79.05471,44.05632],[-79.05359,44.05448],[-79.0513,44.05329],[-79.05491,44.05249],[-79.055,44.05146],[-79.05588,44.0519],[-79.06487,44.04982],[-79.0659,44.05232],[-79.07841,44.04976],[-79.07991,44.05314],[-79.07901,44.05334],[-79.07906,44.05633],[-79.08214,44.06054],[-79.08517,44.05984],[-79.08772,44.06544],[-79.09345,44.06402],[-79.09314,44.06323],[-79.09451,44.06292],[-79.09475,44.0637],[-79.09983,44.06309],[-79.10502,44.07458],[-79.09284,44.07744],[-79.09339,44.07915],[-79.0873,44.08027],[-79.0849,44.08109],[-79.0843,44.08212],[-79.08175,44.08175],[-79.07875,44.0824],[-79.08014,44.08555],[-79.08095,44.0874],[-79.08446,44.08644],[-79.09139,44.08902],[-79.08201,44.09122],[-79.08175,44.09049],[-79.07833,44.09127],[-79.07586,44.09058],[-79.07432,44.09091],[-79.07535,44.09343],[-79.07312,44.09437],[-79.07111,44.09701],[-79.06944,44.0974],[-79.06872,44.09584],[-79.06781,44.09607],[-79.06745,44.10103],[-79.06982,44.10364],[-79.07137,44.10415],[-79.07347,44.10388],[-79.079,44.10018],[-79.08209,44.09926],[-79.08704,44.09921],[-79.0977,44.10177],[-79.09922,44.10068],[-79.09993,44.09738],[-79.10207,44.09642],[-79.10986,44.0979]],[[-79.11419,44.03384],[-79.11879,44.04427],[-79.09388,44.05007],[-79.09157,44.04505],[-79.09268,44.04319],[-79.09069,44.04317],[-79.08928,44.03967],[-79.09408,44.03851],[-79.0957,44.04203],[-79.10945,44.03879],[-79.10794,44.03534],[-79.11419,44.03384]],[[-79.06926,44.03644],[-79.07244,44.0435],[-79.06694,44.04428],[-79.06715,44.0448],[-79.06319,44.04575],[-79.06148,44.04209],[-79.06496,44.04128],[-79.06346,44.03781],[-79.06926,44.03644]]]}},{"type":"Feature","properties":{"OGF_ID":312,"LAND_USE_DESIGNATION":"Countryside Area"},"geometry":{"type":"Polygon","coordinates":[[[-78.81927,44.01606],[-78.81973,44.01738],[-78.82234,44.01777],[-78.82431,44.01979],[-78.82554,44.02022],[-78.82724,44.0193],[-78.83013,44.02043],[-78.83167,44.02308],[-78.83716,44.02207],[-78.83741,44.02263],[-78.83312,44.02397],[-78.83475,44.02665],[-78.83294,44.02719],[-78.83242,44.02592],[-78.8306,44.02646],[-78.82825,44.03097],[-78.82622,44.03211],[-78.82686,44.03321],[-78.82833,44.03324],[-78.82931,44.03503],[-78.83189,44.03427],[-78.83454,44.03454],[-78.8354,44.03635],[-78.83858,44.03563],[-78.84153,44.03908],[-78.8433,44.03867],[-78.8441,44.03742],[-78.843,44.03527],[-78.84585,44.03535],[-78.84562,44.03399],[-78.84848,44.03198],[-78.84704,44.02966],[-78.84738,44.02628],[-78.84502,44.02057],[-78.84521,44.01871],[-78.84291,44.01389],[-78.84441,44.01252],[-78.84464,44.00966],[-78.84127,44.01141],[-78.84104,44.01297],[-78.83724,44.01224],[-78.8374,44.01107],[-78.84018,44.01043],[-78.83934,44.00792],[-78.84156,44.00687],[-78.84085,44.00605],[-78.83651,44.00533],[-78.83445,44.00411],[-78.83445,44.0036],[-78.83803,44.00342],[-78.83676,43.99861],[-78.83298,43.99953],[-78.83231,43.99841],[-78.83039,43.99875],[-78.82979,43.99781],[-78.82043,43.9997],[-78.81609,43.99988],[-78.81096,43.99803],[-78.81189,44.00092],[-78.80954,44.00134],[-78.80767,43.99671],[-78.80899,43.99687],[-78.80979,43.99557],[-78.81121,43.99531],[-78.81119,43.99304],[-78.81004,43.98678],[-78.80877,43.98535],[-78.80557,43.99067],[-78.80319,43.98996],[-78.80185,43.99384],[-78.80095,43.99104],[-78.79394,43.98889],[-78.79295,43.99106],[-78.78563,43.99811],[-78.78351,43.9982],[-78.7805,43.99695],[-78.77913,43.99722],[-78.77965,43.99992],[-78.78778,44.00655],[-78.79332,44.0082],[-78.78901,44.00931],[-78.79123,44.00979],[-78.79027,44.01046],[-78.79157,44.01163],[-78.7964,44.01057],[-78.79798,44.01051],[-78.79824,44.0112],[-78.80213,44.00853],[-78.80274,44.00983],[-78.80481,44.0103],[-78.80153,44.0112],[-78.8013,44.0116],[-78.80348,44.01444],[-78.80574,44.01336],[-78.80969,44.01299],[-78.81129,44.01538],[-78.81479,44.01392],[-78.81519,44.01459],[-78.81831,44.014],[-78.81776,44.01261],[-78.82019,44.01279],[-78.82353,44.015],[-78.82484,44.01482],[-78.81927,44.01606]],[[-78.83672,44.0179],[-78.83756,44.01971],[-78.83627,44.02022],[-78.83667,44.02116],[-78.83278,44.02206],[-78.83154,44.01994],[-78.83628,44.01881],[-78.83672,44.0179]]]}},{"type":"Feature","properties":{"OGF_ID":400,"LAND_USE_DESIGNATION":"Countryside Area"},"geometry":{"type":"Polygon","coordinates":[[[-79.5225,43.9932],[-79.52266,43.9937],[-79.52536,43.99325],[-79.52424,43.98982],[-79.52284,43.98946],[-79.52347,43.98752],[-79.53075,43.98593],[-79.5297,43.98223],[-79.52912,43.98049],[-79.52801,43.98069],[-79.52736,43.97903],[-79.52616,43.97924],[-79.52526,43.97396],[-79.52403,43.97423],[-79.52241,43.97319],[-79.52182,43.97173],[-79.51907,43.97228],[-79.51879,43.96931],[-79.50809,43.97211],[-79.50902,43.9757],[-79.50742,43.97604],[-79.50784,43.97787],[-79.50963,43.98514],[-79.51067,43.9852],[-79.51121,43.98683],[-79.50935,43.98851],[-79.5097,43.99091],[-79.5084,43.99118],[-79.50878,43.99198],[-79.51059,43.99199],[-79.51131,43.99309],[-79.5147,43.99188],[-79.5201,43.99219],[-79.5204,43.99306],[-79.52234,43.99266],[-79.5225,43.9932]],[[-79.51844,43.9908],[-79.51094,43.99225],[-79.51058,43.99084],[-79.51026,43.98963],[-79.51783,43.98794],[-79.52076,43.98744],[-79.52007,43.98835],[-79.52055,43.99053],[-79.51844,43.9908]]]}},{"type":"Feature","properties":{"OGF_ID":563,"LAND_USE_DESIGNATION":"Settlement Area"},"geometry":{"type":"Polygon","coordinates":[[[-79.41328,43.9132],[-79.4145,43.91271],[-79.41254,43.91055],[-79.41205,43.91193],[-79.41319,43.91319],[-79.41328,43.9132]]]}},{"type":"Feature","properties":{"OGF_ID":590,"LAND_USE_DESIGNATION":"Settlement Area"},"geometry":{"type":"Polygon","coordinates":[[[-79.41254,43.91055],[-79.41001,43.90904],[-79.41001,43.90985],[-79.41254,43.91055]]]}},{"type":"Feature","properties":{"OGF_ID":418,"LAND_USE_DESIGNATION":"Countryside Area"},"geometry":{"type":"Polygon","coordinates":[[[-78.95352,44.01419],[-78.95551,44.01711],[-78.95435,44.02388],[-78.95606,44.02346],[-78.95735,44.02539],[-78.95939,44.02492],[-78.96259,44.02805],[-78.96833,44.02681],[-78.96489,44.01885],[-78.96582,44.01863],[-78.96489,44.01639],[-78.97046,44.01523],[-78.97201,44.01812],[-78.97032,44.01848],[-78.97269,44.0239],[-78.97987,44.02203],[-78.97918,44.02029],[-78.97715,44.01947],[-78.9778,44.01835],[-78.98067,44.0177],[-78.98122,44.01668],[-78.98138,44.01434],[-78.97938,44.01452],[-78.97896,44.01354],[-78.98195,44.01213],[-78.98152,44.01096],[-78.98009,44.01117],[-78.97973,44.01032],[-78.98111,44.00824],[-78.98025,44.00748],[-78.98138,44.00588],[-78.97871,44.00346],[-78.97584,44.0047],[-78.97725,44.00654],[-78.9766,44.0078],[-78.97453,44.00836],[-78.9739,44.00744],[-78.97503,44.00562],[-78.97361,44.00515],[-78.96963,44.00559],[-78.9706,44.00388],[-78.96949,44.00353],[-78.96904,44.0018],[-78.96313,44.00429],[-78.9628,44.00612],[-78.96136,44.00669],[-78.96118,44.00909],[-78.96008,44.00748],[-78.95974,44.01],[-78.95882,44.00725],[-78.95596,44.00678],[-78.95276,44.00854],[-78.95343,44.01143],[-78.95149,44.01202],[-78.95352,44.01419]],[[-78.96728,44.00841],[-78.96656,44.00861],[-78.96707,44.00992],[-78.96576,44.0102],[-78.96521,44.00889],[-78.96332,44.00923],[-78.96296,44.00842],[-78.96479,44.00804],[-78.96419,44.00621],[-78.96615,44.00577],[-78.96728,44.00841]]]}},{"type":"Feature","properties":{"OGF_ID":375,"LAND_USE_DESIGNATION":"Countryside Area"},"geometry":{"type":"Polygon","coordinates":[[[-79.35634,44.15924],[-79.35356,44.15988],[-79.35333,44.158],[-79.3552,44.15753],[-79.35537,44.15406],[-79.35695,44.1536],[-79.35805,44.15488],[-79.35973,44.15465],[-79.36047,44.15322],[-79.35192,44.15224],[-79.3509,44.15072],[-79.35387,44.14451],[-79.3545,44.13983],[-79.35734,44.13557],[-79.35912,44.13497],[-79.35773,44.13213],[-79.36169,44.13261],[-79.36181,44.13097],[-79.36313,44.13028],[-79.3633,44.12742],[-79.36158,44.12554],[-79.36124,44.12164],[-79.36426,44.12193],[-79.3645,44.11913],[-79.36404,44.11765],[-79.36253,44.11673],[-79.36127,44.11722],[-79.36072,44.11635],[-79.35807,44.11681],[-79.35432,44.11404],[-79.35248,44.11435],[-79.35009,44.11196],[-79.34994,44.11102],[-79.35196,44.11046],[-79.34959,44.10909],[-79.35279,44.10837],[-79.35133,44.1049],[-79.35061,44.10506],[-79.35055,44.1032],[-79.35435,44.10234],[-79.3543,44.10171],[-79.35364,44.10087],[-79.34929,44.10091],[-79.34904,44.09961],[-79.35026,44.09825],[-79.35393,44.09747],[-79.3547,44.09645],[-79.35176,44.09655],[-79.35085,44.09572],[-79.34797,44.09629],[-79.34729,44.09731],[-79.34323,44.09872],[-79.34022,44.09787],[-79.33749,44.09884],[-79.33799,44.10068],[-79.33638,44.10118],[-79.33649,44.10248],[-79.33284,44.10461],[-79.32946,44.10864],[-79.33089,44.11538],[-79.32765,44.11623],[-79.32831,44.11979],[-79.33002,44.11942],[-79.33089,44.12282],[-79.32852,44.12338],[-79.32812,44.12175],[-79.32515,44.12238],[-79.32203,44.12617],[-79.32462,44.12821],[-79.32819,44.12744],[-79.33033,44.13275],[-79.33359,44.13304],[-79.33509,44.13881],[-79.33754,44.13836],[-79.33814,44.14191],[-79.34265,44.14123],[-79.34478,44.14185],[-79.34544,44.14284],[-79.34488,44.14388],[-79.34028,44.14493],[-79.34114,44.14734],[-79.3373,44.14877],[-79.338,44.15557],[-79.34193,44.15477],[-79.34226,44.15591],[-79.33958,44.15656],[-79.34042,44.1588],[-79.34224,44.15853],[-79.34274,44.16033],[-79.34019,44.16171],[-79.3412,44.16493],[-79.34287,44.161],[-79.34486,44.15992],[-79.34906,44.16155],[-79.35454,44.16082],[-79.35634,44.15924]],[[-79.34479,44.11987],[-79.3457,44.12438],[-79.34322,44.12516],[-79.34184,44.12432],[-79.34157,44.12334],[-79.34297,44.12302],[-79.34174,44.12046],[-79.34479,44.11987]]]}},{"type":"Feature","properties":{"OGF_ID":378,"LAND_USE_DESIGNATION":"Natural Linkage Area"},"geometry":{"type":"Polygon","coordinates":[[[-78.39592,44.14485],[-78.39899,44.14523],[-78.39952,44.14469],[-78.39777,44.14293],[-78.39801,44.14062],[-78.39855,44.13966],[-78.40265,44.13776],[-78.40323,44.13467],[-78.40463,44.13322],[-78.40724,44.13398],[-78.40954,44.13333],[-78.40998,44.13241],[-78.40839,44.13064],[-78.40785,44.12807],[-78.40505,44.12824],[-78.40755,44.12615],[-78.41165,44.1254],[-78.41146,44.12479],[-78.41369,44.12395],[-78.41225,44.1226],[-78.41081,44.12316],[-78.40812,44.11795],[-78.41402,44.11644],[-78.41253,44.11285],[-78.40844,44.11261],[-78.40944,44.11495],[-78.40392,44.11516],[-78.40083,44.11398],[-78.39646,44.11439],[-78.39253,44.11677],[-78.39255,44.118],[-78.39127,44.11887],[-78.39221,44.12127],[-78.39306,44.11985],[-78.3942,44.12176],[-78.39844,44.12055],[-78.39785,44.11902],[-78.39633,44.11823],[-78.39464,44.11841],[-78.39466,44.11739],[-78.39633,44.11631],[-78.40081,44.11578],[-78.40207,44.11679],[-78.40525,44.1167],[-78.40616,44.11848],[-78.40449,44.11891],[-78.40504,44.12043],[-78.40295,44.1216],[-78.39722,44.12333],[-78.3933,44.12232],[-78.39497,44.12461],[-78.39619,44.12647],[-78.39569,44.12761],[-78.39812,44.13022],[-78.39829,44.13248],[-78.39486,44.14144],[-78.39543,44.14295],[-78.39687,44.14374],[-78.39598,44.14456],[-78.39592,44.14485]],[[-78.40767,44.12285],[-78.40831,44.12444],[-78.40366,44.12556],[-78.40439,44.12711],[-78.40341,44.12864],[-78.39996,44.12978],[-78.39925,44.12793],[-78.4005,44.12762],[-78.39867,44.12453],[-78.40393,44.12416],[-78.40767,44.12285]],[[-78.40576,44.13018],[-78.40652,44.13134],[-78.40025,44.13308],[-78.40013,44.13167],[-78.40576,44.13018]]]}},{"type":"Feature","properties":{"OGF_ID":589,"LAND_USE_DESIGNATION":"Natural Linkage Area"},"geometry":{"type":"Polygon","coordinates":[[[-79.26323,44.00166],[-79.26347,44.00266],[-79.26604,44.00212],[-79.26594,44.00166],[-79.26356,44.00166],[-79.26323,44.00166]]]}},{"type":"Feature","properties":{"OGF_ID":591,"LAND_USE_DESIGNATION":"Natural Linkage Area"},"geometry":{"type":"Polygon","coordinates":[[[-79.26604,44.00212],[-79.26614,44.00335],[-79.26748,44.0077],[-79.26898,44.00736],[-79.26871,44.00599],[-79.26743,44.00579],[-79.26651,44.00416],[-79.26604,44.00212]]]}},{"type":"Feature","properties":{"OGF_ID":525,"LAND_USE_DESIGNATION":"Natural Core Area"},"geometry":{"type":"Polygon","coordinates":[[[-79.89029,43.98083],[-79.89052,43.98181],[-79.89877,43.97992],[-79.90109,43.9794],[-79.90696,43.97805],[-79.90568,43.97286],[-79.90997,43.97188],[-79.91085,43.97331],[-79.91222,43.97332],[-79.91771,43.9719],[-79.9174,43.97052],[-79.92449,43.96875],[-79.92526,43.97061],[-79.92716,43.97045],[-79.92778,43.97133],[-79.93079,43.97187],[-79.93429,43.971],[-79.93516,43.97012],[-79.93749,43.97022],[-79.93882,43.96922],[-79.93925,43.97103],[-79.9425,43.97089],[-79.94321,43.97367],[-79.94181,43.97404],[-79.94232,43.97602],[-79.94679,43.97505],[-79.94719,43.97731],[-79.94901,43.97707],[-79.94909,43.976],[-79.9508,43.97558],[-79.95053,43.9745],[-79.94858,43.97411],[-79.94832,43.97285],[-79.95577,43.96962],[-79.9511,43.95145],[-79.93588,43.95476],[-79.89313,43.92355],[-79.89827,43.91903],[-79.88191,43.90703],[-79.89253,43.89772],[-79.88836,43.8946],[-79.8937,43.88986],[-79.88307,43.88203],[-79.88126,43.8835],[-79.87818,43.886],[-79.87669,43.88562],[-79.87626,43.88598],[-79.87551,43.88692],[-79.87586,43.88936],[-79.87793,43.89187],[-79.87679,43.89406],[-79.87248,43.89787],[-79.86778,43.89497],[-79.8694,43.89349],[-79.86846,43.89296],[-79.87109,43.89054],[-79.86954,43.8894],[-79.86404,43.89364],[-79.85726,43.8888],[-79.85485,43.89082],[-79.8536,43.88983],[-79.85205,43.89114],[-79.85053,43.89029],[-79.8523,43.8885],[-79.84618,43.88796],[-79.84466,43.88892],[-79.83917,43.88747],[-79.83527,43.88838],[-79.83271,43.88663],[-79.84161,43.87936],[-79.84414,43.87962],[-79.84701,43.8785],[-79.85009,43.87899],[-79.85246,43.87684],[-79.85333,43.87484],[-79.85387,43.87343],[-79.8532,43.87277],[-79.85298,43.87241],[-79.85242,43.87108],[-79.85353,43.87073],[-79.85374,43.86837],[-79.85092,43.86735],[-79.85125,43.8665],[-79.84884,43.86431],[-79.84572,43.86402],[-79.84055,43.86807],[-79.83822,43.86768],[-79.83622,43.86927],[-79.83348,43.8673],[-79.83239,43.86828],[-79.82979,43.86573],[-79.82739,43.86663],[-79.82499,43.86905],[-79.81933,43.86524],[-79.81788,43.86569],[-79.8164,43.86755],[-79.8153,43.86674],[-79.81416,43.86786],[-79.81239,43.86926],[-79.8088,43.87212],[-79.81115,43.87324],[-79.81391,43.87102],[-79.81794,43.87377],[-79.81151,43.87937],[-79.81212,43.87987],[-79.81092,43.88088],[-79.8098,43.88008],[-79.80791,43.88118],[-79.80656,43.88077],[-79.8047,43.87941],[-79.80477,43.87827],[-79.80258,43.87748],[-79.80047,43.87813],[-79.78623,43.88719],[-79.78344,43.8897],[-79.78424,43.89025],[-79.78493,43.88898],[-79.78704,43.8893],[-79.78771,43.89124],[-79.79262,43.8954],[-79.78851,43.89917],[-79.79621,43.90474],[-79.79212,43.90834],[-79.78993,43.90692],[-79.79026,43.90619],[-79.7853,43.90541],[-79.7809,43.90938],[-79.78237,43.91045],[-79.78092,43.91167],[-79.77749,43.91016],[-79.77268,43.9141],[-79.77155,43.91334],[-79.76965,43.91528],[-79.77064,43.91607],[-79.77036,43.91771],[-79.77263,43.91822],[-79.77407,43.92012],[-79.77875,43.92019],[-79.78231,43.91727],[-79.78391,43.91774],[-79.78634,43.91556],[-79.78711,43.91602],[-79.78774,43.91551],[-79.78713,43.91503],[-79.78931,43.91304],[-79.79312,43.9129],[-79.79475,43.91214],[-79.79781,43.91427],[-79.80291,43.90966],[-79.80566,43.90718],[-79.81391,43.91132],[-79.81513,43.90767],[-79.81978,43.9113],[-79.81596,43.91539],[-79.81725,43.91636],[-79.81492,43.91832],[-79.81591,43.91914],[-79.8139,43.92607],[-79.812,43.92775],[-79.80887,43.93051],[-79.80343,43.93538],[-79.81266,43.94201],[-79.81252,43.94396],[-79.81447,43.94543],[-79.81026,43.94908],[-79.81572,43.95293],[-79.81298,43.95543],[-79.81349,43.95707],[-79.81496,43.95789],[-79.81899,43.95859],[-79.8211,43.95694],[-79.8265,43.96084],[-79.83315,43.95496],[-79.83697,43.95534],[-79.84197,43.95808],[-79.84517,43.95838],[-79.84785,43.96079],[-79.84944,43.96098],[-79.84511,43.96546],[-79.84584,43.96597],[-79.84353,43.9677],[-79.84416,43.96836],[-79.84665,43.96928],[-79.84847,43.96805],[-79.85193,43.96933],[-79.85274,43.96942],[-79.85792,43.96602],[-79.8585,43.96544],[-79.86261,43.96621],[-79.86597,43.96874],[-79.8684,43.96957],[-79.8711,43.97172],[-79.87319,43.97964],[-79.87604,43.97968],[-79.87682,43.97901],[-79.88926,43.97641],[-79.89029,43.98083]],[[-79.83639,43.94087],[-79.83817,43.94203],[-79.83854,43.94794],[-79.84293,43.95307],[-79.84255,43.95493],[-79.83918,43.95124],[-79.83444,43.95316],[-79.83458,43.95256],[-79.83212,43.9517],[-79.8286,43.95422],[-79.82372,43.95211],[-79.82116,43.95179],[-79.82185,43.94894],[-79.82012,43.94702],[-79.82542,43.94206],[-79.8234,43.94069],[-79.82521,43.93912],[-79.82706,43.94053],[-79.82888,43.94034],[-79.83038,43.94174],[-79.82966,43.94268],[-79.83091,43.94338],[-79.83492,43.93985],[-79.83639,43.94087]],[[-79.83655,43.89779],[-79.84671,43.90474],[-79.84605,43.90525],[-79.8477,43.90658],[-79.847,43.90779],[-79.84557,43.90722],[-79.84459,43.90806],[-79.84023,43.90619],[-79.84104,43.90532],[-79.83971,43.90434],[-79.83991,43.90196],[-79.83548,43.89875],[-79.83655,43.89779]]]}},{"type":"Feature","properties":{"OGF_ID":468,"LAND_USE_DESIGNATION":"Natural Linkage Area"},"geometry":{"type":"Polygon","coordinates":[[[-78.72502,44.05075],[-78.72645,44.05015],[-78.72458,44.04558],[-78.72334,44.04586],[-78.72252,44.04445],[-78.71829,44.0438],[-78.71795,44.0414],[-78.72229,44.03967],[-78.7222,44.03783],[-78.72608,44.03474],[-78.72708,44.03131],[-78.72584,44.02936],[-78.72061,44.02875],[-78.72126,44.02772],[-78.72012,44.02699],[-78.71712,44.0277],[-78.71685,44.02635],[-78.71828,44.02579],[-78.7178,44.02507],[-78.71621,44.02528],[-78.71568,44.02894],[-78.71487,44.02962],[-78.71367,44.02868],[-78.709,44.02978],[-78.70914,44.02868],[-78.70709,44.02979],[-78.70551,44.02875],[-78.70438,44.02989],[-78.70346,44.02727],[-78.69608,44.02963],[-78.69539,44.02833],[-78.69013,44.02945],[-78.68846,44.0252],[-78.68964,44.02365],[-78.68924,44.02256],[-78.68845,44.0224],[-78.68826,44.02403],[-78.68631,44.02501],[-78.68483,44.02211],[-78.68288,44.02297],[-78.68206,44.02468],[-78.6825,44.02686],[-78.68109,44.02593],[-78.67839,44.02568],[-78.67915,44.02484],[-78.67534,44.02567],[-78.67656,44.01812],[-78.67764,44.01793],[-78.6773,44.01353],[-78.67605,44.01249],[-78.6702,44.01016],[-78.66789,44.01193],[-78.66698,44.01423],[-78.67025,44.02189],[-78.67197,44.02201],[-78.67297,44.01968],[-78.67428,44.0218],[-78.67387,44.02378],[-78.67148,44.02593],[-78.66701,44.02674],[-78.66737,44.02769],[-78.65502,44.03066],[-78.65567,44.03238],[-78.65323,44.03298],[-78.65143,44.03212],[-78.65088,44.03072],[-78.65194,44.03013],[-78.65004,44.03061],[-78.65251,44.03509],[-78.64951,44.03404],[-78.6481,44.03265],[-78.64603,44.03275],[-78.6467,44.03104],[-78.64434,44.0293],[-78.64336,44.0309],[-78.6416,44.03157],[-78.64455,44.02564],[-78.64299,44.02391],[-78.64028,44.02457],[-78.63882,44.02674],[-78.6383,44.02948],[-78.63953,44.0319],[-78.63448,44.03095],[-78.63455,44.03251],[-78.63637,44.03228],[-78.63779,44.03529],[-78.63327,44.03636],[-78.6329,44.03579],[-78.62844,44.03746],[-78.62738,44.0351],[-78.62934,44.03408],[-78.62803,44.03096],[-78.63008,44.02753],[-78.62848,44.02745],[-78.63027,44.02472],[-78.63183,44.02418],[-78.62831,44.02291],[-78.62868,44.02542],[-78.62382,44.02836],[-78.62419,44.02891],[-78.62581,44.02869],[-78.62539,44.03253],[-78.62292,44.0334],[-78.62427,44.03405],[-78.62514,44.03686],[-78.62273,44.03748],[-78.62317,44.0387],[-78.61588,44.04041],[-78.61545,44.03974],[-78.61336,44.04011],[-78.61287,44.03932],[-78.6102,44.03978],[-78.60715,44.03281],[-78.6034,44.03406],[-78.60397,44.0361],[-78.5972,44.03332],[-78.59689,44.03229],[-78.59787,44.03137],[-78.60256,44.03104],[-78.60142,44.02765],[-78.60391,44.02778],[-78.60569,44.02978],[-78.60573,44.02896],[-78.60814,44.02884],[-78.6078,44.02758],[-78.60528,44.02769],[-78.59939,44.02484],[-78.59049,44.02497],[-78.59451,44.02603],[-78.58846,44.02678],[-78.59356,44.02847],[-78.59314,44.02683],[-78.59675,44.02627],[-78.59895,44.02913],[-78.59746,44.02932],[-78.59684,44.02785],[-78.59356,44.02847],[-78.59589,44.02924],[-78.5941,44.03152],[-78.5881,44.02941],[-78.58111,44.02935],[-78.58027,44.02985],[-78.58022,44.03139],[-78.5854,44.03157],[-78.58598,44.02993],[-78.58789,44.03015],[-78.58784,44.03119],[-78.58891,44.03141],[-78.59004,44.03339],[-78.59257,44.03218],[-78.59376,44.03433],[-78.59476,44.03257],[-78.596,44.03499],[-78.59747,44.03481],[-78.6017,44.03736],[-78.60513,44.04103],[-78.60811,44.04039],[-78.61013,44.04462],[-78.61325,44.04492],[-78.61503,44.04404],[-78.61555,44.04525],[-78.61786,44.0448],[-78.61987,44.05044],[-78.62338,44.05523],[-78.62027,44.05683],[-78.61294,44.05853],[-78.61355,44.06047],[-78.62863,44.05695],[-78.632,44.06535],[-78.6722,44.05686],[-78.66744,44.04611],[-78.67195,44.04466],[-78.67336,44.04191],[-78.68168,44.05072],[-78.69835,44.04661],[-78.7004,44.0514],[-78.71486,44.04779],[-78.71773,44.05408],[-78.72502,44.05075]]]}},{"type":"Feature","properties":{"OGF_ID":470,"LAND_USE_DESIGNATION":"Countryside Area"},"geometry":{"type":"Polygon","coordinates":[[[-79.16561,44.06601],[-79.16896,44.07122],[-79.17123,44.07081],[-79.17255,44.07418],[-79.17867,44.0729],[-79.17969,44.07126],[-79.18192,44.07154],[-79.18367,44.07364],[-79.1854,44.07333],[-79.18473,44.0717],[-79.19309,44.0693],[-79.192,44.06638],[-79.20587,44.0631],[-79.20844,44.06626],[-79.21373,44.06516],[-79.21395,44.06331],[-79.21835,44.06232],[-79.2179,44.06057],[-79.21966,44.06028],[-79.22055,44.06236],[-79.22249,44.06334],[-79.22664,44.06323],[-79.22576,44.06069],[-79.2267,44.06044],[-79.22618,44.05953],[-79.22762,44.05895],[-79.22643,44.05845],[-79.22595,44.05677],[-79.22316,44.05741],[-79.22277,44.05655],[-79.22507,44.05581],[-79.22511,44.05496],[-79.22954,44.05392],[-79.23157,44.05879],[-79.23268,44.05827],[-79.23338,44.05907],[-79.23223,44.06035],[-79.23384,44.06437],[-79.24185,44.06262],[-79.2444,44.06054],[-79.24294,44.05916],[-79.24434,44.05807],[-79.24176,44.05144],[-79.23768,44.05193],[-79.23704,44.0482],[-79.23204,44.0494],[-79.22751,44.04865],[-79.22368,44.04958],[-79.22284,44.04764],[-79.22177,44.04783],[-79.21929,44.04153],[-79.2179,44.04182],[-79.2168,44.04123],[-79.20583,44.0436],[-79.20515,44.04209],[-79.20111,44.04286],[-79.20031,44.04113],[-79.20149,44.04079],[-79.20184,44.03889],[-79.20399,44.03834],[-79.20348,44.03651],[-79.2064,44.03411],[-79.20561,44.03198],[-79.20323,44.03329],[-79.20387,44.0348],[-79.20222,44.03562],[-79.20302,44.03791],[-79.1995,44.03929],[-79.19997,44.04035],[-79.19674,44.04177],[-79.19631,44.03981],[-79.19532,44.03764],[-79.19139,44.03955],[-79.18959,44.03961],[-79.1881,44.0362],[-79.18452,44.03703],[-79.1838,44.03498],[-79.18239,44.03531],[-79.18167,44.03358],[-79.19978,44.02951],[-79.19941,44.02865],[-79.20143,44.02823],[-79.20261,44.02513],[-79.20221,44.02134],[-79.19854,44.02225],[-79.19628,44.02008],[-79.19208,44.02097],[-79.19107,44.02202],[-79.18962,44.02204],[-79.18872,44.02082],[-79.18282,44.02269],[-79.18147,44.02221],[-79.17673,44.02321],[-79.17569,44.02193],[-79.17295,44.02248],[-79.17037,44.02092],[-79.16463,44.02299],[-79.16248,44.02219],[-79.16,44.02261],[-79.16016,44.0216],[-79.16493,44.02244],[-79.16647,44.02201],[-79.16665,44.02115],[-79.16353,44.01838],[-79.1505,44.02153],[-79.14952,44.01957],[-79.14329,44.02045],[-79.1428,44.01954],[-79.13436,44.02174],[-79.13608,44.02473],[-79.13826,44.0243],[-79.13912,44.02627],[-79.13066,44.0281],[-79.13152,44.03008],[-79.13435,44.02948],[-79.13738,44.03349],[-79.12864,44.03549],[-79.13318,44.04502],[-79.12042,44.04806],[-79.12759,44.06391],[-79.14033,44.0608],[-79.14245,44.06609],[-79.15213,44.0638],[-79.15934,44.06205],[-79.16435,44.06198],[-79.16628,44.06297],[-79.16688,44.06421],[-79.16561,44.06601]],[[-79.15573,44.04748],[-79.15472,44.04773],[-79.14882,44.0492],[-79.1484,44.04821],[-79.14404,44.04925],[-79.1437,44.04851],[-79.14729,44.04766],[-79.14697,44.04688],[-79.14533,44.04727],[-79.14485,44.046],[-79.14694,44.04549],[-79.14644,44.04427],[-79.14434,44.04475],[-79.14367,44.04265],[-79.1458,44.04219],[-79.14645,44.04367],[-79.15644,44.04131],[-79.15734,44.04338],[-79.15946,44.04288],[-79.15967,44.04648],[-79.1559,44.04743],[-79.15573,44.04748]]]}}]}