{"type":"FeatureCollection","features":[{"type":"Feature","properties":{"OGF_ID":60000277},"geometry":{"type":"Polygon","coordinates":[[[-75.6312,44.62216],[-75.63153,44.62206],[-75.63514,44.62156],[-75.63924,44.61706],[-75.65158,44.60784],[-75.66179,44.60098],[-75.66687,44.59938],[-75.67283,44.59446],[-75.67611,44.5932],[-75.68081,44.58988],[-75.68023,44.58715],[-75.6809,44.58667],[-75.68321,44.58603],[-75.6815,44.58728],[-75.68182,44.5892],[-75.68182,44.5873],[-75.68391,44.58723],[-75.6839,44.58586],[-75.68547,44.58466],[-75.68579,44.58463],[-75.6872,44.58589],[-75.68747,44.5859],[-75.68609,44.58471],[-75.68593,44.58436],[-75.68726,44.58401],[-75.68602,44.58441],[-75.68686,44.58499],[-75.68729,44.5843],[-75.68777,44.5848],[-75.68964,44.5839],[-75.6903,44.58174],[-75.69278,44.58042],[-75.69296,44.58095],[-75.69691,44.57773],[-75.6982,44.57779],[-75.69875,44.5768],[-75.70091,44.57626],[-75.70151,44.57519],[-75.70265,44.57532],[-75.70486,44.57386],[-75.70547,44.57231],[-75.70674,44.5722],[-75.70656,44.57148],[-75.70854,44.57101],[-75.70814,44.57261],[-75.70926,44.57111],[-75.71203,44.57003],[-75.71204,44.56915],[-75.71612,44.56735],[-75.71747,44.56369],[-75.71997,44.56301],[-75.72044,44.56253],[-75.71951,44.56292],[-75.71965,44.56229],[-75.72204,44.56041],[-75.72082,44.56024],[-75.71648,44.56298],[-75.71545,44.56292],[-75.71526,44.56219],[-75.71933,44.55998],[-75.72105,44.55736],[-75.723,44.55711],[-75.72338,44.55585],[-75.72869,44.55235],[-75.72807,44.55188],[-75.72959,44.55052],[-75.73075,44.54985],[-75.73325,44.55073],[-75.73306,44.55148],[-75.73434,44.55078],[-75.73374,44.54973],[-75.73572,44.54862],[-75.73658,44.54913],[-75.73675,44.54854],[-75.73695,44.54942],[-75.73975,44.54992],[-75.73953,44.55164],[-75.74087,44.54901],[-75.74256,44.54881],[-75.74241,44.54777],[-75.74426,44.54728],[-75.74451,44.54485],[-75.74677,44.5414],[-75.75129,44.54109],[-75.75547,44.53648],[-75.7603,44.53538],[-75.76094,44.53327],[-75.76421,44.53154],[-75.77026,44.52552],[-75.78141,44.52002],[-75.78253,44.51671],[-75.78938,44.51098],[-75.79881,44.50645],[-75.80014,44.50428],[-75.80271,44.50385],[-75.803,44.50466],[-75.80449,44.50436],[-75.80444,44.50349],[-75.80374,44.50362],[-75.80481,44.50236],[-75.8047,44.49991],[-75.8038,44.49803],[-75.80672,44.4968],[-75.80783,44.49551],[-75.80712,44.49459],[-75.80548,44.49485],[-75.80497,44.49423],[-75.80613,44.49258],[-75.8095,44.49251],[-75.81028,44.49046],[-75.81368,44.48852],[-75.81613,44.4878],[-75.81938,44.48821],[-75.8198,44.48712],[-75.82513,44.48685],[-75.8298,44.48447],[-75.83145,44.48039],[-75.82974,44.47794],[-75.83242,44.47791],[-75.83262,44.47612],[-75.84457,44.4658],[-75.84416,44.46495],[-75.84576,44.46343],[-75.84805,44.46329],[-75.85414,44.45692],[-75.85585,44.45659],[-75.85813,44.45454],[-75.85895,44.45473],[-75.85809,44.4543],[-75.85969,44.45235],[-75.8583,44.4517],[-75.85912,44.45105],[-75.86016,44.45176],[-75.86233,44.45111],[-75.86574,44.44648],[-75.87305,44.4416],[-75.87521,44.43858],[-75.87447,44.43734],[-75.87701,44.43536],[-75.87653,44.43414],[-75.88346,44.43304],[-75.88248,44.43272],[-75.88368,44.43174],[-75.8829,44.43073],[-75.88597,44.42793],[-75.88918,44.42646],[-75.8902,44.42338],[-75.89466,44.41873],[-75.89442,44.4177],[-75.89947,44.41509],[-75.89975,44.41456],[-75.89778,44.41399],[-75.90035,44.41347],[-75.9017,44.41129],[-75.90405,44.41095],[-75.90755,44.409],[-75.90932,44.40623],[-75.91116,44.40611],[-75.91139,44.40561],[-75.90909,44.4053],[-75.90935,44.40444],[-75.90832,44.40661],[-75.90548,44.40605],[-75.9083,44.40457],[-75.90814,44.40374],[-75.90964,44.4029],[-75.91034,44.40142],[-75.90982,44.40223],[-75.90888,44.4017],[-75.90839,44.40239],[-75.90964,44.40243],[-75.90741,44.40373],[-75.90787,44.40439],[-75.89893,44.40877],[-75.89832,44.4084],[-75.90438,44.40298],[-75.90742,44.40151],[-75.90857,44.39829],[-75.90997,44.39863],[-75.91301,44.39722],[-75.91279,44.39598],[-75.91587,44.39504],[-75.91708,44.39364],[-75.91849,44.39361],[-75.91872,44.39459],[-75.91966,44.39461],[-75.91969,44.39593],[-75.91803,44.39737],[-75.91833,44.39806],[-75.91876,44.39708],[-75.91944,44.39728],[-75.92073,44.39376],[-75.92159,44.39502],[-75.92247,44.39293],[-75.92356,44.393],[-75.92397,44.39274],[-75.92225,44.3924],[-75.92381,44.39134],[-75.92448,44.39209],[-75.92491,44.39153],[-75.92405,44.39065],[-75.92452,44.38932],[-75.9235,44.38964],[-75.92388,44.3886],[-75.92555,44.38737],[-75.92774,44.38843],[-75.92719,44.38695],[-75.9296,44.38646],[-75.92918,44.38514],[-75.93047,44.38588],[-75.93023,44.38387],[-75.93138,44.38288],[-75.93075,44.3819],[-75.92857,44.3831],[-75.92897,44.38178],[-75.93105,44.38099],[-75.93206,44.3786],[-75.93407,44.37777],[-75.93462,44.37846],[-75.93739,44.37556],[-75.94335,44.37617],[-75.9452,44.37543],[-75.94391,44.37504],[-75.94505,44.37383],[-75.94607,44.37563],[-75.94873,44.37511],[-75.94965,44.37429],[-75.94903,44.37446],[-75.94936,44.3732],[-75.95119,44.37165],[-75.95262,44.37132],[-75.95298,44.37243],[-75.95424,44.37136],[-75.95726,44.3709],[-75.95865,44.36931],[-75.96067,44.3696],[-75.96293,44.36872],[-75.96668,44.36855],[-75.96777,44.36778],[-75.97532,44.36632],[-75.97535,44.3677],[-75.97754,44.36801],[-75.97955,44.36726],[-75.97928,44.36608],[-75.98222,44.36559],[-75.98267,44.36417],[-75.9866,44.36328],[-75.98759,44.36359],[-75.98548,44.36499],[-75.98667,44.36618],[-75.98501,44.369],[-75.98791,44.36585],[-75.98928,44.3659],[-75.98834,44.36557],[-75.99036,44.36401],[-75.99593,44.36416],[-75.99619,44.36553],[-76.00328,44.36514],[-76.00657,44.36376],[-76.00804,44.36487],[-76.01029,44.36371],[-76.01159,44.36454],[-76.01334,44.36369],[-76.01252,44.36237],[-76.01521,44.36251],[-76.01281,44.3615],[-76.01525,44.35962],[-76.01528,44.35784],[-76.01823,44.35722],[-76.01705,44.35859],[-76.01808,44.36081],[-76.02013,44.35909],[-76.02103,44.35926],[-76.02036,44.35829],[-76.0211,44.35926],[-76.02109,44.35937],[-76.02162,44.35899],[-76.02235,44.35961],[-76.02362,44.35994],[-76.02434,44.35945],[-76.02245,44.35945],[-76.02225,44.35798],[-76.02287,44.35831],[-76.02356,44.35801],[-76.02284,44.35812],[-76.0227,44.35736],[-76.02104,44.35789],[-76.02089,44.35633],[-76.02417,44.35616],[-76.02341,44.35702],[-76.0244,44.35674],[-76.02602,44.35849],[-76.02643,44.35834],[-76.02464,44.35616],[-76.02858,44.35585],[-76.02914,44.35554],[-76.02435,44.35582],[-76.02523,44.35515],[-76.02428,44.35534],[-76.02415,44.35468],[-76.02587,44.35483],[-76.02604,44.35362],[-76.02857,44.35298],[-76.03066,44.35348],[-76.03089,44.35229],[-76.03314,44.35158],[-76.02998,44.35549],[-76.03134,44.35483],[-76.03067,44.35576],[-76.03135,44.35558],[-76.03092,44.3564],[-76.03212,44.35705],[-76.03422,44.35262],[-76.04049,44.35258],[-76.04045,44.35182],[-76.04251,44.35122],[-76.0418,44.3504],[-76.04424,44.34776],[-76.04429,44.34865],[-76.04518,44.34832],[-76.04616,44.34943],[-76.04858,44.34859],[-76.0521,44.34864],[-76.05176,44.34937],[-76.05369,44.34856],[-76.05582,44.34939],[-76.05751,44.34841],[-76.0613,44.34887],[-76.06326,44.34761],[-76.06203,44.34681],[-76.06039,44.3468],[-76.05922,44.34785],[-76.0585,44.34706],[-76.05678,44.34767],[-76.05507,44.34725],[-76.06148,44.34347],[-76.06153,44.34511],[-76.06394,44.34424],[-76.0646,44.34502],[-76.06552,44.34461],[-76.06506,44.34581],[-76.06604,44.3447],[-76.06712,44.34498],[-76.06826,44.34623],[-76.06719,44.3484],[-76.0657,44.34895],[-76.06539,44.35053],[-76.06773,44.35083],[-76.07019,44.34801],[-76.06794,44.35114],[-76.06837,44.3516],[-76.06547,44.35115],[-76.064,44.35202],[-76.06334,44.35103],[-76.06129,44.3541],[-76.05754,44.35543],[-76.05774,44.35881],[-76.0532,44.36207],[-76.04997,44.36612],[-76.04849,44.36901],[-76.05576,44.36032],[-76.06271,44.35525],[-76.06543,44.35727],[-76.06651,44.35515],[-76.06974,44.35223],[-76.07066,44.35228],[-76.06863,44.35143],[-76.07101,44.35172],[-76.07225,44.34971],[-76.07292,44.35062],[-76.07223,44.35199],[-76.07735,44.35197],[-76.07737,44.35279],[-76.07958,44.35304],[-76.08134,44.35184],[-76.08295,44.35194],[-76.08704,44.35028],[-76.0893,44.34817],[-76.09128,44.34877],[-76.09654,44.34741],[-76.09679,44.34795],[-76.09801,44.34719],[-76.09736,44.34682],[-76.09824,44.34567],[-76.10008,44.34538],[-76.0995,44.345],[-76.10084,44.34408],[-76.10263,44.3439],[-76.10157,44.34288],[-76.10176,44.34361],[-76.09961,44.34339],[-76.09645,44.3449],[-76.0949,44.34526],[-76.09803,44.34353],[-76.10124,44.33974],[-76.1064,44.33901],[-76.10646,44.33958],[-76.11154,44.34386],[-76.1073,44.34792],[-76.10414,44.34937],[-76.10228,44.35074],[-76.10254,44.35084],[-76.10425,44.34947],[-76.10807,44.34828],[-76.11187,44.34534],[-76.11161,44.34161],[-76.11235,44.34107],[-76.11138,44.34071],[-76.10975,44.34209],[-76.1091,44.34104],[-76.11087,44.34047],[-76.11205,44.33763],[-76.11327,44.33799],[-76.11322,44.33712],[-76.11368,44.3369],[-76.11417,44.33785],[-76.11605,44.33686],[-76.11622,44.33541],[-76.11891,44.33644],[-76.12117,44.33503],[-76.12338,44.33542],[-76.12616,44.33442],[-76.12547,44.3356],[-76.12816,44.33573],[-76.13139,44.33326],[-76.133,44.33378],[-76.13571,44.33207],[-76.13952,44.33224],[-76.14175,44.33063],[-76.14393,44.33024],[-76.14407,44.33085],[-76.14546,44.33093],[-76.14644,44.32993],[-76.14639,44.3304],[-76.14706,44.33045],[-76.1473,44.3314],[-76.14809,44.33175],[-76.14775,44.33076],[-76.14969,44.32988],[-76.15194,44.32736],[-76.15696,44.325],[-76.15959,44.32535],[-76.16314,44.32264],[-76.16316,44.32165],[-76.16404,44.32431],[-76.16485,44.32379],[-76.16477,44.32359],[-76.16576,44.32284],[-76.16445,44.32422],[-76.16512,44.32426],[-76.16749,44.32345],[-76.16854,44.32216],[-76.17042,44.32184],[-76.17176,44.32248],[-76.17592,44.31967],[-76.17978,44.31907],[-76.18154,44.31803],[-76.18254,44.31846],[-76.18539,44.31522],[-76.18529,44.31415],[-76.18961,44.31265],[-76.19121,44.31122],[-76.18873,44.30891],[-76.18974,44.30808],[-76.19224,44.30828],[-76.19367,44.30761],[-76.19367,44.30417],[-76.19441,44.30615],[-76.19743,44.30789],[-76.19895,44.31155],[-76.20267,44.31076],[-76.20497,44.31165],[-76.20481,44.31253],[-76.20711,44.3119],[-76.20981,44.3161],[-76.21387,44.31699],[-76.21192,44.321],[-76.20864,44.32164],[-76.20749,44.32265],[-76.21169,44.32146],[-76.21178,44.32196],[-76.2104,44.32205],[-76.21186,44.32236],[-76.21117,44.32371],[-76.21261,44.32283],[-76.2143,44.3192],[-76.21687,44.31966],[-76.21651,44.32218],[-76.21749,44.32218],[-76.217,44.31969],[-76.21773,44.31949],[-76.21632,44.31899],[-76.21809,44.31834],[-76.22392,44.31992],[-76.22196,44.32139],[-76.22329,44.32058],[-76.22644,44.32072],[-76.22748,44.32034],[-76.22735,44.3199],[-76.22444,44.32056],[-76.224,44.31952],[-76.22231,44.31845],[-76.22495,44.31593],[-76.22779,44.31506],[-76.22923,44.31236],[-76.23193,44.31168],[-76.23345,44.30966],[-76.2344,44.30954],[-76.2351,44.31104],[-76.23832,44.31307],[-76.23845,44.3142],[-76.23894,44.31468],[-76.2394,44.31598],[-76.23959,44.31604],[-76.23873,44.31318],[-76.23489,44.30857],[-76.23635,44.30639],[-76.23713,44.30629],[-76.23663,44.30681],[-76.23775,44.30798],[-76.2404,44.30828],[-76.24021,44.30965],[-76.24314,44.31035],[-76.24516,44.30857],[-76.24645,44.30862],[-76.24679,44.30738],[-76.24726,44.30871],[-76.24845,44.30781],[-76.24996,44.30814],[-76.25045,44.30629],[-76.25139,44.3059],[-76.2536,44.30671],[-76.25647,44.3064],[-76.25723,44.30743],[-76.25845,44.30476],[-76.26391,44.30601],[-76.26708,44.30525],[-76.26915,44.30602],[-76.27397,44.30409],[-76.27549,44.30239],[-76.27646,44.30317],[-76.27762,44.30196],[-76.27927,44.30319],[-76.28205,44.30221],[-76.28309,44.30251],[-76.28276,44.30077],[-76.28527,44.30027],[-76.28574,44.29913],[-76.28937,44.29977],[-76.28981,44.299],[-76.29291,44.29832],[-76.29434,44.2966],[-76.29482,44.2979],[-76.29672,44.29812],[-76.29628,44.2971],[-76.30009,44.29497],[-76.30208,44.29636],[-76.30349,44.29642],[-76.30371,44.29498],[-76.30974,44.29515],[-76.31183,44.29558],[-76.31243,44.29719],[-76.31417,44.29754],[-76.31295,44.29697],[-76.31335,44.29522],[-76.31237,44.29425],[-76.31109,44.29438],[-76.30889,44.29184],[-76.3072,44.29188],[-76.30452,44.29335],[-76.30398,44.29234],[-76.30517,44.29096],[-76.3075,44.29039],[-76.30993,44.29124],[-76.31428,44.29061],[-76.3194,44.28575],[-76.32042,44.28336],[-76.32624,44.28045],[-76.32521,44.27949],[-76.32602,44.27877],[-76.3255,44.27792],[-76.32697,44.27705],[-76.32769,44.27793],[-76.32875,44.27774],[-76.3328,44.27391],[-76.33554,44.27366],[-76.33925,44.27161],[-76.34232,44.27138],[-76.34212,44.27195],[-76.34316,44.2721],[-76.34616,44.27062],[-76.35083,44.27066],[-76.35647,44.26937],[-76.35768,44.26822],[-76.35628,44.26605],[-76.35852,44.2654],[-76.36284,44.26579],[-76.36297,44.26482],[-76.36453,44.26511],[-76.36555,44.26446],[-76.36582,44.26576],[-76.36967,44.26556],[-76.36882,44.26693],[-76.37034,44.26722],[-76.3713,44.26637],[-76.37075,44.26514],[-76.37266,44.26289],[-76.37559,44.26261],[-76.37544,44.26091],[-76.37051,44.26068],[-76.37044,44.25961],[-76.36836,44.26016],[-76.36773,44.25966],[-76.36845,44.25909],[-76.37374,44.25707],[-76.37532,44.25718],[-76.37578,44.25839],[-76.37419,44.25927],[-76.37648,44.2605],[-76.37621,44.26279],[-76.37829,44.2636],[-76.37814,44.26276],[-76.37903,44.2632],[-76.38047,44.26235],[-76.37765,44.26258],[-76.37665,44.26014],[-76.37863,44.26054],[-76.37838,44.26134],[-76.37986,44.26195],[-76.3796,44.25905],[-76.38052,44.25729],[-76.39172,44.2499],[-76.39893,44.25017],[-76.40862,44.24525],[-76.41042,44.24351],[-76.41875,44.24042],[-76.42147,44.24022],[-76.42564,44.23839],[-76.42812,44.23614],[-76.43165,44.23476],[-76.4388,44.23342],[-76.44253,44.23443],[-76.44638,44.2321],[-76.44713,44.23078],[-76.44971,44.23004],[-76.44955,44.23204],[-76.44556,44.23631],[-76.4614,44.22786],[-76.46242,44.22853],[-76.46219,44.23162],[-76.46409,44.23481],[-76.46524,44.23],[-76.46637,44.22901],[-76.46544,44.22861],[-76.46644,44.22879],[-76.4698,44.22646],[-76.47118,44.22813],[-76.47079,44.23476],[-76.47409,44.23461],[-76.47399,44.23408],[-76.47472,44.2347],[-76.47473,44.23405],[-76.47473,44.23455],[-76.47668,44.23454],[-76.47747,44.23256],[-76.47596,44.23203],[-76.47806,44.23236],[-76.47634,44.23161],[-76.47857,44.23188],[-76.47737,44.2316],[-76.47708,44.23041],[-76.47841,44.23028],[-76.47729,44.22988],[-76.47882,44.23014],[-76.48002,44.22821],[-76.47924,44.22772],[-76.4807,44.22808],[-76.48148,44.22723],[-76.48039,44.22663],[-76.48132,44.22554],[-76.47909,44.22463],[-76.47706,44.22635],[-76.47872,44.22447],[-76.48209,44.22547],[-76.48199,44.22453],[-76.48364,44.22549],[-76.48222,44.22428],[-76.48367,44.22447],[-76.48497,44.22331],[-76.48543,44.22377],[-76.48657,44.22326],[-76.48663,44.22231],[-76.48552,44.22246],[-76.48634,44.22203],[-76.48734,44.22254],[-76.48973,44.22171],[-76.49667,44.22239],[-76.5009,44.22201],[-76.50244,44.22071],[-76.50164,44.2206],[-76.50259,44.22045],[-76.50454,44.22104],[-76.50708,44.21946],[-76.51085,44.21862],[-76.51164,44.21752],[-76.51409,44.21711],[-76.51499,44.21732],[-76.51543,44.22033],[-76.51668,44.22028],[-76.51643,44.21925],[-76.51775,44.21764],[-76.51552,44.21756],[-76.51841,44.21749],[-76.52278,44.21422],[-76.52887,44.21385],[-76.5315,44.21492],[-76.53343,44.21789],[-76.53465,44.21708],[-76.53562,44.21897],[-76.53661,44.21877],[-76.53726,44.21973],[-76.53792,44.21975],[-76.53708,44.21633],[-76.54057,44.21964],[-76.54675,44.21969],[-76.54444,44.22151],[-76.54548,44.22698],[-76.54356,44.22903],[-76.54504,44.2304],[-76.54491,44.23144],[-76.54269,44.233],[-76.54145,44.23609],[-76.53899,44.2361],[-76.54216,44.23672],[-76.54047,44.23768],[-76.5409,44.23839],[-76.54332,44.237],[-76.5433,44.23543],[-76.54655,44.23179],[-76.54478,44.22925],[-76.54656,44.22777],[-76.54586,44.22514],[-76.54877,44.22639],[-76.55026,44.22498],[-76.55381,44.22553],[-76.54881,44.22264],[-76.54787,44.21998],[-76.54655,44.2193],[-76.54664,44.21752],[-76.54867,44.21589],[-76.5472,44.215],[-76.54746,44.21338],[-76.54446,44.21133],[-76.54599,44.20937],[-76.54864,44.20825],[-76.55064,44.20833],[-76.55125,44.20974],[-76.55026,44.21153],[-76.55246,44.21274],[-76.55676,44.2122],[-76.55754,44.20925],[-76.55965,44.20859],[-76.56176,44.20925],[-76.56533,44.20845],[-76.56683,44.20929],[-76.56663,44.21198],[-76.56827,44.21294],[-76.57358,44.21137],[-76.57658,44.21144],[-76.57711,44.21209],[-76.57569,44.21642],[-76.58062,44.21523],[-76.5838,44.21836],[-76.58527,44.2188],[-76.59116,44.21546],[-76.59402,44.21667],[-76.59588,44.21666],[-76.60559,44.21293],[-76.60909,44.21358],[-76.61299,44.21676],[-76.61786,44.21914],[-76.61853,44.22242],[-76.61693,44.22696],[-76.61449,44.22935],[-76.61528,44.23236],[-76.61423,44.23373],[-76.61156,44.23493],[-76.61005,44.23698],[-76.60718,44.23787],[-76.60597,44.23943],[-76.60583,44.23888],[-76.5966,44.23942],[-76.60196,44.24015],[-76.60265,44.24065],[-76.60162,44.24054],[-76.60209,44.24131],[-76.60474,44.24202],[-76.60958,44.24082],[-76.61265,44.23899],[-76.61708,44.23906],[-76.61556,44.23853],[-76.61971,44.23596],[-76.62505,44.23086],[-76.62848,44.22504],[-76.6283,44.22412],[-76.62711,44.22382],[-76.62863,44.22399],[-76.63162,44.22167],[-76.64406,44.21803],[-76.65149,44.21767],[-76.65394,44.21588],[-76.65891,44.21447],[-76.66473,44.21425],[-76.66867,44.21222],[-76.67476,44.2125],[-76.67527,44.21178],[-76.67374,44.21074],[-76.67431,44.2099],[-76.68098,44.20678],[-76.68453,44.20601],[-76.68699,44.20625],[-76.69006,44.20853],[-76.68972,44.21126],[-76.68565,44.21492],[-76.68704,44.2164],[-76.68622,44.21694],[-76.6872,44.2176],[-76.68717,44.21931],[-76.68867,44.22083],[-76.6879,44.22242],[-76.68913,44.22293],[-76.69143,44.22147],[-76.69333,44.22121],[-76.69503,44.22214],[-76.69684,44.22268],[-76.69473,44.22165],[-76.69572,44.21833],[-76.6937,44.21825],[-76.68871,44.22017],[-76.6878,44.21922],[-76.68807,44.21693],[-76.68717,44.21643],[-76.70158,44.20883],[-76.70325,44.20849],[-76.70419,44.20929],[-76.70966,44.20564],[-76.70891,44.20426],[-76.71042,44.20514],[-76.71857,44.20326],[-76.72507,44.20355],[-76.72928,44.19819],[-76.73825,44.19285],[-76.74018,44.19379],[-76.74083,44.19266],[-76.75813,44.18234],[-76.76331,44.18338],[-76.76402,44.18259],[-76.76205,44.18199],[-76.76741,44.18014],[-76.76915,44.18037],[-76.77126,44.18317],[-76.77376,44.18311],[-76.77937,44.17892],[-76.78053,44.17907],[-76.7801,44.17851],[-76.78444,44.17566],[-76.78691,44.17525],[-76.78982,44.17011],[-76.7934,44.16736],[-76.80125,44.16471],[-76.80219,44.16418],[-76.80116,44.16383],[-76.80245,44.16319],[-76.80208,44.16377],[-76.80316,44.16381],[-76.81813,44.15772],[-76.83374,44.15016],[-76.86735,44.13098],[-76.87262,44.12872],[-76.87996,44.12693],[-76.88741,44.12063],[-76.89151,44.11839],[-76.90385,44.11396],[-76.90729,44.11401],[-76.90837,44.113],[-76.91303,44.11163],[-76.91779,44.10904],[-76.92152,44.10485],[-76.92311,44.10478],[-76.92437,44.10577],[-76.9278,44.10493],[-76.93148,44.10153],[-76.93253,44.09921],[-76.93678,44.09796],[-76.93806,44.09687],[-76.94116,44.09268],[-76.94064,44.09102],[-76.93957,44.09082],[-76.95112,44.08439],[-76.95277,44.08246],[-76.95714,44.07995],[-76.95811,44.07791],[-76.95679,44.07635],[-76.95786,44.07673],[-76.96117,44.07527],[-76.95725,44.07634],[-76.95656,44.07551],[-76.95378,44.0756],[-76.95427,44.07427],[-76.96104,44.07022],[-76.96946,44.06363],[-76.98039,44.0619],[-76.98408,44.06166],[-76.98588,44.06237],[-76.98792,44.06095],[-76.99093,44.0604],[-76.99158,44.06079],[-76.99072,44.06272],[-76.99278,44.06382],[-76.99462,44.06386],[-76.99529,44.06309],[-77.0001,44.06248],[-77.00869,44.05906],[-77.01093,44.05884],[-77.01364,44.05703],[-77.01334,44.05839],[-77.00849,44.06152],[-77.01595,44.05761],[-77.01791,44.05862],[-77.01718,44.05711],[-77.01896,44.05548],[-77.0157,44.05507],[-77.01204,44.05609],[-77.02073,44.05087],[-77.02395,44.05151],[-77.0225,44.05251],[-77.02258,44.05335],[-77.02471,44.0553],[-77.02634,44.05519],[-77.03487,44.05234],[-77.04157,44.05129],[-77.04311,44.04987],[-77.04465,44.05002],[-77.0515,44.04775],[-77.0531,44.04953],[-77.0549,44.04933],[-77.05664,44.05046],[-77.0571,44.05124],[-77.05596,44.05212],[-77.05763,44.05175],[-77.05854,44.05359],[-77.05434,44.05562],[-77.05146,44.05565],[-77.05248,44.05616],[-77.04991,44.05583],[-77.04899,44.05672],[-77.04802,44.05633],[-77.04427,44.05702],[-77.03202,44.06183],[-77.03192,44.0636],[-77.02661,44.06688],[-77.02725,44.07093],[-77.02203,44.07347],[-77.01975,44.07584],[-77.01784,44.07582],[-77.01593,44.07653],[-77.01547,44.07769],[-77.01624,44.07664],[-77.02001,44.07617],[-77.02043,44.07542],[-77.02327,44.07582],[-77.02449,44.07496],[-77.02426,44.0762],[-77.02533,44.07697],[-77.02662,44.07601],[-77.03199,44.07493],[-77.03108,44.07477],[-77.03206,44.07363],[-77.03432,44.07283],[-77.03919,44.06916],[-77.04733,44.06619],[-77.05307,44.06619],[-77.04336,44.07164],[-77.04517,44.0742],[-77.04836,44.07415],[-77.04786,44.07679],[-77.04648,44.0767],[-77.0453,44.078],[-77.04688,44.07683],[-77.04906,44.07682],[-77.05229,44.07576],[-77.05344,44.07571],[-77.05366,44.07638],[-77.05539,44.07441],[-77.0551,44.07319],[-77.05434,44.07402],[-77.05408,44.0736],[-77.05778,44.07112],[-77.0703,44.06614],[-77.06882,44.06853],[-77.06498,44.07026],[-77.06493,44.07263],[-77.06101,44.07449],[-77.0606,44.0758],[-77.0635,44.0777],[-77.0661,44.07639],[-77.06566,44.07598],[-77.06577,44.07554],[-77.0662,44.07609],[-77.06749,44.07511],[-77.07156,44.07637],[-77.07882,44.0754],[-77.07784,44.07605],[-77.07964,44.07727],[-77.0769,44.08447],[-77.07493,44.08526],[-77.07265,44.08368],[-77.06701,44.08387],[-77.06485,44.08509],[-77.06331,44.08733],[-77.05961,44.0892],[-77.05614,44.09227],[-77.0509,44.09476],[-77.04886,44.09679],[-77.0487,44.09543],[-77.04662,44.0939],[-77.04269,44.09347],[-77.04356,44.09276],[-77.04368,44.09253],[-77.04368,44.09228],[-77.04209,44.09261],[-77.0428,44.09296],[-77.04031,44.09495],[-77.03773,44.09436],[-77.03498,44.09612],[-77.03412,44.09542],[-77.03354,44.0971],[-77.03246,44.09682],[-77.0313,44.09801],[-77.02976,44.09774],[-77.03122,44.09874],[-77.02978,44.09956],[-77.02767,44.09896],[-77.02555,44.10087],[-77.02151,44.10146],[-77.01567,44.10406],[-77.01385,44.11223],[-77.00886,44.11686],[-77.00667,44.12258],[-77.00725,44.12452],[-77.01113,44.12732],[-77.00531,44.13462],[-76.99703,44.1374],[-76.9854,44.14276],[-76.98299,44.14208],[-76.98038,44.14333],[-76.97713,44.14094],[-76.96512,44.14764],[-76.96074,44.14654],[-76.95516,44.14901],[-76.94795,44.15077],[-76.94657,44.1503],[-76.94746,44.14905],[-76.94478,44.149],[-76.94287,44.15],[-76.94015,44.1493],[-76.93153,44.15155],[-76.92485,44.15488],[-76.91498,44.15826],[-76.91421,44.15809],[-76.91533,44.1565],[-76.91942,44.15394],[-76.91854,44.15312],[-76.91979,44.15252],[-76.92103,44.15269],[-76.92131,44.15238],[-76.91936,44.15222],[-76.91748,44.15324],[-76.91606,44.15266],[-76.91701,44.15184],[-76.91663,44.15171],[-76.91418,44.15362],[-76.91481,44.15291],[-76.91378,44.15229],[-76.91525,44.15192],[-76.91651,44.15092],[-76.91651,44.15061],[-76.91588,44.15001],[-76.91638,44.15087],[-76.91364,44.15196],[-76.91409,44.15124],[-76.91304,44.1497],[-76.91296,44.15209],[-76.91056,44.15416],[-76.90955,44.15267],[-76.91123,44.1517],[-76.91152,44.1494],[-76.91084,44.15155],[-76.90939,44.15177],[-76.9096,44.15078],[-76.90909,44.14953],[-76.90999,44.14926],[-76.90894,44.14944],[-76.9088,44.15156],[-76.90646,44.15125],[-76.90601,44.15036],[-76.90627,44.15136],[-76.90439,44.1522],[-76.90341,44.15148],[-76.90064,44.15395],[-76.8979,44.15507],[-76.88795,44.1557],[-76.88475,44.15509],[-76.88491,44.15446],[-76.88373,44.15758],[-76.88523,44.16328],[-76.88794,44.16359],[-76.88963,44.16294],[-76.89001,44.16393],[-76.89138,44.16436],[-76.89429,44.16431],[-76.88944,44.16795],[-76.89011,44.17089],[-76.88882,44.17049],[-76.88828,44.17087],[-76.88938,44.1708],[-76.88974,44.17147],[-76.88659,44.17461],[-76.88472,44.17374],[-76.88268,44.17347],[-76.88615,44.1749],[-76.88717,44.17475],[-76.8865,44.17621],[-76.88752,44.17504],[-76.88709,44.17436],[-76.89051,44.17161],[-76.89642,44.16918],[-76.90247,44.16912],[-76.90657,44.1676],[-76.90238,44.17194],[-76.90445,44.17061],[-76.90709,44.17177],[-76.90128,44.17697],[-76.90319,44.17799],[-76.90352,44.17646],[-76.90394,44.17703],[-76.90578,44.17813],[-76.90579,44.1773],[-76.90414,44.17692],[-76.90337,44.1757],[-76.90498,44.17467],[-76.90529,44.17568],[-76.90587,44.17595],[-76.90526,44.17496],[-76.90647,44.17465],[-76.90653,44.1781],[-76.9068,44.17731],[-76.90832,44.17777],[-76.90877,44.17611],[-76.9088,44.17699],[-76.90949,44.17669],[-76.91243,44.17811],[-76.91307,44.17988],[-76.91331,44.17774],[-76.91219,44.17779],[-76.91032,44.17616],[-76.91372,44.17555],[-76.91382,44.17598],[-76.91416,44.17613],[-76.91456,44.17528],[-76.91577,44.17615],[-76.91636,44.17613],[-76.91632,44.17642],[-76.91657,44.17649],[-76.91647,44.17608],[-76.91533,44.17562],[-76.91612,44.17532],[-76.91634,44.17343],[-76.91526,44.17546],[-76.91299,44.17426],[-76.91475,44.17366],[-76.91206,44.17387],[-76.91216,44.17348],[-76.91315,44.17317],[-76.91334,44.17284],[-76.91209,44.17338],[-76.91159,44.17401],[-76.90985,44.17385],[-76.9157,44.16933],[-76.91589,44.1685],[-76.91419,44.16905],[-76.914,44.16783],[-76.9197,44.16429],[-76.92022,44.16481],[-76.91753,44.16712],[-76.91879,44.16823],[-76.91841,44.16916],[-76.91988,44.17161],[-76.92288,44.17434],[-76.92288,44.17541],[-76.92298,44.17416],[-76.9291,44.17439],[-76.93081,44.17609],[-76.92922,44.1798],[-76.93006,44.18013],[-76.93358,44.17891],[-76.93434,44.18044],[-76.93306,44.18258],[-76.93393,44.1817],[-76.93484,44.18218],[-76.93574,44.18164],[-76.93457,44.18157],[-76.93474,44.17965],[-76.93831,44.18066],[-76.93673,44.17936],[-76.93459,44.17952],[-76.93363,44.17829],[-76.9502,44.17306],[-76.95562,44.17238],[-76.95733,44.1713],[-76.95735,44.17036],[-76.96332,44.16939],[-76.96405,44.16576],[-76.96023,44.16521],[-76.95941,44.16369],[-76.95956,44.16237],[-76.96272,44.15907],[-76.96195,44.1585],[-76.9585,44.15939],[-76.95645,44.15672],[-76.9573,44.15563],[-76.95985,44.15524],[-76.96149,44.15604],[-76.96334,44.15427],[-76.96944,44.15289],[-76.96803,44.15482],[-76.96523,44.15585],[-76.96369,44.15719],[-76.96398,44.15814],[-76.96269,44.15855],[-76.96414,44.15832],[-76.96551,44.15626],[-76.96867,44.15592],[-76.96854,44.15533],[-76.97086,44.15597],[-76.9711,44.15681],[-76.97106,44.15619],[-76.97327,44.15562],[-76.97647,44.153],[-76.97644,44.14988],[-76.98904,44.14669],[-76.99228,44.14414],[-76.99778,44.1437],[-77.01437,44.1347],[-77.01516,44.13111],[-77.02232,44.12645],[-77.02098,44.12249],[-77.02369,44.11975],[-77.02358,44.11783],[-77.02593,44.11511],[-77.0283,44.11445],[-77.03132,44.11211],[-77.03677,44.11176],[-77.03782,44.11066],[-77.044,44.1096],[-77.05482,44.10477],[-77.05549,44.10598],[-77.05483,44.10788],[-77.05674,44.1055],[-77.05625,44.10506],[-77.06235,44.10385],[-77.06702,44.10451],[-77.06806,44.10547],[-77.06403,44.11943],[-77.06481,44.12067],[-77.06408,44.12322],[-77.0654,44.12564],[-77.06415,44.12936],[-77.06179,44.13317],[-77.05841,44.13563],[-77.05936,44.13952],[-77.05576,44.14123],[-77.05277,44.14584],[-77.04991,44.15759],[-77.04688,44.16102],[-77.0442,44.16825],[-77.03862,44.17663],[-77.02526,44.18398],[-77.02161,44.18396],[-77.02011,44.18497],[-77.01938,44.18436],[-77.01937,44.18762],[-77.02886,44.18812],[-77.04104,44.18349],[-77.05235,44.16958],[-77.05844,44.15014],[-77.06626,44.1342],[-77.07206,44.11361],[-77.07496,44.09825],[-77.08743,44.07244],[-77.08395,44.062],[-77.07322,44.05418],[-77.06307,44.04867],[-77.04829,44.04403],[-77.03118,44.04345],[-77.0019,44.04809],[-76.97203,44.05591],[-76.94739,44.06548],[-76.91985,44.08288],[-76.89231,44.10288],[-76.87056,44.11507],[-76.84997,44.1255],[-76.84649,44.12869],[-76.83955,44.13292],[-76.63788,43.83766],[-76.43894,44.09407],[-76.35286,44.13434],[-76.31272,44.19906],[-76.28667,44.20381],[-76.24548,44.20387],[-76.20683,44.21501],[-76.2025,44.21685],[-76.19172,44.22143],[-76.16431,44.23984],[-76.1618,44.28073],[-76.13117,44.2964],[-76.12945,44.29515],[-76.1182,44.29493],[-76.11183,44.29809],[-76.09697,44.29973],[-76.0455,44.33181],[-76.008,44.34421],[-76.00111,44.34787],[-75.98609,44.3469],[-75.98194,44.34749],[-75.98023,44.34603],[-75.97845,44.34651],[-75.97503,44.34601],[-75.97292,44.34304],[-75.97019,44.34254],[-75.94973,44.34898],[-75.94084,44.35468],[-75.92953,44.35932],[-75.92167,44.36876],[-75.91284,44.36782],[-75.86992,44.39618],[-75.82139,44.43206],[-75.80759,44.4717],[-75.76692,44.51529],[-75.72586,44.54385],[-75.69934,44.56573],[-75.66133,44.59273],[-75.6278,44.61385],[-75.6312,44.62216]],[[-76.1841,44.23893],[-76.18395,44.23883],[-76.18308,44.23488],[-76.17983,44.23386],[-76.17965,44.23311],[-76.18207,44.23177],[-76.18212,44.23066],[-76.18336,44.2303],[-76.1851,44.2281],[-76.18723,44.22892],[-76.18838,44.22855],[-76.18806,44.22675],[-76.19134,44.22699],[-76.19308,44.22386],[-76.19644,44.2224],[-76.19644,44.22101],[-76.19993,44.21853],[-76.20381,44.21782],[-76.20588,44.21629],[-76.20977,44.21503],[-76.21368,44.21515],[-76.21516,44.21419],[-76.21846,44.21421],[-76.218,44.21378],[-76.21949,44.21206],[-76.22572,44.2115],[-76.23385,44.208],[-76.23815,44.20731],[-76.24025,44.20775],[-76.24435,44.20623],[-76.24825,44.20668],[-76.25393,44.20598],[-76.25466,44.20629],[-76.25378,44.20745],[-76.25531,44.20785],[-76.25636,44.20938],[-76.25672,44.20711],[-76.25821,44.20649],[-76.26107,44.20679],[-76.26199,44.20542],[-76.26303,44.20577],[-76.26274,44.20692],[-76.26516,44.20669],[-76.26566,44.20764],[-76.2666,44.20738],[-76.26539,44.21213],[-76.26613,44.21228],[-76.26688,44.21086],[-76.26852,44.21045],[-76.26919,44.20904],[-76.27277,44.20681],[-76.28707,44.20568],[-76.28787,44.20668],[-76.29068,44.20634],[-76.29048,44.2071],[-76.29226,44.20777],[-76.29705,44.20491],[-76.30256,44.20377],[-76.30545,44.20433],[-76.30986,44.20186],[-76.31099,44.20193],[-76.30996,44.20283],[-76.31031,44.20399],[-76.31134,44.20357],[-76.31092,44.20455],[-76.31367,44.20711],[-76.31596,44.20746],[-76.31756,44.20584],[-76.31851,44.20632],[-76.31863,44.20821],[-76.31994,44.20695],[-76.32037,44.20788],[-76.32318,44.20818],[-76.32727,44.20472],[-76.3272,44.20155],[-76.32633,44.20078],[-76.32767,44.19953],[-76.32836,44.19973],[-76.32702,44.20058],[-76.33017,44.20286],[-76.33202,44.20306],[-76.33419,44.20182],[-76.33856,44.20395],[-76.33987,44.20364],[-76.34106,44.20056],[-76.34224,44.19994],[-76.34833,44.20031],[-76.35199,44.20131],[-76.35258,44.202],[-76.35133,44.20245],[-76.35137,44.20364],[-76.35328,44.20311],[-76.35349,44.20227],[-76.3571,44.20271],[-76.36116,44.20158],[-76.36349,44.20173],[-76.36579,44.19883],[-76.3704,44.19872],[-76.3725,44.20001],[-76.38101,44.19947],[-76.38342,44.20001],[-76.38478,44.19924],[-76.38961,44.20001],[-76.38573,44.19899],[-76.38187,44.19888],[-76.3824,44.19782],[-76.38488,44.19766],[-76.38513,44.19656],[-76.38624,44.19631],[-76.38646,44.19439],[-76.38781,44.19438],[-76.3871,44.19176],[-76.38488,44.19314],[-76.38503,44.1938],[-76.38199,44.19421],[-76.38151,44.19484],[-76.38221,44.19504],[-76.38613,44.1942],[-76.38591,44.19625],[-76.3848,44.19646],[-76.38465,44.19745],[-76.3823,44.1975],[-76.38115,44.1986],[-76.37567,44.19869],[-76.373,44.19735],[-76.37203,44.19781],[-76.3678,44.19718],[-76.36532,44.19269],[-76.36709,44.19199],[-76.36766,44.19281],[-76.36874,44.19276],[-76.36881,44.19331],[-76.36894,44.1927],[-76.3676,44.19266],[-76.36847,44.19194],[-76.36657,44.19173],[-76.36659,44.19109],[-76.36495,44.19194],[-76.36461,44.18949],[-76.36198,44.18795],[-76.3631,44.1865],[-76.35931,44.18608],[-76.36031,44.18395],[-76.35935,44.18399],[-76.35778,44.18206],[-76.35996,44.18014],[-76.35735,44.18126],[-76.35303,44.18007],[-76.35077,44.18079],[-76.34842,44.18019],[-76.34058,44.1834],[-76.33865,44.18565],[-76.336,44.1843],[-76.33617,44.18181],[-76.33786,44.18125],[-76.33916,44.17889],[-76.34149,44.17764],[-76.34201,44.17532],[-76.34453,44.17303],[-76.34667,44.17142],[-76.35189,44.17118],[-76.35798,44.16652],[-76.35724,44.16214],[-76.36794,44.15564],[-76.37141,44.15217],[-76.37774,44.14993],[-76.37874,44.1474],[-76.38114,44.14578],[-76.38071,44.14314],[-76.38316,44.14065],[-76.38192,44.13942],[-76.38031,44.14015],[-76.37934,44.13924],[-76.38198,44.13623],[-76.38147,44.13564],[-76.38065,44.13646],[-76.38085,44.13571],[-76.38316,44.13352],[-76.37997,44.13409],[-76.37813,44.1352],[-76.37802,44.13695],[-76.37635,44.1376],[-76.37541,44.13949],[-76.37257,44.13819],[-76.37148,44.13628],[-76.36983,44.13625],[-76.35847,44.14236],[-76.35592,44.1414],[-76.35673,44.13829],[-76.35595,44.13726],[-76.35699,44.13679],[-76.35451,44.13734],[-76.35447,44.13834],[-76.35391,44.13544],[-76.35507,44.13588],[-76.36286,44.13485],[-76.3642,44.13371],[-76.36711,44.13305],[-76.37138,44.13413],[-76.37663,44.13383],[-76.3787,44.13202],[-76.37894,44.13005],[-76.38164,44.1292],[-76.38658,44.12462],[-76.39502,44.12195],[-76.39838,44.11908],[-76.40543,44.11719],[-76.41461,44.11766],[-76.41327,44.1199],[-76.41527,44.1187],[-76.41774,44.11839],[-76.41838,44.1192],[-76.41748,44.12013],[-76.42124,44.12218],[-76.42522,44.12156],[-76.42731,44.11895],[-76.42875,44.11938],[-76.4288,44.12156],[-76.43074,44.12019],[-76.43199,44.12089],[-76.4343,44.11814],[-76.43914,44.11524],[-76.44096,44.11629],[-76.44049,44.11921],[-76.44493,44.1182],[-76.44597,44.11903],[-76.44322,44.12011],[-76.44315,44.12266],[-76.44507,44.12342],[-76.44307,44.12614],[-76.44443,44.12648],[-76.44592,44.12521],[-76.44668,44.12602],[-76.44914,44.12428],[-76.44913,44.12331],[-76.45206,44.12327],[-76.4534,44.12211],[-76.45379,44.12355],[-76.45649,44.12154],[-76.45698,44.12246],[-76.45768,44.1213],[-76.46319,44.11871],[-76.46476,44.11713],[-76.46743,44.11658],[-76.47316,44.11272],[-76.47643,44.10793],[-76.48024,44.10557],[-76.48762,44.10438],[-76.49088,44.10489],[-76.481,44.11099],[-76.47213,44.1145],[-76.46069,44.12228],[-76.45995,44.12725],[-76.45824,44.12819],[-76.45642,44.13219],[-76.45262,44.13519],[-76.45324,44.13679],[-76.4514,44.13803],[-76.45229,44.14039],[-76.45534,44.14312],[-76.45349,44.14421],[-76.45277,44.14348],[-76.45391,44.14259],[-76.45113,44.143],[-76.44923,44.14543],[-76.4515,44.1442],[-76.4542,44.1445],[-76.45631,44.14395],[-76.45713,44.14544],[-76.45988,44.14449],[-76.45964,44.1452],[-76.45908,44.14495],[-76.45867,44.14494],[-76.45848,44.14503],[-76.45905,44.14713],[-76.46541,44.14362],[-76.47113,44.13863],[-76.47332,44.13885],[-76.47473,44.13771],[-76.4812,44.1358],[-76.48703,44.13511],[-76.48649,44.13701],[-76.49045,44.14015],[-76.49299,44.13877],[-76.49993,44.13866],[-76.51025,44.13385],[-76.5065,44.13743],[-76.50752,44.1389],[-76.51036,44.13898],[-76.51164,44.14043],[-76.50825,44.14418],[-76.50936,44.14508],[-76.50795,44.1467],[-76.50281,44.14941],[-76.502,44.15277],[-76.5,44.15484],[-76.5,44.15757],[-76.50137,44.15939],[-76.50349,44.16003],[-76.50523,44.15929],[-76.50793,44.15943],[-76.51184,44.15752],[-76.51389,44.1589],[-76.50519,44.16398],[-76.50433,44.16639],[-76.50608,44.16595],[-76.5055,44.16686],[-76.50699,44.1662],[-76.50639,44.16731],[-76.5024,44.16931],[-76.50174,44.16907],[-76.5026,44.16816],[-76.49922,44.17037],[-76.49545,44.17153],[-76.4942,44.1732],[-76.48026,44.18217],[-76.47925,44.18192],[-76.47087,44.18601],[-76.46599,44.18709],[-76.46645,44.18934],[-76.4634,44.19122],[-76.46238,44.19091],[-76.45946,44.19207],[-76.4584,44.19118],[-76.45944,44.18988],[-76.45822,44.18919],[-76.45625,44.18942],[-76.4445,44.19337],[-76.44357,44.19439],[-76.44201,44.19381],[-76.44109,44.19469],[-76.43893,44.19476],[-76.43928,44.19541],[-76.43881,44.19556],[-76.43857,44.19489],[-76.43719,44.19555],[-76.43522,44.1952],[-76.4353,44.19633],[-76.43462,44.19562],[-76.43095,44.19503],[-76.42979,44.19591],[-76.43025,44.1967],[-76.42769,44.19862],[-76.41776,44.20115],[-76.41706,44.20039],[-76.41767,44.20001],[-76.41702,44.2003],[-76.41666,44.20097],[-76.41774,44.20146],[-76.42492,44.2013],[-76.42674,44.20207],[-76.42915,44.20177],[-76.42899,44.20064],[-76.43304,44.19872],[-76.4346,44.20062],[-76.43362,44.20091],[-76.43414,44.20186],[-76.43543,44.20161],[-76.43539,44.20228],[-76.4367,44.20239],[-76.43872,44.20412],[-76.44371,44.20426],[-76.44629,44.20529],[-76.44427,44.2059],[-76.44387,44.20693],[-76.44095,44.20716],[-76.44058,44.20807],[-76.43506,44.21093],[-76.43541,44.2099],[-76.43448,44.20957],[-76.43102,44.2105],[-76.42576,44.21391],[-76.42606,44.21475],[-76.42423,44.21589],[-76.42265,44.21491],[-76.42148,44.21548],[-76.41999,44.21461],[-76.41837,44.2153],[-76.41845,44.21434],[-76.41731,44.21386],[-76.41223,44.21438],[-76.4133,44.21255],[-76.41185,44.21246],[-76.40968,44.21252],[-76.40669,44.21457],[-76.40539,44.21423],[-76.40177,44.21565],[-76.40044,44.21501],[-76.39959,44.21567],[-76.39829,44.21497],[-76.3968,44.21518],[-76.39398,44.21732],[-76.39367,44.21842],[-76.39435,44.21846],[-76.39299,44.21988],[-76.39363,44.22153],[-76.39209,44.22256],[-76.39366,44.22589],[-76.3961,44.2268],[-76.3993,44.22498],[-76.40239,44.22442],[-76.4057,44.22563],[-76.40439,44.22642],[-76.40546,44.22763],[-76.39801,44.23239],[-76.39557,44.23125],[-76.3966,44.23104],[-76.39633,44.23038],[-76.39023,44.23282],[-76.38994,44.23081],[-76.38787,44.23022],[-76.38931,44.22891],[-76.38826,44.22698],[-76.38704,44.22661],[-76.3875,44.22544],[-76.38203,44.22292],[-76.38003,44.22335],[-76.37995,44.22453],[-76.37838,44.2248],[-76.37513,44.22849],[-76.37238,44.22781],[-76.37236,44.22528],[-76.37118,44.22479],[-76.37096,44.22368],[-76.36748,44.22309],[-76.3643,44.22533],[-76.36551,44.22592],[-76.36432,44.22763],[-76.35971,44.23061],[-76.35702,44.23046],[-76.35582,44.23125],[-76.35171,44.23157],[-76.351,44.23093],[-76.34847,44.23093],[-76.34882,44.22976],[-76.34722,44.22981],[-76.34357,44.23299],[-76.34037,44.23319],[-76.33732,44.23429],[-76.33692,44.23614],[-76.33417,44.23747],[-76.33404,44.23668],[-76.33227,44.23604],[-76.33366,44.23632],[-76.33374,44.23502],[-76.33112,44.23208],[-76.32905,44.23155],[-76.32354,44.23451],[-76.32438,44.23374],[-76.32324,44.23175],[-76.3183,44.22752],[-76.31469,44.22599],[-76.31261,44.22243],[-76.31004,44.22164],[-76.30786,44.22206],[-76.3063,44.22116],[-76.30431,44.2214],[-76.30184,44.22319],[-76.30041,44.22968],[-76.29701,44.23249],[-76.29276,44.23345],[-76.29281,44.23247],[-76.2912,44.23274],[-76.28891,44.23153],[-76.28708,44.23196],[-76.28677,44.23129],[-76.28073,44.2336],[-76.28347,44.2301],[-76.28449,44.22701],[-76.28827,44.22441],[-76.28999,44.22464],[-76.29074,44.22266],[-76.29521,44.21913],[-76.29321,44.21734],[-76.29031,44.21837],[-76.29138,44.21678],[-76.28911,44.21566],[-76.28584,44.21803],[-76.28138,44.21982],[-76.2809,44.21904],[-76.27813,44.219],[-76.28008,44.22056],[-76.27124,44.22416],[-76.27147,44.2251],[-76.27001,44.22515],[-76.27054,44.22565],[-76.26953,44.22645],[-76.268,44.22641],[-76.26915,44.22703],[-76.26442,44.23006],[-76.25124,44.23441],[-76.24885,44.23459],[-76.24536,44.23301],[-76.24147,44.23539],[-76.23951,44.23557],[-76.23912,44.23426],[-76.23732,44.23326],[-76.23451,44.23369],[-76.23422,44.23275],[-76.23109,44.23109],[-76.23393,44.22571],[-76.23339,44.22449],[-76.225,44.22774],[-76.21769,44.22849],[-76.21645,44.23038],[-76.21231,44.23335],[-76.2059,44.23398],[-76.20183,44.23269],[-76.19834,44.23324],[-76.19426,44.23519],[-76.19396,44.23409],[-76.19284,44.23395],[-76.19105,44.23679],[-76.19146,44.2375],[-76.18709,44.23889],[-76.1841,44.23893]],[[-76.69992,44.10488],[-76.70347,44.10346],[-76.70144,44.1065],[-76.70219,44.10779],[-76.70004,44.11235],[-76.69881,44.11317],[-76.69946,44.11455],[-76.70363,44.11663],[-76.71029,44.11731],[-76.71495,44.116],[-76.71615,44.11256],[-76.718,44.111],[-76.72134,44.11004],[-76.72767,44.1133],[-76.73165,44.1144],[-76.73513,44.11468],[-76.74102,44.11337],[-76.74671,44.10925],[-76.7498,44.1056],[-76.75265,44.10439],[-76.75411,44.10158],[-76.75631,44.10275],[-76.75957,44.10317],[-76.76302,44.10326],[-76.76563,44.10232],[-76.76473,44.10533],[-76.76768,44.10708],[-76.771,44.10761],[-76.7745,44.10715],[-76.78592,44.10139],[-76.7812,44.10941],[-76.78274,44.11205],[-76.78112,44.11476],[-76.77897,44.11589],[-76.7803,44.11935],[-76.78341,44.12127],[-76.78686,44.12148],[-76.79235,44.11961],[-76.79659,44.11672],[-76.80134,44.11712],[-76.80198,44.11821],[-76.80434,44.11852],[-76.80384,44.1208],[-76.80688,44.12331],[-76.80839,44.12581],[-76.81263,44.12835],[-76.80722,44.13278],[-76.80687,44.1373],[-76.80438,44.13978],[-76.80037,44.14079],[-76.79726,44.14252],[-76.79536,44.14263],[-76.78843,44.1465],[-76.7851,44.14444],[-76.78241,44.14444],[-76.77618,44.14752],[-76.76923,44.14955],[-76.76747,44.15119],[-76.7645,44.15172],[-76.76356,44.15329],[-76.76265,44.15301],[-76.76212,44.15337],[-76.76231,44.15364],[-76.76212,44.15376],[-76.75684,44.15474],[-76.75397,44.15634],[-76.74488,44.15901],[-76.74368,44.16044],[-76.73714,44.16316],[-76.73469,44.1653],[-76.73293,44.16553],[-76.72392,44.17444],[-76.72052,44.17197],[-76.72531,44.16713],[-76.72439,44.16566],[-76.7227,44.1656],[-76.71149,44.16973],[-76.71018,44.1715],[-76.70727,44.17118],[-76.70956,44.16818],[-76.70881,44.16904],[-76.70564,44.16895],[-76.70304,44.17135],[-76.70329,44.17207],[-76.69779,44.17391],[-76.69683,44.17379],[-76.69808,44.17287],[-76.69844,44.17234],[-76.69867,44.17138],[-76.69807,44.17196],[-76.69544,44.17195],[-76.68376,44.17977],[-76.67717,44.18096],[-76.67716,44.17862],[-76.67502,44.17859],[-76.66883,44.18138],[-76.66517,44.18466],[-76.66292,44.1849],[-76.6558,44.18782],[-76.652,44.18799],[-76.64641,44.19147],[-76.64189,44.1918],[-76.6404,44.18927],[-76.63675,44.18783],[-76.63046,44.18667],[-76.62469,44.18701],[-76.62358,44.18579],[-76.6208,44.18598],[-76.62151,44.18669],[-76.62176,44.18724],[-76.62024,44.18614],[-76.62061,44.18341],[-76.6189,44.18172],[-76.61911,44.17965],[-76.62135,44.17679],[-76.62763,44.17198],[-76.64306,44.16488],[-76.64655,44.164],[-76.6522,44.16078],[-76.6585,44.15533],[-76.66231,44.15113],[-76.66328,44.14871],[-76.67005,44.14675],[-76.67608,44.14317],[-76.68203,44.13739],[-76.68224,44.13618],[-76.6804,44.13389],[-76.68306,44.13009],[-76.68349,44.12782],[-76.69051,44.12107],[-76.69386,44.11201],[-76.69743,44.10835],[-76.69787,44.10601],[-76.69992,44.10488]],[[-75.95314,44.36676],[-75.95402,44.36544],[-75.95301,44.36508],[-75.95398,44.36447],[-75.95107,44.3645],[-75.95125,44.36304],[-75.95033,44.36231],[-75.94791,44.36218],[-75.94767,44.36078],[-75.95045,44.36009],[-75.9504,44.35885],[-75.95147,44.3591],[-75.95443,44.35873],[-75.95505,44.35817],[-75.95445,44.35863],[-75.95285,44.35836],[-75.95134,44.35885],[-75.95,44.35814],[-75.94763,44.35989],[-75.94492,44.3602],[-75.93747,44.36401],[-75.9334,44.36431],[-75.93205,44.36305],[-75.93649,44.36134],[-75.93926,44.35633],[-75.9417,44.35722],[-75.9437,44.35633],[-75.94545,44.3532],[-75.94756,44.35236],[-75.9469,44.35158],[-75.94932,44.34972],[-75.95159,44.34891],[-75.95081,44.35038],[-75.95587,44.34961],[-75.96069,44.34695],[-75.96498,44.34744],[-75.96862,44.34543],[-75.97105,44.34291],[-75.97228,44.34317],[-75.97222,44.34507],[-75.97474,44.34668],[-75.97455,44.34899],[-75.97792,44.3473],[-75.978,44.34844],[-75.9838,44.3473],[-75.98542,44.34781],[-75.99062,44.34716],[-75.99089,44.34771],[-75.98862,44.34901],[-75.9918,44.34751],[-75.99266,44.34909],[-75.99369,44.34948],[-75.99577,44.34881],[-75.9955,44.34952],[-75.99733,44.34978],[-75.98664,44.35532],[-75.98306,44.35634],[-75.98194,44.35545],[-75.98155,44.35646],[-75.98129,44.35556],[-75.97731,44.35856],[-75.97403,44.35893],[-75.97393,44.35847],[-75.96955,44.35995],[-75.96952,44.3591],[-75.96487,44.36156],[-75.96318,44.36418],[-75.96118,44.36496],[-75.9621,44.36345],[-75.96103,44.36324],[-75.9604,44.36418],[-75.95887,44.36359],[-75.95842,44.36458],[-75.95703,44.36529],[-75.9555,44.36484],[-75.95314,44.36676]]]}},{"type":"Feature","properties":{"OGF_ID":60000278},"geometry":{"type":"Polygon","coordinates":[[[-76.18395,44.23883],[-76.1841,44.23893],[-76.18709,44.23889],[-76.19146,44.2375],[-76.19105,44.23679],[-76.19284,44.23395],[-76.19396,44.23409],[-76.19426,44.23519],[-76.19834,44.23324],[-76.20183,44.23269],[-76.2059,44.23398],[-76.21231,44.23335],[-76.21645,44.23038],[-76.21769,44.22849],[-76.225,44.22774],[-76.23339,44.22449],[-76.23393,44.22571],[-76.23109,44.23109],[-76.23422,44.23275],[-76.23451,44.23369],[-76.23732,44.23326],[-76.23912,44.23426],[-76.23951,44.23557],[-76.24147,44.23539],[-76.24536,44.23301],[-76.24885,44.23459],[-76.25124,44.23441],[-76.26442,44.23006],[-76.26915,44.22703],[-76.268,44.22641],[-76.26953,44.22645],[-76.27054,44.22565],[-76.27001,44.22515],[-76.27147,44.2251],[-76.27124,44.22416],[-76.28008,44.22056],[-76.27813,44.219],[-76.2809,44.21904],[-76.28138,44.21982],[-76.28584,44.21803],[-76.28911,44.21566],[-76.29138,44.21678],[-76.29031,44.21837],[-76.29321,44.21734],[-76.29521,44.21913],[-76.29074,44.22266],[-76.28999,44.22464],[-76.28827,44.22441],[-76.28449,44.22701],[-76.28347,44.2301],[-76.28073,44.2336],[-76.28677,44.23129],[-76.28708,44.23196],[-76.28891,44.23153],[-76.2912,44.23274],[-76.29281,44.23247],[-76.29276,44.23345],[-76.29701,44.23249],[-76.30041,44.22968],[-76.30184,44.22319],[-76.30431,44.2214],[-76.3063,44.22116],[-76.30786,44.22206],[-76.31004,44.22164],[-76.31261,44.22243],[-76.31469,44.22599],[-76.3183,44.22752],[-76.32324,44.23175],[-76.32438,44.23374],[-76.32354,44.23451],[-76.32905,44.23155],[-76.33112,44.23208],[-76.33374,44.23502],[-76.33366,44.23632],[-76.33227,44.23604],[-76.33404,44.23668],[-76.33417,44.23747],[-76.33692,44.23614],[-76.33732,44.23429],[-76.34037,44.23319],[-76.34357,44.23299],[-76.34722,44.22981],[-76.34882,44.22976],[-76.34847,44.23093],[-76.351,44.23093],[-76.35171,44.23157],[-76.35582,44.23125],[-76.35702,44.23046],[-76.35971,44.23061],[-76.36432,44.22763],[-76.36551,44.22592],[-76.3643,44.22533],[-76.36748,44.22309],[-76.37096,44.22368],[-76.37118,44.22479],[-76.37236,44.22528],[-76.37238,44.22781],[-76.37513,44.22849],[-76.37838,44.2248],[-76.37995,44.22453],[-76.38003,44.22335],[-76.38203,44.22292],[-76.3875,44.22544],[-76.38704,44.22661],[-76.38826,44.22698],[-76.38931,44.22891],[-76.38787,44.23022],[-76.38994,44.23081],[-76.39023,44.23282],[-76.39633,44.23038],[-76.3966,44.23104],[-76.39557,44.23125],[-76.39801,44.23239],[-76.40546,44.22763],[-76.40439,44.22642],[-76.4057,44.22563],[-76.40239,44.22442],[-76.3993,44.22498],[-76.3961,44.2268],[-76.39366,44.22589],[-76.39209,44.22256],[-76.39363,44.22153],[-76.39299,44.21988],[-76.39435,44.21846],[-76.39367,44.21842],[-76.39398,44.21732],[-76.3968,44.21518],[-76.39829,44.21497],[-76.39959,44.21567],[-76.40044,44.21501],[-76.40177,44.21565],[-76.40539,44.21423],[-76.40669,44.21457],[-76.40968,44.21252],[-76.41185,44.21246],[-76.4133,44.21255],[-76.41223,44.21438],[-76.41731,44.21386],[-76.41845,44.21434],[-76.41837,44.2153],[-76.41999,44.21461],[-76.42148,44.21548],[-76.42265,44.21491],[-76.42423,44.21589],[-76.42606,44.21475],[-76.42576,44.21391],[-76.43102,44.2105],[-76.43448,44.20957],[-76.43541,44.2099],[-76.43506,44.21093],[-76.44058,44.20807],[-76.44095,44.20716],[-76.44387,44.20693],[-76.44427,44.2059],[-76.44629,44.20529],[-76.44371,44.20426],[-76.43872,44.20412],[-76.4367,44.20239],[-76.43539,44.20228],[-76.43543,44.20161],[-76.43414,44.20186],[-76.43362,44.20091],[-76.4346,44.20062],[-76.43304,44.19872],[-76.42899,44.20064],[-76.42915,44.20177],[-76.42674,44.20207],[-76.42492,44.2013],[-76.41774,44.20146],[-76.41666,44.20097],[-76.41702,44.2003],[-76.41767,44.20001],[-76.41706,44.20039],[-76.41776,44.20115],[-76.42769,44.19862],[-76.43025,44.1967],[-76.42979,44.19591],[-76.43095,44.19503],[-76.43462,44.19562],[-76.4353,44.19633],[-76.43522,44.1952],[-76.43719,44.19555],[-76.43857,44.19489],[-76.43881,44.19556],[-76.43928,44.19541],[-76.43893,44.19476],[-76.44109,44.19469],[-76.44201,44.19381],[-76.44357,44.19439],[-76.4445,44.19337],[-76.45625,44.18942],[-76.45822,44.18919],[-76.45944,44.18988],[-76.4584,44.19118],[-76.45946,44.19207],[-76.46238,44.19091],[-76.4634,44.19122],[-76.46645,44.18934],[-76.46599,44.18709],[-76.47087,44.18601],[-76.47925,44.18192],[-76.48026,44.18217],[-76.4942,44.1732],[-76.49545,44.17153],[-76.49922,44.17037],[-76.5026,44.16816],[-76.50174,44.16907],[-76.5024,44.16931],[-76.50639,44.16731],[-76.50699,44.1662],[-76.5055,44.16686],[-76.50608,44.16595],[-76.50433,44.16639],[-76.50519,44.16398],[-76.51389,44.1589],[-76.51184,44.15752],[-76.50793,44.15943],[-76.50523,44.15929],[-76.50349,44.16003],[-76.50137,44.15939],[-76.5,44.15757],[-76.5,44.15484],[-76.502,44.15277],[-76.50281,44.14941],[-76.50795,44.1467],[-76.50936,44.14508],[-76.50825,44.14418],[-76.51164,44.14043],[-76.51036,44.13898],[-76.50752,44.1389],[-76.5065,44.13743],[-76.51025,44.13385],[-76.49993,44.13866],[-76.49299,44.13877],[-76.49045,44.14015],[-76.48649,44.13701],[-76.48703,44.13511],[-76.4812,44.1358],[-76.47473,44.13771],[-76.47332,44.13885],[-76.47113,44.13863],[-76.46541,44.14362],[-76.45905,44.14713],[-76.45848,44.14503],[-76.45867,44.14494],[-76.45908,44.14495],[-76.45964,44.1452],[-76.45988,44.14449],[-76.45713,44.14544],[-76.45631,44.14395],[-76.4542,44.1445],[-76.4515,44.1442],[-76.44923,44.14543],[-76.45113,44.143],[-76.45391,44.14259],[-76.45277,44.14348],[-76.45349,44.14421],[-76.45534,44.14312],[-76.45229,44.14039],[-76.4514,44.13803],[-76.45324,44.13679],[-76.45262,44.13519],[-76.45642,44.13219],[-76.45824,44.12819],[-76.45995,44.12725],[-76.46069,44.12228],[-76.47213,44.1145],[-76.481,44.11099],[-76.49088,44.10489],[-76.48762,44.10438],[-76.48024,44.10557],[-76.47643,44.10793],[-76.47316,44.11272],[-76.46743,44.11658],[-76.46476,44.11713],[-76.46319,44.11871],[-76.45768,44.1213],[-76.45698,44.12246],[-76.45649,44.12154],[-76.45379,44.12355],[-76.4534,44.12211],[-76.45206,44.12327],[-76.44913,44.12331],[-76.44914,44.12428],[-76.44668,44.12602],[-76.44592,44.12521],[-76.44443,44.12648],[-76.44307,44.12614],[-76.44507,44.12342],[-76.44315,44.12266],[-76.44322,44.12011],[-76.44597,44.11903],[-76.44493,44.1182],[-76.44049,44.11921],[-76.44096,44.11629],[-76.43914,44.11524],[-76.4343,44.11814],[-76.43199,44.12089],[-76.43074,44.12019],[-76.4288,44.12156],[-76.42875,44.11938],[-76.42731,44.11895],[-76.42522,44.12156],[-76.42124,44.12218],[-76.41748,44.12013],[-76.41838,44.1192],[-76.41774,44.11839],[-76.41527,44.1187],[-76.41327,44.1199],[-76.41461,44.11766],[-76.40543,44.11719],[-76.39838,44.11908],[-76.39502,44.12195],[-76.38658,44.12462],[-76.38164,44.1292],[-76.37894,44.13005],[-76.3787,44.13202],[-76.37663,44.13383],[-76.37138,44.13413],[-76.36711,44.13305],[-76.3642,44.13371],[-76.36286,44.13485],[-76.35507,44.13588],[-76.35391,44.13544],[-76.35447,44.13834],[-76.35451,44.13734],[-76.35699,44.13679],[-76.35595,44.13726],[-76.35673,44.13829],[-76.35592,44.1414],[-76.35847,44.14236],[-76.36983,44.13625],[-76.37148,44.13628],[-76.37257,44.13819],[-76.37541,44.13949],[-76.37635,44.1376],[-76.37802,44.13695],[-76.37813,44.1352],[-76.37997,44.13409],[-76.38316,44.13352],[-76.38085,44.13571],[-76.38065,44.13646],[-76.38147,44.13564],[-76.38198,44.13623],[-76.37934,44.13924],[-76.38031,44.14015],[-76.38192,44.13942],[-76.38316,44.14065],[-76.38071,44.14314],[-76.38114,44.14578],[-76.37874,44.1474],[-76.37774,44.14993],[-76.37141,44.15217],[-76.36794,44.15564],[-76.35724,44.16214],[-76.35798,44.16652],[-76.35189,44.17118],[-76.34667,44.17142],[-76.34453,44.17303],[-76.34201,44.17532],[-76.34149,44.17764],[-76.33916,44.17889],[-76.33786,44.18125],[-76.33617,44.18181],[-76.336,44.1843],[-76.33865,44.18565],[-76.34058,44.1834],[-76.34842,44.18019],[-76.35077,44.18079],[-76.35303,44.18007],[-76.35735,44.18126],[-76.35996,44.18014],[-76.35778,44.18206],[-76.35935,44.18399],[-76.36031,44.18395],[-76.35931,44.18608],[-76.3631,44.1865],[-76.36198,44.18795],[-76.36461,44.18949],[-76.36495,44.19194],[-76.36659,44.19109],[-76.36657,44.19173],[-76.36847,44.19194],[-76.3676,44.19266],[-76.36894,44.1927],[-76.36881,44.19331],[-76.36874,44.19276],[-76.36766,44.19281],[-76.36709,44.19199],[-76.36532,44.19269],[-76.3678,44.19718],[-76.37203,44.19781],[-76.373,44.19735],[-76.37567,44.19869],[-76.38115,44.1986],[-76.3823,44.1975],[-76.38465,44.19745],[-76.3848,44.19646],[-76.38591,44.19625],[-76.38613,44.1942],[-76.38221,44.19504],[-76.38151,44.19484],[-76.38199,44.19421],[-76.38503,44.1938],[-76.38488,44.19314],[-76.3871,44.19176],[-76.38781,44.19438],[-76.38646,44.19439],[-76.38624,44.19631],[-76.38513,44.19656],[-76.38488,44.19766],[-76.3824,44.19782],[-76.38187,44.19888],[-76.38573,44.19899],[-76.38961,44.20001],[-76.38478,44.19924],[-76.38342,44.20001],[-76.38101,44.19947],[-76.3725,44.20001],[-76.3704,44.19872],[-76.36579,44.19883],[-76.36349,44.20173],[-76.36116,44.20158],[-76.3571,44.20271],[-76.35349,44.20227],[-76.35328,44.20311],[-76.35137,44.20364],[-76.35133,44.20245],[-76.35258,44.202],[-76.35199,44.20131],[-76.34833,44.20031],[-76.34224,44.19994],[-76.34106,44.20056],[-76.33987,44.20364],[-76.33856,44.20395],[-76.33419,44.20182],[-76.33202,44.20306],[-76.33017,44.20286],[-76.32702,44.20058],[-76.32836,44.19973],[-76.32767,44.19953],[-76.32633,44.20078],[-76.3272,44.20155],[-76.32727,44.20472],[-76.32318,44.20818],[-76.32037,44.20788],[-76.31994,44.20695],[-76.31863,44.20821],[-76.31851,44.20632],[-76.31756,44.20584],[-76.31596,44.20746],[-76.31367,44.20711],[-76.31092,44.20455],[-76.31134,44.20357],[-76.31031,44.20399],[-76.30996,44.20283],[-76.31099,44.20193],[-76.30986,44.20186],[-76.30545,44.20433],[-76.30256,44.20377],[-76.29705,44.20491],[-76.29226,44.20777],[-76.29048,44.2071],[-76.29068,44.20634],[-76.28787,44.20668],[-76.28707,44.20568],[-76.27277,44.20681],[-76.26919,44.20904],[-76.26852,44.21045],[-76.26688,44.21086],[-76.26613,44.21228],[-76.26539,44.21213],[-76.2666,44.20738],[-76.26566,44.20764],[-76.26516,44.20669],[-76.26274,44.20692],[-76.26303,44.20577],[-76.26199,44.20542],[-76.26107,44.20679],[-76.25821,44.20649],[-76.25672,44.20711],[-76.25636,44.20938],[-76.25531,44.20785],[-76.25378,44.20745],[-76.25466,44.20629],[-76.25393,44.20598],[-76.24825,44.20668],[-76.24435,44.20623],[-76.24025,44.20775],[-76.23815,44.20731],[-76.23385,44.208],[-76.22572,44.2115],[-76.21949,44.21206],[-76.218,44.21378],[-76.21846,44.21421],[-76.21516,44.21419],[-76.21368,44.21515],[-76.20977,44.21503],[-76.20588,44.21629],[-76.20381,44.21782],[-76.19993,44.21853],[-76.19644,44.22101],[-76.19644,44.2224],[-76.19308,44.22386],[-76.19134,44.22699],[-76.18806,44.22675],[-76.18838,44.22855],[-76.18723,44.22892],[-76.1851,44.2281],[-76.18336,44.2303],[-76.18212,44.23066],[-76.18207,44.23177],[-76.17965,44.23311],[-76.17983,44.23386],[-76.18308,44.23488],[-76.18395,44.23883]]]}},{"type":"Feature","properties":{"OGF_ID":60000280},"geometry":{"type":"Polygon","coordinates":[[[-77.62603,44.0262],[-77.62795,44.02527],[-77.62732,44.02446],[-77.6281,44.0222],[-77.62725,44.02344],[-77.62308,44.02247],[-77.60881,44.0157],[-77.60636,44.01705],[-77.60658,44.01765],[-77.60786,44.0173],[-77.60864,44.0161],[-77.61505,44.02041],[-77.61618,44.02336],[-77.61875,44.02255],[-77.61911,44.02302],[-77.61753,44.02356],[-77.61938,44.02457],[-77.62124,44.02515],[-77.62365,44.02436],[-77.62442,44.02593],[-77.62603,44.0262]]]}},{"type":"Feature","properties":{"OGF_ID":60000281},"geometry":{"type":"MultiPolygon","coordinates":[[[[-79.70911,44.7604],[-79.7076,44.75904],[-79.70334,44.75846],[-79.70129,44.75599],[-79.70013,44.75681],[-79.70076,44.75566],[-79.69667,44.75412],[-79.69652,44.75334],[-79.69499,44.7533],[-79.69554,44.75181],[-79.69497,44.75249],[-79.6933,44.75224],[-79.69333,44.75173],[-79.69448,44.75165],[-79.69465,44.75225],[-79.69561,44.75148],[-79.69141,44.74897],[-79.68894,44.74836],[-79.68934,44.74896],[-79.68796,44.74913],[-79.68707,44.74805],[-79.68527,44.74751],[-79.68637,44.74796],[-79.68629,44.74927],[-79.68505,44.75008],[-79.68406,44.74973],[-79.68457,44.74755],[-79.6774,44.74465],[-79.67558,44.74268],[-79.67501,44.74305],[-79.67529,44.74249],[-79.67468,44.74279],[-79.67469,44.74149],[-79.67394,44.74136],[-79.67468,44.74108],[-79.67323,44.74086],[-79.67444,44.74001],[-79.67291,44.74046],[-79.67375,44.74007],[-79.67274,44.74022],[-79.67283,44.73857],[-79.67,44.73771],[-79.67045,44.73603],[-79.67009,44.73735],[-79.66853,44.73832],[-79.66667,44.73815],[-79.66705,44.7359],[-79.6661,44.73625],[-79.66678,44.73557],[-79.66843,44.73474],[-79.67035,44.73575],[-79.66865,44.73463],[-79.66975,44.73453],[-79.66759,44.72998],[-79.66734,44.73014],[-79.66911,44.73417],[-79.66826,44.73383],[-79.66845,44.73447],[-79.66571,44.73619],[-79.66446,44.73502],[-79.66604,44.73546],[-79.66631,44.73476],[-79.66537,44.73511],[-79.66439,44.73352],[-79.66602,44.73324],[-79.66481,44.73258],[-79.66381,44.73302],[-79.6644,44.73209],[-79.66278,44.73232],[-79.66319,44.73179],[-79.6603,44.73081],[-79.65979,44.72927],[-79.65945,44.73023],[-79.65694,44.73007],[-79.6571,44.73049],[-79.65793,44.7305],[-79.65745,44.73116],[-79.65601,44.73127],[-79.65305,44.73426],[-79.65453,44.73453],[-79.65538,44.73377],[-79.65582,44.73437],[-79.65605,44.73381],[-79.65621,44.73468],[-79.6571,44.73418],[-79.66013,44.73631],[-79.66102,44.73589],[-79.66145,44.73682],[-79.66442,44.73723],[-79.66162,44.73698],[-79.65624,44.735],[-79.65399,44.73642],[-79.65468,44.73964],[-79.65343,44.73903],[-79.65343,44.73998],[-79.65274,44.73965],[-79.65208,44.74048],[-79.6545,44.74146],[-79.65733,44.74136],[-79.65607,44.74049],[-79.6574,44.74042],[-79.65628,44.73964],[-79.65781,44.73925],[-79.65767,44.73978],[-79.65671,44.73958],[-79.65746,44.7401],[-79.6581,44.73957],[-79.65806,44.74143],[-79.65849,44.73938],[-79.65988,44.7395],[-79.65983,44.74018],[-79.66248,44.73997],[-79.66358,44.73954],[-79.66308,44.7382],[-79.66397,44.73821],[-79.66324,44.74362],[-79.66574,44.74459],[-79.66971,44.74451],[-79.66705,44.75042],[-79.66931,44.75087],[-79.66919,44.75168],[-79.67123,44.75251],[-79.67185,44.75533],[-79.67456,44.75579],[-79.67474,44.75609],[-79.67387,44.75696],[-79.67692,44.7581],[-79.67443,44.75865],[-79.67385,44.76329],[-79.67275,44.76313],[-79.67231,44.76376],[-79.67353,44.76494],[-79.67654,44.76558],[-79.67659,44.76741],[-79.67871,44.76768],[-79.67725,44.76774],[-79.67614,44.76845],[-79.67767,44.76778],[-79.67897,44.76788],[-79.67866,44.76852],[-79.6812,44.7669],[-79.68207,44.76863],[-79.68509,44.76714],[-79.68587,44.76533],[-79.68883,44.76422],[-79.68969,44.76196],[-79.69335,44.7624],[-79.69338,44.76159],[-79.69436,44.76292],[-79.69377,44.76141],[-79.69075,44.76022],[-79.69818,44.75881],[-79.69984,44.75718],[-79.69944,44.75895],[-79.69991,44.75802],[-79.69995,44.75877],[-79.70143,44.75809],[-79.69888,44.76029],[-79.70103,44.76027],[-79.70012,44.76073],[-79.70085,44.7617],[-79.70166,44.76126],[-79.70098,44.76195],[-79.70203,44.76134],[-79.70139,44.76217],[-79.70295,44.76279],[-79.70255,44.7632],[-79.7037,44.76311],[-79.70273,44.76379],[-79.70416,44.76305],[-79.70399,44.76397],[-79.70643,44.7644],[-79.70827,44.76384],[-79.71164,44.76549],[-79.71276,44.76453],[-79.71436,44.76445],[-79.71431,44.7656],[-79.71841,44.76603],[-79.71284,44.76696],[-79.71603,44.76927],[-79.71356,44.77068],[-79.71513,44.77165],[-79.71333,44.77187],[-79.71583,44.77305],[-79.71391,44.77284],[-79.71535,44.77363],[-79.71323,44.77469],[-79.71441,44.77561],[-79.718,44.77596],[-79.71525,44.77588],[-79.71355,44.77537],[-79.71364,44.776],[-79.71518,44.77629],[-79.7122,44.77677],[-79.71207,44.77739],[-79.71638,44.77782],[-79.71525,44.77879],[-79.71673,44.77964],[-79.71565,44.78051],[-79.71302,44.78068],[-79.71367,44.7817],[-79.70873,44.78252],[-79.71259,44.78304],[-79.71228,44.78387],[-79.71362,44.78451],[-79.71395,44.78587],[-79.71857,44.78792],[-79.71794,44.78915],[-79.71923,44.78914],[-79.71916,44.7898],[-79.71745,44.78999],[-79.71755,44.78948],[-79.71649,44.79006],[-79.71776,44.79036],[-79.71799,44.79131],[-79.71941,44.79113],[-79.71953,44.79208],[-79.72247,44.79364],[-79.72263,44.79423],[-79.72002,44.79565],[-79.72004,44.79936],[-79.71875,44.79973],[-79.71869,44.80163],[-79.71996,44.80364],[-79.7226,44.80337],[-79.72146,44.80249],[-79.72175,44.80076],[-79.72371,44.79969],[-79.72884,44.80111],[-79.72745,44.79929],[-79.72873,44.79871],[-79.72996,44.7996],[-79.73047,44.8023],[-79.73197,44.80229],[-79.73144,44.80079],[-79.73232,44.80205],[-79.73493,44.80335],[-79.73222,44.80103],[-79.7327,44.80068],[-79.73327,44.80124],[-79.73242,44.801],[-79.73627,44.80432],[-79.73552,44.80353],[-79.73723,44.8035],[-79.73619,44.80195],[-79.73273,44.79987],[-79.74081,44.80104],[-79.74119,44.80186],[-79.74154,44.80058],[-79.74081,44.80079],[-79.7403,44.79954],[-79.74188,44.80038],[-79.74047,44.79918],[-79.74321,44.80031],[-79.7394,44.79852],[-79.7387,44.79764],[-79.73966,44.79771],[-79.73995,44.79661],[-79.73724,44.79633],[-79.73634,44.79453],[-79.73263,44.79367],[-79.73291,44.79283],[-79.73106,44.79202],[-79.73326,44.79162],[-79.73305,44.78929],[-79.73488,44.78829],[-79.73889,44.7901],[-79.73653,44.79176],[-79.73466,44.79136],[-79.7349,44.79229],[-79.73665,44.79381],[-79.73827,44.79357],[-79.73866,44.79418],[-79.73905,44.79339],[-79.74185,44.79511],[-79.74036,44.79238],[-79.7407,44.79189],[-79.74267,44.79294],[-79.74224,44.79047],[-79.74509,44.79059],[-79.74549,44.79002],[-79.74608,44.79135],[-79.74938,44.79232],[-79.74964,44.79362],[-79.75037,44.79248],[-79.74953,44.79104],[-79.75037,44.79188],[-79.75091,44.79149],[-79.75042,44.7937],[-79.74923,44.79383],[-79.75135,44.79384],[-79.75204,44.79481],[-79.75294,44.79406],[-79.75255,44.79617],[-79.75332,44.79649],[-79.7536,44.79606],[-79.75419,44.79585],[-79.75349,44.79647],[-79.75647,44.79858],[-79.7618,44.79981],[-79.76167,44.80079],[-79.76277,44.80131],[-79.76207,44.80256],[-79.76307,44.80271],[-79.76383,44.80133],[-79.76349,44.80253],[-79.76261,44.80312],[-79.76575,44.80349],[-79.76475,44.80505],[-79.76476,44.80411],[-79.76271,44.80373],[-79.7625,44.80381],[-79.76365,44.80462],[-79.76305,44.80642],[-79.76213,44.80697],[-79.76189,44.80759],[-79.76358,44.80626],[-79.76778,44.80546],[-79.76965,44.80426],[-79.76816,44.80586],[-79.77053,44.80577],[-79.76993,44.8061],[-79.77084,44.80675],[-79.77252,44.80659],[-79.77313,44.80763],[-79.77243,44.80844],[-79.7742,44.80811],[-79.77241,44.80953],[-79.77292,44.81052],[-79.77378,44.80931],[-79.77667,44.80873],[-79.77389,44.81061],[-79.77539,44.81035],[-79.77566,44.81124],[-79.77671,44.8112],[-79.77566,44.81258],[-79.7788,44.81204],[-79.77969,44.81383],[-79.78218,44.81205],[-79.78382,44.81345],[-79.78884,44.81107],[-79.79281,44.81074],[-79.79082,44.81281],[-79.79261,44.813],[-79.79267,44.81385],[-79.79395,44.81284],[-79.79634,44.81299],[-79.79542,44.81604],[-79.79397,44.81678],[-79.79297,44.81603],[-79.79192,44.81628],[-79.79117,44.81443],[-79.78952,44.81446],[-79.78845,44.81595],[-79.78996,44.81681],[-79.78644,44.81871],[-79.78721,44.81905],[-79.78622,44.81962],[-79.78668,44.82003],[-79.78551,44.81933],[-79.7834,44.82038],[-79.78346,44.81981],[-79.78149,44.82017],[-79.78341,44.82161],[-79.7806,44.82304],[-79.78509,44.82389],[-79.78281,44.82434],[-79.78136,44.82386],[-79.78091,44.82452],[-79.78218,44.82516],[-79.78155,44.82594],[-79.78058,44.82563],[-79.77845,44.82634],[-79.78029,44.8266],[-79.78015,44.82748],[-79.78335,44.82701],[-79.78381,44.82758],[-79.78187,44.82785],[-79.78185,44.82943],[-79.7797,44.83182],[-79.77767,44.83267],[-79.7781,44.83328],[-79.77277,44.83493],[-79.77038,44.8372],[-79.77571,44.83804],[-79.77747,44.83694],[-79.7788,44.83705],[-79.77947,44.83764],[-79.77751,44.83874],[-79.7778,44.83935],[-79.77498,44.83987],[-79.77921,44.84074],[-79.77797,44.84185],[-79.78333,44.84274],[-79.78374,44.84122],[-79.78214,44.84165],[-79.78086,44.84003],[-79.78286,44.83934],[-79.78506,44.84103],[-79.7847,44.84208],[-79.78644,44.84283],[-79.78646,44.84363],[-79.78515,44.84366],[-79.78667,44.84383],[-79.7871,44.84243],[-79.78814,44.84334],[-79.78784,44.8424],[-79.78974,44.84497],[-79.79118,44.84448],[-79.79267,44.84506],[-79.79224,44.84598],[-79.79388,44.84827],[-79.79325,44.84942],[-79.78784,44.84795],[-79.78691,44.84418],[-79.78697,44.84719],[-79.78531,44.84809],[-79.79014,44.85326],[-79.7886,44.8492],[-79.79702,44.85118],[-79.80746,44.852],[-79.80842,44.85282],[-79.8101,44.85153],[-79.81313,44.85521],[-79.81341,44.85388],[-79.81563,44.85351],[-79.81629,44.85401],[-79.81602,44.85319],[-79.81498,44.85307],[-79.81534,44.85207],[-79.81734,44.85212],[-79.81706,44.85465],[-79.81614,44.85412],[-79.81482,44.85492],[-79.81499,44.85644],[-79.81851,44.85745],[-79.8205,44.85666],[-79.82009,44.85883],[-79.81785,44.86005],[-79.81875,44.86118],[-79.82058,44.86083],[-79.81964,44.86294],[-79.82168,44.86409],[-79.81982,44.8667],[-79.82091,44.86705],[-79.8228,44.86619],[-79.82428,44.86817],[-79.82291,44.86958],[-79.82577,44.86951],[-79.82309,44.87337],[-79.82213,44.87294],[-79.82096,44.87341],[-79.82016,44.87263],[-79.81731,44.87347],[-79.81577,44.87195],[-79.81404,44.87296],[-79.8111,44.87264],[-79.81248,44.87209],[-79.81278,44.87087],[-79.81646,44.87097],[-79.81694,44.86995],[-79.82086,44.869],[-79.82106,44.86945],[-79.8211,44.86872],[-79.82047,44.86834],[-79.81126,44.87114],[-79.80903,44.87118],[-79.80493,44.87344],[-79.80081,44.87382],[-79.7981,44.87297],[-79.79787,44.87183],[-79.79616,44.87102],[-79.79608,44.86955],[-79.79495,44.86947],[-79.79387,44.86808],[-79.79339,44.86594],[-79.79297,44.86705],[-79.79118,44.86757],[-79.79106,44.86667],[-79.78945,44.86659],[-79.7889,44.86552],[-79.78919,44.8637],[-79.78894,44.86314],[-79.78838,44.86506],[-79.7867,44.86529],[-79.7864,44.86463],[-79.78789,44.86334],[-79.78773,44.86286],[-79.7859,44.8633],[-79.7857,44.86201],[-79.78486,44.86272],[-79.7816,44.86285],[-79.78383,44.86362],[-79.78449,44.86588],[-79.78177,44.86643],[-79.78131,44.86559],[-79.78079,44.86553],[-79.78043,44.86669],[-79.78148,44.86696],[-79.77976,44.86665],[-79.77918,44.86788],[-79.77803,44.8677],[-79.77745,44.86782],[-79.77878,44.86854],[-79.77815,44.86945],[-79.77921,44.86839],[-79.78572,44.86812],[-79.78346,44.86972],[-79.78645,44.86995],[-79.78913,44.86924],[-79.78775,44.87051],[-79.77787,44.87481],[-79.77361,44.87341],[-79.76975,44.8731],[-79.76891,44.87164],[-79.76785,44.87249],[-79.76885,44.87384],[-79.77144,44.87474],[-79.77213,44.87427],[-79.78224,44.87994],[-79.77994,44.88223],[-79.77615,44.88361],[-79.77134,44.88497],[-79.76545,44.88544],[-79.76445,44.8861],[-79.7758,44.88465],[-79.78189,44.88214],[-79.78183,44.8811],[-79.78303,44.88086],[-79.78434,44.87882],[-79.78614,44.87912],[-79.7864,44.87815],[-79.78939,44.87778],[-79.79061,44.87844],[-79.79145,44.8768],[-79.78995,44.87612],[-79.7898,44.87464],[-79.79239,44.8735],[-79.79218,44.87273],[-79.79316,44.87319],[-79.79492,44.87259],[-79.79558,44.87441],[-79.79645,44.87374],[-79.79951,44.87392],[-79.80458,44.87538],[-79.8028,44.87617],[-79.80008,44.87582],[-79.80192,44.87683],[-79.80583,44.87623],[-79.80838,44.87698],[-79.80654,44.87758],[-79.8067,44.87948],[-79.81056,44.87729],[-79.81148,44.87975],[-79.81151,44.88163],[-79.81014,44.88204],[-79.80794,44.88173],[-79.80622,44.8803],[-79.80484,44.88057],[-79.80404,44.87973],[-79.80281,44.88176],[-79.80124,44.88227],[-79.80193,44.88289],[-79.80401,44.88235],[-79.80389,44.88379],[-79.79737,44.885],[-79.79751,44.88635],[-79.79611,44.8877],[-79.78897,44.88863],[-79.78701,44.8906],[-79.78495,44.89135],[-79.78845,44.89202],[-79.78771,44.89279],[-79.78669,44.89248],[-79.78728,44.89462],[-79.78623,44.89487],[-79.78311,44.89894],[-79.78086,44.89991],[-79.77934,44.89828],[-79.78005,44.90086],[-79.77871,44.9014],[-79.77801,44.9029],[-79.77914,44.90639],[-79.7775,44.90941],[-79.77675,44.90914],[-79.77616,44.90328],[-79.77492,44.904],[-79.77644,44.909],[-79.77584,44.911],[-79.77711,44.91301],[-79.77585,44.91508],[-79.77754,44.91671],[-79.77812,44.91639],[-79.77835,44.91687],[-79.77865,44.91701],[-79.77888,44.91505],[-79.77763,44.91369],[-79.77715,44.91042],[-79.77996,44.90845],[-79.78085,44.90671],[-79.77996,44.90581],[-79.78084,44.90344],[-79.77999,44.90224],[-79.78118,44.90221],[-79.78071,44.90085],[-79.78175,44.90034],[-79.78223,44.9021],[-79.78464,44.90257],[-79.78498,44.89987],[-79.78296,44.90039],[-79.78289,44.8996],[-79.78447,44.89916],[-79.78436,44.89787],[-79.78874,44.89378],[-79.79322,44.89394],[-79.79308,44.89923],[-79.79412,44.90032],[-79.79543,44.89786],[-79.79405,44.89681],[-79.79467,44.89615],[-79.79397,44.89497],[-79.79522,44.89525],[-79.79597,44.8937],[-79.79952,44.89493],[-79.80164,44.89457],[-79.79818,44.89276],[-79.79669,44.89311],[-79.79567,44.89199],[-79.79643,44.8914],[-79.79513,44.89146],[-79.79542,44.89093],[-79.79387,44.89127],[-79.79497,44.88935],[-79.79666,44.88823],[-79.79721,44.88989],[-79.80014,44.88944],[-79.80099,44.89004],[-79.80035,44.89153],[-79.80333,44.89128],[-79.80334,44.89253],[-79.80544,44.89073],[-79.80669,44.8912],[-79.80865,44.88932],[-79.80728,44.88828],[-79.81027,44.88762],[-79.81076,44.88929],[-79.81373,44.88765],[-79.81304,44.8874],[-79.81383,44.88632],[-79.8147,44.88665],[-79.81492,44.88858],[-79.8158,44.88765],[-79.81673,44.88796],[-79.8175,44.88996],[-79.81923,44.88991],[-79.8204,44.89142],[-79.81952,44.89272],[-79.81774,44.89146],[-79.81765,44.89257],[-79.81936,44.89345],[-79.82104,44.89192],[-79.82297,44.8928],[-79.82376,44.8943],[-79.83017,44.89525],[-79.82473,44.89592],[-79.82436,44.89734],[-79.82776,44.8963],[-79.83047,44.89664],[-79.83087,44.89529],[-79.83525,44.89829],[-79.83568,44.89737],[-79.83354,44.89643],[-79.83372,44.89591],[-79.83609,44.89505],[-79.83787,44.8954],[-79.83773,44.89668],[-79.83875,44.89713],[-79.83804,44.89813],[-79.84107,44.89879],[-79.84191,44.89975],[-79.84074,44.90034],[-79.84052,44.90175],[-79.84401,44.90426],[-79.84403,44.90679],[-79.84652,44.9092],[-79.84969,44.91319],[-79.85422,44.91496],[-79.86979,44.9141],[-79.88413,44.91069],[-79.89282,44.91138],[-79.89968,44.91054],[-79.90794,44.91183],[-79.9269,44.92044],[-79.96745,44.92077],[-79.99363,44.94157],[-80.25286,44.94268],[-80.41182,44.81482],[-80.26688,44.70943],[-79.99637,44.56784],[-79.99265,44.57584],[-79.99179,44.58263],[-79.99265,44.58593],[-79.99423,44.58826],[-79.9993,44.59123],[-80.00166,44.59138],[-80.00376,44.59354],[-80.00508,44.59361],[-80.00886,44.59885],[-80.00315,44.60421],[-79.99893,44.61619],[-79.99343,44.62362],[-79.98619,44.63659],[-79.9795,44.65825],[-79.97951,44.66846],[-79.98394,44.67387],[-79.98616,44.67453],[-79.98777,44.67419],[-79.98888,44.67377],[-79.9878,44.67277],[-79.9895,44.67359],[-79.99167,44.67579],[-79.99331,44.676],[-79.9945,44.67866],[-79.99514,44.68576],[-79.99784,44.69242],[-79.99931,44.69354],[-80.00055,44.6929],[-80.00378,44.69586],[-80.00671,44.70192],[-80.0117,44.70759],[-80.01615,44.70922],[-80.01914,44.70765],[-80.02738,44.71817],[-80.03244,44.72268],[-80.04153,44.72493],[-80.04689,44.72353],[-80.04996,44.72427],[-80.05143,44.72606],[-80.05529,44.72821],[-80.06139,44.72993],[-80.06519,44.72994],[-80.06951,44.72765],[-80.07329,44.72954],[-80.0763,44.73292],[-80.07904,44.73391],[-80.08435,44.73855],[-80.09001,44.74172],[-80.0962,44.74262],[-80.09791,44.74041],[-80.09965,44.74125],[-80.10018,44.74257],[-80.10338,44.74376],[-80.10578,44.74404],[-80.10678,44.74315],[-80.10854,44.74373],[-80.1089,44.74466],[-80.11054,44.74446],[-80.10904,44.74505],[-80.11057,44.7464],[-80.1122,44.74534],[-80.11182,44.74623],[-80.11292,44.74696],[-80.11471,44.74623],[-80.1174,44.74726],[-80.11857,44.74656],[-80.11762,44.74637],[-80.11843,44.74579],[-80.11747,44.74572],[-80.11869,44.74565],[-80.12118,44.74691],[-80.12225,44.74848],[-80.12581,44.7491],[-80.12867,44.7511],[-80.12873,44.75396],[-80.13001,44.75472],[-80.1305,44.7592],[-80.13167,44.76022],[-80.13077,44.7613],[-80.13175,44.7646],[-80.13082,44.76672],[-80.1316,44.76701],[-80.13107,44.76769],[-80.13184,44.76753],[-80.12902,44.77302],[-80.1293,44.778],[-80.1309,44.7805],[-80.12922,44.78206],[-80.12904,44.78446],[-80.12608,44.78925],[-80.1246,44.79387],[-80.12605,44.8015],[-80.12396,44.80527],[-80.12386,44.80951],[-80.11908,44.81208],[-80.119,44.8112],[-80.11583,44.81097],[-80.10617,44.81305],[-80.10439,44.81253],[-80.10014,44.81309],[-80.09204,44.81754],[-80.08488,44.82011],[-80.07866,44.82334],[-80.07304,44.81789],[-80.07414,44.81632],[-80.07447,44.81196],[-80.07594,44.81027],[-80.07548,44.80263],[-80.0743,44.80053],[-80.06844,44.79886],[-80.06302,44.7987],[-80.05638,44.79949],[-80.04887,44.8018],[-80.04692,44.80319],[-80.04486,44.80659],[-80.04894,44.81425],[-80.05097,44.81554],[-80.05172,44.8181],[-80.04995,44.82031],[-80.04849,44.82064],[-80.04889,44.82113],[-80.04837,44.82071],[-80.04601,44.82144],[-80.04637,44.82272],[-80.04331,44.82387],[-80.04179,44.82365],[-80.04255,44.82574],[-80.04021,44.82815],[-80.03734,44.83715],[-80.03062,44.84033],[-80.02795,44.84291],[-80.02733,44.84554],[-80.028,44.84736],[-80.02936,44.84839],[-80.03244,44.8488],[-80.03156,44.85123],[-80.02883,44.85356],[-80.02657,44.85464],[-80.02572,44.85399],[-80.02699,44.85156],[-80.02584,44.84987],[-80.02362,44.84939],[-80.02237,44.84998],[-80.02204,44.84919],[-80.02028,44.84876],[-80.01743,44.84894],[-80.0111,44.8521],[-80.00958,44.85401],[-80.00338,44.85799],[-80.00142,44.85806],[-79.99877,44.85606],[-79.99423,44.85498],[-79.99221,44.85517],[-79.99132,44.85655],[-79.98729,44.85647],[-79.98584,44.85573],[-79.98292,44.85599],[-79.979,44.85759],[-79.97697,44.85754],[-79.97348,44.8595],[-79.97109,44.85956],[-79.96613,44.86217],[-79.96521,44.86342],[-79.96311,44.86379],[-79.9599,44.86574],[-79.95062,44.86709],[-79.94513,44.86005],[-79.9437,44.85938],[-79.93918,44.85913],[-79.9287,44.86113],[-79.92643,44.86063],[-79.92331,44.86129],[-79.92012,44.86057],[-79.91961,44.85944],[-79.91275,44.85547],[-79.90984,44.85078],[-79.90872,44.84584],[-79.90518,44.84363],[-79.90418,44.84087],[-79.90515,44.83575],[-79.90785,44.83162],[-79.91065,44.82983],[-79.91374,44.82975],[-79.91856,44.82533],[-79.92035,44.8247],[-79.9257,44.81863],[-79.9264,44.81584],[-79.92811,44.815],[-79.93374,44.81614],[-79.93593,44.81565],[-79.93562,44.81494],[-79.93583,44.81506],[-79.93609,44.81562],[-79.9363,44.81573],[-79.93747,44.81545],[-79.93929,44.81357],[-79.93911,44.80824],[-79.94754,44.80845],[-79.95002,44.80751],[-79.94902,44.80553],[-79.94804,44.80653],[-79.94655,44.80586],[-79.94563,44.79886],[-79.94227,44.7922],[-79.94175,44.78805],[-79.94368,44.78446],[-79.94317,44.78329],[-79.94593,44.78226],[-79.94492,44.77575],[-79.95036,44.77583],[-79.95356,44.77285],[-79.95394,44.769],[-79.95341,44.76819],[-79.95338,44.76876],[-79.95132,44.76802],[-79.94943,44.7683],[-79.94933,44.76766],[-79.94867,44.76826],[-79.94776,44.76658],[-79.94874,44.76681],[-79.94919,44.76578],[-79.9476,44.76541],[-79.94706,44.76612],[-79.94697,44.76557],[-79.94495,44.766],[-79.9401,44.76921],[-79.94047,44.77042],[-79.93897,44.77087],[-79.93953,44.77431],[-79.93841,44.77407],[-79.93895,44.77667],[-79.93652,44.77789],[-79.93518,44.78028],[-79.93361,44.78605],[-79.93525,44.7866],[-79.93509,44.78841],[-79.93623,44.78856],[-79.93474,44.7887],[-79.93525,44.78962],[-79.93458,44.78964],[-79.93623,44.78996],[-79.93458,44.79067],[-79.93479,44.79336],[-79.93225,44.79577],[-79.93239,44.79945],[-79.93361,44.79996],[-79.93448,44.80467],[-79.93222,44.80795],[-79.93239,44.80907],[-79.9291,44.80648],[-79.92564,44.80724],[-79.90941,44.80677],[-79.9037,44.80751],[-79.90026,44.81039],[-79.89475,44.8123],[-79.89182,44.81251],[-79.89007,44.81145],[-79.88508,44.8123],[-79.88352,44.8112],[-79.88145,44.81124],[-79.87912,44.80881],[-79.87562,44.8087],[-79.87337,44.80722],[-79.87062,44.80108],[-79.86857,44.79916],[-79.86532,44.78443],[-79.86699,44.78035],[-79.86969,44.78015],[-79.87421,44.77775],[-79.87556,44.77534],[-79.87874,44.77265],[-79.88929,44.77191],[-79.89349,44.77025],[-79.89323,44.76233],[-79.89938,44.75955],[-79.89781,44.75981],[-79.89932,44.75809],[-79.89711,44.75852],[-79.89751,44.75994],[-79.89666,44.75855],[-79.89505,44.75919],[-79.89653,44.7585],[-79.89583,44.75764],[-79.89814,44.75776],[-79.89793,44.75685],[-79.89538,44.75758],[-79.89513,44.75688],[-79.89386,44.75694],[-79.89275,44.75513],[-79.89337,44.75316],[-79.89043,44.752],[-79.88807,44.75236],[-79.88922,44.75301],[-79.88781,44.75323],[-79.88909,44.75353],[-79.88691,44.75331],[-79.88674,44.75418],[-79.88769,44.75447],[-79.88673,44.75426],[-79.88595,44.75696],[-79.8818,44.759],[-79.87799,44.75944],[-79.87453,44.75853],[-79.87438,44.75902],[-79.87568,44.75912],[-79.87343,44.7591],[-79.87081,44.75839],[-79.85939,44.74792],[-79.85605,44.74576],[-79.85404,44.74569],[-79.85329,44.74601],[-79.85457,44.74951],[-79.85332,44.74899],[-79.85362,44.74832],[-79.85274,44.74863],[-79.85336,44.74789],[-79.85227,44.74828],[-79.85322,44.74754],[-79.85183,44.74797],[-79.8529,44.74707],[-79.85119,44.74753],[-79.85301,44.74616],[-79.84998,44.74695],[-79.84825,44.74844],[-79.84799,44.75007],[-79.85086,44.7476],[-79.8499,44.74908],[-79.85212,44.74856],[-79.84902,44.74991],[-79.84878,44.75043],[-79.85136,44.74938],[-79.84898,44.75049],[-79.84972,44.75157],[-79.85401,44.74974],[-79.85528,44.74994],[-79.84953,44.75183],[-79.84779,44.75075],[-79.84948,44.75401],[-79.84779,44.75902],[-79.84542,44.76132],[-79.83996,44.76289],[-79.83725,44.76209],[-79.83668,44.76224],[-79.83734,44.76284],[-79.83647,44.76297],[-79.83651,44.76229],[-79.83586,44.76289],[-79.8351,44.7621],[-79.83442,44.76318],[-79.83344,44.7626],[-79.83306,44.76393],[-79.83141,44.76298],[-79.83028,44.76319],[-79.82864,44.76541],[-79.82708,44.76441],[-79.82479,44.76581],[-79.82448,44.76723],[-79.82409,44.76609],[-79.82281,44.76574],[-79.82078,44.76629],[-79.81978,44.7679],[-79.81847,44.76676],[-79.81717,44.76777],[-79.81231,44.76849],[-79.81037,44.76984],[-79.81027,44.77122],[-79.80808,44.77171],[-79.80764,44.7701],[-79.80957,44.76447],[-79.80865,44.76311],[-79.80762,44.76305],[-79.80693,44.76003],[-79.8059,44.76009],[-79.80667,44.75645],[-79.80513,44.75544],[-79.80197,44.75746],[-79.80062,44.75655],[-79.8016,44.75656],[-79.80219,44.75508],[-79.80484,44.75365],[-79.80231,44.75036],[-79.80249,44.749],[-79.80104,44.7502],[-79.80262,44.75104],[-79.80079,44.75433],[-79.79983,44.75184],[-79.79885,44.75428],[-79.79626,44.75523],[-79.80304,44.74686],[-79.80347,44.7438],[-79.80199,44.74403],[-79.79526,44.75313],[-79.79446,44.75272],[-79.79513,44.74948],[-79.7998,44.74564],[-79.80112,44.74266],[-79.80275,44.74135],[-79.80148,44.73525],[-79.80401,44.73512],[-79.80571,44.73345],[-79.80664,44.73053],[-79.80481,44.7302],[-79.80481,44.72977],[-79.8064,44.72964],[-79.80519,44.7296],[-79.80457,44.72981],[-79.8043,44.73055],[-79.80396,44.72984],[-79.80249,44.73038],[-79.80296,44.7309],[-79.79804,44.7341],[-79.79443,44.73906],[-79.79037,44.74271],[-79.7893,44.74125],[-79.7891,44.74167],[-79.78912,44.74198],[-79.78319,44.74359],[-79.78085,44.74555],[-79.77715,44.7534],[-79.77769,44.75305],[-79.77786,44.7526],[-79.77868,44.75495],[-79.78079,44.75443],[-79.78012,44.75502],[-79.78285,44.75557],[-79.78549,44.75396],[-79.78322,44.75549],[-79.78572,44.7556],[-79.78568,44.7573],[-79.7797,44.75755],[-79.77783,44.75631],[-79.7732,44.76135],[-79.77009,44.76322],[-79.76292,44.76993],[-79.76112,44.76877],[-79.76055,44.76729],[-79.75609,44.76798],[-79.75402,44.76393],[-79.75782,44.75849],[-79.75826,44.75473],[-79.75446,44.75073],[-79.75349,44.74711],[-79.75419,44.74685],[-79.75337,44.7469],[-79.75183,44.74403],[-79.75004,44.74335],[-79.74987,44.7422],[-79.74911,44.74221],[-79.74965,44.74179],[-79.74889,44.74195],[-79.74942,44.74147],[-79.74748,44.73995],[-79.74688,44.73611],[-79.74513,44.73363],[-79.74312,44.73186],[-79.74104,44.7328],[-79.74053,44.73188],[-79.73755,44.73419],[-79.73815,44.73649],[-79.73682,44.7362],[-79.73819,44.73696],[-79.7372,44.73696],[-79.7374,44.73775],[-79.736,44.73641],[-79.73328,44.73678],[-79.73257,44.73629],[-79.73267,44.73689],[-79.7314,44.73711],[-79.72992,44.73915],[-79.73109,44.73866],[-79.73124,44.73806],[-79.73135,44.73837],[-79.73114,44.73893],[-79.72951,44.742],[-79.73097,44.74353],[-79.72687,44.74586],[-79.72361,44.75147],[-79.72006,44.75542],[-79.71468,44.75803],[-79.71503,44.75888],[-79.7113,44.75853],[-79.70945,44.75932],[-79.70989,44.76047],[-79.70911,44.7604]],[[-79.87275,44.82878],[-79.87488,44.83312],[-79.87786,44.83486],[-79.87982,44.83945],[-79.87818,44.84745],[-79.87962,44.84904],[-79.87997,44.85579],[-79.87892,44.86087],[-79.87963,44.86312],[-79.87662,44.87435],[-79.87943,44.8744],[-79.8763,44.87488],[-79.87518,44.87659],[-79.87606,44.87725],[-79.87405,44.87798],[-79.87456,44.87882],[-79.87369,44.87869],[-79.87166,44.88045],[-79.86946,44.88061],[-79.86992,44.88138],[-79.86863,44.88128],[-79.86885,44.88188],[-79.86746,44.88158],[-79.86733,44.8827],[-79.86991,44.88521],[-79.87095,44.88314],[-79.87257,44.88517],[-79.87374,44.88436],[-79.88049,44.88448],[-79.88017,44.88385],[-79.88288,44.88336],[-79.88134,44.88425],[-79.88265,44.88386],[-79.8826,44.88507],[-79.88438,44.88561],[-79.88599,44.88454],[-79.88608,44.88604],[-79.88471,44.88609],[-79.88507,44.88665],[-79.88036,44.88654],[-79.87889,44.88843],[-79.87779,44.88826],[-79.87894,44.8897],[-79.87983,44.88917],[-79.88075,44.8898],[-79.88219,44.88957],[-79.88283,44.88832],[-79.88504,44.88859],[-79.88156,44.8906],[-79.88013,44.89288],[-79.87923,44.89218],[-79.87826,44.89414],[-79.87627,44.89337],[-79.87624,44.89447],[-79.87504,44.89422],[-79.87279,44.89165],[-79.87407,44.89406],[-79.87053,44.8931],[-79.8704,44.89253],[-79.87133,44.89293],[-79.87111,44.89112],[-79.87192,44.89076],[-79.87133,44.8901],[-79.87073,44.89123],[-79.86947,44.89108],[-79.86844,44.89229],[-79.86381,44.89022],[-79.86356,44.88946],[-79.86466,44.88951],[-79.86373,44.88875],[-79.86335,44.88936],[-79.86213,44.88914],[-79.86223,44.89],[-79.8647,44.89157],[-79.86361,44.89379],[-79.86468,44.89358],[-79.86548,44.89215],[-79.86628,44.89235],[-79.87059,44.89559],[-79.87093,44.8972],[-79.8739,44.89812],[-79.87203,44.89839],[-79.87179,44.89787],[-79.87145,44.89891],[-79.87034,44.89896],[-79.86842,44.89666],[-79.86999,44.89602],[-79.86786,44.8955],[-79.86875,44.89489],[-79.8655,44.89502],[-79.86418,44.89403],[-79.86265,44.89471],[-79.86407,44.89527],[-79.86191,44.89539],[-79.86069,44.89422],[-79.86007,44.89408],[-79.86235,44.89628],[-79.86018,44.89817],[-79.85878,44.89699],[-79.85981,44.89661],[-79.85635,44.89657],[-79.85533,44.89808],[-79.85761,44.89897],[-79.85647,44.90038],[-79.85484,44.89999],[-79.85571,44.90138],[-79.85446,44.90056],[-79.85328,44.90012],[-79.85158,44.90111],[-79.85137,44.90022],[-79.84856,44.89972],[-79.8472,44.89897],[-79.84756,44.89802],[-79.84581,44.89623],[-79.84482,44.89686],[-79.845,44.89795],[-79.84782,44.90016],[-79.84544,44.89962],[-79.84279,44.8962],[-79.84028,44.89475],[-79.83925,44.89232],[-79.83656,44.89085],[-79.83499,44.88777],[-79.83769,44.88634],[-79.84172,44.88626],[-79.84483,44.88796],[-79.84738,44.88745],[-79.84812,44.88792],[-79.84766,44.88891],[-79.84921,44.88897],[-79.84996,44.89078],[-79.85127,44.89122],[-79.8542,44.89039],[-79.8544,44.8875],[-79.85821,44.88792],[-79.85844,44.88719],[-79.85452,44.88698],[-79.85577,44.8857],[-79.85364,44.88409],[-79.85629,44.88379],[-79.85609,44.88127],[-79.85797,44.88194],[-79.85641,44.88089],[-79.85744,44.87919],[-79.8557,44.87883],[-79.85753,44.87829],[-79.85673,44.87617],[-79.85504,44.87579],[-79.85601,44.87385],[-79.85389,44.87367],[-79.85385,44.87091],[-79.85296,44.87084],[-79.85194,44.87211],[-79.85031,44.87136],[-79.84959,44.87188],[-79.84713,44.86992],[-79.84847,44.86895],[-79.84808,44.86833],[-79.84874,44.8688],[-79.85062,44.8678],[-79.85116,44.86649],[-79.85716,44.86674],[-79.85949,44.86857],[-79.85684,44.87017],[-79.85644,44.87295],[-79.85803,44.87322],[-79.86074,44.87138],[-79.86057,44.86877],[-79.86341,44.86557],[-79.86543,44.86149],[-79.8647,44.86024],[-79.86292,44.86035],[-79.86083,44.85943],[-79.86121,44.85855],[-79.86338,44.85828],[-79.86405,44.8575],[-79.86169,44.85668],[-79.86151,44.85596],[-79.86316,44.85602],[-79.865,44.85415],[-79.86371,44.85162],[-79.8623,44.852],[-79.86353,44.85114],[-79.86281,44.84951],[-79.86074,44.84893],[-79.86469,44.84672],[-79.86618,44.84497],[-79.86408,44.84224],[-79.86515,44.84217],[-79.86599,44.83949],[-79.86425,44.83628],[-79.86549,44.83396],[-79.86637,44.83389],[-79.87078,44.8291],[-79.87275,44.82878]],[[-80.17869,44.87402],[-80.1749,44.87156],[-80.1696,44.86352],[-80.16996,44.8607],[-80.16866,44.85786],[-80.16389,44.85605],[-80.15827,44.85539],[-80.15661,44.85418],[-80.15588,44.85122],[-80.15678,44.84304],[-80.15531,44.83904],[-80.15134,44.83423],[-80.15136,44.82904],[-80.15687,44.82368],[-80.17069,44.82158],[-80.17336,44.8204],[-80.17261,44.81908],[-80.17347,44.82007],[-80.1746,44.82009],[-80.18058,44.81724],[-80.18965,44.81004],[-80.19002,44.80871],[-80.18886,44.80783],[-80.19047,44.80649],[-80.19077,44.80317],[-80.18929,44.79983],[-80.18651,44.79761],[-80.18461,44.7943],[-80.17931,44.79079],[-80.17259,44.78807],[-80.1675,44.78691],[-80.16423,44.78702],[-80.16232,44.78848],[-80.15906,44.78707],[-80.15505,44.78683],[-80.15699,44.78547],[-80.16059,44.78463],[-80.16175,44.78305],[-80.1656,44.78249],[-80.16667,44.78336],[-80.16787,44.78273],[-80.17196,44.78343],[-80.17107,44.7838],[-80.1713,44.78466],[-80.17412,44.78615],[-80.1761,44.78522],[-80.1769,44.78688],[-80.17787,44.78655],[-80.18907,44.78914],[-80.19106,44.79072],[-80.19389,44.79139],[-80.1956,44.79304],[-80.1979,44.79323],[-80.20041,44.7966],[-80.20481,44.7973],[-80.20929,44.79948],[-80.20966,44.80095],[-80.21173,44.80146],[-80.21183,44.80262],[-80.21655,44.80539],[-80.21461,44.80678],[-80.21465,44.809],[-80.21787,44.81717],[-80.22085,44.81915],[-80.22335,44.81889],[-80.22539,44.82025],[-80.22663,44.82014],[-80.23296,44.82462],[-80.23576,44.82544],[-80.23812,44.82746],[-80.23803,44.82849],[-80.23992,44.8292],[-80.24045,44.83099],[-80.24332,44.83178],[-80.2452,44.83341],[-80.24727,44.83795],[-80.24657,44.84079],[-80.24741,44.84231],[-80.24275,44.84484],[-80.24176,44.84677],[-80.2397,44.84788],[-80.23874,44.85199],[-80.23581,44.85499],[-80.23652,44.85721],[-80.23449,44.85707],[-80.23326,44.8589],[-80.23548,44.8609],[-80.23504,44.86167],[-80.24044,44.86381],[-80.24155,44.86507],[-80.23904,44.86529],[-80.24115,44.86636],[-80.24001,44.8663],[-80.23964,44.86762],[-80.24151,44.86972],[-80.24006,44.8705],[-80.23963,44.87221],[-80.24441,44.88017],[-80.24218,44.88323],[-80.23902,44.88163],[-80.2373,44.88176],[-80.23654,44.88289],[-80.23783,44.88361],[-80.23515,44.88241],[-80.2352,44.87884],[-80.23327,44.88026],[-80.23211,44.87899],[-80.23242,44.87754],[-80.2334,44.87893],[-80.2348,44.87817],[-80.23418,44.87662],[-80.23255,44.87523],[-80.23001,44.87497],[-80.22467,44.86808],[-80.21993,44.86457],[-80.21686,44.85871],[-80.21314,44.85628],[-80.20592,44.85701],[-80.1951,44.86059],[-80.19415,44.86196],[-80.19047,44.86393],[-80.18966,44.86609],[-80.18697,44.86824],[-80.18658,44.87234],[-80.18543,44.87182],[-80.18487,44.87024],[-80.18181,44.86963],[-80.17961,44.87163],[-80.18129,44.87278],[-80.18106,44.87423],[-80.17869,44.87402]]],[[[-79.70921,44.76034],[-79.70921,44.76034],[-79.70911,44.7604],[-79.70921,44.76034]]]]}},{"type":"Feature","properties":{"OGF_ID":60000282},"geometry":{"type":"Polygon","coordinates":[[[-79.78526,44.92161],[-79.78645,44.92302],[-79.78801,44.92243],[-79.78825,44.92037],[-79.79007,44.91946],[-79.79016,44.91327],[-79.79288,44.91125],[-79.79537,44.91119],[-79.79706,44.91248],[-79.80279,44.91169],[-79.80303,44.90895],[-79.80421,44.90734],[-79.80651,44.90866],[-79.80954,44.9074],[-79.81238,44.9096],[-79.81352,44.90922],[-79.8144,44.90801],[-79.81074,44.90565],[-79.80965,44.90237],[-79.81209,44.90131],[-79.81509,44.903],[-79.81707,44.90292],[-79.82007,44.90524],[-79.82264,44.90471],[-79.82646,44.9011],[-79.82478,44.89946],[-79.82543,44.8982],[-79.82927,44.89848],[-79.83005,44.89799],[-79.83371,44.90073],[-79.83581,44.9004],[-79.83947,44.90321],[-79.83885,44.90447],[-79.84072,44.90558],[-79.83549,44.9067],[-79.83892,44.90915],[-79.84652,44.9092],[-79.84403,44.90679],[-79.84401,44.90426],[-79.84052,44.90175],[-79.84074,44.90034],[-79.84191,44.89975],[-79.84107,44.89879],[-79.83804,44.89813],[-79.83875,44.89713],[-79.83773,44.89668],[-79.83787,44.8954],[-79.83609,44.89505],[-79.83372,44.89591],[-79.83354,44.89643],[-79.83568,44.89737],[-79.83525,44.89829],[-79.83087,44.89529],[-79.83047,44.89664],[-79.82776,44.8963],[-79.82436,44.89734],[-79.82473,44.89592],[-79.83017,44.89525],[-79.82376,44.8943],[-79.82297,44.8928],[-79.82104,44.89192],[-79.81936,44.89345],[-79.81765,44.89257],[-79.81774,44.89146],[-79.81952,44.89272],[-79.8204,44.89142],[-79.81923,44.88991],[-79.8175,44.88996],[-79.81673,44.88796],[-79.8158,44.88765],[-79.81492,44.88858],[-79.8147,44.88665],[-79.81383,44.88632],[-79.81304,44.8874],[-79.81373,44.88765],[-79.81076,44.88929],[-79.81027,44.88762],[-79.80728,44.88828],[-79.80865,44.88932],[-79.80669,44.8912],[-79.80544,44.89073],[-79.80334,44.89253],[-79.80333,44.89128],[-79.80035,44.89153],[-79.80099,44.89004],[-79.80014,44.88944],[-79.79721,44.88989],[-79.79666,44.88823],[-79.79497,44.88935],[-79.79387,44.89127],[-79.79542,44.89093],[-79.79513,44.89146],[-79.79643,44.8914],[-79.79567,44.89199],[-79.79669,44.89311],[-79.79818,44.89276],[-79.80164,44.89457],[-79.79952,44.89493],[-79.79597,44.8937],[-79.79522,44.89525],[-79.79397,44.89497],[-79.79467,44.89615],[-79.79405,44.89681],[-79.79543,44.89786],[-79.79412,44.90032],[-79.79308,44.89923],[-79.79322,44.89394],[-79.78874,44.89378],[-79.78436,44.89787],[-79.78447,44.89916],[-79.78289,44.8996],[-79.78296,44.90039],[-79.78498,44.89987],[-79.78464,44.90257],[-79.78223,44.9021],[-79.78175,44.90034],[-79.78071,44.90085],[-79.78118,44.90221],[-79.77999,44.90224],[-79.78084,44.90344],[-79.77996,44.90581],[-79.78085,44.90671],[-79.77996,44.90845],[-79.77715,44.91042],[-79.77763,44.91369],[-79.77888,44.91505],[-79.77865,44.91701],[-79.77835,44.91687],[-79.77812,44.91639],[-79.77754,44.91671],[-79.77585,44.91508],[-79.77711,44.91301],[-79.77584,44.911],[-79.77644,44.909],[-79.77492,44.904],[-79.77616,44.90328],[-79.77675,44.90914],[-79.7775,44.90941],[-79.77914,44.90639],[-79.77801,44.9029],[-79.77871,44.9014],[-79.78005,44.90086],[-79.77934,44.89828],[-79.78086,44.89991],[-79.78311,44.89894],[-79.78623,44.89487],[-79.78728,44.89462],[-79.78669,44.89248],[-79.78771,44.89279],[-79.78845,44.89202],[-79.78495,44.89135],[-79.78701,44.8906],[-79.78897,44.88863],[-79.79611,44.8877],[-79.79751,44.88635],[-79.79737,44.885],[-79.80389,44.88379],[-79.80401,44.88235],[-79.80193,44.88289],[-79.80124,44.88227],[-79.80281,44.88176],[-79.80404,44.87973],[-79.80484,44.88057],[-79.80622,44.8803],[-79.80794,44.88173],[-79.81014,44.88204],[-79.81151,44.88163],[-79.81148,44.87975],[-79.81056,44.87729],[-79.8067,44.87948],[-79.80654,44.87758],[-79.80838,44.87698],[-79.80583,44.87623],[-79.80192,44.87683],[-79.80008,44.87582],[-79.8028,44.87617],[-79.80458,44.87538],[-79.79951,44.87392],[-79.79645,44.87374],[-79.79558,44.87441],[-79.79492,44.87259],[-79.79316,44.87319],[-79.79218,44.87273],[-79.79239,44.8735],[-79.7898,44.87464],[-79.78995,44.87612],[-79.79145,44.8768],[-79.79061,44.87844],[-79.78939,44.87778],[-79.7864,44.87815],[-79.78614,44.87912],[-79.78434,44.87882],[-79.78303,44.88086],[-79.78183,44.8811],[-79.78189,44.88214],[-79.7758,44.88465],[-79.76445,44.8861],[-79.76545,44.88544],[-79.77134,44.88497],[-79.77615,44.88361],[-79.77994,44.88223],[-79.78224,44.87994],[-79.77213,44.87427],[-79.77144,44.87474],[-79.76885,44.87384],[-79.76785,44.87249],[-79.76891,44.87164],[-79.76975,44.8731],[-79.77361,44.87341],[-79.77787,44.87481],[-79.78775,44.87051],[-79.78913,44.86924],[-79.78645,44.86995],[-79.78346,44.86972],[-79.78572,44.86812],[-79.77921,44.86839],[-79.77815,44.86945],[-79.77878,44.86854],[-79.77745,44.86782],[-79.77803,44.8677],[-79.77918,44.86788],[-79.77976,44.86665],[-79.78148,44.86696],[-79.78043,44.86669],[-79.78079,44.86553],[-79.78131,44.86559],[-79.78177,44.86643],[-79.78449,44.86588],[-79.78383,44.86362],[-79.7816,44.86285],[-79.78486,44.86272],[-79.7857,44.86201],[-79.7859,44.8633],[-79.78773,44.86286],[-79.78789,44.86334],[-79.7864,44.86463],[-79.7867,44.86529],[-79.78838,44.86506],[-79.78894,44.86314],[-79.78919,44.8637],[-79.7889,44.86552],[-79.78945,44.86659],[-79.79106,44.86667],[-79.79118,44.86757],[-79.79297,44.86705],[-79.79339,44.86594],[-79.79387,44.86808],[-79.79495,44.86947],[-79.79608,44.86955],[-79.79616,44.87102],[-79.79787,44.87183],[-79.7981,44.87297],[-79.80081,44.87382],[-79.80493,44.87344],[-79.80903,44.87118],[-79.81126,44.87114],[-79.82047,44.86834],[-79.8211,44.86872],[-79.82106,44.86945],[-79.82086,44.869],[-79.81694,44.86995],[-79.81646,44.87097],[-79.81278,44.87087],[-79.81248,44.87209],[-79.8111,44.87264],[-79.81404,44.87296],[-79.81577,44.87195],[-79.81731,44.87347],[-79.82016,44.87263],[-79.82096,44.87341],[-79.82213,44.87294],[-79.82309,44.87337],[-79.82577,44.86951],[-79.82291,44.86958],[-79.82428,44.86817],[-79.8228,44.86619],[-79.82091,44.86705],[-79.81982,44.8667],[-79.82168,44.86409],[-79.81964,44.86294],[-79.82058,44.86083],[-79.81875,44.86118],[-79.81785,44.86005],[-79.82009,44.85883],[-79.8205,44.85666],[-79.81851,44.85745],[-79.81499,44.85644],[-79.81482,44.85492],[-79.81614,44.85412],[-79.81706,44.85465],[-79.81734,44.85212],[-79.81534,44.85207],[-79.81498,44.85307],[-79.81602,44.85319],[-79.81629,44.85401],[-79.81563,44.85351],[-79.81341,44.85388],[-79.81313,44.85521],[-79.8101,44.85153],[-79.80842,44.85282],[-79.80746,44.852],[-79.79702,44.85118],[-79.7886,44.8492],[-79.79014,44.85326],[-79.78531,44.84809],[-79.78697,44.84719],[-79.78691,44.84418],[-79.78784,44.84795],[-79.79325,44.84942],[-79.79388,44.84827],[-79.79224,44.84598],[-79.79267,44.84506],[-79.79118,44.84448],[-79.78974,44.84497],[-79.78784,44.8424],[-79.78814,44.84334],[-79.7871,44.84243],[-79.78667,44.84383],[-79.78515,44.84366],[-79.78646,44.84363],[-79.78644,44.84283],[-79.7847,44.84208],[-79.78506,44.84103],[-79.78286,44.83934],[-79.78086,44.84003],[-79.78214,44.84165],[-79.78374,44.84122],[-79.78333,44.84274],[-79.77797,44.84185],[-79.77921,44.84074],[-79.77498,44.83987],[-79.7778,44.83935],[-79.77751,44.83874],[-79.77947,44.83764],[-79.7788,44.83705],[-79.77747,44.83694],[-79.77571,44.83804],[-79.77038,44.8372],[-79.77277,44.83493],[-79.7781,44.83328],[-79.77767,44.83267],[-79.7797,44.83182],[-79.78185,44.82943],[-79.78187,44.82785],[-79.78381,44.82758],[-79.78335,44.82701],[-79.78015,44.82748],[-79.78029,44.8266],[-79.77845,44.82634],[-79.78058,44.82563],[-79.78155,44.82594],[-79.78218,44.82516],[-79.78091,44.82452],[-79.78136,44.82386],[-79.78281,44.82434],[-79.78509,44.82389],[-79.7806,44.82304],[-79.78341,44.82161],[-79.78149,44.82017],[-79.78346,44.81981],[-79.7834,44.82038],[-79.78551,44.81933],[-79.78668,44.82003],[-79.78622,44.81962],[-79.78721,44.81905],[-79.78644,44.81871],[-79.78996,44.81681],[-79.78845,44.81595],[-79.78952,44.81446],[-79.79117,44.81443],[-79.79192,44.81628],[-79.79297,44.81603],[-79.79397,44.81678],[-79.79542,44.81604],[-79.79634,44.81299],[-79.79395,44.81284],[-79.79267,44.81385],[-79.79261,44.813],[-79.79082,44.81281],[-79.79281,44.81074],[-79.78884,44.81107],[-79.78382,44.81345],[-79.78218,44.81205],[-79.77969,44.81383],[-79.7788,44.81204],[-79.77566,44.81258],[-79.77671,44.8112],[-79.77566,44.81124],[-79.77539,44.81035],[-79.77389,44.81061],[-79.77667,44.80873],[-79.77378,44.80931],[-79.77292,44.81052],[-79.77241,44.80953],[-79.7742,44.80811],[-79.77243,44.80844],[-79.77313,44.80763],[-79.77252,44.80659],[-79.77084,44.80675],[-79.76993,44.8061],[-79.77053,44.80577],[-79.76816,44.80586],[-79.76965,44.80426],[-79.76778,44.80546],[-79.76358,44.80626],[-79.76189,44.80759],[-79.76213,44.80697],[-79.76305,44.80642],[-79.76365,44.80462],[-79.7625,44.80381],[-79.76271,44.80373],[-79.76476,44.80411],[-79.76475,44.80505],[-79.76575,44.80349],[-79.76261,44.80312],[-79.76349,44.80253],[-79.76383,44.80133],[-79.76307,44.80271],[-79.76207,44.80256],[-79.76277,44.80131],[-79.76167,44.80079],[-79.7618,44.79981],[-79.75647,44.79858],[-79.75349,44.79647],[-79.75419,44.79585],[-79.7536,44.79606],[-79.75332,44.79649],[-79.75255,44.79617],[-79.75294,44.79406],[-79.75204,44.79481],[-79.75135,44.79384],[-79.74923,44.79383],[-79.75042,44.7937],[-79.75091,44.79149],[-79.75037,44.79188],[-79.74953,44.79104],[-79.75037,44.79248],[-79.74964,44.79362],[-79.74938,44.79232],[-79.74608,44.79135],[-79.74549,44.79002],[-79.74509,44.79059],[-79.74224,44.79047],[-79.74267,44.79294],[-79.7407,44.79189],[-79.74036,44.79238],[-79.74185,44.79511],[-79.73905,44.79339],[-79.73866,44.79418],[-79.73827,44.79357],[-79.73665,44.79381],[-79.7349,44.79229],[-79.73466,44.79136],[-79.73653,44.79176],[-79.73889,44.7901],[-79.73488,44.78829],[-79.73305,44.78929],[-79.73326,44.79162],[-79.73106,44.79202],[-79.73291,44.79283],[-79.73263,44.79367],[-79.73634,44.79453],[-79.73724,44.79633],[-79.73995,44.79661],[-79.73966,44.79771],[-79.7387,44.79764],[-79.7394,44.79852],[-79.74321,44.80031],[-79.74047,44.79918],[-79.74188,44.80038],[-79.7403,44.79954],[-79.74081,44.80079],[-79.74154,44.80058],[-79.74119,44.80186],[-79.74081,44.80104],[-79.73273,44.79987],[-79.73619,44.80195],[-79.73723,44.8035],[-79.73552,44.80353],[-79.73627,44.80432],[-79.73242,44.801],[-79.73327,44.80124],[-79.7327,44.80068],[-79.73222,44.80103],[-79.73493,44.80335],[-79.73232,44.80205],[-79.73144,44.80079],[-79.73197,44.80229],[-79.73047,44.8023],[-79.72996,44.7996],[-79.72873,44.79871],[-79.72745,44.79929],[-79.72884,44.80111],[-79.72371,44.79969],[-79.72175,44.80076],[-79.72146,44.80249],[-79.7226,44.80337],[-79.72699,44.80226],[-79.73327,44.80569],[-79.73461,44.80831],[-79.73738,44.80807],[-79.7388,44.80718],[-79.74051,44.81131],[-79.7394,44.81285],[-79.74393,44.81523],[-79.74401,44.81737],[-79.74634,44.81647],[-79.74632,44.81466],[-79.74847,44.81619],[-79.74692,44.81745],[-79.74797,44.81828],[-79.74687,44.81927],[-79.74832,44.82013],[-79.74834,44.8239],[-79.74748,44.82482],[-79.74924,44.82611],[-79.75161,44.82541],[-79.75443,44.82655],[-79.75355,44.82845],[-79.75107,44.82902],[-79.74516,44.82563],[-79.74343,44.82546],[-79.74274,44.82407],[-79.74057,44.82463],[-79.73741,44.82363],[-79.73571,44.82384],[-79.73003,44.82096],[-79.72568,44.8246],[-79.72209,44.82372],[-79.72124,44.82442],[-79.72384,44.82619],[-79.72079,44.82715],[-79.72425,44.82991],[-79.72753,44.82924],[-79.72783,44.83014],[-79.73034,44.8313],[-79.72946,44.83267],[-79.73194,44.83577],[-79.73659,44.83784],[-79.73645,44.83886],[-79.73846,44.83983],[-79.73856,44.84069],[-79.7409,44.8401],[-79.74299,44.84252],[-79.74253,44.84389],[-79.74498,44.84451],[-79.74675,44.84896],[-79.74815,44.84831],[-79.75075,44.84931],[-79.75359,44.84903],[-79.75394,44.8514],[-79.75643,44.85231],[-79.75753,44.85636],[-79.76012,44.85764],[-79.76022,44.86012],[-79.75948,44.86049],[-79.76043,44.86106],[-79.75859,44.86181],[-79.75783,44.86342],[-79.75912,44.86672],[-79.76116,44.86628],[-79.76305,44.86893],[-79.76306,44.87234],[-79.76573,44.87377],[-79.76527,44.87484],[-79.76259,44.8749],[-79.76637,44.87922],[-79.76595,44.88082],[-79.76807,44.88205],[-79.76754,44.88341],[-79.76599,44.88284],[-79.76329,44.88335],[-79.76302,44.88415],[-79.76475,44.88685],[-79.76775,44.88727],[-79.76974,44.88959],[-79.76564,44.89246],[-79.76875,44.89882],[-79.76987,44.90501],[-79.76845,44.90519],[-79.76541,44.90291],[-79.76344,44.9032],[-79.76366,44.90991],[-79.7652,44.91086],[-79.76773,44.90995],[-79.76778,44.90921],[-79.76941,44.90917],[-79.77019,44.91224],[-79.7722,44.91312],[-79.77278,44.91511],[-79.77595,44.91714],[-79.77306,44.91939],[-79.77254,44.92116],[-79.7736,44.92261],[-79.77984,44.92253],[-79.78094,44.92088],[-79.78526,44.92161]]]}},{"type":"Feature","properties":{"OGF_ID":60000283},"geometry":{"type":"Polygon","coordinates":[[[-80.11781,43.44197],[-80.12013,43.44258],[-80.12217,43.44187],[-80.12255,43.44068],[-80.12609,43.4414],[-80.12662,43.44071],[-80.13028,43.44073],[-80.1305,43.43938],[-80.13166,43.43987],[-80.13117,43.43831],[-80.13329,43.43582],[-80.13086,43.43604],[-80.12794,43.43369],[-80.12622,43.43347],[-80.12625,43.43254],[-80.12836,43.43119],[-80.12846,43.42909],[-80.13067,43.42938],[-80.13231,43.43112],[-80.13519,43.43155],[-80.13611,43.42885],[-80.13765,43.42838],[-80.13772,43.42761],[-80.14285,43.42729],[-80.14438,43.42617],[-80.14831,43.42719],[-80.14945,43.42652],[-80.14913,43.4258],[-80.15092,43.42572],[-80.15229,43.42467],[-80.15344,43.42587],[-80.15381,43.42483],[-80.15743,43.42449],[-80.16045,43.42294],[-80.16181,43.42036],[-80.16435,43.41974],[-80.16501,43.41883],[-80.16688,43.41881],[-80.169,43.41657],[-80.17181,43.41638],[-80.17261,43.41791],[-80.17422,43.41706],[-80.17635,43.41773],[-80.17721,43.41702],[-80.1762,43.41643],[-80.17699,43.41467],[-80.17861,43.41485],[-80.17953,43.4136],[-80.18524,43.41424],[-80.18653,43.41512],[-80.18784,43.4144],[-80.1894,43.41555],[-80.19313,43.41475],[-80.19429,43.41378],[-80.19339,43.41294],[-80.19459,43.41243],[-80.19398,43.41067],[-80.1951,43.40878],[-80.19181,43.40714],[-80.19213,43.40539],[-80.19395,43.40473],[-80.1935,43.40373],[-80.19059,43.40284],[-80.18892,43.4009],[-80.1845,43.403],[-80.18317,43.4016],[-80.17625,43.40186],[-80.17586,43.39933],[-80.16911,43.39566],[-80.16883,43.39228],[-80.16343,43.38961],[-80.16208,43.38805],[-80.1625,43.38688],[-80.15772,43.38642],[-80.15679,43.38575],[-80.15705,43.38646],[-80.15527,43.38787],[-80.15228,43.38737],[-80.15009,43.38492],[-80.15001,43.38025],[-80.14707,43.37853],[-80.13935,43.37971],[-80.13657,43.37957],[-80.13485,43.37783],[-80.13011,43.37824],[-80.13331,43.37586],[-80.12689,43.37367],[-80.12725,43.37189],[-80.12519,43.37002],[-80.12579,43.36872],[-80.12947,43.36659],[-80.12924,43.36492],[-80.13055,43.36349],[-80.13006,43.35986],[-80.13345,43.35868],[-80.13405,43.35642],[-80.13152,43.3562],[-80.13071,43.35723],[-80.12799,43.35769],[-80.12668,43.35705],[-80.12638,43.35507],[-80.12516,43.35511],[-80.12326,43.3537],[-80.12096,43.35299],[-80.11926,43.35357],[-80.11819,43.3525],[-80.11373,43.35285],[-80.11002,43.34854],[-80.09955,43.34645],[-80.10168,43.34354],[-80.10098,43.34092],[-80.10168,43.33923],[-80.10406,43.33566],[-80.10726,43.33409],[-80.10535,43.33316],[-80.10319,43.33414],[-80.10177,43.33378],[-80.10132,43.33283],[-80.10218,43.33131],[-80.10447,43.33012],[-80.10358,43.32818],[-80.10538,43.32473],[-80.10524,43.32319],[-80.10876,43.32038],[-80.10977,43.31841],[-80.1126,43.31698],[-80.1137,43.31481],[-80.11701,43.31268],[-80.11927,43.30649],[-80.12158,43.30453],[-80.12175,43.30051],[-80.12427,43.29837],[-80.12426,43.29754],[-80.1211,43.29571],[-80.12125,43.29414],[-80.11948,43.29408],[-80.11561,43.29126],[-80.11515,43.29],[-80.1167,43.28864],[-80.11547,43.2864],[-80.11413,43.28648],[-80.11352,43.28517],[-80.11165,43.28511],[-80.11083,43.28439],[-80.10926,43.28489],[-80.10937,43.28425],[-80.10742,43.28362],[-80.10506,43.28486],[-80.10287,43.28367],[-80.10286,43.2778],[-80.10681,43.2771],[-80.10801,43.2761],[-80.10762,43.2756],[-80.10923,43.27505],[-80.10964,43.27624],[-80.11114,43.27686],[-80.11165,43.2752],[-80.11046,43.27352],[-80.09552,43.27566],[-80.09501,43.27442],[-80.09311,43.2737],[-80.09518,43.27091],[-80.09384,43.26625],[-80.09286,43.26701],[-80.09095,43.26665],[-80.09118,43.26522],[-80.08952,43.26444],[-80.08386,43.26618],[-80.08245,43.26586],[-80.08042,43.26723],[-80.07744,43.26617],[-80.07564,43.26769],[-80.07236,43.26657],[-80.0718,43.26431],[-80.06823,43.26344],[-80.06638,43.26415],[-80.06223,43.26092],[-80.05783,43.26172],[-80.05009,43.25962],[-80.04863,43.25811],[-80.05178,43.25641],[-80.04998,43.25461],[-80.05435,43.2508],[-80.05351,43.24835],[-80.05633,43.2482],[-80.05727,43.24718],[-80.05657,43.24468],[-80.05506,43.24322],[-80.05018,43.24248],[-80.04999,43.24037],[-80.04585,43.23527],[-80.04593,43.23303],[-80.04195,43.23173],[-80.04182,43.22955],[-80.0356,43.23017],[-80.03494,43.23065],[-80.03549,43.2325],[-80.03114,43.23213],[-80.03017,43.22892],[-80.03161,43.22845],[-80.03063,43.22728],[-80.0333,43.22078],[-80.02925,43.21963],[-80.02614,43.2206],[-80.02493,43.21901],[-80.02249,43.21854],[-80.02063,43.2156],[-80.01856,43.21574],[-80.01742,43.21501],[-80.01614,43.21522],[-80.0169,43.21822],[-80.01062,43.21772],[-80.01126,43.21981],[-80.00973,43.22113],[-80.00632,43.22112],[-80.00565,43.22034],[-80.00711,43.21926],[-80.0063,43.21833],[-80.00674,43.21642],[-79.99946,43.21517],[-79.99903,43.21385],[-79.99734,43.21399],[-79.99662,43.21193],[-79.99294,43.21377],[-79.99071,43.21333],[-79.99089,43.21152],[-79.98942,43.20972],[-79.98688,43.20976],[-79.98838,43.20752],[-79.98685,43.20588],[-79.98803,43.2051],[-79.99376,43.20478],[-79.99179,43.20411],[-79.98311,43.20428],[-79.98041,43.20207],[-79.97891,43.20211],[-79.97733,43.20032],[-79.9782,43.19701],[-79.9764,43.19611],[-79.97684,43.19448],[-79.97478,43.19415],[-79.97497,43.19144],[-79.97324,43.18972],[-79.97111,43.18942],[-79.97093,43.19021],[-79.96981,43.19027],[-79.96946,43.18874],[-79.96639,43.18824],[-79.96524,43.18902],[-79.9666,43.19059],[-79.96608,43.19323],[-79.96268,43.19443],[-79.96299,43.19627],[-79.95862,43.19594],[-79.95853,43.19664],[-79.95554,43.19685],[-79.95487,43.19724],[-79.95539,43.1994],[-79.95125,43.19842],[-79.94855,43.19986],[-79.94673,43.19866],[-79.9453,43.19881],[-79.94516,43.19985],[-79.94373,43.1999],[-79.94326,43.20111],[-79.93837,43.20373],[-79.9378,43.20576],[-79.93339,43.20618],[-79.9329,43.20729],[-79.93102,43.20739],[-79.9307,43.20815],[-79.92812,43.20899],[-79.92635,43.2086],[-79.9255,43.21029],[-79.92426,43.21034],[-79.92418,43.21139],[-79.91783,43.21237],[-79.91673,43.21427],[-79.91531,43.21479],[-79.91535,43.21417],[-79.91328,43.21367],[-79.91145,43.21242],[-79.9112,43.21129],[-79.90895,43.21034],[-79.90886,43.20893],[-79.90624,43.20824],[-79.90602,43.20652],[-79.90248,43.20381],[-79.89417,43.19985],[-79.89434,43.19737],[-79.89302,43.19709],[-79.8922,43.1948],[-79.88648,43.19358],[-79.88577,43.19428],[-79.88413,43.19412],[-79.88244,43.19229],[-79.88125,43.19294],[-79.87369,43.19213],[-79.86695,43.18791],[-79.86692,43.18635],[-79.86829,43.18479],[-79.868,43.18269],[-79.8651,43.18291],[-79.86515,43.18168],[-79.85667,43.17942],[-79.85517,43.17965],[-79.85461,43.17889],[-79.85095,43.17907],[-79.84955,43.17671],[-79.84811,43.17564],[-79.84714,43.17578],[-79.84861,43.17378],[-79.84656,43.17314],[-79.845,43.17031],[-79.84236,43.16921],[-79.84147,43.1678],[-79.84098,43.16897],[-79.83891,43.16833],[-79.83622,43.17054],[-79.83514,43.17023],[-79.83476,43.17107],[-79.83308,43.17089],[-79.82995,43.1724],[-79.82612,43.17261],[-79.82448,43.17383],[-79.82135,43.17355],[-79.82072,43.17457],[-79.81719,43.17385],[-79.81649,43.17447],[-79.80916,43.17497],[-79.80615,43.17406],[-79.80491,43.17524],[-79.80262,43.17525],[-79.80071,43.17655],[-79.79384,43.17762],[-79.79369,43.17839],[-79.78847,43.17812],[-79.78672,43.17717],[-79.7847,43.17774],[-79.77305,43.17746],[-79.76813,43.17621],[-79.76706,43.17623],[-79.76659,43.17719],[-79.76577,43.17656],[-79.76215,43.17633],[-79.7614,43.17715],[-79.76015,43.17649],[-79.75912,43.17711],[-79.75196,43.17497],[-79.74757,43.1753],[-79.73827,43.17272],[-79.73649,43.17309],[-79.73416,43.1717],[-79.73192,43.17246],[-79.73052,43.17774],[-79.72768,43.17803],[-79.72528,43.17723],[-79.72212,43.17844],[-79.71523,43.17654],[-79.71484,43.17549],[-79.71314,43.17548],[-79.71074,43.17723],[-79.7059,43.17789],[-79.70495,43.18087],[-79.70353,43.18188],[-79.70248,43.18171],[-79.69944,43.1832],[-79.69602,43.18224],[-79.69481,43.18442],[-79.69383,43.18452],[-79.69356,43.18688],[-79.6918,43.18877],[-79.69126,43.19163],[-79.69197,43.19233],[-79.68998,43.19271],[-79.6888,43.19502],[-79.69086,43.19649],[-79.69103,43.19759],[-79.68696,43.19953],[-79.68189,43.19813],[-79.67495,43.19811],[-79.67331,43.19722],[-79.67213,43.19835],[-79.67099,43.19766],[-79.6678,43.19821],[-79.66536,43.19653],[-79.66002,43.19651],[-79.64987,43.19081],[-79.64628,43.19231],[-79.6435,43.19067],[-79.64196,43.19164],[-79.63598,43.18996],[-79.63221,43.18965],[-79.62868,43.19009],[-79.6277,43.19094],[-79.62516,43.19018],[-79.62418,43.19111],[-79.62595,43.19306],[-79.62327,43.1989],[-79.62501,43.20028],[-79.62901,43.20056],[-79.63138,43.20194],[-79.63147,43.20385],[-79.63358,43.2069],[-79.63333,43.21072],[-79.63292,43.21167],[-79.62845,43.21096],[-79.62756,43.21429],[-79.62203,43.21391],[-79.62052,43.21709],[-79.61929,43.21646],[-79.61841,43.21797],[-79.61893,43.21855],[-79.61755,43.21914],[-79.61888,43.22075],[-79.61725,43.22293],[-79.61934,43.22447],[-79.61922,43.22552],[-79.61798,43.22604],[-79.61985,43.22668],[-79.62126,43.22552],[-79.62231,43.2263],[-79.62377,43.2255],[-79.62399,43.22317],[-79.62678,43.22384],[-79.6264,43.22479],[-79.62488,43.22445],[-79.6248,43.22584],[-79.6242,43.22573],[-79.62432,43.22601],[-79.62328,43.22591],[-79.62288,43.22614],[-79.62858,43.22859],[-79.65022,43.22315],[-79.65708,43.22336],[-79.66566,43.22583],[-79.67374,43.23087],[-79.67455,43.23062],[-79.68216,43.23399],[-79.68576,43.23381],[-79.69455,43.23602],[-79.69737,43.23547],[-79.70679,43.23563],[-79.71564,43.23844],[-79.72391,43.24292],[-79.73244,43.24572],[-79.73672,43.24591],[-79.73677,43.24546],[-79.74176,43.24414],[-79.74214,43.2433],[-79.74318,43.24382],[-79.74291,43.24482],[-79.73815,43.24566],[-79.74154,43.24517],[-79.74324,43.24582],[-79.74341,43.24531],[-79.7503,43.24791],[-79.76194,43.25634],[-79.77108,43.26549],[-79.78569,43.2844],[-79.79414,43.29792],[-79.79424,43.29905],[-79.79043,43.3009],[-79.79042,43.30115],[-79.79884,43.29687],[-79.7976,43.29734],[-79.79639,43.29656],[-79.79434,43.29305],[-79.79434,43.29066],[-79.79046,43.28496],[-79.79413,43.28373],[-79.79276,43.28043],[-79.78545,43.27211],[-79.78061,43.26827],[-79.7757,43.26664],[-79.77265,43.2629],[-79.77382,43.26216],[-79.77725,43.26282],[-79.77976,43.26173],[-79.78034,43.26297],[-79.78222,43.26224],[-79.78171,43.26313],[-79.78326,43.26307],[-79.78497,43.26588],[-79.78159,43.26814],[-79.78569,43.2691],[-79.78821,43.26308],[-79.7892,43.26307],[-79.78669,43.26934],[-79.78919,43.2709],[-79.78963,43.27033],[-79.78928,43.27134],[-79.79219,43.27351],[-79.79376,43.27017],[-79.79242,43.27335],[-79.79461,43.27504],[-79.79756,43.27355],[-79.79878,43.27062],[-79.79772,43.27038],[-79.79755,43.26967],[-79.79767,43.26895],[-79.80048,43.26232],[-79.80065,43.26205],[-79.80076,43.26206],[-79.7978,43.2688],[-79.79822,43.27035],[-79.79881,43.27051],[-79.80047,43.26674],[-79.8014,43.26683],[-79.79671,43.27825],[-79.79836,43.27867],[-79.80055,43.27456],[-79.79877,43.27901],[-79.80329,43.28023],[-79.80399,43.27991],[-79.80696,43.2726],[-79.80851,43.27074],[-79.8111,43.26356],[-79.8117,43.26261],[-79.81196,43.2626],[-79.80468,43.28036],[-79.81095,43.28178],[-79.81142,43.28086],[-79.81149,43.28183],[-79.81372,43.28248],[-79.8156,43.28163],[-79.82364,43.28387],[-79.8236,43.28469],[-79.82592,43.28524],[-79.83324,43.26972],[-79.83392,43.27126],[-79.84035,43.27348],[-79.8417,43.27018],[-79.84275,43.27041],[-79.84141,43.27371],[-79.84435,43.27436],[-79.84575,43.27095],[-79.84651,43.27111],[-79.84513,43.27452],[-79.84913,43.27539],[-79.85095,43.27097],[-79.85167,43.27113],[-79.84985,43.27554],[-79.85454,43.27652],[-79.85249,43.27595],[-79.85305,43.27462],[-79.85617,43.27547],[-79.85564,43.27678],[-79.86149,43.27816],[-79.86219,43.27664],[-79.86043,43.27618],[-79.8601,43.27491],[-79.86062,43.27545],[-79.86148,43.27435],[-79.86093,43.27603],[-79.86246,43.27588],[-79.86233,43.27635],[-79.86285,43.27517],[-79.86249,43.27582],[-79.86218,43.27503],[-79.86125,43.27553],[-79.86169,43.27432],[-79.86343,43.27495],[-79.86307,43.27418],[-79.86364,43.27485],[-79.86522,43.27391],[-79.86746,43.27437],[-79.86934,43.2727],[-79.86751,43.27241],[-79.86739,43.27139],[-79.86944,43.26996],[-79.87048,43.27036],[-79.8701,43.27154],[-79.87112,43.27284],[-79.87577,43.27344],[-79.87411,43.27202],[-79.87483,43.27111],[-79.87685,43.27138],[-79.87146,43.26995],[-79.87187,43.26918],[-79.88403,43.27196],[-79.88633,43.27402],[-79.88982,43.27982],[-79.89384,43.27971],[-79.91504,43.27425],[-79.91639,43.27539],[-79.92308,43.27471],[-79.92542,43.2726],[-79.9271,43.27487],[-79.93076,43.2765],[-79.92682,43.27924],[-79.9267,43.2806],[-79.92804,43.28006],[-79.9276,43.28104],[-79.92961,43.28161],[-79.92746,43.28589],[-79.92586,43.28641],[-79.92617,43.28903],[-79.92532,43.2903],[-79.92631,43.29114],[-79.92704,43.29703],[-79.92883,43.2982],[-79.9312,43.30232],[-79.93263,43.30269],[-79.93249,43.30373],[-79.92869,43.30424],[-79.92483,43.30609],[-79.9205,43.31158],[-79.91988,43.31429],[-79.9123,43.3206],[-79.90667,43.32358],[-79.89942,43.3259],[-79.89626,43.32618],[-79.89858,43.32845],[-79.89772,43.32942],[-79.89819,43.33191],[-79.90218,43.33345],[-79.90222,43.33422],[-79.90077,43.33415],[-79.89926,43.33609],[-79.90068,43.33737],[-79.90016,43.34132],[-79.90421,43.34339],[-79.90379,43.34498],[-79.9046,43.34612],[-79.90668,43.34596],[-79.90943,43.34407],[-79.91183,43.34583],[-79.9146,43.34546],[-79.91633,43.34781],[-79.91784,43.34804],[-79.91969,43.34963],[-79.92265,43.34953],[-79.92443,43.34689],[-79.92713,43.34706],[-79.93564,43.34059],[-79.93472,43.33941],[-79.93576,43.33768],[-79.93829,43.33852],[-79.9401,43.33822],[-79.94105,43.3355],[-79.94562,43.33226],[-79.94489,43.33155],[-79.94572,43.32979],[-79.9493,43.32792],[-79.95172,43.32932],[-79.9532,43.32898],[-79.95516,43.32679],[-79.95511,43.3254],[-79.96013,43.32287],[-79.96037,43.32199],[-79.96245,43.32171],[-79.96633,43.3188],[-79.96867,43.3185],[-79.96941,43.31691],[-79.97195,43.31865],[-79.97553,43.31885],[-79.97638,43.31816],[-79.97741,43.31982],[-79.97994,43.3194],[-79.98259,43.31652],[-79.98503,43.31557],[-79.98869,43.31538],[-79.98978,43.31357],[-79.99159,43.31444],[-79.99341,43.31362],[-79.99419,43.31206],[-79.9961,43.31189],[-79.99866,43.31753],[-79.99674,43.31794],[-79.99657,43.31892],[-79.99738,43.32041],[-80.00208,43.32004],[-80.00448,43.32705],[-80.00619,43.32801],[-80.00707,43.33015],[-80.00732,43.33198],[-80.00587,43.33279],[-80.00638,43.33362],[-80.01003,43.33482],[-80.012,43.33646],[-80.01388,43.33621],[-80.01367,43.33771],[-80.01677,43.33884],[-80.01724,43.34178],[-80.01933,43.34208],[-80.02037,43.34377],[-80.01999,43.34463],[-80.01794,43.34456],[-80.01541,43.3461],[-80.01354,43.34892],[-80.0122,43.34861],[-80.0109,43.3499],[-80.0099,43.34987],[-80.01092,43.35162],[-80.01248,43.35156],[-80.01195,43.35317],[-80.01,43.35469],[-80.00692,43.35497],[-80.00721,43.35619],[-80.0042,43.35772],[-80.00421,43.36081],[-80.0062,43.36157],[-80.00633,43.36447],[-80.00562,43.36681],[-80.00448,43.36709],[-80.00445,43.36874],[-80.01058,43.37195],[-80.00933,43.37331],[-80.01681,43.37502],[-80.01802,43.37483],[-80.01947,43.37314],[-80.02186,43.37346],[-80.02208,43.37473],[-80.02312,43.37497],[-80.02471,43.374],[-80.02384,43.37234],[-80.0244,43.37132],[-80.02799,43.37043],[-80.03256,43.36783],[-80.03578,43.36721],[-80.04139,43.36767],[-80.04286,43.36897],[-80.04654,43.36927],[-80.04953,43.36822],[-80.05027,43.36636],[-80.05192,43.36601],[-80.05206,43.36434],[-80.06557,43.36594],[-80.06859,43.36711],[-80.07021,43.36414],[-80.07399,43.36187],[-80.07733,43.36253],[-80.08319,43.36591],[-80.07954,43.36683],[-80.07739,43.37016],[-80.07507,43.37153],[-80.07508,43.3749],[-80.08259,43.3753],[-80.08506,43.37679],[-80.08705,43.37702],[-80.08505,43.3809],[-80.08456,43.38614],[-80.08697,43.38689],[-80.08712,43.39124],[-80.08985,43.3915],[-80.0901,43.39352],[-80.09236,43.39381],[-80.09252,43.39451],[-80.09463,43.39419],[-80.09707,43.39079],[-80.10402,43.39262],[-80.10605,43.39245],[-80.10652,43.39134],[-80.1078,43.391],[-80.11852,43.39432],[-80.11852,43.39545],[-80.1168,43.3964],[-80.11679,43.39772],[-80.1145,43.39944],[-80.11246,43.39933],[-80.11145,43.40123],[-80.10846,43.40242],[-80.10715,43.4024],[-80.10563,43.4012],[-80.10396,43.40172],[-80.10424,43.404],[-80.10108,43.40458],[-80.09929,43.40595],[-80.09806,43.40581],[-80.09565,43.40784],[-80.09468,43.40742],[-80.09384,43.40796],[-80.09315,43.40664],[-80.08742,43.40876],[-80.08439,43.41011],[-80.08274,43.41237],[-80.08049,43.41322],[-80.07869,43.41264],[-80.0737,43.41347],[-80.07299,43.41415],[-80.07349,43.41603],[-80.07247,43.41668],[-80.0748,43.41809],[-80.07642,43.41819],[-80.07777,43.41968],[-80.07808,43.4212],[-80.07994,43.42238],[-80.08142,43.42488],[-80.08119,43.42646],[-80.08872,43.42954],[-80.08906,43.42906],[-80.09137,43.42954],[-80.09117,43.43037],[-80.09352,43.43128],[-80.09314,43.43196],[-80.09996,43.4348],[-80.10666,43.43984],[-80.11004,43.43939],[-80.11325,43.44134],[-80.11781,43.44197]]]}},{"type":"Feature","properties":{"OGF_ID":60000284},"geometry":{"type":"Polygon","coordinates":[[[-79.54167,43.3019],[-79.71144,43.30058],[-79.79082,43.30145],[-79.80193,43.29579],[-79.86724,43.28133],[-79.87844,43.27704],[-79.88982,43.27982],[-79.88633,43.27402],[-79.88403,43.27196],[-79.87187,43.26918],[-79.87146,43.26995],[-79.87685,43.27138],[-79.87483,43.27111],[-79.87411,43.27202],[-79.87577,43.27344],[-79.87112,43.27284],[-79.8701,43.27154],[-79.87048,43.27036],[-79.86944,43.26996],[-79.86739,43.27139],[-79.86751,43.27241],[-79.86934,43.2727],[-79.86746,43.27437],[-79.86522,43.27391],[-79.86364,43.27485],[-79.86307,43.27418],[-79.86343,43.27495],[-79.86169,43.27432],[-79.86125,43.27553],[-79.86218,43.27503],[-79.86249,43.27582],[-79.86285,43.27517],[-79.86233,43.27635],[-79.86246,43.27588],[-79.86093,43.27603],[-79.86148,43.27435],[-79.86062,43.27545],[-79.8601,43.27491],[-79.86043,43.27618],[-79.86219,43.27664],[-79.86149,43.27816],[-79.85564,43.27678],[-79.85617,43.27547],[-79.85305,43.27462],[-79.85249,43.27595],[-79.85454,43.27652],[-79.84985,43.27554],[-79.85167,43.27113],[-79.85095,43.27097],[-79.84913,43.27539],[-79.84513,43.27452],[-79.84651,43.27111],[-79.84575,43.27095],[-79.84435,43.27436],[-79.84141,43.27371],[-79.84275,43.27041],[-79.8417,43.27018],[-79.84035,43.27348],[-79.83392,43.27126],[-79.83324,43.26972],[-79.82592,43.28524],[-79.8236,43.28469],[-79.82364,43.28387],[-79.8156,43.28163],[-79.81372,43.28248],[-79.81149,43.28183],[-79.81142,43.28086],[-79.81095,43.28178],[-79.80468,43.28036],[-79.81196,43.2626],[-79.8117,43.26261],[-79.8111,43.26356],[-79.80851,43.27074],[-79.80696,43.2726],[-79.80399,43.27991],[-79.80329,43.28023],[-79.79877,43.27901],[-79.80055,43.27456],[-79.79836,43.27867],[-79.79671,43.27825],[-79.8014,43.26683],[-79.80047,43.26674],[-79.79881,43.27051],[-79.79822,43.27035],[-79.7978,43.2688],[-79.80076,43.26206],[-79.80065,43.26205],[-79.80048,43.26232],[-79.79767,43.26895],[-79.79755,43.26967],[-79.79772,43.27038],[-79.79878,43.27062],[-79.79756,43.27355],[-79.79461,43.27504],[-79.79242,43.27335],[-79.79376,43.27017],[-79.79219,43.27351],[-79.78928,43.27134],[-79.78963,43.27033],[-79.78919,43.2709],[-79.78669,43.26934],[-79.7892,43.26307],[-79.78821,43.26308],[-79.78569,43.2691],[-79.78159,43.26814],[-79.78497,43.26588],[-79.78326,43.26307],[-79.78171,43.26313],[-79.78222,43.26224],[-79.78034,43.26297],[-79.77976,43.26173],[-79.77725,43.26282],[-79.77382,43.26216],[-79.77265,43.2629],[-79.7757,43.26664],[-79.78061,43.26827],[-79.78545,43.27211],[-79.79276,43.28043],[-79.79413,43.28373],[-79.79046,43.28496],[-79.79434,43.29066],[-79.79434,43.29305],[-79.79639,43.29656],[-79.7976,43.29734],[-79.79884,43.29687],[-79.79042,43.30115],[-79.79043,43.3009],[-79.79424,43.29905],[-79.79414,43.29792],[-79.78569,43.2844],[-79.77108,43.26549],[-79.76194,43.25634],[-79.7503,43.24791],[-79.74341,43.24531],[-79.74324,43.24582],[-79.74154,43.24517],[-79.73815,43.24566],[-79.74291,43.24482],[-79.74318,43.24382],[-79.74214,43.2433],[-79.74176,43.24414],[-79.73677,43.24546],[-79.73672,43.24591],[-79.73244,43.24572],[-79.72391,43.24292],[-79.71564,43.23844],[-79.70679,43.23563],[-79.69737,43.23547],[-79.69455,43.23602],[-79.68576,43.23381],[-79.68216,43.23399],[-79.67455,43.23062],[-79.67374,43.23087],[-79.66566,43.22583],[-79.65708,43.22336],[-79.65022,43.22315],[-79.62858,43.22859],[-79.62288,43.22614],[-79.62328,43.22591],[-79.62432,43.22601],[-79.6242,43.22573],[-79.6248,43.22584],[-79.62488,43.22445],[-79.6264,43.22479],[-79.62678,43.22384],[-79.62399,43.22317],[-79.62377,43.2255],[-79.62231,43.2263],[-79.62126,43.22552],[-79.61985,43.22668],[-79.61798,43.22604],[-79.61922,43.22552],[-79.61934,43.22447],[-79.61725,43.22293],[-79.54167,43.3019]]]}},{"type":"Feature","properties":{"OGF_ID":60000284},"geometry":{"type":"Polygon","coordinates":[[[-79.54167,43.3019],[-79.71144,43.30058],[-79.79082,43.30145],[-79.80193,43.29579],[-79.86724,43.28133],[-79.87844,43.27704],[-79.88982,43.27982],[-79.88633,43.27402],[-79.88403,43.27196],[-79.87187,43.26918],[-79.87146,43.26995],[-79.87685,43.27138],[-79.87483,43.27111],[-79.87411,43.27202],[-79.87577,43.27344],[-79.87112,43.27284],[-79.8701,43.27154],[-79.87048,43.27036],[-79.86944,43.26996],[-79.86739,43.27139],[-79.86751,43.27241],[-79.86934,43.2727],[-79.86746,43.27437],[-79.86522,43.27391],[-79.86364,43.27485],[-79.86307,43.27418],[-79.86343,43.27495],[-79.86169,43.27432],[-79.86125,43.27553],[-79.86218,43.27503],[-79.86249,43.27582],[-79.86285,43.27517],[-79.86233,43.27635],[-79.86246,43.27588],[-79.86093,43.27603],[-79.86148,43.27435],[-79.86062,43.27545],[-79.8601,43.27491],[-79.86043,43.27618],[-79.86219,43.27664],[-79.86149,43.27816],[-79.85564,43.27678],[-79.85617,43.27547],[-79.85305,43.27462],[-79.85249,43.27595],[-79.85454,43.27652],[-79.84985,43.27554],[-79.85167,43.27113],[-79.85095,43.27097],[-79.84913,43.27539],[-79.84513,43.27452],[-79.84651,43.27111],[-79.84575,43.27095],[-79.84435,43.27436],[-79.84141,43.27371],[-79.84275,43.27041],[-79.8417,43.27018],[-79.84035,43.27348],[-79.83392,43.27126],[-79.83324,43.26972],[-79.82592,43.28524],[-79.8236,43.28469],[-79.82364,43.28387],[-79.8156,43.28163],[-79.81372,43.28248],[-79.81149,43.28183],[-79.81142,43.28086],[-79.81095,43.28178],[-79.80468,43.28036],[-79.81196,43.2626],[-79.8117,43.26261],[-79.8111,43.26356],[-79.80851,43.27074],[-79.80696,43.2726],[-79.80399,43.27991],[-79.80329,43.28023],[-79.79877,43.27901],[-79.80055,43.27456],[-79.79836,43.27867],[-79.79671,43.27825],[-79.8014,43.26683],[-79.80047,43.26674],[-79.79881,43.27051],[-79.79822,43.27035],[-79.7978,43.2688],[-79.80076,43.26206],[-79.80065,43.26205],[-79.80048,43.26232],[-79.79767,43.26895],[-79.79755,43.26967],[-79.79772,43.27038],[-79.79878,43.27062],[-79.79756,43.27355],[-79.79461,43.27504],[-79.79242,43.27335],[-79.79376,43.27017],[-79.79219,43.27351],[-79.78928,43.27134],[-79.78963,43.27033],[-79.78919,43.2709],[-79.78669,43.26934],[-79.7892,43.26307],[-79.78821,43.26308],[-79.78569,43.2691],[-79.78159,43.26814],[-79.78497,43.26588],[-79.78326,43.26307],[-79.78171,43.26313],[-79.78222,43.26224],[-79.78034,43.26297],[-79.77976,43.26173],[-79.77725,43.26282],[-79.77382,43.26216],[-79.77265,43.2629],[-79.7757,43.26664],[-79.78061,43.26827],[-79.78545,43.27211],[-79.79276,43.28043],[-79.79413,43.28373],[-79.79046,43.28496],[-79.79434,43.29066],[-79.79434,43.29305],[-79.79639,43.29656],[-79.7976,43.29734],[-79.79884,43.29687],[-79.79042,43.30115],[-79.79043,43.3009],[-79.79424,43.29905],[-79.79414,43.29792],[-79.78569,43.2844],[-79.77108,43.26549],[-79.76194,43.25634],[-79.7503,43.24791],[-79.74341,43.24531],[-79.74324,43.24582],[-79.74154,43.24517],[-79.73815,43.24566],[-79.74291,43.24482],[-79.74318,43.24382],[-79.74214,43.2433],[-79.74176,43.24414],[-79.73677,43.24546],[-79.73672,43.24591],[-79.73244,43.24572],[-79.72391,43.24292],[-79.71564,43.23844],[-79.70679,43.23563],[-79.69737,43.23547],[-79.69455,43.23602],[-79.68576,43.23381],[-79.68216,43.23399],[-79.67455,43.23062],[-79.67374,43.23087],[-79.66566,43.22583],[-79.65708,43.22336],[-79.65022,43.22315],[-79.62858,43.22859],[-79.62288,43.22614],[-79.62328,43.22591],[-79.62432,43.22601],[-79.6242,43.22573],[-79.6248,43.22584],[-79.62488,43.22445],[-79.6264,43.22479],[-79.62678,43.22384],[-79.62399,43.22317],[-79.62377,43.2255],[-79.62231,43.2263],[-79.62126,43.22552],[-79.61985,43.22668],[-79.61798,43.22604],[-79.61922,43.22552],[-79.61934,43.22447],[-79.61725,43.22293],[-79.54167,43.3019]]]}},{"type":"Feature","properties":{"OGF_ID":60000285},"geometry":{"type":"Polygon","coordinates":[[[-75.34671,45.52684],[-75.34718,45.52816],[-75.34921,45.52773],[-75.35405,45.52411],[-75.35686,45.52421],[-75.35865,45.5256],[-75.35277,45.52632],[-75.35976,45.52593],[-75.36269,45.52536],[-75.36126,45.52504],[-75.36164,45.52441],[-75.36176,45.52503],[-75.36264,45.52472],[-75.36332,45.52517],[-75.36952,45.52372],[-75.37108,45.52327],[-75.37011,45.52186],[-75.37151,45.52024],[-75.37301,45.52057],[-75.37335,45.5232],[-75.3766,45.52365],[-75.37605,45.5242],[-75.37691,45.52465],[-75.37587,45.52497],[-75.37701,45.52557],[-75.37646,45.52629],[-75.37994,45.5257],[-75.38978,45.52038],[-75.39548,45.52072],[-75.40148,45.52014],[-75.41143,45.52058],[-75.41221,45.52112],[-75.41776,45.51837],[-75.42324,45.51755],[-75.43566,45.51699],[-75.44757,45.51757],[-75.46014,45.51427],[-75.46267,45.51291],[-75.46458,45.51043],[-75.47426,45.50525],[-75.47574,45.50509],[-75.47439,45.50474],[-75.47497,45.50426],[-75.47521,45.5049],[-75.47796,45.50423],[-75.4832,45.49954],[-75.48257,45.50025],[-75.4845,45.50001],[-75.48164,45.50121],[-75.48006,45.50379],[-75.48367,45.50185],[-75.47819,45.50633],[-75.48554,45.50143],[-75.48626,45.50257],[-75.48011,45.50615],[-75.48629,45.50273],[-75.48427,45.50419],[-75.48543,45.50396],[-75.48788,45.50573],[-75.48717,45.50786],[-75.49019,45.50728],[-75.49607,45.50404],[-75.5,45.50043],[-75.51499,45.49439],[-75.51154,45.49423],[-75.49586,45.49979],[-75.49351,45.50144],[-75.49939,45.49868],[-75.50441,45.49777],[-75.49633,45.50047],[-75.49542,45.50148],[-75.49276,45.50195],[-75.49473,45.50217],[-75.49285,45.50343],[-75.49947,45.50042],[-75.49226,45.50475],[-75.49261,45.50212],[-75.49112,45.50433],[-75.49098,45.50251],[-75.48656,45.50247],[-75.4858,45.50129],[-75.49155,45.49866],[-75.49151,45.4966],[-75.4918,45.49744],[-75.49331,45.4967],[-75.49437,45.49715],[-75.49582,45.49599],[-75.49517,45.49716],[-75.49371,45.4979],[-75.50937,45.49329],[-75.50859,45.49257],[-75.50606,45.49383],[-75.50658,45.49256],[-75.51087,45.49201],[-75.50933,45.49256],[-75.50964,45.4932],[-75.51412,45.49191],[-75.52081,45.49132],[-75.5228,45.49021],[-75.52349,45.49085],[-75.52209,45.49129],[-75.52514,45.49139],[-75.51707,45.49246],[-75.52192,45.49295],[-75.52997,45.49147],[-75.54382,45.48495],[-75.56777,45.47578],[-75.57226,45.47281],[-75.58091,45.46993],[-75.5884,45.46604],[-75.62224,45.46302],[-75.6427,45.46391],[-75.67551,45.45714],[-75.68204,45.45739],[-75.68532,45.45636],[-75.68886,45.45379],[-75.68818,45.45172],[-75.68995,45.44984],[-75.69323,45.44901],[-75.69139,45.44506],[-75.69494,45.44415],[-75.69735,45.44036],[-75.69914,45.43935],[-75.70026,45.43487],[-75.69993,45.43089],[-75.70223,45.42923],[-75.69857,45.42671],[-75.70179,45.42597],[-75.70261,45.42409],[-75.70888,45.4217],[-75.7105,45.42004],[-75.71114,45.41991],[-75.70997,45.42143],[-75.71356,45.41873],[-75.71646,45.4186],[-75.71937,45.41749],[-75.72037,45.41638],[-75.72018,45.41411],[-75.71793,45.41351],[-75.72008,45.41367],[-75.72164,45.41243],[-75.72783,45.41137],[-75.73078,45.41272],[-75.73056,45.41084],[-75.73224,45.41101],[-75.73545,45.41318],[-75.73928,45.41118],[-75.74471,45.41099],[-75.74646,45.40771],[-75.74873,45.40687],[-75.75035,45.4072],[-75.75235,45.4047],[-75.7575,45.4043],[-75.7623,45.3981],[-75.76265,45.39649],[-75.76143,45.39469],[-75.76232,45.39154],[-75.76472,45.39016],[-75.76977,45.38464],[-75.77699,45.38253],[-75.77794,45.38021],[-75.77969,45.38019],[-75.78016,45.37772],[-75.7821,45.37582],[-75.78513,45.37459],[-75.78642,45.37544],[-75.78611,45.37299],[-75.78638,45.37307],[-75.78671,45.37351],[-75.78675,45.37556],[-75.78886,45.37399],[-75.79287,45.37568],[-75.79836,45.37373],[-75.79931,45.37432],[-75.80347,45.37413],[-75.80382,45.37217],[-75.80147,45.37337],[-75.80313,45.37366],[-75.79951,45.37371],[-75.80361,45.37208],[-75.80273,45.36976],[-75.80088,45.36838],[-75.80127,45.36556],[-75.80227,45.36461],[-75.80454,45.36535],[-75.80566,45.36458],[-75.80767,45.36487],[-75.80392,45.36411],[-75.80555,45.35971],[-75.81156,45.35391],[-75.81363,45.35375],[-75.81423,45.35281],[-75.81507,45.35289],[-75.81474,45.35408],[-75.81611,45.35287],[-75.82342,45.35034],[-75.82446,45.35078],[-75.82392,45.3519],[-75.82486,45.35257],[-75.82636,45.35106],[-75.82841,45.35242],[-75.82665,45.35388],[-75.82416,45.35339],[-75.82616,45.35428],[-75.83075,45.35211],[-75.83452,45.3558],[-75.83985,45.35345],[-75.84401,45.35469],[-75.85436,45.36184],[-75.85667,45.36224],[-75.85667,45.36358],[-75.85789,45.36396],[-75.8608,45.36344],[-75.86153,45.36457],[-75.86559,45.36494],[-75.86675,45.36228],[-75.86874,45.36184],[-75.87028,45.36241],[-75.87148,45.36146],[-75.87482,45.36229],[-75.88002,45.36652],[-75.88671,45.36556],[-75.88687,45.3632],[-75.88537,45.36364],[-75.87913,45.36158],[-75.87819,45.3594],[-75.87877,45.35733],[-75.87362,45.34847],[-75.87267,45.34812],[-75.87324,45.3469],[-75.86683,45.34141],[-75.86692,45.33782],[-75.87027,45.33734],[-75.87125,45.33457],[-75.86769,45.33051],[-75.86729,45.32902],[-75.8682,45.32844],[-75.86573,45.32563],[-75.86775,45.32481],[-75.86842,45.32229],[-75.86219,45.31826],[-75.86224,45.3174],[-75.86561,45.31567],[-75.86746,45.31548],[-75.86865,45.31622],[-75.86958,45.31566],[-75.87104,45.31439],[-75.87239,45.30989],[-75.87112,45.30843],[-75.86927,45.3083],[-75.86874,45.30747],[-75.86555,45.30863],[-75.86409,45.30667],[-75.86018,45.30674],[-75.85704,45.30579],[-75.85778,45.30461],[-75.85605,45.30205],[-75.85293,45.30162],[-75.85347,45.29914],[-75.85604,45.2978],[-75.85364,45.29619],[-75.85726,45.29365],[-75.85589,45.29129],[-75.85995,45.29096],[-75.86055,45.29191],[-75.86246,45.29236],[-75.86313,45.29164],[-75.86625,45.29322],[-75.86869,45.293],[-75.87053,45.29178],[-75.87471,45.29225],[-75.87893,45.29072],[-75.88252,45.29093],[-75.8837,45.28925],[-75.88684,45.28947],[-75.88777,45.28798],[-75.88663,45.28496],[-75.88782,45.28501],[-75.88812,45.2842],[-75.88663,45.28348],[-75.88815,45.28186],[-75.88996,45.28172],[-75.89021,45.27848],[-75.89134,45.27692],[-75.89684,45.27442],[-75.89944,45.27089],[-75.89696,45.26962],[-75.89961,45.26868],[-75.90231,45.26867],[-75.90306,45.26931],[-75.9068,45.26703],[-75.91077,45.26916],[-75.9142,45.26932],[-75.91735,45.26824],[-75.91774,45.26741],[-75.91639,45.26638],[-75.92241,45.26341],[-75.92042,45.26184],[-75.92178,45.26061],[-75.92074,45.25832],[-75.92131,45.25755],[-75.91702,45.25536],[-75.91665,45.25427],[-75.91788,45.25335],[-75.9153,45.25169],[-75.91434,45.25002],[-75.9157,45.24783],[-75.91484,45.24632],[-75.92018,45.243],[-75.92418,45.24646],[-75.92612,45.24543],[-75.92662,45.24377],[-75.93366,45.23917],[-75.93653,45.23935],[-75.93979,45.23853],[-75.94198,45.23701],[-75.94855,45.23819],[-75.95311,45.23709],[-75.95935,45.23956],[-75.96076,45.24159],[-75.96195,45.24047],[-75.96442,45.23989],[-75.96543,45.24163],[-75.96797,45.24307],[-75.97312,45.24226],[-75.97601,45.24363],[-75.98066,45.24372],[-75.98453,45.24543],[-75.98682,45.24521],[-75.98899,45.24622],[-75.99041,45.24582],[-75.99069,45.24463],[-75.99345,45.24436],[-75.98857,45.24219],[-75.98958,45.24009],[-75.98777,45.23949],[-75.98698,45.23756],[-75.98539,45.23675],[-75.987,45.23494],[-75.99058,45.23357],[-75.98949,45.23227],[-75.98993,45.23132],[-75.98733,45.23084],[-75.98638,45.22979],[-75.99108,45.22671],[-75.99254,45.22711],[-75.9949,45.22544],[-75.995,45.22419],[-75.99849,45.22833],[-76.01359,45.21884],[-76.0157,45.22008],[-76.01924,45.21938],[-76.02108,45.22279],[-76.02276,45.22284],[-76.02582,45.22482],[-76.02741,45.22476],[-76.02873,45.22736],[-76.03138,45.22754],[-76.03373,45.2298],[-76.03719,45.23053],[-76.04016,45.23398],[-76.04267,45.23536],[-76.05074,45.23476],[-76.04964,45.23341],[-76.04924,45.22813],[-76.0457,45.22231],[-76.04167,45.22136],[-76.04104,45.21862],[-76.03919,45.21887],[-76.03776,45.21822],[-76.0376,45.21522],[-76.04115,45.21269],[-76.04474,45.21179],[-76.04576,45.20995],[-76.05031,45.20704],[-76.05219,45.20819],[-76.05377,45.20601],[-76.06001,45.20359],[-76.05773,45.1997],[-76.05787,45.1977],[-76.05537,45.19631],[-76.05789,45.19483],[-76.05712,45.19099],[-76.0601,45.18939],[-76.06225,45.18928],[-76.06401,45.18682],[-76.06275,45.18521],[-76.06316,45.18191],[-76.06125,45.17933],[-76.06131,45.17481],[-76.06348,45.17333],[-76.06513,45.17478],[-76.06998,45.17591],[-76.07144,45.17553],[-76.07178,45.17393],[-76.07392,45.17298],[-76.07433,45.17166],[-76.07245,45.17026],[-76.07353,45.1672],[-76.07609,45.16536],[-76.07647,45.16292],[-76.07752,45.16257],[-76.07683,45.16126],[-76.07817,45.16009],[-76.07771,45.15872],[-76.07924,45.1576],[-76.07808,45.15452],[-76.07975,45.15123],[-76.07851,45.14994],[-76.08274,45.146],[-76.08174,45.14265],[-76.07722,45.13957],[-76.07861,45.13538],[-76.07607,45.13299],[-76.07652,45.13119],[-76.07918,45.12926],[-76.08199,45.12888],[-76.08202,45.12619],[-76.08359,45.12497],[-76.08464,45.12158],[-76.08418,45.12022],[-76.08965,45.11655],[-76.08975,45.11528],[-76.08805,45.11387],[-76.08947,45.11236],[-76.0886,45.11025],[-76.09116,45.11033],[-76.09335,45.10562],[-76.09532,45.10564],[-76.09512,45.10435],[-76.08846,45.10154],[-76.08997,45.10044],[-76.08825,45.0996],[-76.08971,45.09378],[-76.08861,45.09302],[-76.08854,45.08894],[-76.09121,45.08882],[-76.08912,45.0829],[-76.09793,45.07769],[-76.09955,45.07558],[-76.09816,45.07357],[-76.09877,45.07272],[-76.10141,45.07206],[-76.10267,45.07093],[-76.10428,45.07095],[-76.10674,45.07238],[-76.11033,45.0701],[-76.11057,45.06456],[-76.11188,45.06265],[-76.11114,45.0615],[-76.11262,45.06044],[-76.11019,45.05845],[-76.11273,45.05517],[-76.11428,45.05523],[-76.11552,45.05341],[-76.1151,45.05233],[-76.11187,45.05163],[-76.11344,45.04976],[-76.11447,45.05047],[-76.11557,45.04976],[-76.11653,45.04576],[-76.11566,45.04455],[-76.11569,45.04066],[-76.123,45.04126],[-76.12404,45.03785],[-76.12561,45.03768],[-76.12497,45.03574],[-76.12652,45.03314],[-76.12614,45.02966],[-76.12677,45.02805],[-76.12812,45.02747],[-76.12697,45.02689],[-76.1273,45.02247],[-76.13201,45.02052],[-76.13554,45.02043],[-76.13603,45.0197],[-76.1372,45.02094],[-76.14107,45.02066],[-76.13991,45.02001],[-76.14064,45.01915],[-76.1434,45.0197],[-76.14635,45.02162],[-76.14896,45.02027],[-76.15327,45.0197],[-76.15395,45.02214],[-76.16149,45.02747],[-76.16915,45.01981],[-76.17134,45.01617],[-76.17382,45.01677],[-76.1777,45.02083],[-76.18007,45.0195],[-76.18858,45.01979],[-76.18862,45.01814],[-76.19043,45.01641],[-76.19203,45.01361],[-76.19217,45.01122],[-76.19301,45.01091],[-76.19049,45.00952],[-76.19098,45.00841],[-76.19488,45.00608],[-76.1946,45.0044],[-76.19635,45.00364],[-76.19767,45.00098],[-76.1987,45.00143],[-76.20077,45.00067],[-76.20323,45.00186],[-76.20509,45.00083],[-76.20426,44.99828],[-76.20206,44.99677],[-76.19985,44.99638],[-76.19905,44.99443],[-76.20122,44.99157],[-76.19916,44.9881],[-76.20094,44.98755],[-76.20334,44.98511],[-76.20293,44.98151],[-76.20532,44.982],[-76.20709,44.98068],[-76.20885,44.98063],[-76.21411,44.97494],[-76.21843,44.97303],[-76.21776,44.97193],[-76.22182,44.96898],[-76.22471,44.97171],[-76.22798,44.97033],[-76.22617,44.9695],[-76.22599,44.9666],[-76.22851,44.96419],[-76.22626,44.96423],[-76.22556,44.9636],[-76.2265,44.96254],[-76.22572,44.96095],[-76.22702,44.96033],[-76.22724,44.95822],[-76.22903,44.95718],[-76.22792,44.95554],[-76.23111,44.95277],[-76.23256,44.95463],[-76.23797,44.95211],[-76.24505,44.95383],[-76.24678,44.9519],[-76.24611,44.95071],[-76.24873,44.94996],[-76.25028,44.94734],[-76.25564,44.95164],[-76.25261,44.95428],[-76.24912,44.96074],[-76.24769,44.96131],[-76.24561,44.96435],[-76.2455,44.96537],[-76.24694,44.96642],[-76.24263,44.96856],[-76.24654,44.97049],[-76.24853,44.96933],[-76.25581,44.96971],[-76.25729,44.97091],[-76.25981,44.97057],[-76.26231,44.97201],[-76.26964,44.96994],[-76.26966,44.96841],[-76.27152,44.96722],[-76.27214,44.96886],[-76.27527,44.96837],[-76.27875,44.96619],[-76.27934,44.96442],[-76.28063,44.96408],[-76.28309,44.96622],[-76.28799,44.96356],[-76.28837,44.962],[-76.29036,44.96207],[-76.29613,44.96024],[-76.30159,44.95512],[-76.29989,44.95384],[-76.29994,44.95054],[-76.30356,44.94645],[-76.30351,44.94081],[-76.30609,44.93583],[-76.30831,44.93412],[-76.31273,44.93329],[-76.31298,44.93161],[-76.31934,44.92664],[-76.32015,44.92444],[-76.31898,44.92388],[-76.31971,44.91799],[-76.32445,44.91257],[-76.32933,44.90933],[-76.32914,44.90777],[-76.33153,44.90464],[-76.33116,44.90271],[-76.33284,44.90242],[-76.33451,44.90381],[-76.33656,44.9031],[-76.33995,44.89857],[-76.34443,44.89541],[-76.34504,44.89345],[-76.34298,44.89266],[-76.34439,44.89139],[-76.34378,44.88987],[-76.34579,44.88877],[-76.34854,44.89004],[-76.3502,44.88887],[-76.35317,44.88924],[-76.35573,44.88754],[-76.35916,44.89178],[-76.36117,44.89146],[-76.36213,44.89237],[-76.36343,44.89044],[-76.36626,44.89071],[-76.36734,44.89195],[-76.36653,44.89296],[-76.36859,44.89396],[-76.36999,44.89685],[-76.37182,44.89605],[-76.37269,44.89365],[-76.37403,44.89415],[-76.3747,44.89583],[-76.37738,44.89516],[-76.37697,44.89852],[-76.37578,44.89973],[-76.37636,44.90052],[-76.37137,44.90322],[-76.37184,44.90525],[-76.37026,44.90669],[-76.37083,44.90745],[-76.36586,44.91128],[-76.3653,44.91267],[-76.36817,44.91398],[-76.36719,44.9159],[-76.37173,44.91912],[-76.37567,44.91773],[-76.37987,44.92033],[-76.38408,44.91729],[-76.38576,44.91712],[-76.38637,44.91561],[-76.38569,44.91477],[-76.38701,44.91448],[-76.38847,44.91242],[-76.38742,44.91038],[-76.38807,44.90979],[-76.38917,44.91004],[-76.39017,44.90725],[-76.39234,44.90752],[-76.39595,44.9042],[-76.3958,44.9029],[-76.40298,44.89704],[-76.40509,44.89363],[-76.4049,44.89234],[-76.40806,44.89092],[-76.40866,44.88758],[-76.41093,44.88566],[-76.41467,44.88878],[-76.41874,44.88482],[-76.42213,44.88685],[-76.41998,44.88813],[-76.42098,44.88956],[-76.42267,44.88915],[-76.42423,44.88973],[-76.42744,44.88757],[-76.43396,44.89148],[-76.43543,44.89148],[-76.43499,44.88907],[-76.43273,44.88793],[-76.43249,44.88626],[-76.43361,44.88519],[-76.43283,44.88416],[-76.43484,44.88186],[-76.44087,44.88021],[-76.4413,44.87968],[-76.43933,44.87795],[-76.43992,44.87683],[-76.44277,44.87618],[-76.44695,44.87321],[-76.44979,44.87419],[-76.45093,44.87165],[-76.45448,44.86983],[-76.45345,44.86909],[-76.45519,44.86774],[-76.45413,44.86723],[-76.45459,44.86633],[-76.45726,44.86751],[-76.45971,44.86731],[-76.46075,44.8662],[-76.46064,44.86768],[-76.46258,44.86941],[-76.46327,44.86876],[-76.46524,44.86903],[-76.46705,44.86692],[-76.4686,44.86741],[-76.46883,44.86598],[-76.47074,44.86525],[-76.47052,44.86401],[-76.47472,44.86418],[-76.47663,44.86319],[-76.48003,44.86318],[-76.4833,44.86056],[-76.47902,44.85932],[-76.47748,44.8579],[-76.47832,44.85687],[-76.47933,44.85698],[-76.47921,44.85603],[-76.48095,44.85583],[-76.48283,44.85729],[-76.4856,44.85608],[-76.48685,44.85363],[-76.49411,44.85037],[-76.48962,44.84908],[-76.48889,44.84948],[-76.4876,44.84858],[-76.48344,44.84955],[-76.48351,44.84811],[-76.48602,44.84612],[-76.48601,44.84518],[-76.48493,44.84438],[-76.47923,44.84486],[-76.47967,44.84334],[-76.47805,44.84215],[-76.48107,44.84038],[-76.47519,44.83871],[-76.47661,44.83811],[-76.47677,44.83519],[-76.47859,44.83475],[-76.4797,44.83236],[-76.48107,44.83165],[-76.48244,44.83222],[-76.4851,44.83137],[-76.48659,44.83276],[-76.48918,44.83173],[-76.48904,44.83117],[-76.49312,44.82999],[-76.49552,44.8266],[-76.49724,44.82823],[-76.49963,44.8275],[-76.50004,44.82846],[-76.50193,44.82914],[-76.50515,44.82763],[-76.50654,44.82772],[-76.50793,44.82552],[-76.5092,44.82597],[-76.51194,44.82438],[-76.51446,44.82465],[-76.51611,44.82304],[-76.51986,44.82278],[-76.52532,44.81884],[-76.52531,44.81707],[-76.52307,44.81671],[-76.52242,44.8148],[-76.51681,44.81046],[-76.51608,44.80834],[-76.513,44.80683],[-76.51172,44.8073],[-76.51296,44.80488],[-76.51629,44.80242],[-76.51549,44.80084],[-76.5143,44.80076],[-76.51431,44.79911],[-76.51229,44.7988],[-76.51144,44.79781],[-76.51208,44.7971],[-76.51066,44.79658],[-76.51187,44.79512],[-76.515,44.79376],[-76.51752,44.79401],[-76.52016,44.79224],[-76.52497,44.7912],[-76.52849,44.78708],[-76.53183,44.78595],[-76.53264,44.78689],[-76.53542,44.7857],[-76.53738,44.78734],[-76.53552,44.79025],[-76.53733,44.79021],[-76.54003,44.79156],[-76.54167,44.79103],[-76.54321,44.79225],[-76.54044,44.79458],[-76.54262,44.79436],[-76.54483,44.7957],[-76.54648,44.79394],[-76.5492,44.79294],[-76.54942,44.79192],[-76.55422,44.79206],[-76.5576,44.79074],[-76.55804,44.79016],[-76.55609,44.78878],[-76.56075,44.78737],[-76.56344,44.78962],[-76.56565,44.78738],[-76.57272,44.78361],[-76.57529,44.785],[-76.5762,44.78343],[-76.57885,44.7818],[-76.57912,44.77983],[-76.58101,44.77862],[-76.58214,44.77917],[-76.58632,44.77864],[-76.58781,44.77717],[-76.58785,44.77557],[-76.59064,44.77501],[-76.59256,44.77317],[-76.59395,44.77294],[-76.59732,44.77408],[-76.59716,44.77232],[-76.602,44.77042],[-76.60401,44.77228],[-76.60549,44.77196],[-76.60602,44.77272],[-76.60742,44.77272],[-76.60861,44.7704],[-76.61018,44.77106],[-76.61226,44.77047],[-76.61545,44.76783],[-76.61419,44.76575],[-76.61537,44.76326],[-76.61292,44.76204],[-76.61188,44.76271],[-76.61193,44.76036],[-76.61376,44.75906],[-76.61564,44.75999],[-76.61871,44.7575],[-76.61898,44.75517],[-76.62084,44.75539],[-76.62061,44.7543],[-76.62303,44.75185],[-76.62673,44.75143],[-76.62732,44.75043],[-76.62895,44.75127],[-76.63179,44.75017],[-76.63296,44.75045],[-76.63282,44.75322],[-76.63465,44.75359],[-76.63741,44.75298],[-76.63809,44.75135],[-76.64181,44.75076],[-76.64194,44.74631],[-76.64479,44.74588],[-76.64588,44.74468],[-76.64537,44.74387],[-76.64833,44.74249],[-76.64763,44.74156],[-76.64882,44.74001],[-76.64783,44.73852],[-76.6533,44.73423],[-76.65242,44.73258],[-76.65361,44.72906],[-76.65519,44.7298],[-76.65677,44.72778],[-76.65897,44.72698],[-76.66074,44.72717],[-76.66294,44.72886],[-76.66578,44.72806],[-76.66765,44.72935],[-76.6689,44.72854],[-76.66817,44.72677],[-76.66962,44.72508],[-76.6681,44.7234],[-76.671,44.72208],[-76.67139,44.72101],[-76.67072,44.71943],[-76.66812,44.72077],[-76.66722,44.71903],[-76.66869,44.71692],[-76.66803,44.71556],[-76.66926,44.71448],[-76.66873,44.71354],[-76.67015,44.71307],[-76.66925,44.71198],[-76.67079,44.71118],[-76.67236,44.71178],[-76.67238,44.7143],[-76.67582,44.71795],[-76.67527,44.71908],[-76.67718,44.72093],[-76.67703,44.722],[-76.67849,44.72263],[-76.68116,44.72278],[-76.68505,44.72167],[-76.68701,44.72342],[-76.68814,44.722],[-76.69003,44.72317],[-76.69117,44.72159],[-76.69524,44.72135],[-76.69476,44.71885],[-76.69649,44.71306],[-76.70001,44.7134],[-76.70248,44.71207],[-76.70279,44.71279],[-76.70428,44.71297],[-76.70633,44.71116],[-76.71077,44.71302],[-76.70989,44.71438],[-76.71137,44.71547],[-76.71084,44.71706],[-76.71229,44.71786],[-76.71029,44.71931],[-76.7115,44.72121],[-76.71279,44.72127],[-76.71435,44.72255],[-76.72167,44.7197],[-76.72351,44.72026],[-76.72541,44.71916],[-76.73011,44.72059],[-76.73343,44.71977],[-76.73456,44.7206],[-76.73622,44.72051],[-76.739,44.71943],[-76.74169,44.72051],[-76.74297,44.72021],[-76.74505,44.72199],[-76.74643,44.71997],[-76.74846,44.72119],[-76.74927,44.72037],[-76.75413,44.72194],[-76.76046,44.71664],[-76.7604,44.71248],[-76.76459,44.71033],[-76.76405,44.70967],[-76.76625,44.70758],[-76.76431,44.70613],[-76.7644,44.70507],[-76.76678,44.70516],[-76.76995,44.70656],[-76.77455,44.70735],[-76.77513,44.71356],[-76.77806,44.71643],[-76.7788,44.71937],[-76.77778,44.72076],[-76.77947,44.72171],[-76.77747,44.72291],[-76.776,44.72519],[-76.77633,44.72674],[-76.77826,44.72731],[-76.7773,44.73032],[-76.78065,44.7306],[-76.7818,44.73293],[-76.78342,44.73396],[-76.78525,44.73312],[-76.78658,44.73371],[-76.78778,44.73298],[-76.78962,44.73309],[-76.78877,44.73128],[-76.78956,44.73036],[-76.79547,44.73147],[-76.79612,44.7307],[-76.79825,44.73039],[-76.80133,44.73161],[-76.80125,44.73317],[-76.80429,44.73358],[-76.8081,44.73165],[-76.80774,44.73064],[-76.80986,44.72924],[-76.81212,44.72866],[-76.81295,44.72896],[-76.81214,44.7302],[-76.81394,44.73135],[-76.81513,44.72993],[-76.81703,44.73103],[-76.81885,44.73087],[-76.82156,44.73196],[-76.82564,44.7304],[-76.82759,44.73085],[-76.83021,44.73024],[-76.83361,44.73195],[-76.83766,44.73018],[-76.83697,44.72931],[-76.83851,44.72609],[-76.84019,44.72587],[-76.84124,44.72377],[-76.84329,44.72358],[-76.8432,44.72225],[-76.8454,44.71947],[-76.84726,44.71851],[-76.84855,44.71546],[-76.85082,44.71446],[-76.85109,44.71239],[-76.85548,44.71063],[-76.85473,44.70889],[-76.85532,44.70617],[-76.8568,44.7056],[-76.8582,44.70675],[-76.86128,44.70714],[-76.86309,44.70832],[-76.86305,44.7068],[-76.86395,44.70637],[-76.87587,44.70286],[-76.87447,44.70157],[-76.8776,44.69992],[-76.8775,44.69835],[-76.88022,44.69823],[-76.88137,44.69716],[-76.88483,44.69771],[-76.88811,44.69576],[-76.88895,44.69422],[-76.88726,44.69366],[-76.89189,44.6884],[-76.89087,44.68665],[-76.89222,44.68525],[-76.89495,44.68544],[-76.89637,44.68635],[-76.89962,44.68625],[-76.90005,44.68836],[-76.90165,44.68796],[-76.90289,44.68603],[-76.90625,44.68546],[-76.90817,44.68377],[-76.90728,44.68134],[-76.90307,44.67883],[-76.90149,44.67896],[-76.89848,44.68117],[-76.89755,44.68092],[-76.89605,44.68294],[-76.89432,44.68176],[-76.8934,44.68193],[-76.89291,44.68085],[-76.89492,44.67955],[-76.89363,44.67855],[-76.89057,44.67935],[-76.88989,44.67867],[-76.88717,44.67923],[-76.88495,44.67831],[-76.88859,44.67374],[-76.8899,44.67355],[-76.89057,44.67428],[-76.89284,44.67216],[-76.89541,44.6725],[-76.89716,44.67153],[-76.89793,44.66902],[-76.89699,44.6665],[-76.89375,44.6644],[-76.8942,44.66305],[-76.89563,44.6623],[-76.89436,44.65944],[-76.89216,44.65712],[-76.88937,44.65667],[-76.88851,44.65583],[-76.89083,44.65116],[-76.8877,44.64981],[-76.88597,44.64774],[-76.88659,44.64626],[-76.88519,44.64536],[-76.88288,44.6464],[-76.88192,44.64813],[-76.87967,44.64829],[-76.87779,44.64657],[-76.86624,44.64368],[-76.86584,44.64472],[-76.86375,44.64489],[-76.86013,44.64717],[-76.85846,44.64695],[-76.85597,44.6479],[-76.85522,44.64863],[-76.85574,44.64999],[-76.85374,44.65148],[-76.85042,44.65154],[-76.84927,44.65034],[-76.8466,44.65106],[-76.84433,44.65405],[-76.84502,44.65521],[-76.84405,44.65588],[-76.83937,44.65485],[-76.83855,44.65532],[-76.8356,44.65372],[-76.83198,44.65415],[-76.831,44.65466],[-76.8321,44.65625],[-76.8296,44.65782],[-76.8278,44.65717],[-76.82705,44.65801],[-76.82727,44.66095],[-76.8244,44.66092],[-76.82124,44.66326],[-76.81933,44.6633],[-76.81835,44.66209],[-76.81418,44.66236],[-76.81427,44.65975],[-76.8104,44.6571],[-76.80668,44.65899],[-76.80433,44.65883],[-76.8045,44.65495],[-76.8058,44.65392],[-76.80886,44.65505],[-76.81161,44.6494],[-76.81105,44.64889],[-76.80941,44.64989],[-76.80762,44.64805],[-76.8053,44.64715],[-76.80419,44.64549],[-76.80309,44.64108],[-76.80657,44.63942],[-76.80926,44.63922],[-76.81146,44.63689],[-76.80583,44.63396],[-76.80418,44.63073],[-76.8003,44.63059],[-76.79977,44.63155],[-76.79782,44.63148],[-76.79688,44.63327],[-76.79501,44.6338],[-76.79291,44.6327],[-76.79035,44.6333],[-76.78801,44.63466],[-76.78772,44.63596],[-76.78301,44.6382],[-76.78334,44.63975],[-76.78147,44.64021],[-76.78009,44.63951],[-76.78194,44.63786],[-76.78264,44.63564],[-76.78017,44.63492],[-76.78342,44.6316],[-76.78348,44.63036],[-76.78569,44.629],[-76.78702,44.6266],[-76.78803,44.62648],[-76.78633,44.62407],[-76.78091,44.62434],[-76.77838,44.62535],[-76.77581,44.62486],[-76.77174,44.62625],[-76.77006,44.62598],[-76.76896,44.62637],[-76.76975,44.6275],[-76.76924,44.62953],[-76.76659,44.62799],[-76.76719,44.62597],[-76.76455,44.62651],[-76.76291,44.6259],[-76.76684,44.62234],[-76.76395,44.62287],[-76.76403,44.62109],[-76.76181,44.62101],[-76.76217,44.6183],[-76.75887,44.61848],[-76.75691,44.61987],[-76.75624,44.62171],[-76.75481,44.6215],[-76.75346,44.61891],[-76.74875,44.6201],[-76.74884,44.61934],[-76.74678,44.61789],[-76.74737,44.61749],[-76.74576,44.6169],[-76.74739,44.61595],[-76.7502,44.61581],[-76.75081,44.61654],[-76.75337,44.61617],[-76.75523,44.61485],[-76.75718,44.61502],[-76.75636,44.61379],[-76.75759,44.61304],[-76.7569,44.61206],[-76.7582,44.61141],[-76.75861,44.60995],[-76.76573,44.6069],[-76.76527,44.6048],[-76.75939,44.60617],[-76.75883,44.60482],[-76.76086,44.60217],[-76.75988,44.60117],[-76.75445,44.60276],[-76.75423,44.60388],[-76.75043,44.60429],[-76.74955,44.60504],[-76.74663,44.60478],[-76.74539,44.6056],[-76.74373,44.60495],[-76.74241,44.60598],[-76.74013,44.60632],[-76.73792,44.60522],[-76.73495,44.6095],[-76.73363,44.60841],[-76.73098,44.60885],[-76.73037,44.60846],[-76.73146,44.60702],[-76.72843,44.60657],[-76.72877,44.60534],[-76.7259,44.60243],[-76.72727,44.60045],[-76.72461,44.59935],[-76.72428,44.59706],[-76.72137,44.59745],[-76.71752,44.6006],[-76.7153,44.60003],[-76.71415,44.60066],[-76.71095,44.6003],[-76.70947,44.60186],[-76.71314,44.60554],[-76.71557,44.60679],[-76.71638,44.60873],[-76.71845,44.60943],[-76.71822,44.61021],[-76.71577,44.61037],[-76.71812,44.61166],[-76.71868,44.61371],[-76.71572,44.61513],[-76.71433,44.61372],[-76.70981,44.61539],[-76.70926,44.61444],[-76.70243,44.61109],[-76.70235,44.6099],[-76.69994,44.61058],[-76.6984,44.60876],[-76.69626,44.60805],[-76.69529,44.60871],[-76.69588,44.61012],[-76.69302,44.61215],[-76.69502,44.61433],[-76.69447,44.61648],[-76.69124,44.61624],[-76.69026,44.61748],[-76.69149,44.61846],[-76.6906,44.62039],[-76.69226,44.62211],[-76.69114,44.62279],[-76.68882,44.62236],[-76.68264,44.61952],[-76.68022,44.6203],[-76.68014,44.62223],[-76.67917,44.62266],[-76.68049,44.62524],[-76.67804,44.62653],[-76.67785,44.62745],[-76.6749,44.62849],[-76.67498,44.62708],[-76.67362,44.62606],[-76.66946,44.62596],[-76.6681,44.6247],[-76.66404,44.62595],[-76.66079,44.62503],[-76.65951,44.62376],[-76.65678,44.62429],[-76.6531,44.62357],[-76.65058,44.62067],[-76.64931,44.62166],[-76.64588,44.62073],[-76.64697,44.61953],[-76.65028,44.61923],[-76.65238,44.6174],[-76.653,44.61373],[-76.65818,44.61335],[-76.66217,44.6095],[-76.66351,44.60935],[-76.66301,44.60677],[-76.66636,44.60495],[-76.66565,44.60379],[-76.66646,44.60338],[-76.66614,44.60223],[-76.66722,44.60184],[-76.66555,44.59938],[-76.6682,44.59755],[-76.66684,44.59671],[-76.66742,44.59557],[-76.66635,44.59402],[-76.66199,44.59313],[-76.66107,44.59214],[-76.66371,44.59114],[-76.66435,44.58913],[-76.66947,44.58842],[-76.67092,44.58609],[-76.66911,44.5847],[-76.66661,44.58454],[-76.66498,44.58589],[-76.66065,44.5843],[-76.65916,44.58537],[-76.65606,44.58431],[-76.65451,44.58597],[-76.64983,44.5818],[-76.6538,44.58002],[-76.6528,44.57959],[-76.65305,44.57791],[-76.65218,44.57748],[-76.64878,44.57756],[-76.64333,44.58142],[-76.64123,44.58081],[-76.63864,44.58183],[-76.63934,44.58381],[-76.63742,44.58493],[-76.63844,44.58618],[-76.63755,44.58833],[-76.63939,44.58903],[-76.64068,44.59101],[-76.6372,44.59294],[-76.63526,44.59257],[-76.63302,44.59332],[-76.6308,44.59708],[-76.63119,44.59817],[-76.6332,44.59876],[-76.63517,44.59809],[-76.63775,44.59839],[-76.63776,44.59931],[-76.63431,44.60233],[-76.63077,44.60408],[-76.63047,44.60499],[-76.62955,44.60495],[-76.62977,44.60624],[-76.62827,44.60791],[-76.62851,44.61052],[-76.62756,44.61084],[-76.62654,44.6101],[-76.6251,44.61117],[-76.62562,44.6123],[-76.62279,44.61566],[-76.62257,44.61766],[-76.61962,44.61566],[-76.61672,44.61595],[-76.61463,44.61509],[-76.61327,44.61598],[-76.61284,44.61424],[-76.61107,44.61408],[-76.61016,44.61475],[-76.61004,44.61691],[-76.60779,44.6183],[-76.60675,44.61813],[-76.60608,44.61912],[-76.60282,44.61972],[-76.60082,44.62182],[-76.59639,44.62267],[-76.59324,44.62562],[-76.58721,44.62652],[-76.5834,44.62518],[-76.58218,44.62777],[-76.57997,44.62932],[-76.57536,44.62723],[-76.57443,44.62354],[-76.57147,44.6223],[-76.56936,44.62211],[-76.56923,44.62308],[-76.56623,44.62418],[-76.56457,44.62447],[-76.56392,44.62379],[-76.57037,44.61658],[-76.57225,44.61623],[-76.57466,44.6137],[-76.5665,44.61049],[-76.56516,44.61118],[-76.56401,44.61057],[-76.5607,44.61645],[-76.55626,44.6172],[-76.55431,44.6186],[-76.55428,44.62005],[-76.54959,44.62207],[-76.54783,44.62389],[-76.54637,44.62409],[-76.5445,44.62211],[-76.54027,44.62284],[-76.53944,44.62193],[-76.53314,44.62101],[-76.52793,44.62749],[-76.5259,44.62606],[-76.52402,44.62653],[-76.52347,44.62485],[-76.52196,44.62412],[-76.51775,44.62412],[-76.51472,44.62144],[-76.51121,44.62178],[-76.50979,44.61924],[-76.50227,44.62147],[-76.49925,44.62048],[-76.50724,44.6183],[-76.50595,44.61674],[-76.50656,44.61534],[-76.50437,44.61461],[-76.50046,44.61501],[-76.4989,44.61429],[-76.50112,44.61273],[-76.49926,44.61128],[-76.49355,44.61154],[-76.49309,44.61339],[-76.49067,44.61372],[-76.49015,44.61534],[-76.48608,44.615],[-76.48466,44.6123],[-76.48588,44.61095],[-76.48494,44.60848],[-76.48398,44.6108],[-76.48126,44.61084],[-76.47981,44.61327],[-76.48024,44.61753],[-76.47975,44.61807],[-76.47878,44.6177],[-76.47863,44.61849],[-76.47979,44.61972],[-76.47889,44.62069],[-76.48016,44.62147],[-76.48026,44.62338],[-76.47847,44.62471],[-76.4797,44.62626],[-76.47737,44.62744],[-76.47746,44.62917],[-76.47342,44.6314],[-76.46796,44.62911],[-76.46613,44.63272],[-76.46474,44.63302],[-76.46453,44.63428],[-76.46266,44.63529],[-76.46319,44.63737],[-76.46068,44.64135],[-76.45421,44.64442],[-76.45302,44.64637],[-76.4495,44.64692],[-76.44648,44.64489],[-76.44509,44.64479],[-76.44075,44.64772],[-76.43495,44.6501],[-76.43272,44.65299],[-76.43528,44.6551],[-76.43464,44.6594],[-76.43551,44.66093],[-76.43508,44.66343],[-76.4331,44.66437],[-76.43027,44.66292],[-76.42385,44.66361],[-76.42214,44.66181],[-76.41729,44.66228],[-76.41505,44.66365],[-76.41409,44.66325],[-76.41369,44.66145],[-76.41516,44.65961],[-76.40931,44.65566],[-76.40404,44.65301],[-76.40321,44.65329],[-76.40148,44.65159],[-76.39933,44.651],[-76.39467,44.65307],[-76.38948,44.65196],[-76.38765,44.65029],[-76.38843,44.64862],[-76.38497,44.64647],[-76.38494,44.64524],[-76.38296,44.64337],[-76.38447,44.64201],[-76.37984,44.63979],[-76.37601,44.64113],[-76.37428,44.64049],[-76.37224,44.64147],[-76.36929,44.63958],[-76.36504,44.6409],[-76.35969,44.64078],[-76.35701,44.64303],[-76.35654,44.64459],[-76.35439,44.64408],[-76.35284,44.64459],[-76.35051,44.64383],[-76.34747,44.64748],[-76.34499,44.64854],[-76.34326,44.64798],[-76.33967,44.64943],[-76.3341,44.6459],[-76.32767,44.64927],[-76.31897,44.64979],[-76.3171,44.65414],[-76.31508,44.65383],[-76.31203,44.65603],[-76.31059,44.65521],[-76.3097,44.65723],[-76.30205,44.66123],[-76.30346,44.66269],[-76.30638,44.66297],[-76.30603,44.66385],[-76.30737,44.66558],[-76.30637,44.66805],[-76.30346,44.66825],[-76.30154,44.67078],[-76.29929,44.6721],[-76.29766,44.67258],[-76.29589,44.6713],[-76.28948,44.67337],[-76.28606,44.67326],[-76.28436,44.67244],[-76.27941,44.6781],[-76.27923,44.67697],[-76.27575,44.6755],[-76.2755,44.67377],[-76.27021,44.67067],[-76.26748,44.67174],[-76.26614,44.6708],[-76.26394,44.6715],[-76.26127,44.67363],[-76.26118,44.67975],[-76.2554,44.68226],[-76.25645,44.68355],[-76.26023,44.68431],[-76.26041,44.68764],[-76.25761,44.68933],[-76.25767,44.69338],[-76.25924,44.69794],[-76.25165,44.70363],[-76.24909,44.7037],[-76.2477,44.70491],[-76.24655,44.70339],[-76.24995,44.69993],[-76.24585,44.69952],[-76.23979,44.69616],[-76.24043,44.69129],[-76.23197,44.69322],[-76.2298,44.69033],[-76.22427,44.68935],[-76.21626,44.69444],[-76.21487,44.69406],[-76.21219,44.69512],[-76.20945,44.69533],[-76.2061,44.69182],[-76.20331,44.69067],[-76.2022,44.69072],[-76.19851,44.69337],[-76.19814,44.69179],[-76.20262,44.68826],[-76.2,44.68667],[-76.19696,44.68644],[-76.19358,44.68404],[-76.19182,44.68481],[-76.18929,44.68334],[-76.18633,44.68399],[-76.1833,44.68363],[-76.18151,44.68273],[-76.18212,44.68107],[-76.17879,44.67887],[-76.17473,44.67911],[-76.17292,44.67737],[-76.17114,44.67819],[-76.16857,44.67789],[-76.16811,44.68047],[-76.16368,44.68318],[-76.1604,44.68223],[-76.15996,44.68147],[-76.15747,44.68185],[-76.15469,44.68354],[-76.1555,44.68652],[-76.1477,44.69073],[-76.14741,44.69234],[-76.14972,44.69321],[-76.15071,44.69495],[-76.15265,44.69596],[-76.15188,44.69725],[-76.15649,44.69862],[-76.15892,44.70125],[-76.16248,44.70104],[-76.16488,44.69942],[-76.16588,44.70011],[-76.16494,44.7019],[-76.16576,44.70262],[-76.16829,44.70352],[-76.17111,44.70235],[-76.17072,44.70419],[-76.17152,44.70516],[-76.17067,44.70644],[-76.16868,44.70808],[-76.16678,44.70811],[-76.16563,44.70729],[-76.16384,44.70807],[-76.16167,44.70758],[-76.15736,44.71104],[-76.15439,44.7149],[-76.1546,44.71696],[-76.15071,44.7199],[-76.14779,44.71851],[-76.1466,44.71911],[-76.14145,44.71903],[-76.14078,44.72289],[-76.14223,44.72363],[-76.14202,44.72516],[-76.13964,44.72763],[-76.13524,44.72985],[-76.13508,44.73391],[-76.12895,44.73866],[-76.13158,44.74084],[-76.13213,44.7433],[-76.13121,44.74394],[-76.1246,44.74372],[-76.12199,44.7447],[-76.11985,44.74713],[-76.11776,44.74595],[-76.11349,44.7461],[-76.11251,44.74517],[-76.11633,44.74109],[-76.11544,44.74016],[-76.11673,44.73601],[-76.11533,44.73526],[-76.11325,44.73621],[-76.11097,44.73525],[-76.10912,44.73595],[-76.1064,44.73566],[-76.10419,44.73693],[-76.10239,44.7363],[-76.10001,44.7336],[-76.09452,44.73559],[-76.09311,44.7331],[-76.08915,44.73249],[-76.08687,44.73381],[-76.08305,44.7344],[-76.08068,44.73397],[-76.07934,44.73271],[-76.08013,44.72823],[-76.08277,44.72633],[-76.08331,44.72324],[-76.08433,44.72221],[-76.08574,44.72239],[-76.08834,44.71949],[-76.08752,44.71872],[-76.08779,44.71713],[-76.08679,44.71618],[-76.08508,44.71603],[-76.08289,44.71321],[-76.08574,44.70888],[-76.08252,44.70658],[-76.08502,44.70367],[-76.08256,44.70191],[-76.08263,44.70013],[-76.08452,44.69837],[-76.08682,44.69833],[-76.08823,44.69988],[-76.0894,44.69923],[-76.09018,44.69725],[-76.08916,44.69614],[-76.09043,44.69589],[-76.09158,44.69213],[-76.09421,44.68945],[-76.09343,44.68829],[-76.08987,44.68702],[-76.08797,44.68545],[-76.08458,44.68703],[-76.08358,44.68654],[-76.07909,44.68682],[-76.07607,44.68383],[-76.07252,44.6833],[-76.0713,44.68118],[-76.07472,44.67823],[-76.0747,44.67626],[-76.07331,44.6742],[-76.07666,44.67175],[-76.07386,44.66981],[-76.06783,44.67496],[-76.06329,44.67288],[-76.05956,44.6742],[-76.05655,44.67721],[-76.05313,44.67794],[-76.05342,44.68069],[-76.05076,44.68201],[-76.05043,44.68342],[-76.0461,44.68703],[-76.04148,44.68684],[-76.04023,44.68739],[-76.03884,44.68682],[-76.03285,44.69293],[-76.02879,44.69484],[-76.02548,44.6938],[-76.02489,44.69296],[-76.02347,44.69317],[-76.01718,44.7026],[-76.01805,44.70498],[-76.0148,44.71028],[-76.0119,44.71033],[-76.01152,44.70811],[-76.00981,44.70788],[-76.00804,44.70655],[-76.00969,44.70389],[-76.00785,44.70265],[-76.00601,44.703],[-76.00416,44.70243],[-76.00269,44.70071],[-76.00115,44.69966],[-75.99988,44.69979],[-75.99888,44.69862],[-75.99675,44.69989],[-75.99425,44.69975],[-75.99297,44.70253],[-75.98907,44.70476],[-75.98831,44.7039],[-75.98398,44.70309],[-75.98168,44.70082],[-75.98181,44.6994],[-75.97339,44.69921],[-75.97487,44.69625],[-75.974,44.69207],[-75.97045,44.69131],[-75.97096,44.68912],[-75.96952,44.68814],[-75.96783,44.6881],[-75.96519,44.68492],[-75.96409,44.68421],[-75.96233,44.68434],[-75.96142,44.68305],[-75.95802,44.68629],[-75.95349,44.68811],[-75.94951,44.68581],[-75.95072,44.68442],[-75.94542,44.68452],[-75.94401,44.68524],[-75.94532,44.68989],[-75.93754,44.69465],[-75.935,44.69519],[-75.93183,44.69438],[-75.93348,44.69787],[-75.93261,44.69899],[-75.93034,44.69862],[-75.92842,44.69962],[-75.92917,44.70246],[-75.92835,44.70461],[-75.92242,44.70558],[-75.92054,44.70493],[-75.91922,44.70813],[-75.91704,44.70923],[-75.91053,44.70921],[-75.90952,44.71028],[-75.90732,44.70916],[-75.90506,44.70927],[-75.90034,44.71322],[-75.8981,44.71695],[-75.89992,44.71835],[-75.90189,44.71819],[-75.90353,44.71994],[-75.90081,44.72283],[-75.89579,44.72175],[-75.89436,44.72247],[-75.89119,44.72239],[-75.89065,44.72038],[-75.88661,44.72098],[-75.88157,44.71961],[-75.87849,44.71959],[-75.87646,44.72107],[-75.87194,44.72148],[-75.87031,44.71908],[-75.86668,44.71765],[-75.86802,44.71575],[-75.86624,44.71397],[-75.86715,44.713],[-75.86613,44.71194],[-75.86726,44.71113],[-75.86643,44.71017],[-75.87102,44.70924],[-75.87201,44.70764],[-75.87428,44.70694],[-75.8754,44.70442],[-75.87686,44.70486],[-75.8785,44.70359],[-75.87719,44.70147],[-75.87949,44.70079],[-75.87739,44.69918],[-75.87941,44.69696],[-75.87683,44.69568],[-75.8747,44.69341],[-75.86919,44.69208],[-75.86963,44.68526],[-75.87227,44.6797],[-75.87162,44.67851],[-75.86936,44.67749],[-75.87006,44.67621],[-75.86921,44.67503],[-75.87041,44.67318],[-75.86964,44.67191],[-75.87208,44.67093],[-75.87313,44.66858],[-75.87516,44.66824],[-75.87555,44.66699],[-75.87917,44.66615],[-75.88052,44.6632],[-75.88252,44.66157],[-75.88633,44.66177],[-75.88719,44.66111],[-75.88261,44.66061],[-75.87274,44.65246],[-75.87164,44.65101],[-75.87182,44.649],[-75.87269,44.64569],[-75.8753,44.64254],[-75.87737,44.6408],[-75.88313,44.63848],[-75.88313,44.63662],[-75.88482,44.63506],[-75.88471,44.63086],[-75.88291,44.62864],[-75.88544,44.62477],[-75.88374,44.61983],[-75.88342,44.61525],[-75.88355,44.61331],[-75.88634,44.61092],[-75.88706,44.60752],[-75.88572,44.60626],[-75.88325,44.60775],[-75.881,44.60772],[-75.88071,44.60886],[-75.87748,44.6104],[-75.87078,44.61123],[-75.86509,44.61691],[-75.86309,44.61785],[-75.85886,44.62277],[-75.85666,44.62876],[-75.85697,44.63001],[-75.85434,44.63169],[-75.85327,44.63383],[-75.85172,44.63445],[-75.85065,44.63378],[-75.85128,44.63579],[-75.84705,44.64056],[-75.84695,44.64277],[-75.8416,44.64794],[-75.83477,44.64726],[-75.83416,44.649],[-75.82951,44.65208],[-75.83005,44.65374],[-75.82682,44.65516],[-75.82608,44.65716],[-75.82334,44.6592],[-75.82275,44.66131],[-75.82091,44.66267],[-75.81908,44.66269],[-75.81673,44.66141],[-75.81183,44.66491],[-75.80853,44.6648],[-75.80852,44.66963],[-75.80543,44.67057],[-75.80691,44.6742],[-75.80596,44.67447],[-75.80559,44.67822],[-75.80365,44.67888],[-75.80265,44.68029],[-75.79697,44.67956],[-75.79497,44.68114],[-75.79595,44.68368],[-75.79498,44.68545],[-75.7876,44.68539],[-75.7865,44.68222],[-75.78757,44.68063],[-75.78569,44.67885],[-75.78421,44.6791],[-75.77921,44.67258],[-75.7793,44.66628],[-75.77685,44.66479],[-75.77495,44.66023],[-75.77239,44.66077],[-75.77125,44.65888],[-75.76925,44.66006],[-75.76714,44.65886],[-75.76416,44.66036],[-75.76354,44.66193],[-75.7651,44.66685],[-75.76393,44.66913],[-75.76276,44.66919],[-75.76011,44.66696],[-75.75804,44.66631],[-75.75261,44.66688],[-75.75221,44.66921],[-75.74879,44.66982],[-75.74717,44.67099],[-75.74666,44.67215],[-75.74765,44.67389],[-75.74667,44.67496],[-75.74095,44.674],[-75.7379,44.67656],[-75.73435,44.67674],[-75.73236,44.67853],[-75.73383,44.68101],[-75.72877,44.68051],[-75.7259,44.67911],[-75.72514,44.68482],[-75.72411,44.68539],[-75.72273,44.6917],[-75.71984,44.69232],[-75.71936,44.69318],[-75.71781,44.69298],[-75.71657,44.69514],[-75.71746,44.69688],[-75.71572,44.69849],[-75.7199,44.70409],[-75.72153,44.70499],[-75.72151,44.70593],[-75.72007,44.70666],[-75.7214,44.70828],[-75.72085,44.70915],[-75.72157,44.70987],[-75.72055,44.71081],[-75.72207,44.71186],[-75.72096,44.71244],[-75.71941,44.71204],[-75.71894,44.71287],[-75.727,44.72022],[-75.73004,44.72046],[-75.72903,44.7231],[-75.72636,44.72456],[-75.72787,44.72555],[-75.72727,44.728],[-75.72942,44.72869],[-75.73358,44.72804],[-75.73437,44.72907],[-75.73567,44.72914],[-75.73518,44.72989],[-75.7362,44.73081],[-75.73331,44.73347],[-75.73327,44.73552],[-75.73153,44.73852],[-75.72939,44.73771],[-75.72522,44.73988],[-75.72468,44.74549],[-75.72039,44.74855],[-75.7184,44.75404],[-75.71961,44.75544],[-75.71743,44.75757],[-75.71746,44.75909],[-75.70913,44.76202],[-75.70449,44.76122],[-75.70446,44.76283],[-75.70062,44.76476],[-75.69592,44.76398],[-75.69373,44.76258],[-75.69231,44.7649],[-75.68911,44.76474],[-75.68761,44.7673],[-75.68908,44.76887],[-75.6887,44.77111],[-75.68959,44.77168],[-75.68694,44.77245],[-75.68598,44.77547],[-75.68256,44.77537],[-75.68065,44.77694],[-75.67939,44.77383],[-75.67786,44.77405],[-75.67475,44.77278],[-75.67229,44.77343],[-75.66805,44.77654],[-75.66988,44.77935],[-75.66689,44.78134],[-75.66866,44.78506],[-75.66824,44.78623],[-75.66658,44.78679],[-75.66794,44.78776],[-75.66741,44.79059],[-75.66961,44.7942],[-75.67208,44.79526],[-75.67424,44.79903],[-75.67311,44.8],[-75.67349,44.80086],[-75.67023,44.80252],[-75.67013,44.80383],[-75.66849,44.80539],[-75.66444,44.8074],[-75.67036,44.80941],[-75.67048,44.811],[-75.66833,44.81218],[-75.66833,44.81422],[-75.66639,44.81457],[-75.66672,44.81665],[-75.66585,44.81792],[-75.66395,44.81825],[-75.66358,44.81934],[-75.66031,44.82097],[-75.66123,44.8225],[-75.66078,44.82437],[-75.65808,44.82629],[-75.65729,44.82989],[-75.65277,44.83007],[-75.65299,44.83263],[-75.64944,44.83301],[-75.64703,44.83458],[-75.64852,44.83673],[-75.64819,44.83787],[-75.65104,44.84003],[-75.65442,44.84435],[-75.65357,44.84551],[-75.65388,44.84955],[-75.65503,44.85165],[-75.65356,44.85269],[-75.65314,44.85436],[-75.64983,44.85494],[-75.6509,44.85644],[-75.64908,44.85868],[-75.64634,44.85927],[-75.64201,44.85794],[-75.64278,44.86016],[-75.64781,44.86587],[-75.64798,44.86784],[-75.64638,44.86948],[-75.64417,44.86951],[-75.64306,44.87112],[-75.64108,44.87014],[-75.63885,44.87132],[-75.63798,44.87348],[-75.63929,44.8749],[-75.63888,44.87649],[-75.6401,44.87729],[-75.63789,44.8778],[-75.63561,44.88013],[-75.63578,44.88119],[-75.63862,44.88244],[-75.63533,44.88529],[-75.6359,44.88781],[-75.63463,44.88763],[-75.63335,44.8886],[-75.63114,44.88839],[-75.63047,44.88984],[-75.63341,44.89161],[-75.6346,44.89383],[-75.63434,44.89541],[-75.6323,44.89595],[-75.63219,44.89723],[-75.63781,44.90023],[-75.63769,44.90448],[-75.64004,44.90679],[-75.64005,44.90828],[-75.64376,44.90936],[-75.64459,44.91189],[-75.64709,44.91377],[-75.6463,44.91709],[-75.65014,44.92217],[-75.64972,44.92385],[-75.64734,44.92446],[-75.64323,44.92753],[-75.64369,44.92949],[-75.64015,44.93431],[-75.64074,44.93659],[-75.63429,44.9403],[-75.63438,44.94398],[-75.63122,44.94796],[-75.63167,44.95081],[-75.63095,44.9519],[-75.63171,44.95287],[-75.62998,44.95444],[-75.63133,44.95636],[-75.63041,44.95759],[-75.63229,44.95838],[-75.62998,44.95941],[-75.63073,44.96044],[-75.62929,44.96142],[-75.6296,44.96349],[-75.63194,44.96411],[-75.63053,44.96516],[-75.63059,44.9684],[-75.62778,44.97068],[-75.62836,44.97201],[-75.6263,44.97388],[-75.62223,44.97428],[-75.61862,44.97835],[-75.61619,44.97814],[-75.61326,44.97634],[-75.61163,44.97797],[-75.61103,44.98023],[-75.60732,44.98143],[-75.60802,44.98303],[-75.60727,44.98431],[-75.60469,44.98342],[-75.60348,44.98442],[-75.60079,44.98486],[-75.59653,44.98805],[-75.59421,44.99099],[-75.59525,44.99703],[-75.59391,44.9976],[-75.59137,44.99498],[-75.58782,44.9956],[-75.58822,44.99734],[-75.59007,44.99841],[-75.5882,45.00171],[-75.58723,45.00234],[-75.58574,45.00177],[-75.58499,45.00259],[-75.58458,45.00633],[-75.58326,45.00746],[-75.5831,45.00918],[-75.57854,45.00916],[-75.57705,45.01058],[-75.57279,45.01089],[-75.56785,45.01046],[-75.56384,45.00845],[-75.55865,45.00851],[-75.55737,45.01067],[-75.55839,45.0137],[-75.55201,45.01697],[-75.55205,45.01926],[-75.55327,45.02085],[-75.55139,45.02245],[-75.55212,45.02448],[-75.5503,45.02439],[-75.55003,45.02346],[-75.54867,45.02336],[-75.54623,45.02514],[-75.54742,45.02706],[-75.54624,45.02967],[-75.547,45.03091],[-75.5448,45.03417],[-75.54602,45.03506],[-75.54773,45.03383],[-75.55133,45.03325],[-75.55974,45.03714],[-75.56706,45.03695],[-75.5686,45.03748],[-75.56966,45.03689],[-75.5721,45.03756],[-75.57391,45.03525],[-75.57752,45.0344],[-75.57927,45.03643],[-75.58094,45.03554],[-75.58331,45.03682],[-75.5801,45.03863],[-75.584,45.04271],[-75.57677,45.04601],[-75.5728,45.05141],[-75.5696,45.05091],[-75.56834,45.05305],[-75.57022,45.05617],[-75.55635,45.06132],[-75.55671,45.06367],[-75.5521,45.06675],[-75.5499,45.07023],[-75.54722,45.07102],[-75.54756,45.07304],[-75.54841,45.07384],[-75.55226,45.07411],[-75.56468,45.07322],[-75.56616,45.07193],[-75.56645,45.07017],[-75.57099,45.07156],[-75.57346,45.07032],[-75.57505,45.07114],[-75.57607,45.07329],[-75.57531,45.07406],[-75.57662,45.07455],[-75.57684,45.07584],[-75.57287,45.0764],[-75.57193,45.07788],[-75.56949,45.07855],[-75.5702,45.07946],[-75.56959,45.08063],[-75.56593,45.0808],[-75.56481,45.08161],[-75.56423,45.08456],[-75.56558,45.08628],[-75.56476,45.0882],[-75.56887,45.08818],[-75.56976,45.08972],[-75.5643,45.09271],[-75.56409,45.09491],[-75.56615,45.09612],[-75.56286,45.10078],[-75.55821,45.10475],[-75.56159,45.10593],[-75.56278,45.10461],[-75.56746,45.10323],[-75.56862,45.1036],[-75.57319,45.10273],[-75.5791,45.10409],[-75.58048,45.10581],[-75.58516,45.10463],[-75.58572,45.11507],[-75.58809,45.11606],[-75.58775,45.11762],[-75.58658,45.11819],[-75.59011,45.12059],[-75.59127,45.11958],[-75.59492,45.11864],[-75.60074,45.11897],[-75.60452,45.12251],[-75.60789,45.12253],[-75.60877,45.12347],[-75.61003,45.12338],[-75.60956,45.12825],[-75.61097,45.13111],[-75.6129,45.13236],[-75.61169,45.13428],[-75.60945,45.13414],[-75.60895,45.13495],[-75.60999,45.13845],[-75.60888,45.14084],[-75.60894,45.14427],[-75.60675,45.14524],[-75.60515,45.14445],[-75.6032,45.1415],[-75.6014,45.14258],[-75.60002,45.14188],[-75.59989,45.14052],[-75.59818,45.14049],[-75.59707,45.14132],[-75.59602,45.14511],[-75.59155,45.14748],[-75.59227,45.14968],[-75.59023,45.15111],[-75.58245,45.15212],[-75.58166,45.15439],[-75.58417,45.15572],[-75.58313,45.15639],[-75.58345,45.15765],[-75.57888,45.16081],[-75.57477,45.16116],[-75.57056,45.16294],[-75.57352,45.16711],[-75.5761,45.16526],[-75.57778,45.16538],[-75.58047,45.16708],[-75.58218,45.17818],[-75.58369,45.17918],[-75.58614,45.17892],[-75.58751,45.17968],[-75.59227,45.17756],[-75.59447,45.17901],[-75.597,45.17833],[-75.59879,45.18059],[-75.59847,45.18663],[-75.60488,45.18714],[-75.60347,45.18849],[-75.5993,45.18903],[-75.59569,45.19094],[-75.59688,45.19329],[-75.59885,45.19272],[-75.59981,45.19342],[-75.59895,45.19546],[-75.60294,45.19701],[-75.60329,45.19894],[-75.60537,45.20096],[-75.60568,45.20439],[-75.60398,45.20578],[-75.60415,45.20905],[-75.60662,45.21269],[-75.61223,45.21553],[-75.61628,45.21511],[-75.6192,45.21758],[-75.61734,45.21861],[-75.61729,45.2203],[-75.61901,45.22206],[-75.61889,45.22375],[-75.61667,45.22646],[-75.61801,45.22776],[-75.61572,45.22963],[-75.61508,45.23072],[-75.61578,45.23173],[-75.61342,45.23411],[-75.6154,45.23525],[-75.61729,45.23492],[-75.62179,45.23665],[-75.62493,45.24051],[-75.62331,45.24528],[-75.62063,45.24582],[-75.62082,45.24828],[-75.61975,45.24853],[-75.62382,45.25502],[-75.62316,45.25665],[-75.62032,45.2577],[-75.61712,45.25446],[-75.61817,45.25258],[-75.61566,45.25165],[-75.60833,45.25645],[-75.60442,45.25409],[-75.60075,45.25459],[-75.60057,45.25322],[-75.59629,45.25203],[-75.59565,45.25697],[-75.60078,45.25842],[-75.60168,45.25936],[-75.60574,45.25858],[-75.60892,45.26096],[-75.60924,45.26287],[-75.59789,45.26312],[-75.59598,45.26553],[-75.5927,45.26471],[-75.59124,45.26349],[-75.5862,45.26473],[-75.58556,45.26406],[-75.58154,45.26419],[-75.58045,45.26721],[-75.58274,45.26813],[-75.5851,45.27066],[-75.58404,45.27159],[-75.58424,45.27339],[-75.57913,45.27445],[-75.57873,45.27726],[-75.58358,45.27732],[-75.58595,45.27825],[-75.58567,45.28136],[-75.5875,45.28094],[-75.5876,45.28208],[-75.58877,45.28199],[-75.59022,45.28299],[-75.59046,45.28367],[-75.58837,45.28549],[-75.59319,45.29116],[-75.59814,45.28905],[-75.60122,45.29166],[-75.60727,45.29207],[-75.60931,45.29403],[-75.60901,45.29519],[-75.6102,45.29666],[-75.61992,45.29994],[-75.62105,45.2992],[-75.62302,45.29945],[-75.62663,45.30216],[-75.63464,45.30468],[-75.63478,45.30693],[-75.63644,45.30883],[-75.63967,45.30755],[-75.644,45.30944],[-75.64588,45.30946],[-75.65312,45.31404],[-75.65313,45.31699],[-75.65588,45.31671],[-75.65883,45.32106],[-75.65597,45.32466],[-75.6545,45.32431],[-75.6478,45.326],[-75.64068,45.3238],[-75.63807,45.32483],[-75.63721,45.32774],[-75.63567,45.32755],[-75.63342,45.32912],[-75.62958,45.33021],[-75.62833,45.3292],[-75.62459,45.33116],[-75.61955,45.33123],[-75.61598,45.33317],[-75.61403,45.33318],[-75.61798,45.33762],[-75.61627,45.339],[-75.61592,45.34063],[-75.61934,45.34167],[-75.62158,45.34329],[-75.62273,45.34483],[-75.62168,45.34571],[-75.62472,45.3489],[-75.62432,45.34999],[-75.62901,45.35053],[-75.62992,45.35207],[-75.63226,45.35168],[-75.63137,45.35324],[-75.62343,45.35634],[-75.62362,45.35788],[-75.62509,45.35888],[-75.62439,45.35924],[-75.61879,45.35636],[-75.61359,45.35669],[-75.6137,45.3556],[-75.61196,45.35467],[-75.60992,45.35487],[-75.60905,45.35588],[-75.60608,45.3547],[-75.60393,45.35511],[-75.59975,45.35171],[-75.5973,45.35117],[-75.58986,45.35285],[-75.5864,45.35196],[-75.58578,45.3516],[-75.58684,45.34943],[-75.58578,45.34851],[-75.57867,45.3462],[-75.57563,45.3465],[-75.57348,45.34788],[-75.57277,45.34698],[-75.57135,45.34727],[-75.56739,45.34498],[-75.56249,45.34738],[-75.56127,45.34732],[-75.56207,45.34299],[-75.56062,45.34233],[-75.55793,45.34323],[-75.55784,45.3413],[-75.55468,45.34244],[-75.55523,45.34431],[-75.55433,45.34493],[-75.55293,45.34455],[-75.54121,45.34773],[-75.5393,45.34964],[-75.53969,45.35083],[-75.53617,45.35196],[-75.53442,45.35157],[-75.534,45.35314],[-75.53122,45.35402],[-75.53212,45.35663],[-75.52968,45.3588],[-75.53138,45.36028],[-75.52992,45.36166],[-75.53274,45.36129],[-75.53487,45.36258],[-75.53233,45.36462],[-75.53087,45.36482],[-75.52929,45.36837],[-75.52635,45.36915],[-75.52663,45.37112],[-75.526,45.37255],[-75.52367,45.37412],[-75.5234,45.37655],[-75.52841,45.37821],[-75.5287,45.37997],[-75.53152,45.38113],[-75.53406,45.38108],[-75.53436,45.38263],[-75.53604,45.38195],[-75.53718,45.38244],[-75.53566,45.3856],[-75.53865,45.38809],[-75.53813,45.38949],[-75.53072,45.39177],[-75.52836,45.39155],[-75.5259,45.39338],[-75.52436,45.39302],[-75.52368,45.39371],[-75.52427,45.39465],[-75.52262,45.39521],[-75.51732,45.39473],[-75.51623,45.39595],[-75.51068,45.39396],[-75.50588,45.39493],[-75.50396,45.39412],[-75.50365,45.39319],[-75.50141,45.39339],[-75.50065,45.39732],[-75.4963,45.39791],[-75.49438,45.39922],[-75.49043,45.39937],[-75.48899,45.40039],[-75.49061,45.41073],[-75.49302,45.41236],[-75.50289,45.41311],[-75.51086,45.42056],[-75.51026,45.42129],[-75.49887,45.41992],[-75.49789,45.42032],[-75.49742,45.42213],[-75.49811,45.42314],[-75.50033,45.42336],[-75.50371,45.42499],[-75.50385,45.42755],[-75.50172,45.42769],[-75.50036,45.42866],[-75.50163,45.42986],[-75.5013,45.43431],[-75.50217,45.43548],[-75.50112,45.43737],[-75.5002,45.43737],[-75.49971,45.44002],[-75.50099,45.44087],[-75.5067,45.44097],[-75.51144,45.44828],[-75.51329,45.44959],[-75.51277,45.45034],[-75.51109,45.45091],[-75.50537,45.45061],[-75.503,45.45255],[-75.49591,45.45455],[-75.49198,45.45109],[-75.49036,45.45207],[-75.4902,45.45433],[-75.48658,45.45409],[-75.4844,45.45487],[-75.48454,45.45359],[-75.4831,45.45452],[-75.4814,45.45407],[-75.4801,45.45545],[-75.47863,45.45573],[-75.47733,45.45896],[-75.47575,45.4575],[-75.47123,45.45614],[-75.46853,45.45627],[-75.46277,45.45804],[-75.46139,45.45722],[-75.46107,45.45554],[-75.45805,45.45559],[-75.45737,45.45383],[-75.45548,45.45398],[-75.45514,45.45252],[-75.45391,45.4526],[-75.45337,45.45526],[-75.44976,45.45487],[-75.44577,45.45582],[-75.4453,45.45351],[-75.44319,45.45083],[-75.44433,45.44996],[-75.44255,45.44958],[-75.44011,45.44548],[-75.43899,45.44528],[-75.43752,45.44777],[-75.43598,45.44833],[-75.43276,45.44811],[-75.42809,45.44892],[-75.42681,45.44797],[-75.42315,45.44723],[-75.42094,45.44892],[-75.41821,45.44966],[-75.41628,45.44943],[-75.41243,45.45069],[-75.40938,45.45008],[-75.40755,45.45129],[-75.40632,45.45067],[-75.4019,45.45356],[-75.40118,45.45521],[-75.39923,45.4554],[-75.3981,45.45364],[-75.39626,45.4535],[-75.39549,45.45233],[-75.39251,45.45128],[-75.39224,45.44962],[-75.38699,45.44887],[-75.3866,45.44808],[-75.38361,45.44896],[-75.38306,45.44746],[-75.38098,45.44668],[-75.37831,45.44679],[-75.37552,45.44865],[-75.37408,45.44855],[-75.37359,45.44735],[-75.37096,45.44821],[-75.36579,45.4483],[-75.36323,45.44306],[-75.36174,45.44231],[-75.35705,45.44383],[-75.35417,45.4437],[-75.34767,45.44546],[-75.34751,45.44373],[-75.34522,45.44441],[-75.34368,45.44329],[-75.34209,45.44393],[-75.34212,45.44547],[-75.34046,45.44584],[-75.33989,45.44692],[-75.33701,45.44746],[-75.33522,45.44867],[-75.33393,45.44795],[-75.33231,45.44461],[-75.33025,45.4452],[-75.33055,45.44658],[-75.3297,45.44698],[-75.32765,45.44714],[-75.32676,45.44604],[-75.32219,45.45011],[-75.32162,45.45254],[-75.31918,45.45327],[-75.31843,45.4552],[-75.3145,45.45575],[-75.31324,45.45483],[-75.31024,45.4558],[-75.31117,45.45792],[-75.3101,45.45974],[-75.30856,45.46014],[-75.30845,45.46154],[-75.30294,45.46307],[-75.30261,45.46423],[-75.29938,45.46638],[-75.30049,45.46885],[-75.2988,45.4697],[-75.29907,45.47078],[-75.29764,45.47233],[-75.30012,45.47361],[-75.2985,45.47531],[-75.29919,45.47793],[-75.29413,45.48163],[-75.291,45.48153],[-75.28913,45.48276],[-75.29135,45.48556],[-75.28963,45.48647],[-75.28904,45.48947],[-75.28585,45.49132],[-75.28555,45.49259],[-75.29008,45.49793],[-75.29165,45.49844],[-75.29107,45.50048],[-75.292,45.50185],[-75.29566,45.50238],[-75.29703,45.50547],[-75.29951,45.50697],[-75.29948,45.5084],[-75.30068,45.50903],[-75.29806,45.51158],[-75.2999,45.51279],[-75.30191,45.5129],[-75.30373,45.5147],[-75.30792,45.51628],[-75.31019,45.5159],[-75.31119,45.51375],[-75.31222,45.51387],[-75.31303,45.51244],[-75.31762,45.51107],[-75.31769,45.51],[-75.32156,45.51163],[-75.32494,45.51198],[-75.32906,45.51057],[-75.33126,45.51135],[-75.33156,45.51314],[-75.33763,45.51307],[-75.33939,45.51519],[-75.33834,45.51646],[-75.33652,45.51676],[-75.33624,45.51813],[-75.33938,45.52317],[-75.34464,45.5254],[-75.34689,45.5254],[-75.34671,45.52684]]]}},{"type":"Feature","properties":{"OGF_ID":60000286},"geometry":{"type":"Polygon","coordinates":[[[-78.42587,45.36799],[-78.42742,45.37049],[-78.42905,45.37096],[-78.4316,45.36941],[-78.43241,45.36619],[-78.42962,45.36346],[-78.43337,45.35781],[-78.43869,45.35749],[-78.43969,45.35972],[-78.44181,45.36054],[-78.44359,45.36311],[-78.44576,45.36168],[-78.44568,45.35829],[-78.44869,45.35897],[-78.45091,45.35774],[-78.4562,45.358],[-78.45983,45.35594],[-78.46282,45.35907],[-78.46535,45.35956],[-78.47181,45.35917],[-78.47362,45.35774],[-78.47786,45.3591],[-78.48423,45.35676],[-78.48447,45.36057],[-78.4861,45.36115],[-78.48612,45.36285],[-78.48851,45.36471],[-78.48876,45.3669],[-78.49007,45.36721],[-78.49737,45.36469],[-78.49709,45.3657],[-78.49879,45.36571],[-78.50074,45.36777],[-78.50474,45.36371],[-78.51016,45.36441],[-78.50934,45.3596],[-78.51228,45.35883],[-78.51184,45.35228],[-78.51443,45.34974],[-78.51292,45.34905],[-78.51543,45.34577],[-78.51495,45.34348],[-78.51143,45.34176],[-78.51122,45.34083],[-78.51398,45.33953],[-78.51565,45.33758],[-78.51593,45.33445],[-78.52019,45.33309],[-78.52165,45.3314],[-78.53052,45.33192],[-78.53613,45.33056],[-78.53669,45.3289],[-78.54029,45.32792],[-78.54068,45.32559],[-78.53976,45.32497],[-78.54068,45.32352],[-78.54299,45.32382],[-78.54423,45.32326],[-78.55022,45.31982],[-78.55064,45.31827],[-78.55468,45.31731],[-78.55554,45.31568],[-78.55782,45.31474],[-78.55933,45.31541],[-78.56245,45.31422],[-78.56711,45.31071],[-78.5729,45.30878],[-78.57438,45.30678],[-78.57793,45.30639],[-78.57964,45.30731],[-78.5844,45.30725],[-78.58592,45.30825],[-78.58858,45.30823],[-78.59141,45.30643],[-78.59011,45.30975],[-78.59102,45.31155],[-78.58928,45.31363],[-78.58737,45.31429],[-78.58896,45.3165],[-78.59195,45.31644],[-78.59448,45.31821],[-78.59958,45.32011],[-78.60105,45.32162],[-78.6044,45.32051],[-78.60526,45.32193],[-78.60337,45.32362],[-78.60453,45.32463],[-78.60312,45.32514],[-78.60477,45.32726],[-78.60668,45.32694],[-78.60857,45.32454],[-78.61381,45.32458],[-78.61375,45.3225],[-78.61545,45.32145],[-78.62376,45.31857],[-78.6326,45.31354],[-78.63047,45.31216],[-78.63161,45.31087],[-78.63035,45.30829],[-78.63134,45.30734],[-78.62935,45.3064],[-78.63372,45.30326],[-78.63491,45.30308],[-78.63577,45.30408],[-78.64041,45.30433],[-78.64072,45.30293],[-78.64597,45.30005],[-78.64674,45.2983],[-78.64952,45.29714],[-78.65049,45.2949],[-78.65174,45.2955],[-78.65271,45.29498],[-78.6531,45.29399],[-78.65104,45.29308],[-78.65137,45.29166],[-78.65338,45.2889],[-78.65921,45.28516],[-78.6589,45.28261],[-78.65272,45.27929],[-78.64443,45.27821],[-78.64203,45.27596],[-78.64522,45.27343],[-78.65018,45.27111],[-78.65137,45.27163],[-78.65304,45.27071],[-78.65653,45.27058],[-78.66132,45.27281],[-78.6673,45.27311],[-78.66694,45.27152],[-78.67124,45.27203],[-78.67452,45.26945],[-78.67906,45.26904],[-78.68172,45.26779],[-78.68352,45.26802],[-78.68586,45.26644],[-78.68573,45.26443],[-78.69018,45.26647],[-78.69336,45.26526],[-78.69659,45.26519],[-78.69946,45.26633],[-78.70228,45.26616],[-78.70426,45.2634],[-78.7074,45.26405],[-78.70954,45.26338],[-78.71119,45.26374],[-78.71183,45.26335],[-78.71009,45.26165],[-78.70989,45.25938],[-78.70616,45.25862],[-78.7037,45.25952],[-78.7018,45.2553],[-78.70288,45.25444],[-78.70017,45.25309],[-78.70422,45.2513],[-78.70786,45.25143],[-78.71075,45.24974],[-78.7177,45.25031],[-78.71898,45.24819],[-78.71614,45.24474],[-78.71815,45.24384],[-78.72094,45.24609],[-78.72173,45.24836],[-78.72523,45.24813],[-78.72705,45.24922],[-78.73037,45.24746],[-78.7334,45.24399],[-78.73543,45.24535],[-78.73924,45.24445],[-78.74018,45.24332],[-78.7385,45.24246],[-78.7385,45.2404],[-78.73693,45.23975],[-78.73817,45.23656],[-78.7356,45.23446],[-78.73754,45.23196],[-78.73914,45.22632],[-78.74122,45.22362],[-78.7418,45.22113],[-78.74067,45.22037],[-78.74107,45.21924],[-78.74355,45.21637],[-78.74454,45.21202],[-78.74729,45.20888],[-78.74516,45.2063],[-78.7474,45.20361],[-78.75253,45.20388],[-78.75425,45.2053],[-78.75039,45.20913],[-78.75232,45.21173],[-78.75435,45.2128],[-78.75357,45.21479],[-78.75432,45.21586],[-78.75831,45.21596],[-78.75808,45.21403],[-78.75933,45.21316],[-78.7596,45.21151],[-78.76187,45.21075],[-78.76228,45.20551],[-78.76358,45.20537],[-78.76462,45.20339],[-78.76816,45.20403],[-78.77025,45.20225],[-78.7742,45.20106],[-78.7758,45.20273],[-78.77538,45.20532],[-78.77683,45.20616],[-78.77553,45.20768],[-78.77552,45.21039],[-78.7776,45.21168],[-78.7776,45.21491],[-78.78098,45.21595],[-78.78325,45.21525],[-78.78721,45.21533],[-78.7898,45.2183],[-78.79314,45.21727],[-78.79464,45.21586],[-78.79757,45.21888],[-78.79766,45.21521],[-78.79984,45.21416],[-78.79868,45.21007],[-78.79563,45.20759],[-78.79849,45.20503],[-78.79577,45.20196],[-78.79595,45.20104],[-78.79834,45.19967],[-78.79731,45.19793],[-78.80092,45.19695],[-78.80083,45.19876],[-78.80217,45.20055],[-78.80429,45.2021],[-78.80771,45.20213],[-78.80889,45.2032],[-78.81,45.20301],[-78.81124,45.20113],[-78.81062,45.19853],[-78.81363,45.19795],[-78.81739,45.19886],[-78.82093,45.19753],[-78.8175,45.19378],[-78.8124,45.19276],[-78.80836,45.19283],[-78.80818,45.18854],[-78.80724,45.18729],[-78.80785,45.18602],[-78.80645,45.18494],[-78.80854,45.18209],[-78.8082,45.17941],[-78.81008,45.17772],[-78.81182,45.17787],[-78.81433,45.17687],[-78.81546,45.17793],[-78.81472,45.17925],[-78.81564,45.18026],[-78.8146,45.18223],[-78.82119,45.18553],[-78.82519,45.18442],[-78.82685,45.18262],[-78.82972,45.18344],[-78.8312,45.18293],[-78.83338,45.18341],[-78.83553,45.18261],[-78.83712,45.18079],[-78.83691,45.17795],[-78.84043,45.17641],[-78.83918,45.17566],[-78.84008,45.17468],[-78.83728,45.17391],[-78.83697,45.17282],[-78.84139,45.17357],[-78.84511,45.17107],[-78.84387,45.16793],[-78.84646,45.16491],[-78.84587,45.16297],[-78.84424,45.16196],[-78.84286,45.16204],[-78.84288,45.16125],[-78.84505,45.15845],[-78.84862,45.15644],[-78.85026,45.15788],[-78.85212,45.15799],[-78.85709,45.1636],[-78.86504,45.16518],[-78.86982,45.16884],[-78.87104,45.16849],[-78.87286,45.1703],[-78.87661,45.17062],[-78.87687,45.16749],[-78.88029,45.16684],[-78.88185,45.16769],[-78.88278,45.1704],[-78.88382,45.17047],[-78.88981,45.16682],[-78.88972,45.16596],[-78.88862,45.1652],[-78.88544,45.16656],[-78.88443,45.16415],[-78.88086,45.16304],[-78.88071,45.16139],[-78.87955,45.16077],[-78.88108,45.15884],[-78.88103,45.15534],[-78.87986,45.15435],[-78.87794,45.15553],[-78.87621,45.1552],[-78.87733,45.14924],[-78.87998,45.14821],[-78.88097,45.14982],[-78.8871,45.15008],[-78.88796,45.15249],[-78.89154,45.15245],[-78.89346,45.15143],[-78.89736,45.15293],[-78.8989,45.15219],[-78.90104,45.15274],[-78.90006,45.14988],[-78.89606,45.14731],[-78.89539,45.14609],[-78.894,45.14637],[-78.89032,45.14424],[-78.88718,45.14082],[-78.8827,45.13799],[-78.88317,45.1365],[-78.88122,45.13623],[-78.88067,45.13325],[-78.88286,45.13147],[-78.88116,45.13034],[-78.88156,45.12915],[-78.87876,45.12767],[-78.87451,45.12945],[-78.87347,45.12924],[-78.87303,45.13033],[-78.87069,45.12926],[-78.87466,45.12599],[-78.87308,45.12267],[-78.87503,45.12299],[-78.87619,45.12237],[-78.87987,45.11865],[-78.87906,45.11615],[-78.88197,45.11467],[-78.8879,45.11521],[-78.88902,45.11303],[-78.88898,45.11014],[-78.88817,45.10978],[-78.8861,45.11076],[-78.88461,45.10829],[-78.87995,45.1062],[-78.87563,45.10744],[-78.87315,45.10568],[-78.87074,45.10758],[-78.86674,45.10792],[-78.86407,45.11132],[-78.86282,45.11074],[-78.86273,45.10777],[-78.86148,45.10755],[-78.86009,45.10901],[-78.85832,45.11445],[-78.85047,45.11404],[-78.84772,45.11874],[-78.84495,45.1193],[-78.84474,45.12057],[-78.84289,45.1219],[-78.83694,45.11991],[-78.83675,45.1172],[-78.83763,45.11636],[-78.83629,45.11539],[-78.8351,45.116],[-78.83315,45.11395],[-78.83115,45.11353],[-78.82828,45.1148],[-78.82766,45.11404],[-78.82509,45.11384],[-78.82397,45.11275],[-78.82417,45.11058],[-78.82608,45.10899],[-78.82624,45.10693],[-78.82751,45.10562],[-78.82697,45.10492],[-78.82856,45.10356],[-78.82836,45.10118],[-78.83147,45.10079],[-78.83268,45.09751],[-78.8348,45.09655],[-78.83402,45.09544],[-78.83205,45.09518],[-78.83043,45.09264],[-78.82694,45.09206],[-78.82882,45.08737],[-78.82717,45.08546],[-78.82834,45.08198],[-78.8242,45.07929],[-78.82172,45.08351],[-78.8167,45.08274],[-78.81284,45.08328],[-78.80959,45.07973],[-78.80633,45.08249],[-78.80592,45.08095],[-78.80296,45.07875],[-78.80162,45.07954],[-78.80017,45.07788],[-78.7969,45.07657],[-78.79705,45.07338],[-78.79801,45.07293],[-78.79769,45.0696],[-78.79639,45.06903],[-78.78936,45.06933],[-78.79048,45.06878],[-78.78933,45.06776],[-78.78993,45.06521],[-78.78466,45.05937],[-78.78171,45.05784],[-78.78619,45.05061],[-78.78691,45.05073],[-78.78739,45.05342],[-78.78892,45.05335],[-78.78995,45.05212],[-78.7927,45.05177],[-78.79129,45.0494],[-78.79354,45.04623],[-78.79205,45.04451],[-78.7935,45.04345],[-78.79286,45.04103],[-78.78809,45.03545],[-78.7893,45.03444],[-78.78861,45.0335],[-78.79001,45.02687],[-78.78982,45.02396],[-78.78696,45.02086],[-78.78891,45.01882],[-78.78851,45.01742],[-78.79162,45.01626],[-78.79223,45.0144],[-78.79146,45.01371],[-78.79267,45.01229],[-78.79367,45.01315],[-78.79696,45.01326],[-78.80114,45.01589],[-78.80282,45.01592],[-78.8053,45.01399],[-78.80426,45.01311],[-78.80597,45.00958],[-78.81141,45.00977],[-78.81262,45.008],[-78.81455,45.00786],[-78.81286,45.00003],[-78.81586,44.99747],[-78.81608,44.99528],[-78.81476,44.99455],[-78.8148,44.99279],[-78.8176,44.99206],[-78.82018,44.98988],[-78.82203,44.98585],[-78.82164,44.9823],[-78.82061,44.98129],[-78.82541,44.97672],[-78.82389,44.97413],[-78.82502,44.96727],[-78.82416,44.96579],[-78.82305,44.96571],[-78.82225,44.96661],[-78.82011,44.9651],[-78.81889,44.9658],[-78.81755,44.9652],[-78.81721,44.96342],[-78.81544,44.96304],[-78.81329,44.96398],[-78.81169,44.96211],[-78.80947,44.96349],[-78.80672,44.96285],[-78.80916,44.95984],[-78.80839,44.9575],[-78.80959,44.95517],[-78.8095,44.95283],[-78.81289,44.94967],[-78.81726,44.94873],[-78.81698,44.94945],[-78.81826,44.95045],[-78.81737,44.95207],[-78.81896,44.95495],[-78.8214,44.95524],[-78.82252,44.95681],[-78.82645,44.95688],[-78.82816,44.95404],[-78.82811,44.95012],[-78.83304,44.94617],[-78.83062,44.94434],[-78.83133,44.943],[-78.82851,44.94235],[-78.82848,44.9412],[-78.8307,44.9404],[-78.83051,44.93749],[-78.82774,44.93712],[-78.8254,44.93449],[-78.82328,44.93546],[-78.82081,44.93508],[-78.82007,44.93436],[-78.82064,44.93366],[-78.81787,44.93223],[-78.8167,44.9304],[-78.81832,44.92819],[-78.81751,44.92753],[-78.81576,44.92717],[-78.81343,44.92909],[-78.81234,44.92824],[-78.81401,44.92438],[-78.81588,44.92309],[-78.81372,44.92316],[-78.81281,44.92236],[-78.81267,44.92057],[-78.81078,44.91982],[-78.81145,44.91783],[-78.81291,44.91763],[-78.81295,44.9164],[-78.81498,44.91417],[-78.81921,44.91407],[-78.82332,44.91256],[-78.82313,44.91169],[-78.82162,44.91115],[-78.82222,44.90933],[-78.82365,44.90838],[-78.82341,44.90683],[-78.82672,44.90273],[-78.82818,44.90253],[-78.82729,44.90412],[-78.82798,44.90659],[-78.83149,44.90428],[-78.83379,44.90424],[-78.83309,44.90206],[-78.83835,44.90225],[-78.83953,44.90004],[-78.8426,44.89938],[-78.84449,44.89765],[-78.84549,44.89806],[-78.85193,44.89495],[-78.8523,44.89352],[-78.85361,44.8933],[-78.85929,44.88859],[-78.86188,44.8878],[-78.86531,44.88493],[-78.86379,44.88327],[-78.86413,44.88199],[-78.86859,44.87947],[-78.87112,44.88109],[-78.87296,44.87705],[-78.87793,44.8787],[-78.87835,44.87647],[-78.87973,44.8758],[-78.87871,44.87381],[-78.88014,44.87181],[-78.87986,44.86542],[-78.87802,44.86425],[-78.87895,44.8619],[-78.87625,44.86123],[-78.87579,44.85952],[-78.87958,44.8505],[-78.87535,44.84816],[-78.87372,44.84548],[-78.86811,44.84507],[-78.86559,44.84606],[-78.86422,44.84786],[-78.86529,44.85041],[-78.86058,44.85165],[-78.85919,44.84853],[-78.85823,44.84907],[-78.85629,44.84772],[-78.85916,44.84557],[-78.85811,44.84461],[-78.85672,44.84472],[-78.85595,44.84362],[-78.85301,44.84349],[-78.85125,44.84188],[-78.84511,44.84494],[-78.8446,44.83794],[-78.84736,44.83637],[-78.84973,44.83326],[-78.84719,44.83322],[-78.84652,44.83208],[-78.84535,44.83207],[-78.83849,44.83859],[-78.83645,44.83592],[-78.83884,44.83432],[-78.83951,44.83267],[-78.83793,44.8314],[-78.83513,44.83068],[-78.83496,44.82813],[-78.8366,44.82675],[-78.83481,44.82488],[-78.83685,44.82086],[-78.83477,44.81905],[-78.83619,44.81708],[-78.83375,44.81617],[-78.83174,44.81756],[-78.82806,44.81592],[-78.8257,44.80839],[-78.82581,44.80567],[-78.8284,44.80267],[-78.82879,44.80037],[-78.83089,44.79879],[-78.8303,44.79794],[-78.83458,44.79501],[-78.83965,44.78938],[-78.8402,44.78801],[-78.83891,44.78663],[-78.83905,44.78361],[-78.84251,44.78135],[-78.84335,44.77968],[-78.84485,44.77932],[-78.84522,44.77733],[-78.84667,44.77741],[-78.84718,44.77576],[-78.84863,44.775],[-78.84984,44.77276],[-78.84848,44.77174],[-78.84958,44.77089],[-78.84862,44.76947],[-78.8499,44.76878],[-78.84976,44.76752],[-78.85195,44.76587],[-78.85466,44.7666],[-78.85337,44.76487],[-78.85518,44.76243],[-78.85353,44.76158],[-78.85617,44.75939],[-78.85717,44.75687],[-78.85433,44.75255],[-78.85792,44.74956],[-78.85845,44.7478],[-78.85767,44.74733],[-78.85848,44.74569],[-78.8575,44.74495],[-78.85807,44.74284],[-78.85713,44.74145],[-78.85708,44.73829],[-78.85976,44.73773],[-78.85855,44.73608],[-78.86159,44.73477],[-78.86095,44.73425],[-78.86181,44.73158],[-78.86386,44.72989],[-78.86753,44.71996],[-78.86643,44.7201],[-78.86516,44.7184],[-78.86284,44.71853],[-78.86177,44.71777],[-78.85797,44.7183],[-78.85546,44.7205],[-78.85439,44.72524],[-78.85293,44.72722],[-78.8473,44.72949],[-78.84562,44.72616],[-78.84804,44.72392],[-78.84961,44.72042],[-78.84767,44.71994],[-78.84719,44.72072],[-78.84361,44.719],[-78.83942,44.71924],[-78.84014,44.71319],[-78.8354,44.71118],[-78.83247,44.71166],[-78.83121,44.71276],[-78.83036,44.71222],[-78.82884,44.71253],[-78.8278,44.71406],[-78.82605,44.71386],[-78.82564,44.71203],[-78.81962,44.71158],[-78.81972,44.70883],[-78.81863,44.7084],[-78.81605,44.7083],[-78.81217,44.71007],[-78.8116,44.70964],[-78.81369,44.70722],[-78.812,44.70687],[-78.81147,44.70506],[-78.81385,44.7037],[-78.81501,44.7013],[-78.81677,44.70101],[-78.81823,44.69942],[-78.82123,44.70059],[-78.82389,44.69998],[-78.82768,44.70088],[-78.82841,44.70235],[-78.82939,44.70171],[-78.8322,44.7018],[-78.83324,44.69855],[-78.83483,44.69785],[-78.8369,44.69487],[-78.83848,44.69426],[-78.83851,44.69221],[-78.84132,44.69173],[-78.84311,44.68768],[-78.84521,44.68645],[-78.84624,44.68267],[-78.8487,44.67985],[-78.85039,44.67956],[-78.85011,44.6772],[-78.85515,44.67766],[-78.85888,44.67419],[-78.85809,44.67307],[-78.85313,44.67247],[-78.85042,44.67049],[-78.85302,44.6592],[-78.85115,44.65957],[-78.84958,44.65775],[-78.85429,44.65414],[-78.85517,44.65207],[-78.85433,44.65149],[-78.85251,44.6518],[-78.85237,44.65117],[-78.8542,44.64987],[-78.85429,44.64799],[-78.857,44.64647],[-78.85709,44.64488],[-78.8604,44.64203],[-78.85931,44.64095],[-78.86183,44.63875],[-78.85908,44.63772],[-78.86037,44.63477],[-78.86213,44.63467],[-78.86588,44.62949],[-78.86885,44.62945],[-78.86776,44.6286],[-78.86767,44.62575],[-78.86879,44.62726],[-78.87002,44.62732],[-78.87087,44.62501],[-78.87409,44.62592],[-78.87579,44.624],[-78.88735,44.62414],[-78.88581,44.62635],[-78.88958,44.62786],[-78.88989,44.62683],[-78.89194,44.62654],[-78.8928,44.62483],[-78.89576,44.62416],[-78.89658,44.62172],[-78.89859,44.62158],[-78.89777,44.62039],[-78.89934,44.61981],[-78.90105,44.6174],[-78.9005,44.61598],[-78.90285,44.61422],[-78.90517,44.61047],[-78.9079,44.60912],[-78.907,44.60674],[-78.90828,44.60473],[-78.90684,44.60521],[-78.90636,44.6042],[-78.90457,44.6041],[-78.91409,44.59382],[-78.91308,44.59326],[-78.91347,44.59095],[-78.91165,44.58971],[-78.91626,44.5862],[-78.91416,44.5826],[-78.9164,44.58063],[-78.9104,44.57972],[-78.90676,44.5823],[-78.90621,44.58197],[-78.90801,44.57969],[-78.90569,44.57889],[-78.90363,44.58017],[-78.90223,44.57909],[-78.89837,44.57852],[-78.9016,44.57568],[-78.90479,44.57471],[-78.90186,44.57276],[-78.90148,44.57147],[-78.90514,44.5685],[-78.90247,44.56587],[-78.90401,44.56421],[-78.9026,44.56322],[-78.90283,44.56135],[-78.89992,44.5602],[-78.89813,44.56051],[-78.89748,44.55911],[-78.89785,44.55678],[-78.90035,44.55581],[-78.90097,44.55326],[-78.90274,44.55228],[-78.90339,44.55001],[-78.90498,44.5495],[-78.90427,44.54794],[-78.90784,44.54628],[-78.90837,44.54416],[-78.91306,44.54201],[-78.90884,44.53317],[-78.91151,44.53292],[-78.91252,44.53145],[-78.91572,44.52972],[-78.91807,44.52988],[-78.91949,44.52905],[-78.92719,44.52913],[-78.92655,44.52793],[-78.92874,44.52423],[-78.93121,44.52418],[-78.93003,44.52066],[-78.93232,44.52266],[-78.93324,44.52254],[-78.93519,44.51915],[-78.93906,44.51666],[-78.93903,44.51485],[-78.94004,44.51545],[-78.94455,44.51434],[-78.94664,44.51674],[-78.94876,44.51507],[-78.95384,44.51412],[-78.95644,44.51285],[-78.95512,44.51131],[-78.95455,44.50758],[-78.95886,44.50702],[-78.96034,44.50775],[-78.96109,44.50557],[-78.95984,44.50516],[-78.95976,44.50326],[-78.9568,44.50215],[-78.96149,44.49909],[-78.96144,44.4979],[-78.95737,44.49548],[-78.95691,44.49389],[-78.9646,44.49138],[-78.96114,44.48943],[-78.95915,44.4903],[-78.95686,44.48912],[-78.955,44.48955],[-78.95495,44.48869],[-78.95553,44.48685],[-78.9585,44.48467],[-78.96275,44.48403],[-78.9657,44.48237],[-78.96895,44.47269],[-78.9716,44.47157],[-78.97085,44.46835],[-78.97184,44.46774],[-78.97076,44.46541],[-78.97193,44.4639],[-78.9714,44.46258],[-78.96871,44.46131],[-78.96428,44.45267],[-78.96247,44.45173],[-78.9637,44.45111],[-78.96349,44.44936],[-78.96768,44.44911],[-78.96682,44.44722],[-78.97299,44.44073],[-78.97165,44.43712],[-78.97376,44.43522],[-78.97361,44.43397],[-78.97524,44.43311],[-78.97599,44.43079],[-78.97462,44.42735],[-78.97507,44.42573],[-78.97151,44.42407],[-78.96907,44.42135],[-78.96958,44.41934],[-78.96861,44.41808],[-78.97006,44.41241],[-78.9677,44.41015],[-78.96712,44.40713],[-78.96259,44.40477],[-78.96324,44.40301],[-78.96083,44.39955],[-78.96087,44.39825],[-78.96295,44.39803],[-78.96261,44.39603],[-78.96451,44.39586],[-78.96259,44.39194],[-78.96375,44.39102],[-78.9654,44.39126],[-78.97331,44.38935],[-78.9725,44.38768],[-78.97328,44.38479],[-78.97012,44.3854],[-78.96801,44.38456],[-78.96781,44.38338],[-78.96905,44.38226],[-78.96589,44.38283],[-78.96424,44.38155],[-78.9619,44.38237],[-78.96005,44.38209],[-78.9584,44.38063],[-78.9579,44.37867],[-78.95961,44.37719],[-78.95947,44.37583],[-78.96237,44.37367],[-78.96199,44.37288],[-78.96736,44.36803],[-78.97981,44.36313],[-78.98038,44.36231],[-78.97938,44.36078],[-78.98052,44.35968],[-78.97856,44.35995],[-78.97712,44.35926],[-78.97658,44.35978],[-78.97469,44.35878],[-78.97382,44.35906],[-78.97334,44.35703],[-78.97525,44.35588],[-78.9747,44.35423],[-78.97969,44.35144],[-78.97945,44.34983],[-78.98147,44.34837],[-78.98002,44.34654],[-78.98317,44.3453],[-78.97965,44.34359],[-78.97652,44.3443],[-78.97375,44.34364],[-78.97216,44.34534],[-78.96994,44.34466],[-78.97186,44.34211],[-78.97015,44.33858],[-78.97526,44.33613],[-78.97846,44.33578],[-78.98011,44.33636],[-78.97908,44.33475],[-78.9808,44.33373],[-78.98113,44.3306],[-78.97688,44.3302],[-78.97459,44.33087],[-78.97301,44.32759],[-78.98005,44.32287],[-78.97829,44.32127],[-78.97951,44.31945],[-78.97781,44.31779],[-78.97929,44.31634],[-78.97761,44.31445],[-78.97973,44.31247],[-78.98004,44.30827],[-78.98256,44.30717],[-78.98369,44.30465],[-78.98678,44.30292],[-78.98902,44.303],[-78.99043,44.30228],[-78.99328,44.30327],[-78.99751,44.30276],[-78.99973,44.30084],[-79.00093,44.29742],[-79.00678,44.29183],[-79.01148,44.2894],[-79.015,44.28978],[-79.01228,44.28809],[-79.01262,44.28629],[-79.01067,44.28214],[-79.01209,44.2798],[-79.01709,44.27776],[-79.02008,44.27324],[-79.01705,44.26664],[-79.01789,44.2646],[-79.01193,44.26446],[-79.01068,44.26132],[-79.00861,44.26197],[-79.00576,44.26135],[-79.00739,44.25681],[-79.00421,44.25513],[-79.00608,44.2522],[-79.00844,44.25143],[-79.01618,44.24413],[-79.01768,44.24042],[-79.01612,44.23827],[-79.01619,44.2343],[-79.01894,44.2316],[-79.02449,44.23102],[-79.02514,44.22586],[-79.02662,44.22337],[-79.02604,44.22263],[-79.02092,44.22298],[-79.01855,44.22043],[-79.01993,44.21842],[-79.01966,44.21687],[-79.01552,44.21459],[-79.0167,44.21011],[-79.01838,44.2078],[-79.01792,44.20093],[-79.01685,44.1998],[-79.01742,44.19391],[-79.01798,44.19304],[-79.02252,44.19192],[-79.02385,44.18539],[-79.02538,44.18424],[-79.02677,44.18088],[-79.02601,44.17836],[-79.02728,44.17155],[-79.02657,44.17029],[-79.02933,44.16644],[-79.02977,44.16429],[-79.03115,44.16383],[-79.03031,44.16265],[-79.03151,44.16081],[-79.03278,44.16191],[-79.03766,44.1626],[-79.03953,44.16114],[-79.04259,44.16038],[-79.04235,44.155],[-79.041,44.15474],[-79.04157,44.1508],[-79.04452,44.1458],[-79.05791,44.14267],[-79.05922,44.14307],[-79.05979,44.14042],[-79.05881,44.1397],[-79.06163,44.13596],[-79.06155,44.13425],[-79.0602,44.13269],[-79.06131,44.13097],[-79.05793,44.12943],[-79.054,44.12995],[-79.05759,44.12777],[-79.05817,44.12644],[-79.05725,44.12412],[-79.0582,44.12238],[-79.05339,44.12213],[-79.05165,44.12322],[-79.05162,44.12204],[-79.05328,44.11884],[-79.05323,44.11681],[-79.05439,44.11596],[-79.05352,44.11369],[-79.05211,44.11285],[-79.0539,44.10792],[-79.05311,44.10619],[-79.05444,44.10698],[-79.05788,44.10706],[-79.05929,44.10284],[-79.06593,44.10151],[-79.06545,44.10023],[-79.06816,44.09813],[-79.06909,44.09684],[-79.06876,44.09553],[-79.0699,44.09477],[-79.0686,44.09413],[-79.06658,44.09442],[-79.06622,44.09298],[-79.06808,44.09143],[-79.06826,44.09008],[-79.07175,44.08726],[-79.06917,44.08665],[-79.06774,44.08371],[-79.06436,44.08239],[-79.0638,44.07987],[-79.06276,44.07915],[-79.0637,44.07786],[-79.06268,44.07691],[-79.06284,44.07488],[-79.06794,44.07335],[-79.06851,44.07163],[-79.06662,44.0686],[-79.06799,44.06676],[-79.06653,44.0659],[-79.06701,44.06389],[-79.06408,44.06043],[-79.06834,44.05957],[-79.06993,44.062],[-79.07219,44.06269],[-79.07581,44.06246],[-79.07757,44.06196],[-79.07767,44.06023],[-79.07924,44.06026],[-79.08223,44.05891],[-79.08291,44.05661],[-79.08422,44.05585],[-79.09332,44.05387],[-79.09731,44.05514],[-79.09859,44.05347],[-79.09793,44.05133],[-79.09358,44.04961],[-79.09458,44.048],[-79.09288,44.0469],[-79.09109,44.04727],[-79.08779,44.04621],[-79.08599,44.04492],[-79.08586,44.04369],[-79.08898,44.04199],[-79.08688,44.03997],[-79.08783,44.04017],[-79.09024,44.03811],[-79.08775,44.03615],[-79.08473,44.03585],[-79.08194,44.03434],[-79.08009,44.03418],[-79.07083,44.03403],[-79.06541,44.03486],[-79.06299,44.03729],[-79.05952,44.03874],[-79.05107,44.03365],[-79.05191,44.03156],[-79.05367,44.0311],[-79.05336,44.02954],[-79.05217,44.02997],[-79.04783,44.02832],[-79.04358,44.02817],[-79.04257,44.02924],[-79.04416,44.03295],[-79.04191,44.03254],[-79.04083,44.0355],[-79.03916,44.03534],[-79.03883,44.03681],[-79.03665,44.03684],[-79.03148,44.03462],[-79.02929,44.03574],[-79.02377,44.03379],[-79.02262,44.03839],[-79.01887,44.04026],[-79.02053,44.04394],[-79.01555,44.04447],[-79.01422,44.04334],[-79.01221,44.04348],[-79.00918,44.04592],[-79.00255,44.04352],[-79.00192,44.04052],[-78.99859,44.04014],[-78.99745,44.03928],[-78.99388,44.03929],[-78.99181,44.04077],[-78.99109,44.03981],[-78.98735,44.03975],[-78.98284,44.03732],[-78.98114,44.03729],[-78.97982,44.03817],[-78.97487,44.03706],[-78.97312,44.0379],[-78.96892,44.03764],[-78.96141,44.03551],[-78.95938,44.03373],[-78.95485,44.03345],[-78.94962,44.03437],[-78.9447,44.03676],[-78.93922,44.03648],[-78.93479,44.03525],[-78.92412,44.03756],[-78.92085,44.03708],[-78.92071,44.03801],[-78.91781,44.03977],[-78.91435,44.03884],[-78.91121,44.03927],[-78.90974,44.03751],[-78.90675,44.03892],[-78.90099,44.03805],[-78.89363,44.03809],[-78.89023,44.04171],[-78.88731,44.04235],[-78.88551,44.04105],[-78.88198,44.04119],[-78.87861,44.03859],[-78.87655,44.03939],[-78.87486,44.03884],[-78.87056,44.0425],[-78.86886,44.04187],[-78.86419,44.04255],[-78.86022,44.04198],[-78.86029,44.04356],[-78.85849,44.04515],[-78.85853,44.04783],[-78.85654,44.04797],[-78.8556,44.04916],[-78.85265,44.04967],[-78.84976,44.04854],[-78.84539,44.04868],[-78.84186,44.05006],[-78.83869,44.05025],[-78.83636,44.0523],[-78.83236,44.05265],[-78.83003,44.05417],[-78.82282,44.05297],[-78.82012,44.05453],[-78.81198,44.05389],[-78.80761,44.05457],[-78.80529,44.05303],[-78.80253,44.05286],[-78.7953,44.05554],[-78.79391,44.057],[-78.79213,44.05668],[-78.7918,44.05392],[-78.79086,44.05345],[-78.78648,44.05453],[-78.78651,44.05579],[-78.78354,44.05543],[-78.78257,44.05786],[-78.7793,44.05674],[-78.77319,44.06045],[-78.77092,44.0591],[-78.76683,44.05981],[-78.76585,44.05937],[-78.7642,44.06098],[-78.76189,44.06098],[-78.76006,44.05939],[-78.75675,44.05849],[-78.75672,44.05732],[-78.75523,44.05638],[-78.75161,44.05577],[-78.74635,44.05565],[-78.74409,44.05679],[-78.74217,44.05667],[-78.74174,44.05813],[-78.73827,44.05808],[-78.73686,44.05648],[-78.73175,44.05567],[-78.73037,44.05473],[-78.7248,44.05498],[-78.71794,44.05269],[-78.71664,44.05428],[-78.71503,44.05429],[-78.7167,44.05771],[-78.71243,44.05869],[-78.70633,44.06217],[-78.70036,44.06062],[-78.69848,44.05877],[-78.69263,44.05778],[-78.69191,44.05692],[-78.68757,44.05554],[-78.68467,44.05614],[-78.68274,44.05776],[-78.67559,44.05721],[-78.67399,44.05781],[-78.67371,44.05902],[-78.67051,44.06025],[-78.6687,44.06247],[-78.66943,44.06486],[-78.66845,44.06572],[-78.66675,44.06511],[-78.66226,44.06557],[-78.65968,44.0671],[-78.65545,44.06672],[-78.65479,44.06753],[-78.65003,44.06853],[-78.64532,44.06818],[-78.64474,44.07125],[-78.64754,44.07096],[-78.64896,44.07309],[-78.64514,44.07471],[-78.64713,44.07535],[-78.64815,44.07729],[-78.64313,44.0805],[-78.64143,44.08448],[-78.64618,44.08626],[-78.64585,44.0878],[-78.64707,44.08904],[-78.64746,44.09141],[-78.64527,44.09295],[-78.6466,44.09421],[-78.64368,44.09578],[-78.64363,44.0971],[-78.64235,44.0976],[-78.64332,44.09912],[-78.6411,44.1007],[-78.64063,44.10383],[-78.63726,44.10849],[-78.63725,44.10984],[-78.63466,44.11084],[-78.63519,44.11156],[-78.63383,44.11301],[-78.63351,44.11586],[-78.62812,44.11567],[-78.62623,44.1197],[-78.62437,44.12004],[-78.6242,44.11767],[-78.62262,44.11586],[-78.62285,44.11416],[-78.62031,44.11202],[-78.61848,44.11214],[-78.61624,44.11115],[-78.61374,44.1116],[-78.61232,44.11295],[-78.61183,44.11705],[-78.60658,44.11909],[-78.60555,44.12081],[-78.5982,44.12277],[-78.59505,44.13023],[-78.58926,44.12986],[-78.58764,44.131],[-78.58636,44.13356],[-78.58863,44.1359],[-78.58633,44.14114],[-78.58197,44.14096],[-78.57891,44.1423],[-78.57766,44.14189],[-78.57248,44.14511],[-78.5699,44.14179],[-78.56734,44.14183],[-78.56553,44.14318],[-78.56337,44.14338],[-78.56187,44.14509],[-78.56239,44.14829],[-78.56564,44.15191],[-78.56343,44.15299],[-78.56478,44.15479],[-78.56133,44.15652],[-78.55598,44.15558],[-78.55384,44.15368],[-78.55207,44.15323],[-78.55334,44.15744],[-78.55106,44.15943],[-78.55127,44.16123],[-78.55048,44.16183],[-78.55378,44.16386],[-78.55655,44.16685],[-78.55673,44.16896],[-78.55543,44.16989],[-78.56137,44.17504],[-78.56136,44.17676],[-78.56559,44.18106],[-78.56337,44.18164],[-78.56254,44.18333],[-78.5642,44.18407],[-78.56498,44.18648],[-78.56343,44.18713],[-78.5627,44.1897],[-78.55858,44.19227],[-78.55732,44.1961],[-78.5581,44.19681],[-78.55777,44.19831],[-78.55595,44.20118],[-78.56525,44.2044],[-78.56889,44.20351],[-78.56924,44.20604],[-78.56782,44.21109],[-78.57003,44.21233],[-78.57353,44.21285],[-78.57464,44.2142],[-78.57258,44.21615],[-78.56725,44.21674],[-78.56567,44.21766],[-78.56018,44.21693],[-78.55945,44.21815],[-78.55751,44.21861],[-78.55641,44.22498],[-78.55469,44.22732],[-78.55135,44.22863],[-78.55097,44.23032],[-78.55412,44.23313],[-78.55696,44.23255],[-78.5598,44.23404],[-78.56036,44.23534],[-78.56014,44.23828],[-78.55737,44.23945],[-78.55603,44.24408],[-78.55713,44.24653],[-78.55449,44.24891],[-78.55378,44.25201],[-78.55005,44.2531],[-78.54738,44.25809],[-78.54518,44.2578],[-78.54449,44.25931],[-78.54139,44.26001],[-78.54065,44.26137],[-78.53742,44.2596],[-78.53612,44.26056],[-78.53351,44.26014],[-78.5334,44.26632],[-78.53057,44.27063],[-78.52681,44.27422],[-78.52552,44.27474],[-78.52412,44.27418],[-78.52005,44.27055],[-78.51862,44.27141],[-78.51624,44.27426],[-78.51791,44.27742],[-78.5149,44.27945],[-78.51583,44.28352],[-78.51676,44.28421],[-78.51357,44.28698],[-78.51403,44.28782],[-78.51694,44.28839],[-78.51822,44.28977],[-78.51772,44.29064],[-78.51499,44.29141],[-78.51438,44.29296],[-78.51032,44.29555],[-78.51086,44.29921],[-78.50917,44.29981],[-78.50793,44.30199],[-78.50414,44.30253],[-78.50205,44.30369],[-78.49919,44.30368],[-78.4965,44.30549],[-78.49733,44.30774],[-78.49487,44.31162],[-78.49,44.31366],[-78.49059,44.3145],[-78.49315,44.31492],[-78.49096,44.31703],[-78.49078,44.32007],[-78.48953,44.32123],[-78.48494,44.3228],[-78.48399,44.32545],[-78.48012,44.32731],[-78.48013,44.32991],[-78.48224,44.33196],[-78.48288,44.33503],[-78.48084,44.33696],[-78.48026,44.34],[-78.47686,44.3427],[-78.47614,44.34452],[-78.4836,44.34932],[-78.48364,44.35849],[-78.48086,44.36238],[-78.48056,44.36478],[-78.47915,44.36584],[-78.47655,44.36511],[-78.47461,44.36598],[-78.47394,44.36899],[-78.47594,44.37234],[-78.47794,44.37373],[-78.47709,44.37486],[-78.47897,44.3758],[-78.48063,44.37859],[-78.47542,44.38269],[-78.4726,44.38321],[-78.47064,44.38742],[-78.47193,44.38983],[-78.47356,44.3905],[-78.47522,44.38985],[-78.47859,44.39251],[-78.47575,44.39323],[-78.47808,44.39669],[-78.47752,44.39775],[-78.47869,44.39816],[-78.48416,44.39712],[-78.48643,44.39798],[-78.49077,44.39737],[-78.49347,44.39781],[-78.49374,44.40112],[-78.49911,44.40298],[-78.50069,44.4058],[-78.49988,44.41428],[-78.49787,44.41589],[-78.49789,44.4233],[-78.49477,44.42833],[-78.49009,44.43223],[-78.48881,44.43548],[-78.48904,44.43796],[-78.49142,44.44219],[-78.48801,44.4598],[-78.48773,44.47928],[-78.49391,44.48843],[-78.5028,44.49625],[-78.51722,44.53291],[-78.51877,44.54473],[-78.51553,44.54894],[-78.51027,44.55329],[-78.51387,44.56255],[-78.51397,44.56542],[-78.50878,44.57516],[-78.50881,44.57965],[-78.51056,44.58423],[-78.50852,44.5847],[-78.50836,44.58602],[-78.50549,44.58691],[-78.50185,44.58609],[-78.49992,44.58393],[-78.49903,44.58402],[-78.50039,44.58628],[-78.49942,44.58747],[-78.49661,44.58807],[-78.49504,44.58996],[-78.49331,44.58955],[-78.49169,44.59056],[-78.4904,44.5896],[-78.48784,44.58935],[-78.47991,44.59506],[-78.48061,44.5956],[-78.47998,44.59693],[-78.48186,44.59759],[-78.48233,44.59972],[-78.48459,44.60175],[-78.48504,44.60345],[-78.48464,44.6063],[-78.48358,44.60709],[-78.48458,44.60813],[-78.48459,44.61098],[-78.48279,44.61359],[-78.48376,44.61566],[-78.48332,44.61796],[-78.48477,44.61865],[-78.4845,44.6217],[-78.48184,44.62552],[-78.48211,44.62651],[-78.48338,44.62644],[-78.48336,44.62742],[-78.4802,44.62973],[-78.48313,44.63438],[-78.48769,44.63708],[-78.48494,44.63986],[-78.48641,44.64048],[-78.48847,44.64005],[-78.48963,44.64227],[-78.48621,44.6451],[-78.48656,44.64614],[-78.48453,44.64575],[-78.48246,44.64424],[-78.47932,44.64571],[-78.47816,44.64744],[-78.47245,44.6517],[-78.46918,44.65213],[-78.46862,44.65306],[-78.46283,44.65554],[-78.46098,44.65531],[-78.45708,44.65688],[-78.45404,44.65964],[-78.45398,44.66224],[-78.45286,44.66283],[-78.45648,44.66558],[-78.45504,44.66809],[-78.45595,44.67126],[-78.45888,44.67061],[-78.46079,44.67098],[-78.46068,44.67295],[-78.45736,44.67541],[-78.45828,44.67762],[-78.45928,44.67712],[-78.46107,44.67751],[-78.46308,44.67877],[-78.45729,44.68333],[-78.45842,44.68431],[-78.45755,44.68679],[-78.45616,44.68783],[-78.45738,44.68964],[-78.45988,44.69071],[-78.46096,44.69426],[-78.4624,44.69527],[-78.45999,44.69864],[-78.46069,44.70118],[-78.45996,44.70441],[-78.45704,44.70583],[-78.45791,44.70715],[-78.45754,44.70904],[-78.46051,44.71092],[-78.46147,44.70849],[-78.46407,44.70839],[-78.46546,44.7091],[-78.46482,44.71098],[-78.46628,44.71116],[-78.47016,44.70728],[-78.47122,44.7057],[-78.47032,44.70513],[-78.4717,44.70375],[-78.47352,44.70326],[-78.47574,44.70422],[-78.47667,44.70528],[-78.47517,44.7073],[-78.47753,44.70865],[-78.47817,44.7107],[-78.47943,44.71117],[-78.47778,44.71173],[-78.47796,44.71338],[-78.47355,44.71473],[-78.47062,44.71838],[-78.47297,44.72022],[-78.47556,44.72014],[-78.47662,44.72079],[-78.47668,44.7221],[-78.47858,44.72309],[-78.4794,44.7246],[-78.47745,44.72517],[-78.47909,44.72808],[-78.47601,44.73012],[-78.47355,44.72911],[-78.47065,44.72976],[-78.46947,44.73132],[-78.46992,44.73265],[-78.47153,44.73352],[-78.46851,44.73678],[-78.46561,44.7376],[-78.46499,44.73922],[-78.46312,44.74009],[-78.46039,44.73839],[-78.46035,44.74118],[-78.45564,44.74393],[-78.45234,44.74765],[-78.45146,44.74708],[-78.45152,44.74556],[-78.44478,44.75016],[-78.44804,44.75136],[-78.45031,44.75119],[-78.44915,44.75304],[-78.45052,44.75572],[-78.4495,44.75805],[-78.44672,44.76123],[-78.44377,44.76141],[-78.4367,44.76683],[-78.43644,44.77095],[-78.43425,44.77304],[-78.43627,44.7751],[-78.43228,44.77765],[-78.4335,44.77987],[-78.4325,44.78284],[-78.42988,44.78499],[-78.42854,44.78504],[-78.4298,44.7865],[-78.42924,44.78789],[-78.42607,44.78954],[-78.42559,44.79289],[-78.42293,44.79531],[-78.4239,44.7961],[-78.42089,44.79746],[-78.42141,44.7983],[-78.41953,44.79996],[-78.4198,44.80142],[-78.41819,44.80423],[-78.4184,44.80543],[-78.42217,44.8075],[-78.42519,44.80584],[-78.42884,44.80905],[-78.43082,44.80901],[-78.43351,44.8103],[-78.43408,44.81266],[-78.43162,44.81233],[-78.42924,44.8132],[-78.42996,44.81646],[-78.42821,44.81914],[-78.4247,44.8221],[-78.42168,44.82246],[-78.4231,44.82527],[-78.41872,44.82863],[-78.41664,44.82891],[-78.4157,44.83029],[-78.41142,44.8296],[-78.40765,44.83497],[-78.40437,44.83649],[-78.40397,44.84023],[-78.40029,44.84018],[-78.39738,44.84392],[-78.39495,44.84546],[-78.39352,44.84452],[-78.38619,44.84815],[-78.38237,44.84762],[-78.37659,44.85073],[-78.37346,44.84875],[-78.37175,44.8508],[-78.3696,44.85181],[-78.36635,44.85201],[-78.3681,44.85542],[-78.36372,44.85708],[-78.36131,44.85646],[-78.35994,44.85756],[-78.35272,44.85937],[-78.35051,44.85914],[-78.34967,44.85835],[-78.34802,44.85963],[-78.34615,44.85892],[-78.34535,44.86025],[-78.34019,44.85919],[-78.34238,44.85725],[-78.34272,44.85453],[-78.34198,44.85369],[-78.34546,44.85009],[-78.34213,44.84874],[-78.33962,44.85042],[-78.33784,44.85008],[-78.33548,44.85136],[-78.3357,44.85283],[-78.33109,44.85371],[-78.32418,44.85725],[-78.32232,44.85947],[-78.32257,44.86091],[-78.31987,44.86154],[-78.32024,44.86259],[-78.31889,44.86408],[-78.31671,44.86493],[-78.31512,44.86412],[-78.31283,44.86478],[-78.31123,44.86776],[-78.30636,44.87104],[-78.30758,44.87238],[-78.30616,44.8734],[-78.30438,44.87326],[-78.30096,44.87739],[-78.29473,44.8757],[-78.29119,44.87771],[-78.28714,44.88213],[-78.27841,44.88074],[-78.2759,44.88277],[-78.27407,44.88244],[-78.26778,44.88707],[-78.26633,44.88645],[-78.26427,44.88677],[-78.25873,44.88904],[-78.25738,44.88859],[-78.25604,44.88904],[-78.25411,44.88806],[-78.25059,44.88964],[-78.24574,44.88968],[-78.24292,44.89474],[-78.24453,44.89638],[-78.24457,44.901],[-78.24174,44.9008],[-78.24062,44.90149],[-78.23948,44.9043],[-78.23584,44.90801],[-78.23369,44.90812],[-78.23145,44.90624],[-78.22847,44.90774],[-78.22825,44.90619],[-78.22469,44.90693],[-78.22315,44.90633],[-78.2209,44.90815],[-78.22002,44.91154],[-78.21836,44.91307],[-78.21869,44.91395],[-78.22053,44.91315],[-78.22386,44.91456],[-78.22641,44.91477],[-78.22338,44.91914],[-78.2251,44.91974],[-78.22788,44.91903],[-78.2297,44.92153],[-78.22803,44.9253],[-78.23026,44.92687],[-78.22719,44.92949],[-78.22752,44.93216],[-78.22145,44.93369],[-78.22186,44.93909],[-78.22044,44.93987],[-78.21746,44.93937],[-78.21848,44.94098],[-78.22231,44.94176],[-78.22152,44.9426],[-78.21818,44.9437],[-78.21617,44.94534],[-78.20892,44.94536],[-78.20608,44.9446],[-78.20461,44.9454],[-78.20534,44.94767],[-78.20155,44.94974],[-78.19678,44.94914],[-78.19249,44.95105],[-78.19007,44.95061],[-78.18413,44.9527],[-78.18095,44.95518],[-78.18087,44.95694],[-78.18237,44.95811],[-78.18027,44.95933],[-78.17727,44.95995],[-78.17582,44.95915],[-78.1727,44.95897],[-78.1711,44.96051],[-78.16923,44.95999],[-78.16931,44.961],[-78.16718,44.96228],[-78.16741,44.96354],[-78.16602,44.96466],[-78.16751,44.9667],[-78.16726,44.96789],[-78.16236,44.96841],[-78.1588,44.96532],[-78.15803,44.96723],[-78.15988,44.97177],[-78.15547,44.97424],[-78.15595,44.97542],[-78.15488,44.9767],[-78.15618,44.97885],[-78.15968,44.97914],[-78.15862,44.98234],[-78.15625,44.98406],[-78.15264,44.98451],[-78.15002,44.98597],[-78.1427,44.99225],[-78.14571,44.99332],[-78.14602,44.99453],[-78.14981,44.99557],[-78.14815,44.99626],[-78.14646,44.99875],[-78.14785,45.00027],[-78.14796,45.00224],[-78.15066,45.00435],[-78.15,45.00535],[-78.15361,45.00873],[-78.15445,45.01061],[-78.1507,45.01131],[-78.14938,45.01464],[-78.14589,45.01567],[-78.14537,45.02034],[-78.14603,45.02508],[-78.14817,45.02671],[-78.14817,45.02862],[-78.15246,45.02878],[-78.15483,45.03066],[-78.15177,45.03247],[-78.15623,45.03498],[-78.1539,45.03595],[-78.15381,45.03812],[-78.15509,45.04005],[-78.15685,45.04092],[-78.15221,45.04393],[-78.15163,45.04291],[-78.14665,45.0421],[-78.14356,45.03993],[-78.14089,45.03967],[-78.13697,45.03644],[-78.13324,45.03973],[-78.13379,45.04062],[-78.13278,45.04374],[-78.13443,45.04605],[-78.13588,45.04778],[-78.13825,45.04722],[-78.14138,45.04775],[-78.14372,45.04691],[-78.14464,45.04844],[-78.14757,45.04862],[-78.14989,45.04697],[-78.1515,45.04873],[-78.15101,45.05018],[-78.15242,45.05097],[-78.152,45.05292],[-78.15279,45.0541],[-78.15128,45.05532],[-78.15097,45.05714],[-78.1491,45.05842],[-78.14811,45.06201],[-78.15091,45.06478],[-78.15512,45.06477],[-78.15603,45.06682],[-78.15834,45.06698],[-78.16214,45.06423],[-78.16607,45.06407],[-78.1669,45.06617],[-78.16592,45.06696],[-78.16602,45.06895],[-78.16269,45.07174],[-78.16063,45.07176],[-78.15816,45.07324],[-78.15801,45.07723],[-78.15621,45.07823],[-78.15814,45.08082],[-78.16046,45.07975],[-78.16211,45.08017],[-78.16443,45.08355],[-78.16225,45.08563],[-78.16056,45.08564],[-78.15912,45.08656],[-78.1534,45.09189],[-78.1537,45.09357],[-78.15519,45.09466],[-78.15458,45.0963],[-78.15693,45.09771],[-78.16098,45.09694],[-78.16385,45.09862],[-78.16921,45.09768],[-78.17127,45.09898],[-78.17032,45.10039],[-78.16823,45.10105],[-78.17023,45.10254],[-78.1702,45.10416],[-78.1717,45.10613],[-78.16986,45.10886],[-78.16786,45.10986],[-78.17005,45.11288],[-78.17186,45.11229],[-78.17204,45.1106],[-78.17346,45.10954],[-78.18025,45.10728],[-78.1808,45.10505],[-78.18684,45.10478],[-78.18782,45.10364],[-78.18695,45.1023],[-78.19026,45.1008],[-78.19143,45.09927],[-78.19399,45.10176],[-78.19579,45.10182],[-78.19741,45.10311],[-78.19978,45.10576],[-78.20009,45.10769],[-78.20665,45.10665],[-78.20933,45.10851],[-78.21272,45.11609],[-78.21455,45.11759],[-78.22032,45.11989],[-78.22064,45.11789],[-78.22277,45.11689],[-78.22344,45.11522],[-78.22508,45.11593],[-78.22615,45.11771],[-78.22942,45.11763],[-78.23115,45.11854],[-78.23296,45.11702],[-78.2316,45.11455],[-78.23216,45.11404],[-78.23706,45.11358],[-78.23984,45.11549],[-78.24224,45.11419],[-78.24096,45.11239],[-78.24167,45.11032],[-78.23809,45.1089],[-78.23574,45.10523],[-78.23519,45.10087],[-78.24108,45.09936],[-78.24307,45.09994],[-78.24663,45.09957],[-78.24769,45.09785],[-78.25067,45.09761],[-78.25408,45.10037],[-78.25377,45.10284],[-78.2556,45.10807],[-78.25695,45.10806],[-78.25814,45.10913],[-78.26286,45.10866],[-78.2632,45.11057],[-78.26576,45.11197],[-78.26944,45.11645],[-78.27016,45.11935],[-78.27497,45.11775],[-78.27652,45.12043],[-78.27658,45.12366],[-78.28043,45.12443],[-78.28209,45.12365],[-78.28255,45.12405],[-78.28261,45.12594],[-78.28142,45.12728],[-78.28223,45.13005],[-78.28073,45.13081],[-78.27566,45.13106],[-78.27637,45.13294],[-78.28004,45.13373],[-78.2797,45.13518],[-78.28122,45.13639],[-78.28106,45.14009],[-78.27905,45.14313],[-78.27964,45.14463],[-78.2811,45.14645],[-78.28508,45.14542],[-78.28829,45.148],[-78.28964,45.15046],[-78.29204,45.15135],[-78.29503,45.15443],[-78.29647,45.15505],[-78.29773,45.15473],[-78.29857,45.15581],[-78.29686,45.15862],[-78.29088,45.1621],[-78.29178,45.16455],[-78.2897,45.16514],[-78.28708,45.16394],[-78.28326,45.16511],[-78.28517,45.16606],[-78.28284,45.16981],[-78.28367,45.17087],[-78.28343,45.17399],[-78.28554,45.17605],[-78.28464,45.1768],[-78.2793,45.18015],[-78.27243,45.18098],[-78.2701,45.18257],[-78.26782,45.18257],[-78.26569,45.18355],[-78.26136,45.18289],[-78.25992,45.18395],[-78.25974,45.18642],[-78.25468,45.19005],[-78.25038,45.19034],[-78.2494,45.19159],[-78.24453,45.19206],[-78.24183,45.19113],[-78.24009,45.19378],[-78.24077,45.19499],[-78.23956,45.19673],[-78.24034,45.19809],[-78.23952,45.19922],[-78.23723,45.2006],[-78.22901,45.20123],[-78.2295,45.20483],[-78.23533,45.20738],[-78.23775,45.2104],[-78.24018,45.21088],[-78.24173,45.21212],[-78.2413,45.21357],[-78.24437,45.21512],[-78.23912,45.22459],[-78.24382,45.22784],[-78.24661,45.22783],[-78.24758,45.22541],[-78.24605,45.22364],[-78.24842,45.22217],[-78.25011,45.22241],[-78.25133,45.22158],[-78.25309,45.22185],[-78.25536,45.22423],[-78.2629,45.22389],[-78.26477,45.22764],[-78.26739,45.22683],[-78.27347,45.22748],[-78.27746,45.22503],[-78.28193,45.22543],[-78.28629,45.22304],[-78.29147,45.22432],[-78.2954,45.22434],[-78.29739,45.22268],[-78.29854,45.2227],[-78.30118,45.22632],[-78.30335,45.22684],[-78.30624,45.22598],[-78.30961,45.2279],[-78.31243,45.22678],[-78.31301,45.22414],[-78.31546,45.22384],[-78.31641,45.22442],[-78.31466,45.22688],[-78.31452,45.23022],[-78.31992,45.23248],[-78.32064,45.23567],[-78.32296,45.23612],[-78.32192,45.23898],[-78.32458,45.24059],[-78.32977,45.23993],[-78.33331,45.24075],[-78.33469,45.24193],[-78.33404,45.24358],[-78.33613,45.24516],[-78.33831,45.24506],[-78.34084,45.24254],[-78.34463,45.24311],[-78.3478,45.24197],[-78.35018,45.24196],[-78.35119,45.2437],[-78.35414,45.2444],[-78.35433,45.24558],[-78.35697,45.24763],[-78.35659,45.24894],[-78.35966,45.24897],[-78.36444,45.24588],[-78.36797,45.2457],[-78.3707,45.24329],[-78.37203,45.24346],[-78.37208,45.24429],[-78.37499,45.24604],[-78.37318,45.24906],[-78.37566,45.25004],[-78.38407,45.25068],[-78.38695,45.24912],[-78.38724,45.24655],[-78.39038,45.24692],[-78.39359,45.2508],[-78.39796,45.25031],[-78.39826,45.25312],[-78.39447,45.25442],[-78.39123,45.25877],[-78.38212,45.26172],[-78.37918,45.26122],[-78.37406,45.26251],[-78.36888,45.26229],[-78.36682,45.26447],[-78.36902,45.26638],[-78.37763,45.26577],[-78.37927,45.26661],[-78.38555,45.26679],[-78.38736,45.26743],[-78.39088,45.26566],[-78.39316,45.26618],[-78.39557,45.26506],[-78.39712,45.26368],[-78.3966,45.26207],[-78.39944,45.26092],[-78.40222,45.2637],[-78.40333,45.26799],[-78.403,45.271],[-78.40656,45.27299],[-78.40587,45.27494],[-78.40976,45.27826],[-78.40958,45.27901],[-78.40475,45.27961],[-78.40702,45.28238],[-78.40507,45.28459],[-78.40136,45.28575],[-78.39698,45.28577],[-78.39808,45.28737],[-78.39739,45.28983],[-78.39931,45.2918],[-78.3981,45.29377],[-78.40026,45.29506],[-78.40025,45.29741],[-78.40438,45.299],[-78.4045,45.29968],[-78.40659,45.29894],[-78.4092,45.29942],[-78.41207,45.29737],[-78.41476,45.29857],[-78.41776,45.29748],[-78.42632,45.29821],[-78.42805,45.2978],[-78.42942,45.29898],[-78.43554,45.2986],[-78.43872,45.29982],[-78.43878,45.30103],[-78.43474,45.30407],[-78.43729,45.30761],[-78.43841,45.30792],[-78.44094,45.30673],[-78.44183,45.30735],[-78.44019,45.30864],[-78.43879,45.31187],[-78.4369,45.3131],[-78.43814,45.31509],[-78.4356,45.31686],[-78.43375,45.31658],[-78.43186,45.31735],[-78.43019,45.32],[-78.42637,45.31999],[-78.42575,45.31926],[-78.42381,45.32027],[-78.41962,45.32087],[-78.42107,45.32387],[-78.4186,45.32606],[-78.41886,45.32737],[-78.41694,45.32873],[-78.41691,45.33042],[-78.41398,45.32984],[-78.41381,45.33102],[-78.41116,45.33209],[-78.4113,45.33341],[-78.41044,45.33374],[-78.41238,45.33841],[-78.41158,45.33915],[-78.41181,45.3416],[-78.40957,45.34274],[-78.4106,45.34319],[-78.41075,45.34517],[-78.40401,45.3475],[-78.40328,45.34938],[-78.40191,45.34956],[-78.40276,45.35213],[-78.40756,45.35157],[-78.40984,45.34973],[-78.41229,45.35089],[-78.41095,45.35309],[-78.41145,45.35817],[-78.40969,45.36098],[-78.41058,45.36706],[-78.41525,45.36714],[-78.41564,45.36851],[-78.41734,45.36966],[-78.41912,45.36775],[-78.42305,45.36867],[-78.42367,45.36948],[-78.42587,45.36799]]]}},{"type":"Feature","properties":{"OGF_ID":60000287},"geometry":{"type":"Polygon","coordinates":[[[-77.98014,45.07352],[-77.98161,45.07323],[-77.98205,45.07222],[-77.98561,45.0718],[-77.98954,45.06601],[-77.99213,45.06645],[-77.99407,45.06246],[-77.99571,45.06114],[-77.99552,45.0593],[-77.99671,45.05874],[-77.99572,45.06156],[-77.99695,45.06244],[-78.00216,45.06353],[-78.00588,45.06294],[-78.00796,45.06624],[-78.0119,45.06597],[-78.01461,45.06804],[-78.01657,45.06433],[-78.01948,45.06381],[-78.02348,45.06421],[-78.02313,45.0633],[-78.02489,45.06135],[-78.02931,45.05841],[-78.03275,45.05828],[-78.03491,45.05717],[-78.03584,45.05456],[-78.04135,45.0551],[-78.04282,45.05942],[-78.04479,45.05981],[-78.04922,45.06254],[-78.04964,45.0663],[-78.05076,45.06664],[-78.05174,45.06557],[-78.05598,45.06538],[-78.05773,45.06714],[-78.05879,45.06716],[-78.05901,45.06367],[-78.06022,45.06198],[-78.05991,45.05946],[-78.06143,45.05864],[-78.06396,45.05937],[-78.06685,45.05848],[-78.06932,45.05972],[-78.07061,45.06138],[-78.07182,45.0599],[-78.07314,45.05969],[-78.07299,45.05658],[-78.07557,45.05597],[-78.07622,45.05014],[-78.08061,45.04806],[-78.08171,45.04881],[-78.08085,45.05],[-78.08348,45.05125],[-78.08287,45.05608],[-78.08672,45.0554],[-78.09099,45.05611],[-78.09454,45.05554],[-78.09584,45.05452],[-78.09556,45.05188],[-78.09774,45.05018],[-78.10152,45.04938],[-78.10281,45.05014],[-78.1032,45.0528],[-78.10693,45.05312],[-78.11048,45.05461],[-78.11462,45.05376],[-78.11712,45.05406],[-78.12094,45.05015],[-78.12251,45.04963],[-78.12413,45.05072],[-78.12717,45.0506],[-78.1284,45.04925],[-78.12806,45.04795],[-78.12987,45.0464],[-78.13443,45.04605],[-78.13278,45.04374],[-78.13379,45.04062],[-78.13324,45.03973],[-78.13697,45.03644],[-78.14089,45.03967],[-78.14356,45.03993],[-78.14665,45.0421],[-78.15163,45.04291],[-78.15221,45.04393],[-78.15685,45.04092],[-78.15509,45.04005],[-78.15381,45.03812],[-78.1539,45.03595],[-78.15623,45.03498],[-78.15177,45.03247],[-78.15483,45.03066],[-78.15246,45.02878],[-78.14817,45.02862],[-78.14817,45.02671],[-78.14603,45.02508],[-78.14537,45.02034],[-78.14589,45.01567],[-78.14938,45.01464],[-78.1507,45.01131],[-78.15445,45.01061],[-78.15361,45.00873],[-78.15,45.00535],[-78.15066,45.00435],[-78.14796,45.00224],[-78.14785,45.00027],[-78.14646,44.99875],[-78.14815,44.99626],[-78.14981,44.99557],[-78.14602,44.99453],[-78.14571,44.99332],[-78.1427,44.99225],[-78.15002,44.98597],[-78.15264,44.98451],[-78.15625,44.98406],[-78.15862,44.98234],[-78.15968,44.97914],[-78.15618,44.97885],[-78.15488,44.9767],[-78.1512,44.97782],[-78.15062,44.97738],[-78.14919,44.97717],[-78.149,44.97559],[-78.14293,44.97481],[-78.14197,44.97528],[-78.14085,44.9737],[-78.13942,44.97584],[-78.1367,44.97574],[-78.13025,44.97775],[-78.12782,44.97452],[-78.12256,44.97226],[-78.12042,44.96903],[-78.12118,44.96735],[-78.11977,44.96653],[-78.1205,44.96432],[-78.11945,44.96255],[-78.1182,44.96308],[-78.11667,44.96589],[-78.11552,44.9658],[-78.11522,44.96721],[-78.11313,44.9659],[-78.11061,44.96836],[-78.1074,44.96802],[-78.10712,44.96719],[-78.10569,44.96711],[-78.10554,44.96365],[-78.10088,44.95747],[-78.09782,44.95841],[-78.09487,44.95597],[-78.09114,44.95687],[-78.08995,44.95612],[-78.08735,44.95604],[-78.0845,44.95724],[-78.08313,44.95547],[-78.08129,44.95517],[-78.08,44.95371],[-78.08036,44.9514],[-78.08208,44.95103],[-78.0828,44.94854],[-78.08734,44.94496],[-78.08625,44.94243],[-78.08736,44.94144],[-78.08558,44.93813],[-78.08594,44.93491],[-78.08705,44.93434],[-78.08902,44.93594],[-78.09276,44.93677],[-78.09393,44.93542],[-78.09341,44.93425],[-78.0949,44.9343],[-78.0955,44.93344],[-78.09702,44.93406],[-78.10048,44.93226],[-78.09722,44.92882],[-78.09401,44.92781],[-78.09519,44.92522],[-78.09248,44.92414],[-78.09178,44.92188],[-78.08873,44.92118],[-78.08696,44.91994],[-78.08504,44.92018],[-78.08508,44.91773],[-78.08047,44.91709],[-78.08057,44.91444],[-78.08233,44.91149],[-78.08147,44.91068],[-78.07962,44.91185],[-78.07835,44.91176],[-78.07716,44.9144],[-78.07313,44.91469],[-78.07212,44.914],[-78.07415,44.91276],[-78.07303,44.9105],[-78.07578,44.90735],[-78.07612,44.90203],[-78.07719,44.89994],[-78.07599,44.89911],[-78.07337,44.89919],[-78.07355,44.89711],[-78.07202,44.89587],[-78.0693,44.89649],[-78.06713,44.89576],[-78.06734,44.89258],[-78.06605,44.89203],[-78.06618,44.89097],[-78.06901,44.88614],[-78.07458,44.88316],[-78.07558,44.884],[-78.07665,44.88342],[-78.08012,44.88005],[-78.08047,44.87788],[-78.07921,44.87719],[-78.07991,44.87601],[-78.07817,44.87499],[-78.07867,44.87409],[-78.0767,44.87222],[-78.07444,44.87183],[-78.07347,44.87047],[-78.07593,44.86748],[-78.07454,44.86718],[-78.07215,44.8644],[-78.06825,44.8642],[-78.06808,44.86327],[-78.06518,44.86415],[-78.06269,44.8635],[-78.06233,44.865],[-78.06566,44.86765],[-78.06369,44.86861],[-78.05852,44.86789],[-78.05719,44.8707],[-78.06012,44.8708],[-78.06035,44.87175],[-78.06326,44.87277],[-78.05726,44.87767],[-78.05699,44.87905],[-78.05338,44.87955],[-78.0529,44.88199],[-78.05021,44.88377],[-78.05132,44.88595],[-78.05025,44.88716],[-78.04915,44.88791],[-78.04763,44.88693],[-78.04365,44.88749],[-78.04147,44.88923],[-78.04139,44.89131],[-78.03755,44.89127],[-78.03592,44.89212],[-78.03613,44.8958],[-78.03495,44.89759],[-78.03489,44.90053],[-78.03351,44.90057],[-78.03028,44.90272],[-78.0312,44.90824],[-78.0281,44.90927],[-78.02724,44.91065],[-78.02482,44.91022],[-78.02446,44.90936],[-78.02425,44.90582],[-78.02535,44.90503],[-78.02419,44.90467],[-78.02379,44.90234],[-78.0253,44.90176],[-78.02595,44.89987],[-78.02281,44.89972],[-78.02414,44.89541],[-78.02374,44.89264],[-78.02175,44.89274],[-78.01981,44.89411],[-78.01805,44.89375],[-78.01769,44.8914],[-78.02068,44.89052],[-78.02076,44.88824],[-78.02411,44.88519],[-78.02177,44.88391],[-78.0221,44.88252],[-78.02048,44.88149],[-78.02261,44.88004],[-78.02251,44.8793],[-78.02496,44.87814],[-78.02512,44.877],[-78.02857,44.87488],[-78.02685,44.87305],[-78.03131,44.86868],[-78.02892,44.8672],[-78.02732,44.86784],[-78.02525,44.86741],[-78.02419,44.86623],[-78.02503,44.86557],[-78.0212,44.86467],[-78.02085,44.86379],[-78.02235,44.86352],[-78.02331,44.86182],[-78.01961,44.85717],[-78.02447,44.85412],[-78.02927,44.85599],[-78.03301,44.8546],[-78.03453,44.85685],[-78.03893,44.86009],[-78.04333,44.86085],[-78.04517,44.86007],[-78.05086,44.85483],[-78.05911,44.85073],[-78.06107,44.85033],[-78.06408,44.85098],[-78.06335,44.84989],[-78.06385,44.84814],[-78.06697,44.84637],[-78.06765,44.8448],[-78.07147,44.84384],[-78.07409,44.84029],[-78.07829,44.83784],[-78.08127,44.83406],[-78.08412,44.83264],[-78.0867,44.8299],[-78.08682,44.8292],[-78.08494,44.82844],[-78.08523,44.82729],[-78.08301,44.82669],[-78.08218,44.82534],[-78.08278,44.8244],[-78.08099,44.82263],[-78.0784,44.82205],[-78.07785,44.82093],[-78.07403,44.82116],[-78.07121,44.81972],[-78.07272,44.81751],[-78.0747,44.81811],[-78.07542,44.81709],[-78.07323,44.81509],[-78.07251,44.81235],[-78.07087,44.81161],[-78.0704,44.80923],[-78.06898,44.80834],[-78.07001,44.80737],[-78.0684,44.80603],[-78.06916,44.80142],[-78.06838,44.80074],[-78.06948,44.79977],[-78.06888,44.79764],[-78.07062,44.79518],[-78.07035,44.79405],[-78.07145,44.79341],[-78.07561,44.79383],[-78.07509,44.79075],[-78.07998,44.7876],[-78.07913,44.78447],[-78.07665,44.78556],[-78.0748,44.78543],[-78.07276,44.78664],[-78.06961,44.78664],[-78.06548,44.78358],[-78.06835,44.78244],[-78.06757,44.78104],[-78.06853,44.77941],[-78.06775,44.7788],[-78.06494,44.77706],[-78.06447,44.77815],[-78.06155,44.7786],[-78.06083,44.77829],[-78.06148,44.77755],[-78.05919,44.77591],[-78.05652,44.77659],[-78.05608,44.77511],[-78.05356,44.77508],[-78.0512,44.77401],[-78.05204,44.77242],[-78.04916,44.77217],[-78.04327,44.77021],[-78.04135,44.76852],[-78.0372,44.76875],[-78.03496,44.76975],[-78.03043,44.76925],[-78.02928,44.76993],[-78.03029,44.77082],[-78.02992,44.77303],[-78.02874,44.77368],[-78.02652,44.77236],[-78.02121,44.77187],[-78.01949,44.77293],[-78.0166,44.7718],[-78.01507,44.7727],[-78.01225,44.77002],[-78.01057,44.77101],[-78.00683,44.77013],[-78.00688,44.76781],[-78.0031,44.76745],[-78.00142,44.76582],[-77.99834,44.76608],[-77.99733,44.76996],[-77.9956,44.77042],[-77.9923,44.76852],[-77.99086,44.76688],[-77.99137,44.76526],[-77.98969,44.76447],[-77.98795,44.76188],[-77.98842,44.76107],[-77.99094,44.76174],[-77.99175,44.76093],[-77.99094,44.75974],[-77.98872,44.75786],[-77.98544,44.75686],[-77.98448,44.75725],[-77.98308,44.75608],[-77.98142,44.75597],[-77.97898,44.7534],[-77.97742,44.75325],[-77.97627,44.75431],[-77.97424,44.75438],[-77.96839,44.75182],[-77.96489,44.75206],[-77.95664,44.75066],[-77.95543,44.7482],[-77.95592,44.74693],[-77.95499,44.74652],[-77.94952,44.74778],[-77.94724,44.74543],[-77.94524,44.74592],[-77.94506,44.74715],[-77.94377,44.74778],[-77.94019,44.74826],[-77.93526,44.74537],[-77.93311,44.7459],[-77.93272,44.74531],[-77.9285,44.74746],[-77.92537,44.74765],[-77.92509,44.74566],[-77.92339,44.74443],[-77.9219,44.74529],[-77.91965,44.74422],[-77.92337,44.74192],[-77.9235,44.7381],[-77.92512,44.73396],[-77.92627,44.73321],[-77.92513,44.73144],[-77.9276,44.72904],[-77.92751,44.72743],[-77.93124,44.72447],[-77.93036,44.72106],[-77.93437,44.71787],[-77.93387,44.71671],[-77.93599,44.71526],[-77.93594,44.71352],[-77.9416,44.70748],[-77.94188,44.7062],[-77.94017,44.70553],[-77.94111,44.70412],[-77.94426,44.70298],[-77.94253,44.70066],[-77.94316,44.69867],[-77.94538,44.69757],[-77.94511,44.69531],[-77.94665,44.69433],[-77.94951,44.69402],[-77.94999,44.69097],[-77.95192,44.68937],[-77.95183,44.68854],[-77.95371,44.68754],[-77.95471,44.68778],[-77.95596,44.68667],[-77.95769,44.68738],[-77.95844,44.68648],[-77.964,44.68477],[-77.96504,44.68262],[-77.96327,44.68094],[-77.96377,44.67833],[-77.9657,44.67789],[-77.9711,44.67451],[-77.97023,44.67282],[-77.97218,44.671],[-77.97368,44.66528],[-77.97733,44.65804],[-77.97893,44.65767],[-77.98064,44.65358],[-77.97999,44.6527],[-77.98462,44.64723],[-77.98467,44.64526],[-77.98803,44.64228],[-77.98822,44.64089],[-77.99129,44.63885],[-77.99261,44.63887],[-77.99438,44.63637],[-77.998,44.63429],[-77.99841,44.63283],[-78.00043,44.63145],[-78.00024,44.63045],[-77.99869,44.6305],[-77.99627,44.62882],[-77.99918,44.62502],[-77.99499,44.62215],[-77.99553,44.62094],[-77.99353,44.62085],[-77.99154,44.62296],[-77.99062,44.62256],[-77.9911,44.62143],[-77.98927,44.62033],[-77.99323,44.61744],[-77.99625,44.61289],[-77.99762,44.6127],[-77.99704,44.6118],[-78.00002,44.61027],[-78.00053,44.60831],[-77.99861,44.60741],[-77.99724,44.60759],[-77.99561,44.60484],[-77.99309,44.60598],[-77.98509,44.60555],[-77.98316,44.60434],[-77.98203,44.60147],[-77.98325,44.60074],[-77.98421,44.59836],[-77.98593,44.59754],[-77.98994,44.59876],[-77.99118,44.60105],[-77.99257,44.6004],[-77.99432,44.60132],[-77.99592,44.60099],[-77.99477,44.59892],[-77.99701,44.59593],[-77.99478,44.59384],[-77.99534,44.59135],[-77.99361,44.58995],[-77.99542,44.58921],[-77.99395,44.58758],[-77.99469,44.58653],[-77.99226,44.58394],[-77.99391,44.58251],[-77.9922,44.58097],[-77.99326,44.57862],[-77.99238,44.57642],[-77.99348,44.57558],[-77.99563,44.57659],[-77.99843,44.57648],[-77.99918,44.57568],[-78.0011,44.57681],[-78.00558,44.57574],[-78.0084,44.57602],[-78.00787,44.57422],[-78.01053,44.57265],[-78.00978,44.57162],[-78.01218,44.57024],[-78.01242,44.56833],[-78.0122,44.567],[-78.00981,44.56551],[-78.01159,44.56087],[-78.01046,44.56073],[-78.01043,44.55957],[-78.00688,44.55499],[-78.00486,44.55469],[-78.00171,44.55721],[-78.00095,44.55658],[-78.00138,44.55548],[-77.99884,44.55425],[-77.99838,44.55262],[-77.99938,44.55135],[-77.99749,44.54959],[-77.9954,44.54981],[-77.9944,44.55147],[-77.99071,44.55145],[-77.98793,44.54891],[-77.98807,44.54469],[-77.98734,44.54383],[-77.98477,44.54387],[-77.98144,44.54558],[-77.97697,44.54343],[-77.97649,44.54149],[-77.97429,44.54002],[-77.98011,44.5366],[-77.97906,44.53547],[-77.97974,44.53448],[-77.98127,44.53392],[-77.98318,44.53456],[-77.98885,44.53102],[-77.9892,44.53],[-77.98748,44.52987],[-77.98716,44.52776],[-77.98581,44.52628],[-77.98658,44.52311],[-77.98046,44.5245],[-77.97226,44.52095],[-77.97111,44.5191],[-77.9685,44.52024],[-77.96787,44.51951],[-77.96976,44.51678],[-77.96995,44.51303],[-77.96871,44.51188],[-77.96992,44.5107],[-77.96929,44.50963],[-77.9719,44.50898],[-77.97454,44.50434],[-77.97369,44.50182],[-77.97608,44.49706],[-77.97525,44.49407],[-77.97765,44.49079],[-77.97589,44.48863],[-77.97718,44.48686],[-77.9739,44.48445],[-77.97893,44.48066],[-77.97855,44.47818],[-77.97621,44.47695],[-77.97438,44.47727],[-77.97326,44.47636],[-77.97414,44.47118],[-77.97292,44.46794],[-77.9748,44.46657],[-77.97468,44.46514],[-77.97289,44.46554],[-77.97189,44.46393],[-77.96834,44.46427],[-77.96738,44.46377],[-77.96867,44.46196],[-77.96502,44.45874],[-77.96466,44.45681],[-77.96347,44.45715],[-77.96173,44.4601],[-77.9583,44.46148],[-77.95245,44.4592],[-77.952,44.45774],[-77.9469,44.45673],[-77.94524,44.45551],[-77.94759,44.45163],[-77.94663,44.45149],[-77.94627,44.4503],[-77.94324,44.45045],[-77.94248,44.44983],[-77.94347,44.44899],[-77.94224,44.44829],[-77.94544,44.4472],[-77.9489,44.44707],[-77.95036,44.44603],[-77.94939,44.44553],[-77.95028,44.44368],[-77.94888,44.44292],[-77.94832,44.44086],[-77.94966,44.43641],[-77.94771,44.43432],[-77.95292,44.42831],[-77.94892,44.42649],[-77.94431,44.42611],[-77.94208,44.4267],[-77.9366,44.42603],[-77.93319,44.42451],[-77.93296,44.42365],[-77.93079,44.42419],[-77.92901,44.42324],[-77.93115,44.42175],[-77.93065,44.419],[-77.93392,44.41687],[-77.9333,44.41576],[-77.93495,44.41446],[-77.93473,44.41298],[-77.93629,44.4125],[-77.93671,44.41086],[-77.93802,44.41059],[-77.9363,44.40836],[-77.93249,44.41012],[-77.93025,44.41251],[-77.92978,44.41435],[-77.92384,44.41786],[-77.92249,44.41665],[-77.92322,44.41593],[-77.92255,44.41382],[-77.92007,44.41361],[-77.91954,44.41296],[-77.91749,44.40721],[-77.91612,44.40599],[-77.91645,44.40508],[-77.91395,44.40297],[-77.91049,44.40519],[-77.91147,44.41029],[-77.91083,44.41209],[-77.90737,44.41548],[-77.90815,44.4162],[-77.90753,44.4174],[-77.90519,44.41868],[-77.90273,44.41742],[-77.89844,44.41806],[-77.89902,44.41914],[-77.8987,44.42091],[-77.89758,44.42159],[-77.89777,44.42355],[-77.89999,44.42552],[-77.89877,44.42808],[-77.89271,44.42637],[-77.89046,44.42431],[-77.88885,44.42626],[-77.88273,44.42738],[-77.87889,44.42712],[-77.8754,44.42805],[-77.87403,44.42645],[-77.87188,44.4256],[-77.8667,44.42512],[-77.86501,44.42317],[-77.86075,44.42088],[-77.85668,44.42115],[-77.85215,44.41649],[-77.84672,44.41524],[-77.84515,44.41768],[-77.84555,44.42037],[-77.84282,44.42191],[-77.84077,44.42426],[-77.84128,44.42507],[-77.83952,44.42539],[-77.83944,44.42763],[-77.83691,44.431],[-77.83769,44.43401],[-77.8361,44.43499],[-77.83854,44.43626],[-77.83415,44.43861],[-77.83334,44.44001],[-77.8313,44.43976],[-77.83205,44.43839],[-77.83083,44.43722],[-77.82889,44.43803],[-77.8241,44.43785],[-77.82163,44.43954],[-77.81948,44.43637],[-77.81692,44.43616],[-77.81587,44.43509],[-77.81485,44.43544],[-77.81408,44.43805],[-77.81227,44.43682],[-77.8103,44.43684],[-77.809,44.4389],[-77.80633,44.43972],[-77.80149,44.43448],[-77.7996,44.43383],[-77.79617,44.43748],[-77.79296,44.43874],[-77.78364,44.43157],[-77.78172,44.43194],[-77.78141,44.43092],[-77.78422,44.4292],[-77.78257,44.42587],[-77.77854,44.42888],[-77.77633,44.42904],[-77.77117,44.43405],[-77.7698,44.43364],[-77.77095,44.43036],[-77.76971,44.42956],[-77.76845,44.42665],[-77.76493,44.42504],[-77.75905,44.42426],[-77.75886,44.4228],[-77.76081,44.4216],[-77.75922,44.42026],[-77.76097,44.41835],[-77.76447,44.41721],[-77.76723,44.41458],[-77.76985,44.41383],[-77.77117,44.41491],[-77.77282,44.41338],[-77.77585,44.41367],[-77.77654,44.4127],[-77.77535,44.41],[-77.77607,44.40926],[-77.77471,44.40811],[-77.77857,44.40538],[-77.77884,44.40349],[-77.7769,44.40143],[-77.77423,44.40125],[-77.77543,44.39901],[-77.77469,44.39743],[-77.77744,44.3956],[-77.77879,44.3958],[-77.77991,44.39439],[-77.77847,44.39428],[-77.77737,44.39299],[-77.77561,44.39378],[-77.77417,44.3928],[-77.77712,44.39087],[-77.77489,44.38904],[-77.77474,44.38653],[-77.77301,44.38684],[-77.76752,44.38457],[-77.76401,44.38485],[-77.76367,44.38641],[-77.76236,44.38673],[-77.76041,44.38547],[-77.75935,44.38259],[-77.75725,44.38254],[-77.75574,44.38142],[-77.75566,44.37905],[-77.75465,44.37894],[-77.75221,44.38095],[-77.74076,44.38016],[-77.74031,44.37698],[-77.7426,44.37724],[-77.74527,44.37583],[-77.7456,44.37229],[-77.7467,44.37107],[-77.74587,44.36995],[-77.74295,44.36959],[-77.7415,44.36739],[-77.73815,44.36779],[-77.73695,44.36589],[-77.7352,44.36558],[-77.73465,44.3665],[-77.73114,44.36762],[-77.72971,44.36926],[-77.73059,44.36972],[-77.73081,44.37366],[-77.73202,44.37505],[-77.73037,44.37771],[-77.72779,44.37861],[-77.72751,44.38118],[-77.72864,44.38224],[-77.72593,44.38379],[-77.71906,44.38412],[-77.71802,44.38457],[-77.71791,44.38604],[-77.71502,44.3831],[-77.71313,44.38495],[-77.71078,44.38537],[-77.70723,44.38331],[-77.70638,44.38669],[-77.7023,44.38797],[-77.70073,44.38569],[-77.69756,44.38551],[-77.69429,44.38429],[-77.69301,44.38488],[-77.69351,44.38621],[-77.69055,44.38518],[-77.68753,44.38732],[-77.68869,44.38959],[-77.68678,44.38984],[-77.68538,44.39112],[-77.68665,44.39183],[-77.6882,44.39505],[-77.69418,44.39385],[-77.69574,44.39532],[-77.69103,44.39672],[-77.69151,44.3983],[-77.68747,44.39924],[-77.68926,44.40197],[-77.68853,44.40391],[-77.68997,44.40815],[-77.6918,44.40949],[-77.69466,44.40864],[-77.69454,44.41041],[-77.69227,44.41183],[-77.68822,44.41076],[-77.68425,44.41499],[-77.68216,44.41553],[-77.68017,44.41486],[-77.67961,44.41831],[-77.6784,44.41984],[-77.6806,44.42056],[-77.67853,44.42169],[-77.67877,44.42288],[-77.6771,44.42534],[-77.67459,44.42662],[-77.67442,44.42856],[-77.67325,44.42899],[-77.67382,44.43048],[-77.67269,44.43127],[-77.67369,44.43231],[-77.67114,44.43287],[-77.67118,44.43443],[-77.66829,44.43607],[-77.66894,44.43666],[-77.66846,44.44001],[-77.66684,44.4395],[-77.66427,44.44098],[-77.66311,44.44077],[-77.66168,44.44201],[-77.65573,44.43978],[-77.65318,44.44159],[-77.65289,44.44311],[-77.65956,44.4427],[-77.6608,44.44416],[-77.66318,44.44334],[-77.66234,44.44552],[-77.66582,44.44657],[-77.6658,44.44751],[-77.66375,44.44856],[-77.66441,44.45089],[-77.66651,44.4528],[-77.66303,44.45588],[-77.66107,44.45647],[-77.66106,44.45745],[-77.66302,44.45896],[-77.66206,44.46031],[-77.66253,44.46112],[-77.65963,44.46276],[-77.6597,44.46422],[-77.65873,44.46485],[-77.66022,44.46697],[-77.65617,44.46934],[-77.66046,44.47275],[-77.66268,44.4725],[-77.66631,44.47586],[-77.6662,44.47768],[-77.66512,44.47887],[-77.66318,44.47923],[-77.66125,44.4826],[-77.66428,44.48356],[-77.66447,44.48468],[-77.66875,44.48726],[-77.66922,44.48829],[-77.67351,44.48933],[-77.67658,44.48821],[-77.67727,44.48981],[-77.68247,44.49245],[-77.68121,44.49355],[-77.68076,44.496],[-77.68158,44.49788],[-77.68027,44.49907],[-77.68059,44.50112],[-77.67623,44.50329],[-77.67526,44.50109],[-77.67368,44.5018],[-77.67194,44.50104],[-77.66901,44.50271],[-77.66593,44.50211],[-77.6646,44.50262],[-77.66346,44.5042],[-77.66527,44.50678],[-77.66434,44.50722],[-77.66168,44.51312],[-77.65904,44.5147],[-77.66129,44.51711],[-77.65828,44.51797],[-77.65659,44.5169],[-77.65407,44.51941],[-77.65455,44.52011],[-77.65874,44.52116],[-77.65677,44.52326],[-77.65961,44.52663],[-77.65863,44.52794],[-77.66517,44.52875],[-77.66296,44.53073],[-77.66573,44.53519],[-77.6637,44.53809],[-77.66491,44.54287],[-77.66418,44.54617],[-77.66536,44.54725],[-77.66398,44.54848],[-77.6645,44.54989],[-77.66672,44.55223],[-77.66885,44.55153],[-77.66903,44.55076],[-77.67025,44.55081],[-77.66947,44.55374],[-77.67105,44.55427],[-77.67197,44.55624],[-77.67306,44.55657],[-77.67283,44.55943],[-77.67656,44.56087],[-77.67837,44.5628],[-77.6718,44.56727],[-77.6739,44.56947],[-77.67179,44.57102],[-77.67523,44.57159],[-77.67437,44.57299],[-77.67616,44.57498],[-77.67572,44.5768],[-77.67969,44.57724],[-77.67886,44.57797],[-77.67942,44.57977],[-77.67796,44.58083],[-77.67614,44.58092],[-77.67861,44.58267],[-77.67533,44.58693],[-77.67777,44.5882],[-77.67732,44.58888],[-77.67328,44.58931],[-77.67162,44.59127],[-77.67248,44.59301],[-77.67123,44.59393],[-77.67293,44.5956],[-77.67186,44.59783],[-77.6729,44.59888],[-77.67204,44.59963],[-77.67293,44.60234],[-77.6711,44.60411],[-77.66767,44.60553],[-77.6675,44.60675],[-77.66486,44.60872],[-77.66643,44.61075],[-77.66582,44.61181],[-77.66679,44.61329],[-77.66949,44.61423],[-77.66957,44.6166],[-77.67166,44.61647],[-77.67401,44.61881],[-77.67362,44.62188],[-77.67861,44.62323],[-77.67955,44.6239],[-77.67918,44.62536],[-77.68151,44.62623],[-77.67935,44.62861],[-77.6776,44.62779],[-77.67525,44.62812],[-77.6713,44.62618],[-77.66963,44.62657],[-77.6668,44.62782],[-77.66837,44.62946],[-77.6629,44.63168],[-77.66389,44.63434],[-77.66242,44.63557],[-77.66553,44.63934],[-77.66365,44.64062],[-77.66344,44.64246],[-77.66473,44.64356],[-77.66875,44.64433],[-77.67021,44.64933],[-77.66811,44.65009],[-77.66913,44.6519],[-77.66729,44.65377],[-77.66295,44.65476],[-77.662,44.65755],[-77.66294,44.65861],[-77.65886,44.6624],[-77.65754,44.66277],[-77.65512,44.66095],[-77.65338,44.66397],[-77.65121,44.66275],[-77.65028,44.66429],[-77.64801,44.66482],[-77.64706,44.66654],[-77.64537,44.66715],[-77.6413,44.6668],[-77.64087,44.6761],[-77.64213,44.6796],[-77.6398,44.68271],[-77.64095,44.68316],[-77.64474,44.68205],[-77.64664,44.68364],[-77.64796,44.68354],[-77.64953,44.68502],[-77.6515,44.68543],[-77.65203,44.68677],[-77.65378,44.68617],[-77.658,44.68699],[-77.65665,44.68922],[-77.65882,44.68971],[-77.65862,44.69121],[-77.65057,44.69442],[-77.64769,44.69708],[-77.64691,44.69923],[-77.64408,44.6994],[-77.64203,44.6987],[-77.63931,44.69986],[-77.63788,44.70314],[-77.63698,44.702],[-77.63477,44.70185],[-77.63424,44.70058],[-77.63159,44.70258],[-77.62797,44.70208],[-77.6265,44.70102],[-77.62459,44.70123],[-77.61778,44.70531],[-77.61583,44.70438],[-77.61319,44.70555],[-77.61211,44.70831],[-77.61034,44.70918],[-77.61329,44.71176],[-77.61264,44.71558],[-77.6112,44.71622],[-77.61091,44.71759],[-77.60809,44.71775],[-77.60751,44.71974],[-77.6054,44.72092],[-77.60658,44.72365],[-77.60847,44.72525],[-77.60586,44.72753],[-77.60834,44.7285],[-77.61109,44.72789],[-77.61379,44.72897],[-77.61492,44.73161],[-77.61429,44.73289],[-77.61613,44.73453],[-77.61235,44.73779],[-77.61382,44.73914],[-77.6134,44.7411],[-77.61481,44.74199],[-77.61401,44.74296],[-77.61463,44.74422],[-77.61285,44.74597],[-77.61479,44.7463],[-77.61483,44.74881],[-77.61601,44.74995],[-77.61404,44.75278],[-77.61359,44.75831],[-77.61126,44.7605],[-77.61199,44.76125],[-77.61345,44.76124],[-77.61588,44.75992],[-77.61686,44.76024],[-77.61717,44.76178],[-77.6202,44.76329],[-77.62135,44.76289],[-77.62357,44.76355],[-77.62425,44.7641],[-77.62312,44.76486],[-77.62337,44.76567],[-77.62543,44.76561],[-77.62797,44.76673],[-77.62795,44.76835],[-77.62938,44.76812],[-77.63061,44.76965],[-77.63295,44.77039],[-77.6342,44.77316],[-77.63703,44.77249],[-77.64229,44.77291],[-77.64363,44.77201],[-77.64436,44.77393],[-77.64709,44.77462],[-77.6479,44.77584],[-77.65717,44.77759],[-77.65764,44.77855],[-77.65358,44.78227],[-77.65363,44.78618],[-77.65241,44.78663],[-77.65337,44.78747],[-77.65294,44.78975],[-77.65334,44.7906],[-77.65658,44.79006],[-77.65732,44.7908],[-77.65853,44.79068],[-77.65973,44.79212],[-77.66308,44.79252],[-77.66207,44.79463],[-77.66403,44.797],[-77.65704,44.79813],[-77.65478,44.79688],[-77.65193,44.79673],[-77.65061,44.79754],[-77.64919,44.79555],[-77.64724,44.79541],[-77.6468,44.79322],[-77.64543,44.79242],[-77.6432,44.79599],[-77.64571,44.79863],[-77.64124,44.80006],[-77.63943,44.80178],[-77.63744,44.80059],[-77.63621,44.80062],[-77.63491,44.80185],[-77.62939,44.80075],[-77.61882,44.80624],[-77.61744,44.80558],[-77.61659,44.80694],[-77.61232,44.80952],[-77.61068,44.80949],[-77.61136,44.81143],[-77.60943,44.81122],[-77.60613,44.81378],[-77.60258,44.8127],[-77.59896,44.81464],[-77.59515,44.81464],[-77.5941,44.81403],[-77.59289,44.81453],[-77.58918,44.81389],[-77.58885,44.81279],[-77.58545,44.8121],[-77.58414,44.81462],[-77.5851,44.8158],[-77.58316,44.81969],[-77.57798,44.82148],[-77.57627,44.83391],[-77.57258,44.83514],[-77.57084,44.83743],[-77.5713,44.84],[-77.57014,44.84025],[-77.56942,44.84177],[-77.57148,44.84357],[-77.5703,44.84505],[-77.57068,44.84743],[-77.56628,44.84895],[-77.56564,44.85041],[-77.56276,44.85257],[-77.56445,44.85531],[-77.56301,44.85686],[-77.55983,44.85648],[-77.55781,44.85852],[-77.55462,44.85812],[-77.55249,44.86023],[-77.55002,44.85791],[-77.54658,44.85749],[-77.54299,44.86327],[-77.54068,44.86491],[-77.54196,44.86711],[-77.54479,44.86619],[-77.54667,44.86893],[-77.5437,44.86939],[-77.54241,44.87031],[-77.54129,44.87005],[-77.54105,44.87267],[-77.53657,44.87554],[-77.53907,44.87729],[-77.54098,44.87643],[-77.54141,44.87871],[-77.53713,44.883],[-77.537,44.88557],[-77.53483,44.88676],[-77.53552,44.88804],[-77.53275,44.89009],[-77.53216,44.89188],[-77.52396,44.89927],[-77.5211,44.90065],[-77.51993,44.90012],[-77.52003,44.89864],[-77.51703,44.89757],[-77.51421,44.89928],[-77.51248,44.89831],[-77.50976,44.89848],[-77.50816,44.89767],[-77.50694,44.89821],[-77.50373,44.8981],[-77.50172,44.89726],[-77.49818,44.89764],[-77.49639,44.90042],[-77.49949,44.90325],[-77.50372,44.9049],[-77.50307,44.9058],[-77.50028,44.90604],[-77.49928,44.9073],[-77.50124,44.91168],[-77.50031,44.91255],[-77.50021,44.91558],[-77.49828,44.91566],[-77.50095,44.91778],[-77.50077,44.91891],[-77.49931,44.91962],[-77.49726,44.91949],[-77.49003,44.91555],[-77.48636,44.91751],[-77.48684,44.91879],[-77.48455,44.9205],[-77.48484,44.92304],[-77.4891,44.92373],[-77.49101,44.92498],[-77.49236,44.9273],[-77.49451,44.92646],[-77.49732,44.92674],[-77.49819,44.92751],[-77.49464,44.93069],[-77.49016,44.93233],[-77.49401,44.93385],[-77.49416,44.93661],[-77.49285,44.93824],[-77.50144,44.9431],[-77.50304,44.94552],[-77.50197,44.94706],[-77.50384,44.94907],[-77.5065,44.94894],[-77.50886,44.9509],[-77.50772,44.95204],[-77.50888,44.95365],[-77.50732,44.95432],[-77.51051,44.9566],[-77.51042,44.95816],[-77.50931,44.95885],[-77.51214,44.96278],[-77.51759,44.9632],[-77.52832,44.9702],[-77.52779,44.97204],[-77.52597,44.97313],[-77.53023,44.97586],[-77.53318,44.97595],[-77.53319,44.97474],[-77.53625,44.97396],[-77.53741,44.97652],[-77.53941,44.97782],[-77.54257,44.98206],[-77.54268,44.98363],[-77.54765,44.98764],[-77.55303,44.98941],[-77.55684,44.99314],[-77.55844,44.99374],[-77.55942,44.99247],[-77.56133,44.99254],[-77.55997,44.98999],[-77.56317,44.98841],[-77.56672,44.99102],[-77.56959,44.98923],[-77.57622,44.99093],[-77.57876,44.99241],[-77.58027,44.99457],[-77.57724,44.99581],[-77.5796,44.99696],[-77.58005,44.99787],[-77.57906,44.99843],[-77.5838,44.99961],[-77.58523,45.00197],[-77.58665,45.00212],[-77.58747,45.00185],[-77.58624,44.99526],[-77.58678,44.99198],[-77.58389,44.991],[-77.58424,44.98971],[-77.58277,44.98842],[-77.58505,44.98723],[-77.58572,44.98779],[-77.58653,44.98733],[-77.58682,44.98439],[-77.58821,44.9853],[-77.5906,44.98454],[-77.59147,44.98212],[-77.59318,44.98239],[-77.5933,44.98043],[-77.59855,44.97927],[-77.59953,44.97809],[-77.60099,44.97795],[-77.60272,44.97886],[-77.60752,44.97745],[-77.60771,44.97625],[-77.6038,44.97383],[-77.60346,44.97273],[-77.60568,44.96954],[-77.60756,44.97016],[-77.60943,44.96831],[-77.61316,44.96807],[-77.61422,44.97109],[-77.61669,44.97285],[-77.61613,44.97476],[-77.61864,44.97407],[-77.62222,44.97424],[-77.62455,44.97556],[-77.6249,44.97443],[-77.62898,44.97358],[-77.62965,44.97222],[-77.63175,44.97116],[-77.6345,44.96474],[-77.63682,44.96333],[-77.63848,44.96421],[-77.6377,44.96629],[-77.64541,44.96566],[-77.64616,44.96715],[-77.64808,44.9672],[-77.64913,44.96825],[-77.65232,44.96807],[-77.65522,44.96923],[-77.65598,44.9684],[-77.65217,44.96641],[-77.65591,44.96484],[-77.65709,44.96568],[-77.6586,44.96361],[-77.66481,44.96699],[-77.66756,44.9703],[-77.66753,44.97174],[-77.66939,44.97128],[-77.6721,44.96445],[-77.67193,44.96268],[-77.66712,44.95783],[-77.66089,44.95494],[-77.65832,44.94824],[-77.65694,44.94711],[-77.65811,44.94599],[-77.65752,44.94452],[-77.65088,44.94082],[-77.64563,44.94017],[-77.64509,44.93826],[-77.64347,44.93745],[-77.63998,44.93775],[-77.63848,44.93705],[-77.63822,44.93596],[-77.63637,44.93616],[-77.63399,44.93259],[-77.63206,44.93217],[-77.63161,44.93035],[-77.62974,44.9294],[-77.632,44.92815],[-77.63162,44.92749],[-77.62946,44.92743],[-77.62812,44.92243],[-77.62962,44.91823],[-77.63169,44.91753],[-77.63366,44.91465],[-77.63363,44.91241],[-77.63584,44.91244],[-77.6366,44.91348],[-77.63941,44.91401],[-77.63897,44.92095],[-77.63966,44.92223],[-77.64415,44.92206],[-77.64528,44.92337],[-77.64635,44.92307],[-77.64976,44.91797],[-77.6526,44.91718],[-77.65307,44.92012],[-77.65661,44.9226],[-77.65748,44.92573],[-77.66105,44.92816],[-77.66379,44.92899],[-77.66639,44.92671],[-77.66861,44.92676],[-77.67013,44.92518],[-77.67415,44.92594],[-77.67339,44.92529],[-77.67452,44.92243],[-77.67145,44.92002],[-77.67148,44.91871],[-77.66879,44.91722],[-77.6687,44.91522],[-77.67005,44.91431],[-77.66926,44.91302],[-77.66794,44.91281],[-77.66782,44.91142],[-77.67009,44.91116],[-77.67518,44.91412],[-77.68149,44.91372],[-77.67953,44.91402],[-77.68005,44.91634],[-77.68304,44.9165],[-77.68754,44.91494],[-77.69227,44.91576],[-77.69294,44.91668],[-77.69633,44.91567],[-77.69871,44.91593],[-77.70143,44.9173],[-77.6993,44.92234],[-77.70241,44.92432],[-77.70168,44.92708],[-77.70405,44.92955],[-77.70787,44.93109],[-77.70887,44.93092],[-77.7094,44.92964],[-77.71202,44.92892],[-77.7141,44.93322],[-77.71827,44.93521],[-77.72119,44.93841],[-77.72778,44.93873],[-77.7312,44.93996],[-77.73297,44.93945],[-77.73224,44.93776],[-77.7335,44.93711],[-77.73506,44.9397],[-77.73796,44.941],[-77.73855,44.94412],[-77.74171,44.94427],[-77.74338,44.94544],[-77.74432,44.94433],[-77.7461,44.9441],[-77.74688,44.94442],[-77.74613,44.94581],[-77.74716,44.9461],[-77.74991,44.94597],[-77.74974,44.94494],[-77.75104,44.94462],[-77.74964,44.94154],[-77.75091,44.94117],[-77.75291,44.94225],[-77.75388,44.94161],[-77.75594,44.94207],[-77.75647,44.94053],[-77.75515,44.93839],[-77.76175,44.93412],[-77.7676,44.93381],[-77.76919,44.93481],[-77.7735,44.93544],[-77.77788,44.93975],[-77.78025,44.93853],[-77.78125,44.93885],[-77.78323,44.9377],[-77.78544,44.93758],[-77.78669,44.93489],[-77.78454,44.93599],[-77.78066,44.93478],[-77.78032,44.93163],[-77.77912,44.93141],[-77.7787,44.93019],[-77.77614,44.92839],[-77.77791,44.92691],[-77.78081,44.92675],[-77.7806,44.92518],[-77.78158,44.92477],[-77.78852,44.92609],[-77.78966,44.92528],[-77.79742,44.92493],[-77.79862,44.92688],[-77.80537,44.92888],[-77.80918,44.92678],[-77.81102,44.92879],[-77.816,44.92833],[-77.8169,44.9293],[-77.81992,44.92944],[-77.82089,44.93067],[-77.82266,44.9309],[-77.82206,44.92809],[-77.82333,44.92771],[-77.82365,44.92661],[-77.82055,44.92499],[-77.82083,44.92186],[-77.82786,44.91907],[-77.82871,44.92181],[-77.83097,44.92179],[-77.832,44.92432],[-77.83422,44.9262],[-77.83867,44.92802],[-77.84237,44.9279],[-77.84338,44.9288],[-77.85183,44.92874],[-77.8532,44.92924],[-77.85366,44.93109],[-77.85584,44.93299],[-77.85909,44.93134],[-77.86018,44.92933],[-77.86788,44.92965],[-77.86971,44.92675],[-77.87309,44.92703],[-77.87338,44.92882],[-77.8721,44.92981],[-77.87338,44.93057],[-77.87433,44.9332],[-77.87562,44.9337],[-77.87532,44.93461],[-77.88349,44.93328],[-77.88679,44.93571],[-77.88753,44.93739],[-77.89261,44.94003],[-77.89476,44.94249],[-77.89849,44.9447],[-77.89881,44.94631],[-77.89435,44.94795],[-77.89364,44.94897],[-77.89656,44.95131],[-77.89884,44.95114],[-77.90296,44.95325],[-77.90551,44.95817],[-77.90471,44.95912],[-77.90543,44.96238],[-77.91009,44.96629],[-77.90889,44.96697],[-77.90987,44.96834],[-77.91408,44.97065],[-77.9183,44.97538],[-77.91636,44.97778],[-77.9131,44.97837],[-77.9123,44.98019],[-77.90918,44.98035],[-77.90655,44.9822],[-77.90674,44.98328],[-77.90807,44.98349],[-77.90796,44.98548],[-77.90483,44.98514],[-77.90381,44.98697],[-77.90116,44.98831],[-77.90122,44.98985],[-77.89523,44.99238],[-77.89517,44.99582],[-77.89656,44.99687],[-77.89948,44.99689],[-77.89999,44.99922],[-77.89916,44.9998],[-77.897,44.99844],[-77.89245,44.99876],[-77.89074,44.99947],[-77.88859,45.00215],[-77.88856,45.00279],[-77.89262,45.00344],[-77.89456,45.00565],[-77.88858,45.00938],[-77.89182,45.00991],[-77.89295,45.00943],[-77.89529,45.01108],[-77.8952,45.01221],[-77.8899,45.01784],[-77.89031,45.02037],[-77.88859,45.02099],[-77.88761,45.02254],[-77.88748,45.02491],[-77.88975,45.02595],[-77.88968,45.02787],[-77.87924,45.03209],[-77.87233,45.03645],[-77.87206,45.04034],[-77.87413,45.04073],[-77.87827,45.03828],[-77.88085,45.03829],[-77.88357,45.03605],[-77.88867,45.03685],[-77.8893,45.03832],[-77.89179,45.03821],[-77.89579,45.04015],[-77.89769,45.03864],[-77.9002,45.03996],[-77.9005,45.03863],[-77.90319,45.0378],[-77.90454,45.04163],[-77.90879,45.03847],[-77.91184,45.03795],[-77.91309,45.0355],[-77.91484,45.03596],[-77.92038,45.04134],[-77.9255,45.03904],[-77.92662,45.04041],[-77.92934,45.0411],[-77.93179,45.04352],[-77.93312,45.04401],[-77.93539,45.04306],[-77.93628,45.04458],[-77.93809,45.04325],[-77.93998,45.04358],[-77.94116,45.04251],[-77.9441,45.04177],[-77.94594,45.04259],[-77.94862,45.04256],[-77.94995,45.04122],[-77.9535,45.04386],[-77.95924,45.03965],[-77.96227,45.03823],[-77.96646,45.03751],[-77.96842,45.03902],[-77.96672,45.04115],[-77.96691,45.04267],[-77.971,45.04474],[-77.96877,45.04696],[-77.96641,45.04788],[-77.96128,45.04762],[-77.95949,45.04839],[-77.95852,45.05092],[-77.95427,45.05094],[-77.95322,45.05376],[-77.95546,45.05423],[-77.95342,45.05565],[-77.95826,45.056],[-77.9647,45.05914],[-77.9663,45.0606],[-77.96459,45.06459],[-77.96838,45.06609],[-77.97057,45.06981],[-77.98014,45.07352]]]}},{"type":"Feature","properties":{"OGF_ID":60000288},"geometry":{"type":"Polygon","coordinates":[[[-78.15062,44.97738],[-78.1512,44.97782],[-78.15488,44.9767],[-78.15595,44.97542],[-78.15547,44.97424],[-78.15988,44.97177],[-78.15803,44.96723],[-78.1588,44.96532],[-78.16236,44.96841],[-78.16726,44.96789],[-78.16751,44.9667],[-78.16602,44.96466],[-78.16741,44.96354],[-78.16718,44.96228],[-78.16931,44.961],[-78.16923,44.95999],[-78.1711,44.96051],[-78.1727,44.95897],[-78.17582,44.95915],[-78.17727,44.95995],[-78.18027,44.95933],[-78.18237,44.95811],[-78.18087,44.95694],[-78.18095,44.95518],[-78.18413,44.9527],[-78.19007,44.95061],[-78.19249,44.95105],[-78.19678,44.94914],[-78.20155,44.94974],[-78.20534,44.94767],[-78.20461,44.9454],[-78.20608,44.9446],[-78.20892,44.94536],[-78.21617,44.94534],[-78.21818,44.9437],[-78.22152,44.9426],[-78.22231,44.94176],[-78.21848,44.94098],[-78.21746,44.93937],[-78.22044,44.93987],[-78.22186,44.93909],[-78.22145,44.93369],[-78.22752,44.93216],[-78.22719,44.92949],[-78.23026,44.92687],[-78.22803,44.9253],[-78.2297,44.92153],[-78.22788,44.91903],[-78.2251,44.91974],[-78.22338,44.91914],[-78.22641,44.91477],[-78.22386,44.91456],[-78.22053,44.91315],[-78.21869,44.91395],[-78.21836,44.91307],[-78.22002,44.91154],[-78.2209,44.90815],[-78.22315,44.90633],[-78.22469,44.90693],[-78.22825,44.90619],[-78.22847,44.90774],[-78.23145,44.90624],[-78.23369,44.90812],[-78.23584,44.90801],[-78.23948,44.9043],[-78.24062,44.90149],[-78.24174,44.9008],[-78.24457,44.901],[-78.24453,44.89638],[-78.24292,44.89474],[-78.24574,44.88968],[-78.25059,44.88964],[-78.25411,44.88806],[-78.25604,44.88904],[-78.25738,44.88859],[-78.25873,44.88904],[-78.26427,44.88677],[-78.26633,44.88645],[-78.26778,44.88707],[-78.27407,44.88244],[-78.2759,44.88277],[-78.27841,44.88074],[-78.28714,44.88213],[-78.29119,44.87771],[-78.29473,44.8757],[-78.30096,44.87739],[-78.30438,44.87326],[-78.30616,44.8734],[-78.30758,44.87238],[-78.30636,44.87104],[-78.31123,44.86776],[-78.31283,44.86478],[-78.31512,44.86412],[-78.31671,44.86493],[-78.31889,44.86408],[-78.32024,44.86259],[-78.31987,44.86154],[-78.32257,44.86091],[-78.32232,44.85947],[-78.32418,44.85725],[-78.33109,44.85371],[-78.3357,44.85283],[-78.33548,44.85136],[-78.33784,44.85008],[-78.33962,44.85042],[-78.34213,44.84874],[-78.34546,44.85009],[-78.34198,44.85369],[-78.34272,44.85453],[-78.34238,44.85725],[-78.34019,44.85919],[-78.34535,44.86025],[-78.34615,44.85892],[-78.34802,44.85963],[-78.34967,44.85835],[-78.35051,44.85914],[-78.35272,44.85937],[-78.35994,44.85756],[-78.36131,44.85646],[-78.36372,44.85708],[-78.3681,44.85542],[-78.36635,44.85201],[-78.3696,44.85181],[-78.37175,44.8508],[-78.37346,44.84875],[-78.37659,44.85073],[-78.38237,44.84762],[-78.38619,44.84815],[-78.39352,44.84452],[-78.39495,44.84546],[-78.39738,44.84392],[-78.40029,44.84018],[-78.40397,44.84023],[-78.40437,44.83649],[-78.40765,44.83497],[-78.41142,44.8296],[-78.4157,44.83029],[-78.41664,44.82891],[-78.41872,44.82863],[-78.4231,44.82527],[-78.42168,44.82246],[-78.4247,44.8221],[-78.42821,44.81914],[-78.42996,44.81646],[-78.42924,44.8132],[-78.43162,44.81233],[-78.43408,44.81266],[-78.43351,44.8103],[-78.43082,44.80901],[-78.42884,44.80905],[-78.42519,44.80584],[-78.42217,44.8075],[-78.4184,44.80543],[-78.41819,44.80423],[-78.4198,44.80142],[-78.41953,44.79996],[-78.42141,44.7983],[-78.42089,44.79746],[-78.4239,44.7961],[-78.42293,44.79531],[-78.42559,44.79289],[-78.42607,44.78954],[-78.42924,44.78789],[-78.4298,44.7865],[-78.42854,44.78504],[-78.42988,44.78499],[-78.4325,44.78284],[-78.4335,44.77987],[-78.43228,44.77765],[-78.43627,44.7751],[-78.43425,44.77304],[-78.43644,44.77095],[-78.4367,44.76683],[-78.44377,44.76141],[-78.44672,44.76123],[-78.4495,44.75805],[-78.45052,44.75572],[-78.44915,44.75304],[-78.45031,44.75119],[-78.44804,44.75136],[-78.44478,44.75016],[-78.45152,44.74556],[-78.45146,44.74708],[-78.45234,44.74765],[-78.45564,44.74393],[-78.46035,44.74118],[-78.46039,44.73839],[-78.46312,44.74009],[-78.46499,44.73922],[-78.46561,44.7376],[-78.46851,44.73678],[-78.47153,44.73352],[-78.46992,44.73265],[-78.46947,44.73132],[-78.47065,44.72976],[-78.47355,44.72911],[-78.47601,44.73012],[-78.47909,44.72808],[-78.47745,44.72517],[-78.4794,44.7246],[-78.47858,44.72309],[-78.47668,44.7221],[-78.47662,44.72079],[-78.47556,44.72014],[-78.47297,44.72022],[-78.47062,44.71838],[-78.47355,44.71473],[-78.47796,44.71338],[-78.47778,44.71173],[-78.47943,44.71117],[-78.47817,44.7107],[-78.47753,44.70865],[-78.47517,44.7073],[-78.47667,44.70528],[-78.47574,44.70422],[-78.47352,44.70326],[-78.4717,44.70375],[-78.47032,44.70513],[-78.47122,44.7057],[-78.47016,44.70728],[-78.46628,44.71116],[-78.46482,44.71098],[-78.46546,44.7091],[-78.46407,44.70839],[-78.46147,44.70849],[-78.46051,44.71092],[-78.45754,44.70904],[-78.45791,44.70715],[-78.45704,44.70583],[-78.45996,44.70441],[-78.46069,44.70118],[-78.45999,44.69864],[-78.4624,44.69527],[-78.46096,44.69426],[-78.45988,44.69071],[-78.45738,44.68964],[-78.45616,44.68783],[-78.45755,44.68679],[-78.45842,44.68431],[-78.45729,44.68333],[-78.46308,44.67877],[-78.46107,44.67751],[-78.45928,44.67712],[-78.45828,44.67762],[-78.45736,44.67541],[-78.46068,44.67295],[-78.46079,44.67098],[-78.45888,44.67061],[-78.45595,44.67126],[-78.45504,44.66809],[-78.45648,44.66558],[-78.45286,44.66283],[-78.45398,44.66224],[-78.45404,44.65964],[-78.45708,44.65688],[-78.46098,44.65531],[-78.46283,44.65554],[-78.46862,44.65306],[-78.46918,44.65213],[-78.47245,44.6517],[-78.47816,44.64744],[-78.47932,44.64571],[-78.48246,44.64424],[-78.48453,44.64575],[-78.48656,44.64614],[-78.48621,44.6451],[-78.48963,44.64227],[-78.48847,44.64005],[-78.48641,44.64048],[-78.48494,44.63986],[-78.48769,44.63708],[-78.48313,44.63438],[-78.4802,44.62973],[-78.48336,44.62742],[-78.48338,44.62644],[-78.48211,44.62651],[-78.48184,44.62552],[-78.4845,44.6217],[-78.48477,44.61865],[-78.48332,44.61796],[-78.48376,44.61566],[-78.48279,44.61359],[-78.48459,44.61098],[-78.48458,44.60813],[-78.48358,44.60709],[-78.48464,44.6063],[-78.48504,44.60345],[-78.48459,44.60175],[-78.48233,44.59972],[-78.48186,44.59759],[-78.47998,44.59693],[-78.48061,44.5956],[-78.47991,44.59506],[-78.48784,44.58935],[-78.4904,44.5896],[-78.49169,44.59056],[-78.49331,44.58955],[-78.49504,44.58996],[-78.49661,44.58807],[-78.49942,44.58747],[-78.50039,44.58628],[-78.49903,44.58402],[-78.49992,44.58393],[-78.50185,44.58609],[-78.50549,44.58691],[-78.50836,44.58602],[-78.50852,44.5847],[-78.51056,44.58423],[-78.50881,44.57965],[-78.50878,44.57516],[-78.51397,44.56542],[-78.51387,44.56255],[-78.51027,44.55329],[-78.51553,44.54894],[-78.51877,44.54473],[-78.51722,44.53291],[-78.5028,44.49625],[-78.49391,44.48843],[-78.48773,44.47928],[-78.48801,44.4598],[-78.49142,44.44219],[-78.48904,44.43796],[-78.48881,44.43548],[-78.49009,44.43223],[-78.49477,44.42833],[-78.49789,44.4233],[-78.49787,44.41589],[-78.49988,44.41428],[-78.50069,44.4058],[-78.49911,44.40298],[-78.49374,44.40112],[-78.49347,44.39781],[-78.49077,44.39737],[-78.48643,44.39798],[-78.48416,44.39712],[-78.47869,44.39816],[-78.47752,44.39775],[-78.47808,44.39669],[-78.47575,44.39323],[-78.47859,44.39251],[-78.47522,44.38985],[-78.47356,44.3905],[-78.47193,44.38983],[-78.47064,44.38742],[-78.4726,44.38321],[-78.47542,44.38269],[-78.48063,44.37859],[-78.47897,44.3758],[-78.47709,44.37486],[-78.47794,44.37373],[-78.47594,44.37234],[-78.47394,44.36899],[-78.47461,44.36598],[-78.47655,44.36511],[-78.47915,44.36584],[-78.48056,44.36478],[-78.48086,44.36238],[-78.48364,44.35849],[-78.4836,44.34932],[-78.47614,44.34452],[-78.47686,44.3427],[-78.48026,44.34],[-78.48084,44.33696],[-78.48288,44.33503],[-78.48224,44.33196],[-78.48013,44.32991],[-78.48012,44.32731],[-78.48399,44.32545],[-78.48494,44.3228],[-78.48953,44.32123],[-78.49078,44.32007],[-78.49096,44.31703],[-78.49315,44.31492],[-78.49059,44.3145],[-78.49,44.31366],[-78.49487,44.31162],[-78.49733,44.30774],[-78.4965,44.30549],[-78.49919,44.30368],[-78.50205,44.30369],[-78.50414,44.30253],[-78.50793,44.30199],[-78.50917,44.29981],[-78.51086,44.29921],[-78.51032,44.29555],[-78.51438,44.29296],[-78.51499,44.29141],[-78.51772,44.29064],[-78.51822,44.28977],[-78.51694,44.28839],[-78.51403,44.28782],[-78.51357,44.28698],[-78.51676,44.28421],[-78.51583,44.28352],[-78.5149,44.27945],[-78.51791,44.27742],[-78.51624,44.27426],[-78.51862,44.27141],[-78.52005,44.27055],[-78.52412,44.27418],[-78.52552,44.27474],[-78.52681,44.27422],[-78.53057,44.27063],[-78.5334,44.26632],[-78.53351,44.26014],[-78.53612,44.26056],[-78.53742,44.2596],[-78.54065,44.26137],[-78.54139,44.26001],[-78.54449,44.25931],[-78.54518,44.2578],[-78.54738,44.25809],[-78.55005,44.2531],[-78.55378,44.25201],[-78.55449,44.24891],[-78.55713,44.24653],[-78.55603,44.24408],[-78.55737,44.23945],[-78.56014,44.23828],[-78.56036,44.23534],[-78.5598,44.23404],[-78.55696,44.23255],[-78.55412,44.23313],[-78.55097,44.23032],[-78.55135,44.22863],[-78.55469,44.22732],[-78.55641,44.22498],[-78.55751,44.21861],[-78.55945,44.21815],[-78.56018,44.21693],[-78.56567,44.21766],[-78.56725,44.21674],[-78.57258,44.21615],[-78.57464,44.2142],[-78.57353,44.21285],[-78.57003,44.21233],[-78.56782,44.21109],[-78.56924,44.20604],[-78.56889,44.20351],[-78.56525,44.2044],[-78.55595,44.20118],[-78.55777,44.19831],[-78.5581,44.19681],[-78.55732,44.1961],[-78.55858,44.19227],[-78.5627,44.1897],[-78.56343,44.18713],[-78.56498,44.18648],[-78.5642,44.18407],[-78.56254,44.18333],[-78.56337,44.18164],[-78.56559,44.18106],[-78.56136,44.17676],[-78.56137,44.17504],[-78.55543,44.16989],[-78.55673,44.16896],[-78.55655,44.16685],[-78.55378,44.16386],[-78.55048,44.16183],[-78.55127,44.16123],[-78.55106,44.15943],[-78.55334,44.15744],[-78.55207,44.15323],[-78.55384,44.15368],[-78.55598,44.15558],[-78.56133,44.15652],[-78.56478,44.15479],[-78.56343,44.15299],[-78.56564,44.15191],[-78.56239,44.14829],[-78.56187,44.14509],[-78.56337,44.14338],[-78.56553,44.14318],[-78.56734,44.14183],[-78.5699,44.14179],[-78.57248,44.14511],[-78.57766,44.14189],[-78.57891,44.1423],[-78.58197,44.14096],[-78.58633,44.14114],[-78.58863,44.1359],[-78.58636,44.13356],[-78.58764,44.131],[-78.58926,44.12986],[-78.59505,44.13023],[-78.5982,44.12277],[-78.60555,44.12081],[-78.60658,44.11909],[-78.61183,44.11705],[-78.61232,44.11295],[-78.61374,44.1116],[-78.61624,44.11115],[-78.61848,44.11214],[-78.62031,44.11202],[-78.62285,44.11416],[-78.62262,44.11586],[-78.6242,44.11767],[-78.62437,44.12004],[-78.62623,44.1197],[-78.62812,44.11567],[-78.63351,44.11586],[-78.63383,44.11301],[-78.63519,44.11156],[-78.63466,44.11084],[-78.63725,44.10984],[-78.63726,44.10849],[-78.64063,44.10383],[-78.6411,44.1007],[-78.64332,44.09912],[-78.64235,44.0976],[-78.64363,44.0971],[-78.64368,44.09578],[-78.6466,44.09421],[-78.64527,44.09295],[-78.64746,44.09141],[-78.64707,44.08904],[-78.64585,44.0878],[-78.64618,44.08626],[-78.64143,44.08448],[-78.64313,44.0805],[-78.64815,44.07729],[-78.64713,44.07535],[-78.64514,44.07471],[-78.64896,44.07309],[-78.64754,44.07096],[-78.64474,44.07125],[-78.64532,44.06818],[-78.63701,44.07131],[-78.63137,44.07175],[-78.62943,44.07032],[-78.62744,44.0721],[-78.62098,44.07295],[-78.61827,44.07222],[-78.61623,44.07275],[-78.61524,44.06978],[-78.61321,44.06979],[-78.61125,44.07167],[-78.60687,44.07213],[-78.60727,44.07588],[-78.60559,44.07731],[-78.60282,44.07681],[-78.60211,44.08228],[-78.60081,44.08344],[-78.5971,44.08561],[-78.59579,44.08535],[-78.59419,44.08605],[-78.59329,44.08706],[-78.5903,44.08669],[-78.5888,44.08824],[-78.58623,44.08744],[-78.58591,44.08509],[-78.58473,44.08416],[-78.58268,44.08405],[-78.58267,44.08163],[-78.58109,44.08237],[-78.57882,44.08048],[-78.57774,44.08079],[-78.57503,44.07987],[-78.57242,44.08118],[-78.57408,44.0822],[-78.57217,44.08372],[-78.57215,44.08515],[-78.56748,44.08573],[-78.56551,44.08865],[-78.56367,44.08809],[-78.55672,44.08836],[-78.54911,44.08686],[-78.54604,44.08812],[-78.54526,44.08767],[-78.54518,44.08484],[-78.54396,44.08401],[-78.54209,44.08399],[-78.54033,44.08257],[-78.53693,44.08258],[-78.53662,44.08424],[-78.53284,44.08357],[-78.52854,44.08525],[-78.52759,44.08645],[-78.52734,44.08974],[-78.52906,44.0918],[-78.52884,44.09334],[-78.52716,44.09428],[-78.52536,44.09426],[-78.52565,44.0954],[-78.5242,44.09756],[-78.5191,44.09904],[-78.51335,44.10224],[-78.51089,44.09983],[-78.50734,44.10213],[-78.50148,44.09755],[-78.50089,44.09934],[-78.49909,44.09881],[-78.49676,44.10199],[-78.49464,44.10084],[-78.49404,44.099],[-78.49166,44.09905],[-78.49104,44.10034],[-78.4894,44.10093],[-78.48531,44.10067],[-78.48358,44.09941],[-78.48564,44.09694],[-78.48437,44.09414],[-78.48184,44.09353],[-78.47875,44.09582],[-78.47181,44.09206],[-78.46986,44.09281],[-78.4664,44.0961],[-78.46428,44.09531],[-78.46363,44.09619],[-78.45447,44.09742],[-78.45085,44.09988],[-78.44776,44.10064],[-78.44531,44.09935],[-78.44046,44.09965],[-78.43872,44.10072],[-78.4339,44.09946],[-78.42959,44.10086],[-78.42697,44.09917],[-78.4248,44.09616],[-78.42227,44.09592],[-78.41881,44.09293],[-78.41423,44.09185],[-78.41246,44.09236],[-78.41052,44.09198],[-78.40865,44.09072],[-78.40183,44.09139],[-78.39817,44.09527],[-78.39808,44.09638],[-78.39542,44.09445],[-78.3929,44.09517],[-78.38628,44.09309],[-78.38182,44.09393],[-78.37969,44.0935],[-78.37971,44.09599],[-78.3782,44.09862],[-78.37483,44.09954],[-78.3725,44.09862],[-78.36939,44.10044],[-78.36904,44.10324],[-78.36594,44.1044],[-78.36446,44.10744],[-78.36371,44.10661],[-78.36159,44.10648],[-78.35739,44.10896],[-78.35594,44.11132],[-78.35047,44.11207],[-78.34976,44.11629],[-78.35204,44.11691],[-78.35178,44.11959],[-78.3535,44.12008],[-78.35364,44.12235],[-78.35614,44.12374],[-78.35629,44.12483],[-78.35554,44.12788],[-78.35235,44.12921],[-78.34932,44.13281],[-78.33958,44.13256],[-78.33535,44.12934],[-78.33303,44.1287],[-78.33191,44.13084],[-78.32766,44.13075],[-78.32641,44.12994],[-78.32783,44.1278],[-78.32749,44.12674],[-78.32514,44.12507],[-78.32075,44.12557],[-78.32037,44.12454],[-78.32041,44.12436],[-78.32047,44.12428],[-78.32048,44.12426],[-78.32066,44.12396],[-78.32125,44.12302],[-78.32129,44.12299],[-78.32139,44.12288],[-78.32155,44.12266],[-78.32178,44.12219],[-78.32182,44.12215],[-78.32209,44.1215],[-78.32054,44.1203],[-78.31782,44.11975],[-78.31528,44.12022],[-78.31173,44.11933],[-78.29389,44.1179],[-78.27205,44.12605],[-78.25197,44.13751],[-78.24264,44.14402],[-78.23721,44.14556],[-78.22429,44.14474],[-78.22033,44.14651],[-78.22138,44.15208],[-78.21329,44.15494],[-78.20029,44.15819],[-78.19506,44.16555],[-78.1851,44.1755],[-78.1833,44.17731],[-78.17282,44.18032],[-78.14924,44.18948],[-78.1488,44.20221],[-78.1433,44.19973],[-78.12746,44.22191],[-78.12494,44.22757],[-78.11034,44.23164],[-78.08929,44.24805],[-78.06426,44.25847],[-78.05581,44.26062],[-78.04766,44.26085],[-78.0449,44.26203],[-78.04231,44.26474],[-78.03789,44.26661],[-78.03148,44.27108],[-78.02283,44.27987],[-78.01043,44.28276],[-78.00608,44.2848],[-78.00231,44.28771],[-77.99058,44.29232],[-77.98336,44.29346],[-77.96823,44.2975],[-77.96639,44.30077],[-77.95966,44.30713],[-77.9534,44.30902],[-77.94976,44.31596],[-77.94296,44.3196],[-77.93996,44.32344],[-77.9295,44.32659],[-77.92659,44.33057],[-77.92058,44.33514],[-77.91833,44.3382],[-77.91234,44.34321],[-77.89684,44.37176],[-77.89676,44.38187],[-77.89383,44.38473],[-77.89638,44.3875],[-77.89962,44.38934],[-77.89982,44.39028],[-77.90133,44.39097],[-77.90632,44.39121],[-77.90667,44.3928],[-77.90816,44.39374],[-77.90657,44.39695],[-77.90684,44.39872],[-77.9081,44.40122],[-77.90984,44.40223],[-77.91049,44.40519],[-77.91395,44.40297],[-77.91645,44.40508],[-77.91612,44.40599],[-77.91749,44.40721],[-77.91954,44.41296],[-77.92007,44.41361],[-77.92255,44.41382],[-77.92322,44.41593],[-77.92249,44.41665],[-77.92384,44.41786],[-77.92978,44.41435],[-77.93025,44.41251],[-77.93249,44.41012],[-77.9363,44.40836],[-77.93802,44.41059],[-77.93671,44.41086],[-77.93629,44.4125],[-77.93473,44.41298],[-77.93495,44.41446],[-77.9333,44.41576],[-77.93392,44.41687],[-77.93065,44.419],[-77.93115,44.42175],[-77.92901,44.42324],[-77.93079,44.42419],[-77.93296,44.42365],[-77.93319,44.42451],[-77.9366,44.42603],[-77.94208,44.4267],[-77.94431,44.42611],[-77.94892,44.42649],[-77.95292,44.42831],[-77.94771,44.43432],[-77.94966,44.43641],[-77.94832,44.44086],[-77.94888,44.44292],[-77.95028,44.44368],[-77.94939,44.44553],[-77.95036,44.44603],[-77.9489,44.44707],[-77.94544,44.4472],[-77.94224,44.44829],[-77.94347,44.44899],[-77.94248,44.44983],[-77.94324,44.45045],[-77.94627,44.4503],[-77.94663,44.45149],[-77.94759,44.45163],[-77.94524,44.45551],[-77.9469,44.45673],[-77.952,44.45774],[-77.95245,44.4592],[-77.9583,44.46148],[-77.96173,44.4601],[-77.96347,44.45715],[-77.96466,44.45681],[-77.96502,44.45874],[-77.96867,44.46196],[-77.96738,44.46377],[-77.96834,44.46427],[-77.97189,44.46393],[-77.97289,44.46554],[-77.97468,44.46514],[-77.9748,44.46657],[-77.97292,44.46794],[-77.97414,44.47118],[-77.97326,44.47636],[-77.97438,44.47727],[-77.97621,44.47695],[-77.97855,44.47818],[-77.97893,44.48066],[-77.9739,44.48445],[-77.97718,44.48686],[-77.97589,44.48863],[-77.97765,44.49079],[-77.97525,44.49407],[-77.97608,44.49706],[-77.97369,44.50182],[-77.97454,44.50434],[-77.9719,44.50898],[-77.96929,44.50963],[-77.96992,44.5107],[-77.96871,44.51188],[-77.96995,44.51303],[-77.96976,44.51678],[-77.96787,44.51951],[-77.9685,44.52024],[-77.97111,44.5191],[-77.97226,44.52095],[-77.98046,44.5245],[-77.98658,44.52311],[-77.98581,44.52628],[-77.98716,44.52776],[-77.98748,44.52987],[-77.9892,44.53],[-77.98885,44.53102],[-77.98318,44.53456],[-77.98127,44.53392],[-77.97974,44.53448],[-77.97906,44.53547],[-77.98011,44.5366],[-77.97429,44.54002],[-77.97649,44.54149],[-77.97697,44.54343],[-77.98144,44.54558],[-77.98477,44.54387],[-77.98734,44.54383],[-77.98807,44.54469],[-77.98793,44.54891],[-77.99071,44.55145],[-77.9944,44.55147],[-77.9954,44.54981],[-77.99749,44.54959],[-77.99938,44.55135],[-77.99838,44.55262],[-77.99884,44.55425],[-78.00138,44.55548],[-78.00095,44.55658],[-78.00171,44.55721],[-78.00486,44.55469],[-78.00688,44.55499],[-78.01043,44.55957],[-78.01046,44.56073],[-78.01159,44.56087],[-78.00981,44.56551],[-78.0122,44.567],[-78.01242,44.56833],[-78.01218,44.57024],[-78.00978,44.57162],[-78.01053,44.57265],[-78.00787,44.57422],[-78.0084,44.57602],[-78.00558,44.57574],[-78.0011,44.57681],[-77.99918,44.57568],[-77.99843,44.57648],[-77.99563,44.57659],[-77.99348,44.57558],[-77.99238,44.57642],[-77.99326,44.57862],[-77.9922,44.58097],[-77.99391,44.58251],[-77.99226,44.58394],[-77.99469,44.58653],[-77.99395,44.58758],[-77.99542,44.58921],[-77.99361,44.58995],[-77.99534,44.59135],[-77.99478,44.59384],[-77.99701,44.59593],[-77.99477,44.59892],[-77.99592,44.60099],[-77.99432,44.60132],[-77.99257,44.6004],[-77.99118,44.60105],[-77.98994,44.59876],[-77.98593,44.59754],[-77.98421,44.59836],[-77.98325,44.60074],[-77.98203,44.60147],[-77.98316,44.60434],[-77.98509,44.60555],[-77.99309,44.60598],[-77.99561,44.60484],[-77.99724,44.60759],[-77.99861,44.60741],[-78.00053,44.60831],[-78.00002,44.61027],[-77.99704,44.6118],[-77.99762,44.6127],[-77.99625,44.61289],[-77.99323,44.61744],[-77.98927,44.62033],[-77.9911,44.62143],[-77.99062,44.62256],[-77.99154,44.62296],[-77.99353,44.62085],[-77.99553,44.62094],[-77.99499,44.62215],[-77.99918,44.62502],[-77.99627,44.62882],[-77.99869,44.6305],[-78.00024,44.63045],[-78.00043,44.63145],[-77.99841,44.63283],[-77.998,44.63429],[-77.99438,44.63637],[-77.99261,44.63887],[-77.99129,44.63885],[-77.98822,44.64089],[-77.98803,44.64228],[-77.98467,44.64526],[-77.98462,44.64723],[-77.97999,44.6527],[-77.98064,44.65358],[-77.97893,44.65767],[-77.97733,44.65804],[-77.97368,44.66528],[-77.97218,44.671],[-77.97023,44.67282],[-77.9711,44.67451],[-77.9657,44.67789],[-77.96377,44.67833],[-77.96327,44.68094],[-77.96504,44.68262],[-77.964,44.68477],[-77.95844,44.68648],[-77.95769,44.68738],[-77.95596,44.68667],[-77.95471,44.68778],[-77.95371,44.68754],[-77.95183,44.68854],[-77.95192,44.68937],[-77.94999,44.69097],[-77.94951,44.69402],[-77.94665,44.69433],[-77.94511,44.69531],[-77.94538,44.69757],[-77.94316,44.69867],[-77.94253,44.70066],[-77.94426,44.70298],[-77.94111,44.70412],[-77.94017,44.70553],[-77.94188,44.7062],[-77.9416,44.70748],[-77.93594,44.71352],[-77.93599,44.71526],[-77.93387,44.71671],[-77.93437,44.71787],[-77.93036,44.72106],[-77.93124,44.72447],[-77.92751,44.72743],[-77.9276,44.72904],[-77.92513,44.73144],[-77.92627,44.73321],[-77.92512,44.73396],[-77.9235,44.7381],[-77.92337,44.74192],[-77.91965,44.74422],[-77.9219,44.74529],[-77.92339,44.74443],[-77.92509,44.74566],[-77.92537,44.74765],[-77.9285,44.74746],[-77.93272,44.74531],[-77.93311,44.7459],[-77.93526,44.74537],[-77.94019,44.74826],[-77.94377,44.74778],[-77.94506,44.74715],[-77.94524,44.74592],[-77.94724,44.74543],[-77.94952,44.74778],[-77.95499,44.74652],[-77.95592,44.74693],[-77.95543,44.7482],[-77.95664,44.75066],[-77.96489,44.75206],[-77.96839,44.75182],[-77.97424,44.75438],[-77.97627,44.75431],[-77.97742,44.75325],[-77.97898,44.7534],[-77.98142,44.75597],[-77.98308,44.75608],[-77.98448,44.75725],[-77.98544,44.75686],[-77.98872,44.75786],[-77.99094,44.75974],[-77.99175,44.76093],[-77.99094,44.76174],[-77.98842,44.76107],[-77.98795,44.76188],[-77.98969,44.76447],[-77.99137,44.76526],[-77.99086,44.76688],[-77.9923,44.76852],[-77.9956,44.77042],[-77.99733,44.76996],[-77.99834,44.76608],[-78.00142,44.76582],[-78.0031,44.76745],[-78.00688,44.76781],[-78.00683,44.77013],[-78.01057,44.77101],[-78.01225,44.77002],[-78.01507,44.7727],[-78.0166,44.7718],[-78.01949,44.77293],[-78.02121,44.77187],[-78.02652,44.77236],[-78.02874,44.77368],[-78.02992,44.77303],[-78.03029,44.77082],[-78.02928,44.76993],[-78.03043,44.76925],[-78.03496,44.76975],[-78.0372,44.76875],[-78.04135,44.76852],[-78.04327,44.77021],[-78.04916,44.77217],[-78.05204,44.77242],[-78.0512,44.77401],[-78.05356,44.77508],[-78.05608,44.77511],[-78.05652,44.77659],[-78.05919,44.77591],[-78.06148,44.77755],[-78.06083,44.77829],[-78.06155,44.7786],[-78.06447,44.77815],[-78.06494,44.77706],[-78.06775,44.7788],[-78.06853,44.77941],[-78.06757,44.78104],[-78.06835,44.78244],[-78.06548,44.78358],[-78.06961,44.78664],[-78.07276,44.78664],[-78.0748,44.78543],[-78.07665,44.78556],[-78.07913,44.78447],[-78.07998,44.7876],[-78.07509,44.79075],[-78.07561,44.79383],[-78.07145,44.79341],[-78.07035,44.79405],[-78.07062,44.79518],[-78.06888,44.79764],[-78.06948,44.79977],[-78.06838,44.80074],[-78.06916,44.80142],[-78.0684,44.80603],[-78.07001,44.80737],[-78.06898,44.80834],[-78.0704,44.80923],[-78.07087,44.81161],[-78.07251,44.81235],[-78.07323,44.81509],[-78.07542,44.81709],[-78.0747,44.81811],[-78.07272,44.81751],[-78.07121,44.81972],[-78.07403,44.82116],[-78.07785,44.82093],[-78.0784,44.82205],[-78.08099,44.82263],[-78.08278,44.8244],[-78.08218,44.82534],[-78.08301,44.82669],[-78.08523,44.82729],[-78.08494,44.82844],[-78.08682,44.8292],[-78.0867,44.8299],[-78.08412,44.83264],[-78.08127,44.83406],[-78.07829,44.83784],[-78.07409,44.84029],[-78.07147,44.84384],[-78.06765,44.8448],[-78.06697,44.84637],[-78.06385,44.84814],[-78.06335,44.84989],[-78.06408,44.85098],[-78.06107,44.85033],[-78.05911,44.85073],[-78.05086,44.85483],[-78.04517,44.86007],[-78.04333,44.86085],[-78.03893,44.86009],[-78.03453,44.85685],[-78.03301,44.8546],[-78.02927,44.85599],[-78.02447,44.85412],[-78.01961,44.85717],[-78.02331,44.86182],[-78.02235,44.86352],[-78.02085,44.86379],[-78.0212,44.86467],[-78.02503,44.86557],[-78.02419,44.86623],[-78.02525,44.86741],[-78.02732,44.86784],[-78.02892,44.8672],[-78.03131,44.86868],[-78.02685,44.87305],[-78.02857,44.87488],[-78.02512,44.877],[-78.02496,44.87814],[-78.02251,44.8793],[-78.02261,44.88004],[-78.02048,44.88149],[-78.0221,44.88252],[-78.02177,44.88391],[-78.02411,44.88519],[-78.02076,44.88824],[-78.02068,44.89052],[-78.01769,44.8914],[-78.01805,44.89375],[-78.01981,44.89411],[-78.02175,44.89274],[-78.02374,44.89264],[-78.02414,44.89541],[-78.02281,44.89972],[-78.02595,44.89987],[-78.0253,44.90176],[-78.02379,44.90234],[-78.02419,44.90467],[-78.02535,44.90503],[-78.02425,44.90582],[-78.02446,44.90936],[-78.02482,44.91022],[-78.02724,44.91065],[-78.0281,44.90927],[-78.0312,44.90824],[-78.03028,44.90272],[-78.03351,44.90057],[-78.03489,44.90053],[-78.03495,44.89759],[-78.03613,44.8958],[-78.03592,44.89212],[-78.03755,44.89127],[-78.04139,44.89131],[-78.04147,44.88923],[-78.04365,44.88749],[-78.04763,44.88693],[-78.04915,44.88791],[-78.05025,44.88716],[-78.05132,44.88595],[-78.05021,44.88377],[-78.0529,44.88199],[-78.05338,44.87955],[-78.05699,44.87905],[-78.05726,44.87767],[-78.06326,44.87277],[-78.06035,44.87175],[-78.06012,44.8708],[-78.05719,44.8707],[-78.05852,44.86789],[-78.06369,44.86861],[-78.06566,44.86765],[-78.06233,44.865],[-78.06269,44.8635],[-78.06518,44.86415],[-78.06808,44.86327],[-78.06825,44.8642],[-78.07215,44.8644],[-78.07454,44.86718],[-78.07593,44.86748],[-78.07347,44.87047],[-78.07444,44.87183],[-78.0767,44.87222],[-78.07867,44.87409],[-78.07817,44.87499],[-78.07991,44.87601],[-78.07921,44.87719],[-78.08047,44.87788],[-78.08012,44.88005],[-78.07665,44.88342],[-78.07558,44.884],[-78.07458,44.88316],[-78.06901,44.88614],[-78.06618,44.89097],[-78.06605,44.89203],[-78.06734,44.89258],[-78.06713,44.89576],[-78.0693,44.89649],[-78.07202,44.89587],[-78.07355,44.89711],[-78.07337,44.89919],[-78.07599,44.89911],[-78.07719,44.89994],[-78.07612,44.90203],[-78.07578,44.90735],[-78.07303,44.9105],[-78.07415,44.91276],[-78.07212,44.914],[-78.07313,44.91469],[-78.07716,44.9144],[-78.07835,44.91176],[-78.07962,44.91185],[-78.08147,44.91068],[-78.08233,44.91149],[-78.08057,44.91444],[-78.08047,44.91709],[-78.08508,44.91773],[-78.08504,44.92018],[-78.08696,44.91994],[-78.08873,44.92118],[-78.09178,44.92188],[-78.09248,44.92414],[-78.09519,44.92522],[-78.09401,44.92781],[-78.09722,44.92882],[-78.10048,44.93226],[-78.09702,44.93406],[-78.0955,44.93344],[-78.0949,44.9343],[-78.09341,44.93425],[-78.09393,44.93542],[-78.09276,44.93677],[-78.08902,44.93594],[-78.08705,44.93434],[-78.08594,44.93491],[-78.08558,44.93813],[-78.08736,44.94144],[-78.08625,44.94243],[-78.08734,44.94496],[-78.0828,44.94854],[-78.08208,44.95103],[-78.08036,44.9514],[-78.08,44.95371],[-78.08129,44.95517],[-78.08313,44.95547],[-78.0845,44.95724],[-78.08735,44.95604],[-78.08995,44.95612],[-78.09114,44.95687],[-78.09487,44.95597],[-78.09782,44.95841],[-78.10088,44.95747],[-78.10554,44.96365],[-78.10569,44.96711],[-78.10712,44.96719],[-78.1074,44.96802],[-78.11061,44.96836],[-78.11313,44.9659],[-78.11522,44.96721],[-78.11552,44.9658],[-78.11667,44.96589],[-78.1182,44.96308],[-78.11945,44.96255],[-78.1205,44.96432],[-78.11977,44.96653],[-78.12118,44.96735],[-78.12042,44.96903],[-78.12256,44.97226],[-78.12782,44.97452],[-78.13025,44.97775],[-78.1367,44.97574],[-78.13942,44.97584],[-78.14085,44.9737],[-78.14197,44.97528],[-78.14293,44.97481],[-78.149,44.97559],[-78.14919,44.97717],[-78.15062,44.97738]]]}},{"type":"Feature","properties":{"OGF_ID":60000289},"geometry":{"type":"Polygon","coordinates":[[[-77.42916,44.47706],[-77.43311,44.47865],[-77.43613,44.47673],[-77.43712,44.47472],[-77.44132,44.47448],[-77.44249,44.47381],[-77.4431,44.47184],[-77.44578,44.47101],[-77.44651,44.46979],[-77.45108,44.46889],[-77.45168,44.46695],[-77.45411,44.4665],[-77.45528,44.46499],[-77.45814,44.46472],[-77.46135,44.46773],[-77.46407,44.46627],[-77.46758,44.46603],[-77.46765,44.46484],[-77.46968,44.46341],[-77.46982,44.46017],[-77.47168,44.45863],[-77.47367,44.45978],[-77.47731,44.45874],[-77.47939,44.45974],[-77.48148,44.45799],[-77.48422,44.45807],[-77.48725,44.4564],[-77.48739,44.45514],[-77.48952,44.45421],[-77.48878,44.45337],[-77.48968,44.45054],[-77.49179,44.44752],[-77.48937,44.44611],[-77.4917,44.44251],[-77.49079,44.43334],[-77.48941,44.43225],[-77.49132,44.43074],[-77.49505,44.43007],[-77.49494,44.4279],[-77.49242,44.42515],[-77.49708,44.42292],[-77.49785,44.42067],[-77.50041,44.42072],[-77.50173,44.42153],[-77.5023,44.42333],[-77.50643,44.42245],[-77.50699,44.42379],[-77.506,44.42463],[-77.50931,44.42659],[-77.5149,44.42388],[-77.51385,44.42181],[-77.5146,44.41971],[-77.51625,44.41843],[-77.51463,44.41754],[-77.51493,44.41615],[-77.51951,44.41471],[-77.52088,44.41487],[-77.51981,44.4169],[-77.52161,44.4184],[-77.52363,44.41881],[-77.52665,44.41719],[-77.53404,44.42031],[-77.53299,44.42097],[-77.53701,44.42948],[-77.53479,44.43069],[-77.53305,44.43297],[-77.53329,44.43611],[-77.53607,44.43924],[-77.5387,44.43929],[-77.54315,44.44237],[-77.54344,44.44696],[-77.54553,44.44828],[-77.54902,44.44879],[-77.55397,44.44721],[-77.55641,44.44735],[-77.55731,44.44568],[-77.55544,44.44306],[-77.55609,44.44198],[-77.56256,44.44057],[-77.56641,44.4407],[-77.56617,44.43726],[-77.56702,44.43645],[-77.57098,44.43599],[-77.57486,44.43314],[-77.57513,44.43185],[-77.5787,44.43197],[-77.5784,44.43029],[-77.5799,44.42723],[-77.58333,44.42582],[-77.58607,44.42317],[-77.58781,44.42263],[-77.58829,44.4236],[-77.59003,44.42389],[-77.59713,44.42296],[-77.59988,44.42386],[-77.60326,44.42296],[-77.6058,44.42107],[-77.60887,44.41563],[-77.61107,44.41589],[-77.61471,44.41829],[-77.61697,44.41813],[-77.61786,44.42085],[-77.6226,44.42435],[-77.6242,44.42347],[-77.62579,44.42373],[-77.62654,44.42276],[-77.62891,44.425],[-77.63182,44.42472],[-77.6298,44.42723],[-77.62683,44.42898],[-77.62525,44.43302],[-77.62601,44.43812],[-77.62541,44.43868],[-77.61965,44.43891],[-77.61816,44.44065],[-77.62016,44.44357],[-77.61983,44.44477],[-77.61727,44.44508],[-77.61493,44.44447],[-77.61271,44.44911],[-77.61106,44.45006],[-77.61064,44.45175],[-77.61425,44.45517],[-77.61562,44.45996],[-77.61702,44.46071],[-77.62279,44.45917],[-77.62412,44.45937],[-77.62609,44.46115],[-77.62742,44.46114],[-77.62996,44.45887],[-77.63279,44.45907],[-77.63338,44.45625],[-77.63826,44.45704],[-77.63584,44.45352],[-77.6374,44.45152],[-77.63965,44.45179],[-77.64049,44.4492],[-77.64021,44.44826],[-77.6383,44.44842],[-77.63655,44.44686],[-77.64022,44.446],[-77.64643,44.44593],[-77.64809,44.44466],[-77.64644,44.44341],[-77.6474,44.44189],[-77.65002,44.44348],[-77.65289,44.44311],[-77.65318,44.44159],[-77.65573,44.43978],[-77.66168,44.44201],[-77.66311,44.44077],[-77.66427,44.44098],[-77.66684,44.4395],[-77.66846,44.44001],[-77.66894,44.43666],[-77.66829,44.43607],[-77.67118,44.43443],[-77.67114,44.43287],[-77.67369,44.43231],[-77.67269,44.43127],[-77.67382,44.43048],[-77.67325,44.42899],[-77.67442,44.42856],[-77.67459,44.42662],[-77.6771,44.42534],[-77.67877,44.42288],[-77.67853,44.42169],[-77.6806,44.42056],[-77.6784,44.41984],[-77.67961,44.41831],[-77.68017,44.41486],[-77.68216,44.41553],[-77.68425,44.41499],[-77.68822,44.41076],[-77.69227,44.41183],[-77.69454,44.41041],[-77.69466,44.40864],[-77.6918,44.40949],[-77.68997,44.40815],[-77.68853,44.40391],[-77.68926,44.40197],[-77.68747,44.39924],[-77.69151,44.3983],[-77.69103,44.39672],[-77.69574,44.39532],[-77.69418,44.39385],[-77.6882,44.39505],[-77.68665,44.39183],[-77.68538,44.39112],[-77.68678,44.38984],[-77.68869,44.38959],[-77.68753,44.38732],[-77.69055,44.38518],[-77.69351,44.38621],[-77.69301,44.38488],[-77.69429,44.38429],[-77.69756,44.38551],[-77.70073,44.38569],[-77.7023,44.38797],[-77.70638,44.38669],[-77.70723,44.38331],[-77.71078,44.38537],[-77.71313,44.38495],[-77.71502,44.3831],[-77.71791,44.38604],[-77.71802,44.38457],[-77.71906,44.38412],[-77.72593,44.38379],[-77.72864,44.38224],[-77.72751,44.38118],[-77.72779,44.37861],[-77.73037,44.37771],[-77.73202,44.37505],[-77.73081,44.37366],[-77.73059,44.36972],[-77.72971,44.36926],[-77.73114,44.36762],[-77.73465,44.3665],[-77.7352,44.36558],[-77.73695,44.36589],[-77.73815,44.36779],[-77.7415,44.36739],[-77.74295,44.36959],[-77.74587,44.36995],[-77.7467,44.37107],[-77.7456,44.37229],[-77.74527,44.37583],[-77.7426,44.37724],[-77.74031,44.37698],[-77.74076,44.38016],[-77.75221,44.38095],[-77.75465,44.37894],[-77.75566,44.37905],[-77.75574,44.38142],[-77.75725,44.38254],[-77.75935,44.38259],[-77.76041,44.38547],[-77.76236,44.38673],[-77.76367,44.38641],[-77.76401,44.38485],[-77.76752,44.38457],[-77.77301,44.38684],[-77.77474,44.38653],[-77.77489,44.38904],[-77.77712,44.39087],[-77.77417,44.3928],[-77.77561,44.39378],[-77.77737,44.39299],[-77.77847,44.39428],[-77.77991,44.39439],[-77.77879,44.3958],[-77.77744,44.3956],[-77.77469,44.39743],[-77.77543,44.39901],[-77.77423,44.40125],[-77.7769,44.40143],[-77.77884,44.40349],[-77.77857,44.40538],[-77.77471,44.40811],[-77.77607,44.40926],[-77.77535,44.41],[-77.77654,44.4127],[-77.77585,44.41367],[-77.77282,44.41338],[-77.77117,44.41491],[-77.76985,44.41383],[-77.76723,44.41458],[-77.76447,44.41721],[-77.76097,44.41835],[-77.75922,44.42026],[-77.76081,44.4216],[-77.75886,44.4228],[-77.75905,44.42426],[-77.76493,44.42504],[-77.76845,44.42665],[-77.76971,44.42956],[-77.77095,44.43036],[-77.7698,44.43364],[-77.77117,44.43405],[-77.77633,44.42904],[-77.77854,44.42888],[-77.78257,44.42587],[-77.78422,44.4292],[-77.78141,44.43092],[-77.78172,44.43194],[-77.78364,44.43157],[-77.79296,44.43874],[-77.79617,44.43748],[-77.7996,44.43383],[-77.80149,44.43448],[-77.80633,44.43972],[-77.809,44.4389],[-77.8103,44.43684],[-77.81227,44.43682],[-77.81408,44.43805],[-77.81485,44.43544],[-77.81587,44.43509],[-77.81692,44.43616],[-77.81948,44.43637],[-77.82163,44.43954],[-77.8241,44.43785],[-77.82889,44.43803],[-77.83083,44.43722],[-77.83205,44.43839],[-77.8313,44.43976],[-77.83334,44.44001],[-77.83415,44.43861],[-77.83854,44.43626],[-77.8361,44.43499],[-77.83769,44.43401],[-77.83691,44.431],[-77.83944,44.42763],[-77.83952,44.42539],[-77.84128,44.42507],[-77.84077,44.42426],[-77.84282,44.42191],[-77.84555,44.42037],[-77.84515,44.41768],[-77.84672,44.41524],[-77.85215,44.41649],[-77.85668,44.42115],[-77.86075,44.42088],[-77.86501,44.42317],[-77.8667,44.42512],[-77.87188,44.4256],[-77.87403,44.42645],[-77.8754,44.42805],[-77.87889,44.42712],[-77.88273,44.42738],[-77.88885,44.42626],[-77.89046,44.42431],[-77.89271,44.42637],[-77.89877,44.42808],[-77.89999,44.42552],[-77.89777,44.42355],[-77.89758,44.42159],[-77.8987,44.42091],[-77.89902,44.41914],[-77.89844,44.41806],[-77.90273,44.41742],[-77.90519,44.41868],[-77.90753,44.4174],[-77.90815,44.4162],[-77.90737,44.41548],[-77.91083,44.41209],[-77.91147,44.41029],[-77.91049,44.40519],[-77.90984,44.40223],[-77.9081,44.40122],[-77.90684,44.39872],[-77.90657,44.39695],[-77.90816,44.39374],[-77.90667,44.3928],[-77.90632,44.39121],[-77.90133,44.39097],[-77.89982,44.39028],[-77.89962,44.38934],[-77.89638,44.3875],[-77.89383,44.38473],[-77.89676,44.38187],[-77.89684,44.37176],[-77.91234,44.34321],[-77.91833,44.3382],[-77.92058,44.33514],[-77.92659,44.33057],[-77.9295,44.32659],[-77.93996,44.32344],[-77.94296,44.3196],[-77.94976,44.31596],[-77.9534,44.30902],[-77.95966,44.30713],[-77.96639,44.30077],[-77.96823,44.2975],[-77.98336,44.29346],[-77.99058,44.29232],[-78.00231,44.28771],[-78.00608,44.2848],[-78.01043,44.28276],[-78.02283,44.27987],[-78.03148,44.27108],[-78.03789,44.26661],[-78.04231,44.26474],[-78.0449,44.26203],[-78.04766,44.26085],[-78.05581,44.26062],[-78.06426,44.25847],[-78.08929,44.24805],[-78.11034,44.23164],[-78.12494,44.22757],[-78.12746,44.22191],[-78.1433,44.19973],[-78.1488,44.20221],[-78.14924,44.18948],[-78.17282,44.18032],[-78.1833,44.17731],[-78.1851,44.1755],[-78.16688,44.169],[-78.1726,44.16036],[-78.15687,44.15607],[-78.15685,44.15455],[-78.15827,44.1527],[-78.15751,44.15173],[-78.15823,44.14894],[-78.16058,44.14478],[-78.16075,44.14217],[-78.15548,44.1384],[-78.15764,44.13443],[-78.15739,44.13262],[-78.15858,44.13021],[-78.15549,44.12885],[-78.15585,44.12708],[-78.15342,44.12685],[-78.15319,44.1234],[-78.15543,44.11803],[-78.15447,44.11627],[-78.1552,44.11272],[-78.15187,44.10825],[-78.14802,44.10879],[-78.14546,44.10801],[-78.14238,44.10935],[-78.13841,44.10959],[-78.13739,44.10893],[-78.13804,44.10828],[-78.13709,44.10647],[-78.13432,44.10392],[-78.13553,44.101],[-78.13213,44.10146],[-78.13085,44.10091],[-78.12762,44.10285],[-78.1228,44.10389],[-78.11457,44.10166],[-78.11181,44.10221],[-78.1102,44.10165],[-78.10703,44.1022],[-78.10186,44.10472],[-78.10042,44.10417],[-78.10043,44.10037],[-78.09846,44.09738],[-78.09405,44.09727],[-78.0912,44.09949],[-78.08665,44.09942],[-78.08479,44.1003],[-78.08224,44.09825],[-78.07794,44.099],[-78.07647,44.09854],[-78.0745,44.09935],[-78.0696,44.09931],[-78.06726,44.09789],[-78.0675,44.09654],[-78.06429,44.09232],[-78.06247,44.08693],[-78.06035,44.08453],[-78.05645,44.08213],[-78.05787,44.08158],[-78.05723,44.0787],[-78.06496,44.07587],[-78.06809,44.07067],[-78.07079,44.07198],[-78.07277,44.0715],[-78.07409,44.07194],[-78.07611,44.07085],[-78.07687,44.06491],[-78.08109,44.05841],[-78.08266,44.05719],[-78.08693,44.05741],[-78.08871,44.05518],[-78.0924,44.05406],[-78.09305,44.05091],[-78.09571,44.04747],[-78.0972,44.04831],[-78.1012,44.04752],[-78.10161,44.04625],[-78.10359,44.04538],[-78.10351,44.04054],[-78.10502,44.03919],[-78.10307,44.03772],[-78.10145,44.03779],[-78.10215,44.03663],[-78.09944,44.03447],[-78.10281,44.03103],[-78.09978,44.02879],[-78.10005,44.02766],[-78.0892,44.02767],[-78.08695,44.02926],[-78.08572,44.02802],[-78.08138,44.02673],[-78.08335,44.02256],[-78.0806,44.01961],[-78.08242,44.01902],[-78.07972,44.01712],[-78.08234,44.01328],[-78.08096,44.01214],[-78.08116,44.01108],[-78.0742,44.00765],[-78.07429,44.00565],[-78.07585,44.004],[-78.07949,44.00315],[-78.07986,44.00194],[-78.07768,44.00098],[-78.07779,43.99689],[-78.07628,43.99387],[-78.07938,43.99159],[-78.08056,43.98932],[-78.07938,43.98852],[-78.08026,43.98753],[-78.07872,43.98499],[-78.07642,43.98306],[-78.07657,43.98087],[-78.075,43.98068],[-78.07386,43.97857],[-78.07765,43.97559],[-78.08268,43.97486],[-78.08388,43.97389],[-78.08214,43.96716],[-78.07147,43.96505],[-78.06723,43.96789],[-78.06343,43.96879],[-78.05543,43.9681],[-78.04404,43.96918],[-78.03438,43.96901],[-78.01398,43.96383],[-78.00814,43.96304],[-78.00576,43.96351],[-78.00275,43.9654],[-78.00092,43.96529],[-77.99958,43.96677],[-78.00134,43.9665],[-77.99945,43.96682],[-77.99706,43.96894],[-77.98448,43.97452],[-77.97472,43.97742],[-77.96607,43.97712],[-77.95611,43.97404],[-77.94288,43.97257],[-77.93486,43.9702],[-77.93204,43.97064],[-77.92915,43.97252],[-77.92269,43.97388],[-77.92037,43.97548],[-77.908,43.97745],[-77.90048,43.98072],[-77.88193,43.97788],[-77.87777,43.97636],[-77.87737,43.97543],[-77.87618,43.97574],[-77.87719,43.97759],[-77.87619,43.97901],[-77.873,43.98125],[-77.86657,43.98387],[-77.86734,43.98635],[-77.86211,43.99048],[-77.85473,43.99279],[-77.84284,43.99423],[-77.83979,43.99784],[-77.83234,43.99953],[-77.82834,44.00171],[-77.81929,44.00362],[-77.81109,44.0041],[-77.79852,44.0027],[-77.79118,44.00488],[-77.78347,44.00833],[-77.77033,44.00912],[-77.76292,44.00812],[-77.7605,44.00922],[-77.75665,44.00931],[-77.7512,44.01065],[-77.7449,44.00825],[-77.73626,44.00065],[-77.73243,43.99337],[-77.73334,43.98831],[-77.72899,43.99025],[-77.72553,43.98948],[-77.71903,43.99026],[-77.71327,43.98941],[-77.71059,43.98831],[-77.7037,43.98875],[-77.6995,43.99076],[-77.69477,43.99146],[-77.69062,43.99401],[-77.68572,43.99493],[-77.68333,43.99616],[-77.67941,43.99636],[-77.67545,43.99812],[-77.68291,44.0026],[-77.68466,44.00516],[-77.68487,44.004],[-77.68321,44.00254],[-77.68663,44.00401],[-77.68797,44.00352],[-77.69666,44.00399],[-77.69453,44.00467],[-77.69571,44.00539],[-77.69931,44.0031],[-77.71658,43.99619],[-77.71798,43.99489],[-77.7236,43.99259],[-77.72461,43.99421],[-77.72563,43.99381],[-77.72598,43.99792],[-77.7279,44.00175],[-77.72375,44.00043],[-77.72795,44.00321],[-77.72694,44.00305],[-77.72686,44.00358],[-77.72328,44.00159],[-77.72001,44.00125],[-77.72482,44.00303],[-77.72723,44.00487],[-77.72475,44.00406],[-77.7236,44.00422],[-77.72527,44.00524],[-77.7212,44.00452],[-77.71706,44.00469],[-77.72106,44.00468],[-77.72207,44.00496],[-77.72075,44.00558],[-77.72734,44.00617],[-77.72802,44.00645],[-77.72406,44.00676],[-77.72769,44.0077],[-77.73217,44.00747],[-77.73316,44.00797],[-77.72853,44.00822],[-77.73544,44.00835],[-77.73939,44.00994],[-77.73884,44.01039],[-77.74436,44.01165],[-77.73759,44.01466],[-77.73508,44.01465],[-77.72729,44.01871],[-77.7294,44.01986],[-77.72874,44.02013],[-77.7295,44.02106],[-77.7277,44.02132],[-77.72839,44.02219],[-77.72754,44.02156],[-77.72753,44.02367],[-77.726,44.02185],[-77.72561,44.02288],[-77.72516,44.02191],[-77.72419,44.02214],[-77.72461,44.02355],[-77.72391,44.02211],[-77.72297,44.02232],[-77.7234,44.02359],[-77.72271,44.02247],[-77.72191,44.0234],[-77.72094,44.02295],[-77.7247,44.01995],[-77.71971,44.01894],[-77.71557,44.02017],[-77.7161,44.02068],[-77.7141,44.02206],[-77.71252,44.02516],[-77.71362,44.02476],[-77.71381,44.02546],[-77.71526,44.02533],[-77.71766,44.02378],[-77.72061,44.02345],[-77.72412,44.02578],[-77.7233,44.02716],[-77.72073,44.02664],[-77.72033,44.02825],[-77.71742,44.02982],[-77.71732,44.03092],[-77.71849,44.03167],[-77.71752,44.03299],[-77.71113,44.03162],[-77.70861,44.03266],[-77.70843,44.03196],[-77.70712,44.03243],[-77.70899,44.02973],[-77.7115,44.02816],[-77.70994,44.02811],[-77.7096,44.02747],[-77.70547,44.02993],[-77.70486,44.03203],[-77.70185,44.03229],[-77.70172,44.03114],[-77.69963,44.03247],[-77.70036,44.03396],[-77.69952,44.03432],[-77.69856,44.03357],[-77.69756,44.03493],[-77.69635,44.03453],[-77.69654,44.03313],[-77.69893,44.03243],[-77.70072,44.02964],[-77.69804,44.02904],[-77.69352,44.02974],[-77.68837,44.03238],[-77.68638,44.03154],[-77.68369,44.03234],[-77.68363,44.03452],[-77.68265,44.03272],[-77.67913,44.03279],[-77.67667,44.03604],[-77.67773,44.03646],[-77.67879,44.03764],[-77.67583,44.036],[-77.67591,44.03682],[-77.67487,44.03703],[-77.67554,44.03667],[-77.67442,44.03624],[-77.67626,44.03544],[-77.67689,44.03381],[-77.67625,44.03364],[-77.67409,44.03388],[-77.67269,44.03529],[-77.67272,44.03399],[-77.66937,44.03494],[-77.66486,44.03819],[-77.66825,44.03526],[-77.6772,44.03245],[-77.67683,44.03181],[-77.67533,44.03229],[-77.67505,44.03211],[-77.67706,44.03074],[-77.67698,44.02986],[-77.67975,44.02925],[-77.68042,44.02822],[-77.68367,44.02766],[-77.68468,44.02627],[-77.68481,44.0269],[-77.68842,44.02558],[-77.69071,44.02633],[-77.69246,44.02569],[-77.69033,44.02435],[-77.69008,44.02383],[-77.69072,44.02321],[-77.69012,44.02295],[-77.69084,44.02317],[-77.69074,44.02453],[-77.69364,44.02434],[-77.69112,44.02105],[-77.69249,44.01877],[-77.6906,44.01872],[-77.68755,44.01757],[-77.68727,44.01675],[-77.68412,44.01608],[-77.68148,44.01501],[-77.68035,44.01524],[-77.68007,44.01504],[-77.68069,44.01481],[-77.6799,44.01412],[-77.68106,44.0142],[-77.68095,44.01356],[-77.68494,44.01584],[-77.68428,44.01328],[-77.6827,44.0118],[-77.67764,44.01355],[-77.6685,44.01857],[-77.66845,44.01949],[-77.67086,44.01952],[-77.6713,44.01891],[-77.67135,44.01987],[-77.67238,44.01994],[-77.67024,44.0221],[-77.66958,44.0218],[-77.66947,44.02264],[-77.66718,44.02066],[-77.66527,44.02107],[-77.66418,44.02075],[-77.66832,44.02034],[-77.66736,44.0191],[-77.65475,44.02173],[-77.64905,44.02177],[-77.64211,44.01994],[-77.63737,44.02024],[-77.6319,44.02212],[-77.62829,44.02416],[-77.62869,44.02505],[-77.62907,44.02464],[-77.62929,44.02466],[-77.62756,44.02616],[-77.62445,44.02743],[-77.62402,44.0291],[-77.62482,44.02822],[-77.62684,44.03342],[-77.62389,44.03172],[-77.62415,44.03274],[-77.62328,44.03185],[-77.62294,44.03257],[-77.62063,44.03161],[-77.61833,44.03242],[-77.61428,44.03135],[-77.61172,44.03315],[-77.60878,44.03355],[-77.60539,44.03581],[-77.60676,44.03498],[-77.60698,44.03568],[-77.60159,44.0375],[-77.60034,44.03677],[-77.59981,44.03727],[-77.5973,44.03512],[-77.59721,44.03578],[-77.59591,44.03592],[-77.59549,44.03507],[-77.58654,44.0432],[-77.58049,44.05007],[-77.57887,44.05623],[-77.58509,44.05841],[-77.58751,44.05751],[-77.59074,44.05487],[-77.58987,44.05438],[-77.59003,44.05332],[-77.59095,44.05483],[-77.58991,44.0561],[-77.58701,44.05882],[-77.58136,44.06068],[-77.58172,44.06132],[-77.58779,44.05963],[-77.59196,44.06182],[-77.59412,44.06212],[-77.59424,44.0629],[-77.59518,44.06262],[-77.59506,44.06325],[-77.5958,44.06291],[-77.59538,44.06336],[-77.59576,44.06368],[-77.597,44.06351],[-77.59654,44.06408],[-77.59747,44.06361],[-77.59672,44.06423],[-77.59778,44.06379],[-77.59698,44.0644],[-77.59814,44.06417],[-77.59785,44.06516],[-77.59878,44.06474],[-77.59809,44.06529],[-77.59873,44.06601],[-77.60062,44.06651],[-77.60206,44.06536],[-77.60258,44.06575],[-77.60119,44.06713],[-77.59821,44.06739],[-77.59511,44.07268],[-77.5924,44.07355],[-77.58907,44.0772],[-77.58244,44.08161],[-77.57877,44.08558],[-77.57594,44.08623],[-77.575,44.08955],[-77.57528,44.09605],[-77.57318,44.09698],[-77.57316,44.09837],[-77.57421,44.09856],[-77.57017,44.10124],[-77.56883,44.09994],[-77.56824,44.10026],[-77.56986,44.10134],[-77.56939,44.10168],[-77.567,44.10043],[-77.56742,44.1],[-77.56654,44.10019],[-77.56752,44.09915],[-77.56853,44.09974],[-77.56791,44.10009],[-77.56868,44.09981],[-77.56831,44.09905],[-77.56303,44.09933],[-77.56127,44.09847],[-77.55958,44.0986],[-77.55855,44.10094],[-77.55552,44.10266],[-77.55409,44.10177],[-77.55406,44.10293],[-77.55261,44.10235],[-77.55263,44.10295],[-77.55239,44.10237],[-77.55245,44.10311],[-77.55158,44.10222],[-77.55017,44.1033],[-77.54874,44.10333],[-77.54711,44.10137],[-77.54752,44.10355],[-77.54384,44.10395],[-77.54445,44.10439],[-77.54341,44.10491],[-77.53756,44.10327],[-77.53922,44.10461],[-77.53812,44.10496],[-77.53521,44.10476],[-77.53186,44.10348],[-77.52906,44.10036],[-77.52684,44.10037],[-77.52553,44.1008],[-77.52415,44.10371],[-77.5249,44.10275],[-77.52965,44.1017],[-77.5312,44.10329],[-77.53031,44.10344],[-77.53089,44.10382],[-77.52902,44.10568],[-77.52245,44.10724],[-77.5221,44.10785],[-77.52103,44.10752],[-77.52077,44.10831],[-77.51912,44.10812],[-77.51866,44.11045],[-77.51607,44.11125],[-77.5152,44.11044],[-77.51486,44.11048],[-77.51578,44.11169],[-77.5146,44.11068],[-77.51478,44.11245],[-77.51434,44.11204],[-77.51216,44.11273],[-77.51102,44.11445],[-77.50841,44.11533],[-77.50881,44.11629],[-77.50809,44.11542],[-77.50773,44.11716],[-77.50696,44.11627],[-77.50665,44.11703],[-77.50528,44.11647],[-77.50496,44.11813],[-77.5034,44.11844],[-77.50231,44.11745],[-77.49817,44.11821],[-77.49691,44.11777],[-77.49694,44.11891],[-77.49563,44.11828],[-77.4962,44.12006],[-77.49525,44.11988],[-77.49596,44.11982],[-77.49549,44.11846],[-77.49481,44.11965],[-77.49329,44.11998],[-77.48998,44.11951],[-77.48979,44.11754],[-77.4881,44.11912],[-77.47982,44.11988],[-77.48032,44.12104],[-77.47918,44.1204],[-77.47852,44.12101],[-77.47767,44.11981],[-77.47507,44.12022],[-77.4748,44.12097],[-77.47214,44.12093],[-77.47372,44.12237],[-77.4677,44.12267],[-77.45777,44.12613],[-77.45369,44.12894],[-77.45346,44.12852],[-77.44645,44.13175],[-77.43898,44.13223],[-77.43434,44.13421],[-77.43242,44.13585],[-77.43017,44.13632],[-77.43497,44.14326],[-77.43753,44.14415],[-77.43992,44.14709],[-77.43984,44.14872],[-77.44356,44.15029],[-77.4449,44.14974],[-77.45223,44.1551],[-77.45069,44.16079],[-77.45243,44.16277],[-77.45208,44.16384],[-77.45341,44.16428],[-77.45328,44.16602],[-77.4553,44.16612],[-77.45752,44.17052],[-77.45998,44.17304],[-77.4634,44.17313],[-77.46576,44.17531],[-77.47127,44.17425],[-77.47173,44.17596],[-77.47416,44.17772],[-77.47585,44.17707],[-77.47727,44.17785],[-77.47906,44.18075],[-77.48234,44.17814],[-77.48545,44.18017],[-77.48702,44.1797],[-77.49045,44.18028],[-77.49022,44.18159],[-77.49209,44.18314],[-77.49197,44.19028],[-77.49452,44.19115],[-77.49203,44.19507],[-77.492,44.19946],[-77.49459,44.20229],[-77.49354,44.2046],[-77.4952,44.20552],[-77.49691,44.20403],[-77.5016,44.20257],[-77.50347,44.20074],[-77.50572,44.20052],[-77.50783,44.19794],[-77.50988,44.19734],[-77.5097,44.1921],[-77.50808,44.19049],[-77.50906,44.18989],[-77.51058,44.19022],[-77.51033,44.18882],[-77.51184,44.18755],[-77.51276,44.18744],[-77.51736,44.19021],[-77.51891,44.18976],[-77.52068,44.18728],[-77.52317,44.18992],[-77.52974,44.19101],[-77.53359,44.1871],[-77.54009,44.18729],[-77.54241,44.18437],[-77.54893,44.18796],[-77.55082,44.18425],[-77.55207,44.18498],[-77.55435,44.18417],[-77.5581,44.18493],[-77.55424,44.1899],[-77.55825,44.19344],[-77.55529,44.1985],[-77.55689,44.20008],[-77.55589,44.20197],[-77.56024,44.20546],[-77.56194,44.20463],[-77.56458,44.20534],[-77.56949,44.20475],[-77.57422,44.19795],[-77.57724,44.1972],[-77.58387,44.18741],[-77.58768,44.18811],[-77.58575,44.19235],[-77.58366,44.19334],[-77.57766,44.20337],[-77.58013,44.20516],[-77.58002,44.2071],[-77.5827,44.21131],[-77.57802,44.22097],[-77.5751,44.224],[-77.57488,44.2264],[-77.56533,44.23166],[-77.56129,44.235],[-77.55852,44.24082],[-77.55563,44.24237],[-77.55535,44.24337],[-77.553,44.24477],[-77.54978,44.24496],[-77.54574,44.24678],[-77.54277,44.24847],[-77.54161,44.2502],[-77.53888,44.25041],[-77.5348,44.25535],[-77.52951,44.25846],[-77.5293,44.25994],[-77.52357,44.26181],[-77.52187,44.26153],[-77.51367,44.26629],[-77.51274,44.26942],[-77.51065,44.27061],[-77.50865,44.27489],[-77.50774,44.27572],[-77.50561,44.27505],[-77.50362,44.27707],[-77.50197,44.28244],[-77.50284,44.28377],[-77.50198,44.28492],[-77.50206,44.28947],[-77.49881,44.28977],[-77.4954,44.29227],[-77.49465,44.29502],[-77.4961,44.29595],[-77.4961,44.29714],[-77.49251,44.30017],[-77.4907,44.30007],[-77.4893,44.30176],[-77.48798,44.30044],[-77.48559,44.30087],[-77.48444,44.3035],[-77.48112,44.30376],[-77.48017,44.30589],[-77.47793,44.30752],[-77.47499,44.30804],[-77.47461,44.30912],[-77.47227,44.30872],[-77.4716,44.30761],[-77.46931,44.30679],[-77.4627,44.30646],[-77.46033,44.3121],[-77.45875,44.31326],[-77.44944,44.31167],[-77.4486,44.31319],[-77.44889,44.3198],[-77.45202,44.32454],[-77.45103,44.3263],[-77.45246,44.32758],[-77.45105,44.33301],[-77.44867,44.3376],[-77.44734,44.33868],[-77.4442,44.33918],[-77.44104,44.34682],[-77.4378,44.34825],[-77.43747,44.3508],[-77.43508,44.35147],[-77.43236,44.35757],[-77.42776,44.36306],[-77.42805,44.36415],[-77.42648,44.36465],[-77.42595,44.36988],[-77.41909,44.37372],[-77.41131,44.37306],[-77.40808,44.3764],[-77.40192,44.37718],[-77.39931,44.37835],[-77.39468,44.38269],[-77.39226,44.38242],[-77.39227,44.38316],[-77.39113,44.38316],[-77.38975,44.38224],[-77.38679,44.38284],[-77.38347,44.38851],[-77.38133,44.39572],[-77.37922,44.39506],[-77.3772,44.39673],[-77.37281,44.3977],[-77.37182,44.3983],[-77.37258,44.39935],[-77.36878,44.40092],[-77.36651,44.4035],[-77.36596,44.40462],[-77.37135,44.40772],[-77.3711,44.40929],[-77.36776,44.40959],[-77.36468,44.41222],[-77.3629,44.4172],[-77.36332,44.41959],[-77.36176,44.42255],[-77.36199,44.42551],[-77.36468,44.42717],[-77.3701,44.42685],[-77.37233,44.42927],[-77.37598,44.42648],[-77.38035,44.42797],[-77.38258,44.43146],[-77.38546,44.43048],[-77.38766,44.43081],[-77.38788,44.43219],[-77.3896,44.43321],[-77.3914,44.43259],[-77.39348,44.43392],[-77.3943,44.43256],[-77.39713,44.43177],[-77.40198,44.42841],[-77.40871,44.42946],[-77.40835,44.43138],[-77.40961,44.43267],[-77.40911,44.43478],[-77.41245,44.4355],[-77.41522,44.43835],[-77.4158,44.44027],[-77.41411,44.44341],[-77.41699,44.44554],[-77.41879,44.44576],[-77.41849,44.44681],[-77.41717,44.44728],[-77.41676,44.45114],[-77.41508,44.45261],[-77.41393,44.4571],[-77.41477,44.45815],[-77.41684,44.45871],[-77.41943,44.45822],[-77.42111,44.4655],[-77.41966,44.46845],[-77.4209,44.46838],[-77.4228,44.46984],[-77.42277,44.47175],[-77.42673,44.47163],[-77.42924,44.47269],[-77.42954,44.47456],[-77.42852,44.47511],[-77.4281,44.47712],[-77.42916,44.47706]]]}},{"type":"Feature","properties":{"OGF_ID":60000290},"geometry":{"type":"Polygon","coordinates":[[[-78.16058,44.14478],[-78.15823,44.14894],[-78.15751,44.15173],[-78.15827,44.1527],[-78.15685,44.15455],[-78.15687,44.15607],[-78.1726,44.16036],[-78.16688,44.169],[-78.1851,44.1755],[-78.19506,44.16555],[-78.20029,44.15819],[-78.21329,44.15494],[-78.22138,44.15208],[-78.22033,44.14651],[-78.22429,44.14474],[-78.23721,44.14556],[-78.24264,44.14402],[-78.25197,44.13751],[-78.27205,44.12605],[-78.29389,44.1179],[-78.31173,44.11933],[-78.31528,44.12022],[-78.31782,44.11975],[-78.32054,44.1203],[-78.32209,44.1215],[-78.32182,44.12215],[-78.32178,44.12219],[-78.32155,44.12266],[-78.32139,44.12288],[-78.32129,44.12299],[-78.32125,44.12302],[-78.32066,44.12396],[-78.32048,44.12426],[-78.32047,44.12428],[-78.32041,44.12436],[-78.32037,44.12454],[-78.32075,44.12557],[-78.32514,44.12507],[-78.32749,44.12674],[-78.32783,44.1278],[-78.32641,44.12994],[-78.32766,44.13075],[-78.33191,44.13084],[-78.33303,44.1287],[-78.33535,44.12934],[-78.33958,44.13256],[-78.34932,44.13281],[-78.35235,44.12921],[-78.35554,44.12788],[-78.35629,44.12483],[-78.35614,44.12374],[-78.35364,44.12235],[-78.3535,44.12008],[-78.35178,44.11959],[-78.35204,44.11691],[-78.34976,44.11629],[-78.35047,44.11207],[-78.35594,44.11132],[-78.35739,44.10896],[-78.36159,44.10648],[-78.36371,44.10661],[-78.36446,44.10744],[-78.36594,44.1044],[-78.36904,44.10324],[-78.36939,44.10044],[-78.3725,44.09862],[-78.37483,44.09954],[-78.3782,44.09862],[-78.37971,44.09599],[-78.37969,44.0935],[-78.38182,44.09393],[-78.38628,44.09309],[-78.3929,44.09517],[-78.39542,44.09445],[-78.39808,44.09638],[-78.39817,44.09527],[-78.40183,44.09139],[-78.40865,44.09072],[-78.41052,44.09198],[-78.41246,44.09236],[-78.41423,44.09185],[-78.41881,44.09293],[-78.42227,44.09592],[-78.4248,44.09616],[-78.42697,44.09917],[-78.42959,44.10086],[-78.4339,44.09946],[-78.43872,44.10072],[-78.44046,44.09965],[-78.44531,44.09935],[-78.44776,44.10064],[-78.45085,44.09988],[-78.45447,44.09742],[-78.46363,44.09619],[-78.46428,44.09531],[-78.4664,44.0961],[-78.46986,44.09281],[-78.47181,44.09206],[-78.47875,44.09582],[-78.48184,44.09353],[-78.48437,44.09414],[-78.48564,44.09694],[-78.48358,44.09941],[-78.48531,44.10067],[-78.4894,44.10093],[-78.49104,44.10034],[-78.49166,44.09905],[-78.49404,44.099],[-78.49464,44.10084],[-78.49676,44.10199],[-78.49909,44.09881],[-78.50089,44.09934],[-78.50148,44.09755],[-78.50734,44.10213],[-78.51089,44.09983],[-78.51335,44.10224],[-78.5191,44.09904],[-78.5242,44.09756],[-78.52565,44.0954],[-78.52536,44.09426],[-78.52716,44.09428],[-78.52884,44.09334],[-78.52906,44.0918],[-78.52734,44.08974],[-78.52759,44.08645],[-78.52854,44.08525],[-78.53284,44.08357],[-78.53662,44.08424],[-78.53693,44.08258],[-78.54033,44.08257],[-78.54209,44.08399],[-78.54396,44.08401],[-78.54518,44.08484],[-78.54526,44.08767],[-78.54604,44.08812],[-78.54911,44.08686],[-78.55672,44.08836],[-78.56367,44.08809],[-78.56551,44.08865],[-78.56748,44.08573],[-78.57215,44.08515],[-78.57217,44.08372],[-78.57408,44.0822],[-78.57242,44.08118],[-78.57503,44.07987],[-78.57774,44.08079],[-78.57882,44.08048],[-78.58109,44.08237],[-78.58267,44.08163],[-78.58268,44.08405],[-78.58473,44.08416],[-78.58591,44.08509],[-78.58623,44.08744],[-78.5888,44.08824],[-78.5903,44.08669],[-78.59329,44.08706],[-78.59419,44.08605],[-78.59579,44.08535],[-78.5971,44.08561],[-78.60081,44.08344],[-78.60211,44.08228],[-78.60282,44.07681],[-78.60559,44.07731],[-78.60727,44.07588],[-78.60687,44.07213],[-78.61125,44.07167],[-78.61321,44.06979],[-78.61524,44.06978],[-78.61623,44.07275],[-78.61827,44.07222],[-78.62098,44.07295],[-78.62744,44.0721],[-78.62943,44.07032],[-78.63137,44.07175],[-78.63701,44.07131],[-78.64532,44.06818],[-78.65003,44.06853],[-78.65479,44.06753],[-78.65545,44.06672],[-78.65968,44.0671],[-78.66226,44.06557],[-78.66675,44.06511],[-78.66845,44.06572],[-78.66943,44.06486],[-78.6687,44.06247],[-78.67051,44.06025],[-78.67371,44.05902],[-78.67399,44.05781],[-78.67559,44.05721],[-78.68274,44.05776],[-78.68467,44.05614],[-78.68757,44.05554],[-78.69191,44.05692],[-78.69263,44.05778],[-78.69848,44.05877],[-78.70036,44.06062],[-78.70633,44.06217],[-78.71243,44.05869],[-78.7167,44.05771],[-78.71503,44.05429],[-78.70147,44.05344],[-78.69882,44.04823],[-78.69898,44.04498],[-78.69666,44.04425],[-78.69665,44.04338],[-78.69376,44.04135],[-78.69076,44.04021],[-78.68654,44.04107],[-78.67679,44.04141],[-78.67006,44.03965],[-78.66889,44.03761],[-78.66291,44.03829],[-78.66241,44.03527],[-78.66336,44.03225],[-78.66574,44.03113],[-78.66537,44.02922],[-78.66704,44.0267],[-78.66569,44.02481],[-78.66591,44.02112],[-78.66754,44.02021],[-78.66778,44.01684],[-78.66499,44.01442],[-78.66584,44.01279],[-78.66291,44.00963],[-78.66337,44.0082],[-78.66002,44.00657],[-78.65777,43.99509],[-78.65308,43.99158],[-78.65102,43.99103],[-78.64853,43.98806],[-78.64935,43.9845],[-78.64633,43.98163],[-78.64705,43.9802],[-78.64529,43.97818],[-78.64638,43.97703],[-78.64506,43.97529],[-78.64503,43.97349],[-78.64331,43.97213],[-78.64195,43.96909],[-78.63962,43.96726],[-78.64051,43.96512],[-78.63773,43.96469],[-78.63487,43.96178],[-78.63423,43.95947],[-78.63009,43.95729],[-78.62606,43.94611],[-78.62397,43.9448],[-78.62753,43.94087],[-78.62696,43.93555],[-78.62828,43.93468],[-78.63124,43.93469],[-78.63395,43.93322],[-78.63421,43.92906],[-78.63829,43.92937],[-78.6402,43.92867],[-78.64073,43.9256],[-78.63928,43.92212],[-78.6421,43.91932],[-78.6401,43.91675],[-78.6402,43.91507],[-78.64157,43.91405],[-78.6386,43.91433],[-78.62904,43.90505],[-78.62924,43.90118],[-78.62496,43.89812],[-78.62545,43.89664],[-78.61749,43.89857],[-78.61197,43.89894],[-78.6076,43.89844],[-78.60249,43.89654],[-78.598,43.89585],[-78.59245,43.89623],[-78.58514,43.89524],[-78.57589,43.89542],[-78.57618,43.89656],[-78.57317,43.89741],[-78.56234,43.8951],[-78.55402,43.89636],[-78.54138,43.89596],[-78.53028,43.89816],[-78.50293,43.90061],[-78.49659,43.89987],[-78.48702,43.89702],[-78.48196,43.89656],[-78.46642,43.90036],[-78.45888,43.90397],[-78.45911,43.90354],[-78.45458,43.905],[-78.45004,43.9079],[-78.44308,43.9106],[-78.43025,43.91307],[-78.41356,43.91363],[-78.40242,43.91855],[-78.40403,43.9185],[-78.40464,43.91932],[-78.40133,43.91927],[-78.40218,43.9186],[-78.39825,43.91944],[-78.39712,43.91982],[-78.39702,43.92109],[-78.39699,43.91995],[-78.39564,43.9201],[-78.39529,43.91883],[-78.39439,43.92058],[-78.39153,43.92135],[-78.37904,43.92869],[-78.36948,43.93012],[-78.37071,43.93077],[-78.3724,43.93043],[-78.37144,43.93199],[-78.37107,43.93151],[-78.36885,43.93209],[-78.36855,43.93143],[-78.3674,43.93195],[-78.36864,43.93063],[-78.36975,43.93066],[-78.36927,43.93007],[-78.34722,43.93142],[-78.33923,43.93356],[-78.33675,43.93567],[-78.33158,43.93812],[-78.29849,43.94146],[-78.29374,43.94126],[-78.2927,43.94082],[-78.2935,43.94025],[-78.29183,43.94096],[-78.29096,43.94009],[-78.2902,43.94025],[-78.29073,43.94379],[-78.28663,43.94637],[-78.27468,43.94912],[-78.27208,43.95042],[-78.26422,43.9508],[-78.25716,43.9531],[-78.24653,43.95323],[-78.23958,43.95205],[-78.2335,43.95255],[-78.21479,43.95074],[-78.20205,43.95514],[-78.1919,43.95589],[-78.18619,43.95549],[-78.18139,43.95424],[-78.16878,43.95377],[-78.16813,43.95203],[-78.16551,43.95134],[-78.16479,43.95183],[-78.16767,43.95207],[-78.16828,43.95449],[-78.16652,43.95581],[-78.16558,43.95513],[-78.16709,43.95693],[-78.16462,43.95749],[-78.16468,43.95226],[-78.16385,43.95405],[-78.16387,43.95669],[-78.16212,43.95734],[-78.15692,43.95723],[-78.15181,43.95542],[-78.14572,43.95731],[-78.14044,43.95682],[-78.13061,43.95842],[-78.11846,43.95673],[-78.11541,43.9572],[-78.10719,43.96033],[-78.10446,43.96311],[-78.09843,43.96617],[-78.08931,43.96778],[-78.08214,43.96716],[-78.08388,43.97389],[-78.08268,43.97486],[-78.07765,43.97559],[-78.07386,43.97857],[-78.075,43.98068],[-78.07657,43.98087],[-78.07642,43.98306],[-78.07872,43.98499],[-78.08026,43.98753],[-78.07938,43.98852],[-78.08056,43.98932],[-78.07938,43.99159],[-78.07628,43.99387],[-78.07779,43.99689],[-78.07768,44.00098],[-78.07986,44.00194],[-78.07949,44.00315],[-78.07585,44.004],[-78.07429,44.00565],[-78.0742,44.00765],[-78.08116,44.01108],[-78.08096,44.01214],[-78.08234,44.01328],[-78.07972,44.01712],[-78.08242,44.01902],[-78.0806,44.01961],[-78.08335,44.02256],[-78.08138,44.02673],[-78.08572,44.02802],[-78.08695,44.02926],[-78.0892,44.02767],[-78.10005,44.02766],[-78.09978,44.02879],[-78.10281,44.03103],[-78.09944,44.03447],[-78.10215,44.03663],[-78.10145,44.03779],[-78.10307,44.03772],[-78.10502,44.03919],[-78.10351,44.04054],[-78.10359,44.04538],[-78.10161,44.04625],[-78.1012,44.04752],[-78.0972,44.04831],[-78.09571,44.04747],[-78.09305,44.05091],[-78.0924,44.05406],[-78.08871,44.05518],[-78.08693,44.05741],[-78.08266,44.05719],[-78.08109,44.05841],[-78.07687,44.06491],[-78.07611,44.07085],[-78.07409,44.07194],[-78.07277,44.0715],[-78.07079,44.07198],[-78.06809,44.07067],[-78.06496,44.07587],[-78.05723,44.0787],[-78.05787,44.08158],[-78.05645,44.08213],[-78.06035,44.08453],[-78.06247,44.08693],[-78.06429,44.09232],[-78.0675,44.09654],[-78.06726,44.09789],[-78.0696,44.09931],[-78.0745,44.09935],[-78.07647,44.09854],[-78.07794,44.099],[-78.08224,44.09825],[-78.08479,44.1003],[-78.08665,44.09942],[-78.0912,44.09949],[-78.09405,44.09727],[-78.09846,44.09738],[-78.10043,44.10037],[-78.10042,44.10417],[-78.10186,44.10472],[-78.10703,44.1022],[-78.1102,44.10165],[-78.11181,44.10221],[-78.11457,44.10166],[-78.1228,44.10389],[-78.12762,44.10285],[-78.13085,44.10091],[-78.13213,44.10146],[-78.13553,44.101],[-78.13432,44.10392],[-78.13709,44.10647],[-78.13804,44.10828],[-78.13739,44.10893],[-78.13841,44.10959],[-78.14238,44.10935],[-78.14546,44.10801],[-78.14802,44.10879],[-78.15187,44.10825],[-78.1552,44.11272],[-78.15447,44.11627],[-78.15543,44.11803],[-78.15319,44.1234],[-78.15342,44.12685],[-78.15585,44.12708],[-78.15549,44.12885],[-78.15858,44.13021],[-78.15739,44.13262],[-78.15764,44.13443],[-78.15548,44.1384],[-78.16075,44.14217],[-78.16058,44.14478]]]}},{"type":"Feature","properties":{"OGF_ID":60000291},"geometry":{"type":"Polygon","coordinates":[[[-76.11776,44.74595],[-76.11985,44.74713],[-76.12199,44.7447],[-76.1246,44.74372],[-76.13121,44.74394],[-76.13213,44.7433],[-76.13158,44.74084],[-76.12895,44.73866],[-76.13508,44.73391],[-76.13524,44.72985],[-76.13964,44.72763],[-76.14202,44.72516],[-76.14223,44.72363],[-76.14078,44.72289],[-76.14145,44.71903],[-76.1466,44.71911],[-76.14779,44.71851],[-76.15071,44.7199],[-76.1546,44.71696],[-76.15439,44.7149],[-76.15736,44.71104],[-76.16167,44.70758],[-76.16384,44.70807],[-76.16563,44.70729],[-76.16678,44.70811],[-76.16868,44.70808],[-76.17067,44.70644],[-76.17152,44.70516],[-76.17072,44.70419],[-76.17111,44.70235],[-76.16829,44.70352],[-76.16576,44.70262],[-76.16494,44.7019],[-76.16588,44.70011],[-76.16488,44.69942],[-76.16248,44.70104],[-76.15892,44.70125],[-76.15649,44.69862],[-76.15188,44.69725],[-76.15265,44.69596],[-76.15071,44.69495],[-76.14972,44.69321],[-76.14741,44.69234],[-76.1477,44.69073],[-76.1555,44.68652],[-76.15469,44.68354],[-76.15747,44.68185],[-76.15996,44.68147],[-76.1604,44.68223],[-76.16368,44.68318],[-76.16811,44.68047],[-76.16857,44.67789],[-76.17114,44.67819],[-76.17292,44.67737],[-76.17473,44.67911],[-76.17879,44.67887],[-76.18212,44.68107],[-76.18151,44.68273],[-76.1833,44.68363],[-76.18633,44.68399],[-76.18929,44.68334],[-76.19182,44.68481],[-76.19358,44.68404],[-76.19696,44.68644],[-76.2,44.68667],[-76.20262,44.68826],[-76.19814,44.69179],[-76.19851,44.69337],[-76.2022,44.69072],[-76.20331,44.69067],[-76.2061,44.69182],[-76.20945,44.69533],[-76.21219,44.69512],[-76.21487,44.69406],[-76.21626,44.69444],[-76.22427,44.68935],[-76.2298,44.69033],[-76.23197,44.69322],[-76.24043,44.69129],[-76.23979,44.69616],[-76.24585,44.69952],[-76.24995,44.69993],[-76.24655,44.70339],[-76.2477,44.70491],[-76.24909,44.7037],[-76.25165,44.70363],[-76.25924,44.69794],[-76.25767,44.69338],[-76.25761,44.68933],[-76.26041,44.68764],[-76.26023,44.68431],[-76.25645,44.68355],[-76.2554,44.68226],[-76.26118,44.67975],[-76.26127,44.67363],[-76.26394,44.6715],[-76.26614,44.6708],[-76.26748,44.67174],[-76.27021,44.67067],[-76.2755,44.67377],[-76.27575,44.6755],[-76.27923,44.67697],[-76.27941,44.6781],[-76.28436,44.67244],[-76.28606,44.67326],[-76.28948,44.67337],[-76.29589,44.6713],[-76.29766,44.67258],[-76.29929,44.6721],[-76.30154,44.67078],[-76.30346,44.66825],[-76.30637,44.66805],[-76.30737,44.66558],[-76.30603,44.66385],[-76.30638,44.66297],[-76.30346,44.66269],[-76.30205,44.66123],[-76.3097,44.65723],[-76.31059,44.65521],[-76.31203,44.65603],[-76.31508,44.65383],[-76.3171,44.65414],[-76.31897,44.64979],[-76.32767,44.64927],[-76.3341,44.6459],[-76.33967,44.64943],[-76.34326,44.64798],[-76.34499,44.64854],[-76.34747,44.64748],[-76.35051,44.64383],[-76.35284,44.64459],[-76.35439,44.64408],[-76.35654,44.64459],[-76.35701,44.64303],[-76.35969,44.64078],[-76.36504,44.6409],[-76.36929,44.63958],[-76.37224,44.64147],[-76.37428,44.64049],[-76.37601,44.64113],[-76.37984,44.63979],[-76.38447,44.64201],[-76.38296,44.64337],[-76.38494,44.64524],[-76.38497,44.64647],[-76.38843,44.64862],[-76.38765,44.65029],[-76.38948,44.65196],[-76.39467,44.65307],[-76.39933,44.651],[-76.40148,44.65159],[-76.40321,44.65329],[-76.40404,44.65301],[-76.40931,44.65566],[-76.41516,44.65961],[-76.41369,44.66145],[-76.41409,44.66325],[-76.41505,44.66365],[-76.41729,44.66228],[-76.42214,44.66181],[-76.42385,44.66361],[-76.43027,44.66292],[-76.4331,44.66437],[-76.43508,44.66343],[-76.43551,44.66093],[-76.43464,44.6594],[-76.43528,44.6551],[-76.43272,44.65299],[-76.43495,44.6501],[-76.44075,44.64772],[-76.44509,44.64479],[-76.44648,44.64489],[-76.4495,44.64692],[-76.45302,44.64637],[-76.45421,44.64442],[-76.46068,44.64135],[-76.46319,44.63737],[-76.46266,44.63529],[-76.46453,44.63428],[-76.46474,44.63302],[-76.46613,44.63272],[-76.46796,44.62911],[-76.47342,44.6314],[-76.47746,44.62917],[-76.47737,44.62744],[-76.4797,44.62626],[-76.47847,44.62471],[-76.48026,44.62338],[-76.48016,44.62147],[-76.47889,44.62069],[-76.47979,44.61972],[-76.47863,44.61849],[-76.47878,44.6177],[-76.47975,44.61807],[-76.48024,44.61753],[-76.47981,44.61327],[-76.48126,44.61084],[-76.48398,44.6108],[-76.48494,44.60848],[-76.48588,44.61095],[-76.48466,44.6123],[-76.48608,44.615],[-76.49015,44.61534],[-76.49067,44.61372],[-76.49309,44.61339],[-76.49355,44.61154],[-76.49926,44.61128],[-76.50112,44.61273],[-76.4989,44.61429],[-76.50046,44.61501],[-76.50437,44.61461],[-76.50656,44.61534],[-76.50595,44.61674],[-76.50724,44.6183],[-76.49925,44.62048],[-76.50227,44.62147],[-76.50979,44.61924],[-76.51121,44.62178],[-76.51472,44.62144],[-76.51775,44.62412],[-76.52196,44.62412],[-76.52347,44.62485],[-76.52402,44.62653],[-76.5259,44.62606],[-76.52793,44.62749],[-76.53314,44.62101],[-76.53944,44.62193],[-76.54027,44.62284],[-76.5445,44.62211],[-76.54637,44.62409],[-76.54783,44.62389],[-76.54959,44.62207],[-76.55428,44.62005],[-76.55431,44.6186],[-76.55626,44.6172],[-76.5607,44.61645],[-76.56401,44.61057],[-76.56228,44.6092],[-76.56493,44.60782],[-76.56625,44.60604],[-76.56402,44.60552],[-76.56469,44.60345],[-76.56335,44.60216],[-76.56365,44.6],[-76.55989,44.60068],[-76.55658,44.59961],[-76.55413,44.60085],[-76.553,44.59898],[-76.55371,44.59616],[-76.55661,44.59486],[-76.55588,44.59311],[-76.5572,44.59073],[-76.55893,44.58917],[-76.56004,44.58996],[-76.5617,44.58825],[-76.56348,44.58974],[-76.56635,44.58954],[-76.56858,44.58678],[-76.5705,44.58677],[-76.57396,44.58465],[-76.57564,44.58519],[-76.57861,44.58233],[-76.57643,44.58032],[-76.58096,44.57677],[-76.57885,44.57511],[-76.57912,44.57444],[-76.58315,44.57563],[-76.58711,44.57338],[-76.58892,44.57338],[-76.59026,44.57188],[-76.58944,44.56747],[-76.59199,44.56645],[-76.59314,44.56672],[-76.59367,44.5642],[-76.59584,44.56398],[-76.59754,44.55844],[-76.60081,44.55624],[-76.60049,44.55176],[-76.60913,44.54858],[-76.60967,44.54308],[-76.61894,44.5383],[-76.62031,44.53539],[-76.62256,44.53556],[-76.62437,44.53459],[-76.62368,44.53301],[-76.62253,44.53337],[-76.61923,44.53262],[-76.61553,44.52968],[-76.61138,44.52963],[-76.60938,44.53104],[-76.60811,44.52987],[-76.60334,44.52935],[-76.60099,44.52813],[-76.60056,44.52637],[-76.60271,44.52597],[-76.60113,44.52097],[-76.60366,44.51961],[-76.60368,44.51633],[-76.60695,44.51417],[-76.60581,44.511],[-76.60661,44.50777],[-76.60508,44.50734],[-76.60604,44.50484],[-76.61373,44.50021],[-76.61368,44.49891],[-76.61718,44.49626],[-76.61994,44.49813],[-76.62383,44.49729],[-76.62561,44.49814],[-76.62687,44.49738],[-76.62679,44.4962],[-76.62914,44.49309],[-76.63083,44.4858],[-76.63046,44.48461],[-76.62451,44.48285],[-76.6247,44.48183],[-76.62628,44.48183],[-76.62712,44.48093],[-76.62602,44.47952],[-76.62616,44.47784],[-76.63026,44.47724],[-76.63205,44.47834],[-76.63638,44.47704],[-76.6337,44.46946],[-76.63615,44.46773],[-76.63993,44.46668],[-76.64371,44.4624],[-76.64225,44.46122],[-76.64185,44.45732],[-76.64041,44.45735],[-76.63299,44.45266],[-76.63343,44.45144],[-76.63547,44.45061],[-76.63614,44.44874],[-76.63953,44.44772],[-76.64483,44.44363],[-76.64625,44.44552],[-76.64717,44.44551],[-76.64943,44.44265],[-76.65659,44.44209],[-76.65915,44.44373],[-76.66515,44.44364],[-76.66408,44.44161],[-76.66689,44.44028],[-76.66703,44.43844],[-76.67111,44.43589],[-76.67135,44.43457],[-76.67524,44.4332],[-76.67536,44.43185],[-76.67822,44.43218],[-76.67925,44.43064],[-76.68246,44.42914],[-76.68629,44.42919],[-76.68698,44.42404],[-76.68976,44.4244],[-76.6911,44.42345],[-76.69249,44.42352],[-76.69384,44.42217],[-76.69248,44.42066],[-76.69293,44.41817],[-76.69833,44.41832],[-76.69808,44.41766],[-76.69949,44.41671],[-76.69916,44.41575],[-76.70092,44.41428],[-76.70324,44.41354],[-76.70477,44.41424],[-76.70956,44.41364],[-76.71186,44.41146],[-76.71153,44.41038],[-76.71242,44.40969],[-76.71794,44.41064],[-76.71988,44.4095],[-76.71935,44.40776],[-76.7244,44.40646],[-76.72257,44.40413],[-76.71668,44.40093],[-76.71539,44.39732],[-76.71376,44.39642],[-76.71174,44.39687],[-76.71163,44.39614],[-76.71452,44.39453],[-76.71648,44.39492],[-76.72131,44.39074],[-76.72397,44.39027],[-76.73063,44.38325],[-76.72857,44.38099],[-76.72635,44.38033],[-76.72502,44.37736],[-76.72544,44.37577],[-76.72724,44.37481],[-76.7286,44.375],[-76.72939,44.37402],[-76.72929,44.37138],[-76.72643,44.36908],[-76.727,44.36796],[-76.73187,44.36602],[-76.73293,44.36355],[-76.73848,44.35979],[-76.74176,44.35908],[-76.74516,44.36006],[-76.74686,44.35831],[-76.74722,44.35651],[-76.75233,44.35326],[-76.75561,44.35377],[-76.75675,44.35493],[-76.75962,44.35363],[-76.75825,44.35126],[-76.75928,44.35027],[-76.76071,44.35054],[-76.76198,44.34918],[-76.759,44.34568],[-76.75694,44.34458],[-76.75666,44.34352],[-76.75775,44.34276],[-76.75897,44.34337],[-76.76163,44.3423],[-76.76345,44.34332],[-76.76534,44.34317],[-76.76434,44.34517],[-76.76671,44.34561],[-76.76999,44.34318],[-76.77134,44.34435],[-76.77251,44.34396],[-76.77466,44.34519],[-76.78235,44.33955],[-76.7898,44.34171],[-76.78969,44.3402],[-76.791,44.33998],[-76.79876,44.33353],[-76.79987,44.33292],[-76.80057,44.33335],[-76.80261,44.33191],[-76.80528,44.32793],[-76.80526,44.32646],[-76.81043,44.32504],[-76.8106,44.3239],[-76.81372,44.32428],[-76.81819,44.32336],[-76.81867,44.32219],[-76.8209,44.32166],[-76.82215,44.31912],[-76.82506,44.31633],[-76.82756,44.31517],[-76.83373,44.31372],[-76.83473,44.31828],[-76.84233,44.31921],[-76.85077,44.31238],[-76.85736,44.31252],[-76.8596,44.31354],[-76.8618,44.31198],[-76.86282,44.30894],[-76.8645,44.3078],[-76.86932,44.30868],[-76.8722,44.30698],[-76.87782,44.30629],[-76.88101,44.30417],[-76.88183,44.30151],[-76.88574,44.30058],[-76.89077,44.29677],[-76.89318,44.29765],[-76.89599,44.29651],[-76.89432,44.29472],[-76.89421,44.29201],[-76.89762,44.29039],[-76.89807,44.28595],[-76.90662,44.28066],[-76.90668,44.27653],[-76.90587,44.27579],[-76.90654,44.2753],[-76.90559,44.273],[-76.90404,44.27287],[-76.90027,44.2689],[-76.90144,44.26808],[-76.90113,44.26569],[-76.90361,44.2675],[-76.90585,44.26723],[-76.90743,44.2647],[-76.91181,44.26413],[-76.91429,44.26252],[-76.91739,44.26281],[-76.92126,44.25829],[-76.92104,44.2547],[-76.9192,44.25365],[-76.91879,44.25156],[-76.91716,44.24981],[-76.91919,44.24843],[-76.91906,44.24746],[-76.91683,44.24696],[-76.91646,44.24564],[-76.92142,44.24319],[-76.92432,44.23949],[-76.92673,44.23907],[-76.92789,44.23956],[-76.92984,44.23805],[-76.93196,44.2386],[-76.93383,44.23742],[-76.93674,44.23861],[-76.94315,44.23739],[-76.9439,44.23467],[-76.9424,44.23157],[-76.94574,44.22959],[-76.94986,44.2286],[-76.94977,44.22552],[-76.94843,44.22449],[-76.95108,44.22304],[-76.95187,44.22094],[-76.95063,44.21979],[-76.95062,44.21682],[-76.94943,44.21455],[-76.95048,44.21246],[-76.95025,44.20975],[-76.94899,44.20919],[-76.94993,44.20738],[-76.94832,44.20532],[-76.95314,44.20221],[-76.95318,44.20071],[-76.95505,44.20013],[-76.95365,44.19625],[-76.95518,44.19596],[-76.95612,44.19485],[-76.9556,44.19173],[-76.95925,44.18911],[-76.9709,44.18618],[-76.97358,44.18672],[-76.97692,44.18637],[-76.98267,44.18811],[-76.98433,44.18662],[-76.9871,44.18608],[-76.98703,44.18421],[-76.9851,44.184],[-76.98418,44.18272],[-76.98807,44.17925],[-76.99243,44.1771],[-76.99558,44.17676],[-76.99657,44.17767],[-77.00135,44.17589],[-77.00149,44.17463],[-76.99983,44.17402],[-76.9995,44.17221],[-77.00512,44.16986],[-77.00652,44.17238],[-77.0042,44.17415],[-77.01027,44.17833],[-77.0134,44.18248],[-77.01259,44.18433],[-77.01039,44.18429],[-77.01112,44.18729],[-77.0135,44.18768],[-77.01626,44.18626],[-77.01762,44.18771],[-77.01937,44.18762],[-77.01938,44.18436],[-77.02011,44.18497],[-77.02161,44.18396],[-77.02526,44.18398],[-77.03862,44.17663],[-77.0442,44.16825],[-77.04688,44.16102],[-77.04991,44.15759],[-77.05277,44.14584],[-77.05576,44.14123],[-77.05936,44.13952],[-77.05841,44.13563],[-77.06179,44.13317],[-77.06415,44.12936],[-77.0654,44.12564],[-77.06408,44.12322],[-77.06481,44.12067],[-77.06403,44.11943],[-77.06806,44.10547],[-77.06702,44.10451],[-77.06235,44.10385],[-77.05625,44.10506],[-77.05674,44.1055],[-77.05483,44.10788],[-77.05549,44.10598],[-77.05482,44.10477],[-77.044,44.1096],[-77.03782,44.11066],[-77.03677,44.11176],[-77.03132,44.11211],[-77.0283,44.11445],[-77.02593,44.11511],[-77.02358,44.11783],[-77.02369,44.11975],[-77.02098,44.12249],[-77.02232,44.12645],[-77.01516,44.13111],[-77.01437,44.1347],[-76.99778,44.1437],[-76.99228,44.14414],[-76.98904,44.14669],[-76.97644,44.14988],[-76.97647,44.153],[-76.97327,44.15562],[-76.97106,44.15619],[-76.9711,44.15681],[-76.97086,44.15597],[-76.96854,44.15533],[-76.96867,44.15592],[-76.96551,44.15626],[-76.96414,44.15832],[-76.96269,44.15855],[-76.96398,44.15814],[-76.96369,44.15719],[-76.96523,44.15585],[-76.96803,44.15482],[-76.96944,44.15289],[-76.96334,44.15427],[-76.96149,44.15604],[-76.95985,44.15524],[-76.9573,44.15563],[-76.95645,44.15672],[-76.9585,44.15939],[-76.96195,44.1585],[-76.96272,44.15907],[-76.95956,44.16237],[-76.95941,44.16369],[-76.96023,44.16521],[-76.96405,44.16576],[-76.96332,44.16939],[-76.95735,44.17036],[-76.95733,44.1713],[-76.95562,44.17238],[-76.9502,44.17306],[-76.93363,44.17829],[-76.93459,44.17952],[-76.93673,44.17936],[-76.93831,44.18066],[-76.93474,44.17965],[-76.93457,44.18157],[-76.93574,44.18164],[-76.93484,44.18218],[-76.93393,44.1817],[-76.93306,44.18258],[-76.93434,44.18044],[-76.93358,44.17891],[-76.93006,44.18013],[-76.92922,44.1798],[-76.93081,44.17609],[-76.9291,44.17439],[-76.92298,44.17416],[-76.92288,44.17541],[-76.92288,44.17434],[-76.91988,44.17161],[-76.91841,44.16916],[-76.91879,44.16823],[-76.91753,44.16712],[-76.92022,44.16481],[-76.9197,44.16429],[-76.914,44.16783],[-76.91419,44.16905],[-76.91589,44.1685],[-76.9157,44.16933],[-76.90985,44.17385],[-76.91159,44.17401],[-76.91209,44.17338],[-76.91334,44.17284],[-76.91315,44.17317],[-76.91216,44.17348],[-76.91206,44.17387],[-76.91475,44.17366],[-76.91299,44.17426],[-76.91526,44.17546],[-76.91634,44.17343],[-76.91612,44.17532],[-76.91533,44.17562],[-76.91647,44.17608],[-76.91657,44.17649],[-76.91632,44.17642],[-76.91636,44.17613],[-76.91577,44.17615],[-76.91456,44.17528],[-76.91416,44.17613],[-76.91382,44.17598],[-76.91372,44.17555],[-76.91032,44.17616],[-76.91219,44.17779],[-76.91331,44.17774],[-76.91307,44.17988],[-76.91243,44.17811],[-76.90949,44.17669],[-76.9088,44.17699],[-76.90877,44.17611],[-76.90832,44.17777],[-76.9068,44.17731],[-76.90653,44.1781],[-76.90647,44.17465],[-76.90526,44.17496],[-76.90587,44.17595],[-76.90529,44.17568],[-76.90498,44.17467],[-76.90337,44.1757],[-76.90414,44.17692],[-76.90579,44.1773],[-76.90578,44.17813],[-76.90394,44.17703],[-76.90352,44.17646],[-76.90319,44.17799],[-76.90128,44.17697],[-76.90709,44.17177],[-76.90445,44.17061],[-76.90238,44.17194],[-76.90657,44.1676],[-76.90247,44.16912],[-76.89642,44.16918],[-76.89051,44.17161],[-76.88709,44.17436],[-76.88752,44.17504],[-76.8865,44.17621],[-76.88717,44.17475],[-76.88615,44.1749],[-76.88268,44.17347],[-76.88472,44.17374],[-76.88659,44.17461],[-76.88974,44.17147],[-76.88938,44.1708],[-76.88828,44.17087],[-76.88882,44.17049],[-76.89011,44.17089],[-76.88944,44.16795],[-76.89429,44.16431],[-76.89138,44.16436],[-76.89001,44.16393],[-76.88963,44.16294],[-76.88794,44.16359],[-76.88523,44.16328],[-76.88373,44.15758],[-76.88491,44.15446],[-76.88475,44.15509],[-76.88795,44.1557],[-76.8979,44.15507],[-76.90064,44.15395],[-76.90341,44.15148],[-76.90439,44.1522],[-76.90627,44.15136],[-76.90601,44.15036],[-76.90646,44.15125],[-76.9088,44.15156],[-76.90894,44.14944],[-76.90999,44.14926],[-76.90909,44.14953],[-76.9096,44.15078],[-76.90939,44.15177],[-76.91084,44.15155],[-76.91152,44.1494],[-76.91123,44.1517],[-76.90955,44.15267],[-76.91056,44.15416],[-76.91296,44.15209],[-76.91304,44.1497],[-76.91409,44.15124],[-76.91364,44.15196],[-76.91638,44.15087],[-76.91588,44.15001],[-76.91651,44.15061],[-76.91651,44.15092],[-76.91525,44.15192],[-76.91378,44.15229],[-76.91481,44.15291],[-76.91418,44.15362],[-76.91663,44.15171],[-76.91701,44.15184],[-76.91606,44.15266],[-76.91748,44.15324],[-76.91936,44.15222],[-76.92131,44.15238],[-76.92103,44.15269],[-76.91979,44.15252],[-76.91854,44.15312],[-76.91942,44.15394],[-76.91533,44.1565],[-76.91421,44.15809],[-76.91498,44.15826],[-76.92485,44.15488],[-76.93153,44.15155],[-76.94015,44.1493],[-76.94287,44.15],[-76.94478,44.149],[-76.94746,44.14905],[-76.94657,44.1503],[-76.94795,44.15077],[-76.95516,44.14901],[-76.96074,44.14654],[-76.96512,44.14764],[-76.97713,44.14094],[-76.98038,44.14333],[-76.98299,44.14208],[-76.9854,44.14276],[-76.99703,44.1374],[-77.00531,44.13462],[-77.01113,44.12732],[-77.00725,44.12452],[-77.00667,44.12258],[-77.00886,44.11686],[-77.01385,44.11223],[-77.01567,44.10406],[-77.02151,44.10146],[-77.02555,44.10087],[-77.02767,44.09896],[-77.02978,44.09956],[-77.03122,44.09874],[-77.02976,44.09774],[-77.0313,44.09801],[-77.03246,44.09682],[-77.03354,44.0971],[-77.03412,44.09542],[-77.03498,44.09612],[-77.03773,44.09436],[-77.04031,44.09495],[-77.0428,44.09296],[-77.04209,44.09261],[-77.04368,44.09228],[-77.04368,44.09253],[-77.04356,44.09276],[-77.04269,44.09347],[-77.04662,44.0939],[-77.0487,44.09543],[-77.04886,44.09679],[-77.0509,44.09476],[-77.05614,44.09227],[-77.05961,44.0892],[-77.06331,44.08733],[-77.06485,44.08509],[-77.06701,44.08387],[-77.07265,44.08368],[-77.07493,44.08526],[-77.0769,44.08447],[-77.07964,44.07727],[-77.07784,44.07605],[-77.07882,44.0754],[-77.07156,44.07637],[-77.06749,44.07511],[-77.0662,44.07609],[-77.06577,44.07554],[-77.06566,44.07598],[-77.0661,44.07639],[-77.0635,44.0777],[-77.0606,44.0758],[-77.06101,44.07449],[-77.06493,44.07263],[-77.06498,44.07026],[-77.06882,44.06853],[-77.0703,44.06614],[-77.05778,44.07112],[-77.05408,44.0736],[-77.05434,44.07402],[-77.0551,44.07319],[-77.05539,44.07441],[-77.05366,44.07638],[-77.05344,44.07571],[-77.05229,44.07576],[-77.04906,44.07682],[-77.04688,44.07683],[-77.0453,44.078],[-77.04648,44.0767],[-77.04786,44.07679],[-77.04836,44.07415],[-77.04517,44.0742],[-77.04336,44.07164],[-77.05307,44.06619],[-77.04733,44.06619],[-77.03919,44.06916],[-77.03432,44.07283],[-77.03206,44.07363],[-77.03108,44.07477],[-77.03199,44.07493],[-77.02662,44.07601],[-77.02533,44.07697],[-77.02426,44.0762],[-77.02449,44.07496],[-77.02327,44.07582],[-77.02043,44.07542],[-77.02001,44.07617],[-77.01624,44.07664],[-77.01547,44.07769],[-77.01593,44.07653],[-77.01784,44.07582],[-77.01975,44.07584],[-77.02203,44.07347],[-77.02725,44.07093],[-77.02661,44.06688],[-77.03192,44.0636],[-77.03202,44.06183],[-77.04427,44.05702],[-77.04802,44.05633],[-77.04899,44.05672],[-77.04991,44.05583],[-77.05248,44.05616],[-77.05146,44.05565],[-77.05434,44.05562],[-77.05854,44.05359],[-77.05763,44.05175],[-77.05596,44.05212],[-77.0571,44.05124],[-77.05664,44.05046],[-77.0549,44.04933],[-77.0531,44.04953],[-77.0515,44.04775],[-77.04465,44.05002],[-77.04311,44.04987],[-77.04157,44.05129],[-77.03487,44.05234],[-77.02634,44.05519],[-77.02471,44.0553],[-77.02258,44.05335],[-77.0225,44.05251],[-77.02395,44.05151],[-77.02073,44.05087],[-77.01204,44.05609],[-77.0157,44.05507],[-77.01896,44.05548],[-77.01718,44.05711],[-77.01791,44.05862],[-77.01595,44.05761],[-77.00849,44.06152],[-77.01334,44.05839],[-77.01364,44.05703],[-77.01093,44.05884],[-77.00869,44.05906],[-77.0001,44.06248],[-76.99529,44.06309],[-76.99462,44.06386],[-76.99278,44.06382],[-76.99072,44.06272],[-76.99158,44.06079],[-76.99093,44.0604],[-76.98792,44.06095],[-76.98588,44.06237],[-76.98408,44.06166],[-76.98039,44.0619],[-76.96946,44.06363],[-76.96104,44.07022],[-76.95427,44.07427],[-76.95378,44.0756],[-76.95656,44.07551],[-76.95725,44.07634],[-76.96117,44.07527],[-76.95786,44.07673],[-76.95679,44.07635],[-76.95811,44.07791],[-76.95714,44.07995],[-76.95277,44.08246],[-76.95112,44.08439],[-76.93957,44.09082],[-76.94064,44.09102],[-76.94116,44.09268],[-76.93806,44.09687],[-76.93678,44.09796],[-76.93253,44.09921],[-76.93148,44.10153],[-76.9278,44.10493],[-76.92437,44.10577],[-76.92311,44.10478],[-76.92152,44.10485],[-76.91779,44.10904],[-76.91303,44.11163],[-76.90837,44.113],[-76.90729,44.11401],[-76.90385,44.11396],[-76.89151,44.11839],[-76.88741,44.12063],[-76.87996,44.12693],[-76.87262,44.12872],[-76.86735,44.13098],[-76.83374,44.15016],[-76.81813,44.15772],[-76.80316,44.16381],[-76.80208,44.16377],[-76.80245,44.16319],[-76.80116,44.16383],[-76.80219,44.16418],[-76.80125,44.16471],[-76.7934,44.16736],[-76.78982,44.17011],[-76.78691,44.17525],[-76.78444,44.17566],[-76.7801,44.17851],[-76.78053,44.17907],[-76.77937,44.17892],[-76.77376,44.18311],[-76.77126,44.18317],[-76.76915,44.18037],[-76.76741,44.18014],[-76.76205,44.18199],[-76.76402,44.18259],[-76.76331,44.18338],[-76.75813,44.18234],[-76.74083,44.19266],[-76.74018,44.19379],[-76.73825,44.19285],[-76.72928,44.19819],[-76.72507,44.20355],[-76.71857,44.20326],[-76.71042,44.20514],[-76.70891,44.20426],[-76.70966,44.20564],[-76.70419,44.20929],[-76.70325,44.20849],[-76.70158,44.20883],[-76.68717,44.21643],[-76.68807,44.21693],[-76.6878,44.21922],[-76.68871,44.22017],[-76.6937,44.21825],[-76.69572,44.21833],[-76.69473,44.22165],[-76.69684,44.22268],[-76.69503,44.22214],[-76.69333,44.22121],[-76.69143,44.22147],[-76.68913,44.22293],[-76.6879,44.22242],[-76.68867,44.22083],[-76.68717,44.21931],[-76.6872,44.2176],[-76.68622,44.21694],[-76.68704,44.2164],[-76.68565,44.21492],[-76.68972,44.21126],[-76.69006,44.20853],[-76.68699,44.20625],[-76.68453,44.20601],[-76.68098,44.20678],[-76.67431,44.2099],[-76.67374,44.21074],[-76.67527,44.21178],[-76.67476,44.2125],[-76.66867,44.21222],[-76.66473,44.21425],[-76.65891,44.21447],[-76.65394,44.21588],[-76.65149,44.21767],[-76.64406,44.21803],[-76.63162,44.22167],[-76.62863,44.22399],[-76.62711,44.22382],[-76.6283,44.22412],[-76.62848,44.22504],[-76.62505,44.23086],[-76.61971,44.23596],[-76.61556,44.23853],[-76.61708,44.23906],[-76.61265,44.23899],[-76.60958,44.24082],[-76.60474,44.24202],[-76.60209,44.24131],[-76.60162,44.24054],[-76.60265,44.24065],[-76.60196,44.24015],[-76.5966,44.23942],[-76.60583,44.23888],[-76.60597,44.23943],[-76.60718,44.23787],[-76.61005,44.23698],[-76.61156,44.23493],[-76.61423,44.23373],[-76.61528,44.23236],[-76.61449,44.22935],[-76.61693,44.22696],[-76.61853,44.22242],[-76.61786,44.21914],[-76.61299,44.21676],[-76.60909,44.21358],[-76.60559,44.21293],[-76.59588,44.21666],[-76.59402,44.21667],[-76.59116,44.21546],[-76.58527,44.2188],[-76.5838,44.21836],[-76.58062,44.21523],[-76.57569,44.21642],[-76.57711,44.21209],[-76.57658,44.21144],[-76.57358,44.21137],[-76.56827,44.21294],[-76.56663,44.21198],[-76.56683,44.20929],[-76.56533,44.20845],[-76.56176,44.20925],[-76.55965,44.20859],[-76.55754,44.20925],[-76.55676,44.2122],[-76.55246,44.21274],[-76.55026,44.21153],[-76.55125,44.20974],[-76.55064,44.20833],[-76.54864,44.20825],[-76.54599,44.20937],[-76.54446,44.21133],[-76.54746,44.21338],[-76.5472,44.215],[-76.54867,44.21589],[-76.54664,44.21752],[-76.54655,44.2193],[-76.54787,44.21998],[-76.54881,44.22264],[-76.55381,44.22553],[-76.55026,44.22498],[-76.54877,44.22639],[-76.54586,44.22514],[-76.54656,44.22777],[-76.54478,44.22925],[-76.54655,44.23179],[-76.5433,44.23543],[-76.54332,44.237],[-76.5409,44.23839],[-76.54047,44.23768],[-76.54216,44.23672],[-76.53899,44.2361],[-76.54145,44.23609],[-76.54269,44.233],[-76.54491,44.23144],[-76.54504,44.2304],[-76.54356,44.22903],[-76.54548,44.22698],[-76.54444,44.22151],[-76.54675,44.21969],[-76.54057,44.21964],[-76.53708,44.21633],[-76.53792,44.21975],[-76.53726,44.21973],[-76.53661,44.21877],[-76.53562,44.21897],[-76.53465,44.21708],[-76.53343,44.21789],[-76.5315,44.21492],[-76.52887,44.21385],[-76.52278,44.21422],[-76.51841,44.21749],[-76.51552,44.21756],[-76.51775,44.21764],[-76.51643,44.21925],[-76.51668,44.22028],[-76.51543,44.22033],[-76.51499,44.21732],[-76.51409,44.21711],[-76.51164,44.21752],[-76.51085,44.21862],[-76.50708,44.21946],[-76.50454,44.22104],[-76.50259,44.22045],[-76.50164,44.2206],[-76.50244,44.22071],[-76.5009,44.22201],[-76.49667,44.22239],[-76.48973,44.22171],[-76.48734,44.22254],[-76.48634,44.22203],[-76.48552,44.22246],[-76.48663,44.22231],[-76.48657,44.22326],[-76.48543,44.22377],[-76.48497,44.22331],[-76.48367,44.22447],[-76.48222,44.22428],[-76.48364,44.22549],[-76.48199,44.22453],[-76.48209,44.22547],[-76.47872,44.22447],[-76.47706,44.22635],[-76.47909,44.22463],[-76.48132,44.22554],[-76.48039,44.22663],[-76.48148,44.22723],[-76.4807,44.22808],[-76.47924,44.22772],[-76.48002,44.22821],[-76.47882,44.23014],[-76.47729,44.22988],[-76.47841,44.23028],[-76.47708,44.23041],[-76.47737,44.2316],[-76.47857,44.23188],[-76.47634,44.23161],[-76.47806,44.23236],[-76.47596,44.23203],[-76.47747,44.23256],[-76.47668,44.23454],[-76.47473,44.23455],[-76.47473,44.23405],[-76.47472,44.2347],[-76.47399,44.23408],[-76.47409,44.23461],[-76.47079,44.23476],[-76.47118,44.22813],[-76.4698,44.22646],[-76.46644,44.22879],[-76.46544,44.22861],[-76.46637,44.22901],[-76.46524,44.23],[-76.46409,44.23481],[-76.46219,44.23162],[-76.46242,44.22853],[-76.4614,44.22786],[-76.44556,44.23631],[-76.44955,44.23204],[-76.44971,44.23004],[-76.44713,44.23078],[-76.44638,44.2321],[-76.44253,44.23443],[-76.4388,44.23342],[-76.43165,44.23476],[-76.42812,44.23614],[-76.42564,44.23839],[-76.42147,44.24022],[-76.41875,44.24042],[-76.41042,44.24351],[-76.40862,44.24525],[-76.39893,44.25017],[-76.39172,44.2499],[-76.38052,44.25729],[-76.3796,44.25905],[-76.37986,44.26195],[-76.37838,44.26134],[-76.37863,44.26054],[-76.37665,44.26014],[-76.37765,44.26258],[-76.38047,44.26235],[-76.37903,44.2632],[-76.37814,44.26276],[-76.37829,44.2636],[-76.37621,44.26279],[-76.37648,44.2605],[-76.37419,44.25927],[-76.37578,44.25839],[-76.37532,44.25718],[-76.37374,44.25707],[-76.36845,44.25909],[-76.36773,44.25966],[-76.36836,44.26016],[-76.37044,44.25961],[-76.37051,44.26068],[-76.37544,44.26091],[-76.37559,44.26261],[-76.37266,44.26289],[-76.37075,44.26514],[-76.3713,44.26637],[-76.37034,44.26722],[-76.36882,44.26693],[-76.36967,44.26556],[-76.36582,44.26576],[-76.36555,44.26446],[-76.36453,44.26511],[-76.36297,44.26482],[-76.36284,44.26579],[-76.35852,44.2654],[-76.35628,44.26605],[-76.35768,44.26822],[-76.35647,44.26937],[-76.35083,44.27066],[-76.34616,44.27062],[-76.34316,44.2721],[-76.34212,44.27195],[-76.34232,44.27138],[-76.33925,44.27161],[-76.33554,44.27366],[-76.3328,44.27391],[-76.32875,44.27774],[-76.32769,44.27793],[-76.32697,44.27705],[-76.3255,44.27792],[-76.32602,44.27877],[-76.32521,44.27949],[-76.32624,44.28045],[-76.32042,44.28336],[-76.3194,44.28575],[-76.31428,44.29061],[-76.30993,44.29124],[-76.3075,44.29039],[-76.30517,44.29096],[-76.30398,44.29234],[-76.30452,44.29335],[-76.3072,44.29188],[-76.30889,44.29184],[-76.31109,44.29438],[-76.31237,44.29425],[-76.31335,44.29522],[-76.31295,44.29697],[-76.31417,44.29754],[-76.31243,44.29719],[-76.31183,44.29558],[-76.30974,44.29515],[-76.30371,44.29498],[-76.30349,44.29642],[-76.30208,44.29636],[-76.30009,44.29497],[-76.29628,44.2971],[-76.29672,44.29812],[-76.29482,44.2979],[-76.29434,44.2966],[-76.29291,44.29832],[-76.28981,44.299],[-76.28937,44.29977],[-76.28574,44.29913],[-76.28527,44.30027],[-76.28276,44.30077],[-76.28309,44.30251],[-76.28205,44.30221],[-76.27927,44.30319],[-76.27762,44.30196],[-76.27646,44.30317],[-76.27549,44.30239],[-76.27397,44.30409],[-76.26915,44.30602],[-76.26708,44.30525],[-76.26391,44.30601],[-76.25845,44.30476],[-76.25723,44.30743],[-76.25647,44.3064],[-76.2536,44.30671],[-76.25139,44.3059],[-76.25045,44.30629],[-76.24996,44.30814],[-76.24845,44.30781],[-76.24726,44.30871],[-76.24679,44.30738],[-76.24645,44.30862],[-76.24516,44.30857],[-76.24314,44.31035],[-76.24021,44.30965],[-76.2404,44.30828],[-76.23775,44.30798],[-76.23663,44.30681],[-76.23713,44.30629],[-76.23635,44.30639],[-76.23489,44.30857],[-76.23873,44.31318],[-76.23959,44.31604],[-76.2394,44.31598],[-76.23894,44.31468],[-76.23845,44.3142],[-76.23832,44.31307],[-76.2351,44.31104],[-76.2344,44.30954],[-76.23345,44.30966],[-76.23193,44.31168],[-76.22923,44.31236],[-76.22779,44.31506],[-76.22495,44.31593],[-76.22231,44.31845],[-76.224,44.31952],[-76.22444,44.32056],[-76.22735,44.3199],[-76.22748,44.32034],[-76.22644,44.32072],[-76.22329,44.32058],[-76.22196,44.32139],[-76.22392,44.31992],[-76.21809,44.31834],[-76.21632,44.31899],[-76.21773,44.31949],[-76.217,44.31969],[-76.21749,44.32218],[-76.21651,44.32218],[-76.21687,44.31966],[-76.2143,44.3192],[-76.21261,44.32283],[-76.21117,44.32371],[-76.21186,44.32236],[-76.2104,44.32205],[-76.21178,44.32196],[-76.21169,44.32146],[-76.20749,44.32265],[-76.20864,44.32164],[-76.21192,44.321],[-76.21387,44.31699],[-76.20981,44.3161],[-76.20711,44.3119],[-76.20481,44.31253],[-76.20497,44.31165],[-76.20267,44.31076],[-76.19895,44.31155],[-76.19743,44.30789],[-76.19441,44.30615],[-76.19367,44.30417],[-76.19367,44.30761],[-76.19224,44.30828],[-76.18974,44.30808],[-76.18873,44.30891],[-76.19121,44.31122],[-76.18961,44.31265],[-76.18529,44.31415],[-76.18539,44.31522],[-76.18254,44.31846],[-76.18154,44.31803],[-76.17978,44.31907],[-76.17592,44.31967],[-76.17176,44.32248],[-76.17042,44.32184],[-76.16854,44.32216],[-76.16749,44.32345],[-76.16512,44.32426],[-76.16445,44.32422],[-76.16576,44.32284],[-76.16477,44.32359],[-76.16485,44.32379],[-76.16404,44.32431],[-76.16316,44.32165],[-76.16314,44.32264],[-76.15959,44.32535],[-76.15696,44.325],[-76.15194,44.32736],[-76.14969,44.32988],[-76.14775,44.33076],[-76.14809,44.33175],[-76.1473,44.3314],[-76.14706,44.33045],[-76.14639,44.3304],[-76.14644,44.32993],[-76.14546,44.33093],[-76.14407,44.33085],[-76.14393,44.33024],[-76.14175,44.33063],[-76.13952,44.33224],[-76.13571,44.33207],[-76.133,44.33378],[-76.13139,44.33326],[-76.12816,44.33573],[-76.12547,44.3356],[-76.12616,44.33442],[-76.12338,44.33542],[-76.12117,44.33503],[-76.11891,44.33644],[-76.11622,44.33541],[-76.11605,44.33686],[-76.11417,44.33785],[-76.11368,44.3369],[-76.11322,44.33712],[-76.11327,44.33799],[-76.11205,44.33763],[-76.11087,44.34047],[-76.1091,44.34104],[-76.10975,44.34209],[-76.11138,44.34071],[-76.11235,44.34107],[-76.11161,44.34161],[-76.11187,44.34534],[-76.10807,44.34828],[-76.10425,44.34947],[-76.10254,44.35084],[-76.10228,44.35074],[-76.10414,44.34937],[-76.1073,44.34792],[-76.11154,44.34386],[-76.10646,44.33958],[-76.1064,44.33901],[-76.10124,44.33974],[-76.09803,44.34353],[-76.0949,44.34526],[-76.09645,44.3449],[-76.09961,44.34339],[-76.10176,44.34361],[-76.10157,44.34288],[-76.10263,44.3439],[-76.10084,44.34408],[-76.0995,44.345],[-76.10008,44.34538],[-76.09824,44.34567],[-76.09736,44.34682],[-76.09801,44.34719],[-76.09679,44.34795],[-76.09654,44.34741],[-76.09128,44.34877],[-76.0893,44.34817],[-76.08704,44.35028],[-76.08295,44.35194],[-76.08134,44.35184],[-76.07958,44.35304],[-76.07737,44.35279],[-76.07735,44.35197],[-76.07223,44.35199],[-76.07292,44.35062],[-76.07225,44.34971],[-76.07101,44.35172],[-76.06863,44.35143],[-76.07066,44.35228],[-76.06974,44.35223],[-76.06651,44.35515],[-76.06543,44.35727],[-76.06271,44.35525],[-76.05576,44.36032],[-76.04849,44.36901],[-76.04997,44.36612],[-76.0532,44.36207],[-76.05774,44.35881],[-76.05754,44.35543],[-76.06129,44.3541],[-76.06334,44.35103],[-76.064,44.35202],[-76.06547,44.35115],[-76.06837,44.3516],[-76.06794,44.35114],[-76.07019,44.34801],[-76.06773,44.35083],[-76.06539,44.35053],[-76.0657,44.34895],[-76.06719,44.3484],[-76.06826,44.34623],[-76.06712,44.34498],[-76.06604,44.3447],[-76.06506,44.34581],[-76.06552,44.34461],[-76.0646,44.34502],[-76.06394,44.34424],[-76.06153,44.34511],[-76.06148,44.34347],[-76.05507,44.34725],[-76.05678,44.34767],[-76.0585,44.34706],[-76.05922,44.34785],[-76.06039,44.3468],[-76.06203,44.34681],[-76.06326,44.34761],[-76.0613,44.34887],[-76.05751,44.34841],[-76.05582,44.34939],[-76.05369,44.34856],[-76.05176,44.34937],[-76.0521,44.34864],[-76.04858,44.34859],[-76.04616,44.34943],[-76.04518,44.34832],[-76.04429,44.34865],[-76.04424,44.34776],[-76.0418,44.3504],[-76.04251,44.35122],[-76.04045,44.35182],[-76.04049,44.35258],[-76.03422,44.35262],[-76.03212,44.35705],[-76.03092,44.3564],[-76.03135,44.35558],[-76.03067,44.35576],[-76.03134,44.35483],[-76.02998,44.35549],[-76.03314,44.35158],[-76.03089,44.35229],[-76.03066,44.35348],[-76.02857,44.35298],[-76.02604,44.35362],[-76.02587,44.35483],[-76.02415,44.35468],[-76.02428,44.35534],[-76.02523,44.35515],[-76.02435,44.35582],[-76.02914,44.35554],[-76.02858,44.35585],[-76.02464,44.35616],[-76.02643,44.35834],[-76.02602,44.35849],[-76.0244,44.35674],[-76.02341,44.35702],[-76.02417,44.35616],[-76.02089,44.35633],[-76.02104,44.35789],[-76.0227,44.35736],[-76.02284,44.35812],[-76.02356,44.35801],[-76.02287,44.35831],[-76.02225,44.35798],[-76.02245,44.35945],[-76.02434,44.35945],[-76.02362,44.35994],[-76.02235,44.35961],[-76.02162,44.35899],[-76.02109,44.35937],[-76.0211,44.35926],[-76.02036,44.35829],[-76.02103,44.35926],[-76.02013,44.35909],[-76.01808,44.36081],[-76.01705,44.35859],[-76.01823,44.35722],[-76.01528,44.35784],[-76.01525,44.35962],[-76.01281,44.3615],[-76.01521,44.36251],[-76.01252,44.36237],[-76.01334,44.36369],[-76.01159,44.36454],[-76.01029,44.36371],[-76.00804,44.36487],[-76.00657,44.36376],[-76.00328,44.36514],[-75.99619,44.36553],[-75.99593,44.36416],[-75.99036,44.36401],[-75.98834,44.36557],[-75.98928,44.3659],[-75.98791,44.36585],[-75.98501,44.369],[-75.98667,44.36618],[-75.98548,44.36499],[-75.98759,44.36359],[-75.9866,44.36328],[-75.98267,44.36417],[-75.98222,44.36559],[-75.97928,44.36608],[-75.97955,44.36726],[-75.97754,44.36801],[-75.97535,44.3677],[-75.97532,44.36632],[-75.96777,44.36778],[-75.96668,44.36855],[-75.96293,44.36872],[-75.96067,44.3696],[-75.95865,44.36931],[-75.95726,44.3709],[-75.95424,44.37136],[-75.95298,44.37243],[-75.95262,44.37132],[-75.95119,44.37165],[-75.94936,44.3732],[-75.94903,44.37446],[-75.94965,44.37429],[-75.94873,44.37511],[-75.94607,44.37563],[-75.94505,44.37383],[-75.94391,44.37504],[-75.9452,44.37543],[-75.94335,44.37617],[-75.93739,44.37556],[-75.93462,44.37846],[-75.93407,44.37777],[-75.93206,44.3786],[-75.93105,44.38099],[-75.92897,44.38178],[-75.92857,44.3831],[-75.93075,44.3819],[-75.93138,44.38288],[-75.93023,44.38387],[-75.93047,44.38588],[-75.92918,44.38514],[-75.9296,44.38646],[-75.92719,44.38695],[-75.92774,44.38843],[-75.92555,44.38737],[-75.92388,44.3886],[-75.9235,44.38964],[-75.92452,44.38932],[-75.92405,44.39065],[-75.92491,44.39153],[-75.92448,44.39209],[-75.92381,44.39134],[-75.92225,44.3924],[-75.92397,44.39274],[-75.92356,44.393],[-75.92247,44.39293],[-75.92159,44.39502],[-75.92073,44.39376],[-75.91944,44.39728],[-75.91876,44.39708],[-75.91833,44.39806],[-75.91803,44.39737],[-75.91969,44.39593],[-75.91966,44.39461],[-75.91872,44.39459],[-75.91849,44.39361],[-75.91708,44.39364],[-75.91587,44.39504],[-75.91279,44.39598],[-75.91301,44.39722],[-75.90997,44.39863],[-75.90857,44.39829],[-75.90742,44.40151],[-75.90438,44.40298],[-75.89832,44.4084],[-75.89893,44.40877],[-75.90787,44.40439],[-75.90741,44.40373],[-75.90964,44.40243],[-75.90839,44.40239],[-75.90888,44.4017],[-75.90982,44.40223],[-75.91034,44.40142],[-75.90964,44.4029],[-75.90814,44.40374],[-75.9083,44.40457],[-75.90548,44.40605],[-75.90832,44.40661],[-75.90935,44.40444],[-75.90909,44.4053],[-75.91139,44.40561],[-75.91116,44.40611],[-75.90932,44.40623],[-75.90755,44.409],[-75.90405,44.41095],[-75.9017,44.41129],[-75.90035,44.41347],[-75.89778,44.41399],[-75.89975,44.41456],[-75.89947,44.41509],[-75.89442,44.4177],[-75.89466,44.41873],[-75.8902,44.42338],[-75.88918,44.42646],[-75.88597,44.42793],[-75.8829,44.43073],[-75.88368,44.43174],[-75.88248,44.43272],[-75.88346,44.43304],[-75.87653,44.43414],[-75.87701,44.43536],[-75.87447,44.43734],[-75.87521,44.43858],[-75.87305,44.4416],[-75.86574,44.44648],[-75.86233,44.45111],[-75.86016,44.45176],[-75.85912,44.45105],[-75.8583,44.4517],[-75.85969,44.45235],[-75.85809,44.4543],[-75.85895,44.45473],[-75.85813,44.45454],[-75.85585,44.45659],[-75.85414,44.45692],[-75.84805,44.46329],[-75.84576,44.46343],[-75.84416,44.46495],[-75.84457,44.4658],[-75.83262,44.47612],[-75.83242,44.47791],[-75.82974,44.47794],[-75.83145,44.48039],[-75.8298,44.48447],[-75.82513,44.48685],[-75.8198,44.48712],[-75.81938,44.48821],[-75.81613,44.4878],[-75.81368,44.48852],[-75.81028,44.49046],[-75.8095,44.49251],[-75.80613,44.49258],[-75.80497,44.49423],[-75.80548,44.49485],[-75.80712,44.49459],[-75.80783,44.49551],[-75.80672,44.4968],[-75.8038,44.49803],[-75.8047,44.49991],[-75.80481,44.50236],[-75.80374,44.50362],[-75.80444,44.50349],[-75.80449,44.50436],[-75.803,44.50466],[-75.80271,44.50385],[-75.80014,44.50428],[-75.79881,44.50645],[-75.78938,44.51098],[-75.78253,44.51671],[-75.78141,44.52002],[-75.77026,44.52552],[-75.76421,44.53154],[-75.76094,44.53327],[-75.7603,44.53538],[-75.75547,44.53648],[-75.75129,44.54109],[-75.74677,44.5414],[-75.74451,44.54485],[-75.74426,44.54728],[-75.74241,44.54777],[-75.74256,44.54881],[-75.74087,44.54901],[-75.73953,44.55164],[-75.73975,44.54992],[-75.73695,44.54942],[-75.73675,44.54854],[-75.73658,44.54913],[-75.73572,44.54862],[-75.73374,44.54973],[-75.73434,44.55078],[-75.73306,44.55148],[-75.73325,44.55073],[-75.73075,44.54985],[-75.72959,44.55052],[-75.72807,44.55188],[-75.72869,44.55235],[-75.72338,44.55585],[-75.723,44.55711],[-75.72105,44.55736],[-75.71933,44.55998],[-75.71526,44.56219],[-75.71545,44.56292],[-75.71648,44.56298],[-75.72082,44.56024],[-75.72204,44.56041],[-75.71965,44.56229],[-75.71951,44.56292],[-75.72044,44.56253],[-75.71997,44.56301],[-75.71747,44.56369],[-75.71612,44.56735],[-75.71204,44.56915],[-75.71203,44.57003],[-75.70926,44.57111],[-75.70814,44.57261],[-75.70854,44.57101],[-75.70656,44.57148],[-75.70674,44.5722],[-75.70547,44.57231],[-75.70486,44.57386],[-75.70265,44.57532],[-75.70151,44.57519],[-75.70091,44.57626],[-75.69875,44.5768],[-75.6982,44.57779],[-75.69691,44.57773],[-75.69296,44.58095],[-75.69278,44.58042],[-75.6903,44.58174],[-75.68964,44.5839],[-75.68777,44.5848],[-75.68729,44.5843],[-75.68686,44.58499],[-75.68602,44.58441],[-75.68726,44.58401],[-75.68593,44.58436],[-75.68609,44.58471],[-75.68747,44.5859],[-75.6872,44.58589],[-75.68579,44.58463],[-75.68547,44.58466],[-75.6839,44.58586],[-75.68391,44.58723],[-75.68182,44.5873],[-75.68182,44.5892],[-75.6815,44.58728],[-75.68321,44.58603],[-75.6809,44.58667],[-75.68023,44.58715],[-75.68081,44.58988],[-75.67611,44.5932],[-75.67283,44.59446],[-75.66687,44.59938],[-75.66179,44.60098],[-75.65158,44.60784],[-75.63924,44.61706],[-75.63514,44.62156],[-75.63153,44.62206],[-75.63325,44.62405],[-75.63337,44.62692],[-75.63524,44.6294],[-75.63547,44.6344],[-75.63822,44.63695],[-75.63616,44.63925],[-75.63859,44.64279],[-75.6394,44.64305],[-75.64368,44.6413],[-75.64648,44.64212],[-75.64566,44.64628],[-75.64599,44.64566],[-75.65301,44.64597],[-75.65462,44.64494],[-75.65854,44.64486],[-75.6619,44.64766],[-75.66298,44.65142],[-75.65966,44.65362],[-75.65871,44.65744],[-75.6627,44.65486],[-75.66815,44.65461],[-75.67266,44.6514],[-75.67435,44.64599],[-75.67766,44.64358],[-75.68065,44.64413],[-75.68569,44.64704],[-75.68678,44.64952],[-75.68321,44.65191],[-75.68148,44.65717],[-75.68355,44.66006],[-75.68853,44.66029],[-75.68779,44.66724],[-75.69014,44.67005],[-75.69179,44.66995],[-75.69574,44.66701],[-75.69848,44.66655],[-75.69824,44.66523],[-75.69949,44.66339],[-75.70297,44.66029],[-75.70663,44.65971],[-75.708,44.66023],[-75.70884,44.66274],[-75.7109,44.66238],[-75.71521,44.66411],[-75.71399,44.66565],[-75.71507,44.66699],[-75.71445,44.66782],[-75.7133,44.66757],[-75.71374,44.66912],[-75.71182,44.67059],[-75.71199,44.67162],[-75.71603,44.67193],[-75.71567,44.67464],[-75.71743,44.67633],[-75.71936,44.67641],[-75.71962,44.67795],[-75.72102,44.67896],[-75.7253,44.67848],[-75.7259,44.67911],[-75.72877,44.68051],[-75.73383,44.68101],[-75.73236,44.67853],[-75.73435,44.67674],[-75.7379,44.67656],[-75.74095,44.674],[-75.74667,44.67496],[-75.74765,44.67389],[-75.74666,44.67215],[-75.74717,44.67099],[-75.74879,44.66982],[-75.75221,44.66921],[-75.75261,44.66688],[-75.75804,44.66631],[-75.76011,44.66696],[-75.76276,44.66919],[-75.76393,44.66913],[-75.7651,44.66685],[-75.76354,44.66193],[-75.76416,44.66036],[-75.76714,44.65886],[-75.76925,44.66006],[-75.77125,44.65888],[-75.77239,44.66077],[-75.77495,44.66023],[-75.77685,44.66479],[-75.7793,44.66628],[-75.77921,44.67258],[-75.78421,44.6791],[-75.78569,44.67885],[-75.78757,44.68063],[-75.7865,44.68222],[-75.7876,44.68539],[-75.79498,44.68545],[-75.79595,44.68368],[-75.79497,44.68114],[-75.79697,44.67956],[-75.80265,44.68029],[-75.80365,44.67888],[-75.80559,44.67822],[-75.80596,44.67447],[-75.80691,44.6742],[-75.80543,44.67057],[-75.80852,44.66963],[-75.80853,44.6648],[-75.81183,44.66491],[-75.81673,44.66141],[-75.81908,44.66269],[-75.82091,44.66267],[-75.82275,44.66131],[-75.82334,44.6592],[-75.82608,44.65716],[-75.82682,44.65516],[-75.83005,44.65374],[-75.82951,44.65208],[-75.83416,44.649],[-75.83477,44.64726],[-75.8416,44.64794],[-75.84695,44.64277],[-75.84705,44.64056],[-75.85128,44.63579],[-75.85065,44.63378],[-75.85172,44.63445],[-75.85327,44.63383],[-75.85434,44.63169],[-75.85697,44.63001],[-75.85666,44.62876],[-75.85886,44.62277],[-75.86309,44.61785],[-75.86509,44.61691],[-75.87078,44.61123],[-75.87748,44.6104],[-75.88071,44.60886],[-75.881,44.60772],[-75.88325,44.60775],[-75.88572,44.60626],[-75.88706,44.60752],[-75.88634,44.61092],[-75.88355,44.61331],[-75.88342,44.61525],[-75.88374,44.61983],[-75.88544,44.62477],[-75.88291,44.62864],[-75.88471,44.63086],[-75.88482,44.63506],[-75.88313,44.63662],[-75.88313,44.63848],[-75.87737,44.6408],[-75.8753,44.64254],[-75.87269,44.64569],[-75.87182,44.649],[-75.87164,44.65101],[-75.87274,44.65246],[-75.88261,44.66061],[-75.88719,44.66111],[-75.88633,44.66177],[-75.88252,44.66157],[-75.88052,44.6632],[-75.87917,44.66615],[-75.87555,44.66699],[-75.87516,44.66824],[-75.87313,44.66858],[-75.87208,44.67093],[-75.86964,44.67191],[-75.87041,44.67318],[-75.86921,44.67503],[-75.87006,44.67621],[-75.86936,44.67749],[-75.87162,44.67851],[-75.87227,44.6797],[-75.86963,44.68526],[-75.86919,44.69208],[-75.8747,44.69341],[-75.87683,44.69568],[-75.87941,44.69696],[-75.87739,44.69918],[-75.87949,44.70079],[-75.87719,44.70147],[-75.8785,44.70359],[-75.87686,44.70486],[-75.8754,44.70442],[-75.87428,44.70694],[-75.87201,44.70764],[-75.87102,44.70924],[-75.86643,44.71017],[-75.86726,44.71113],[-75.86613,44.71194],[-75.86715,44.713],[-75.86624,44.71397],[-75.86802,44.71575],[-75.86668,44.71765],[-75.87031,44.71908],[-75.87194,44.72148],[-75.87646,44.72107],[-75.87849,44.71959],[-75.88157,44.71961],[-75.88661,44.72098],[-75.89065,44.72038],[-75.89119,44.72239],[-75.89436,44.72247],[-75.89579,44.72175],[-75.90081,44.72283],[-75.90353,44.71994],[-75.90189,44.71819],[-75.89992,44.71835],[-75.8981,44.71695],[-75.90034,44.71322],[-75.90506,44.70927],[-75.90732,44.70916],[-75.90952,44.71028],[-75.91053,44.70921],[-75.91704,44.70923],[-75.91922,44.70813],[-75.92054,44.70493],[-75.92242,44.70558],[-75.92835,44.70461],[-75.92917,44.70246],[-75.92842,44.69962],[-75.93034,44.69862],[-75.93261,44.69899],[-75.93348,44.69787],[-75.93183,44.69438],[-75.935,44.69519],[-75.93754,44.69465],[-75.94532,44.68989],[-75.94401,44.68524],[-75.94542,44.68452],[-75.95072,44.68442],[-75.94951,44.68581],[-75.95349,44.68811],[-75.95802,44.68629],[-75.96142,44.68305],[-75.96233,44.68434],[-75.96409,44.68421],[-75.96519,44.68492],[-75.96783,44.6881],[-75.96952,44.68814],[-75.97096,44.68912],[-75.97045,44.69131],[-75.974,44.69207],[-75.97487,44.69625],[-75.97339,44.69921],[-75.98181,44.6994],[-75.98168,44.70082],[-75.98398,44.70309],[-75.98831,44.7039],[-75.98907,44.70476],[-75.99297,44.70253],[-75.99425,44.69975],[-75.99675,44.69989],[-75.99888,44.69862],[-75.99988,44.69979],[-76.00115,44.69966],[-76.00269,44.70071],[-76.00416,44.70243],[-76.00601,44.703],[-76.00785,44.70265],[-76.00969,44.70389],[-76.00804,44.70655],[-76.00981,44.70788],[-76.01152,44.70811],[-76.0119,44.71033],[-76.0148,44.71028],[-76.01805,44.70498],[-76.01718,44.7026],[-76.02347,44.69317],[-76.02489,44.69296],[-76.02548,44.6938],[-76.02879,44.69484],[-76.03285,44.69293],[-76.03884,44.68682],[-76.04023,44.68739],[-76.04148,44.68684],[-76.0461,44.68703],[-76.05043,44.68342],[-76.05076,44.68201],[-76.05342,44.68069],[-76.05313,44.67794],[-76.05655,44.67721],[-76.05956,44.6742],[-76.06329,44.67288],[-76.06783,44.67496],[-76.07386,44.66981],[-76.07666,44.67175],[-76.07331,44.6742],[-76.0747,44.67626],[-76.07472,44.67823],[-76.0713,44.68118],[-76.07252,44.6833],[-76.07607,44.68383],[-76.07909,44.68682],[-76.08358,44.68654],[-76.08458,44.68703],[-76.08797,44.68545],[-76.08987,44.68702],[-76.09343,44.68829],[-76.09421,44.68945],[-76.09158,44.69213],[-76.09043,44.69589],[-76.08916,44.69614],[-76.09018,44.69725],[-76.0894,44.69923],[-76.08823,44.69988],[-76.08682,44.69833],[-76.08452,44.69837],[-76.08263,44.70013],[-76.08256,44.70191],[-76.08502,44.70367],[-76.08252,44.70658],[-76.08574,44.70888],[-76.08289,44.71321],[-76.08508,44.71603],[-76.08679,44.71618],[-76.08779,44.71713],[-76.08752,44.71872],[-76.08834,44.71949],[-76.08574,44.72239],[-76.08433,44.72221],[-76.08331,44.72324],[-76.08277,44.72633],[-76.08013,44.72823],[-76.07934,44.73271],[-76.08068,44.73397],[-76.08305,44.7344],[-76.08687,44.73381],[-76.08915,44.73249],[-76.09311,44.7331],[-76.09452,44.73559],[-76.10001,44.7336],[-76.10239,44.7363],[-76.10419,44.73693],[-76.1064,44.73566],[-76.10912,44.73595],[-76.11097,44.73525],[-76.11325,44.73621],[-76.11533,44.73526],[-76.11673,44.73601],[-76.11544,44.74016],[-76.11633,44.74109],[-76.11251,44.74517],[-76.11349,44.7461],[-76.11776,44.74595]]]}},{"type":"Feature","properties":{"OGF_ID":60000292},"geometry":{"type":"Polygon","coordinates":[[[-77.66486,44.03819],[-77.66937,44.03494],[-77.67272,44.03399],[-77.67269,44.03529],[-77.67409,44.03388],[-77.67625,44.03364],[-77.67689,44.03381],[-77.67626,44.03544],[-77.67442,44.03624],[-77.67554,44.03667],[-77.67487,44.03703],[-77.67591,44.03682],[-77.67583,44.036],[-77.67879,44.03764],[-77.67773,44.03646],[-77.67667,44.03604],[-77.67913,44.03279],[-77.68265,44.03272],[-77.68363,44.03452],[-77.68369,44.03234],[-77.68638,44.03154],[-77.68837,44.03238],[-77.69352,44.02974],[-77.69804,44.02904],[-77.70072,44.02964],[-77.69893,44.03243],[-77.69654,44.03313],[-77.69635,44.03453],[-77.69756,44.03493],[-77.69856,44.03357],[-77.69952,44.03432],[-77.70036,44.03396],[-77.69963,44.03247],[-77.70172,44.03114],[-77.70185,44.03229],[-77.70486,44.03203],[-77.70547,44.02993],[-77.7096,44.02747],[-77.70994,44.02811],[-77.7115,44.02816],[-77.70899,44.02973],[-77.70712,44.03243],[-77.70843,44.03196],[-77.70861,44.03266],[-77.71113,44.03162],[-77.71752,44.03299],[-77.71849,44.03167],[-77.71732,44.03092],[-77.71742,44.02982],[-77.72033,44.02825],[-77.72073,44.02664],[-77.7233,44.02716],[-77.72412,44.02578],[-77.72061,44.02345],[-77.71766,44.02378],[-77.71526,44.02533],[-77.71381,44.02546],[-77.71362,44.02476],[-77.71252,44.02516],[-77.7141,44.02206],[-77.7161,44.02068],[-77.71557,44.02017],[-77.71971,44.01894],[-77.7247,44.01995],[-77.72094,44.02295],[-77.72191,44.0234],[-77.72271,44.02247],[-77.7234,44.02359],[-77.72297,44.02232],[-77.72391,44.02211],[-77.72461,44.02355],[-77.72419,44.02214],[-77.72516,44.02191],[-77.72561,44.02288],[-77.726,44.02185],[-77.72753,44.02367],[-77.72754,44.02156],[-77.72839,44.02219],[-77.7277,44.02132],[-77.7295,44.02106],[-77.72874,44.02013],[-77.7294,44.01986],[-77.72729,44.01871],[-77.73508,44.01465],[-77.73759,44.01466],[-77.74436,44.01165],[-77.73884,44.01039],[-77.73939,44.00994],[-77.73544,44.00835],[-77.72853,44.00822],[-77.73316,44.00797],[-77.73217,44.00747],[-77.72769,44.0077],[-77.72406,44.00676],[-77.72802,44.00645],[-77.72734,44.00617],[-77.72075,44.00558],[-77.72207,44.00496],[-77.72106,44.00468],[-77.71706,44.00469],[-77.7212,44.00452],[-77.72527,44.00524],[-77.7236,44.00422],[-77.72475,44.00406],[-77.72723,44.00487],[-77.72482,44.00303],[-77.72001,44.00125],[-77.72328,44.00159],[-77.72686,44.00358],[-77.72694,44.00305],[-77.72795,44.00321],[-77.72375,44.00043],[-77.7279,44.00175],[-77.72598,43.99792],[-77.72563,43.99381],[-77.72461,43.99421],[-77.7236,43.99259],[-77.71798,43.99489],[-77.71658,43.99619],[-77.69931,44.0031],[-77.69571,44.00539],[-77.69453,44.00467],[-77.69666,44.00399],[-77.68797,44.00352],[-77.68663,44.00401],[-77.68321,44.00254],[-77.68487,44.004],[-77.68466,44.00516],[-77.68291,44.0026],[-77.67545,43.99812],[-77.67941,43.99636],[-77.68333,43.99616],[-77.68572,43.99493],[-77.69062,43.99401],[-77.69477,43.99146],[-77.6995,43.99076],[-77.7037,43.98875],[-77.71059,43.98831],[-77.71327,43.98941],[-77.71903,43.99026],[-77.72553,43.98948],[-77.72899,43.99025],[-77.73334,43.98831],[-77.73243,43.99337],[-77.73626,44.00065],[-77.7449,44.00825],[-77.7512,44.01065],[-77.75665,44.00931],[-77.7605,44.00922],[-77.76292,44.00812],[-77.77033,44.00912],[-77.78347,44.00833],[-77.79118,44.00488],[-77.79852,44.0027],[-77.81109,44.0041],[-77.81929,44.00362],[-77.82834,44.00171],[-77.83234,43.99953],[-77.83979,43.99784],[-77.84284,43.99423],[-77.85473,43.99279],[-77.86211,43.99048],[-77.86734,43.98635],[-77.86657,43.98387],[-77.873,43.98125],[-77.87619,43.97901],[-77.87719,43.97759],[-77.87618,43.97574],[-77.87737,43.97543],[-77.87777,43.97636],[-77.88193,43.97788],[-77.90048,43.98072],[-77.908,43.97745],[-77.92037,43.97548],[-77.92269,43.97388],[-77.92915,43.97252],[-77.93204,43.97064],[-77.93486,43.9702],[-77.94288,43.97257],[-77.95611,43.97404],[-77.96607,43.97712],[-77.97472,43.97742],[-77.98448,43.97452],[-77.99706,43.96894],[-77.99945,43.96682],[-78.00134,43.9665],[-77.99958,43.96677],[-78.00092,43.96529],[-78.00275,43.9654],[-78.00576,43.96351],[-78.00814,43.96304],[-78.01398,43.96383],[-78.03438,43.96901],[-78.04404,43.96918],[-78.05543,43.9681],[-78.06343,43.96879],[-78.06723,43.96789],[-78.07147,43.96505],[-78.08214,43.96716],[-78.08326,43.63115],[-77.63684,43.63115],[-77.6285,43.96616],[-77.62878,44.02212],[-77.62736,44.026],[-77.59549,44.03507],[-77.59591,44.03592],[-77.59721,44.03578],[-77.5973,44.03512],[-77.59981,44.03727],[-77.60034,44.03677],[-77.60159,44.0375],[-77.60698,44.03568],[-77.60676,44.03498],[-77.60539,44.03581],[-77.60878,44.03355],[-77.61172,44.03315],[-77.61428,44.03135],[-77.61833,44.03242],[-77.62063,44.03161],[-77.62294,44.03257],[-77.62328,44.03185],[-77.62415,44.03274],[-77.62389,44.03172],[-77.62684,44.03342],[-77.62482,44.02822],[-77.62402,44.0291],[-77.62445,44.02743],[-77.62756,44.02616],[-77.62929,44.02466],[-77.62907,44.02464],[-77.62869,44.02505],[-77.62829,44.02416],[-77.6319,44.02212],[-77.63737,44.02024],[-77.64211,44.01994],[-77.64905,44.02177],[-77.65475,44.02173],[-77.66736,44.0191],[-77.66832,44.02034],[-77.66418,44.02075],[-77.66527,44.02107],[-77.66718,44.02066],[-77.66947,44.02264],[-77.66958,44.0218],[-77.67024,44.0221],[-77.67238,44.01994],[-77.67135,44.01987],[-77.6713,44.01891],[-77.67086,44.01952],[-77.66845,44.01949],[-77.6685,44.01857],[-77.67764,44.01355],[-77.6827,44.0118],[-77.68428,44.01328],[-77.68494,44.01584],[-77.68095,44.01356],[-77.68106,44.0142],[-77.6799,44.01412],[-77.68069,44.01481],[-77.68007,44.01504],[-77.68035,44.01524],[-77.68148,44.01501],[-77.68412,44.01608],[-77.68727,44.01675],[-77.68755,44.01757],[-77.6906,44.01872],[-77.69249,44.01877],[-77.69112,44.02105],[-77.69364,44.02434],[-77.69074,44.02453],[-77.69084,44.02317],[-77.69012,44.02295],[-77.69072,44.02321],[-77.69008,44.02383],[-77.69033,44.02435],[-77.69246,44.02569],[-77.69071,44.02633],[-77.68842,44.02558],[-77.68481,44.0269],[-77.68468,44.02627],[-77.68367,44.02766],[-77.68042,44.02822],[-77.67975,44.02925],[-77.67698,44.02986],[-77.67706,44.03074],[-77.67505,44.03211],[-77.67533,44.03229],[-77.67683,44.03181],[-77.6772,44.03245],[-77.66825,44.03526],[-77.66486,44.03819]]]}},{"type":"Feature","properties":{"OGF_ID":60000293},"geometry":{"type":"Polygon","coordinates":[[[-77.07161,44.17254],[-77.07173,44.17418],[-77.07252,44.1744],[-77.08103,44.17063],[-77.08618,44.17115],[-77.09443,44.16647],[-77.10221,44.16435],[-77.11204,44.16352],[-77.12041,44.16092],[-77.12436,44.16163],[-77.13407,44.15633],[-77.13469,44.15555],[-77.13347,44.15533],[-77.13591,44.15437],[-77.13617,44.15266],[-77.13718,44.15295],[-77.1366,44.15241],[-77.13917,44.15163],[-77.13902,44.15105],[-77.1395,44.15131],[-77.13928,44.15227],[-77.14401,44.15162],[-77.15038,44.14829],[-77.15208,44.14895],[-77.15824,44.14865],[-77.15952,44.14972],[-77.16589,44.14836],[-77.16926,44.14914],[-77.17418,44.1478],[-77.17539,44.14616],[-77.17955,44.14591],[-77.17992,44.14457],[-77.18183,44.14405],[-77.18282,44.14197],[-77.18347,44.14231],[-77.18459,44.13862],[-77.18705,44.13799],[-77.18925,44.13084],[-77.18948,44.13137],[-77.1892,44.13194],[-77.19013,44.13229],[-77.19252,44.13169],[-77.19445,44.12981],[-77.19432,44.12848],[-77.1959,44.12645],[-77.1997,44.12474],[-77.20565,44.12376],[-77.20817,44.12209],[-77.20609,44.12095],[-77.20756,44.12132],[-77.20823,44.12183],[-77.21036,44.11947],[-77.21075,44.11947],[-77.20862,44.12201],[-77.20687,44.12329],[-77.20694,44.12416],[-77.19952,44.12871],[-77.19765,44.13161],[-77.19439,44.13284],[-77.19278,44.1363],[-77.19246,44.13557],[-77.19234,44.13815],[-77.19597,44.14285],[-77.2075,44.13925],[-77.21255,44.13956],[-77.22025,44.13617],[-77.22837,44.13443],[-77.22723,44.13428],[-77.22777,44.13396],[-77.23349,44.13515],[-77.2376,44.13474],[-77.24269,44.13252],[-77.2478,44.1319],[-77.25349,44.1293],[-77.25724,44.12885],[-77.2735,44.12038],[-77.27835,44.11663],[-77.27889,44.11542],[-77.27813,44.11416],[-77.28017,44.11283],[-77.28407,44.11351],[-77.2825,44.11519],[-77.28334,44.11589],[-77.28885,44.11587],[-77.28837,44.11452],[-77.28984,44.11285],[-77.2912,44.10845],[-77.29035,44.10734],[-77.29271,44.10517],[-77.29163,44.10503],[-77.2896,44.10162],[-77.29068,44.09972],[-77.28943,44.09921],[-77.28894,44.09788],[-77.29133,44.09411],[-77.2893,44.09182],[-77.27823,44.09402],[-77.27392,44.09616],[-77.26628,44.0944],[-77.26181,44.09596],[-77.25574,44.09509],[-77.2511,44.0972],[-77.25022,44.09867],[-77.24559,44.10059],[-77.2399,44.10155],[-77.23823,44.1038],[-77.23516,44.10503],[-77.23228,44.10543],[-77.23096,44.10382],[-77.23161,44.1032],[-77.23054,44.1031],[-77.23091,44.10145],[-77.23715,44.0984],[-77.24055,44.09817],[-77.24142,44.09711],[-77.24068,44.09467],[-77.24136,44.0947],[-77.24198,44.09574],[-77.24115,44.09833],[-77.24213,44.09768],[-77.24211,44.09872],[-77.24523,44.0997],[-77.24302,44.09716],[-77.24347,44.09375],[-77.24512,44.09414],[-77.24565,44.09304],[-77.24355,44.09221],[-77.24488,44.09205],[-77.2462,44.09324],[-77.24633,44.09241],[-77.24801,44.09234],[-77.24797,44.09139],[-77.25118,44.09087],[-77.25077,44.09257],[-77.25579,44.09434],[-77.25749,44.09418],[-77.25859,44.09224],[-77.26112,44.09118],[-77.25949,44.0887],[-77.25848,44.08988],[-77.25733,44.08889],[-77.2616,44.08768],[-77.26834,44.08398],[-77.27283,44.08279],[-77.27893,44.08274],[-77.28716,44.08101],[-77.29071,44.08287],[-77.29737,44.08193],[-77.30808,44.07729],[-77.31507,44.07906],[-77.31714,44.08079],[-77.31657,44.08168],[-77.32221,44.08196],[-77.32452,44.08279],[-77.33224,44.08885],[-77.33579,44.08586],[-77.33605,44.08421],[-77.33701,44.08429],[-77.33813,44.08594],[-77.34138,44.08438],[-77.34372,44.08483],[-77.34243,44.08519],[-77.34317,44.08575],[-77.34093,44.08546],[-77.34157,44.08611],[-77.34001,44.08667],[-77.34027,44.08734],[-77.33851,44.08671],[-77.33413,44.08833],[-77.32813,44.09512],[-77.32219,44.09716],[-77.32189,44.09933],[-77.31962,44.10101],[-77.32134,44.10316],[-77.32043,44.10514],[-77.32139,44.1061],[-77.32205,44.11094],[-77.31993,44.11223],[-77.31633,44.11248],[-77.31277,44.11369],[-77.30809,44.11926],[-77.30816,44.12045],[-77.31049,44.12263],[-77.30996,44.12296],[-77.31215,44.12218],[-77.31398,44.12325],[-77.31979,44.12247],[-77.31964,44.12327],[-77.31511,44.12576],[-77.31589,44.12704],[-77.31884,44.12672],[-77.3218,44.12422],[-77.32001,44.12335],[-77.3203,44.12246],[-77.32396,44.12163],[-77.32881,44.11896],[-77.33146,44.11869],[-77.33388,44.11647],[-77.33695,44.11506],[-77.33633,44.11602],[-77.33697,44.11644],[-77.34068,44.11328],[-77.34092,44.11216],[-77.33909,44.11073],[-77.33984,44.10917],[-77.3421,44.10747],[-77.34459,44.10744],[-77.3468,44.10646],[-77.34693,44.10723],[-77.34259,44.10792],[-77.33982,44.11011],[-77.34218,44.11221],[-77.34314,44.11132],[-77.34315,44.11194],[-77.34129,44.11468],[-77.33714,44.117],[-77.33488,44.11705],[-77.3304,44.12006],[-77.32746,44.12564],[-77.32611,44.1259],[-77.32335,44.1286],[-77.31432,44.12945],[-77.30912,44.1326],[-77.30573,44.1315],[-77.30411,44.13177],[-77.30678,44.13457],[-77.30592,44.13514],[-77.30441,44.1346],[-77.29817,44.13907],[-77.29745,44.14078],[-77.29847,44.14123],[-77.30102,44.14038],[-77.30077,44.14092],[-77.30581,44.13819],[-77.31021,44.13792],[-77.31117,44.13926],[-77.30952,44.14172],[-77.31086,44.14359],[-77.30792,44.14609],[-77.31174,44.14879],[-77.31551,44.148],[-77.3191,44.14509],[-77.32024,44.14503],[-77.32039,44.14594],[-77.32213,44.14582],[-77.32483,44.14344],[-77.32931,44.14194],[-77.33095,44.14224],[-77.32655,44.14552],[-77.32798,44.14526],[-77.32989,44.14366],[-77.33118,44.14208],[-77.33391,44.14071],[-77.33503,44.14176],[-77.33791,44.14024],[-77.34476,44.13988],[-77.34831,44.13797],[-77.34874,44.13853],[-77.3419,44.14315],[-77.34401,44.14485],[-77.34644,44.14381],[-77.35082,44.13963],[-77.35581,44.13872],[-77.35653,44.13954],[-77.35825,44.13837],[-77.36019,44.13846],[-77.3618,44.13767],[-77.36836,44.13195],[-77.3723,44.1298],[-77.37311,44.12805],[-77.37339,44.12849],[-77.37236,44.13292],[-77.37135,44.1342],[-77.37421,44.13613],[-77.37648,44.13938],[-77.373,44.14256],[-77.37416,44.14231],[-77.37496,44.14081],[-77.37585,44.14099],[-77.378,44.13966],[-77.37986,44.14174],[-77.38361,44.14354],[-77.38534,44.1436],[-77.39305,44.13572],[-77.3971,44.1343],[-77.39782,44.13286],[-77.40185,44.13111],[-77.40332,44.12893],[-77.40965,44.1259],[-77.41636,44.12559],[-77.42471,44.12169],[-77.42936,44.12094],[-77.43264,44.11928],[-77.44241,44.11821],[-77.44424,44.11693],[-77.44915,44.11564],[-77.45309,44.11544],[-77.4762,44.11065],[-77.48584,44.10595],[-77.48584,44.10757],[-77.48671,44.1078],[-77.4912,44.1076],[-77.49244,44.10675],[-77.49255,44.10774],[-77.49378,44.108],[-77.49729,44.10682],[-77.49798,44.10539],[-77.49579,44.10413],[-77.4995,44.10363],[-77.50041,44.10192],[-77.50013,44.09762],[-77.49875,44.09839],[-77.49899,44.09925],[-77.49763,44.09856],[-77.50221,44.09616],[-77.5004,44.0976],[-77.50044,44.09868],[-77.50659,44.09711],[-77.50653,44.09603],[-77.50497,44.09597],[-77.50485,44.09513],[-77.50708,44.09478],[-77.50736,44.09413],[-77.50866,44.09443],[-77.50839,44.09339],[-77.51066,44.09067],[-77.52637,44.08116],[-77.5296,44.07962],[-77.53498,44.08007],[-77.54162,44.07731],[-77.54956,44.07168],[-77.55517,44.06652],[-77.56054,44.06392],[-77.56611,44.05972],[-77.56901,44.05643],[-77.57128,44.05549],[-77.5711,44.05436],[-77.57426,44.05251],[-77.57488,44.05266],[-77.57495,44.05202],[-77.57797,44.05477],[-77.57431,44.05269],[-77.57146,44.05526],[-77.57348,44.05632],[-77.57587,44.05578],[-77.57543,44.05505],[-77.57629,44.05499],[-77.57668,44.05585],[-77.57887,44.05623],[-77.58049,44.05007],[-77.58654,44.0432],[-77.59549,44.03507],[-77.59451,44.03515],[-77.59442,44.03461],[-77.5957,44.0345],[-77.59492,44.03356],[-77.5961,44.03281],[-77.59738,44.03323],[-77.59745,44.03263],[-77.59501,44.03142],[-77.59274,44.02852],[-77.59278,44.0255],[-77.58856,44.02888],[-77.58836,44.02845],[-77.58695,44.02919],[-77.58801,44.02826],[-77.58589,44.02838],[-77.58766,44.02807],[-77.58702,44.02769],[-77.58818,44.0282],[-77.58689,44.02728],[-77.58818,44.02804],[-77.58941,44.02741],[-77.58977,44.02601],[-77.5919,44.0249],[-77.59021,44.02402],[-77.58917,44.02393],[-77.58865,44.0252],[-77.58624,44.02562],[-77.58568,44.02437],[-77.58322,44.02564],[-77.5811,44.02316],[-77.57898,44.02456],[-77.57881,44.02526],[-77.57972,44.02546],[-77.57852,44.02587],[-77.57914,44.02635],[-77.57644,44.02724],[-77.5779,44.02387],[-77.57568,44.02471],[-77.57785,44.02364],[-77.57763,44.02308],[-77.57908,44.02295],[-77.57932,44.02178],[-77.57984,44.02138],[-77.57944,44.02202],[-77.58122,44.02235],[-77.58172,44.02063],[-77.58238,44.02157],[-77.58378,44.02098],[-77.58299,44.0196],[-77.58135,44.01976],[-77.58139,44.02051],[-77.58072,44.01951],[-77.58283,44.01931],[-77.58397,44.02017],[-77.58616,44.0195],[-77.58703,44.01699],[-77.5839,44.01487],[-77.58184,44.01542],[-77.57803,44.01496],[-77.57308,44.01593],[-77.57016,44.01249],[-77.57093,44.00959],[-77.56966,44.00811],[-77.56778,44.00747],[-77.56131,44.00972],[-77.55783,44.01412],[-77.55735,44.01281],[-77.55521,44.01321],[-77.55574,44.01254],[-77.55268,44.01062],[-77.55327,44.01076],[-77.55379,44.01004],[-77.55323,44.01067],[-77.55142,44.01],[-77.54689,44.01022],[-77.54159,44.00918],[-77.53288,44.00892],[-77.53319,44.00716],[-77.52883,44.0064],[-77.52479,44.00403],[-77.52102,44.0031],[-77.52205,43.99981],[-77.52301,43.99993],[-77.52309,43.99916],[-77.52506,43.99825],[-77.52578,43.99527],[-77.52642,43.99593],[-77.52796,43.99567],[-77.5287,43.99511],[-77.52772,43.99521],[-77.52771,43.9946],[-77.5292,43.99488],[-77.53041,43.99302],[-77.53781,43.98947],[-77.54142,43.98985],[-77.54282,43.99187],[-77.54528,43.99175],[-77.5493,43.99078],[-77.5468,43.99087],[-77.54772,43.98942],[-77.54847,43.98967],[-77.54816,43.99041],[-77.54996,43.9903],[-77.54936,43.98839],[-77.56099,43.98563],[-77.56001,43.9862],[-77.56134,43.9868],[-77.56148,43.98583],[-77.56182,43.98767],[-77.5616,43.98834],[-77.56386,43.99109],[-77.56887,43.99121],[-77.56989,43.98972],[-77.57249,43.9891],[-77.57581,43.98705],[-77.57529,43.98635],[-77.57431,43.98611],[-77.57455,43.98687],[-77.57231,43.98586],[-77.57174,43.9842],[-77.57351,43.98191],[-77.57177,43.98083],[-77.57296,43.98114],[-77.57325,43.98062],[-77.57452,43.98145],[-77.57347,43.98323],[-77.57466,43.98255],[-77.577,43.98427],[-77.57742,43.98652],[-77.58073,43.98893],[-77.58195,43.99147],[-77.59467,43.99926],[-77.59489,44.00034],[-77.59876,44.00176],[-77.60103,44.00488],[-77.60563,44.00743],[-77.60519,44.00967],[-77.60205,44.01093],[-77.60279,44.01176],[-77.60172,44.01311],[-77.60333,44.01416],[-77.60479,44.01335],[-77.60658,44.01414],[-77.60263,44.01666],[-77.60659,44.01588],[-77.60799,44.00981],[-77.61239,44.00818],[-77.61119,44.00746],[-77.60813,44.00728],[-77.58984,43.99535],[-77.57624,43.98266],[-77.57392,43.97912],[-77.56735,43.97598],[-77.56519,43.97358],[-77.56469,43.97156],[-77.55629,43.96976],[-77.54533,43.96962],[-77.5397,43.96338],[-77.53698,43.96258],[-77.53163,43.96327],[-77.52407,43.95299],[-77.52436,43.95084],[-77.52217,43.95047],[-77.52039,43.94816],[-77.51792,43.94352],[-77.51829,43.94234],[-77.51554,43.94096],[-77.51122,43.94344],[-77.50853,43.94349],[-77.50437,43.94187],[-77.49884,43.93802],[-77.49334,43.93046],[-77.49423,43.92752],[-77.49564,43.92634],[-77.49186,43.92654],[-77.48889,43.92539],[-77.47237,43.9291],[-77.46121,43.92967],[-77.45083,43.92715],[-77.44341,43.92802],[-77.43939,43.93046],[-77.43316,43.93168],[-77.42691,43.93019],[-77.42635,43.93094],[-77.42001,43.93267],[-77.40048,43.93541],[-77.38711,43.93991],[-77.37498,43.94268],[-77.36879,43.94559],[-77.35878,43.94891],[-77.35053,43.9505],[-77.34249,43.95043],[-77.33813,43.94863],[-77.33833,43.94728],[-77.3372,43.9482],[-77.33539,43.94813],[-77.32771,43.94472],[-77.32013,43.93902],[-77.29901,43.91998],[-77.27929,43.89802],[-77.28169,43.89308],[-77.28046,43.8916],[-77.27778,43.8918],[-77.27258,43.89585],[-77.26851,43.89578],[-77.25502,43.8987],[-77.24896,43.90168],[-77.24659,43.90186],[-77.24331,43.90439],[-77.23419,43.90206],[-77.22415,43.89504],[-77.21464,43.8831],[-77.22949,43.87202],[-77.23153,43.86858],[-77.24128,43.862],[-77.24293,43.86027],[-77.24288,43.85852],[-77.24455,43.85708],[-77.24025,43.85718],[-77.24075,43.85755],[-77.23905,43.85805],[-77.23343,43.85649],[-77.22797,43.85664],[-77.22266,43.85531],[-77.20743,43.85597],[-77.20657,43.85876],[-77.197,43.86177],[-77.19563,43.86339],[-77.1887,43.86692],[-77.18699,43.86852],[-77.18397,43.86919],[-77.17937,43.86901],[-77.16846,43.86474],[-77.16456,43.85984],[-77.16467,43.85861],[-77.16231,43.85849],[-77.16048,43.85744],[-77.15955,43.85472],[-77.16087,43.85268],[-77.1622,43.85233],[-77.16306,43.84971],[-77.16104,43.84848],[-77.16027,43.8437],[-77.1555,43.83879],[-77.15103,43.8394],[-77.14888,43.84136],[-77.14462,43.84251],[-77.1403,43.84563],[-77.13517,43.84628],[-77.12963,43.84572],[-77.1269,43.84714],[-77.12582,43.84696],[-77.11915,43.85432],[-77.10859,43.86079],[-77.1019,43.8627],[-77.09724,43.86296],[-77.09381,43.86215],[-77.09055,43.85951],[-77.09029,43.86073],[-77.09218,43.86277],[-77.09306,43.86278],[-77.09177,43.86124],[-77.09526,43.86319],[-77.09713,43.86328],[-77.0942,43.86436],[-77.09385,43.86364],[-77.09176,43.86381],[-77.08723,43.86502],[-77.09414,43.8631],[-77.08927,43.8638],[-77.08074,43.86753],[-77.07533,43.87234],[-77.05423,43.88398],[-77.04534,43.89013],[-77.04149,43.89072],[-77.03763,43.89034],[-77.0317,43.88737],[-77.00939,43.89025],[-77.00282,43.89301],[-76.99417,43.89891],[-76.98009,43.8997],[-76.97335,43.90116],[-76.96606,43.90783],[-76.96128,43.91038],[-76.95519,43.91202],[-76.94529,43.91248],[-76.94096,43.9134],[-76.93845,43.91542],[-76.93828,43.91724],[-76.93928,43.91828],[-76.93669,43.92029],[-76.93232,43.92198],[-76.92548,43.9227],[-76.91652,43.92089],[-76.90855,43.92208],[-76.90226,43.92154],[-76.89928,43.92214],[-76.89701,43.92352],[-76.89257,43.92414],[-76.88943,43.92732],[-76.88503,43.92907],[-76.88011,43.92958],[-76.87063,43.9286],[-76.85913,43.93389],[-76.85872,43.93739],[-76.86458,43.9359],[-76.86105,43.93734],[-76.85904,43.94099],[-76.86517,43.94823],[-76.87009,43.94615],[-76.87502,43.94728],[-76.87755,43.94621],[-76.88572,43.94539],[-76.8897,43.94286],[-76.90219,43.94032],[-76.91455,43.93531],[-76.9175,43.9353],[-76.92101,43.93425],[-76.92633,43.93166],[-76.93806,43.9298],[-76.94471,43.93103],[-76.94982,43.93546],[-76.95158,43.93822],[-76.95503,43.9392],[-76.95689,43.94075],[-76.95982,43.94077],[-76.97114,43.93792],[-76.98222,43.93279],[-76.98642,43.93271],[-76.98887,43.93406],[-76.99043,43.93641],[-76.99305,43.93622],[-76.99682,43.93413],[-77.00397,43.93522],[-77.00694,43.9381],[-77.00645,43.94203],[-77.00714,43.94245],[-77.01361,43.94182],[-77.01667,43.94071],[-77.01811,43.93926],[-77.01889,43.93948],[-77.01986,43.9359],[-77.0189,43.93517],[-77.02146,43.92957],[-77.02061,43.92817],[-77.02348,43.92579],[-77.02222,43.92517],[-77.02416,43.92313],[-77.02492,43.92346],[-77.02464,43.92096],[-77.02634,43.91906],[-77.03311,43.91364],[-77.03963,43.91052],[-77.04092,43.91116],[-77.0432,43.91032],[-77.04165,43.91112],[-77.04358,43.9114],[-77.04075,43.91226],[-77.04177,43.91306],[-77.04015,43.91354],[-77.039,43.91622],[-77.04106,43.91703],[-77.04088,43.91809],[-77.04448,43.91991],[-77.05018,43.91825],[-77.05009,43.91895],[-77.05255,43.919],[-77.049,43.91912],[-77.04884,43.92156],[-77.04493,43.9249],[-77.04558,43.92689],[-77.03921,43.93168],[-77.03825,43.93594],[-77.04253,43.94098],[-77.04135,43.94399],[-77.04242,43.94974],[-77.02624,43.95833],[-77.02021,43.96667],[-77.01706,43.96782],[-77.01198,43.96819],[-77.00931,43.96767],[-77.00547,43.96916],[-77.00484,43.9718],[-77.00948,43.97271],[-77.00988,43.97458],[-77.00695,43.97694],[-77.00625,43.97932],[-76.99868,43.98373],[-76.99729,43.98583],[-76.99766,43.98641],[-76.99957,43.9864],[-77.00021,43.98745],[-77.00575,43.98629],[-77.00768,43.98937],[-77.01173,43.99121],[-77.01758,43.98575],[-77.02264,43.98499],[-77.02296,43.9839],[-77.02625,43.98317],[-77.02743,43.98117],[-77.02786,43.98278],[-77.03003,43.98323],[-77.03039,43.9859],[-77.02683,43.99115],[-77.01615,43.99858],[-77.01291,44.00005],[-77.01185,43.99932],[-77.00964,43.99975],[-77.0044,44.00326],[-77.00784,43.9991],[-77.00364,43.99999],[-77.00238,43.9991],[-76.99341,43.99989],[-76.98482,44.00557],[-76.98343,44.00583],[-76.98245,44.00464],[-76.98095,44.00706],[-76.97563,44.01094],[-76.97273,44.012],[-76.96499,44.0173],[-76.95449,44.01921],[-76.94836,44.01928],[-76.94745,44.01874],[-76.94558,44.02013],[-76.93653,44.01974],[-76.93169,44.02351],[-76.92458,44.02472],[-76.91456,44.02832],[-76.91052,44.03062],[-76.90027,44.03401],[-76.89874,44.03595],[-76.90294,44.04062],[-76.90305,44.04188],[-76.90061,44.04357],[-76.90293,44.04883],[-76.90118,44.05469],[-76.89869,44.05794],[-76.89371,44.06233],[-76.88582,44.06615],[-76.88254,44.06931],[-76.87236,44.07506],[-76.85339,44.08308],[-76.84433,44.09299],[-76.84214,44.10472],[-76.84366,44.10796],[-76.84327,44.11031],[-76.84528,44.11242],[-76.84735,44.11329],[-76.84887,44.11296],[-76.85122,44.11495],[-76.85078,44.11332],[-76.84981,44.11307],[-76.85115,44.11174],[-76.85613,44.11002],[-76.87223,44.09908],[-76.87584,44.0945],[-76.87916,44.09261],[-76.87905,44.09201],[-76.87969,44.09237],[-76.87929,44.0914],[-76.88226,44.08865],[-76.88356,44.08913],[-76.88525,44.08829],[-76.88597,44.0893],[-76.88141,44.09264],[-76.88154,44.0942],[-76.87678,44.09714],[-76.87658,44.09837],[-76.87803,44.10003],[-76.8807,44.10025],[-76.88251,44.09938],[-76.88599,44.09933],[-76.8867,44.09599],[-76.89369,44.09267],[-76.90226,44.08488],[-76.90289,44.08234],[-76.90789,44.0808],[-76.91576,44.07639],[-76.92746,44.06849],[-76.92914,44.06563],[-76.93169,44.06356],[-76.93651,44.06261],[-76.93687,44.06072],[-76.94739,44.05823],[-76.95384,44.05588],[-76.95626,44.05392],[-76.96028,44.05219],[-76.97005,44.04974],[-76.97834,44.04857],[-76.9921,44.04243],[-76.99369,44.04072],[-76.99251,44.0398],[-76.99313,44.03933],[-76.99787,44.03906],[-77.00066,44.04018],[-77.00291,44.04013],[-77.01306,44.03684],[-77.01505,44.03741],[-77.0184,44.03656],[-77.02188,44.0339],[-77.02382,44.03341],[-77.02893,44.03602],[-77.03068,44.0364],[-77.03264,44.03586],[-77.04153,44.0391],[-77.04678,44.03804],[-77.06364,44.04339],[-77.06929,44.04356],[-77.07211,44.0447],[-77.07771,44.04478],[-77.08377,44.04605],[-77.09887,44.04557],[-77.10931,44.04285],[-77.11352,44.0407],[-77.12042,44.03388],[-77.1218,44.03154],[-77.12056,44.02894],[-77.12691,44.01702],[-77.12898,44.01615],[-77.13151,44.01286],[-77.13362,44.01306],[-77.13437,44.01049],[-77.13599,44.01027],[-77.13615,44.0101],[-77.13566,44.00998],[-77.13649,44.00871],[-77.13703,44.0092],[-77.13362,44.01543],[-77.13133,44.01595],[-77.13267,44.01708],[-77.13271,44.01942],[-77.13358,44.01931],[-77.13254,44.02463],[-77.1338,44.02563],[-77.13257,44.02784],[-77.13304,44.02957],[-77.13428,44.03123],[-77.13834,44.03377],[-77.13448,44.03465],[-77.12644,44.03953],[-77.12386,44.04377],[-77.12391,44.04621],[-77.12025,44.04892],[-77.11615,44.05587],[-77.10993,44.06286],[-77.10851,44.06669],[-77.09361,44.07669],[-77.09308,44.07961],[-77.08901,44.08403],[-77.08896,44.08725],[-77.08329,44.09089],[-77.08029,44.09503],[-77.08017,44.09933],[-77.08207,44.10075],[-77.07847,44.10324],[-77.0778,44.10551],[-77.07977,44.10863],[-77.07934,44.10999],[-77.08121,44.11102],[-77.08122,44.11218],[-77.07522,44.11712],[-77.07389,44.12389],[-77.07458,44.1279],[-77.07306,44.13157],[-77.06951,44.13511],[-77.06955,44.13844],[-77.06745,44.14207],[-77.06707,44.14666],[-77.06497,44.14821],[-77.06475,44.15038],[-77.06206,44.15214],[-77.06225,44.15543],[-77.05886,44.1625],[-77.05875,44.1644],[-77.06177,44.1644],[-77.06193,44.1653],[-77.06709,44.1637],[-77.06911,44.16391],[-77.0677,44.1656],[-77.06909,44.1661],[-77.06578,44.16965],[-77.06648,44.17047],[-77.06571,44.17057],[-77.06524,44.17302],[-77.06727,44.17388],[-77.07161,44.17254]]]}},{"type":"Feature","properties":{"OGF_ID":60000294},"geometry":{"type":"Polygon","coordinates":[[[-78.76006,44.05939],[-78.76189,44.06098],[-78.7642,44.06098],[-78.76585,44.05937],[-78.76683,44.05981],[-78.77092,44.0591],[-78.77319,44.06045],[-78.7793,44.05674],[-78.78257,44.05786],[-78.78354,44.05543],[-78.78651,44.05579],[-78.78648,44.05453],[-78.79086,44.05345],[-78.7918,44.05392],[-78.79213,44.05668],[-78.79391,44.057],[-78.7953,44.05554],[-78.80253,44.05286],[-78.80529,44.05303],[-78.80761,44.05457],[-78.81198,44.05389],[-78.82012,44.05453],[-78.82282,44.05297],[-78.83003,44.05417],[-78.83236,44.05265],[-78.83636,44.0523],[-78.83869,44.05025],[-78.84186,44.05006],[-78.84539,44.04868],[-78.84976,44.04854],[-78.85265,44.04967],[-78.8556,44.04916],[-78.85654,44.04797],[-78.85853,44.04783],[-78.85849,44.04515],[-78.86029,44.04356],[-78.86022,44.04198],[-78.86419,44.04255],[-78.86886,44.04187],[-78.87056,44.0425],[-78.87486,44.03884],[-78.87655,44.03939],[-78.87861,44.03859],[-78.88198,44.04119],[-78.88551,44.04105],[-78.88731,44.04235],[-78.89023,44.04171],[-78.89363,44.03809],[-78.90099,44.03805],[-78.90675,44.03892],[-78.90974,44.03751],[-78.91121,44.03927],[-78.91435,44.03884],[-78.91781,44.03977],[-78.92071,44.03801],[-78.92085,44.03708],[-78.92412,44.03756],[-78.93479,44.03525],[-78.93922,44.03648],[-78.9447,44.03676],[-78.94962,44.03437],[-78.95485,44.03345],[-78.95938,44.03373],[-78.96141,44.03551],[-78.96892,44.03764],[-78.97312,44.0379],[-78.97487,44.03706],[-78.97982,44.03817],[-78.98114,44.03729],[-78.98284,44.03732],[-78.98735,44.03975],[-78.99109,44.03981],[-78.99181,44.04077],[-78.99388,44.03929],[-78.99745,44.03928],[-78.99859,44.04014],[-79.00192,44.04052],[-79.00255,44.04352],[-79.00918,44.04592],[-79.01221,44.04348],[-79.01422,44.04334],[-79.01555,44.04447],[-79.02053,44.04394],[-79.01887,44.04026],[-79.02262,44.03839],[-79.02377,44.03379],[-79.02929,44.03574],[-79.03148,44.03462],[-79.03665,44.03684],[-79.03883,44.03681],[-79.03916,44.03534],[-79.04083,44.0355],[-79.04191,44.03254],[-79.04416,44.03295],[-79.04257,44.02924],[-79.04358,44.02817],[-79.04783,44.02832],[-79.05217,44.02997],[-79.05336,44.02954],[-79.05367,44.0311],[-79.05191,44.03156],[-79.05107,44.03365],[-79.05952,44.03874],[-79.06299,44.03729],[-79.06541,44.03486],[-79.07083,44.03403],[-79.08009,44.03418],[-79.07949,44.03277],[-79.0752,44.03113],[-79.07732,44.02821],[-79.07671,44.02675],[-79.07438,44.02545],[-79.07279,44.02653],[-79.07029,44.02651],[-79.07016,44.02142],[-79.06914,44.02051],[-79.06718,44.0207],[-79.06562,44.02227],[-79.06159,44.02329],[-79.05552,44.02046],[-79.0552,44.01759],[-79.05083,44.01763],[-79.05042,44.01827],[-79.04881,44.01794],[-79.04766,44.01656],[-79.04712,44.01521],[-79.0482,44.01169],[-79.04927,44.01224],[-79.05038,44.01184],[-79.05081,44.01057],[-79.04949,44.01029],[-79.0507,44.00904],[-79.05409,44.00906],[-79.05519,44.00838],[-79.0561,44.00727],[-79.05532,44.00488],[-79.05638,44.00031],[-79.06042,43.99731],[-79.05931,43.99628],[-79.05929,43.9936],[-79.0569,43.99145],[-79.05841,43.98683],[-79.05718,43.98398],[-79.05781,43.98117],[-79.05998,43.979],[-79.05909,43.97634],[-79.06127,43.97548],[-79.06136,43.97294],[-79.05692,43.97072],[-79.05306,43.97221],[-79.05085,43.9713],[-79.04767,43.97174],[-79.04511,43.97085],[-79.04473,43.96798],[-79.0428,43.96488],[-79.04334,43.96093],[-79.03701,43.95354],[-79.03693,43.95205],[-79.03904,43.95005],[-79.03848,43.94772],[-79.03656,43.94691],[-79.02826,43.9343],[-79.02402,43.929],[-79.02246,43.9282],[-79.02208,43.92633],[-79.02436,43.92563],[-79.02425,43.9237],[-79.02258,43.92285],[-79.02259,43.92142],[-79.02104,43.91996],[-79.02155,43.91881],[-79.0208,43.91813],[-79.0191,43.91847],[-79.01909,43.91747],[-79.01724,43.91682],[-79.0169,43.91598],[-79.0182,43.91492],[-79.01737,43.91484],[-79.01693,43.9131],[-79.01562,43.91276],[-79.01578,43.91049],[-79.01461,43.91078],[-79.01347,43.91011],[-79.01113,43.90438],[-79.00826,43.90183],[-79.00963,43.90104],[-79.00898,43.89922],[-79.0102,43.89853],[-79.00904,43.89706],[-79.00934,43.89589],[-79.00988,43.89498],[-79.01133,43.89477],[-79.01129,43.89375],[-79.01352,43.89292],[-79.01111,43.88969],[-79.00993,43.88953],[-79.00943,43.88777],[-79.00389,43.889],[-79.003,43.88824],[-79.00325,43.88687],[-79.00182,43.88604],[-79.00108,43.88115],[-79.00185,43.87927],[-78.99914,43.87496],[-79.00245,43.87182],[-79.00216,43.87092],[-79.00076,43.86947],[-79.00054,43.86718],[-78.99925,43.86675],[-78.99731,43.86426],[-78.99679,43.86057],[-78.99522,43.85862],[-78.99614,43.85693],[-78.98991,43.85505],[-78.99015,43.85215],[-78.993,43.85123],[-78.99148,43.85055],[-78.99014,43.84753],[-78.98806,43.84625],[-78.98528,43.84137],[-78.98482,43.83978],[-78.98631,43.83613],[-78.98297,43.83631],[-78.98103,43.83307],[-78.97779,43.83078],[-78.98017,43.82996],[-78.98077,43.82838],[-78.97838,43.82878],[-78.97223,43.8321],[-78.96086,43.84217],[-78.95266,43.84528],[-78.95426,43.84569],[-78.95545,43.84727],[-78.95476,43.84736],[-78.95725,43.84947],[-78.96043,43.85029],[-78.96373,43.85436],[-78.96712,43.85413],[-78.96525,43.85488],[-78.96445,43.85444],[-78.9654,43.85542],[-78.96329,43.85591],[-78.96313,43.8552],[-78.96184,43.85628],[-78.96077,43.85653],[-78.96055,43.85779],[-78.95999,43.85763],[-78.96043,43.85651],[-78.96264,43.85554],[-78.96275,43.85394],[-78.96232,43.85515],[-78.96054,43.85502],[-78.96136,43.85308],[-78.96024,43.85222],[-78.95994,43.85269],[-78.96085,43.85336],[-78.95996,43.85291],[-78.95904,43.85465],[-78.95977,43.85148],[-78.95226,43.84843],[-78.94989,43.84631],[-78.95241,43.8452],[-78.94559,43.84623],[-78.94358,43.84589],[-78.94107,43.84691],[-78.93902,43.84919],[-78.93608,43.85084],[-78.92907,43.85154],[-78.92811,43.84902],[-78.92704,43.84999],[-78.92727,43.85102],[-78.9256,43.85103],[-78.91021,43.8468],[-78.90209,43.84547],[-78.89836,43.84978],[-78.89135,43.85312],[-78.88544,43.85324],[-78.86966,43.85024],[-78.86815,43.85129],[-78.86191,43.85294],[-78.84737,43.85546],[-78.84089,43.85789],[-78.8315,43.85789],[-78.83038,43.86073],[-78.8263,43.8629],[-78.82535,43.86429],[-78.82321,43.86525],[-78.82216,43.86418],[-78.82431,43.86671],[-78.82601,43.86593],[-78.82983,43.86793],[-78.82836,43.86791],[-78.8311,43.86934],[-78.83019,43.87029],[-78.83048,43.86937],[-78.82923,43.86983],[-78.82971,43.8689],[-78.8289,43.86957],[-78.82926,43.86872],[-78.82819,43.86924],[-78.82893,43.86853],[-78.82762,43.86893],[-78.82789,43.86775],[-78.82691,43.86882],[-78.82869,43.86993],[-78.82463,43.86949],[-78.82114,43.8647],[-78.81939,43.86562],[-78.81831,43.8687],[-78.81074,43.86983],[-78.8038,43.86904],[-78.79703,43.86695],[-78.78518,43.86966],[-78.77362,43.86825],[-78.75395,43.86795],[-78.73848,43.86999],[-78.73207,43.8695],[-78.73128,43.86813],[-78.7301,43.86792],[-78.72941,43.86883],[-78.72947,43.86773],[-78.72545,43.8669],[-78.71369,43.86732],[-78.70315,43.87148],[-78.69846,43.87456],[-78.692,43.87672],[-78.68966,43.87637],[-78.68497,43.87284],[-78.68393,43.87293],[-78.68327,43.8735],[-78.68426,43.87849],[-78.68107,43.88],[-78.67745,43.88421],[-78.67223,43.88691],[-78.66395,43.88785],[-78.66335,43.88655],[-78.66373,43.88857],[-78.65794,43.89104],[-78.65261,43.89226],[-78.63619,43.89293],[-78.63318,43.89507],[-78.62545,43.89664],[-78.62496,43.89812],[-78.62924,43.90118],[-78.62904,43.90505],[-78.6386,43.91433],[-78.64157,43.91405],[-78.6402,43.91507],[-78.6401,43.91675],[-78.6421,43.91932],[-78.63928,43.92212],[-78.64073,43.9256],[-78.6402,43.92867],[-78.63829,43.92937],[-78.63421,43.92906],[-78.63395,43.93322],[-78.63124,43.93469],[-78.62828,43.93468],[-78.62696,43.93555],[-78.62753,43.94087],[-78.62397,43.9448],[-78.62606,43.94611],[-78.63009,43.95729],[-78.63423,43.95947],[-78.63487,43.96178],[-78.63773,43.96469],[-78.64051,43.96512],[-78.63962,43.96726],[-78.64195,43.96909],[-78.64331,43.97213],[-78.64503,43.97349],[-78.64506,43.97529],[-78.64638,43.97703],[-78.64529,43.97818],[-78.64705,43.9802],[-78.64633,43.98163],[-78.64935,43.9845],[-78.64853,43.98806],[-78.65102,43.99103],[-78.65308,43.99158],[-78.65777,43.99509],[-78.66002,44.00657],[-78.66337,44.0082],[-78.66291,44.00963],[-78.66584,44.01279],[-78.66499,44.01442],[-78.66778,44.01684],[-78.66754,44.02021],[-78.66591,44.02112],[-78.66569,44.02481],[-78.66704,44.0267],[-78.66537,44.02922],[-78.66574,44.03113],[-78.66336,44.03225],[-78.66241,44.03527],[-78.66291,44.03829],[-78.66889,44.03761],[-78.67006,44.03965],[-78.67679,44.04141],[-78.68654,44.04107],[-78.69076,44.04021],[-78.69376,44.04135],[-78.69665,44.04338],[-78.69666,44.04425],[-78.69898,44.04498],[-78.69882,44.04823],[-78.70147,44.05344],[-78.71503,44.05429],[-78.71664,44.05428],[-78.71794,44.05269],[-78.7248,44.05498],[-78.73037,44.05473],[-78.73175,44.05567],[-78.73686,44.05648],[-78.73827,44.05808],[-78.74174,44.05813],[-78.74217,44.05667],[-78.74409,44.05679],[-78.74635,44.05565],[-78.75161,44.05577],[-78.75523,44.05638],[-78.75672,44.05732],[-78.75675,44.05849],[-78.76006,44.05939]]]}},{"type":"Feature","properties":{"OGF_ID":60000295},"geometry":{"type":"Polygon","coordinates":[[[-82.62996,42.55553],[-82.6374,42.55469],[-82.6453,42.55067],[-82.65527,42.54416],[-82.67775,42.5233],[-82.67202,42.52459],[-82.67055,42.52371],[-82.66802,42.52464],[-82.6684,42.52607],[-82.66467,42.52807],[-82.66079,42.52865],[-82.66084,42.52938],[-82.65909,42.5293],[-82.65464,42.53142],[-82.65314,42.53007],[-82.65005,42.53054],[-82.64663,42.53235],[-82.64749,42.53404],[-82.64549,42.53492],[-82.62614,42.54171],[-82.62205,42.54106],[-82.61883,42.54192],[-82.61819,42.54315],[-82.61335,42.54541],[-82.61079,42.54499],[-82.61061,42.54567],[-82.60722,42.54641],[-82.61401,42.54899],[-82.61823,42.55362],[-82.61982,42.55429],[-82.62371,42.55526],[-82.62996,42.55553]]]}},{"type":"Feature","properties":{"OGF_ID":60000296},"geometry":{"type":"Polygon","coordinates":[[[-82.50306,42.63661],[-82.50531,42.63707],[-82.5078,42.63288],[-82.50775,42.62631],[-82.50949,42.62153],[-82.5124,42.61892],[-82.51542,42.61431],[-82.51602,42.61489],[-82.51562,42.61408],[-82.52039,42.60587],[-82.52502,42.60337],[-82.53067,42.59827],[-82.53221,42.59285],[-82.53467,42.58935],[-82.53463,42.58458],[-82.53987,42.57689],[-82.54036,42.57105],[-82.54425,42.5686],[-82.54661,42.56495],[-82.5459,42.56078],[-82.54485,42.56062],[-82.5459,42.56002],[-82.5446,42.56004],[-82.54565,42.55833],[-82.54526,42.55423],[-82.54385,42.55349],[-82.54396,42.55318],[-82.5453,42.55344],[-82.54377,42.55264],[-82.54399,42.55197],[-82.54484,42.55215],[-82.5443,42.55149],[-82.54538,42.5488],[-82.54791,42.54639],[-82.54876,42.54392],[-82.55008,42.54332],[-82.5485,42.54194],[-82.54912,42.54169],[-82.54936,42.54259],[-82.55074,42.5424],[-82.5507,42.54042],[-82.54935,42.53983],[-82.55029,42.53938],[-82.54934,42.538],[-82.55001,42.53793],[-82.54897,42.53732],[-82.55001,42.53597],[-82.54932,42.53479],[-82.55017,42.53443],[-82.54881,42.52722],[-82.55027,42.52564],[-82.5497,42.52507],[-82.55079,42.52188],[-82.55241,42.5202],[-82.55263,42.51753],[-82.55394,42.51635],[-82.55316,42.51614],[-82.55256,42.51642],[-82.55274,42.51707],[-82.55246,42.51626],[-82.55402,42.51595],[-82.54785,42.51272],[-82.55268,42.51587],[-82.55208,42.51681],[-82.5521,42.51616],[-82.55246,42.51578],[-82.55144,42.51513],[-82.54907,42.51586],[-82.54871,42.51582],[-82.54793,42.51533],[-82.54906,42.51577],[-82.55121,42.51498],[-82.54919,42.51375],[-82.5487,42.51386],[-82.54916,42.51492],[-82.54943,42.51411],[-82.54949,42.51483],[-82.54925,42.51561],[-82.54825,42.51368],[-82.54882,42.51341],[-82.54813,42.51312],[-82.54756,42.51417],[-82.54823,42.51508],[-82.54591,42.51302],[-82.54479,42.51307],[-82.54453,42.51213],[-82.54517,42.51211],[-82.54682,42.51325],[-82.54694,42.51254],[-82.54414,42.51156],[-82.53951,42.51201],[-82.53542,42.51058],[-82.53941,42.51186],[-82.54421,42.51144],[-82.54732,42.51233],[-82.54473,42.51129],[-82.53926,42.51175],[-82.5384,42.51042],[-82.53623,42.51075],[-82.53221,42.50831],[-82.53193,42.50266],[-82.53346,42.49997],[-82.52811,42.49668],[-82.52411,42.49295],[-82.52105,42.49232],[-82.52043,42.49102],[-82.52229,42.48956],[-82.52196,42.48855],[-82.51891,42.49148],[-82.51866,42.49714],[-82.51457,42.5004],[-82.51189,42.50131],[-82.51273,42.50439],[-82.5086,42.50921],[-82.50408,42.50957],[-82.50196,42.50803],[-82.49629,42.51341],[-82.49438,42.51389],[-82.49042,42.51304],[-82.48688,42.51613],[-82.48377,42.51762],[-82.47508,42.51756],[-82.47279,42.51483],[-82.47351,42.51295],[-82.47648,42.51238],[-82.47591,42.51113],[-82.47706,42.50817],[-82.47915,42.508],[-82.48286,42.5049],[-82.48121,42.50361],[-82.48089,42.50215],[-82.48382,42.49913],[-82.47381,42.5004],[-82.47113,42.50039],[-82.47067,42.49973],[-82.46933,42.50053],[-82.46533,42.50104],[-82.46615,42.50032],[-82.46564,42.49986],[-82.46171,42.50442],[-82.46014,42.50873],[-82.46104,42.50811],[-82.46115,42.50871],[-82.46134,42.508],[-82.46064,42.51188],[-82.45851,42.51618],[-82.45832,42.51569],[-82.45988,42.52448],[-82.4564,42.52622],[-82.44891,42.52738],[-82.44763,42.52837],[-82.44903,42.53154],[-82.45136,42.53373],[-82.45238,42.53982],[-82.44888,42.54121],[-82.43422,42.54286],[-82.43082,42.54549],[-82.43038,42.54861],[-82.43102,42.54986],[-82.43306,42.55078],[-82.44794,42.55402],[-82.45123,42.55601],[-82.45642,42.56087],[-82.45726,42.56302],[-82.45676,42.56416],[-82.44751,42.56692],[-82.44364,42.56951],[-82.44382,42.57275],[-82.44672,42.58107],[-82.45337,42.58315],[-82.46458,42.58246],[-82.46769,42.5841],[-82.47109,42.58879],[-82.47918,42.59647],[-82.48088,42.60036],[-82.47665,42.60972],[-82.48043,42.61909],[-82.48304,42.6298],[-82.48778,42.63251],[-82.50306,42.63661]]]}},{"type":"Feature","properties":{"OGF_ID":60000297},"geometry":{"type":"Polygon","coordinates":[[[-82.5319,42.59821],[-82.53382,42.59741],[-82.53179,42.59798],[-82.5333,42.59671],[-82.53576,42.59647],[-82.53716,42.59497],[-82.54254,42.59249],[-82.54351,42.59062],[-82.54503,42.59046],[-82.54524,42.58939],[-82.54642,42.58927],[-82.54962,42.58664],[-82.54954,42.58543],[-82.55166,42.58254],[-82.56787,42.57119],[-82.57568,42.56149],[-82.57677,42.56172],[-82.57587,42.56032],[-82.57757,42.55974],[-82.57633,42.55926],[-82.57817,42.55855],[-82.57797,42.55977],[-82.57708,42.56062],[-82.57875,42.56195],[-82.57756,42.56369],[-82.57611,42.56408],[-82.57706,42.56404],[-82.57657,42.56476],[-82.57566,42.56511],[-82.57576,42.56441],[-82.57473,42.56554],[-82.57648,42.56528],[-82.57826,42.56405],[-82.57939,42.56155],[-82.58024,42.55441],[-82.57928,42.55642],[-82.5782,42.55636],[-82.58121,42.54987],[-82.58052,42.54928],[-82.58127,42.54955],[-82.58311,42.54767],[-82.58296,42.54495],[-82.5823,42.54511],[-82.5799,42.5425],[-82.57935,42.54339],[-82.57859,42.54339],[-82.57931,42.54408],[-82.57839,42.54381],[-82.57822,42.54269],[-82.57942,42.54285],[-82.5797,42.54135],[-82.58085,42.54172],[-82.57981,42.5404],[-82.57933,42.54053],[-82.57802,42.53992],[-82.57835,42.53987],[-82.57948,42.54043],[-82.57973,42.53932],[-82.57848,42.53843],[-82.57889,42.53932],[-82.57768,42.53917],[-82.57751,42.54057],[-82.57553,42.53967],[-82.57289,42.5339],[-82.57356,42.53292],[-82.57183,42.5317],[-82.5703,42.52821],[-82.56867,42.52784],[-82.56907,42.52646],[-82.56792,42.52656],[-82.56733,42.52529],[-82.56654,42.52628],[-82.56535,42.52573],[-82.56685,42.52515],[-82.56596,42.52122],[-82.56674,42.52021],[-82.56541,42.52011],[-82.56684,42.51998],[-82.56692,42.51936],[-82.56514,42.51967],[-82.56581,42.51932],[-82.56566,42.51592],[-82.56488,42.51555],[-82.56526,42.51477],[-82.56357,42.51489],[-82.5635,42.51395],[-82.56459,42.5143],[-82.56418,42.51389],[-82.56541,42.5134],[-82.56496,42.51442],[-82.56587,42.51518],[-82.56657,42.5125],[-82.57067,42.5106],[-82.57216,42.50863],[-82.579,42.50631],[-82.57697,42.50403],[-82.57648,42.50544],[-82.5758,42.50348],[-82.57232,42.50389],[-82.56836,42.50124],[-82.56621,42.50345],[-82.56533,42.50218],[-82.56177,42.50067],[-82.55923,42.50017],[-82.55886,42.50059],[-82.56106,42.50113],[-82.56064,42.50061],[-82.56136,42.50065],[-82.56301,42.50214],[-82.56373,42.50222],[-82.5639,42.50327],[-82.5647,42.503],[-82.56393,42.50346],[-82.56501,42.50326],[-82.56305,42.5037],[-82.56516,42.50351],[-82.56509,42.50523],[-82.56691,42.50559],[-82.56454,42.50669],[-82.56471,42.50533],[-82.56152,42.50544],[-82.55705,42.50848],[-82.56129,42.50544],[-82.56089,42.50476],[-82.56238,42.50378],[-82.5611,42.50398],[-82.56091,42.50337],[-82.56051,42.50567],[-82.55847,42.50654],[-82.55126,42.5063],[-82.54901,42.50398],[-82.54659,42.50446],[-82.54809,42.5039],[-82.54549,42.50344],[-82.54454,42.50225],[-82.54607,42.49974],[-82.55032,42.50058],[-82.54785,42.49908],[-82.54576,42.49829],[-82.54421,42.50077],[-82.54102,42.50202],[-82.54258,42.50227],[-82.54174,42.50359],[-82.53825,42.50372],[-82.53869,42.50224],[-82.54072,42.50135],[-82.54035,42.50076],[-82.5384,42.50118],[-82.53463,42.50401],[-82.53448,42.50544],[-82.53344,42.50566],[-82.5345,42.50568],[-82.53366,42.50716],[-82.53738,42.50514],[-82.53669,42.50554],[-82.53766,42.50621],[-82.53715,42.5065],[-82.5386,42.50718],[-82.53693,42.50752],[-82.53674,42.50833],[-82.53704,42.50897],[-82.53852,42.50828],[-82.53854,42.50935],[-82.5403,42.50919],[-82.53922,42.50894],[-82.53899,42.50733],[-82.54007,42.50744],[-82.5411,42.50955],[-82.544,42.50897],[-82.55106,42.51033],[-82.55109,42.50969],[-82.55157,42.50941],[-82.5513,42.50899],[-82.55258,42.50861],[-82.5517,42.50991],[-82.55116,42.50973],[-82.55362,42.51211],[-82.55458,42.51441],[-82.55584,42.51434],[-82.55473,42.51508],[-82.55518,42.51804],[-82.55603,42.51863],[-82.55559,42.51945],[-82.5556,42.51872],[-82.55511,42.51937],[-82.55478,42.51893],[-82.55444,42.52073],[-82.55384,42.52089],[-82.55445,42.51941],[-82.55331,42.52007],[-82.5525,42.52309],[-82.55365,42.52216],[-82.55225,42.52365],[-82.55157,42.52923],[-82.55061,42.53],[-82.5515,42.53073],[-82.5506,42.53091],[-82.55074,42.53266],[-82.55146,42.532],[-82.55069,42.53703],[-82.55158,42.54191],[-82.55107,42.54397],[-82.54937,42.54516],[-82.55037,42.54622],[-82.54931,42.54641],[-82.54784,42.5487],[-82.54815,42.54678],[-82.54528,42.5511],[-82.54621,42.55832],[-82.54704,42.55912],[-82.54707,42.56525],[-82.5456,42.56861],[-82.54503,42.56826],[-82.5409,42.57102],[-82.54007,42.57693],[-82.53485,42.58484],[-82.53502,42.58779],[-82.53514,42.58471],[-82.53698,42.58274],[-82.53796,42.58062],[-82.5374,42.58229],[-82.53512,42.58536],[-82.53524,42.58784],[-82.53714,42.58826],[-82.53505,42.58817],[-82.53716,42.58856],[-82.53528,42.5884],[-82.53467,42.58935],[-82.53185,42.59587],[-82.5319,42.59821]]]}},{"type":"Feature","properties":{"OGF_ID":60000298},"geometry":{"type":"Polygon","coordinates":[[[-82.58546,42.54839],[-82.58704,42.54972],[-82.58569,42.55042],[-82.58684,42.55076],[-82.59009,42.54812],[-82.59388,42.5476],[-82.60191,42.54423],[-82.60349,42.54427],[-82.60874,42.54226],[-82.60928,42.54143],[-82.61276,42.54082],[-82.6122,42.54013],[-82.61427,42.54026],[-82.6174,42.53897],[-82.61721,42.5382],[-82.62028,42.53803],[-82.62328,42.53653],[-82.62495,42.53647],[-82.62591,42.5352],[-82.62567,42.53377],[-82.62236,42.53309],[-82.62081,42.53139],[-82.62029,42.5323],[-82.61676,42.53329],[-82.61101,42.53682],[-82.61252,42.53532],[-82.61024,42.53551],[-82.61248,42.53363],[-82.61175,42.53316],[-82.61477,42.53123],[-82.61476,42.5303],[-82.61557,42.53159],[-82.61419,42.53161],[-82.61399,42.53256],[-82.6174,42.53185],[-82.61739,42.53105],[-82.61605,42.53041],[-82.61836,42.52942],[-82.6163,42.52946],[-82.61573,42.5285],[-82.61454,42.52791],[-82.61552,42.52752],[-82.61202,42.52765],[-82.60868,42.52669],[-82.61127,42.52766],[-82.61575,42.52869],[-82.61425,42.53053],[-82.61143,42.53273],[-82.61395,42.53059],[-82.61211,42.52936],[-82.61383,42.52879],[-82.61383,42.52994],[-82.61541,42.52875],[-82.61136,42.52852],[-82.61045,42.52756],[-82.60996,42.52792],[-82.61077,42.52819],[-82.60946,42.52881],[-82.6105,42.52865],[-82.61082,42.52954],[-82.61013,42.53019],[-82.60842,42.53011],[-82.60751,42.52899],[-82.6086,42.5289],[-82.60867,42.52774],[-82.60636,42.52824],[-82.606,42.52744],[-82.60918,42.52698],[-82.60565,42.52552],[-82.60467,42.52649],[-82.60327,42.52603],[-82.60298,42.5258],[-82.60447,42.52521],[-82.60365,42.52492],[-82.60273,42.52439],[-82.60129,42.52275],[-82.6002,42.5225],[-82.60081,42.52304],[-82.59965,42.52334],[-82.59908,42.52302],[-82.59979,42.52249],[-82.59255,42.52096],[-82.59057,42.51913],[-82.59025,42.51978],[-82.58949,42.51789],[-82.59017,42.51765],[-82.59262,42.52088],[-82.60104,42.52254],[-82.60182,42.52302],[-82.6035,42.52476],[-82.60657,42.5256],[-82.6086,42.52661],[-82.60616,42.52463],[-82.60491,42.52458],[-82.60579,42.52525],[-82.60317,42.52435],[-82.60094,42.52155],[-82.60012,42.52219],[-82.59477,42.52056],[-82.59333,42.52074],[-82.59099,42.51796],[-82.59174,42.51562],[-82.59471,42.51484],[-82.59323,42.51293],[-82.59588,42.50636],[-82.59614,42.50085],[-82.59713,42.49928],[-82.59717,42.49653],[-82.59592,42.49606],[-82.59642,42.49481],[-82.59576,42.49298],[-82.59508,42.49394],[-82.59587,42.49372],[-82.59171,42.49704],[-82.58983,42.5006],[-82.59007,42.50192],[-82.58827,42.50374],[-82.58942,42.50345],[-82.58922,42.50418],[-82.59112,42.50271],[-82.5915,42.50381],[-82.59321,42.50335],[-82.59393,42.50395],[-82.59123,42.50495],[-82.59188,42.50537],[-82.59071,42.50849],[-82.58792,42.50865],[-82.5878,42.50775],[-82.58936,42.50772],[-82.58951,42.50833],[-82.58965,42.50779],[-82.58895,42.50699],[-82.58942,42.50646],[-82.58893,42.50581],[-82.58843,42.5071],[-82.58647,42.50659],[-82.58839,42.50604],[-82.58707,42.5059],[-82.58784,42.50418],[-82.58267,42.50901],[-82.58064,42.51001],[-82.57901,42.5097],[-82.57966,42.51097],[-82.57848,42.5105],[-82.57814,42.51135],[-82.57738,42.511],[-82.57447,42.51256],[-82.57145,42.51888],[-82.57144,42.52224],[-82.57468,42.52632],[-82.57755,42.53324],[-82.57716,42.53319],[-82.57626,42.53182],[-82.57629,42.5325],[-82.58488,42.54349],[-82.58596,42.54669],[-82.58551,42.548],[-82.58632,42.54836],[-82.58546,42.54839]]]}},{"type":"Feature","properties":{"OGF_ID":60000299},"geometry":{"type":"Polygon","coordinates":[[[-82.44118,42.58609],[-82.44479,42.58506],[-82.44586,42.5837],[-82.44499,42.58156],[-82.44541,42.57952],[-82.44292,42.57339],[-82.44286,42.56905],[-82.44661,42.56653],[-82.45346,42.56461],[-82.45624,42.56282],[-82.45453,42.55997],[-82.44715,42.55445],[-82.43073,42.55061],[-82.42966,42.54932],[-82.42965,42.5459],[-82.43396,42.54216],[-82.45123,42.5399],[-82.45093,42.53528],[-82.4466,42.52961],[-82.44663,42.52702],[-82.45604,42.52483],[-82.45567,42.51955],[-82.46157,42.49956],[-82.46462,42.49874],[-82.46322,42.49881],[-82.46539,42.4973],[-82.46498,42.49872],[-82.46604,42.49864],[-82.46646,42.49776],[-82.46657,42.49856],[-82.46756,42.49851],[-82.46725,42.49725],[-82.46586,42.49714],[-82.46763,42.49536],[-82.46697,42.49426],[-82.46794,42.49513],[-82.46788,42.49838],[-82.47329,42.498],[-82.47114,42.49603],[-82.47167,42.49535],[-82.46889,42.49509],[-82.46678,42.49089],[-82.46614,42.49131],[-82.46695,42.4917],[-82.46489,42.49227],[-82.46506,42.49315],[-82.46429,42.49296],[-82.46484,42.49424],[-82.46345,42.49417],[-82.46381,42.49167],[-82.46522,42.49207],[-82.46543,42.49108],[-82.46578,42.49156],[-82.46662,42.49064],[-82.46669,42.48853],[-82.46577,42.48811],[-82.466,42.4887],[-82.46403,42.48867],[-82.46474,42.4873],[-82.46433,42.48754],[-82.46351,42.48885],[-82.46563,42.48954],[-82.46588,42.49076],[-82.4628,42.49051],[-82.45915,42.49207],[-82.46076,42.49202],[-82.45941,42.49285],[-82.45838,42.49272],[-82.45877,42.49213],[-82.45394,42.49317],[-82.45484,42.49446],[-82.45642,42.49377],[-82.45656,42.49294],[-82.45875,42.49321],[-82.4604,42.49284],[-82.4611,42.49343],[-82.4624,42.49276],[-82.46132,42.49473],[-82.46319,42.49531],[-82.46491,42.49487],[-82.46414,42.49638],[-82.46168,42.49679],[-82.4616,42.49578],[-82.4605,42.49638],[-82.46143,42.49679],[-82.45941,42.49789],[-82.45834,42.49768],[-82.4596,42.49728],[-82.45907,42.49683],[-82.4559,42.49761],[-82.45411,42.49577],[-82.45182,42.49544],[-82.45277,42.49381],[-82.45352,42.49555],[-82.45477,42.49458],[-82.45397,42.49392],[-82.45366,42.49308],[-82.45167,42.49274],[-82.45126,42.49166],[-82.45252,42.48763],[-82.45449,42.48644],[-82.45418,42.48553],[-82.45158,42.48731],[-82.45094,42.48603],[-82.45379,42.48237],[-82.45172,42.48461],[-82.45159,42.48417],[-82.45296,42.48292],[-82.45051,42.48475],[-82.4415,42.4877],[-82.43831,42.48806],[-82.43565,42.49001],[-82.44194,42.49908],[-82.4402,42.50345],[-82.43811,42.50461],[-82.43706,42.50645],[-82.43796,42.51065],[-82.43904,42.51151],[-82.43807,42.51345],[-82.43588,42.51492],[-82.43275,42.51564],[-82.43106,42.51883],[-82.42898,42.52008],[-82.42326,42.51743],[-82.41623,42.51598],[-82.41305,42.52495],[-82.40923,42.52691],[-82.41106,42.52633],[-82.4047,42.5325],[-82.40996,42.53809],[-82.41992,42.54115],[-82.42062,42.54189],[-82.4208,42.55169],[-82.41722,42.55599],[-82.41526,42.55604],[-82.41674,42.55611],[-82.41369,42.55805],[-82.41482,42.55602],[-82.41398,42.55581],[-82.41572,42.55474],[-82.41383,42.55574],[-82.41275,42.55914],[-82.41363,42.55953],[-82.4189,42.55844],[-82.42071,42.55934],[-82.42191,42.5631],[-82.42215,42.57025],[-82.42092,42.57057],[-82.42098,42.57279],[-82.42231,42.57318],[-82.42692,42.57233],[-82.42926,42.57287],[-82.43247,42.5758],[-82.43706,42.58391],[-82.43936,42.58577],[-82.44118,42.58609]]]}},{"type":"Feature","properties":{"OGF_ID":60000303},"geometry":{"type":"Polygon","coordinates":[[[-80.23783,44.88361],[-80.23654,44.88289],[-80.2373,44.88176],[-80.23902,44.88163],[-80.24218,44.88323],[-80.24441,44.88017],[-80.23963,44.87221],[-80.24006,44.8705],[-80.24151,44.86972],[-80.23964,44.86762],[-80.24001,44.8663],[-80.24115,44.86636],[-80.23904,44.86529],[-80.24155,44.86507],[-80.24044,44.86381],[-80.23504,44.86167],[-80.23548,44.8609],[-80.23326,44.8589],[-80.23449,44.85707],[-80.23652,44.85721],[-80.23581,44.85499],[-80.23874,44.85199],[-80.2397,44.84788],[-80.24176,44.84677],[-80.24275,44.84484],[-80.24741,44.84231],[-80.24657,44.84079],[-80.24727,44.83795],[-80.2452,44.83341],[-80.24332,44.83178],[-80.24045,44.83099],[-80.23992,44.8292],[-80.23803,44.82849],[-80.23812,44.82746],[-80.23576,44.82544],[-80.23296,44.82462],[-80.22663,44.82014],[-80.22539,44.82025],[-80.22335,44.81889],[-80.22085,44.81915],[-80.21787,44.81717],[-80.21465,44.809],[-80.21461,44.80678],[-80.21655,44.80539],[-80.21183,44.80262],[-80.21173,44.80146],[-80.20966,44.80095],[-80.20929,44.79948],[-80.20481,44.7973],[-80.20041,44.7966],[-80.1979,44.79323],[-80.1956,44.79304],[-80.19389,44.79139],[-80.19106,44.79072],[-80.18907,44.78914],[-80.17787,44.78655],[-80.1769,44.78688],[-80.1761,44.78522],[-80.17412,44.78615],[-80.1713,44.78466],[-80.17107,44.7838],[-80.17196,44.78343],[-80.16787,44.78273],[-80.16667,44.78336],[-80.1656,44.78249],[-80.16175,44.78305],[-80.16059,44.78463],[-80.15699,44.78547],[-80.15505,44.78683],[-80.15906,44.78707],[-80.16232,44.78848],[-80.16423,44.78702],[-80.1675,44.78691],[-80.17259,44.78807],[-80.17931,44.79079],[-80.18461,44.7943],[-80.18651,44.79761],[-80.18929,44.79983],[-80.19077,44.80317],[-80.19047,44.80649],[-80.18886,44.80783],[-80.19002,44.80871],[-80.18965,44.81004],[-80.18058,44.81724],[-80.1746,44.82009],[-80.17347,44.82007],[-80.17261,44.81908],[-80.17336,44.8204],[-80.17069,44.82158],[-80.15687,44.82368],[-80.15136,44.82904],[-80.15134,44.83423],[-80.15531,44.83904],[-80.15678,44.84304],[-80.15588,44.85122],[-80.15661,44.85418],[-80.15827,44.85539],[-80.16389,44.85605],[-80.16866,44.85786],[-80.16996,44.8607],[-80.1696,44.86352],[-80.1749,44.87156],[-80.17869,44.87402],[-80.18106,44.87423],[-80.18129,44.87278],[-80.17961,44.87163],[-80.18181,44.86963],[-80.18487,44.87024],[-80.18543,44.87182],[-80.18658,44.87234],[-80.18697,44.86824],[-80.18966,44.86609],[-80.19047,44.86393],[-80.19415,44.86196],[-80.1951,44.86059],[-80.20592,44.85701],[-80.21314,44.85628],[-80.21686,44.85871],[-80.21993,44.86457],[-80.22467,44.86808],[-80.23001,44.87497],[-80.23255,44.87523],[-80.23418,44.87662],[-80.2348,44.87817],[-80.2334,44.87893],[-80.23242,44.87754],[-80.23211,44.87899],[-80.23327,44.88026],[-80.2352,44.87884],[-80.23515,44.88241],[-80.23783,44.88361]]]}},{"type":"Feature","properties":{"OGF_ID":60000304},"geometry":{"type":"Polygon","coordinates":[[[-79.85446,44.90056],[-79.85571,44.90138],[-79.85484,44.89999],[-79.85647,44.90038],[-79.85761,44.89897],[-79.85533,44.89808],[-79.85635,44.89657],[-79.85981,44.89661],[-79.85878,44.89699],[-79.86018,44.89817],[-79.86235,44.89628],[-79.86007,44.89408],[-79.86069,44.89422],[-79.86191,44.89539],[-79.86407,44.89527],[-79.86265,44.89471],[-79.86418,44.89403],[-79.8655,44.89502],[-79.86875,44.89489],[-79.86786,44.8955],[-79.86999,44.89602],[-79.86842,44.89666],[-79.87034,44.89896],[-79.87145,44.89891],[-79.87179,44.89787],[-79.87203,44.89839],[-79.8739,44.89812],[-79.87093,44.8972],[-79.87059,44.89559],[-79.86628,44.89235],[-79.86548,44.89215],[-79.86468,44.89358],[-79.86361,44.89379],[-79.8647,44.89157],[-79.86223,44.89],[-79.86213,44.88914],[-79.86335,44.88936],[-79.86373,44.88875],[-79.86466,44.88951],[-79.86356,44.88946],[-79.86381,44.89022],[-79.86844,44.89229],[-79.86947,44.89108],[-79.87073,44.89123],[-79.87133,44.8901],[-79.87192,44.89076],[-79.87111,44.89112],[-79.87133,44.89293],[-79.8704,44.89253],[-79.87053,44.8931],[-79.87407,44.89406],[-79.87279,44.89165],[-79.87504,44.89422],[-79.87624,44.89447],[-79.87627,44.89337],[-79.87826,44.89414],[-79.87923,44.89218],[-79.88013,44.89288],[-79.88156,44.8906],[-79.88504,44.88859],[-79.88283,44.88832],[-79.88219,44.88957],[-79.88075,44.8898],[-79.87983,44.88917],[-79.87894,44.8897],[-79.87779,44.88826],[-79.87889,44.88843],[-79.88036,44.88654],[-79.88507,44.88665],[-79.88471,44.88609],[-79.88608,44.88604],[-79.88599,44.88454],[-79.88438,44.88561],[-79.8826,44.88507],[-79.88265,44.88386],[-79.88134,44.88425],[-79.88288,44.88336],[-79.88017,44.88385],[-79.88049,44.88448],[-79.87374,44.88436],[-79.87257,44.88517],[-79.87095,44.88314],[-79.86991,44.88521],[-79.86733,44.8827],[-79.86746,44.88158],[-79.86885,44.88188],[-79.86863,44.88128],[-79.86992,44.88138],[-79.86946,44.88061],[-79.87166,44.88045],[-79.87369,44.87869],[-79.87456,44.87882],[-79.87405,44.87798],[-79.87606,44.87725],[-79.87518,44.87659],[-79.8763,44.87488],[-79.87943,44.8744],[-79.87662,44.87435],[-79.87963,44.86312],[-79.87892,44.86087],[-79.87997,44.85579],[-79.87962,44.84904],[-79.87818,44.84745],[-79.87982,44.83945],[-79.87786,44.83486],[-79.87488,44.83312],[-79.87275,44.82878],[-79.87078,44.8291],[-79.86637,44.83389],[-79.86549,44.83396],[-79.86425,44.83628],[-79.86599,44.83949],[-79.86515,44.84217],[-79.86408,44.84224],[-79.86618,44.84497],[-79.86469,44.84672],[-79.86074,44.84893],[-79.86281,44.84951],[-79.86353,44.85114],[-79.8623,44.852],[-79.86371,44.85162],[-79.865,44.85415],[-79.86316,44.85602],[-79.86151,44.85596],[-79.86169,44.85668],[-79.86405,44.8575],[-79.86338,44.85828],[-79.86121,44.85855],[-79.86083,44.85943],[-79.86292,44.86035],[-79.8647,44.86024],[-79.86543,44.86149],[-79.86341,44.86557],[-79.86057,44.86877],[-79.86074,44.87138],[-79.85803,44.87322],[-79.85644,44.87295],[-79.85684,44.87017],[-79.85949,44.86857],[-79.85716,44.86674],[-79.85116,44.86649],[-79.85062,44.8678],[-79.84874,44.8688],[-79.84808,44.86833],[-79.84847,44.86895],[-79.84713,44.86992],[-79.84959,44.87188],[-79.85031,44.87136],[-79.85194,44.87211],[-79.85296,44.87084],[-79.85385,44.87091],[-79.85389,44.87367],[-79.85601,44.87385],[-79.85504,44.87579],[-79.85673,44.87617],[-79.85753,44.87829],[-79.8557,44.87883],[-79.85744,44.87919],[-79.85641,44.88089],[-79.85797,44.88194],[-79.85609,44.88127],[-79.85629,44.88379],[-79.85364,44.88409],[-79.85577,44.8857],[-79.85452,44.88698],[-79.85844,44.88719],[-79.85821,44.88792],[-79.8544,44.8875],[-79.8542,44.89039],[-79.85127,44.89122],[-79.84996,44.89078],[-79.84921,44.88897],[-79.84766,44.88891],[-79.84812,44.88792],[-79.84738,44.88745],[-79.84483,44.88796],[-79.84172,44.88626],[-79.83769,44.88634],[-79.83499,44.88777],[-79.83656,44.89085],[-79.83925,44.89232],[-79.84028,44.89475],[-79.84279,44.8962],[-79.84544,44.89962],[-79.84782,44.90016],[-79.845,44.89795],[-79.84482,44.89686],[-79.84581,44.89623],[-79.84756,44.89802],[-79.8472,44.89897],[-79.84856,44.89972],[-79.85137,44.90022],[-79.85158,44.90111],[-79.85328,44.90012],[-79.85446,44.90056]]]}},{"type":"Feature","properties":{"OGF_ID":60000305},"geometry":{"type":"Polygon","coordinates":[[[-81.34295,44.85129],[-82.40545,44.85036],[-82.3304,44.52161],[-81.35499,44.52173],[-81.34774,44.53566],[-81.34345,44.53831],[-81.34182,44.54072],[-81.34068,44.54058],[-81.33889,44.54177],[-81.33189,44.54848],[-81.32862,44.54833],[-81.32673,44.54904],[-81.32609,44.54856],[-81.32643,44.5493],[-81.32253,44.55092],[-81.32031,44.55367],[-81.31908,44.55769],[-81.31733,44.55897],[-81.31754,44.5599],[-81.3104,44.56456],[-81.30621,44.57123],[-81.30497,44.57143],[-81.30485,44.57283],[-81.30347,44.57315],[-81.3013,44.57531],[-81.30159,44.57619],[-81.2999,44.57613],[-81.29766,44.57736],[-81.29519,44.57993],[-81.29257,44.58597],[-81.29361,44.58891],[-81.29523,44.59005],[-81.2938,44.59157],[-81.2865,44.59418],[-81.28461,44.59605],[-81.28435,44.59763],[-81.28244,44.59793],[-81.28053,44.59988],[-81.27738,44.60463],[-81.27311,44.61613],[-81.27148,44.62551],[-81.27177,44.64901],[-81.27424,44.65518],[-81.27585,44.65761],[-81.27988,44.66092],[-81.27842,44.66181],[-81.27877,44.66244],[-81.28285,44.6641],[-81.28449,44.66998],[-81.28627,44.67048],[-81.28813,44.66945],[-81.29082,44.67086],[-81.29285,44.67084],[-81.29422,44.67221],[-81.29358,44.67378],[-81.29296,44.67279],[-81.29315,44.67414],[-81.29797,44.67558],[-81.29905,44.67698],[-81.30027,44.67693],[-81.30078,44.67814],[-81.30196,44.67834],[-81.30313,44.67984],[-81.30341,44.68285],[-81.30288,44.68439],[-81.30125,44.68549],[-81.29923,44.6833],[-81.30098,44.68551],[-81.29932,44.68594],[-81.29941,44.687],[-81.30339,44.68489],[-81.3052,44.6852],[-81.30621,44.68873],[-81.30505,44.69056],[-81.30683,44.69111],[-81.30654,44.69404],[-81.30354,44.69712],[-81.3026,44.69598],[-81.30143,44.69643],[-81.30247,44.69719],[-81.30179,44.69723],[-81.30076,44.69579],[-81.2969,44.69667],[-81.29533,44.69602],[-81.29454,44.69641],[-81.29423,44.69526],[-81.29173,44.6945],[-81.29161,44.69769],[-81.29069,44.69623],[-81.29081,44.69335],[-81.28921,44.69132],[-81.28901,44.69185],[-81.28691,44.69063],[-81.2868,44.69092],[-81.28721,44.69171],[-81.28529,44.69111],[-81.28514,44.69232],[-81.28407,44.69149],[-81.28224,44.69205],[-81.28145,44.69142],[-81.28255,44.69301],[-81.28133,44.69403],[-81.27872,44.69428],[-81.27825,44.69763],[-81.27445,44.69981],[-81.2758,44.70247],[-81.27801,44.70219],[-81.27866,44.70309],[-81.27715,44.70494],[-81.27522,44.70551],[-81.27665,44.71021],[-81.27506,44.71279],[-81.27704,44.71388],[-81.28056,44.7127],[-81.28031,44.71396],[-81.27785,44.71545],[-81.27899,44.7174],[-81.28076,44.71739],[-81.28335,44.71515],[-81.28506,44.71478],[-81.28719,44.7167],[-81.28502,44.71794],[-81.28293,44.71809],[-81.28251,44.71674],[-81.28082,44.71752],[-81.27942,44.71771],[-81.27924,44.72017],[-81.28132,44.72039],[-81.27736,44.72513],[-81.27865,44.72587],[-81.27824,44.72627],[-81.2797,44.72521],[-81.27981,44.72657],[-81.28108,44.72636],[-81.27868,44.72926],[-81.27989,44.7304],[-81.28186,44.73024],[-81.27901,44.73089],[-81.28172,44.73118],[-81.27926,44.73181],[-81.27826,44.73661],[-81.28053,44.73749],[-81.28103,44.73615],[-81.28236,44.73667],[-81.28611,44.73414],[-81.28509,44.7328],[-81.28687,44.73361],[-81.28724,44.73292],[-81.28832,44.73317],[-81.28716,44.73353],[-81.28785,44.7346],[-81.28646,44.73397],[-81.28691,44.73472],[-81.28732,44.73508],[-81.28816,44.73505],[-81.28486,44.73824],[-81.28073,44.74015],[-81.28438,44.7417],[-81.2808,44.74488],[-81.2808,44.74717],[-81.27709,44.75115],[-81.2766,44.75629],[-81.27784,44.75738],[-81.27842,44.76052],[-81.28137,44.76205],[-81.28456,44.76173],[-81.28433,44.76281],[-81.28555,44.76377],[-81.28535,44.76814],[-81.28682,44.76837],[-81.28603,44.76894],[-81.28699,44.76944],[-81.28483,44.76916],[-81.28381,44.77013],[-81.28453,44.77256],[-81.28353,44.77258],[-81.28265,44.77421],[-81.28339,44.77592],[-81.28974,44.77937],[-81.29099,44.77886],[-81.2928,44.77939],[-81.29476,44.77852],[-81.29564,44.78269],[-81.29658,44.78208],[-81.29679,44.78158],[-81.29585,44.78042],[-81.29858,44.78252],[-81.29857,44.78435],[-81.29971,44.78534],[-81.29788,44.78545],[-81.2951,44.7843],[-81.29504,44.78522],[-81.29378,44.78559],[-81.29295,44.78391],[-81.29322,44.78509],[-81.29203,44.78445],[-81.29511,44.78887],[-81.2914,44.78802],[-81.2909,44.78889],[-81.29321,44.78967],[-81.29359,44.7887],[-81.29492,44.78916],[-81.29583,44.78881],[-81.29723,44.78971],[-81.29689,44.79025],[-81.29808,44.7902],[-81.29898,44.79178],[-81.29751,44.79538],[-81.29815,44.79611],[-81.2933,44.79575],[-81.29074,44.79834],[-81.28819,44.79845],[-81.28571,44.80275],[-81.28727,44.80307],[-81.28573,44.8028],[-81.28528,44.80564],[-81.2979,44.81212],[-81.29656,44.81403],[-81.29567,44.81395],[-81.29494,44.81496],[-81.29414,44.81453],[-81.29425,44.81548],[-81.2932,44.81497],[-81.29322,44.81519],[-81.29422,44.81566],[-81.29394,44.81634],[-81.29249,44.81571],[-81.29386,44.81661],[-81.29317,44.81723],[-81.29413,44.81734],[-81.2951,44.82048],[-81.2985,44.82353],[-81.30131,44.824],[-81.30524,44.82299],[-81.30455,44.82113],[-81.3046,44.82104],[-81.30527,44.8213],[-81.3065,44.81966],[-81.30733,44.82127],[-81.30666,44.82153],[-81.30801,44.82204],[-81.30752,44.82327],[-81.30945,44.82436],[-81.30961,44.82557],[-81.31356,44.82674],[-81.31557,44.82568],[-81.31543,44.82377],[-81.31752,44.82242],[-81.31896,44.82243],[-81.31878,44.82387],[-81.31776,44.82366],[-81.31727,44.82479],[-81.31727,44.82774],[-81.31926,44.8273],[-81.31963,44.82586],[-81.32066,44.82585],[-81.32,44.82758],[-81.31816,44.82781],[-81.32012,44.82874],[-81.31923,44.82977],[-81.31994,44.83028],[-81.32205,44.82894],[-81.32271,44.82922],[-81.32025,44.83166],[-81.32254,44.83092],[-81.32352,44.8344],[-81.32578,44.83577],[-81.32441,44.83594],[-81.32563,44.83591],[-81.32438,44.83612],[-81.3255,44.83638],[-81.32276,44.83832],[-81.323,44.83925],[-81.32578,44.83991],[-81.3254,44.84185],[-81.32794,44.84191],[-81.32873,44.84093],[-81.32778,44.84015],[-81.32864,44.83975],[-81.32942,44.84037],[-81.32865,44.84171],[-81.33112,44.84448],[-81.33024,44.84537],[-81.33118,44.84601],[-81.32925,44.84786],[-81.33048,44.84871],[-81.33018,44.85138],[-81.34295,44.85129]]]}},{"type":"Feature","properties":{"OGF_ID":60000306},"geometry":{"type":"Polygon","coordinates":[[[-80.80577,45.27038],[-80.88723,45.40971],[-82.51862,45.33865],[-82.40545,44.85036],[-81.34295,44.85129],[-81.33018,44.85138],[-81.33188,44.85464],[-81.33071,44.85583],[-81.33013,44.86054],[-81.32734,44.86397],[-81.32744,44.86471],[-81.32856,44.86419],[-81.32761,44.86598],[-81.32893,44.86525],[-81.32953,44.866],[-81.32898,44.86672],[-81.3264,44.86707],[-81.32503,44.86911],[-81.31989,44.87263],[-81.3201,44.8755],[-81.32157,44.8767],[-81.3274,44.87362],[-81.32516,44.87698],[-81.32678,44.87761],[-81.32938,44.87681],[-81.33234,44.8749],[-81.33391,44.87245],[-81.33363,44.87209],[-81.33247,44.87317],[-81.33033,44.86999],[-81.33111,44.87029],[-81.33441,44.86729],[-81.33536,44.86536],[-81.33417,44.86425],[-81.33711,44.86332],[-81.33709,44.86392],[-81.33829,44.86394],[-81.33753,44.86519],[-81.33878,44.86512],[-81.34066,44.86464],[-81.34207,44.86251],[-81.34552,44.86165],[-81.34366,44.86329],[-81.34492,44.86357],[-81.34382,44.86565],[-81.34512,44.86738],[-81.34423,44.86893],[-81.345,44.86986],[-81.34344,44.86945],[-81.34248,44.8705],[-81.34326,44.87108],[-81.34591,44.87006],[-81.34439,44.87367],[-81.34532,44.87502],[-81.34386,44.87592],[-81.3458,44.87605],[-81.34724,44.87466],[-81.34908,44.87483],[-81.35144,44.87696],[-81.35476,44.87611],[-81.35499,44.87808],[-81.35383,44.87955],[-81.35496,44.87947],[-81.35225,44.8857],[-81.35459,44.88527],[-81.35539,44.88729],[-81.35685,44.88679],[-81.35679,44.88914],[-81.35904,44.88821],[-81.35797,44.8896],[-81.35923,44.89122],[-81.36178,44.88945],[-81.35961,44.8919],[-81.36038,44.89177],[-81.36051,44.89402],[-81.36252,44.89382],[-81.36289,44.89212],[-81.36186,44.89181],[-81.36315,44.89108],[-81.36462,44.89185],[-81.36369,44.89268],[-81.36608,44.89287],[-81.36516,44.89515],[-81.36643,44.89505],[-81.36841,44.89636],[-81.36627,44.89881],[-81.36532,44.89861],[-81.36616,44.89688],[-81.36415,44.8983],[-81.36106,44.89886],[-81.36023,44.90105],[-81.35945,44.90076],[-81.3578,44.90167],[-81.353,44.90567],[-81.35247,44.90489],[-81.35264,44.90561],[-81.35038,44.90559],[-81.35349,44.90634],[-81.35623,44.90501],[-81.35561,44.90664],[-81.35683,44.90638],[-81.35743,44.90505],[-81.35795,44.9062],[-81.35883,44.90615],[-81.35919,44.90461],[-81.36027,44.90479],[-81.36441,44.90121],[-81.3647,44.90226],[-81.36553,44.90191],[-81.36706,44.90292],[-81.36618,44.90429],[-81.36794,44.90605],[-81.37058,44.9066],[-81.37147,44.90565],[-81.37245,44.9064],[-81.3733,44.90585],[-81.37334,44.90903],[-81.37471,44.91094],[-81.37454,44.91537],[-81.37342,44.91758],[-81.37451,44.91849],[-81.37325,44.9223],[-81.37409,44.92317],[-81.37356,44.92541],[-81.37106,44.92969],[-81.37131,44.93114],[-81.36931,44.93258],[-81.36878,44.93571],[-81.36789,44.93586],[-81.36762,44.93952],[-81.36566,44.94231],[-81.36606,44.94324],[-81.36331,44.94957],[-81.36064,44.95396],[-81.35781,44.95534],[-81.35874,44.95608],[-81.35696,44.9569],[-81.35698,44.95833],[-81.35866,44.9593],[-81.35729,44.96097],[-81.35722,44.9631],[-81.35403,44.96604],[-81.36231,44.96767],[-81.36395,44.96888],[-81.36544,44.96894],[-81.36619,44.96818],[-81.36646,44.96968],[-81.36701,44.9691],[-81.36638,44.96816],[-81.3658,44.96787],[-81.3671,44.96732],[-81.37041,44.96684],[-81.37433,44.96731],[-81.37544,44.96669],[-81.37699,44.96716],[-81.37664,44.9688],[-81.37393,44.97088],[-81.37576,44.97024],[-81.37619,44.97103],[-81.37106,44.97872],[-81.37241,44.97852],[-81.37666,44.97512],[-81.36902,44.98131],[-81.36466,44.98606],[-81.36585,44.98812],[-81.37017,44.98919],[-81.37102,44.99143],[-81.37367,44.9919],[-81.37087,44.99371],[-81.37132,44.99553],[-81.36869,45.00007],[-81.36735,45.00075],[-81.3689,45.00023],[-81.37244,44.99505],[-81.37115,44.99739],[-81.37299,44.99661],[-81.37132,44.9987],[-81.37266,44.9977],[-81.37313,44.99868],[-81.37683,44.99895],[-81.37492,44.99963],[-81.37686,44.99911],[-81.37888,44.99804],[-81.3795,44.99819],[-81.38241,44.99672],[-81.38611,44.99352],[-81.38464,44.99249],[-81.38735,44.99357],[-81.38708,44.99478],[-81.38802,44.99463],[-81.38954,44.99235],[-81.38944,44.99071],[-81.39413,44.98675],[-81.39583,44.98636],[-81.39462,44.98538],[-81.39391,44.98592],[-81.3944,44.98295],[-81.39811,44.98075],[-81.39743,44.98207],[-81.39942,44.97947],[-81.40268,44.97797],[-81.4057,44.9795],[-81.40461,44.98108],[-81.40569,44.98144],[-81.40051,44.98431],[-81.40157,44.98434],[-81.4047,44.98291],[-81.40632,44.98301],[-81.40665,44.98364],[-81.4063,44.98596],[-81.40343,44.9891],[-81.40489,44.99021],[-81.40587,44.98951],[-81.40692,44.99067],[-81.40593,44.98902],[-81.40975,44.98733],[-81.40885,44.98868],[-81.4095,44.98944],[-81.41036,44.98905],[-81.40926,44.99094],[-81.40728,44.99074],[-81.40727,44.99164],[-81.40503,44.99213],[-81.40443,44.99385],[-81.40535,44.99399],[-81.40562,44.99535],[-81.40146,44.99947],[-81.4145,44.99522],[-81.41652,44.99176],[-81.41578,44.99102],[-81.41697,44.98914],[-81.41643,44.98697],[-81.41934,44.98436],[-81.41804,44.98313],[-81.41827,44.98196],[-81.42115,44.97998],[-81.42133,44.97796],[-81.42301,44.97755],[-81.42304,44.97645],[-81.42615,44.97352],[-81.42806,44.97272],[-81.43007,44.97313],[-81.43327,44.97094],[-81.43666,44.97079],[-81.43762,44.97231],[-81.43696,44.97594],[-81.43529,44.97946],[-81.43407,44.97956],[-81.43367,44.98345],[-81.4315,44.98425],[-81.43312,44.98423],[-81.43349,44.98505],[-81.43192,44.98846],[-81.42986,44.99002],[-81.43557,44.99081],[-81.43815,44.99026],[-81.43807,44.9921],[-81.43906,44.98983],[-81.44159,44.98834],[-81.44079,44.98997],[-81.44172,44.98963],[-81.4413,44.99146],[-81.4384,44.99301],[-81.442,44.9941],[-81.4406,44.99495],[-81.44074,44.99617],[-81.43877,44.99874],[-81.44233,44.99756],[-81.44271,44.99873],[-81.44569,44.99919],[-81.44618,45.0006],[-81.44738,45.00052],[-81.44805,44.99954],[-81.44973,45.00011],[-81.45155,45.00269],[-81.45378,45.00357],[-81.45212,45.00846],[-81.44935,45.0118],[-81.45236,45.01416],[-81.45485,45.01495],[-81.45496,45.01607],[-81.45643,45.01689],[-81.45698,45.02166],[-81.45621,45.02271],[-81.4549,45.02277],[-81.45485,45.02179],[-81.45341,45.021],[-81.45555,45.02488],[-81.45375,45.02643],[-81.45425,45.02702],[-81.45701,45.02528],[-81.45575,45.02801],[-81.45764,45.02714],[-81.45731,45.02787],[-81.45912,45.0275],[-81.45979,45.02607],[-81.46245,45.02696],[-81.46124,45.02541],[-81.46011,45.02535],[-81.46147,45.02362],[-81.46267,45.02338],[-81.46448,45.02572],[-81.46414,45.02767],[-81.46116,45.02781],[-81.46057,45.02912],[-81.46201,45.02996],[-81.46347,45.0337],[-81.46494,45.03116],[-81.4665,45.03033],[-81.46832,45.0333],[-81.46801,45.03552],[-81.46563,45.0351],[-81.46679,45.037],[-81.46652,45.03916],[-81.46479,45.04082],[-81.46493,45.04159],[-81.46815,45.04249],[-81.46668,45.04375],[-81.46791,45.04353],[-81.46777,45.04483],[-81.46485,45.04746],[-81.46542,45.04574],[-81.46382,45.04831],[-81.46443,45.04835],[-81.46551,45.04752],[-81.46471,45.04906],[-81.46609,45.04918],[-81.46721,45.04763],[-81.47065,45.047],[-81.47148,45.04752],[-81.47361,45.04596],[-81.4748,45.0463],[-81.47489,45.04717],[-81.47761,45.04758],[-81.47855,45.04671],[-81.4777,45.0464],[-81.47825,45.04681],[-81.47676,45.04742],[-81.47582,45.04674],[-81.47599,45.04531],[-81.47824,45.04556],[-81.48102,45.04417],[-81.48257,45.04419],[-81.48342,45.04738],[-81.48266,45.0489],[-81.48401,45.04934],[-81.48336,45.05088],[-81.48682,45.05163],[-81.48532,45.05219],[-81.48664,45.05337],[-81.4858,45.05377],[-81.484,45.05277],[-81.48287,45.051],[-81.48248,45.05269],[-81.47845,45.05573],[-81.48205,45.05497],[-81.48439,45.05527],[-81.48704,45.0542],[-81.4903,45.0552],[-81.49046,45.05369],[-81.49294,45.05497],[-81.49264,45.05588],[-81.49473,45.05411],[-81.49589,45.05466],[-81.49622,45.05628],[-81.48947,45.05842],[-81.49193,45.05998],[-81.49104,45.06027],[-81.49128,45.06129],[-81.49286,45.06136],[-81.49355,45.06012],[-81.49566,45.06017],[-81.49894,45.06164],[-81.49822,45.06364],[-81.49649,45.06502],[-81.49738,45.06531],[-81.49697,45.06646],[-81.49347,45.06774],[-81.4896,45.0679],[-81.48675,45.06575],[-81.48589,45.06709],[-81.48329,45.06605],[-81.48203,45.06734],[-81.48429,45.06705],[-81.48574,45.06846],[-81.48824,45.06868],[-81.4879,45.06933],[-81.48758,45.06876],[-81.48612,45.06904],[-81.48323,45.06822],[-81.48762,45.07011],[-81.48764,45.07159],[-81.48817,45.07133],[-81.48787,45.06967],[-81.4893,45.06809],[-81.49075,45.06804],[-81.49095,45.06908],[-81.49446,45.06826],[-81.49485,45.06956],[-81.49626,45.06879],[-81.49789,45.06932],[-81.49713,45.07013],[-81.49867,45.07007],[-81.49768,45.07274],[-81.49392,45.07447],[-81.49141,45.07376],[-81.49115,45.07475],[-81.48866,45.07589],[-81.49143,45.07619],[-81.49269,45.07561],[-81.49487,45.07638],[-81.49649,45.07532],[-81.49669,45.07587],[-81.49992,45.07378],[-81.49977,45.07234],[-81.50108,45.07172],[-81.50044,45.07249],[-81.50123,45.07238],[-81.50277,45.07126],[-81.5037,45.06856],[-81.50719,45.06783],[-81.5073,45.06978],[-81.50796,45.07048],[-81.50875,45.06976],[-81.50891,45.07033],[-81.50756,45.07139],[-81.50559,45.07128],[-81.50543,45.07317],[-81.50613,45.07335],[-81.50477,45.07614],[-81.50621,45.07557],[-81.50649,45.07644],[-81.50859,45.07619],[-81.51039,45.07485],[-81.50968,45.07582],[-81.51105,45.0754],[-81.51055,45.07652],[-81.51362,45.07569],[-81.5162,45.07678],[-81.51539,45.07956],[-81.51284,45.08267],[-81.51459,45.08596],[-81.51614,45.08614],[-81.51436,45.09009],[-81.51556,45.09103],[-81.51366,45.09323],[-81.51052,45.09339],[-81.50929,45.09454],[-81.50975,45.09451],[-81.51134,45.09388],[-81.51615,45.09398],[-81.51705,45.09543],[-81.5186,45.09551],[-81.52129,45.09734],[-81.52114,45.09924],[-81.51781,45.10206],[-81.51895,45.10059],[-81.51819,45.10074],[-81.51605,45.10304],[-81.51803,45.10224],[-81.51694,45.10416],[-81.52156,45.10107],[-81.52196,45.10168],[-81.52045,45.10261],[-81.52472,45.10294],[-81.52004,45.10602],[-81.52098,45.10602],[-81.52066,45.1084],[-81.52154,45.108],[-81.52158,45.10861],[-81.5235,45.10736],[-81.52738,45.10657],[-81.52724,45.10738],[-81.52846,45.108],[-81.52806,45.10975],[-81.52474,45.11111],[-81.52545,45.1121],[-81.52794,45.11153],[-81.52778,45.11535],[-81.52899,45.11393],[-81.53422,45.11328],[-81.53532,45.11373],[-81.53416,45.116],[-81.537,45.11728],[-81.5352,45.11588],[-81.53741,45.11413],[-81.53657,45.11322],[-81.53588,45.11351],[-81.53649,45.11284],[-81.53877,45.11197],[-81.5419,45.11302],[-81.54281,45.11258],[-81.54451,45.11527],[-81.54304,45.11678],[-81.54224,45.11695],[-81.54214,45.11614],[-81.54113,45.11701],[-81.5424,45.11806],[-81.54094,45.12036],[-81.54406,45.12218],[-81.54394,45.12502],[-81.55024,45.11594],[-81.55257,45.11478],[-81.55404,45.11584],[-81.55142,45.1174],[-81.55215,45.11773],[-81.55064,45.12153],[-81.55193,45.12098],[-81.55169,45.12531],[-81.55693,45.12425],[-81.56405,45.12503],[-81.56406,45.12592],[-81.5664,45.12595],[-81.56554,45.12691],[-81.56619,45.12837],[-81.5654,45.13036],[-81.56607,45.13044],[-81.56161,45.13589],[-81.56316,45.13533],[-81.56477,45.13614],[-81.56955,45.1358],[-81.56926,45.13646],[-81.5709,45.13548],[-81.57066,45.13619],[-81.57963,45.13352],[-81.57909,45.13741],[-81.5749,45.1397],[-81.57493,45.13885],[-81.57384,45.13931],[-81.57371,45.1386],[-81.57141,45.1398],[-81.5723,45.14004],[-81.57125,45.1416],[-81.57274,45.14014],[-81.57343,45.14017],[-81.57289,45.14121],[-81.57368,45.1405],[-81.57299,45.14166],[-81.57469,45.14393],[-81.57365,45.14574],[-81.57496,45.14584],[-81.57241,45.14911],[-81.57085,45.14872],[-81.56928,45.1502],[-81.57123,45.14901],[-81.57194,45.15143],[-81.57408,45.15112],[-81.57415,45.15192],[-81.57613,45.14885],[-81.57805,45.14753],[-81.58046,45.14706],[-81.57619,45.15176],[-81.57736,45.15159],[-81.577,45.15261],[-81.57897,45.15095],[-81.57838,45.15197],[-81.57932,45.15184],[-81.57531,45.15604],[-81.57593,45.1558],[-81.57633,45.15511],[-81.57871,45.15399],[-81.5804,45.15167],[-81.57988,45.15245],[-81.58317,45.1502],[-81.58177,45.15238],[-81.58727,45.14883],[-81.59103,45.1483],[-81.59102,45.14984],[-81.5936,45.14852],[-81.59499,45.14879],[-81.59479,45.15126],[-81.59299,45.15111],[-81.59253,45.15357],[-81.59013,45.15633],[-81.59057,45.15702],[-81.59257,45.15676],[-81.59267,45.15827],[-81.59487,45.15717],[-81.59455,45.15911],[-81.58853,45.16348],[-81.5914,45.16326],[-81.59023,45.16409],[-81.59311,45.16384],[-81.59384,45.16442],[-81.59164,45.16637],[-81.58864,45.16689],[-81.58923,45.1673],[-81.5877,45.16882],[-81.58963,45.16757],[-81.59015,45.1687],[-81.58756,45.17108],[-81.58442,45.17244],[-81.5844,45.17386],[-81.58209,45.17587],[-81.58435,45.17541],[-81.57805,45.181],[-81.57746,45.18233],[-81.58281,45.18016],[-81.58218,45.18218],[-81.58361,45.18272],[-81.57734,45.18878],[-81.57763,45.19188],[-81.58071,45.19181],[-81.58148,45.19132],[-81.58545,45.19211],[-81.58736,45.1902],[-81.58894,45.19004],[-81.58923,45.19059],[-81.59161,45.18844],[-81.59966,45.18518],[-81.59985,45.18346],[-81.60256,45.18125],[-81.60407,45.18168],[-81.60577,45.17994],[-81.60862,45.179],[-81.61187,45.18102],[-81.61473,45.18139],[-81.61473,45.18744],[-81.61538,45.18724],[-81.61445,45.18844],[-81.6154,45.189],[-81.61716,45.1883],[-81.61648,45.18958],[-81.61729,45.18962],[-81.6169,45.1905],[-81.61771,45.18993],[-81.61741,45.19075],[-81.61948,45.19023],[-81.61854,45.19211],[-81.61927,45.1919],[-81.61847,45.1932],[-81.61922,45.19377],[-81.62119,45.19248],[-81.62125,45.19392],[-81.62188,45.19377],[-81.62251,45.19249],[-81.62162,45.19128],[-81.62394,45.18998],[-81.62398,45.19126],[-81.62515,45.19044],[-81.62441,45.18947],[-81.62799,45.18582],[-81.62643,45.18368],[-81.63116,45.1823],[-81.63759,45.1825],[-81.63613,45.18406],[-81.63328,45.18421],[-81.63024,45.18545],[-81.62748,45.1897],[-81.6302,45.19132],[-81.63346,45.19151],[-81.63957,45.18976],[-81.6428,45.18772],[-81.6474,45.18706],[-81.64832,45.18748],[-81.65016,45.18559],[-81.65299,45.18432],[-81.65479,45.18432],[-81.65543,45.18336],[-81.65613,45.18455],[-81.65359,45.18702],[-81.65419,45.18719],[-81.65988,45.1843],[-81.65757,45.18653],[-81.66448,45.18421],[-81.66307,45.18477],[-81.66527,45.18474],[-81.66247,45.18847],[-81.65671,45.19024],[-81.65668,45.1926],[-81.65258,45.19704],[-81.65673,45.19477],[-81.65571,45.19895],[-81.65712,45.19826],[-81.65718,45.19928],[-81.65906,45.19996],[-81.66132,45.19974],[-81.66218,45.20133],[-81.66838,45.19889],[-81.6703,45.19962],[-81.67521,45.1982],[-81.67336,45.2012],[-81.6783,45.19888],[-81.68059,45.19867],[-81.68365,45.19683],[-81.68907,45.19771],[-81.69092,45.19718],[-81.70189,45.19758],[-81.70317,45.19864],[-81.70302,45.20003],[-81.70067,45.20212],[-81.70257,45.20149],[-81.70305,45.20105],[-81.70332,45.20107],[-81.70161,45.20322],[-81.70273,45.2032],[-81.70301,45.2039],[-81.70164,45.2044],[-81.70218,45.20517],[-81.69932,45.20927],[-81.69962,45.20922],[-81.7014,45.20775],[-81.70136,45.20821],[-81.70169,45.20765],[-81.70191,45.20899],[-81.70022,45.21005],[-81.70091,45.21037],[-81.70008,45.2132],[-81.69574,45.21755],[-81.70072,45.21454],[-81.70556,45.20931],[-81.70424,45.21209],[-81.7083,45.20877],[-81.70738,45.20969],[-81.7081,45.20983],[-81.70861,45.2087],[-81.70892,45.20959],[-81.70797,45.21055],[-81.70919,45.20974],[-81.7066,45.21438],[-81.71234,45.21123],[-81.71197,45.21257],[-81.71467,45.2118],[-81.71687,45.21235],[-81.7183,45.21159],[-81.71641,45.21542],[-81.72095,45.21301],[-81.71858,45.21518],[-81.71889,45.21523],[-81.72027,45.21447],[-81.71956,45.2161],[-81.7217,45.21426],[-81.72276,45.21433],[-81.72262,45.2154],[-81.72649,45.21415],[-81.72599,45.21556],[-81.72759,45.21737],[-81.72394,45.21988],[-81.72432,45.21998],[-81.72728,45.21815],[-81.72797,45.21935],[-81.72931,45.21863],[-81.72932,45.22121],[-81.72641,45.22184],[-81.72302,45.22642],[-81.718,45.22956],[-81.71623,45.22959],[-81.71459,45.23067],[-81.71247,45.23022],[-81.71135,45.23095],[-81.71478,45.23086],[-81.7067,45.23294],[-81.70796,45.23341],[-81.70741,45.23404],[-81.70467,45.23449],[-81.70301,45.23574],[-81.7041,45.23373],[-81.70124,45.23515],[-81.70351,45.23297],[-81.70267,45.23293],[-81.70324,45.23189],[-81.6975,45.23625],[-81.69918,45.23474],[-81.69481,45.23618],[-81.69608,45.23488],[-81.69453,45.23458],[-81.69348,45.23513],[-81.69603,45.2324],[-81.6951,45.23185],[-81.69261,45.23557],[-81.68559,45.23972],[-81.68677,45.2397],[-81.68012,45.24159],[-81.68179,45.24197],[-81.68918,45.23985],[-81.69037,45.24027],[-81.68929,45.24351],[-81.69064,45.24222],[-81.69347,45.24253],[-81.69378,45.24372],[-81.6953,45.24388],[-81.69822,45.24271],[-81.6972,45.24407],[-81.6943,45.24493],[-81.69549,45.24544],[-81.68898,45.24776],[-81.69122,45.24736],[-81.69096,45.24815],[-81.6922,45.24793],[-81.69049,45.24919],[-81.69057,45.25035],[-81.69351,45.25126],[-81.68917,45.25339],[-81.69079,45.25417],[-81.68759,45.25682],[-81.68045,45.2587],[-81.67297,45.25858],[-81.67256,45.25754],[-81.67888,45.25661],[-81.68222,45.25522],[-81.68146,45.25439],[-81.66453,45.25844],[-81.66297,45.25788],[-81.66279,45.25671],[-81.66481,45.25504],[-81.66428,45.25464],[-81.66103,45.25763],[-81.66023,45.26126],[-81.66108,45.26191],[-81.6602,45.26212],[-81.66341,45.26179],[-81.66537,45.26258],[-81.66522,45.26317],[-81.65531,45.26659],[-81.6493,45.26632],[-81.648,45.26578],[-81.64866,45.26533],[-81.64562,45.26424],[-81.63914,45.26522],[-81.63907,45.26457],[-81.63725,45.26491],[-81.63526,45.26391],[-81.63776,45.26244],[-81.63638,45.26137],[-81.63696,45.26057],[-81.6396,45.26002],[-81.64105,45.26067],[-81.64668,45.25806],[-81.64588,45.25397],[-81.64364,45.25557],[-81.64084,45.25596],[-81.63842,45.25584],[-81.63753,45.25484],[-81.64086,45.25256],[-81.64433,45.25225],[-81.64456,45.25024],[-81.64267,45.24847],[-81.63792,45.25044],[-81.61678,45.25428],[-81.6112,45.25266],[-81.61056,45.25094],[-81.61302,45.24998],[-81.61256,45.24888],[-81.60574,45.24826],[-81.58581,45.25216],[-81.57841,45.24721],[-81.58239,45.24165],[-81.58106,45.24016],[-81.57891,45.2398],[-81.57067,45.24056],[-81.56628,45.24381],[-81.56325,45.24505],[-81.55864,45.24512],[-81.55053,45.24677],[-81.54562,45.24477],[-81.53842,45.24687],[-81.53289,45.24721],[-81.5303,45.24647],[-81.52954,45.24468],[-81.52751,45.2439],[-81.52515,45.24537],[-81.52099,45.24571],[-81.51937,45.24305],[-81.50925,45.24024],[-81.50327,45.24108],[-81.49484,45.2384],[-81.48986,45.2389],[-81.48579,45.23841],[-81.484,45.23621],[-81.47495,45.23229],[-81.46241,45.23029],[-81.44425,45.23227],[-81.43715,45.2318],[-81.43126,45.23284],[-81.42092,45.23205],[-81.41233,45.23457],[-81.40531,45.23491],[-81.39127,45.24118],[-81.38747,45.24213],[-81.38115,45.24159],[-81.37266,45.24296],[-81.36751,45.24171],[-81.36479,45.24252],[-81.36111,45.24246],[-81.35508,45.24161],[-81.35109,45.24021],[-81.34378,45.24029],[-81.33867,45.24203],[-81.32006,45.24472],[-81.31179,45.24736],[-81.30386,45.24776],[-81.30089,45.24736],[-81.29808,45.24597],[-81.3011,45.24629],[-81.30198,45.24511],[-81.29886,45.24156],[-81.29409,45.24301],[-81.2944,45.24542],[-81.29676,45.24657],[-81.29055,45.24509],[-81.28961,45.24423],[-81.29009,45.243],[-81.28906,45.24033],[-81.28442,45.2346],[-81.28414,45.22607],[-81.287,45.22137],[-81.29514,45.21262],[-81.30974,45.20326],[-81.32061,45.19335],[-81.32725,45.18996],[-81.33195,45.18308],[-81.33478,45.17644],[-81.33711,45.1655],[-81.33676,45.16331],[-81.33594,45.1633],[-81.3368,45.16317],[-81.33626,45.16029],[-81.33432,45.15661],[-81.33514,45.15253],[-81.33386,45.14949],[-81.33579,45.14539],[-81.33579,45.14185],[-81.33296,45.138],[-81.32244,45.12811],[-81.31349,45.12269],[-81.30955,45.12125],[-81.29044,45.11731],[-81.2831,45.11833],[-81.28129,45.11735],[-81.28286,45.11256],[-81.28231,45.10941],[-81.27819,45.1049],[-81.27539,45.09695],[-81.26852,45.08992],[-81.26704,45.08336],[-81.26229,45.07681],[-81.26553,45.06992],[-81.26682,45.06015],[-81.2701,45.04985],[-81.26605,45.031],[-81.27082,45.02684],[-81.27672,45.02322],[-81.27739,45.02064],[-81.26806,45.00506],[-81.26116,44.99958],[-81.25324,44.99601],[-81.25131,44.99298],[-81.24807,44.99056],[-81.24875,44.99035],[-81.25048,44.99101],[-81.2522,44.9897],[-81.25172,44.98815],[-81.2486,44.98749],[-81.24558,44.99078],[-81.23994,44.99388],[-81.2307,45.0032],[-81.22328,45.00935],[-81.21921,45.00937],[-81.21482,45.00719],[-81.21271,45.00439],[-81.20442,45.00236],[-81.19834,45.00174],[-81.19465,44.99801],[-81.19565,44.99556],[-81.20223,44.98864],[-81.21985,44.97279],[-81.2164,44.96558],[-81.21621,44.96297],[-81.21387,44.96112],[-81.19229,44.95789],[-81.17369,44.95989],[-81.16737,44.95964],[-81.15612,44.95769],[-81.15488,44.95909],[-81.12345,44.9613],[-81.11976,44.96042],[-81.1164,44.95544],[-81.11421,44.94957],[-81.11631,44.9404],[-81.11793,44.9393],[-81.11823,44.94131],[-81.11967,44.94191],[-81.12827,44.93929],[-81.13396,44.93272],[-81.13402,44.93147],[-81.13253,44.93095],[-81.1341,44.92836],[-81.13576,44.927],[-81.13828,44.92605],[-81.13543,44.92742],[-81.13602,44.92872],[-81.13773,44.92854],[-81.14116,44.9263],[-81.14149,44.92682],[-81.15494,44.91366],[-81.14886,44.9093],[-80.75805,45.1884],[-80.80577,45.27038]]]}},{"type":"Feature","properties":{"OGF_ID":60000307},"geometry":{"type":"Polygon","coordinates":[[[-77.43017,44.13632],[-77.43242,44.13585],[-77.43434,44.13421],[-77.43898,44.13223],[-77.44645,44.13175],[-77.45346,44.12852],[-77.45369,44.12894],[-77.45777,44.12613],[-77.4677,44.12267],[-77.47372,44.12237],[-77.47214,44.12093],[-77.4748,44.12097],[-77.47507,44.12022],[-77.47767,44.11981],[-77.47852,44.12101],[-77.47918,44.1204],[-77.48032,44.12104],[-77.47982,44.11988],[-77.4881,44.11912],[-77.48979,44.11754],[-77.48998,44.11951],[-77.49329,44.11998],[-77.49481,44.11965],[-77.49549,44.11846],[-77.49596,44.11982],[-77.49525,44.11988],[-77.4962,44.12006],[-77.49563,44.11828],[-77.49694,44.11891],[-77.49691,44.11777],[-77.49817,44.11821],[-77.50231,44.11745],[-77.5034,44.11844],[-77.50496,44.11813],[-77.50528,44.11647],[-77.50665,44.11703],[-77.50696,44.11627],[-77.50773,44.11716],[-77.50809,44.11542],[-77.50881,44.11629],[-77.50841,44.11533],[-77.51102,44.11445],[-77.51216,44.11273],[-77.51434,44.11204],[-77.51478,44.11245],[-77.5146,44.11068],[-77.51578,44.11169],[-77.51486,44.11048],[-77.5152,44.11044],[-77.51607,44.11125],[-77.51866,44.11045],[-77.51912,44.10812],[-77.52077,44.10831],[-77.52103,44.10752],[-77.5221,44.10785],[-77.52245,44.10724],[-77.52902,44.10568],[-77.53089,44.10382],[-77.53031,44.10344],[-77.5312,44.10329],[-77.52965,44.1017],[-77.5249,44.10275],[-77.52415,44.10371],[-77.52553,44.1008],[-77.52684,44.10037],[-77.52906,44.10036],[-77.53186,44.10348],[-77.53521,44.10476],[-77.53812,44.10496],[-77.53922,44.10461],[-77.53756,44.10327],[-77.54341,44.10491],[-77.54445,44.10439],[-77.54384,44.10395],[-77.54752,44.10355],[-77.54711,44.10137],[-77.54874,44.10333],[-77.55017,44.1033],[-77.55158,44.10222],[-77.55245,44.10311],[-77.55239,44.10237],[-77.55263,44.10295],[-77.55261,44.10235],[-77.55406,44.10293],[-77.55409,44.10177],[-77.55552,44.10266],[-77.55855,44.10094],[-77.55958,44.0986],[-77.56127,44.09847],[-77.56303,44.09933],[-77.56831,44.09905],[-77.56868,44.09981],[-77.56791,44.10009],[-77.56853,44.09974],[-77.56752,44.09915],[-77.56654,44.10019],[-77.56742,44.1],[-77.567,44.10043],[-77.56939,44.10168],[-77.56986,44.10134],[-77.56824,44.10026],[-77.56883,44.09994],[-77.57017,44.10124],[-77.57421,44.09856],[-77.57316,44.09837],[-77.57318,44.09698],[-77.57528,44.09605],[-77.575,44.08955],[-77.57594,44.08623],[-77.57877,44.08558],[-77.58244,44.08161],[-77.58907,44.0772],[-77.5924,44.07355],[-77.59511,44.07268],[-77.59821,44.06739],[-77.60119,44.06713],[-77.60258,44.06575],[-77.60206,44.06536],[-77.60062,44.06651],[-77.59873,44.06601],[-77.59809,44.06529],[-77.59878,44.06474],[-77.59785,44.06516],[-77.59814,44.06417],[-77.59698,44.0644],[-77.59778,44.06379],[-77.59672,44.06423],[-77.59747,44.06361],[-77.59654,44.06408],[-77.597,44.06351],[-77.59576,44.06368],[-77.59538,44.06336],[-77.5958,44.06291],[-77.59506,44.06325],[-77.59518,44.06262],[-77.59424,44.0629],[-77.59412,44.06212],[-77.59196,44.06182],[-77.58779,44.05963],[-77.58172,44.06132],[-77.58136,44.06068],[-77.58701,44.05882],[-77.58991,44.0561],[-77.59095,44.05483],[-77.59003,44.05332],[-77.58987,44.05438],[-77.59074,44.05487],[-77.58751,44.05751],[-77.58509,44.05841],[-77.57887,44.05623],[-77.57852,44.0681],[-77.54554,44.09001],[-77.53398,44.08985],[-77.49952,44.11201],[-77.49161,44.11188],[-77.43041,44.12749],[-77.43017,44.13632]]]}},{"type":"Feature","properties":{"OGF_ID":60000307},"geometry":{"type":"Polygon","coordinates":[[[-77.43017,44.13632],[-77.43242,44.13585],[-77.43434,44.13421],[-77.43898,44.13223],[-77.44645,44.13175],[-77.45346,44.12852],[-77.45369,44.12894],[-77.45777,44.12613],[-77.4677,44.12267],[-77.47372,44.12237],[-77.47214,44.12093],[-77.4748,44.12097],[-77.47507,44.12022],[-77.47767,44.11981],[-77.47852,44.12101],[-77.47918,44.1204],[-77.48032,44.12104],[-77.47982,44.11988],[-77.4881,44.11912],[-77.48979,44.11754],[-77.48998,44.11951],[-77.49329,44.11998],[-77.49481,44.11965],[-77.49549,44.11846],[-77.49596,44.11982],[-77.49525,44.11988],[-77.4962,44.12006],[-77.49563,44.11828],[-77.49694,44.11891],[-77.49691,44.11777],[-77.49817,44.11821],[-77.50231,44.11745],[-77.5034,44.11844],[-77.50496,44.11813],[-77.50528,44.11647],[-77.50665,44.11703],[-77.50696,44.11627],[-77.50773,44.11716],[-77.50809,44.11542],[-77.50881,44.11629],[-77.50841,44.11533],[-77.51102,44.11445],[-77.51216,44.11273],[-77.51434,44.11204],[-77.51478,44.11245],[-77.5146,44.11068],[-77.51578,44.11169],[-77.51486,44.11048],[-77.5152,44.11044],[-77.51607,44.11125],[-77.51866,44.11045],[-77.51912,44.10812],[-77.52077,44.10831],[-77.52103,44.10752],[-77.5221,44.10785],[-77.52245,44.10724],[-77.52902,44.10568],[-77.53089,44.10382],[-77.53031,44.10344],[-77.5312,44.10329],[-77.52965,44.1017],[-77.5249,44.10275],[-77.52415,44.10371],[-77.52553,44.1008],[-77.52684,44.10037],[-77.52906,44.10036],[-77.53186,44.10348],[-77.53521,44.10476],[-77.53812,44.10496],[-77.53922,44.10461],[-77.53756,44.10327],[-77.54341,44.10491],[-77.54445,44.10439],[-77.54384,44.10395],[-77.54752,44.10355],[-77.54711,44.10137],[-77.54874,44.10333],[-77.55017,44.1033],[-77.55158,44.10222],[-77.55245,44.10311],[-77.55239,44.10237],[-77.55263,44.10295],[-77.55261,44.10235],[-77.55406,44.10293],[-77.55409,44.10177],[-77.55552,44.10266],[-77.55855,44.10094],[-77.55958,44.0986],[-77.56127,44.09847],[-77.56303,44.09933],[-77.56831,44.09905],[-77.56868,44.09981],[-77.56791,44.10009],[-77.56853,44.09974],[-77.56752,44.09915],[-77.56654,44.10019],[-77.56742,44.1],[-77.567,44.10043],[-77.56939,44.10168],[-77.56986,44.10134],[-77.56824,44.10026],[-77.56883,44.09994],[-77.57017,44.10124],[-77.57421,44.09856],[-77.57316,44.09837],[-77.57318,44.09698],[-77.57528,44.09605],[-77.575,44.08955],[-77.57594,44.08623],[-77.57877,44.08558],[-77.58244,44.08161],[-77.58907,44.0772],[-77.5924,44.07355],[-77.59511,44.07268],[-77.59821,44.06739],[-77.60119,44.06713],[-77.60258,44.06575],[-77.60206,44.06536],[-77.60062,44.06651],[-77.59873,44.06601],[-77.59809,44.06529],[-77.59878,44.06474],[-77.59785,44.06516],[-77.59814,44.06417],[-77.59698,44.0644],[-77.59778,44.06379],[-77.59672,44.06423],[-77.59747,44.06361],[-77.59654,44.06408],[-77.597,44.06351],[-77.59576,44.06368],[-77.59538,44.06336],[-77.5958,44.06291],[-77.59506,44.06325],[-77.59518,44.06262],[-77.59424,44.0629],[-77.59412,44.06212],[-77.59196,44.06182],[-77.58779,44.05963],[-77.58172,44.06132],[-77.58136,44.06068],[-77.58701,44.05882],[-77.58991,44.0561],[-77.59095,44.05483],[-77.59003,44.05332],[-77.58987,44.05438],[-77.59074,44.05487],[-77.58751,44.05751],[-77.58509,44.05841],[-77.57887,44.05623],[-77.57852,44.0681],[-77.54554,44.09001],[-77.53398,44.08985],[-77.49952,44.11201],[-77.49161,44.11188],[-77.43041,44.12749],[-77.43017,44.13632]]]}},{"type":"Feature","properties":{"OGF_ID":60000232},"geometry":{"type":"Polygon","coordinates":[[[-79.42073,46.20888],[-79.42087,46.20886],[-79.42223,46.20834],[-79.42227,46.20754],[-79.42409,46.2083],[-79.42473,46.20711],[-79.42639,46.20846],[-79.42878,46.20709],[-79.42999,46.20731],[-79.43008,46.20822],[-79.43194,46.20797],[-79.43001,46.20477],[-79.42711,46.20408],[-79.42755,46.20243],[-79.42612,46.20207],[-79.42298,46.20431],[-79.41977,46.20253],[-79.41229,46.20481],[-79.41336,46.20594],[-79.41385,46.20515],[-79.41691,46.20536],[-79.41782,46.20723],[-79.41715,46.20826],[-79.42073,46.20888]]]}},{"type":"Feature","properties":{"OGF_ID":60000233},"geometry":{"type":"Polygon","coordinates":[[[-79.42126,46.21687],[-79.42139,46.21693],[-79.42165,46.21505],[-79.42316,46.21677],[-79.42588,46.21683],[-79.426,46.21593],[-79.42901,46.21629],[-79.42803,46.21373],[-79.42545,46.21496],[-79.42417,46.21433],[-79.42699,46.21252],[-79.42681,46.21097],[-79.42249,46.21033],[-79.4206,46.21094],[-79.42022,46.21417],[-79.42126,46.21687]]]}},{"type":"Feature","properties":{"OGF_ID":60000271},"geometry":{"type":"Polygon","coordinates":[[[-78.72806,46.31975],[-78.7312,46.3224],[-78.72954,46.32384],[-78.7295,46.32546],[-78.73652,46.32551],[-78.7408,46.32769],[-78.74488,46.32697],[-78.74618,46.329],[-78.74949,46.33129],[-78.75178,46.33107],[-78.75565,46.32861],[-78.7572,46.32878],[-78.75605,46.33101],[-78.75613,46.3345],[-78.75927,46.33679],[-78.75955,46.33916],[-78.76262,46.34016],[-78.76557,46.33922],[-78.76696,46.34074],[-78.76966,46.34047],[-78.77168,46.33904],[-78.77453,46.34038],[-78.77427,46.3422],[-78.77614,46.34245],[-78.77806,46.34061],[-78.77969,46.34022],[-78.7836,46.34115],[-78.78806,46.34024],[-78.79178,46.33566],[-78.79707,46.33397],[-78.79624,46.33243],[-78.79766,46.33033],[-78.80246,46.32747],[-78.80456,46.32326],[-78.81193,46.32543],[-78.81463,46.32415],[-78.8189,46.32451],[-78.8201,46.32338],[-78.82346,46.32443],[-78.82479,46.3241],[-78.82674,46.32015],[-78.82138,46.31554],[-78.81986,46.31285],[-78.82078,46.31181],[-78.82514,46.31158],[-78.82825,46.31349],[-78.83104,46.31157],[-78.83244,46.31249],[-78.83691,46.31149],[-78.83856,46.31461],[-78.84219,46.31424],[-78.84741,46.31586],[-78.8483,46.31768],[-78.85822,46.3189],[-78.85932,46.32078],[-78.86173,46.32183],[-78.86299,46.32311],[-78.85988,46.32666],[-78.86206,46.32793],[-78.8609,46.33219],[-78.86251,46.3336],[-78.8638,46.33394],[-78.86566,46.33253],[-78.87253,46.33043],[-78.88268,46.3314],[-78.88635,46.33336],[-78.89305,46.33313],[-78.89911,46.33136],[-78.89958,46.32902],[-78.90231,46.32761],[-78.90993,46.33164],[-78.91463,46.32965],[-78.91719,46.32967],[-78.92346,46.33468],[-78.93153,46.33683],[-78.93376,46.33933],[-78.93264,46.34035],[-78.93368,46.34121],[-78.94012,46.34179],[-78.9426,46.34402],[-78.9456,46.34469],[-78.94895,46.34379],[-78.95119,46.34531],[-78.95477,46.34529],[-78.95431,46.34659],[-78.95184,46.34785],[-78.95302,46.3489],[-78.95474,46.34857],[-78.95637,46.34921],[-78.96186,46.34781],[-78.96825,46.35005],[-78.97221,46.35322],[-78.97748,46.35381],[-78.9791,46.35678],[-78.9817,46.35858],[-78.98155,46.36052],[-78.98307,46.36116],[-78.98377,46.35794],[-78.98973,46.35918],[-78.99146,46.35852],[-78.99438,46.35875],[-78.99641,46.35979],[-78.99855,46.35982],[-79.00383,46.35695],[-79.0022,46.35465],[-79.00023,46.35464],[-78.99666,46.35271],[-78.9984,46.34945],[-79.00028,46.34864],[-79.00198,46.34889],[-79.00419,46.34775],[-79.01059,46.34878],[-79.01394,46.35009],[-79.0141,46.35235],[-79.01795,46.35525],[-79.01606,46.35705],[-79.01639,46.35988],[-79.02965,46.36773],[-79.0355,46.36671],[-79.03976,46.36936],[-79.04157,46.36915],[-79.04344,46.37052],[-79.04834,46.37107],[-79.05,46.37256],[-79.05109,46.37201],[-79.05427,46.37279],[-79.05925,46.37543],[-79.06142,46.37417],[-79.06425,46.37412],[-79.06741,46.37285],[-79.06904,46.3735],[-79.07209,46.37325],[-79.07447,46.37651],[-79.07244,46.37892],[-79.07541,46.3831],[-79.0804,46.3828],[-79.08151,46.37871],[-79.08275,46.37773],[-79.08689,46.37896],[-79.08873,46.38059],[-79.091,46.38046],[-79.09231,46.38316],[-79.09517,46.38227],[-79.0993,46.38536],[-79.1011,46.38567],[-79.10113,46.38706],[-79.09988,46.38822],[-79.10237,46.38906],[-79.1026,46.39005],[-79.10413,46.38962],[-79.10447,46.38783],[-79.10702,46.38755],[-79.10793,46.38934],[-79.11266,46.39272],[-79.115,46.39803],[-79.12017,46.40078],[-79.12004,46.4043],[-79.1178,46.4059],[-79.11639,46.40879],[-79.11835,46.40999],[-79.12125,46.40897],[-79.1188,46.41244],[-79.11991,46.41581],[-79.11663,46.41778],[-79.11789,46.42099],[-79.11529,46.42043],[-79.11023,46.42218],[-79.11106,46.42498],[-79.11201,46.42471],[-79.11505,46.42604],[-79.11451,46.42905],[-79.11144,46.43271],[-79.10811,46.43289],[-79.10676,46.43383],[-79.11211,46.43572],[-79.11553,46.44138],[-79.12097,46.44192],[-79.12215,46.44316],[-79.12468,46.44325],[-79.12619,46.44437],[-79.12637,46.44622],[-79.12928,46.44637],[-79.1303,46.4487],[-79.12901,46.45066],[-79.12915,46.45322],[-79.1336,46.45619],[-79.1357,46.46003],[-79.13941,46.45916],[-79.14483,46.46126],[-79.14606,46.45948],[-79.14909,46.45846],[-79.15382,46.46256],[-79.15593,46.46257],[-79.15995,46.46114],[-79.16154,46.46212],[-79.16421,46.46237],[-79.16988,46.46115],[-79.17116,46.46721],[-79.17379,46.46857],[-79.17266,46.46967],[-79.17354,46.47153],[-79.17246,46.4726],[-79.17583,46.47107],[-79.17843,46.47165],[-79.17905,46.4739],[-79.18362,46.47729],[-79.18406,46.47875],[-79.19008,46.48138],[-79.19152,46.48415],[-79.19608,46.48666],[-79.19609,46.48841],[-79.20039,46.48884],[-79.20286,46.48702],[-79.20993,46.48865],[-79.21878,46.48549],[-79.2199,46.48687],[-79.22019,46.49008],[-79.22447,46.4892],[-79.22687,46.4879],[-79.23196,46.48734],[-79.23478,46.48532],[-79.23392,46.48278],[-79.23529,46.48241],[-79.23773,46.48314],[-79.23933,46.48217],[-79.23993,46.48077],[-79.23916,46.47784],[-79.24284,46.47942],[-79.24541,46.47781],[-79.24434,46.47328],[-79.24446,46.47069],[-79.24536,46.46995],[-79.24903,46.47066],[-79.25094,46.46852],[-79.25235,46.46983],[-79.25529,46.47053],[-79.2596,46.47288],[-79.26598,46.47049],[-79.27788,46.46988],[-79.28707,46.46188],[-79.28699,46.45965],[-79.29381,46.46223],[-79.29625,46.46032],[-79.30334,46.46006],[-79.30713,46.46231],[-79.30799,46.46447],[-79.31274,46.46715],[-79.31266,46.46838],[-79.31052,46.47004],[-79.31538,46.47139],[-79.31473,46.47445],[-79.31817,46.47588],[-79.31873,46.47894],[-79.32349,46.48073],[-79.3245,46.48183],[-79.32445,46.48313],[-79.31979,46.48807],[-79.31981,46.48906],[-79.32098,46.48979],[-79.32579,46.48996],[-79.33243,46.48944],[-79.33187,46.48517],[-79.3375,46.48004],[-79.34164,46.48129],[-79.3443,46.47948],[-79.34556,46.47958],[-79.34694,46.48036],[-79.34803,46.48273],[-79.35133,46.48246],[-79.35187,46.48175],[-79.35007,46.47746],[-79.35124,46.47522],[-79.34996,46.47448],[-79.3499,46.47169],[-79.35175,46.46989],[-79.35138,46.46771],[-79.35384,46.46652],[-79.35769,46.46775],[-79.3594,46.46576],[-79.35935,46.46398],[-79.36209,46.46294],[-79.36001,46.46082],[-79.36052,46.45922],[-79.36322,46.45904],[-79.36609,46.45743],[-79.36938,46.45985],[-79.37306,46.45952],[-79.37417,46.46354],[-79.37971,46.46481],[-79.38197,46.46666],[-79.38102,46.47169],[-79.38237,46.47283],[-79.38217,46.47588],[-79.39015,46.48223],[-79.38987,46.48405],[-79.38081,46.4844],[-79.38055,46.48523],[-79.38302,46.48671],[-79.38593,46.4843],[-79.38898,46.48415],[-79.39112,46.48476],[-79.39167,46.48651],[-79.39498,46.48643],[-79.39852,46.48937],[-79.39755,46.49222],[-79.4005,46.49306],[-79.40035,46.49478],[-79.40223,46.49626],[-79.40223,46.49812],[-79.40585,46.49929],[-79.40893,46.49671],[-79.41531,46.49712],[-79.41822,46.50101],[-79.4242,46.50169],[-79.42691,46.50064],[-79.42923,46.49789],[-79.42458,46.49458],[-79.42028,46.49459],[-79.42066,46.49296],[-79.41937,46.48984],[-79.41328,46.49027],[-79.4127,46.4873],[-79.40863,46.48168],[-79.41222,46.47952],[-79.41801,46.47997],[-79.41748,46.47862],[-79.41902,46.47654],[-79.42589,46.47769],[-79.42608,46.47991],[-79.42993,46.48231],[-79.43755,46.48094],[-79.43818,46.48583],[-79.44438,46.48878],[-79.44789,46.48808],[-79.45072,46.48596],[-79.45439,46.48746],[-79.46143,46.48358],[-79.46251,46.48466],[-79.46469,46.4828],[-79.46634,46.4777],[-79.46134,46.47627],[-79.45985,46.47461],[-79.45981,46.47287],[-79.45064,46.47075],[-79.44987,46.46518],[-79.45158,46.46349],[-79.4482,46.46081],[-79.44837,46.45542],[-79.45169,46.45538],[-79.45407,46.45268],[-79.45394,46.44716],[-79.45209,46.44604],[-79.45609,46.44073],[-79.45956,46.44107],[-79.46193,46.43639],[-79.46723,46.43708],[-79.46906,46.43362],[-79.47117,46.43202],[-79.4789,46.43032],[-79.48415,46.43064],[-79.48654,46.43408],[-79.49173,46.4361],[-79.49282,46.43161],[-79.49531,46.42872],[-79.49974,46.42631],[-79.50267,46.42621],[-79.51163,46.42237],[-79.51126,46.41763],[-79.50951,46.41667],[-79.50501,46.41687],[-79.50444,46.41409],[-79.50621,46.4127],[-79.50675,46.40987],[-79.5091,46.41138],[-79.51189,46.41127],[-79.51303,46.40897],[-79.51596,46.40731],[-79.51578,46.40562],[-79.52307,46.40587],[-79.52616,46.40694],[-79.5273,46.40458],[-79.53398,46.40329],[-79.54135,46.40358],[-79.54795,46.40516],[-79.55033,46.40338],[-79.55348,46.40326],[-79.5547,46.4011],[-79.55358,46.40051],[-79.55522,46.39928],[-79.55568,46.39557],[-79.56078,46.39374],[-79.56651,46.39405],[-79.56989,46.39586],[-79.57079,46.3972],[-79.58118,46.40151],[-79.58218,46.40162],[-79.58302,46.40037],[-79.58458,46.40058],[-79.58968,46.3986],[-79.5952,46.4],[-79.59413,46.39794],[-79.59603,46.39529],[-79.60633,46.39094],[-79.60966,46.39085],[-79.61183,46.38884],[-79.61614,46.38771],[-79.61768,46.38387],[-79.62069,46.38273],[-79.62162,46.3812],[-79.62519,46.37954],[-79.62809,46.37685],[-79.62726,46.37321],[-79.62816,46.3725],[-79.62794,46.36668],[-79.6323,46.36376],[-79.63289,46.35971],[-79.62643,46.35907],[-79.62522,46.3566],[-79.62233,46.35464],[-79.62256,46.35207],[-79.6225,46.35206],[-79.61846,46.35007],[-79.61644,46.349],[-79.61413,46.34596],[-79.60406,46.34321],[-79.60114,46.3405],[-79.59735,46.3385],[-79.58357,46.33769],[-79.58173,46.33668],[-79.57493,46.33614],[-79.56975,46.33426],[-79.56246,46.33399],[-79.56022,46.33517],[-79.55795,46.33444],[-79.55556,46.33523],[-79.54953,46.33308],[-79.53405,46.33285],[-79.52339,46.32702],[-79.51671,46.33065],[-79.51502,46.33057],[-79.51002,46.32865],[-79.50363,46.32802],[-79.5011,46.325],[-79.49669,46.32306],[-79.49437,46.32362],[-79.4863,46.3222],[-79.47993,46.3182],[-79.47524,46.31726],[-79.47106,46.31313],[-79.47413,46.31186],[-79.4741,46.31131],[-79.47154,46.31282],[-79.46907,46.31136],[-79.4686,46.30945],[-79.46523,46.30639],[-79.46191,46.30031],[-79.45409,46.28344],[-79.45119,46.283],[-79.44648,46.27567],[-79.44389,46.26832],[-79.44409,46.26673],[-79.44586,46.26628],[-79.44326,46.26567],[-79.44182,46.26762],[-79.44105,46.26676],[-79.43828,46.26685],[-79.43421,46.26302],[-79.43439,46.26209],[-79.43347,46.26217],[-79.43297,46.261],[-79.4339,46.26035],[-79.43193,46.2608],[-79.4311,46.2601],[-79.43102,46.25716],[-79.42744,46.25648],[-79.42655,46.25537],[-79.42461,46.24856],[-79.42661,46.24698],[-79.42477,46.24691],[-79.42357,46.24602],[-79.42248,46.2436],[-79.42301,46.24243],[-79.42151,46.24033],[-79.42176,46.23751],[-79.42091,46.23716],[-79.4215,46.23115],[-79.42384,46.22817],[-79.42252,46.22803],[-79.41939,46.2253],[-79.41875,46.22591],[-79.41666,46.22483],[-79.41632,46.22541],[-79.4179,46.22615],[-79.41576,46.22554],[-79.41415,46.22665],[-79.4117,46.22523],[-79.41336,46.22353],[-79.41547,46.22449],[-79.4155,46.2219],[-79.41746,46.22188],[-79.41815,46.22103],[-79.41743,46.21988],[-79.42179,46.21961],[-79.4208,46.21761],[-79.41865,46.21761],[-79.42034,46.21846],[-79.41705,46.21864],[-79.41601,46.21799],[-79.41713,46.21723],[-79.41619,46.2173],[-79.41642,46.21648],[-79.41524,46.21584],[-79.40709,46.22034],[-79.4,46.22672],[-79.39621,46.22725],[-79.39284,46.22884],[-79.38217,46.2284],[-79.37903,46.22892],[-79.37392,46.22721],[-79.36927,46.2269],[-79.36703,46.22384],[-79.36867,46.22278],[-79.36819,46.22174],[-79.36929,46.22135],[-79.36878,46.2204],[-79.36864,46.22146],[-79.36679,46.2213],[-79.36646,46.22199],[-79.36603,46.22211],[-79.36516,46.22154],[-79.36377,46.21846],[-79.36452,46.21783],[-79.36379,46.2168],[-79.3647,46.21634],[-79.36426,46.2158],[-79.36268,46.21614],[-79.36202,46.21489],[-79.36076,46.21483],[-79.36018,46.21278],[-79.36066,46.21],[-79.36235,46.20889],[-79.3651,46.2088],[-79.36613,46.20965],[-79.36636,46.20893],[-79.36951,46.20829],[-79.36665,46.20663],[-79.36632,46.20757],[-79.36421,46.20749],[-79.36337,46.20642],[-79.36433,46.20436],[-79.36758,46.20452],[-79.36943,46.20144],[-79.37309,46.20078],[-79.37554,46.19892],[-79.37867,46.19796],[-79.38017,46.19822],[-79.38508,46.1963],[-79.3876,46.19707],[-79.38997,46.1958],[-79.39198,46.19603],[-79.39385,46.19532],[-79.39935,46.19578],[-79.40075,46.19734],[-79.40156,46.19656],[-79.40379,46.19746],[-79.4057,46.19725],[-79.40695,46.19792],[-79.40772,46.19999],[-79.41078,46.19924],[-79.41301,46.20004],[-79.41662,46.19912],[-79.41757,46.1982],[-79.42067,46.19899],[-79.42254,46.19614],[-79.42425,46.19552],[-79.42541,46.19603],[-79.42702,46.19552],[-79.42968,46.19677],[-79.43682,46.19496],[-79.44017,46.19532],[-79.44174,46.19705],[-79.44453,46.19684],[-79.44791,46.19942],[-79.45036,46.19865],[-79.45346,46.19906],[-79.45569,46.20102],[-79.46075,46.20302],[-79.46638,46.20344],[-79.46984,46.20291],[-79.47085,46.20248],[-79.47079,46.20065],[-79.47291,46.20059],[-79.47418,46.2021],[-79.47692,46.20239],[-79.47731,46.20318],[-79.48329,46.20355],[-79.48293,46.20578],[-79.48494,46.20666],[-79.48622,46.20694],[-79.48842,46.20604],[-79.48904,46.20672],[-79.48973,46.20613],[-79.49174,46.20841],[-79.4932,46.20859],[-79.49428,46.2079],[-79.49207,46.20647],[-79.49327,46.20381],[-79.49738,46.20451],[-79.49783,46.20535],[-79.49992,46.20401],[-79.50083,46.20557],[-79.50305,46.20391],[-79.50243,46.20148],[-79.50361,46.1989],[-79.50748,46.19833],[-79.50599,46.19633],[-79.50671,46.19513],[-79.50939,46.19353],[-79.51292,46.19446],[-79.51355,46.19374],[-79.51337,46.19271],[-79.51096,46.19195],[-79.51127,46.19124],[-79.50943,46.19126],[-79.50804,46.19006],[-79.50738,46.18829],[-79.51019,46.1862],[-79.5167,46.18761],[-79.51834,46.18625],[-79.5217,46.18702],[-79.52134,46.18569],[-79.52354,46.18419],[-79.52262,46.18314],[-79.52575,46.18332],[-79.52787,46.18456],[-79.52977,46.18354],[-79.53092,46.18403],[-79.53396,46.18212],[-79.53521,46.1823],[-79.53558,46.18357],[-79.53685,46.18313],[-79.537,46.18392],[-79.53783,46.18389],[-79.5367,46.18644],[-79.53878,46.18613],[-79.53884,46.18523],[-79.54094,46.18545],[-79.54075,46.18379],[-79.54194,46.18385],[-79.5425,46.18177],[-79.54381,46.18251],[-79.54722,46.18162],[-79.54834,46.18313],[-79.54903,46.18222],[-79.55017,46.18308],[-79.55204,46.18196],[-79.55141,46.18122],[-79.54803,46.18188],[-79.55009,46.18083],[-79.54854,46.18098],[-79.54868,46.18032],[-79.55072,46.1799],[-79.54756,46.17904],[-79.55212,46.17855],[-79.55242,46.17789],[-79.55062,46.17778],[-79.55165,46.1773],[-79.54799,46.17823],[-79.5486,46.177],[-79.54772,46.17701],[-79.5451,46.17891],[-79.54294,46.1781],[-79.54413,46.17629],[-79.54622,46.17582],[-79.54603,46.17453],[-79.54431,46.17464],[-79.54435,46.17402],[-79.54308,46.17384],[-79.54472,46.17361],[-79.54474,46.17239],[-79.54393,46.17055],[-79.54255,46.17042],[-79.54218,46.16882],[-79.53916,46.16935],[-79.53986,46.16771],[-79.53901,46.16528],[-79.54017,46.16448],[-79.54147,46.16467],[-79.53834,46.16321],[-79.53945,46.16242],[-79.54115,46.16301],[-79.5398,46.16218],[-79.54037,46.16149],[-79.54243,46.16208],[-79.53979,46.16029],[-79.54345,46.15886],[-79.54546,46.15947],[-79.54749,46.16186],[-79.54954,46.1613],[-79.54949,46.16033],[-79.545,46.15727],[-79.5457,46.15623],[-79.5433,46.15516],[-79.54377,46.15375],[-79.54292,46.154],[-79.54177,46.15233],[-79.53968,46.15127],[-79.5382,46.15238],[-79.53651,46.1504],[-79.53699,46.14995],[-79.53503,46.14888],[-79.53445,46.14676],[-79.53539,46.14694],[-79.53361,46.14531],[-79.53321,46.14304],[-79.53467,46.14079],[-79.53623,46.1421],[-79.53753,46.14181],[-79.53648,46.13693],[-79.53063,46.13159],[-79.53159,46.12962],[-79.53054,46.12825],[-79.5246,46.12531],[-79.52544,46.12539],[-79.52734,46.12253],[-79.52908,46.12284],[-79.52871,46.12095],[-79.53094,46.11984],[-79.53072,46.11913],[-79.53141,46.11975],[-79.53602,46.11988],[-79.5351,46.11681],[-79.53618,46.11701],[-79.53823,46.11949],[-79.54026,46.11879],[-79.54079,46.11691],[-79.54309,46.11681],[-79.54326,46.11569],[-79.54537,46.11758],[-79.54587,46.11626],[-79.54779,46.1175],[-79.54937,46.11742],[-79.55024,46.11677],[-79.5494,46.11392],[-79.55085,46.11585],[-79.55358,46.11691],[-79.55339,46.11771],[-79.55929,46.11725],[-79.55888,46.11828],[-79.55616,46.11779],[-79.55557,46.11832],[-79.55685,46.11997],[-79.56126,46.12071],[-79.55991,46.12134],[-79.56231,46.12274],[-79.55871,46.12254],[-79.55917,46.12517],[-79.56165,46.12651],[-79.56378,46.12659],[-79.56516,46.12785],[-79.56249,46.12856],[-79.56308,46.12926],[-79.5581,46.1286],[-79.55753,46.12808],[-79.55913,46.1278],[-79.55962,46.12684],[-79.55788,46.12565],[-79.55722,46.12323],[-79.55214,46.12211],[-79.54766,46.12311],[-79.54517,46.12262],[-79.54448,46.12324],[-79.54405,46.12243],[-79.54292,46.12388],[-79.53964,46.12234],[-79.53769,46.12353],[-79.53722,46.12484],[-79.54153,46.12766],[-79.54393,46.12799],[-79.54563,46.12717],[-79.54832,46.12985],[-79.54866,46.12892],[-79.55226,46.13019],[-79.55612,46.13022],[-79.55872,46.13158],[-79.55814,46.1304],[-79.56132,46.13088],[-79.56414,46.13318],[-79.56421,46.13411],[-79.56518,46.13367],[-79.56625,46.13418],[-79.56552,46.13138],[-79.5669,46.13024],[-79.56964,46.12988],[-79.5691,46.12896],[-79.57089,46.12756],[-79.57076,46.12671],[-79.57212,46.12643],[-79.56875,46.12563],[-79.56905,46.12402],[-79.56799,46.1231],[-79.56996,46.12371],[-79.56989,46.12493],[-79.5723,46.12468],[-79.57379,46.12527],[-79.57386,46.12529],[-79.57191,46.12265],[-79.57226,46.12157],[-79.57075,46.12068],[-79.57258,46.11937],[-79.57936,46.11922],[-79.58409,46.11749],[-79.58515,46.1156],[-79.58874,46.11535],[-79.59009,46.11596],[-79.59085,46.11513],[-79.59505,46.1143],[-79.59472,46.11088],[-79.58927,46.11056],[-79.58403,46.1094],[-79.58108,46.10792],[-79.58275,46.10534],[-79.58463,46.10536],[-79.58689,46.1065],[-79.59111,46.10618],[-79.59736,46.10204],[-79.59909,46.10173],[-79.59995,46.10015],[-79.60275,46.09873],[-79.61122,46.10197],[-79.61293,46.10106],[-79.61769,46.10169],[-79.61941,46.1013],[-79.62046,46.10209],[-79.62065,46.10423],[-79.62676,46.10379],[-79.63107,46.10085],[-79.63107,46.09948],[-79.63259,46.09965],[-79.63352,46.09862],[-79.63652,46.10067],[-79.6398,46.09997],[-79.63989,46.09601],[-79.64097,46.09525],[-79.64307,46.09494],[-79.64492,46.09573],[-79.64835,46.0958],[-79.65309,46.09547],[-79.65697,46.09432],[-79.66244,46.0945],[-79.6641,46.09376],[-79.66422,46.09214],[-79.66824,46.09181],[-79.66835,46.09042],[-79.66371,46.08663],[-79.66002,46.0854],[-79.65683,46.08241],[-79.65411,46.0823],[-79.65242,46.08024],[-79.6525,46.07878],[-79.64802,46.07533],[-79.64175,46.07229],[-79.64007,46.06917],[-79.63565,46.06754],[-79.63482,46.06585],[-79.63026,46.06812],[-79.63162,46.07026],[-79.63123,46.07304],[-79.62616,46.07516],[-79.61642,46.07507],[-79.61333,46.07433],[-79.60854,46.07551],[-79.60188,46.07154],[-79.59578,46.07296],[-79.59599,46.07055],[-79.59794,46.07012],[-79.59889,46.06667],[-79.59667,46.06332],[-79.59858,46.05717],[-79.59565,46.05471],[-79.58925,46.0546],[-79.58741,46.05318],[-79.58724,46.0505],[-79.58428,46.04834],[-79.57873,46.05406],[-79.57503,46.05597],[-79.57215,46.05601],[-79.56668,46.05031],[-79.56307,46.04893],[-79.55714,46.04858],[-79.54811,46.04509],[-79.53965,46.04537],[-79.5368,46.0469],[-79.53514,46.0461],[-79.53788,46.04593],[-79.54342,46.04223],[-79.54581,46.03735],[-79.54967,46.03647],[-79.55263,46.03693],[-79.55325,46.03438],[-79.55625,46.03335],[-79.55752,46.03375],[-79.5583,46.0329],[-79.55823,46.02964],[-79.5561,46.02833],[-79.55297,46.02783],[-79.55561,46.02765],[-79.5577,46.02659],[-79.55684,46.02469],[-79.55863,46.02305],[-79.55859,46.01923],[-79.56124,46.01921],[-79.56561,46.0207],[-79.56688,46.02185],[-79.56942,46.02155],[-79.57024,46.01966],[-79.56703,46.01567],[-79.56333,46.01587],[-79.5611,46.01311],[-79.56324,46.01245],[-79.56289,46.01026],[-79.56386,46.00874],[-79.56149,46.0072],[-79.56101,46.00522],[-79.56241,46.00424],[-79.56503,46.00393],[-79.56472,46.00042],[-79.56727,45.99811],[-79.56669,45.99751],[-79.56026,45.99811],[-79.56069,46.00046],[-79.55851,46.00133],[-79.55678,46.00319],[-79.55198,46.00219],[-79.55295,46.00105],[-79.55158,45.99999],[-79.54519,45.99896],[-79.54184,45.99973],[-79.54168,45.99699],[-79.53853,45.99549],[-79.53846,45.99289],[-79.53692,45.99172],[-79.53377,45.99091],[-79.5304,45.99133],[-79.52989,45.99077],[-79.52754,45.99085],[-79.52814,45.98873],[-79.53016,45.98836],[-79.53088,45.98688],[-79.53022,45.9852],[-79.5318,45.98178],[-79.53021,45.97766],[-79.5345,45.97519],[-79.53266,45.97372],[-79.53182,45.97031],[-79.52969,45.9675],[-79.52536,45.96709],[-79.52351,45.96833],[-79.5236,45.97003],[-79.52117,45.97084],[-79.5172,45.96678],[-79.51409,45.96552],[-79.51618,45.96345],[-79.51622,45.95983],[-79.51926,45.95675],[-79.51881,45.9521],[-79.51648,45.94986],[-79.51697,45.94706],[-79.51453,45.9449],[-79.51462,45.94217],[-79.51652,45.94054],[-79.51014,45.93778],[-79.50966,45.93314],[-79.50993,45.93217],[-79.51562,45.92813],[-79.51782,45.92258],[-79.52073,45.92082],[-79.5211,45.91822],[-79.51741,45.91044],[-79.51424,45.9086],[-79.50809,45.90841],[-79.50429,45.90584],[-79.50198,45.89838],[-79.49883,45.89652],[-79.49598,45.89682],[-79.49789,45.89319],[-79.4933,45.89305],[-79.49151,45.89387],[-79.49131,45.89526],[-79.48665,45.89307],[-79.48969,45.89255],[-79.49183,45.89126],[-79.49213,45.88615],[-79.49384,45.88464],[-79.48815,45.8867],[-79.48394,45.8872],[-79.48291,45.88536],[-79.47675,45.88473],[-79.47564,45.88226],[-79.47356,45.88145],[-79.46894,45.88172],[-79.46438,45.88346],[-79.46183,45.88668],[-79.46078,45.8857],[-79.45778,45.88693],[-79.45276,45.88613],[-79.45169,45.88755],[-79.44932,45.8885],[-79.44981,45.89104],[-79.44609,45.89143],[-79.44667,45.88328],[-79.44544,45.88108],[-79.44777,45.88174],[-79.44989,45.88147],[-79.45145,45.87609],[-79.45514,45.87454],[-79.46304,45.87421],[-79.46631,45.87477],[-79.46841,45.87326],[-79.46759,45.87239],[-79.46816,45.86931],[-79.47054,45.86866],[-79.472,45.86549],[-79.4718,45.86259],[-79.47052,45.8616],[-79.47309,45.86151],[-79.47791,45.85932],[-79.48292,45.85966],[-79.48865,45.85556],[-79.48773,45.85414],[-79.48413,45.85412],[-79.48145,45.853],[-79.48012,45.85152],[-79.47898,45.85157],[-79.47807,45.8498],[-79.47063,45.84492],[-79.468,45.84156],[-79.46407,45.84155],[-79.46382,45.84022],[-79.46153,45.83895],[-79.46734,45.8372],[-79.46733,45.83348],[-79.46296,45.83294],[-79.46126,45.83054],[-79.46346,45.82837],[-79.46494,45.82163],[-79.4624,45.81918],[-79.45888,45.81961],[-79.45715,45.81901],[-79.45483,45.81386],[-79.44671,45.81267],[-79.44273,45.81377],[-79.43957,45.81237],[-79.43507,45.81223],[-79.43328,45.81088],[-79.43089,45.81066],[-79.42753,45.80791],[-79.41749,45.80935],[-79.41677,45.81085],[-79.4132,45.81243],[-79.41036,45.81092],[-79.40875,45.81089],[-79.40544,45.81419],[-79.40419,45.81425],[-79.40206,45.81147],[-79.39924,45.8104],[-79.39562,45.81107],[-79.3944,45.81257],[-79.39202,45.81342],[-79.39121,45.81284],[-79.39203,45.81172],[-79.39047,45.80991],[-79.39054,45.80761],[-79.38714,45.80994],[-79.38332,45.80946],[-79.38172,45.81179],[-79.37978,45.81117],[-79.37901,45.8098],[-79.37729,45.81031],[-79.37634,45.81366],[-79.37436,45.8155],[-79.3709,45.81325],[-79.36908,45.81334],[-79.36789,45.81192],[-79.36426,45.81175],[-79.36309,45.81301],[-79.3608,45.81328],[-79.35629,45.81577],[-79.35441,45.81786],[-79.34865,45.81889],[-79.3475,45.81852],[-79.34397,45.82032],[-79.34181,45.81963],[-79.33972,45.81601],[-79.33755,45.81547],[-79.33707,45.81687],[-79.33551,45.81763],[-79.3289,45.81809],[-79.32554,45.82142],[-79.33061,45.82346],[-79.33053,45.824],[-79.32452,45.82261],[-79.32111,45.82432],[-79.32002,45.82377],[-79.32132,45.82199],[-79.32037,45.8204],[-79.32345,45.81729],[-79.31993,45.81395],[-79.31801,45.81489],[-79.31494,45.81496],[-79.31238,45.81677],[-79.30776,45.8168],[-79.30579,45.81793],[-79.30324,45.81819],[-79.30096,45.81984],[-79.29843,45.81812],[-79.29448,45.81772],[-79.29333,45.81661],[-79.29077,45.81626],[-79.29087,45.81359],[-79.2891,45.8115],[-79.2862,45.81182],[-79.28465,45.81327],[-79.28321,45.81264],[-79.27985,45.81269],[-79.2788,45.81171],[-79.27673,45.81142],[-79.27633,45.81019],[-79.27039,45.80994],[-79.2692,45.81073],[-79.26973,45.81273],[-79.26711,45.81712],[-79.26384,45.81887],[-79.26253,45.82187],[-79.26138,45.82232],[-79.26093,45.82465],[-79.25877,45.82532],[-79.2585,45.82693],[-79.25475,45.82989],[-79.25476,45.83257],[-79.25281,45.83345],[-79.25174,45.83552],[-79.25002,45.83675],[-79.24579,45.83641],[-79.24154,45.83894],[-79.23959,45.83833],[-79.23846,45.83879],[-79.23752,45.84032],[-79.23287,45.84272],[-79.23056,45.84554],[-79.23157,45.84632],[-79.23162,45.84806],[-79.22866,45.84968],[-79.22632,45.8499],[-79.22419,45.85222],[-79.22019,45.85081],[-79.21819,45.85094],[-79.2145,45.84803],[-79.21351,45.84891],[-79.20905,45.84971],[-79.19523,45.85452],[-79.19338,45.85593],[-79.19261,45.85841],[-79.19076,45.85862],[-79.18882,45.86025],[-79.18677,45.86019],[-79.18603,45.86087],[-79.18132,45.86029],[-79.17878,45.8623],[-79.1762,45.86299],[-79.17664,45.86626],[-79.17269,45.86825],[-79.1699,45.86859],[-79.16892,45.86649],[-79.1665,45.86971],[-79.1636,45.87063],[-79.16042,45.87113],[-79.15863,45.86885],[-79.15069,45.87112],[-79.15156,45.86918],[-79.14992,45.86751],[-79.15094,45.8639],[-79.14548,45.86208],[-79.14398,45.85961],[-79.14573,45.85747],[-79.14829,45.85612],[-79.15102,45.85769],[-79.15395,45.85712],[-79.15454,45.85581],[-79.15642,45.85515],[-79.15708,45.85085],[-79.16246,45.85027],[-79.16751,45.84687],[-79.17451,45.84637],[-79.17607,45.84547],[-79.17583,45.84312],[-79.17354,45.84271],[-79.17358,45.84149],[-79.17113,45.83851],[-79.16737,45.83851],[-79.16606,45.83784],[-79.16417,45.83841],[-79.16137,45.83669],[-79.1566,45.8386],[-79.15554,45.84032],[-79.1526,45.84186],[-79.14888,45.84143],[-79.1467,45.84021],[-79.14277,45.84258],[-79.14015,45.84277],[-79.13576,45.84026],[-79.13188,45.84031],[-79.12593,45.84205],[-79.12294,45.84374],[-79.12096,45.84319],[-79.11937,45.84397],[-79.11472,45.84266],[-79.11534,45.84156],[-79.11463,45.8408],[-79.11032,45.83875],[-79.10527,45.84083],[-79.10331,45.83943],[-79.10285,45.83678],[-79.09918,45.83391],[-79.09051,45.83467],[-79.08495,45.83644],[-79.08396,45.83521],[-79.07738,45.83536],[-79.07662,45.83386],[-79.07408,45.83389],[-79.07356,45.83171],[-79.0721,45.83185],[-79.06853,45.82985],[-79.0679,45.82812],[-79.07361,45.82517],[-79.0788,45.82492],[-79.08254,45.82259],[-79.08754,45.82184],[-79.08942,45.81989],[-79.08905,45.81441],[-79.08795,45.81302],[-79.08589,45.81278],[-79.08488,45.81426],[-79.08087,45.81565],[-79.07627,45.81534],[-79.07454,45.81783],[-79.06945,45.81886],[-79.06732,45.8184],[-79.06528,45.81689],[-79.06105,45.81762],[-79.059,45.81628],[-79.05537,45.81723],[-79.05129,45.81699],[-79.05048,45.81559],[-79.04722,45.81521],[-79.04547,45.81715],[-79.04333,45.81716],[-79.04097,45.81595],[-79.03487,45.81527],[-79.03476,45.81235],[-79.03318,45.81156],[-79.0359,45.80922],[-79.03422,45.80806],[-79.03271,45.80414],[-79.03143,45.80314],[-79.0269,45.80398],[-79.02304,45.80267],[-79.0186,45.80276],[-79.02128,45.8003],[-79.02478,45.80047],[-79.02802,45.79934],[-79.03319,45.7996],[-79.03541,45.80121],[-79.0401,45.80149],[-79.04516,45.79936],[-79.04583,45.79537],[-79.04886,45.7934],[-79.04593,45.79085],[-79.04311,45.79071],[-79.04344,45.78883],[-79.03932,45.78897],[-79.03685,45.78691],[-79.03325,45.78798],[-79.03038,45.78722],[-79.02196,45.78947],[-79.01828,45.78823],[-79.00911,45.7921],[-79.00203,45.79206],[-78.99835,45.79512],[-78.98938,45.79328],[-78.98558,45.79533],[-78.98805,45.79681],[-78.98725,45.79938],[-78.98923,45.80127],[-78.98741,45.80254],[-78.98174,45.804],[-78.98109,45.80582],[-78.98338,45.80728],[-78.9872,45.80764],[-78.99091,45.80903],[-78.99557,45.81191],[-78.9963,45.81384],[-78.99166,45.81622],[-78.99052,45.81544],[-78.98602,45.81499],[-78.98031,45.8187],[-78.98433,45.81947],[-78.98798,45.82372],[-78.99055,45.82394],[-78.9923,45.82634],[-78.99479,45.82715],[-78.99862,45.82656],[-78.99966,45.82798],[-79.00186,45.82853],[-79.00462,45.82816],[-79.00602,45.83042],[-79.01401,45.82845],[-79.01485,45.83102],[-79.01258,45.83462],[-79.00072,45.83596],[-78.99386,45.83766],[-78.99048,45.83924],[-78.98919,45.84179],[-78.98546,45.8434],[-78.9828,45.8456],[-78.97811,45.84603],[-78.97632,45.8473],[-78.97169,45.84805],[-78.96955,45.84934],[-78.96494,45.84956],[-78.96152,45.85088],[-78.96148,45.85274],[-78.95979,45.85399],[-78.95816,45.85765],[-78.9696,45.86358],[-78.97134,45.86316],[-78.97664,45.86381],[-78.97713,45.86641],[-78.97972,45.86863],[-78.9777,45.87039],[-78.97829,45.8723],[-78.97657,45.87377],[-78.97782,45.87616],[-78.97384,45.87835],[-78.97198,45.88124],[-78.9698,45.88057],[-78.96794,45.88102],[-78.96523,45.87877],[-78.96518,45.87749],[-78.96339,45.87585],[-78.96531,45.87448],[-78.96313,45.87299],[-78.95729,45.87541],[-78.95447,45.87482],[-78.95642,45.87269],[-78.95374,45.87011],[-78.947,45.87247],[-78.94475,45.87498],[-78.93939,45.87751],[-78.93707,45.88005],[-78.931,45.88243],[-78.93193,45.88496],[-78.92895,45.88581],[-78.92507,45.88869],[-78.92209,45.88921],[-78.9156,45.88754],[-78.91415,45.88814],[-78.91388,45.89034],[-78.90955,45.89126],[-78.90883,45.88923],[-78.90751,45.88879],[-78.90176,45.88983],[-78.90006,45.89099],[-78.89496,45.89106],[-78.89078,45.89005],[-78.89034,45.8892],[-78.89645,45.88889],[-78.89935,45.88653],[-78.89818,45.88576],[-78.89494,45.88599],[-78.89353,45.88429],[-78.89037,45.88363],[-78.89319,45.88066],[-78.89289,45.87856],[-78.89436,45.87726],[-78.89613,45.87034],[-78.89393,45.86858],[-78.89017,45.86946],[-78.8881,45.87051],[-78.88806,45.87217],[-78.88292,45.8767],[-78.88264,45.87836],[-78.88075,45.87926],[-78.8702,45.87935],[-78.86763,45.88051],[-78.86597,45.88382],[-78.86255,45.88609],[-78.85892,45.88555],[-78.85536,45.88654],[-78.85314,45.88607],[-78.85,45.88823],[-78.84894,45.89056],[-78.85071,45.89195],[-78.851,45.89447],[-78.8524,45.89515],[-78.84996,45.89607],[-78.84746,45.9018],[-78.85036,45.90131],[-78.85642,45.90496],[-78.85337,45.90607],[-78.8521,45.90755],[-78.84935,45.90758],[-78.84844,45.91067],[-78.84504,45.91094],[-78.84096,45.9097],[-78.83776,45.91014],[-78.83719,45.90912],[-78.82747,45.9074],[-78.82649,45.90586],[-78.82355,45.90509],[-78.82069,45.90484],[-78.81717,45.90613],[-78.81538,45.90593],[-78.81477,45.90371],[-78.81235,45.90294],[-78.80499,45.90511],[-78.80497,45.90815],[-78.7996,45.91132],[-78.79975,45.91407],[-78.79664,45.91487],[-78.79489,45.91422],[-78.79132,45.91473],[-78.78248,45.91803],[-78.77866,45.9237],[-78.78202,45.9256],[-78.78516,45.92616],[-78.78528,45.92839],[-78.78368,45.92937],[-78.78408,45.93024],[-78.78628,45.93032],[-78.7924,45.93303],[-78.79825,45.93332],[-78.79343,45.93718],[-78.78764,45.93652],[-78.78296,45.93365],[-78.78014,45.93491],[-78.78087,45.93905],[-78.77963,45.94088],[-78.78347,45.94292],[-78.78214,45.945],[-78.78051,45.94593],[-78.77738,45.94436],[-78.7732,45.94627],[-78.77293,45.94829],[-78.77149,45.94976],[-78.77261,45.95151],[-78.77232,45.95599],[-78.76485,45.95743],[-78.76427,45.95895],[-78.75943,45.96195],[-78.75754,45.96231],[-78.75576,45.96433],[-78.75312,45.96462],[-78.75155,45.96381],[-78.74982,45.96393],[-78.74858,45.96661],[-78.74869,45.96999],[-78.75268,45.9707],[-78.75323,45.97218],[-78.74909,45.97553],[-78.74474,45.97557],[-78.74356,45.97691],[-78.73743,45.97842],[-78.73428,45.97774],[-78.73169,45.97881],[-78.72474,45.97682],[-78.72147,45.97988],[-78.71616,45.97902],[-78.71509,45.98027],[-78.71156,45.98045],[-78.70953,45.97944],[-78.70589,45.98283],[-78.70241,45.98379],[-78.69776,45.98684],[-78.69827,45.98897],[-78.696,45.9924],[-78.69323,45.9936],[-78.69315,45.99571],[-78.694,45.99639],[-78.69285,45.99737],[-78.6934,45.99891],[-78.69023,46.001],[-78.68682,46.00091],[-78.68472,46.00394],[-78.68273,46.0037],[-78.68184,46.00244],[-78.68063,46.0032],[-78.67074,46.00406],[-78.66961,46.00323],[-78.66952,46.0011],[-78.66628,45.9996],[-78.66067,46.00045],[-78.65669,45.99774],[-78.65129,45.99865],[-78.64771,45.99699],[-78.64689,45.99731],[-78.64802,45.99843],[-78.64711,45.99974],[-78.6419,45.9998],[-78.63971,46.00198],[-78.64303,46.01164],[-78.63832,46.01664],[-78.63832,46.01892],[-78.6398,46.0202],[-78.64343,46.0191],[-78.64581,46.02026],[-78.64677,46.02208],[-78.64606,46.02333],[-78.6523,46.02868],[-78.65475,46.02952],[-78.66007,46.02899],[-78.66529,46.03055],[-78.66645,46.03185],[-78.66597,46.03342],[-78.66695,46.03575],[-78.66883,46.03653],[-78.66962,46.0389],[-78.67384,46.03997],[-78.68022,46.03997],[-78.68672,46.0438],[-78.68995,46.04095],[-78.69448,46.03957],[-78.70511,46.03832],[-78.70867,46.04051],[-78.70756,46.04223],[-78.71016,46.0448],[-78.71807,46.04512],[-78.72188,46.04365],[-78.7221,46.04605],[-78.72393,46.04848],[-78.73175,46.04871],[-78.73409,46.04813],[-78.73477,46.05047],[-78.73327,46.05231],[-78.73602,46.05431],[-78.74477,46.056],[-78.75267,46.05473],[-78.7585,46.05737],[-78.75898,46.05951],[-78.75808,46.06154],[-78.75242,46.06514],[-78.74551,46.06451],[-78.73832,46.06763],[-78.74319,46.07201],[-78.74121,46.07885],[-78.74374,46.08038],[-78.74636,46.08059],[-78.74905,46.08337],[-78.75246,46.08393],[-78.75458,46.0856],[-78.75653,46.08563],[-78.75808,46.08671],[-78.7592,46.08913],[-78.75866,46.08988],[-78.76047,46.09101],[-78.76189,46.09407],[-78.7679,46.0975],[-78.77069,46.10031],[-78.77073,46.1014],[-78.76798,46.1017],[-78.76612,46.10279],[-78.76308,46.10253],[-78.76176,46.10379],[-78.75767,46.10495],[-78.75851,46.10682],[-78.7618,46.10882],[-78.75889,46.11074],[-78.75601,46.10995],[-78.75416,46.11153],[-78.75133,46.11168],[-78.74928,46.11062],[-78.74748,46.10891],[-78.75015,46.10709],[-78.74769,46.10562],[-78.74292,46.10449],[-78.73981,46.10597],[-78.73955,46.10747],[-78.73744,46.10876],[-78.7327,46.10963],[-78.73127,46.11326],[-78.73249,46.11509],[-78.72819,46.11534],[-78.72673,46.11469],[-78.72255,46.11531],[-78.7233,46.11272],[-78.71936,46.11154],[-78.71651,46.10948],[-78.71376,46.10909],[-78.71071,46.10612],[-78.70747,46.10439],[-78.70715,46.10591],[-78.70221,46.10868],[-78.70255,46.11048],[-78.70137,46.11231],[-78.69816,46.11439],[-78.69549,46.11465],[-78.69461,46.11966],[-78.69295,46.12094],[-78.69353,46.12434],[-78.69489,46.12551],[-78.69476,46.1271],[-78.69839,46.12803],[-78.69941,46.12942],[-78.69586,46.13069],[-78.69608,46.13492],[-78.69409,46.13643],[-78.69664,46.13969],[-78.69266,46.14028],[-78.69152,46.14324],[-78.6901,46.14377],[-78.68999,46.14578],[-78.69341,46.14852],[-78.69251,46.15082],[-78.69764,46.15449],[-78.70121,46.15547],[-78.70199,46.15767],[-78.70405,46.15854],[-78.70366,46.15955],[-78.70498,46.16175],[-78.70888,46.16278],[-78.71041,46.16595],[-78.70707,46.1662],[-78.70142,46.16794],[-78.69833,46.16639],[-78.69596,46.16627],[-78.6913,46.16171],[-78.68887,46.16056],[-78.68635,46.16122],[-78.68442,46.16435],[-78.67842,46.1635],[-78.67852,46.16815],[-78.67724,46.16752],[-78.67074,46.16732],[-78.66958,46.16466],[-78.66747,46.16408],[-78.66518,46.16612],[-78.66087,46.16746],[-78.65578,46.16611],[-78.65149,46.17193],[-78.64851,46.17125],[-78.64467,46.17268],[-78.64051,46.17061],[-78.63653,46.17273],[-78.6288,46.17406],[-78.62497,46.16791],[-78.61701,46.16517],[-78.61678,46.16414],[-78.61899,46.16245],[-78.61694,46.16093],[-78.60924,46.15787],[-78.60665,46.15932],[-78.60516,46.1593],[-78.60134,46.15631],[-78.59569,46.15605],[-78.59364,46.15471],[-78.59158,46.15535],[-78.59204,46.15613],[-78.59077,46.15715],[-78.58695,46.15801],[-78.58316,46.15638],[-78.57982,46.15709],[-78.58204,46.15913],[-78.58111,46.16048],[-78.57931,46.16094],[-78.57846,46.16319],[-78.57668,46.16335],[-78.57899,46.16427],[-78.58035,46.16885],[-78.57809,46.17236],[-78.58048,46.1735],[-78.58075,46.17534],[-78.58185,46.17611],[-78.58863,46.17613],[-78.59314,46.17761],[-78.5958,46.1765],[-78.5983,46.17835],[-78.59885,46.18177],[-78.60058,46.1837],[-78.60451,46.18454],[-78.6043,46.18728],[-78.60618,46.19078],[-78.60353,46.19296],[-78.60648,46.19416],[-78.60684,46.19568],[-78.60842,46.19686],[-78.60825,46.19928],[-78.60577,46.2009],[-78.60629,46.20236],[-78.60295,46.20725],[-78.60366,46.20807],[-78.60975,46.20465],[-78.61393,46.20539],[-78.61562,46.20444],[-78.6176,46.20507],[-78.62059,46.2045],[-78.6258,46.20583],[-78.62755,46.20507],[-78.62845,46.20294],[-78.62962,46.20269],[-78.63353,46.20409],[-78.63406,46.2061],[-78.63615,46.20788],[-78.63908,46.20834],[-78.63523,46.21212],[-78.63099,46.21383],[-78.62887,46.21374],[-78.62384,46.21667],[-78.625,46.21823],[-78.62757,46.21929],[-78.62958,46.22308],[-78.62865,46.22403],[-78.62514,46.22407],[-78.62421,46.22561],[-78.62125,46.22605],[-78.62207,46.22771],[-78.61935,46.22899],[-78.61887,46.23049],[-78.61668,46.23205],[-78.61998,46.23497],[-78.61994,46.23657],[-78.61898,46.23735],[-78.61481,46.23781],[-78.61252,46.2415],[-78.61277,46.2437],[-78.61897,46.24813],[-78.61877,46.25115],[-78.616,46.25289],[-78.61455,46.25706],[-78.61795,46.25867],[-78.6205,46.26242],[-78.62444,46.26386],[-78.62641,46.26685],[-78.62625,46.26958],[-78.63207,46.27286],[-78.63348,46.27543],[-78.6366,46.27584],[-78.63721,46.27894],[-78.63965,46.27918],[-78.64151,46.2819],[-78.6395,46.28741],[-78.6405,46.28833],[-78.64254,46.28812],[-78.64457,46.29227],[-78.63559,46.2994],[-78.63854,46.30022],[-78.6468,46.29911],[-78.65131,46.29594],[-78.65338,46.29292],[-78.66038,46.29036],[-78.66404,46.29148],[-78.66639,46.29414],[-78.67157,46.29714],[-78.67552,46.2971],[-78.67717,46.29808],[-78.67877,46.29666],[-78.68111,46.29632],[-78.68324,46.29934],[-78.6868,46.29885],[-78.68897,46.29757],[-78.69404,46.29749],[-78.69993,46.30177],[-78.70177,46.30615],[-78.70691,46.30621],[-78.70879,46.30752],[-78.70651,46.31231],[-78.70291,46.3141],[-78.70454,46.31931],[-78.70654,46.32224],[-78.71111,46.31956],[-78.71516,46.32033],[-78.7168,46.32144],[-78.72126,46.32194],[-78.72806,46.31975]]]}},{"type":"Feature","properties":{"OGF_ID":60000308},"geometry":{"type":"Polygon","coordinates":[[[-79.61846,46.35007],[-79.6225,46.35206],[-79.62256,46.35207],[-79.62233,46.33885],[-79.61365,46.33643],[-79.60732,46.33232],[-79.60161,46.32977],[-79.58704,46.32841],[-79.5723,46.32544],[-79.5623,46.32497],[-79.55663,46.32543],[-79.55249,46.32432],[-79.53847,46.32373],[-79.53231,46.32015],[-79.52603,46.31807],[-79.52182,46.31802],[-79.51442,46.32014],[-79.5114,46.31966],[-79.5048,46.31582],[-79.49937,46.31422],[-79.49276,46.31398],[-79.48688,46.31046],[-79.48372,46.30523],[-79.47701,46.30242],[-79.46726,46.28352],[-79.46692,46.28095],[-79.46448,46.27785],[-79.461,46.27586],[-79.45786,46.27029],[-79.45882,46.26648],[-79.45758,46.26234],[-79.45111,46.25762],[-79.44611,46.25668],[-79.43916,46.24986],[-79.43935,46.24479],[-79.43559,46.24033],[-79.43472,46.23741],[-79.43477,46.23403],[-79.43693,46.22806],[-79.43542,46.22416],[-79.43752,46.22328],[-79.44096,46.21985],[-79.44188,46.21796],[-79.44182,46.21348],[-79.44425,46.21092],[-79.44481,46.20839],[-79.44875,46.20854],[-79.45822,46.21178],[-79.46804,46.21229],[-79.47242,46.21163],[-79.4759,46.21341],[-79.48744,46.21701],[-79.4977,46.2172],[-79.50968,46.21212],[-79.51422,46.20873],[-79.51594,46.20546],[-79.5189,46.20259],[-79.52272,46.20031],[-79.52618,46.19562],[-79.52934,46.1941],[-79.53448,46.19538],[-79.54282,46.19473],[-79.5495,46.19212],[-79.55519,46.19146],[-79.56249,46.18742],[-79.56491,46.18353],[-79.56555,46.17692],[-79.564,46.17361],[-79.5567,46.16884],[-79.5614,46.16491],[-79.56245,46.16219],[-79.56227,46.15886],[-79.56489,46.158],[-79.5728,46.15105],[-79.58461,46.14444],[-79.57386,46.12529],[-79.57379,46.12527],[-79.5723,46.12468],[-79.56989,46.12493],[-79.56996,46.12371],[-79.56799,46.1231],[-79.56905,46.12402],[-79.56875,46.12563],[-79.57212,46.12643],[-79.57076,46.12671],[-79.57089,46.12756],[-79.5691,46.12896],[-79.56964,46.12988],[-79.5669,46.13024],[-79.56552,46.13138],[-79.56625,46.13418],[-79.56518,46.13367],[-79.56421,46.13411],[-79.56414,46.13318],[-79.56132,46.13088],[-79.55814,46.1304],[-79.55872,46.13158],[-79.55612,46.13022],[-79.55226,46.13019],[-79.54866,46.12892],[-79.54832,46.12985],[-79.54563,46.12717],[-79.54393,46.12799],[-79.54153,46.12766],[-79.53722,46.12484],[-79.53769,46.12353],[-79.53964,46.12234],[-79.54292,46.12388],[-79.54405,46.12243],[-79.54448,46.12324],[-79.54517,46.12262],[-79.54766,46.12311],[-79.55214,46.12211],[-79.55722,46.12323],[-79.55788,46.12565],[-79.55962,46.12684],[-79.55913,46.1278],[-79.55753,46.12808],[-79.5581,46.1286],[-79.56308,46.12926],[-79.56249,46.12856],[-79.56516,46.12785],[-79.56378,46.12659],[-79.56165,46.12651],[-79.55917,46.12517],[-79.55871,46.12254],[-79.56231,46.12274],[-79.55991,46.12134],[-79.56126,46.12071],[-79.55685,46.11997],[-79.55557,46.11832],[-79.55616,46.11779],[-79.55888,46.11828],[-79.55929,46.11725],[-79.55339,46.11771],[-79.55358,46.11691],[-79.55085,46.11585],[-79.5494,46.11392],[-79.55024,46.11677],[-79.54937,46.11742],[-79.54779,46.1175],[-79.54587,46.11626],[-79.54537,46.11758],[-79.54326,46.11569],[-79.54309,46.11681],[-79.54079,46.11691],[-79.54026,46.11879],[-79.53823,46.11949],[-79.53618,46.11701],[-79.5351,46.11681],[-79.53602,46.11988],[-79.53141,46.11975],[-79.53072,46.11913],[-79.53094,46.11984],[-79.52871,46.12095],[-79.52908,46.12284],[-79.52734,46.12253],[-79.52544,46.12539],[-79.5246,46.12531],[-79.53054,46.12825],[-79.53159,46.12962],[-79.53063,46.13159],[-79.53648,46.13693],[-79.53753,46.14181],[-79.53623,46.1421],[-79.53467,46.14079],[-79.53321,46.14304],[-79.53361,46.14531],[-79.53539,46.14694],[-79.53445,46.14676],[-79.53503,46.14888],[-79.53699,46.14995],[-79.53651,46.1504],[-79.5382,46.15238],[-79.53968,46.15127],[-79.54177,46.15233],[-79.54292,46.154],[-79.54377,46.15375],[-79.5433,46.15516],[-79.5457,46.15623],[-79.545,46.15727],[-79.54949,46.16033],[-79.54954,46.1613],[-79.54749,46.16186],[-79.54546,46.15947],[-79.54345,46.15886],[-79.53979,46.16029],[-79.54243,46.16208],[-79.54037,46.16149],[-79.5398,46.16218],[-79.54115,46.16301],[-79.53945,46.16242],[-79.53834,46.16321],[-79.54147,46.16467],[-79.54017,46.16448],[-79.53901,46.16528],[-79.53986,46.16771],[-79.53916,46.16935],[-79.54218,46.16882],[-79.54255,46.17042],[-79.54393,46.17055],[-79.54474,46.17239],[-79.54472,46.17361],[-79.54308,46.17384],[-79.54435,46.17402],[-79.54431,46.17464],[-79.54603,46.17453],[-79.54622,46.17582],[-79.54413,46.17629],[-79.54294,46.1781],[-79.5451,46.17891],[-79.54772,46.17701],[-79.5486,46.177],[-79.54799,46.17823],[-79.55165,46.1773],[-79.55062,46.17778],[-79.55242,46.17789],[-79.55212,46.17855],[-79.54756,46.17904],[-79.55072,46.1799],[-79.54868,46.18032],[-79.54854,46.18098],[-79.55009,46.18083],[-79.54803,46.18188],[-79.55141,46.18122],[-79.55204,46.18196],[-79.55017,46.18308],[-79.54903,46.18222],[-79.54834,46.18313],[-79.54722,46.18162],[-79.54381,46.18251],[-79.5425,46.18177],[-79.54194,46.18385],[-79.54075,46.18379],[-79.54094,46.18545],[-79.53884,46.18523],[-79.53878,46.18613],[-79.5367,46.18644],[-79.53783,46.18389],[-79.537,46.18392],[-79.53685,46.18313],[-79.53558,46.18357],[-79.53521,46.1823],[-79.53396,46.18212],[-79.53092,46.18403],[-79.52977,46.18354],[-79.52787,46.18456],[-79.52575,46.18332],[-79.52262,46.18314],[-79.52354,46.18419],[-79.52134,46.18569],[-79.5217,46.18702],[-79.51834,46.18625],[-79.5167,46.18761],[-79.51019,46.1862],[-79.50738,46.18829],[-79.50804,46.19006],[-79.50943,46.19126],[-79.51127,46.19124],[-79.51096,46.19195],[-79.51337,46.19271],[-79.51355,46.19374],[-79.51292,46.19446],[-79.50939,46.19353],[-79.50671,46.19513],[-79.50599,46.19633],[-79.50748,46.19833],[-79.50361,46.1989],[-79.50243,46.20148],[-79.50305,46.20391],[-79.50083,46.20557],[-79.49992,46.20401],[-79.49783,46.20535],[-79.49738,46.20451],[-79.49327,46.20381],[-79.49207,46.20647],[-79.49428,46.2079],[-79.4932,46.20859],[-79.49174,46.20841],[-79.48973,46.20613],[-79.48904,46.20672],[-79.48842,46.20604],[-79.48622,46.20694],[-79.48494,46.20666],[-79.48293,46.20578],[-79.48329,46.20355],[-79.47731,46.20318],[-79.47692,46.20239],[-79.47418,46.2021],[-79.47291,46.20059],[-79.47079,46.20065],[-79.47085,46.20248],[-79.46984,46.20291],[-79.46638,46.20344],[-79.46075,46.20302],[-79.45569,46.20102],[-79.45346,46.19906],[-79.45036,46.19865],[-79.44791,46.19942],[-79.44453,46.19684],[-79.44174,46.19705],[-79.44017,46.19532],[-79.43682,46.19496],[-79.42968,46.19677],[-79.42702,46.19552],[-79.42541,46.19603],[-79.42425,46.19552],[-79.42254,46.19614],[-79.42067,46.19899],[-79.41757,46.1982],[-79.41662,46.19912],[-79.41301,46.20004],[-79.41078,46.19924],[-79.40772,46.19999],[-79.40695,46.19792],[-79.4057,46.19725],[-79.40379,46.19746],[-79.40156,46.19656],[-79.40075,46.19734],[-79.39935,46.19578],[-79.39385,46.19532],[-79.39198,46.19603],[-79.38997,46.1958],[-79.3876,46.19707],[-79.38508,46.1963],[-79.38017,46.19822],[-79.37867,46.19796],[-79.37554,46.19892],[-79.37309,46.20078],[-79.36943,46.20144],[-79.36758,46.20452],[-79.36433,46.20436],[-79.36337,46.20642],[-79.36421,46.20749],[-79.36632,46.20757],[-79.36665,46.20663],[-79.36951,46.20829],[-79.36636,46.20893],[-79.36613,46.20965],[-79.3651,46.2088],[-79.36235,46.20889],[-79.36066,46.21],[-79.36018,46.21278],[-79.36076,46.21483],[-79.36202,46.21489],[-79.36268,46.21614],[-79.36426,46.2158],[-79.3647,46.21634],[-79.36379,46.2168],[-79.36452,46.21783],[-79.36377,46.21846],[-79.36516,46.22154],[-79.36603,46.22211],[-79.36646,46.22199],[-79.36679,46.2213],[-79.36864,46.22146],[-79.36878,46.2204],[-79.36929,46.22135],[-79.36819,46.22174],[-79.36867,46.22278],[-79.36703,46.22384],[-79.36927,46.2269],[-79.37392,46.22721],[-79.37903,46.22892],[-79.38217,46.2284],[-79.39284,46.22884],[-79.39621,46.22725],[-79.4,46.22672],[-79.40709,46.22034],[-79.41524,46.21584],[-79.41642,46.21648],[-79.41619,46.2173],[-79.41713,46.21723],[-79.41601,46.21799],[-79.41705,46.21864],[-79.42034,46.21846],[-79.41865,46.21761],[-79.4208,46.21761],[-79.42179,46.21961],[-79.41743,46.21988],[-79.41815,46.22103],[-79.41746,46.22188],[-79.4155,46.2219],[-79.41547,46.22449],[-79.41336,46.22353],[-79.4117,46.22523],[-79.41415,46.22665],[-79.41576,46.22554],[-79.4179,46.22615],[-79.41632,46.22541],[-79.41666,46.22483],[-79.41875,46.22591],[-79.41939,46.2253],[-79.42252,46.22803],[-79.42384,46.22817],[-79.4215,46.23115],[-79.42091,46.23716],[-79.42176,46.23751],[-79.42151,46.24033],[-79.42301,46.24243],[-79.42248,46.2436],[-79.42357,46.24602],[-79.42477,46.24691],[-79.42661,46.24698],[-79.42461,46.24856],[-79.42655,46.25537],[-79.42744,46.25648],[-79.43102,46.25716],[-79.4311,46.2601],[-79.43193,46.2608],[-79.4339,46.26035],[-79.43297,46.261],[-79.43347,46.26217],[-79.43439,46.26209],[-79.43421,46.26302],[-79.43828,46.26685],[-79.44105,46.26676],[-79.44182,46.26762],[-79.44326,46.26567],[-79.44586,46.26628],[-79.44409,46.26673],[-79.44389,46.26832],[-79.44648,46.27567],[-79.45119,46.283],[-79.45409,46.28344],[-79.46191,46.30031],[-79.46523,46.30639],[-79.4686,46.30945],[-79.46907,46.31136],[-79.47154,46.31282],[-79.4741,46.31131],[-79.47413,46.31186],[-79.47106,46.31313],[-79.47524,46.31726],[-79.47993,46.3182],[-79.4863,46.3222],[-79.49437,46.32362],[-79.49669,46.32306],[-79.5011,46.325],[-79.50363,46.32802],[-79.51002,46.32865],[-79.51502,46.33057],[-79.51671,46.33065],[-79.52339,46.32702],[-79.53405,46.33285],[-79.54953,46.33308],[-79.55556,46.33523],[-79.55795,46.33444],[-79.56022,46.33517],[-79.56246,46.33399],[-79.56975,46.33426],[-79.57493,46.33614],[-79.58173,46.33668],[-79.58357,46.33769],[-79.59735,46.3385],[-79.60114,46.3405],[-79.60406,46.34321],[-79.61413,46.34596],[-79.61644,46.349],[-79.61846,46.35007]],[[-79.42087,46.20886],[-79.42073,46.20888],[-79.41715,46.20826],[-79.41782,46.20723],[-79.41691,46.20536],[-79.41385,46.20515],[-79.41336,46.20594],[-79.41229,46.20481],[-79.41977,46.20253],[-79.42298,46.20431],[-79.42612,46.20207],[-79.42755,46.20243],[-79.42711,46.20408],[-79.43001,46.20477],[-79.43194,46.20797],[-79.43008,46.20822],[-79.42999,46.20731],[-79.42878,46.20709],[-79.42639,46.20846],[-79.42473,46.20711],[-79.42409,46.2083],[-79.42227,46.20754],[-79.42223,46.20834],[-79.42087,46.20886]],[[-79.42139,46.21693],[-79.42126,46.21687],[-79.42022,46.21417],[-79.4206,46.21094],[-79.42249,46.21033],[-79.42681,46.21097],[-79.42699,46.21252],[-79.42417,46.21433],[-79.42545,46.21496],[-79.42803,46.21373],[-79.42901,46.21629],[-79.426,46.21593],[-79.42588,46.21683],[-79.42316,46.21677],[-79.42165,46.21505],[-79.42139,46.21693]]]}},{"type":"Feature","properties":{"OGF_ID":60000199},"geometry":{"type":"Polygon","coordinates":[[[-79.70307,42.86113],[-79.70635,42.86057],[-79.70798,42.85792],[-79.70936,42.85889],[-79.71349,42.85493],[-79.71654,42.85329],[-79.7179,42.8538],[-79.71936,42.85219],[-79.72182,42.85392],[-79.72711,42.85476],[-79.72702,42.85522],[-79.73397,42.85502],[-79.73748,42.85342],[-79.73756,42.84948],[-79.74026,42.84977],[-79.73804,42.52529],[-79.51731,42.60949],[-79.51587,42.85105],[-79.52057,42.85308],[-79.52638,42.85432],[-79.53154,42.85419],[-79.53574,42.85307],[-79.53903,42.85131],[-79.54024,42.84699],[-79.54455,42.84507],[-79.5429,42.84154],[-79.54362,42.84002],[-79.54514,42.83955],[-79.5455,42.84029],[-79.55214,42.84102],[-79.55093,42.84253],[-79.55445,42.84563],[-79.56795,42.85314],[-79.5756,42.85603],[-79.57851,42.85526],[-79.57988,42.85267],[-79.57869,42.85652],[-79.5898,42.85742],[-79.59295,42.85658],[-79.5937,42.85311],[-79.60809,42.84353],[-79.6255,42.84031],[-79.63099,42.83709],[-79.63253,42.83722],[-79.63357,42.83626],[-79.63572,42.83634],[-79.63841,42.83532],[-79.63903,42.83397],[-79.64416,42.8403],[-79.64878,42.84284],[-79.65475,42.84423],[-79.65846,42.84435],[-79.66059,42.84327],[-79.66073,42.84061],[-79.66165,42.84023],[-79.6636,42.84192],[-79.66142,42.84366],[-79.66264,42.84628],[-79.66881,42.85099],[-79.67461,42.85244],[-79.67706,42.85087],[-79.67789,42.85168],[-79.67948,42.85015],[-79.67867,42.85132],[-79.68153,42.85358],[-79.69017,42.85627],[-79.69775,42.86012],[-79.70307,42.86113]]]}},{"type":"Feature","properties":{"OGF_ID":60000200},"geometry":{"type":"Polygon","coordinates":[[[-80.94997,42.66153],[-80.95206,42.66288],[-80.95021,42.66153],[-80.96515,42.66167],[-80.99237,42.65976],[-81.00621,42.65615],[-81.00815,42.65512],[-81.0081,42.65271],[-81.00822,42.65343],[-81.01242,42.65473],[-81.02296,42.65723],[-81.04637,42.65923],[-81.04843,42.23995],[-80.85269,42.27172],[-80.86013,42.65432],[-80.89001,42.65877],[-80.90851,42.6602],[-80.94997,42.66153]]]}},{"type":"Feature","properties":{"OGF_ID":60000201},"geometry":{"type":"Polygon","coordinates":[[[-81.19701,42.66555],[-81.19926,42.66424],[-81.20399,42.6648],[-81.20406,42.6653],[-81.20906,42.66383],[-81.20979,42.66288],[-81.20837,42.66174],[-81.20966,42.66013],[-81.21267,42.65998],[-81.21495,42.65863],[-81.23136,42.66224],[-81.24286,42.66378],[-81.24716,42.66405],[-81.25828,42.66271],[-81.26315,42.66196],[-81.27794,42.65734],[-81.28107,42.65778],[-81.2878,42.65732],[-81.31119,42.65365],[-81.33001,42.6484],[-81.24572,42.20756],[-81.04843,42.23995],[-81.04637,42.65923],[-81.06391,42.66043],[-81.09364,42.66107],[-81.12389,42.6635],[-81.13538,42.66286],[-81.15846,42.66293],[-81.16116,42.66259],[-81.16316,42.66133],[-81.16624,42.66246],[-81.18153,42.66337],[-81.19701,42.66555]]]}},{"type":"Feature","properties":{"OGF_ID":60000202},"geometry":{"type":"Polygon","coordinates":[[[-81.33001,42.6484],[-81.34316,42.64448],[-81.35437,42.63934],[-81.36359,42.63191],[-81.38474,42.61961],[-81.38822,42.61688],[-81.39548,42.60804],[-81.39874,42.60624],[-81.4034,42.60534],[-81.4271,42.60584],[-81.44276,42.6031],[-81.45258,42.59952],[-81.45872,42.59588],[-81.46428,42.59051],[-81.46648,42.58678],[-81.46624,42.58379],[-81.46773,42.58292],[-81.47109,42.582],[-81.48098,42.58131],[-81.50485,42.5765],[-81.5157,42.57243],[-81.5332,42.56324],[-81.54023,42.56033],[-81.5439,42.55768],[-81.54602,42.55469],[-81.57286,42.53946],[-81.60079,42.51637],[-81.60403,42.51482],[-81.61087,42.50732],[-81.6116,42.50676],[-81.61272,42.50744],[-81.61148,42.50645],[-81.61267,42.50623],[-81.61233,42.50567],[-81.61946,42.50169],[-81.62535,42.49704],[-81.6785,42.46671],[-81.71211,42.44319],[-81.72743,42.43477],[-81.72924,42.43489],[-81.7277,42.43457],[-81.73013,42.43281],[-81.74859,42.42493],[-81.77345,42.41193],[-81.80441,42.39214],[-81.81231,42.38571],[-81.82395,42.37195],[-81.83022,42.36154],[-81.83668,42.34641],[-81.8401,42.33156],[-81.84179,42.31426],[-81.84087,42.28261],[-81.84206,42.27087],[-81.84592,42.25979],[-81.85161,42.25597],[-81.85647,42.25432],[-81.86289,42.2539],[-81.87286,42.2542],[-81.87843,42.25575],[-81.87454,42.25483],[-81.87428,42.25637],[-81.87579,42.25545],[-81.8744,42.25794],[-81.87338,42.25684],[-81.87251,42.25819],[-81.87421,42.25816],[-81.87403,42.25927],[-81.87253,42.26007],[-81.87303,42.26062],[-81.86754,42.27318],[-81.868,42.27425],[-81.8666,42.27532],[-81.8651,42.27911],[-81.86637,42.27959],[-81.8658,42.28147],[-81.86424,42.28138],[-81.86341,42.28426],[-81.86432,42.28515],[-81.86326,42.28696],[-81.86242,42.28686],[-81.85685,42.30339],[-81.86008,42.29618],[-81.86186,42.29449],[-81.87509,42.27094],[-81.87917,42.26223],[-81.87847,42.26182],[-81.87924,42.26193],[-81.88118,42.25816],[-81.87569,42.27025],[-81.86323,42.29217],[-81.86526,42.29048],[-81.86397,42.29261],[-81.86296,42.29269],[-81.85095,42.31585],[-81.85026,42.31798],[-81.85209,42.31892],[-81.85019,42.31838],[-81.84776,42.32129],[-81.84754,42.32654],[-81.84666,42.32627],[-81.84527,42.33015],[-81.84586,42.33081],[-81.84491,42.33106],[-81.8441,42.33302],[-81.84417,42.33406],[-81.84757,42.3362],[-81.84714,42.33528],[-81.84778,42.3349],[-81.8491,42.33551],[-81.84827,42.33451],[-81.85054,42.33251],[-81.85167,42.33331],[-81.85356,42.33333],[-81.8572,42.33628],[-81.85751,42.33789],[-81.85929,42.33923],[-81.85773,42.33782],[-81.85784,42.33654],[-81.85573,42.33442],[-81.85586,42.33249],[-81.8549,42.33199],[-81.85767,42.33188],[-81.85758,42.33255],[-81.86126,42.33536],[-81.85913,42.33142],[-81.85988,42.33087],[-81.86482,42.33465],[-81.86329,42.33268],[-81.86215,42.33227],[-81.86137,42.32965],[-81.86315,42.32931],[-81.86448,42.33013],[-81.8641,42.3289],[-81.86921,42.32801],[-81.87036,42.32857],[-81.86893,42.32958],[-81.86488,42.33007],[-81.86587,42.33085],[-81.86548,42.33038],[-81.86915,42.32968],[-81.8704,42.32885],[-81.87097,42.32902],[-81.86981,42.3277],[-81.87098,42.32703],[-81.87189,42.3283],[-81.87112,42.33006],[-81.86596,42.33105],[-81.86702,42.33127],[-81.87106,42.33037],[-81.87186,42.33391],[-81.87291,42.33329],[-81.87484,42.33427],[-81.87473,42.3358],[-81.87608,42.33634],[-81.87606,42.33736],[-81.87624,42.33715],[-81.87632,42.33667],[-81.87688,42.33714],[-81.87611,42.33618],[-81.87513,42.33571],[-81.87528,42.33458],[-81.87614,42.33529],[-81.87466,42.33322],[-81.87251,42.33247],[-81.87178,42.33069],[-81.87334,42.33076],[-81.87379,42.33173],[-81.87423,42.33062],[-81.87261,42.32992],[-81.87351,42.32907],[-81.87204,42.32646],[-81.87369,42.3274],[-81.87659,42.32762],[-81.87841,42.32883],[-81.87874,42.32806],[-81.87711,42.32698],[-81.87497,42.32595],[-81.87599,42.32676],[-81.87408,42.32627],[-81.87336,42.3246],[-81.87938,42.32254],[-81.88154,42.32261],[-81.88089,42.32111],[-81.88171,42.32041],[-81.88273,42.32089],[-81.88166,42.32003],[-81.88712,42.32016],[-81.8901,42.322],[-81.89245,42.32141],[-81.89516,42.32463],[-81.89714,42.32473],[-81.89605,42.32622],[-81.89763,42.32554],[-81.89738,42.32494],[-81.89854,42.32519],[-81.89824,42.32487],[-81.89595,42.32403],[-81.89305,42.32038],[-81.89035,42.32047],[-81.88699,42.31777],[-81.88875,42.31665],[-81.8888,42.31559],[-81.89353,42.31528],[-81.89713,42.31247],[-81.89967,42.3128],[-81.90067,42.31457],[-81.90082,42.31314],[-81.90493,42.31638],[-81.89869,42.30982],[-81.90118,42.30807],[-81.90477,42.3091],[-81.90538,42.3086],[-81.90729,42.30893],[-81.90775,42.30993],[-81.90906,42.30999],[-81.9087,42.31072],[-81.90953,42.31127],[-81.91093,42.31096],[-81.91035,42.31261],[-81.91393,42.31337],[-81.91147,42.31203],[-81.91195,42.31095],[-81.90991,42.3104],[-81.90947,42.30909],[-81.91111,42.31],[-81.91386,42.30956],[-81.91285,42.30958],[-81.91431,42.30881],[-81.91207,42.30895],[-81.90895,42.30733],[-81.90521,42.30737],[-81.9044,42.30561],[-81.90615,42.30638],[-81.90648,42.30594],[-81.90483,42.30511],[-81.90747,42.30491],[-81.90727,42.3036],[-81.90859,42.30406],[-81.90942,42.30361],[-81.90888,42.30416],[-81.90955,42.30368],[-81.90918,42.30297],[-81.90972,42.30358],[-81.91128,42.30319],[-81.91195,42.30488],[-81.91392,42.30508],[-81.91347,42.30467],[-81.91759,42.30679],[-81.92046,42.30728],[-81.92033,42.30702],[-81.91707,42.30607],[-81.91566,42.30465],[-81.91302,42.30365],[-81.91374,42.30169],[-81.9165,42.30297],[-81.91591,42.30127],[-81.92108,42.30367],[-81.9155,42.3007],[-81.91661,42.30057],[-81.91896,42.29743],[-81.92051,42.29736],[-81.92323,42.29955],[-81.92512,42.29948],[-81.91976,42.29543],[-81.92048,42.29486],[-81.92277,42.29579],[-81.92033,42.29452],[-81.91957,42.29532],[-81.91884,42.295],[-81.91964,42.29401],[-81.91909,42.29354],[-81.92393,42.29537],[-81.92517,42.29309],[-81.9255,42.2938],[-81.92676,42.29295],[-81.92778,42.29413],[-81.92918,42.29354],[-81.92915,42.29475],[-81.93092,42.29573],[-81.9296,42.29475],[-81.93058,42.29498],[-81.92974,42.29451],[-81.93063,42.29366],[-81.934,42.29521],[-81.9335,42.29353],[-81.93229,42.29328],[-81.93179,42.29394],[-81.93152,42.29374],[-81.93197,42.29275],[-81.93103,42.29293],[-81.93117,42.29363],[-81.92886,42.2925],[-81.92972,42.29148],[-81.93142,42.29216],[-81.92973,42.2907],[-81.93209,42.29002],[-81.93158,42.2886],[-81.93291,42.28911],[-81.93048,42.28776],[-81.93357,42.28419],[-81.932,42.27933],[-81.93495,42.27877],[-81.93675,42.27613],[-81.94094,42.27806],[-81.94004,42.27742],[-81.94065,42.27703],[-81.93937,42.27149],[-81.93682,42.26899],[-81.93797,42.26954],[-81.93938,42.27131],[-81.9393,42.27064],[-81.93876,42.26859],[-81.9385,42.26826],[-81.93756,42.26316],[-81.93657,42.26223],[-81.93613,42.2639],[-81.93523,42.26293],[-81.93603,42.26301],[-81.93592,42.26228],[-81.93505,42.26284],[-81.93447,42.26216],[-81.93191,42.26203],[-81.92608,42.26267],[-81.92284,42.26136],[-81.91694,42.26155],[-81.91392,42.26327],[-81.91157,42.26183],[-81.90836,42.26175],[-81.90907,42.25969],[-81.91455,42.26016],[-81.91217,42.25894],[-81.91184,42.25961],[-81.91271,42.2598],[-81.9077,42.25905],[-81.90939,42.25349],[-81.90891,42.25583],[-81.92293,42.25979],[-81.93112,42.26128],[-81.96544,42.26416],[-82.00384,42.26498],[-82.01629,42.26444],[-82.03155,42.26257],[-82.05502,42.25823],[-82.09406,42.24729],[-82.14008,42.22836],[-82.17191,42.21341],[-82.18238,42.20592],[-82.20069,42.19636],[-82.25025,42.17643],[-82.25164,42.1756],[-82.2513,42.17505],[-82.25243,42.17547],[-82.30865,42.15605],[-82.32685,42.14906],[-82.35337,42.13749],[-82.36752,42.1333],[-82.37801,42.12859],[-82.40862,42.11191],[-82.4217,42.10271],[-82.42252,42.10309],[-82.42192,42.10244],[-82.44099,42.08682],[-82.44997,42.07456],[-82.45129,42.07481],[-82.45557,42.07224],[-82.46179,42.06464],[-82.02788,41.84918],[-81.24572,42.20756],[-81.33001,42.6484]]]}},{"type":"Feature","properties":{"OGF_ID":60000203},"geometry":{"type":"Polygon","coordinates":[[[-79.016,43.06215],[-79.02249,43.06122],[-79.01209,43.05026],[-79.00946,43.04875],[-79.00422,43.05339],[-79.00478,43.05798],[-79.00899,43.06099],[-79.016,43.06215]]]}},{"type":"Feature","properties":{"OGF_ID":60000204},"geometry":{"type":"Polygon","coordinates":[[[-82.46133,42.89529],[-82.46304,42.8956],[-82.46355,42.89297],[-82.46224,42.89501],[-82.46294,42.89513],[-82.46241,42.89525],[-82.46207,42.89511],[-82.46605,42.88815],[-82.46374,42.8801],[-82.46292,42.88021],[-82.45922,42.88831],[-82.45974,42.8931],[-82.46133,42.89529]]]}},{"type":"Feature","properties":{"OGF_ID":60000205},"geometry":{"type":"Polygon","coordinates":[[[-82.46545,42.88935],[-82.46408,42.89109],[-82.46452,42.89196],[-82.46896,42.88914],[-82.4694,42.88802],[-82.46885,42.88432],[-82.46754,42.8833],[-82.46865,42.88634],[-82.46666,42.88747],[-82.46545,42.88935]]]}},{"type":"Feature","properties":{"OGF_ID":60000206},"geometry":{"type":"Polygon","coordinates":[[[-82.46622,42.89075],[-82.46553,42.89175],[-82.46771,42.89006],[-82.46651,42.89072],[-82.46738,42.8899],[-82.46622,42.89075]]]}},{"type":"Feature","properties":{"OGF_ID":60000207},"geometry":{"type":"Polygon","coordinates":[[[-82.46642,42.88611],[-82.46558,42.88666],[-82.46612,42.88774],[-82.46733,42.88683],[-82.46642,42.88611]]]}},{"type":"Feature","properties":{"OGF_ID":60000208},"geometry":{"type":"Polygon","coordinates":[[[-82.46776,42.88531],[-82.46665,42.886],[-82.46731,42.8866],[-82.46771,42.88626],[-82.46776,42.88531]]]}},{"type":"Feature","properties":{"OGF_ID":60000209},"geometry":{"type":"Polygon","coordinates":[[[-82.46558,42.88547],[-82.46557,42.88644],[-82.46562,42.88649],[-82.46595,42.88619],[-82.46558,42.88547]]]}},{"type":"Feature","properties":{"OGF_ID":60000210},"geometry":{"type":"Polygon","coordinates":[[[-82.46506,42.88308],[-82.466,42.88614],[-82.46606,42.88622],[-82.46429,42.8801],[-82.46506,42.88308]]]}},{"type":"Feature","properties":{"OGF_ID":60000211},"geometry":{"type":"Polygon","coordinates":[[[-82.46529,42.88219],[-82.46653,42.8859],[-82.46666,42.88507],[-82.46462,42.87997],[-82.46452,42.88012],[-82.46529,42.88219]]]}},{"type":"Feature","properties":{"OGF_ID":60000212},"geometry":{"type":"Polygon","coordinates":[[[-82.46569,42.8801],[-82.46744,42.88525],[-82.4675,42.88529],[-82.46643,42.88054],[-82.46569,42.8801]]]}},{"type":"Feature","properties":{"OGF_ID":60000192},"geometry":{"type":"Polygon","coordinates":[[[-80.63082,44.97339],[-80.63708,44.97791],[-80.75805,45.1884],[-81.14886,44.9093],[-81.15494,44.91366],[-81.15885,44.9097],[-81.15927,44.90641],[-81.15338,44.90193],[-81.14924,44.90138],[-81.14403,44.90303],[-81.14167,44.90302],[-81.1369,44.906],[-81.13696,44.90796],[-81.12767,44.91364],[-81.12603,44.91575],[-81.11499,44.92124],[-81.11104,44.92244],[-81.10398,44.92279],[-81.09429,44.92107],[-81.08971,44.91862],[-81.08979,44.91805],[-81.09103,44.91886],[-81.08873,44.91693],[-81.0888,44.91361],[-81.08709,44.91],[-81.08845,44.90834],[-81.08735,44.90615],[-81.09084,44.90342],[-81.09177,44.90383],[-81.09589,44.90287],[-81.10023,44.89901],[-81.10112,44.89603],[-81.09785,44.89375],[-81.09146,44.89515],[-81.09041,44.89375],[-81.08344,44.89193],[-81.08073,44.89228],[-81.08192,44.89289],[-81.08116,44.89335],[-81.07751,44.89218],[-81.07678,44.89252],[-81.07806,44.89348],[-81.07699,44.89295],[-81.07235,44.89353],[-81.06385,44.89643],[-81.05987,44.9006],[-81.05948,44.90503],[-81.06029,44.90701],[-81.06327,44.90918],[-81.06151,44.91259],[-81.06188,44.91386],[-81.06295,44.91335],[-81.062,44.91433],[-81.05383,44.91578],[-81.05173,44.91693],[-81.05271,44.91761],[-81.04989,44.91813],[-81.04663,44.91756],[-81.04173,44.91839],[-81.03864,44.91773],[-81.03119,44.91803],[-81.02876,44.91965],[-81.02669,44.92377],[-81.02419,44.92577],[-81.02504,44.9281],[-81.02937,44.93062],[-81.03163,44.9309],[-81.03369,44.92993],[-81.03544,44.92676],[-81.03359,44.92559],[-81.03426,44.92538],[-81.03624,44.92638],[-81.03943,44.92655],[-81.0419,44.92981],[-81.04663,44.93217],[-81.04842,44.93199],[-81.05123,44.93299],[-81.05092,44.93752],[-81.05205,44.93839],[-81.05256,44.9407],[-81.05492,44.9416],[-81.05417,44.94181],[-81.0546,44.94374],[-81.05654,44.9448],[-81.05016,44.94895],[-81.05053,44.95481],[-81.04384,44.96043],[-81.04394,44.96139],[-81.03544,44.96678],[-81.02616,44.96988],[-81.0193,44.96978],[-81.01274,44.9667],[-81.0101,44.95938],[-81.01028,44.95745],[-81.00828,44.95607],[-81.00516,44.95567],[-81.00348,44.95624],[-81.00062,44.95954],[-80.99752,44.96133],[-80.99944,44.96065],[-80.99884,44.9613],[-80.99572,44.96269],[-80.9941,44.96456],[-80.99321,44.96991],[-80.98872,44.97181],[-80.99113,44.97251],[-80.98924,44.97253],[-80.98522,44.97137],[-80.98521,44.96745],[-80.98358,44.96523],[-80.96971,44.96161],[-80.96004,44.9566],[-80.9609,44.95101],[-80.96499,44.94543],[-80.97323,44.94211],[-80.98155,44.93994],[-80.98875,44.93573],[-80.99439,44.93372],[-80.99775,44.93117],[-80.99929,44.931],[-81.00911,44.92281],[-81.01319,44.92081],[-81.01491,44.91875],[-81.0163,44.91907],[-81.02081,44.91405],[-81.02195,44.90609],[-81.02709,44.90164],[-81.02778,44.89872],[-81.03058,44.89515],[-81.03036,44.89269],[-81.0262,44.88859],[-81.01637,44.89041],[-81.00959,44.88682],[-81.00636,44.8839],[-81.005,44.87735],[-81.00703,44.87186],[-81.01787,44.86141],[-81.02112,44.84998],[-81.03438,44.83624],[-81.04356,44.83225],[-81.05551,44.82454],[-81.07643,44.8084],[-81.09679,44.79582],[-81.10395,44.79266],[-81.12276,44.78127],[-81.12351,44.78053],[-81.12277,44.77972],[-81.12407,44.78072],[-81.12447,44.77976],[-81.12617,44.77944],[-81.13151,44.77517],[-81.13062,44.76623],[-81.13795,44.75152],[-81.13577,44.75022],[-81.13805,44.751],[-81.13928,44.74882],[-81.13798,44.74861],[-81.13936,44.74873],[-81.13999,44.74744],[-81.13691,44.74453],[-81.1349,44.74512],[-81.13416,44.74461],[-81.13492,44.74504],[-81.13604,44.74453],[-81.13408,44.74266],[-81.12662,44.74253],[-81.12681,44.7432],[-81.1252,44.74339],[-81.11687,44.75009],[-81.117,44.75133],[-81.11598,44.75094],[-81.11184,44.75415],[-81.11057,44.75604],[-81.09693,44.76684],[-81.09585,44.7685],[-81.08949,44.7712],[-81.0849,44.77776],[-81.08139,44.77994],[-81.07299,44.78316],[-81.06445,44.78538],[-81.0578,44.78811],[-81.05552,44.78993],[-81.04693,44.79319],[-81.03088,44.79816],[-81.03127,44.79918],[-81.014,44.8035],[-81.01313,44.80409],[-81.01422,44.80415],[-81.00844,44.80592],[-80.99495,44.80787],[-80.99234,44.80919],[-80.98452,44.80876],[-80.97766,44.80713],[-80.96835,44.80103],[-80.95018,44.79298],[-80.94787,44.79267],[-80.94765,44.79364],[-80.94778,44.7939],[-80.94753,44.79389],[-80.94755,44.79274],[-80.94676,44.79261],[-80.93442,44.79389],[-80.92835,44.79639],[-80.92584,44.79841],[-80.9227,44.7992],[-80.91556,44.79869],[-80.90896,44.79625],[-80.90572,44.7941],[-80.89834,44.78618],[-80.88963,44.76989],[-80.88844,44.7635],[-80.88902,44.75291],[-80.88829,44.75226],[-80.88887,44.75266],[-80.88929,44.75159],[-80.88784,44.74838],[-80.88867,44.74845],[-80.88735,44.7435],[-80.88819,44.74303],[-80.88808,44.73678],[-80.89127,44.73247],[-80.89348,44.72652],[-80.89579,44.72493],[-80.89811,44.72159],[-80.90194,44.71338],[-80.91137,44.70541],[-80.90942,44.70114],[-80.9094,44.69834],[-80.90695,44.69675],[-80.90839,44.69564],[-80.90979,44.6966],[-80.90908,44.69545],[-80.91035,44.69423],[-80.91,44.69356],[-80.91448,44.68899],[-80.91665,44.68484],[-80.9164,44.67969],[-80.91821,44.67907],[-80.91849,44.67739],[-80.91744,44.6698],[-80.9213,44.66657],[-80.92157,44.66341],[-80.92368,44.66238],[-80.92572,44.65883],[-80.93108,44.64238],[-80.93249,44.6407],[-80.93239,44.6382],[-80.93329,44.63844],[-80.93446,44.63605],[-80.93378,44.63379],[-80.93538,44.63213],[-80.93488,44.63147],[-80.93661,44.62792],[-80.93821,44.62642],[-80.93801,44.62425],[-80.93948,44.62222],[-80.93977,44.61975],[-80.94138,44.6188],[-80.94423,44.61861],[-80.94474,44.61715],[-80.94558,44.61714],[-80.94514,44.6152],[-80.94642,44.61446],[-80.94648,44.61284],[-80.94458,44.6098],[-80.94346,44.60956],[-80.94491,44.60668],[-80.94413,44.60584],[-80.94475,44.60538],[-80.94387,44.6051],[-80.94514,44.60194],[-80.94502,44.60066],[-80.94326,44.59973],[-80.94486,44.59775],[-80.94317,44.59705],[-80.94446,44.59584],[-80.94334,44.59128],[-80.94377,44.5885],[-80.94451,44.58832],[-80.94298,44.58687],[-80.94469,44.58798],[-80.94463,44.58709],[-80.94576,44.58692],[-80.94368,44.58683],[-80.94503,44.58658],[-80.94351,44.58666],[-80.94294,44.58587],[-80.94397,44.58628],[-80.94411,44.58565],[-80.94554,44.58572],[-80.94506,44.58242],[-80.94579,44.58017],[-80.94689,44.57992],[-80.94513,44.57969],[-80.94524,44.57829],[-80.94212,44.57884],[-80.94146,44.57957],[-80.93898,44.57858],[-80.93623,44.57965],[-80.93641,44.581],[-80.93341,44.58339],[-80.93368,44.58524],[-80.93101,44.58741],[-80.9333,44.58727],[-80.93145,44.58765],[-80.93052,44.59007],[-80.92849,44.59022],[-80.92482,44.59314],[-80.9244,44.59618],[-80.92118,44.60169],[-80.9203,44.60167],[-80.92105,44.60192],[-80.91277,44.60958],[-80.91174,44.6118],[-80.91312,44.61252],[-80.91196,44.61288],[-80.91274,44.61358],[-80.91088,44.61822],[-80.90859,44.61881],[-80.90892,44.61754],[-80.90806,44.6174],[-80.9057,44.61953],[-80.89837,44.62134],[-80.89748,44.61996],[-80.89292,44.61978],[-80.89082,44.62115],[-80.8903,44.62319],[-80.88657,44.6247],[-80.87917,44.62546],[-80.87532,44.62669],[-80.87426,44.62874],[-80.87318,44.629],[-80.87277,44.63329],[-80.87024,44.63416],[-80.86801,44.63644],[-80.86466,44.64116],[-80.86539,44.64175],[-80.86381,44.64474],[-80.86075,44.64699],[-80.86067,44.64986],[-80.85929,44.65191],[-80.85775,44.65257],[-80.85663,44.65592],[-80.85738,44.65628],[-80.84761,44.6641],[-80.84578,44.66706],[-80.83979,44.67246],[-80.83803,44.6753],[-80.8341,44.67787],[-80.83302,44.68047],[-80.8296,44.6828],[-80.828,44.68541],[-80.82275,44.68937],[-80.8165,44.69141],[-80.81165,44.692],[-80.79928,44.69787],[-80.79852,44.70025],[-80.79556,44.703],[-80.79556,44.70433],[-80.78,44.70838],[-80.77772,44.71001],[-80.77894,44.71056],[-80.77789,44.71111],[-80.77958,44.71122],[-80.77649,44.71185],[-80.77565,44.7129],[-80.76088,44.7133],[-80.75455,44.71543],[-80.75371,44.71606],[-80.75435,44.71691],[-80.75291,44.71675],[-80.75084,44.71819],[-80.75246,44.72038],[-80.7492,44.72117],[-80.74877,44.72196],[-80.75267,44.72466],[-80.75094,44.72409],[-80.74813,44.7248],[-80.74557,44.72322],[-80.74491,44.72367],[-80.74552,44.72528],[-80.74293,44.72414],[-80.74162,44.72238],[-80.73786,44.72186],[-80.73477,44.7201],[-80.72727,44.72051],[-80.72385,44.71966],[-80.72228,44.7205],[-80.71992,44.72026],[-80.72039,44.72084],[-80.71968,44.72097],[-80.71457,44.71979],[-80.69362,44.72287],[-80.67999,44.7223],[-80.6753,44.72283],[-80.66778,44.72146],[-80.65408,44.72265],[-80.64031,44.72041],[-80.63699,44.71837],[-80.63585,44.71613],[-80.63922,44.71039],[-80.63838,44.7019],[-80.63268,44.69616],[-80.62617,44.68608],[-80.62564,44.68095],[-80.62688,44.67761],[-80.62509,44.67721],[-80.62655,44.67696],[-80.62626,44.67564],[-80.62337,44.67327],[-80.62329,44.66703],[-80.6251,44.66543],[-80.62769,44.65933],[-80.62532,44.64082],[-80.61115,44.62379],[-80.60967,44.62271],[-80.60873,44.62306],[-80.60887,44.62231],[-80.60093,44.61801],[-80.5973,44.61548],[-80.59661,44.61412],[-80.59537,44.61404],[-80.5943,44.61235],[-80.59137,44.61175],[-80.59024,44.61025],[-80.58857,44.61124],[-80.58939,44.60767],[-80.5871,44.60972],[-80.58783,44.61275],[-80.58966,44.6128],[-80.58773,44.61287],[-80.58678,44.60948],[-80.58255,44.60834],[-80.57838,44.60533],[-80.57029,44.60287],[-80.55864,44.6019],[-80.55778,44.60035],[-80.55561,44.59926],[-80.55406,44.59508],[-80.54856,44.59344],[-80.53899,44.59238],[-80.53268,44.59252],[-80.51428,44.59444],[-80.51274,44.59495],[-80.51268,44.59566],[-80.51052,44.59553],[-80.51035,44.5962],[-80.5101,44.59592],[-80.51042,44.59551],[-80.50944,44.59468],[-80.50635,44.5936],[-80.50594,44.5927],[-80.50555,44.59327],[-80.50487,44.5925],[-80.5044,44.59317],[-80.50456,44.59263],[-80.50082,44.59161],[-80.49998,44.59058],[-80.49336,44.58901],[-80.49291,44.58793],[-80.48659,44.58395],[-80.48712,44.58275],[-80.48864,44.58292],[-80.48897,44.58177],[-80.48617,44.57883],[-80.48002,44.57662],[-80.47659,44.57655],[-80.47466,44.57779],[-80.47341,44.57661],[-80.47193,44.57723],[-80.47255,44.57657],[-80.47167,44.57648],[-80.47143,44.57526],[-80.46893,44.57486],[-80.46863,44.5754],[-80.46574,44.57301],[-80.46203,44.57265],[-80.46172,44.57316],[-80.46128,44.57225],[-80.45942,44.57214],[-80.45981,44.57152],[-80.45873,44.57161],[-80.45925,44.57116],[-80.4582,44.57072],[-80.45878,44.57014],[-80.45757,44.56982],[-80.45804,44.56932],[-80.45518,44.56857],[-80.45192,44.56603],[-80.45027,44.56676],[-80.45146,44.5656],[-80.45058,44.56387],[-80.44869,44.56502],[-80.45058,44.56627],[-80.4498,44.56656],[-80.44567,44.56395],[-80.44404,44.56131],[-80.44118,44.56036],[-80.43872,44.5605],[-80.44006,44.55999],[-80.43913,44.55981],[-80.43963,44.55944],[-80.43811,44.55786],[-80.43177,44.55423],[-80.43035,44.55414],[-80.42874,44.55099],[-80.42187,44.54885],[-80.41906,44.54688],[-80.41378,44.54616],[-80.41198,44.54319],[-80.40873,44.54337],[-80.40829,44.54279],[-80.40765,44.54331],[-80.40799,44.54243],[-80.40687,44.54313],[-80.40779,44.5423],[-80.40631,44.5426],[-80.40732,44.54186],[-80.40674,44.54035],[-80.40559,44.54071],[-80.40569,44.54005],[-80.40304,44.54022],[-80.40238,44.53969],[-80.40207,44.54029],[-80.40212,44.53963],[-80.39706,44.53925],[-80.39257,44.53766],[-80.38635,44.53713],[-80.38122,44.5387],[-80.38109,44.54022],[-80.37944,44.5402],[-80.38019,44.54059],[-80.3689,44.53853],[-80.35017,44.5382],[-80.33451,44.53149],[-80.33067,44.52858],[-80.3261,44.5269],[-80.32297,44.52465],[-80.31894,44.52434],[-80.31251,44.52212],[-80.31004,44.52312],[-80.30791,44.5233],[-80.30785,44.52258],[-80.30758,44.52372],[-80.30462,44.52465],[-80.30213,44.52754],[-80.30065,44.52814],[-80.29936,44.52766],[-80.29677,44.52885],[-80.2935,44.53155],[-80.29497,44.53282],[-80.29058,44.53153],[-80.28867,44.53254],[-80.28993,44.53114],[-80.2886,44.52982],[-80.286,44.52867],[-80.28455,44.5297],[-80.28627,44.52749],[-80.28852,44.5283],[-80.28635,44.52734],[-80.28388,44.52992],[-80.28463,44.52733],[-80.28626,44.52627],[-80.28305,44.52666],[-80.28298,44.52805],[-80.28405,44.52857],[-80.28369,44.529],[-80.28146,44.52873],[-80.28149,44.5298],[-80.27876,44.52799],[-80.26688,44.70943],[-80.41182,44.81482],[-80.63082,44.97339]]]}},{"type":"Feature","properties":{"OGF_ID":60000193},"geometry":{"type":"Polygon","coordinates":[[[-80.00775,44.53683],[-80.00641,44.54044],[-80.00094,44.54782],[-79.99992,44.55157],[-79.99496,44.55965],[-79.99481,44.56274],[-79.99607,44.5646],[-79.99637,44.56784],[-80.26688,44.70943],[-80.27876,44.52799],[-80.27693,44.52504],[-80.27708,44.52586],[-80.27612,44.52506],[-80.27512,44.52556],[-80.27194,44.5248],[-80.2711,44.52514],[-80.27157,44.52615],[-80.27039,44.5256],[-80.2706,44.52696],[-80.26924,44.52737],[-80.26867,44.52648],[-80.26883,44.52759],[-80.26843,44.52643],[-80.26793,44.52726],[-80.26667,44.52704],[-80.26729,44.52522],[-80.26566,44.52468],[-80.26598,44.52416],[-80.26525,44.52446],[-80.26569,44.52387],[-80.26442,44.52391],[-80.26483,44.52336],[-80.26135,44.52074],[-80.2582,44.5195],[-80.25657,44.5196],[-80.2561,44.52147],[-80.25451,44.52135],[-80.25475,44.52368],[-80.25334,44.52217],[-80.25447,44.5225],[-80.25436,44.52114],[-80.25245,44.52102],[-80.25282,44.52203],[-80.25053,44.5217],[-80.24761,44.51907],[-80.24455,44.51821],[-80.2461,44.51634],[-80.24568,44.51568],[-80.24467,44.51582],[-80.24558,44.51552],[-80.24471,44.51549],[-80.24501,44.51489],[-80.24292,44.51461],[-80.24292,44.51381],[-80.23718,44.51334],[-80.23624,44.51388],[-80.2372,44.51433],[-80.23654,44.51482],[-80.23424,44.51383],[-80.23187,44.51394],[-80.23231,44.51348],[-80.23193,44.51326],[-80.23117,44.51337],[-80.23211,44.51233],[-80.23442,44.51335],[-80.23575,44.51239],[-80.23491,44.51076],[-80.23311,44.51093],[-80.23418,44.51032],[-80.23308,44.50909],[-80.23147,44.50921],[-80.23202,44.50826],[-80.23072,44.50742],[-80.23175,44.50624],[-80.23015,44.505],[-80.22616,44.50503],[-80.22525,44.5039],[-80.22512,44.50522],[-80.21913,44.50631],[-80.21792,44.50376],[-80.21742,44.50394],[-80.2177,44.50514],[-80.21616,44.50537],[-80.21935,44.50786],[-80.21878,44.50864],[-80.22004,44.50826],[-80.21962,44.50908],[-80.2218,44.51029],[-80.22157,44.50914],[-80.22438,44.51123],[-80.22324,44.5105],[-80.22265,44.51089],[-80.22402,44.51218],[-80.22353,44.51261],[-80.21874,44.50899],[-80.21546,44.50509],[-80.21317,44.50519],[-80.2124,44.50576],[-80.21301,44.50647],[-80.21177,44.50582],[-80.21113,44.50688],[-80.21007,44.50565],[-80.21066,44.50805],[-80.20827,44.50927],[-80.20633,44.50859],[-80.20556,44.50925],[-80.20443,44.5083],[-80.20389,44.50906],[-80.20248,44.5076],[-80.20074,44.50812],[-80.1991,44.50727],[-80.19896,44.50571],[-80.19252,44.50354],[-80.19189,44.5023],[-80.18907,44.50121],[-80.18492,44.50047],[-80.183,44.50255],[-80.1844,44.50042],[-80.18273,44.50101],[-80.18247,44.50205],[-80.17859,44.50018],[-80.1804,44.49864],[-80.17945,44.4988],[-80.18013,44.49799],[-80.17838,44.49771],[-80.17579,44.49577],[-80.17509,44.49619],[-80.17453,44.49483],[-80.17265,44.49364],[-80.17101,44.49356],[-80.1691,44.49168],[-80.16713,44.49163],[-80.1657,44.49049],[-80.16395,44.49117],[-80.16477,44.48934],[-80.16316,44.49014],[-80.16309,44.48889],[-80.15975,44.48813],[-80.15991,44.48753],[-80.15554,44.48503],[-80.15131,44.48462],[-80.14635,44.48292],[-80.14476,44.48104],[-80.14017,44.47909],[-80.13815,44.47708],[-80.13215,44.47503],[-80.13051,44.47507],[-80.13034,44.4757],[-80.1264,44.47456],[-80.12402,44.47223],[-80.1209,44.47226],[-80.11966,44.47031],[-80.11515,44.46989],[-80.11261,44.47021],[-80.10881,44.47205],[-80.10848,44.47096],[-80.10566,44.47023],[-80.10137,44.47048],[-80.09723,44.47174],[-80.08058,44.47817],[-80.06667,44.48593],[-80.05175,44.49631],[-80.03591,44.50936],[-80.02208,44.52237],[-80.00878,44.53663],[-80.00775,44.53683]]]}},{"type":"Feature","properties":{"OGF_ID":60000194},"geometry":{"type":"Polygon","coordinates":[[[-81.37353,44.50162],[-81.36805,44.50852],[-81.35929,44.51598],[-81.35499,44.52173],[-82.3304,44.52161],[-82.22545,44.05513],[-81.74575,44.05419],[-81.75446,44.06351],[-81.75644,44.071],[-81.75881,44.07379],[-81.75591,44.07482],[-81.74392,44.08905],[-81.74327,44.09119],[-81.73307,44.09994],[-81.70867,44.11497],[-81.68186,44.13842],[-81.67821,44.14293],[-81.66329,44.15246],[-81.65732,44.16047],[-81.65122,44.16442],[-81.64419,44.17149],[-81.64094,44.17665],[-81.64095,44.1773],[-81.64345,44.17779],[-81.63965,44.17718],[-81.64005,44.17608],[-81.63912,44.17579],[-81.63822,44.17698],[-81.64341,44.17813],[-81.64066,44.17769],[-81.63975,44.17962],[-81.63879,44.18679],[-81.63666,44.18964],[-81.63705,44.19186],[-81.6291,44.19819],[-81.62744,44.20188],[-81.62243,44.20852],[-81.6221,44.21047],[-81.61483,44.21722],[-81.61446,44.21989],[-81.61648,44.22148],[-81.61466,44.2214],[-81.61342,44.22342],[-81.61422,44.22532],[-81.61115,44.23271],[-81.60862,44.24604],[-81.60459,44.25155],[-81.60472,44.25342],[-81.60341,44.25458],[-81.604,44.25456],[-81.60461,44.25375],[-81.60506,44.25453],[-81.60289,44.25637],[-81.60198,44.25794],[-81.60253,44.25988],[-81.60151,44.26038],[-81.60217,44.26254],[-81.60525,44.26417],[-81.60462,44.26531],[-81.60928,44.26727],[-81.60839,44.26931],[-81.60922,44.27043],[-81.60389,44.27252],[-81.60322,44.27449],[-81.60387,44.27516],[-81.60218,44.27554],[-81.59613,44.28314],[-81.59225,44.28599],[-81.59167,44.28795],[-81.59224,44.29229],[-81.59532,44.29625],[-81.59854,44.29667],[-81.60188,44.29551],[-81.60409,44.2965],[-81.60425,44.29849],[-81.59812,44.3024],[-81.59636,44.3058],[-81.59822,44.30745],[-81.60161,44.30731],[-81.60564,44.30844],[-81.60567,44.31355],[-81.60855,44.3151],[-81.60682,44.3201],[-81.60482,44.32151],[-81.60424,44.3236],[-81.60128,44.3269],[-81.6017,44.3277],[-81.59768,44.32963],[-81.59711,44.33258],[-81.59785,44.33312],[-81.59388,44.33089],[-81.59421,44.33138],[-81.59742,44.33352],[-81.5946,44.3324],[-81.5937,44.33356],[-81.59286,44.33298],[-81.59107,44.33343],[-81.59079,44.33516],[-81.58788,44.33437],[-81.5849,44.3362],[-81.58446,44.33585],[-81.58512,44.33515],[-81.58264,44.33426],[-81.5809,44.33658],[-81.5838,44.34126],[-81.58274,44.34201],[-81.58053,44.34186],[-81.57905,44.34335],[-81.57868,44.34157],[-81.57722,44.34087],[-81.57827,44.34175],[-81.57802,44.34309],[-81.57127,44.3423],[-81.57102,44.34299],[-81.56704,44.33831],[-81.56701,44.33639],[-81.56621,44.33614],[-81.56425,44.33725],[-81.56458,44.33667],[-81.56336,44.3361],[-81.56481,44.3354],[-81.56213,44.33502],[-81.56154,44.33319],[-81.55667,44.33398],[-81.55759,44.33214],[-81.55706,44.33204],[-81.55685,44.3331],[-81.55648,44.33192],[-81.55636,44.33418],[-81.55439,44.33336],[-81.55447,44.3341],[-81.55356,44.33406],[-81.55402,44.33428],[-81.55688,44.33422],[-81.55674,44.33514],[-81.55536,44.33485],[-81.55681,44.33542],[-81.55401,44.33503],[-81.55465,44.33576],[-81.55387,44.33512],[-81.55435,44.33599],[-81.55319,44.33629],[-81.55428,44.33633],[-81.55304,44.33674],[-81.55215,44.33604],[-81.55178,44.33621],[-81.5524,44.33659],[-81.55094,44.33674],[-81.55126,44.33786],[-81.55312,44.33719],[-81.55194,44.33721],[-81.55255,44.33675],[-81.55313,44.33702],[-81.55344,44.3374],[-81.55259,44.33919],[-81.55186,44.33905],[-81.55249,44.33948],[-81.55162,44.34176],[-81.55071,44.34186],[-81.55166,44.34236],[-81.5514,44.3446],[-81.54625,44.34527],[-81.54558,44.34602],[-81.54599,44.34641],[-81.54624,44.34535],[-81.54806,44.34557],[-81.55102,44.34492],[-81.55053,44.3457],[-81.55136,44.34597],[-81.55006,44.34643],[-81.55194,44.34741],[-81.55089,44.34771],[-81.55284,44.34897],[-81.55475,44.3485],[-81.55436,44.34909],[-81.55285,44.34917],[-81.5543,44.3516],[-81.55314,44.35249],[-81.55565,44.35373],[-81.5524,44.35395],[-81.55167,44.35506],[-81.55389,44.35619],[-81.55289,44.35665],[-81.55421,44.35735],[-81.55312,44.35748],[-81.5539,44.35824],[-81.55307,44.35793],[-81.55165,44.35658],[-81.54971,44.35606],[-81.55147,44.35674],[-81.54991,44.35715],[-81.54907,44.35847],[-81.55129,44.36024],[-81.54964,44.36015],[-81.5471,44.36255],[-81.54744,44.36339],[-81.54646,44.36266],[-81.54375,44.36269],[-81.54287,44.3617],[-81.54045,44.36174],[-81.53954,44.36386],[-81.53759,44.36424],[-81.53553,44.3661],[-81.53344,44.36634],[-81.53309,44.36815],[-81.53212,44.36777],[-81.53277,44.36831],[-81.53028,44.36976],[-81.52924,44.37375],[-81.53161,44.37532],[-81.52863,44.3775],[-81.52663,44.37668],[-81.52685,44.37712],[-81.52601,44.37608],[-81.52525,44.37633],[-81.52446,44.37726],[-81.52544,44.37747],[-81.52452,44.37765],[-81.52785,44.37845],[-81.52537,44.37931],[-81.52344,44.37943],[-81.52334,44.38085],[-81.52466,44.38212],[-81.52443,44.38293],[-81.52303,44.38301],[-81.52226,44.38587],[-81.52113,44.38676],[-81.52187,44.3874],[-81.51967,44.38733],[-81.52016,44.38846],[-81.51754,44.389],[-81.51792,44.38995],[-81.51457,44.39267],[-81.5147,44.39352],[-81.51184,44.39404],[-81.51172,44.39578],[-81.50983,44.39537],[-81.50899,44.39706],[-81.5112,44.39781],[-81.50833,44.39841],[-81.50815,44.39942],[-81.50926,44.39992],[-81.50764,44.40151],[-81.50866,44.40219],[-81.50398,44.40143],[-81.50257,44.402],[-81.50114,44.40487],[-81.49879,44.40628],[-81.49823,44.40759],[-81.49911,44.40887],[-81.49758,44.40846],[-81.49774,44.40984],[-81.4961,44.41001],[-81.49323,44.41238],[-81.49075,44.41217],[-81.48302,44.41476],[-81.4821,44.41601],[-81.48314,44.41811],[-81.48241,44.41788],[-81.48153,44.41875],[-81.4804,44.41794],[-81.47978,44.41873],[-81.47841,44.41806],[-81.47932,44.41788],[-81.47837,44.41619],[-81.47717,44.41772],[-81.47764,44.4183],[-81.47514,44.41776],[-81.47116,44.41873],[-81.46811,44.41594],[-81.46214,44.41946],[-81.46164,44.42234],[-81.46105,44.42081],[-81.46133,44.41933],[-81.46033,44.41881],[-81.45138,44.4207],[-81.451,44.42181],[-81.45042,44.42086],[-81.44912,44.42094],[-81.44913,44.42235],[-81.44724,44.42296],[-81.44696,44.42451],[-81.44683,44.42193],[-81.44353,44.42112],[-81.43766,44.42285],[-81.43554,44.42254],[-81.4331,44.42391],[-81.43177,44.42624],[-81.42957,44.42417],[-81.42679,44.42392],[-81.42225,44.42786],[-81.41852,44.42838],[-81.40714,44.43459],[-81.40338,44.43911],[-81.40355,44.44234],[-81.40497,44.44347],[-81.40479,44.44348],[-81.40386,44.44347],[-81.40248,44.445],[-81.40287,44.44641],[-81.40488,44.44637],[-81.40768,44.44944],[-81.40436,44.45731],[-81.40112,44.46077],[-81.39998,44.46443],[-81.39469,44.46615],[-81.39309,44.46594],[-81.39199,44.46719],[-81.39062,44.46692],[-81.38953,44.4676],[-81.39038,44.47072],[-81.39302,44.47026],[-81.39299,44.47125],[-81.39464,44.47161],[-81.39277,44.47271],[-81.39341,44.47296],[-81.39207,44.47319],[-81.3905,44.47142],[-81.38837,44.47241],[-81.38791,44.47508],[-81.38993,44.47473],[-81.38994,44.4741],[-81.39028,44.47466],[-81.39003,44.4754],[-81.39065,44.47528],[-81.38527,44.47929],[-81.38518,44.48145],[-81.38832,44.48975],[-81.37875,44.4945],[-81.37621,44.49964],[-81.37481,44.49985],[-81.37354,44.50133],[-81.37537,44.50156],[-81.37353,44.50162]]]}},{"type":"Feature","properties":{"OGF_ID":60000195},"geometry":{"type":"Polygon","coordinates":[[[-81.73132,43.96642],[-81.73404,43.98204],[-81.73264,44.01148],[-81.73409,44.02575],[-81.74151,44.04612],[-81.74575,44.05419],[-82.22545,44.05513],[-82.14118,43.6748],[-81.71247,43.62408],[-81.71589,43.63887],[-81.71927,43.64395],[-81.71906,43.64997],[-81.72062,43.6559],[-81.72094,43.662],[-81.72253,43.6639],[-81.72335,43.66834],[-81.72331,43.68245],[-81.72603,43.68789],[-81.72732,43.6951],[-81.72887,43.6972],[-81.72308,43.70565],[-81.72174,43.71082],[-81.72215,43.71417],[-81.72455,43.71811],[-81.72368,43.72255],[-81.72427,43.72767],[-81.72566,43.73017],[-81.7243,43.7331],[-81.72504,43.7325],[-81.72499,43.73569],[-81.72729,43.73906],[-81.72643,43.744],[-81.72674,43.74518],[-81.72967,43.74542],[-81.72915,43.74555],[-81.72381,43.74498],[-81.72163,43.74442],[-81.71732,43.74656],[-81.72376,43.74725],[-81.72497,43.74576],[-81.72405,43.74732],[-81.72545,43.74596],[-81.72505,43.74563],[-81.73058,43.74624],[-81.7306,43.74707],[-81.72818,43.74687],[-81.72822,43.74818],[-81.73292,43.74919],[-81.72795,43.74833],[-81.72523,43.75068],[-81.72358,43.75393],[-81.72264,43.75746],[-81.72263,43.76561],[-81.71916,43.78295],[-81.71984,43.78666],[-81.72328,43.79203],[-81.72543,43.80012],[-81.72854,43.80485],[-81.72405,43.81059],[-81.72158,43.81568],[-81.72038,43.82745],[-81.7211,43.83601],[-81.72556,43.84966],[-81.72409,43.86313],[-81.7251,43.86608],[-81.72777,43.86807],[-81.7259,43.87088],[-81.72341,43.87889],[-81.72298,43.88811],[-81.7208,43.90148],[-81.72266,43.91784],[-81.72121,43.93043],[-81.72312,43.94044],[-81.73132,43.96642]]]}},{"type":"Feature","properties":{"OGF_ID":60000196},"geometry":{"type":"Polygon","coordinates":[[[-79.53268,43.57667],[-79.54342,43.58073],[-79.54441,43.57786],[-79.54299,43.577],[-79.5426,43.57503],[-79.54484,43.57387],[-79.54621,43.57444],[-79.54598,43.57196],[-79.542,43.56919],[-79.54679,43.57198],[-79.54855,43.57189],[-79.55196,43.56975],[-79.55021,43.57018],[-79.54807,43.57173],[-79.54708,43.57172],[-79.54197,43.56785],[-79.54692,43.57122],[-79.54815,43.57133],[-79.55316,43.5681],[-79.55526,43.56287],[-79.55346,43.56822],[-79.55488,43.57047],[-79.55618,43.56775],[-79.55822,43.56879],[-79.55898,43.56844],[-79.55715,43.56725],[-79.55817,43.56643],[-79.55757,43.56443],[-79.55828,43.56385],[-79.557,43.56297],[-79.55537,43.5638],[-79.5581,43.56209],[-79.55944,43.56282],[-79.55956,43.56442],[-79.56152,43.56482],[-79.56035,43.56689],[-79.5613,43.56742],[-79.56362,43.56523],[-79.56056,43.56276],[-79.56225,43.5618],[-79.56435,43.5642],[-79.56549,43.56394],[-79.57155,43.55715],[-79.58081,43.55315],[-79.58103,43.55245],[-79.57618,43.54951],[-79.58115,43.55232],[-79.58225,43.552],[-79.57927,43.54991],[-79.58108,43.5494],[-79.5803,43.54841],[-79.57647,43.54811],[-79.58047,43.54822],[-79.58366,43.54445],[-79.58248,43.54332],[-79.58502,43.54483],[-79.58505,43.54298],[-79.59009,43.5395],[-79.59436,43.53947],[-79.59796,43.53645],[-79.60132,43.52854],[-79.60227,43.52347],[-79.60113,43.50982],[-79.60438,43.49972],[-79.60643,43.49656],[-79.60367,43.49473],[-79.60261,43.49278],[-79.60386,43.49469],[-79.60661,43.49652],[-79.6142,43.49278],[-79.61567,43.48892],[-79.60951,43.4841],[-79.60991,43.48358],[-79.61572,43.48799],[-79.62133,43.48448],[-79.09915,43.30402],[-79.20067,43.45048],[-79.53268,43.57667]]]}},{"type":"Feature","properties":{"OGF_ID":60000197},"geometry":{"type":"Polygon","coordinates":[[[-81.70991,43.59243],[-81.71317,43.61534],[-81.71247,43.62408],[-82.14118,43.6748],[-82.12281,43.5912],[-82.24425,43.35059],[-81.94778,43.2199],[-81.91671,43.23],[-81.90978,43.23304],[-81.9039,43.23433],[-81.90129,43.23615],[-81.87664,43.24679],[-81.84989,43.25963],[-81.80829,43.28311],[-81.78479,43.29872],[-81.76968,43.31017],[-81.7666,43.31334],[-81.76806,43.31382],[-81.76679,43.31371],[-81.76153,43.31762],[-81.74363,43.33388],[-81.73013,43.35074],[-81.72342,43.36158],[-81.71665,43.37551],[-81.71255,43.38607],[-81.70969,43.39829],[-81.71301,43.41244],[-81.71434,43.41361],[-81.71454,43.42225],[-81.71781,43.42579],[-81.717,43.43852],[-81.7184,43.44622],[-81.71635,43.45915],[-81.71625,43.47489],[-81.71344,43.48012],[-81.71231,43.48545],[-81.71119,43.49771],[-81.71213,43.50302],[-81.71149,43.51192],[-81.70735,43.52053],[-81.70602,43.53073],[-81.70607,43.54253],[-81.70691,43.54626],[-81.706,43.54976],[-81.70609,43.5634],[-81.70693,43.56902],[-81.70993,43.5699],[-81.70812,43.58085],[-81.70991,43.59243]]]}},{"type":"Feature","properties":{"OGF_ID":60000198},"geometry":{"type":"Polygon","coordinates":[[[-79.62133,43.48448],[-79.62397,43.48197],[-79.62498,43.48284],[-79.62554,43.48269],[-79.62442,43.48226],[-79.62595,43.47937],[-79.62966,43.47558],[-79.63673,43.47205],[-79.64284,43.46729],[-79.64444,43.46173],[-79.64583,43.46037],[-79.64849,43.45968],[-79.65373,43.45437],[-79.65418,43.45261],[-79.66167,43.44712],[-79.665,43.44348],[-79.666,43.44138],[-79.66539,43.43945],[-79.66656,43.43986],[-79.66903,43.439],[-79.67004,43.43737],[-79.67809,43.43128],[-79.67933,43.42728],[-79.68285,43.42554],[-79.68405,43.42411],[-79.6847,43.41877],[-79.68575,43.41654],[-79.68674,43.41688],[-79.68593,43.41629],[-79.68941,43.41521],[-79.69068,43.41375],[-79.69085,43.40527],[-79.69172,43.40392],[-79.70216,43.39893],[-79.70656,43.39466],[-79.70721,43.39333],[-79.70582,43.39283],[-79.70976,43.39238],[-79.71007,43.3906],[-79.71235,43.38776],[-79.71345,43.38324],[-79.71628,43.37956],[-79.71778,43.37559],[-79.71257,43.37143],[-79.71275,43.37139],[-79.71824,43.37528],[-79.72077,43.37299],[-79.72308,43.37282],[-79.72509,43.37137],[-79.72769,43.36733],[-79.7336,43.3654],[-79.73489,43.36382],[-79.73597,43.36375],[-79.74295,43.35838],[-79.74655,43.35657],[-79.74891,43.35346],[-79.75415,43.35151],[-79.7592,43.34626],[-79.76163,43.34489],[-79.76546,43.33948],[-79.76957,43.33876],[-79.77215,43.33494],[-79.79547,43.32394],[-79.80031,43.31994],[-79.80033,43.31261],[-79.7969,43.30275],[-79.79492,43.30072],[-79.79109,43.30182],[-79.7992,43.29766],[-79.79855,43.29851],[-79.80166,43.29694],[-79.80353,43.30028],[-79.80436,43.30002],[-79.80043,43.30215],[-79.80036,43.30346],[-79.80284,43.30717],[-79.80451,43.30813],[-79.80468,43.31058],[-79.80663,43.31217],[-79.80602,43.31327],[-79.80836,43.31449],[-79.80636,43.31327],[-79.80722,43.31242],[-79.81312,43.31323],[-79.82148,43.31066],[-79.82706,43.30791],[-79.82815,43.30825],[-79.82878,43.30701],[-79.83186,43.30715],[-79.83373,43.30598],[-79.83859,43.30492],[-79.83937,43.3037],[-79.84422,43.30198],[-79.84531,43.30109],[-79.84482,43.29998],[-79.8484,43.3007],[-79.84753,43.3],[-79.85069,43.29832],[-79.85143,43.29899],[-79.851,43.29839],[-79.86302,43.29119],[-79.86822,43.2864],[-79.87153,43.28749],[-79.87429,43.28678],[-79.88354,43.28044],[-79.88405,43.28073],[-79.88149,43.28268],[-79.88165,43.28395],[-79.88463,43.28342],[-79.88622,43.28417],[-79.88687,43.28633],[-79.88624,43.28895],[-79.88725,43.28931],[-79.88515,43.28964],[-79.88351,43.28896],[-79.88076,43.28954],[-79.88356,43.29205],[-79.88284,43.29034],[-79.88506,43.29063],[-79.88567,43.2898],[-79.88666,43.29172],[-79.89061,43.28475],[-79.89023,43.28171],[-79.88924,43.28162],[-79.88982,43.27982],[-79.87844,43.27704],[-79.86724,43.28133],[-79.80193,43.29579],[-79.79082,43.30145],[-79.71144,43.30058],[-79.54167,43.3019],[-79.09915,43.30402],[-79.62133,43.48448]]]}},{"type":"Feature","properties":{"OGF_ID":60000213},"geometry":{"type":"Polygon","coordinates":[[[-82.46691,42.88151],[-82.46705,42.88243],[-82.46742,42.88317],[-82.46701,42.88154],[-82.46691,42.88151]]]}},{"type":"Feature","properties":{"OGF_ID":60000214},"geometry":{"type":"Polygon","coordinates":[[[-82.46739,42.88132],[-82.46863,42.88122],[-82.469,42.88043],[-82.46685,42.87303],[-82.46696,42.87017],[-82.46558,42.8719],[-82.4649,42.87797],[-82.46374,42.87822],[-82.46323,42.87936],[-82.46393,42.88001],[-82.46489,42.87836],[-82.46414,42.87989],[-82.4663,42.88003],[-82.46739,42.88132]]]}},{"type":"Feature","properties":{"OGF_ID":60000215},"geometry":{"type":"Polygon","coordinates":[[[-82.48733,42.70215],[-82.48794,42.70278],[-82.49319,42.69977],[-82.49409,42.69656],[-82.49323,42.69561],[-82.49186,42.69679],[-82.49298,42.69744],[-82.4924,42.6993],[-82.48821,42.70193],[-82.48701,42.70062],[-82.48733,42.70215]]]}},{"type":"Feature","properties":{"OGF_ID":60000216},"geometry":{"type":"Polygon","coordinates":[[[-82.48798,42.70096],[-82.48811,42.70179],[-82.49048,42.70053],[-82.49238,42.69906],[-82.49273,42.69747],[-82.49143,42.69709],[-82.49093,42.69864],[-82.48798,42.70096]]]}},{"type":"Feature","properties":{"OGF_ID":60000217},"geometry":{"type":"Polygon","coordinates":[[[-82.48907,42.69857],[-82.48733,42.70009],[-82.48763,42.7009],[-82.4911,42.69749],[-82.48907,42.69857]]]}},{"type":"Feature","properties":{"OGF_ID":60000218},"geometry":{"type":"Polygon","coordinates":[[[-76.64189,44.1918],[-76.64641,44.19147],[-76.652,44.18799],[-76.6558,44.18782],[-76.66292,44.1849],[-76.66517,44.18466],[-76.66883,44.18138],[-76.67502,44.17859],[-76.67716,44.17862],[-76.67717,44.18096],[-76.68376,44.17977],[-76.69544,44.17195],[-76.69807,44.17196],[-76.69867,44.17138],[-76.69844,44.17234],[-76.69808,44.17287],[-76.69683,44.17379],[-76.69779,44.17391],[-76.70329,44.17207],[-76.70304,44.17135],[-76.70564,44.16895],[-76.70881,44.16904],[-76.70956,44.16818],[-76.70727,44.17118],[-76.71018,44.1715],[-76.71149,44.16973],[-76.7227,44.1656],[-76.72439,44.16566],[-76.72531,44.16713],[-76.72052,44.17197],[-76.72392,44.17444],[-76.73293,44.16553],[-76.73469,44.1653],[-76.73714,44.16316],[-76.74368,44.16044],[-76.74488,44.15901],[-76.75397,44.15634],[-76.75684,44.15474],[-76.76212,44.15376],[-76.76231,44.15364],[-76.76212,44.15337],[-76.76265,44.15301],[-76.76356,44.15329],[-76.7645,44.15172],[-76.76747,44.15119],[-76.76923,44.14955],[-76.77618,44.14752],[-76.78241,44.14444],[-76.7851,44.14444],[-76.78843,44.1465],[-76.79536,44.14263],[-76.79726,44.14252],[-76.80037,44.14079],[-76.80438,44.13978],[-76.80687,44.1373],[-76.80722,44.13278],[-76.81263,44.12835],[-76.80839,44.12581],[-76.80688,44.12331],[-76.80384,44.1208],[-76.80434,44.11852],[-76.80198,44.11821],[-76.80134,44.11712],[-76.79659,44.11672],[-76.79235,44.11961],[-76.78686,44.12148],[-76.78341,44.12127],[-76.7803,44.11935],[-76.77897,44.11589],[-76.78112,44.11476],[-76.78274,44.11205],[-76.7812,44.10941],[-76.78592,44.10139],[-76.7745,44.10715],[-76.771,44.10761],[-76.76768,44.10708],[-76.76473,44.10533],[-76.76563,44.10232],[-76.76302,44.10326],[-76.75957,44.10317],[-76.75631,44.10275],[-76.75411,44.10158],[-76.75265,44.10439],[-76.7498,44.1056],[-76.74671,44.10925],[-76.74102,44.11337],[-76.73513,44.11468],[-76.73165,44.1144],[-76.72767,44.1133],[-76.72134,44.11004],[-76.718,44.111],[-76.71615,44.11256],[-76.71495,44.116],[-76.71029,44.11731],[-76.70363,44.11663],[-76.69946,44.11455],[-76.69881,44.11317],[-76.70004,44.11235],[-76.70219,44.10779],[-76.70144,44.1065],[-76.70347,44.10346],[-76.69992,44.10488],[-76.69787,44.10601],[-76.69743,44.10835],[-76.69386,44.11201],[-76.69051,44.12107],[-76.68349,44.12782],[-76.68306,44.13009],[-76.6804,44.13389],[-76.68224,44.13618],[-76.68203,44.13739],[-76.67608,44.14317],[-76.67005,44.14675],[-76.66328,44.14871],[-76.66231,44.15113],[-76.6585,44.15533],[-76.6522,44.16078],[-76.64655,44.164],[-76.64306,44.16488],[-76.62763,44.17198],[-76.62135,44.17679],[-76.61911,44.17965],[-76.6189,44.18172],[-76.62061,44.18341],[-76.62024,44.18614],[-76.62176,44.18724],[-76.62151,44.18669],[-76.6208,44.18598],[-76.62358,44.18579],[-76.62469,44.18701],[-76.63046,44.18667],[-76.63675,44.18783],[-76.6404,44.18927],[-76.64189,44.1918]]]}}]}