{"type":"FeatureCollection","features":[{"type":"Feature","properties":{},"geometry":{"type":"MultiPolygon","coordinates":[[[[-89.76902476622553,33.01475187175217],[-89.76902476622553,54.218265276641475],[-69.05212263928233,54.218265276641475],[-69.05212263928233,33.01475187175217],[-89.76902476622553,33.01475187175217]],[[-79.71422394976739,43.20102068990463],[-79.71891355135267,43.202162189890004],[-79.72420495316369,43.203707689919185],[-79.72804455445835,43.2046046899005],[-79.72927255487238,43.20489148989446],[-79.73288435610255,43.20587698990198],[-79.73478155674869,43.206394589905905],[-79.73960115838155,43.20760998989816],[-79.74405435986975,43.20849628984895],[-79.74418775991431,43.20852278984751],[-79.74468376008006,43.208621489841995],[-79.74472426009392,43.208633189842224],[-79.74489886011348,43.20822038976091],[-79.74670886031626,43.20393898891748],[-79.74672926031631,43.20386518890344],[-79.75149916195888,43.20537608895037],[-79.75351376264574,43.20593478895608],[-79.7569095638027,43.20686668896388],[-79.76173856542678,43.20794838893181],[-79.76340936559833,43.20381878812183],[-79.76357906561515,43.20339248803834],[-79.76364226562126,43.20323178800691],[-79.76408686566404,43.202099287785344],[-79.76418096566782,43.201799187727744],[-79.76478296573094,43.20032618743856],[-79.76523956577485,43.199163187211035],[-79.76531336578326,43.19899028717694],[-79.7678293660831,43.19324918604174],[-79.76791726609356,43.19304858600205],[-79.76902476622553,43.190521085502226],[-79.75465566135907,43.18689908552557],[-79.75388766109987,43.18671598552866],[-79.75329116089877,43.186575785531424],[-79.7497163596933,43.18573568554798],[-79.74947735961352,43.185688485550685],[-79.74951725961554,43.185565885527076],[-79.74738945889813,43.18506658553706],[-79.7409745567268,43.18346448554984],[-79.73960335626063,43.183098485548385],[-79.73653045522478,43.182380485563236],[-79.73358045422175,43.18159148555978],[-79.73209055370617,43.18108848553941],[-79.7294744528046,43.1802494855116],[-79.72674745187778,43.17952468550916],[-79.72517955134366,43.1790934855052],[-79.7220575502906,43.17835658551887],[-79.7197205494964,43.17773648551689],[-79.71583944818333,43.176774485525684],[-79.71138344668204,43.17574258554857],[-79.71001264621681,43.17538558554864],[-79.70684254514708,43.17463248556149],[-79.7017734434365,43.17342748558194],[-79.69988754280361,43.17301958559667],[-79.69702344183553,43.17232058560496],[-79.69009353950645,43.17078258565216],[-79.68649443829068,43.169912485663964],[-79.68403353746402,43.16937148568157],[-79.68035043622325,43.16852048570056],[-79.67553843460223,43.1674095857255],[-79.67043443288068,43.1662064857475],[-79.6604465295161,43.163901585799145],[-79.65195142665797,43.1619826858503],[-79.65057332619246,43.161649885854736],[-79.64984682610044,43.163255986173716],[-79.63522652118867,43.16003948627656],[-79.63012181947364,43.15891598631227],[-79.62383261736147,43.15754108635787],[-79.61065161293449,43.154658186452856],[-79.6059306113456,43.15358698647988],[-79.60094890967193,43.152491986514626],[-79.59619910807581,43.151443886547],[-79.59238450759842,43.159964688238],[-79.58831700705176,43.168610589962626],[-79.58817750700491,43.1685802899636],[-79.58811620699693,43.16871358999015],[-79.56870370047731,43.16449229013348],[-79.55960929742673,43.162559190208206],[-79.54999049419986,43.16051069028639],[-79.55004509420577,43.16037779026024],[-79.54976129411058,43.16031729026252],[-79.55335989450882,43.15165658855641],[-79.55338129451131,43.15160608854639],[-79.5435296912019,43.14945198861615],[-79.53594318864627,43.147710488655],[-79.53398948799062,43.14729098867009],[-79.53235578743775,43.14688678867324],[-79.52462718483413,43.14511168871238],[-79.5282854852485,43.136402586994194],[-79.53513608602528,43.12009758377644],[-79.53570078608216,43.11866918349611],[-79.5266844830424,43.116558683534166],[-79.52500228247487,43.1161605835405],[-79.51709037980574,43.11428788357003],[-79.51420907883534,43.113625683584246],[-79.51193937810842,43.11354248367355],[-79.51174917805368,43.113607883693916],[-79.5113458779376,43.11374638373714],[-79.51162767884598,43.1233251854304],[-79.51165127891704,43.124068885561776],[-79.5116495789165,43.12406878556181],[-79.51165107892146,43.1241211855711],[-79.50608037712252,43.12374598575988],[-79.50581777703992,43.12375458577344],[-79.50442427660323,43.123816585848445],[-79.50108867555795,43.12396508602794],[-79.495057473664,43.12418868634439],[-79.49494557362868,43.12419128634998],[-79.49481047358613,43.12419448635675],[-79.4841816702394,43.124485786896045],[-79.47887416856852,43.1246360871661],[-79.47390156699272,43.124656487397694],[-79.47365476691584,43.1246726874119],[-79.46857006533116,43.12500588770429],[-79.46288696356882,43.12548248804955],[-79.46264096349252,43.12550298806448],[-79.46042476278743,43.125480488162026],[-79.45822716208828,43.1254580882587],[-79.4571394617379,43.125396688297606],[-79.4534645605542,43.12518898842889],[-79.45331216050657,43.12519748843744],[-79.4532182604772,43.12520268844264],[-79.45266436030434,43.12523658847406],[-79.44825405892797,43.125506288724075],[-79.44433075771065,43.125829188961276],[-79.44338685741778,43.125906889018346],[-79.44325615737644,43.125908189024585],[-79.44313955733952,43.12590938903012],[-79.43816845576623,43.12595758926628],[-79.43288655409584,43.12602458952],[-79.43281615407363,43.126026289523516],[-79.43263945401793,43.12603048953238],[-79.42770365246174,43.12614948977946],[-79.42589175189217,43.12621308987369],[-79.42262455086511,43.12632769004362],[-79.42237755078736,43.12633519005632],[-79.41735204920505,43.126482690312486],[-79.41386054810751,43.12660639049427],[-79.41223224759565,43.126664090579034],[-79.41204854753815,43.126674090589205],[-79.41198554751846,43.12667749059271],[-79.41015234693941,43.1267097906823],[-79.40723684601842,43.12676099082474],[-79.4071519459916,43.12676249082888],[-79.40698474593877,43.12676549083706],[-79.40705414607422,43.12809559107095],[-79.40708274612923,43.12863439116567],[-79.40717874631368,43.13044059148312],[-79.40746654687082,43.135902492443186],[-79.40749194687878,43.1359017924419],[-79.40754084689516,43.135911492441416],[-79.41256054847827,43.13579219219053],[-79.41711304991247,43.13566629195979],[-79.41716284992678,43.135648791954395],[-79.41745045001733,43.135639791939596],[-79.420325350922,43.135548491791816],[-79.42212195148738,43.135492091699525],[-79.4229831517594,43.135476991657384],[-79.42300455176617,43.135476291656296],[-79.42292455157789,43.13356769131994],[-79.42490485220155,43.13351079121918],[-79.42494835227099,43.13416269133331],[-79.42548155250451,43.134916191443175],[-79.42622795273941,43.13489319140492],[-79.42622665274193,43.13492699141097],[-79.42625145274975,43.1349270914099],[-79.42696725297684,43.13492569137682],[-79.42743485312386,43.13490979135261],[-79.42743355312153,43.13488679134856],[-79.42811635333541,43.13485379131141],[-79.42812135333268,43.13480349130223],[-79.42848825344842,43.134794991283925],[-79.42885985356554,43.13478559126524],[-79.42885655355244,43.134644291240214],[-79.42883675350578,43.13417129115686],[-79.42946015370188,43.134150991124685],[-79.42943375363829,43.13350369101061],[-79.43100045413036,43.13344399092824],[-79.43093565402644,43.13246689075714],[-79.4305713539136,43.13249939077965],[-79.43056155388913,43.132249590735576],[-79.43309555467907,43.13208249058982],[-79.43309075465741,43.13184649054796],[-79.43382225488382,43.13177899050243],[-79.43393365499148,43.13262659064833],[-79.43369105491468,43.13262899065989],[-79.43375215499569,43.133350690785655],[-79.43375795502263,43.13364459083776],[-79.43379395506844,43.134047890907944],[-79.43644905590901,43.134023790782116],[-79.43645405593199,43.134274690826544],[-79.43865705662952,43.134255990722345],[-79.43866915664883,43.13443719075406],[-79.43895015673783,43.13443479074079],[-79.43898805679781,43.134996590839165],[-79.438793556744,43.13508949086458],[-79.43997335711755,43.13507959080877],[-79.4400347571371,43.1350803908061],[-79.44036685724215,43.13507599079015],[-79.44237145787675,43.135058290695206],[-79.44383535833919,43.13503319062367],[-79.44403205840185,43.13503589061512],[-79.4440685584142,43.13504539061518],[-79.44576825894403,43.13493349051736],[-79.44648255916695,43.134889090476754],[-79.4476399595286,43.13482369041211],[-79.44780015957812,43.13480789040192],[-79.44784955959305,43.1347995903982],[-79.44994256024734,43.1346837902817],[-79.44997956025914,43.1346842902801],[-79.45138346069704,43.13459529019992],[-79.45139576070093,43.1345953901994],[-79.45233166099284,43.13453599014595],[-79.45304616121503,43.13448269010367],[-79.45375966144069,43.134474290069534],[-79.45390726148696,43.134467290061494],[-79.45411606155422,43.134479090054064],[-79.45546586199173,43.1345872900115],[-79.45650896232931,43.13466448997742],[-79.45722026256126,43.13473718995781],[-79.45780966275048,43.134763089935376],[-79.45833786292023,43.134788089915624],[-79.45878016306183,43.13480318989808],[-79.45905056314797,43.134806789886284],[-79.46001026345053,43.134783689838244],[-79.46004706346221,43.134784189836644],[-79.46029326353909,43.13476958982278],[-79.46149926391779,43.134722689759116],[-79.46289006435448,43.1346693896859],[-79.46343326452481,43.134645089656665],[-79.46470206492192,43.134581089587115],[-79.46595446531228,43.134498889515065],[-79.4662168653939,43.134479889499644],[-79.46742656576951,43.13438358942705],[-79.46775806587392,43.134374489410256],[-79.46816436600093,43.134352989387786],[-79.46862076614322,43.13432298936154],[-79.46867776616101,43.13431928935829],[-79.4692516663407,43.13429098932695],[-79.46977296650509,43.13427988930108],[-79.47045976672112,43.134257589265616],[-79.47050126673437,43.13425818926378],[-79.47266486741403,43.13417898915055],[-79.47389976780343,43.13415048908881],[-79.47410906786891,43.13413968907731],[-79.4741374678779,43.13413998907606],[-79.47426066791598,43.13412818906834],[-79.47440096796491,43.134179589071024],[-79.47446096798635,43.13420738907322],[-79.47456106802244,43.13425818907767],[-79.47475216809174,43.13435978908704],[-79.47495926816657,43.1344661890965],[-79.47521776826078,43.1346091891101],[-79.47538016831905,43.13468778911665],[-79.47556546838842,43.13481188913024],[-79.47582976848602,43.13497308914688],[-79.47605796857103,43.13511998916258],[-79.47659326877148,43.13547838920186],[-79.47692536889765,43.13572148922987],[-79.47719966900078,43.13590968925083],[-79.47748556910912,43.13611608927446],[-79.47775546921352,43.13633578930122],[-79.4779172692766,43.136473089318244],[-79.4781293693572,43.13662888933628],[-79.47826136940773,43.13672988934819],[-79.47848356949079,43.13687678936416],[-79.47862436954291,43.1369641893733],[-79.47870996957425,43.13701328937808],[-79.47883486961994,43.13708408938496],[-79.47914436973005,43.13722328939561],[-79.47937586981338,43.13733888940553],[-79.4796982699249,43.13744668940996],[-79.48017497009404,43.1376556894253],[-79.48053927022,43.13777758943031],[-79.48076127029609,43.13784358943189],[-79.48115757043078,43.137947889432326],[-79.48143927052658,43.13802358943285],[-79.48170507061894,43.138117189437324],[-79.48271797096683,43.138427789446176],[-79.48328457116227,43.13861088945279],[-79.48433717152326,43.138926489460744],[-79.48475777166911,43.13907168946728],[-79.48492207172488,43.139114389467316],[-79.4849776717441,43.1391330894681],[-79.48522197182693,43.13919488946794],[-79.48561547196259,43.139321689472425],[-79.48595237207682,43.13940718947222],[-79.48624327217559,43.13948298947236],[-79.48671117233803,43.139646789480054],[-79.48707757246281,43.13974618948095],[-79.48743587258377,43.13983198947982],[-79.48781667271427,43.13994508948244],[-79.48834577289391,43.14008258948272],[-79.4885880729753,43.140135289480945],[-79.48895957310049,43.1402211894792],[-79.48946277326846,43.140317989473324],[-79.49007337347172,43.14042958946521],[-79.49024797352922,43.140454389461624],[-79.4905279736222,43.14050308945744],[-79.49077197370181,43.140528889450835],[-79.49084537372597,43.140538789449224],[-79.49179407404189,43.14071348943681],[-79.49343507458593,43.14098718941022],[-79.49480407504107,43.14123038939071],[-79.4967710756958,43.14158938936436],[-79.49820987617355,43.14183788934257],[-79.49900377643672,43.141969889329644],[-79.50040427690416,43.142240389313535],[-79.50148447726424,43.14244358930012],[-79.5019213774126,43.142557489300366],[-79.5018781774023,43.14259738930946],[-79.5018643774029,43.14265568932044],[-79.50187427741994,43.14281798934887],[-79.50187967751843,43.14394818954985],[-79.50188107754862,43.1442959896117],[-79.50188107754869,43.14429688961188],[-79.50194997775145,43.146409589984785],[-79.50196947776556,43.14650219000033],[-79.50204897781127,43.146741790039364],[-79.50210957784172,43.14687309005993],[-79.50221817789136,43.1470501900865],[-79.50227707791937,43.14715899010312],[-79.50240177797144,43.14730479012339],[-79.50287407817707,43.14795689021775],[-79.50296767821789,43.148086590236524],[-79.50364807851433,43.14902749037275],[-79.50430687879889,43.149909590499526],[-79.50508587913902,43.15099579065704],[-79.50556667934923,43.15166849075475],[-79.50579297944743,43.151977590799355],[-79.50584297946303,43.15197369079632],[-79.50602997952215,43.151971590787404],[-79.50678017975983,43.15196799075231],[-79.5071790798861,43.15196419073332],[-79.50736437994509,43.151966590725195],[-79.50828378023664,43.15196509068273],[-79.50905238048097,43.15197059064845],[-79.51013078082313,43.15197109059901],[-79.51056358096014,43.151967790578546],[-79.51166668130975,43.15196399052721],[-79.51185718137081,43.15197109051974],[-79.51217808147379,43.1519842905073],[-79.51231788151905,43.151995090502844],[-79.5125499815952,43.152024990497466],[-79.51263288162204,43.1520306904947],[-79.51295498172954,43.152093390491075],[-79.51327848183797,43.15216069048818],[-79.51393278205902,43.152317690486086],[-79.51461448228912,43.152479690483574],[-79.51653188293699,43.15294129047766],[-79.5176409833113,43.1532032904733],[-79.51909508380355,43.15356429047079],[-79.5204304842537,43.15387419046457],[-79.52080558438085,43.15396909046421],[-79.52089288441017,43.15398829046361],[-79.5219332847603,43.15422229045747],[-79.52275268503737,43.154421990455354],[-79.52347348528305,43.15462039045752],[-79.5237424853741,43.154686890457],[-79.52388508542064,43.15470229045319],[-79.53039648762274,43.15629439043721],[-79.53039858762378,43.156298890437974],[-79.53509778920113,43.15730919040167],[-79.54006409086772,43.15837269036255],[-79.53998839085907,43.15855129039781],[-79.53963019081684,43.15938419056243],[-79.53862479069922,43.16173059102606],[-79.5377442905951,43.16377239142976],[-79.53705069051651,43.16542039175474],[-79.53639199043893,43.16695179205739],[-79.53629109042696,43.167184592103425],[-79.53566299035448,43.168662392395184],[-79.5349905902726,43.17019359269839],[-79.5346279902306,43.171044492866386],[-79.53448729021363,43.17136669293018],[-79.53441849020489,43.17151909296043],[-79.53453029024325,43.1715527929613],[-79.53809609145179,43.172452692957314],[-79.53809809145245,43.17245319295731],[-79.54392259341351,43.17377159292385],[-79.55036949558384,43.175228192886195],[-79.55359179666668,43.175933792863376],[-79.55827519823998,43.17695249282896],[-79.56303339982634,43.17784809276912],[-79.56798490149053,43.178935592734426],[-79.57094330248604,43.17959909271619],[-79.57094710248731,43.17959989271615],[-79.57095860249115,43.179602492716036],[-79.57292780315316,43.180036792702545],[-79.57472510375766,43.18043629269077],[-79.57472760375975,43.18045149269338],[-79.57490590381974,43.18049179269236],[-79.57490600381966,43.18049029269203],[-79.57490560381835,43.18047619268956],[-79.57758030471794,43.18107109267211],[-79.57759710472355,43.181074792671964],[-79.58228540629874,43.18209859263798],[-79.58472290711924,43.18264849262342],[-79.58473660712384,43.182651892623355],[-79.58473660712374,43.18265079262314],[-79.58741870802272,43.18321119259918],[-79.58742040802328,43.18321149259915],[-79.5919231095293,43.184115492552294],[-79.59673521114618,43.1851680925175],[-79.60181101285336,43.18629799248429],[-79.6047026138279,43.18696479246939],[-79.60761551481018,43.18764309245557],[-79.60879101518182,43.187629492398955],[-79.60885251520139,43.18763029239627],[-79.60900011524838,43.18763209238973],[-79.60920931531491,43.18763459238058],[-79.61067391577863,43.18762529231134],[-79.6111046159149,43.18762159229084],[-79.61174381612062,43.18765629226752],[-79.61191531617756,43.1876853922648],[-79.61211171624159,43.18770579225934],[-79.61273651645045,43.18783049225271],[-79.61287101649636,43.18786819225318],[-79.61334821665831,43.187990892252955],[-79.61671281779948,43.188850992250536],[-79.6175569180859,43.189068192250176],[-79.61825481832113,43.18922979224671],[-79.6187935185026,43.18935329224376],[-79.62001831891332,43.18961119223307],[-79.62059401910732,43.18974409223009],[-79.62063081911906,43.189744592228486],[-79.62106011926109,43.189812792220835],[-79.62128091933363,43.18984249221591],[-79.62162471944534,43.189873592205565],[-79.6216491194539,43.18988279220607],[-79.62314881993575,43.18995499214968],[-79.62343182002576,43.18995839213724],[-79.62434162031754,43.189996292102],[-79.62439102033328,43.189996892099785],[-79.62488282049057,43.19001189207978],[-79.62628472093888,43.19005569202288],[-79.62752782133283,43.19005259196494],[-79.62868472169937,43.190048391910835],[-79.62905372181676,43.19005289189458],[-79.62966912201179,43.190051191865884],[-79.63226632283424,43.19003729174354],[-79.63380572331772,43.18998359166292],[-79.63385492333343,43.18998419166078],[-79.63587322397315,43.18998109156704],[-79.63696442431761,43.189962591513364],[-79.63775682456772,43.18994959147446],[-79.63795772463128,43.189947391464806],[-79.63798922464125,43.18994729146335],[-79.63859392483248,43.18994149143437],[-79.63936962507695,43.189923691395414],[-79.63962802515917,43.18992679138404],[-79.63981262521789,43.189928891375864],[-79.63989692524467,43.18992989137215],[-79.63992342525309,43.18993019137098],[-79.6404253254221,43.19004419136806],[-79.64054802546269,43.19006359136582],[-79.64147862577585,43.19027289136008],[-79.64340152642168,43.19069189134567],[-79.64396492661103,43.19081559134165],[-79.64454032680496,43.19094849133865],[-79.64511602699821,43.19107239133407],[-79.64568552718956,43.191197191329934],[-79.64607142731919,43.19128179132716],[-79.6472967277292,43.191530391314686],[-79.64917072835796,43.19193079129928],[-79.65040762877393,43.19220649129109],[-79.65072622888073,43.192273291288245],[-79.65127222906428,43.19239409128447],[-79.65248972947354,43.192663291276034],[-79.65318172970596,43.19281359127077],[-79.65332262975329,43.192844191269714],[-79.65455953016927,43.19311989126148],[-79.655514830491,43.19333819125617],[-79.65600483065542,43.19344299125212],[-79.65673953090311,43.193613691248466],[-79.65675183090701,43.19361389124793],[-79.658360031451,43.19400829124368],[-79.6587961315985,43.1941151912425],[-79.6595118318406,43.19429089124062],[-79.66118323240596,43.194701391236265],[-79.66305423303903,43.19516289123177],[-79.66352143319712,43.19527809123062],[-79.66435413347757,43.19546799122587],[-79.66593363401107,43.195846591220054],[-79.66597343402412,43.1958519912192],[-79.66600723403526,43.195856491218414],[-79.66661993424023,43.19598069121217],[-79.66668883426327,43.195994191211355],[-79.66686523432215,43.19602849120933],[-79.66881443497093,43.19638449118245],[-79.66928333512702,43.196470691176074],[-79.66959883523207,43.19652869117175],[-79.67013813541217,43.19663409116553],[-79.67297713635551,43.197134491123144],[-79.67298283635738,43.19713549112306],[-79.67397593668724,43.19730909110796],[-79.67403723670749,43.19731879110686],[-79.6743441368082,43.1973582910997],[-79.67694473766723,43.197757691050356],[-79.67697773767821,43.19776359104983],[-79.67759163774636,43.196298990761484],[-79.67759243774641,43.19629729076115],[-79.67804653779685,43.19521409054782],[-79.67881283788199,43.193387090188025],[-79.67884883789404,43.19339419018763],[-79.68371513951885,43.194343990131244],[-79.6887603412017,43.19530969006934],[-79.6934295427815,43.19646279005805],[-79.69596674363652,43.19704909004476],[-79.69844874447293,43.1976224900317],[-79.69845874447627,43.19762479003165],[-79.7001354450372,43.19796489001439],[-79.70176074558096,43.19829458999769],[-79.7039912463271,43.19874688997476],[-79.70403814634284,43.198757089974414],[-79.70676914725998,43.19935128995344],[-79.70743174748249,43.199495489948376],[-79.70801484767703,43.19960808994135],[-79.70876254792651,43.19975248993238],[-79.71422394976739,43.20102068990463]],[[-79.59509731208152,43.20205949559376],[-79.5949575120907,43.2026805957105],[-79.59505761218706,43.20343039583904],[-79.6093207169586,43.206295495689865],[-79.61386031847769,43.207212795643194],[-79.61432971863475,43.207307595638376],[-79.61440421865993,43.207324995638075],[-79.61475031877667,43.2074055956364],[-79.62387482185433,43.209531595592615],[-79.6253497220321,43.20616999492769],[-79.62541642204015,43.20601829489769],[-79.62543482204234,43.205976194889374],[-79.62490552187457,43.20597729491403],[-79.62430292168122,43.20595209493734],[-79.62371392148759,43.20587299495048],[-79.6232115213192,43.205767894955045],[-79.6221094209475,43.20551149496039],[-79.6214235207168,43.20535909496498],[-79.61990472020553,43.205016694974304],[-79.6199049202048,43.205007594972656],[-79.61984462018488,43.20499809497378],[-79.61984372018455,43.2049978949738],[-79.61608431891754,43.20413319499375],[-79.61581221882663,43.20407989499686],[-79.6156921187865,43.204056394998226],[-79.61561871876162,43.20403749499827],[-79.6152891186466,43.203916494991965],[-79.61488671850458,43.203749594980884],[-79.61459431839991,43.20361089496977],[-79.61412031822654,43.20334399494428],[-79.61322111789684,43.202828794894295],[-79.61316041787447,43.202792094890555],[-79.61226121754478,43.202276894840566],[-79.61103351709667,43.20159569477622],[-79.61037721685676,43.20122749474115],[-79.61035301684745,43.20120919473899],[-79.61012211676315,43.20108039472678],[-79.60983061665561,43.2009057947092],[-79.60940561649863,43.20064849468312],[-79.60929651645773,43.20057509467511],[-79.60912671639434,43.20046499466341],[-79.60883691628119,43.200218394632955],[-79.60834121609003,43.19982519458603],[-79.6082206160423,43.199715494572125],[-79.60723171565157,43.19882109445884],[-79.60721961564695,43.198811994457785],[-79.60525411486934,43.19702299423074],[-79.60438601452555,43.196229194129785],[-79.6040590144029,43.19600919410577],[-79.60397351437257,43.19597209410314],[-79.60371781428113,43.19585189409355],[-79.60346091419315,43.19577669409208],[-79.6034236141803,43.19576519409172],[-79.6033388141512,43.19573919409103],[-79.60320571410631,43.19570839409171],[-79.60288571399845,43.195634594093356],[-79.60276321395793,43.19561509409554],[-79.60235861382371,43.195547094102125],[-79.60190501367315,43.1954695941093],[-79.60136361349281,43.19536939411646],[-79.60128001346497,43.195353894117524],[-79.60108371340014,43.1953244941214],[-79.60097361336354,43.195305194123044],[-79.60075271329015,43.19526649412636],[-79.60021341311078,43.19516979413402],[-79.59958851290256,43.195054094142314],[-79.59938001283312,43.19501549414507],[-79.59877901263484,43.19492709415713],[-79.59837401250208,43.1948771941669],[-79.59829331247596,43.19487069416949],[-79.59823891245833,43.194866394171235],[-79.59822201245288,43.19486519417175],[-79.59660161226282,43.198625894914535],[-79.59563481214332,43.20079769534484],[-79.59509731208152,43.20205949559376]],[[-79.62998602372947,43.20879869518031],[-79.62896212360036,43.211065495630045],[-79.6315103244621,43.21168549562238],[-79.6383339267697,43.21334509560181],[-79.63856912684913,43.21340159560094],[-79.63863382685572,43.21324029556932],[-79.63874992686756,43.212950695512575],[-79.63925082691864,43.211702295267834],[-79.63925102691863,43.211701495267675],[-79.64164412772611,43.21226279525677],[-79.64205502777021,43.211264195060515],[-79.64122282748927,43.21106779506411],[-79.64165022753411,43.210016994857824],[-79.64169082753834,43.209917094838204],[-79.64253652782241,43.210100594831694],[-79.64260812783017,43.209927194797615],[-79.64377002795557,43.20711189424423],[-79.6432363277904,43.207159594277336],[-79.64267572761649,43.20720479431125],[-79.6423599275186,43.207230194330364],[-79.64136622720919,43.207297294388134],[-79.6411124271302,43.207314494402944],[-79.64100192709599,43.20732419440978],[-79.6408410270462,43.20733829441971],[-79.64067372699384,43.207346894428966],[-79.64055842695778,43.207352894435346],[-79.64012842682098,43.207347794454286],[-79.63957602664289,43.207314194473845],[-79.63919952652154,43.2072912944872],[-79.63903512646851,43.20728129449299],[-79.6383106262318,43.2072007945122],[-79.63737672592919,43.20712649454215],[-79.6371200258458,43.20710399455001],[-79.63641762561777,43.207042494571525],[-79.6363784256048,43.20703639457223],[-79.63635472559697,43.20703279457269],[-79.63564192536627,43.206979294596124],[-79.63559532535074,43.206970694596734],[-79.6354840253137,43.20695029459828],[-79.63543672529826,43.206945294599585],[-79.63528682524934,43.20692919460362],[-79.63520012522105,43.20691999460602],[-79.63470922505937,43.206851094616425],[-79.63394902480664,43.20671589462755],[-79.63392602479932,43.20671569462859],[-79.63294412447053,43.20651489463828],[-79.63290742445811,43.2065053946383],[-79.63279072441915,43.20648309463972],[-79.63240492429041,43.20640929464444],[-79.63211052419288,43.20636079464944],[-79.63160802402523,43.20626469465557],[-79.63141192395969,43.2062263946578],[-79.63116812387854,43.20618169466112],[-79.63067302381606,43.20727749487851],[-79.63066572381516,43.207293794881764],[-79.63058782380533,43.20746629491601],[-79.62998602372947,43.20879869518031]],[[-79.6730409379932,43.21585109444213],[-79.6733543380282,43.215106094295436],[-79.67442803838982,43.21535109428926],[-79.67413293835713,43.21605479442774],[-79.67411563835519,43.2160960944359],[-79.67409373835277,43.21614819444616],[-79.67408593835192,43.216166694449754],[-79.67408663835214,43.216166894449785],[-79.67460603852706,43.21628539444678],[-79.67716143938777,43.21686789443193],[-79.67823863975057,43.21711339442565],[-79.67834353976214,43.21686249437627],[-79.67891563982515,43.21549329410686],[-79.67895403983616,43.21547999410274],[-79.67896033983801,43.21547779410203],[-79.6789941398477,43.21546599409839],[-79.68038874032516,43.21587369410617],[-79.68065064035397,43.21524679398284],[-79.68066034035506,43.21522359397829],[-79.68074264036417,43.21502679393954],[-79.68082484037318,43.21482999390085],[-79.68090704038222,43.21463329386216],[-79.68120304041481,43.21392489372275],[-79.68129834042529,43.213696593677824],[-79.68138604043494,43.21348669363651],[-79.68148474044584,43.21325059359005],[-79.68155214045322,43.21308919355834],[-79.6816069404593,43.21295799353253],[-79.68166174046533,43.21282679350671],[-79.6817166404714,43.21269559348087],[-79.68179884048044,43.21249889344219],[-79.68188654049011,43.21228899340086],[-79.68194674049671,43.21214469337247],[-79.68228104053348,43.21134449321501],[-79.6823437405404,43.21119449318547],[-79.6824533405525,43.210932093133835],[-79.68254224056226,43.21071929309197],[-79.68258614056708,43.21061429307129],[-79.68259824056844,43.21058519306561],[-79.68260924056963,43.21055899306043],[-79.68263854057287,43.21048879304662],[-79.682639640573,43.21048629304613],[-79.68251784053015,43.210437293043086],[-79.68250374052514,43.21043149304271],[-79.68248984052025,43.210425793042326],[-79.68199864034706,43.210223993029196],[-79.6811876400611,43.20989079300761],[-79.68036993977378,43.20956619298782],[-79.6801624397008,43.20948269298266],[-79.68006473966656,43.20944549298054],[-79.67895433927522,43.20899149295136],[-79.67889833925564,43.20897019295015],[-79.67878343921542,43.208926492947725],[-79.67806283896208,43.20863879293001],[-79.6778314388807,43.2085462929243],[-79.67774323884963,43.20851039292199],[-79.67748973876034,43.20840729291539],[-79.67734073870794,43.208347692911715],[-79.6772578386788,43.20831459290968],[-79.67674543849792,43.20810159289561],[-79.67659893844663,43.20804579289242],[-79.67650123841247,43.20800869289038],[-79.67617163829668,43.207878792882575],[-79.67563503810658,43.207647492866364],[-79.67539693802406,43.2075661928629],[-79.67517073794568,43.207488992859695],[-79.67466813777803,43.207393192865936],[-79.6746073377579,43.20738359286705],[-79.67422553763564,43.207369992882306],[-79.6738312375118,43.20738349290289],[-79.6734604374001,43.20745119293205],[-79.67311003729597,43.20753209296264],[-79.67285323726655,43.208133693081294],[-79.6726416372423,43.208629293179015],[-79.67223153719524,43.209589693368414],[-79.67213843718457,43.20980769341142],[-79.67059303700738,43.21342699412522],[-79.67004893694494,43.21470059437638],[-79.66983713692065,43.215196494474135],[-79.6730101379895,43.21592109445598],[-79.67301813799044,43.21590289445237],[-79.6730409379932,43.21585109444213]],[[-79.61820132147197,43.22594989876878],[-79.6182674214912,43.22593009876224],[-79.61828812149729,43.22592389876016],[-79.61838612153001,43.225943098759046],[-79.6185333215792,43.22597189875735],[-79.61860582160772,43.226035798765324],[-79.6186170216152,43.22608099877288],[-79.6186287216212,43.2261080987771],[-79.61866492163506,43.2261354987803],[-79.61879202167994,43.22618819878381],[-79.61879922168251,43.22619119878401],[-79.61898222174696,43.226265498788734],[-79.61909202178583,43.22631179879189],[-79.61919652182405,43.22637109879757],[-79.61933522187488,43.2264496988051],[-79.61943172190983,43.226500098809616],[-79.61952992194537,43.22655119881415],[-79.61959042196735,43.22658319881701],[-79.61965162198956,43.22661559881993],[-79.61972632201677,43.22665609882369],[-79.61973682202058,43.22666179882419],[-79.6197721220323,43.22666799882369],[-79.61984732205731,43.226681098822525],[-79.61995822209182,43.22667339881602],[-79.62004522211562,43.22662949880422],[-79.62008312212457,43.226593898796175],[-79.62010942212596,43.22651329878065],[-79.62008672211174,43.226431998767254],[-79.62009442210717,43.22635059875246],[-79.62010292210212,43.22626099873618],[-79.6202166221274,43.2261362987088],[-79.62027162214152,43.22609739869936],[-79.62032922215626,43.22605659868943],[-79.62050402220254,43.22595069866258],[-79.62056632221928,43.225915398653456],[-79.620801722288,43.225846198630265],[-79.62086392230545,43.2258198986227],[-79.62101302234824,43.22576769860661],[-79.62111322237314,43.22568789858783],[-79.62115202237847,43.22560729857169],[-79.6212648224066,43.22551859855075],[-79.6214868224757,43.22550319853776],[-79.62160972251561,43.22551379853397],[-79.62170762254907,43.225541998534474],[-79.62186662260356,43.22558889853543],[-79.621996622647,43.22561429853397],[-79.62206282266912,43.22562729853317],[-79.62210502268367,43.22564079853365],[-79.62220952271971,43.22567399853473],[-79.62227022274293,43.225719698540026],[-79.62229122275167,43.22574389854333],[-79.62229412275285,43.225747098543735],[-79.62352102289591,43.222897097981345],[-79.6230469227261,43.22267189796331],[-79.62274202261817,43.22254209795431],[-79.61872102123017,43.22124049790903],[-79.62143272156003,43.21509709669335],[-79.62123312149284,43.215052396694645],[-79.62117012147166,43.21503829669506],[-79.62112782145743,43.21502879669536],[-79.62062302128756,43.2149157966986],[-79.61671621997267,43.214040496723584],[-79.61195161836923,43.212973996754165],[-79.61171431828949,43.212921996755895],[-79.60694321668555,43.21187429679008],[-79.60455851588387,43.21135049680712],[-79.6022077150936,43.21083419682397],[-79.60210891506037,43.21081229682459],[-79.60210741505988,43.21081199682461],[-79.60207941505041,43.21080579682482],[-79.60201811504392,43.210955596854205],[-79.6011338149497,43.213115897278605],[-79.60108171494385,43.21323969730296],[-79.60110441495293,43.21326179730586],[-79.60115891497249,43.21328759730794],[-79.60120181498785,43.21330799730956],[-79.60134911503626,43.21332779730629],[-79.60154741509398,43.213267197286406],[-79.60157511510275,43.213267497285194],[-79.60165821512925,43.21326849728153],[-79.6017405151567,43.21328459728058],[-79.60180531517838,43.21329729727985],[-79.60189851521143,43.213337797282705],[-79.60206131526917,43.21340849728779],[-79.60229161535568,43.2135643973048],[-79.60237771538631,43.213603097307725],[-79.60255971545115,43.21368479731383],[-79.60281511554403,43.21382289732659],[-79.6030444156341,43.21402379735165],[-79.60328811572101,43.21413489736007],[-79.60335401574503,43.214170597363406],[-79.60346651578595,43.21423139736902],[-79.6036286158449,43.21431909737712],[-79.60381041591367,43.214447397391474],[-79.60430861609636,43.21473259741912],[-79.60451461617188,43.214850597430555],[-79.60475831626123,43.21499019744411],[-79.60492811632459,43.21510029745585],[-79.60509801638798,43.215210497467574],[-79.60518271642037,43.21527449747503],[-79.60532711647879,43.215420397494256],[-79.60544841652437,43.21550289750328],[-79.60564391659206,43.21556829750584],[-79.60571901661916,43.21560629750914],[-79.60586311667115,43.215678897515375],[-79.60604401674269,43.2158431975362],[-79.606222116806,43.21592169754195],[-79.60627551682492,43.215945197543654],[-79.60641811687854,43.21604249755434],[-79.60677281701194,43.21628439758091],[-79.60712481714187,43.2164957976022],[-79.60727041719599,43.216587597611785],[-79.60733031722127,43.21666039762194],[-79.60751291728718,43.216752697629886],[-79.60763581732708,43.21676319762606],[-79.60787991741252,43.216856197631294],[-79.6081706175229,43.21706679765527],[-79.60882461777146,43.21754299770961],[-79.60913951789115,43.217771897735716],[-79.60935391797251,43.21792629775321],[-79.60939391798765,43.21795509775647],[-79.60946701801403,43.217991997759654],[-79.60950701802746,43.21800049775935],[-79.60960171805922,43.218020697758554],[-79.60966641808486,43.218079797766045],[-79.60971361810358,43.218122997771545],[-79.60991651817963,43.21825859778626],[-79.61023101830072,43.21850559781558],[-79.61097001858103,43.21903679787576],[-79.61151551878649,43.21941259791727],[-79.61171981886413,43.219560997934174],[-79.6121332190212,43.219861297968386],[-79.61262961921106,43.2202365980121],[-79.61272641924808,43.2203097980206],[-79.61286591930035,43.22040209803057],[-79.61321161942973,43.220630798055154],[-79.61343621951491,43.220791798073414],[-79.61364001959211,43.22093789808994],[-79.61395111970864,43.221143998112105],[-79.61446111989744,43.22145639814405],[-79.61476462001032,43.22164909816419],[-79.61492202006971,43.221758998176476],[-79.6150564201172,43.22181469818012],[-79.61514092015034,43.221887798189215],[-79.61538242024504,43.22209779821535],[-79.61550412028923,43.22216229822113],[-79.61556352030865,43.222168998219615],[-79.61577432037754,43.22219249821404],[-79.61594582044009,43.22228639822277],[-79.61599322045734,43.222312298225205],[-79.61602392046933,43.22233819822839],[-79.61610192049972,43.22240369823643],[-79.61630832057708,43.22254109825124],[-79.61644412062114,43.222552398246975],[-79.61656642066077,43.22256239824313],[-79.61672452071808,43.22264529825054],[-79.61689432078147,43.222755398262215],[-79.61732052093502,43.22296769828024],[-79.61734742094475,43.22298129828141],[-79.61736312095036,43.222989198282114],[-79.6177225210801,43.22317069829772],[-79.61784472112352,43.22322529830176],[-79.61806012120063,43.22332689830983],[-79.61829452128622,43.22345669832201],[-79.61859902139561,43.22360449833422],[-79.61875682145438,43.22370539834485],[-79.61882822148641,43.22381429836086],[-79.61921282164461,43.224233198417444],[-79.61928662167955,43.22436669843771],[-79.61934302170627,43.224468898453225],[-79.61937672172941,43.22461339847732],[-79.6193837217519,43.224847598518544],[-79.61940422177398,43.2250278985496],[-79.61940682177588,43.22504079855176],[-79.61941552178222,43.22508209855871],[-79.61936182178144,43.225270498594654],[-79.61929142177077,43.2254051986218],[-79.61925892176579,43.225467398634336],[-79.61917062174551,43.2255563986542],[-79.61913262173398,43.2255628986571],[-79.61907182171562,43.22557319866173],[-79.61901492169606,43.22555569866122],[-79.61894952167354,43.22553579866073],[-79.61881472162834,43.22550699866184],[-79.61854362154283,43.22551279867539],[-79.61833292148117,43.225573298695885],[-79.61822032145237,43.2256528987152],[-79.6181608214395,43.22572279873038],[-79.61810652142779,43.22578659874419],[-79.61805572141786,43.22585809875921],[-79.61802402141035,43.22588789876594],[-79.6179801214,43.22592919877532],[-79.61796972140183,43.225988698786374],[-79.61796602140254,43.22601009879033],[-79.61801402142247,43.22606469879781],[-79.61811312145169,43.22603879878866],[-79.61812742145467,43.22602119878485],[-79.6181636214623,43.22597639877521],[-79.61818712146832,43.22595989877124],[-79.61820132147197,43.22594989876878]],[[-79.6327101950828,44.005921534985795],[-79.63248559501108,44.005921534996396],[-79.63224309493275,44.00591253500631],[-79.63200949485892,44.005921535018864],[-79.63173999477279,44.00592153503158],[-79.6311381945837,44.0059574350662],[-79.63126389466213,44.00637963513355],[-79.63131779470378,44.00664913517779],[-79.63134479472866,44.00682883520777],[-79.63140769477397,44.007107235253066],[-79.63147949482297,44.0073947352996],[-79.63152439485117,44.00754743532397],[-79.63160529491039,44.00791573538405],[-79.63168609495817,44.00815833542239],[-79.63181189503008,44.00850863547723],[-79.63191069508936,44.00881403552556],[-79.63202749515109,44.009083535566816],[-79.63212629520301,44.0093081356011],[-79.63225209526678,44.009568635640406],[-79.63239579533878,44.00985613568352],[-79.63252159540012,44.010089635718096],[-79.63259339544747,44.01035913576147],[-79.63273719552922,44.010754435823266],[-79.63281799558193,44.01105083587091],[-79.63286289562801,44.011401235929604],[-79.63289889567454,44.01178753599494],[-79.6329616957198,44.012065936040294],[-79.63299769577122,44.01250613611496],[-79.63304259581159,44.01279363616274],[-79.63307849585482,44.01314393622187],[-79.63318629592023,44.01348533627598],[-79.63326719597211,44.01377273632203],[-79.63338389603709,44.01407823636954],[-79.6334916960976,44.01436563641432],[-79.63360849616993,44.014751936475854],[-79.63377019626473,44.01522803655083],[-79.63386899632236,44.01551553659607],[-79.63391389637337,44.01591973666407],[-79.63394089641456,44.016279036725095],[-79.63393189643938,44.01658453677856],[-79.63387799644984,44.0168899368341],[-79.63385109645587,44.01705163686338],[-79.63383309647861,44.01736603691882],[-79.63385999650595,44.01757263695341],[-79.63387799653208,44.017797236991505],[-79.63385999655074,44.018066737039106],[-79.63384209655969,44.01822843706798],[-79.6337971965567,44.01835413709192],[-79.6336623965324,44.01856083713419],[-79.63355459651014,44.018695537162635],[-79.63341989647931,44.0188303371924],[-79.6331593964172,44.01906383724516],[-79.63296169636949,44.019234537284134],[-79.63265629629224,44.019459137337485],[-79.63243169623517,44.01962083737618],[-79.63233289621012,44.0196926373933],[-79.63223409618989,44.019818437419765],[-79.632198196189,44.019935237441736],[-79.63229699622877,44.02002503745266],[-79.63239579626115,44.02003403744955],[-79.63243169627263,44.02003403744785],[-79.63260239632719,44.02003403743979],[-79.63276409637803,44.020025037430614],[-79.63306049646701,44.01996213740572],[-79.6333030965389,44.019899337383336],[-79.63366239664477,44.01980043734921],[-79.63392289672149,44.01972863732448],[-79.63416549679417,44.019674737303646],[-79.63448889689258,44.019620837279085],[-79.63486619700667,44.01954893724876],[-79.63522549711499,44.01947703721936],[-79.635521897204,44.01941423719445],[-79.63589019731681,44.0193603371677],[-79.63637529746205,44.019252537126135],[-79.63681549759379,44.019153737088175],[-79.6371747976964,44.019018937047846],[-79.63748919778301,44.01886623700652],[-79.63783959787546,44.01865063695253],[-79.63813599795066,44.01843503690114],[-79.63844149802544,44.01818353684308],[-79.6386749980716,44.01786913677755],[-79.63887259811354,44.01763553672768],[-79.63907929815683,44.0173840366743],[-79.63937569821975,44.017033636599514],[-79.63961829827207,44.016755136539714],[-79.63995959834689,44.01637793645815],[-79.64015719838564,44.01610843640204],[-79.64033689842431,44.015901736357726],[-79.64059739847909,44.015587336290906],[-79.64082199852476,44.01529993623039],[-79.64101959856595,44.01505733617899],[-79.64121729860551,44.01479683612444],[-79.64136099863185,44.014581236080254],[-79.64149569865454,44.01435663603496],[-79.64178319870734,44.01392553594657],[-79.64189099872227,44.01370993590407],[-79.64207959875972,44.01345833585151],[-79.64219639877915,44.013260735811734],[-79.64242099882155,44.012937335745],[-79.64251979883521,44.01273973570603],[-79.64258269884151,44.01258703567655],[-79.64275339886832,44.01228153561551],[-79.6428790988857,44.01203003556594],[-79.64295099889488,44.01187733553605],[-79.64311269892045,44.01158983547852],[-79.6433012989506,44.01125753541192],[-79.6434989989812,44.010898135340256],[-79.64366069900434,44.01058373527809],[-79.64385829903742,44.01025133521109],[-79.6439929990552,44.009972935156405],[-79.64423559909363,44.0095417350701],[-79.64443319912422,44.00918243499845],[-79.64456799914369,44.00892183494682],[-79.64472069915668,44.008526634871075],[-79.6448284991577,44.00815833480209],[-79.64492729915263,44.00775403472725],[-79.64503509914965,44.00734083465042],[-79.64511589913066,44.006846734560895],[-79.64515189912267,44.006631134521804],[-79.6451787991207,44.00651443450024],[-79.64518779909913,44.00624493445304],[-79.6451877990804,44.00603823441719],[-79.64518779906086,44.00582273437977],[-79.64518779903726,44.005562134334546],[-79.64520579902104,44.0053196342916],[-79.64520579899906,44.00507703424952],[-79.64520579897547,44.00481653420429],[-79.64520579896,44.004645934174675],[-79.64517879892698,44.00437643412919],[-79.64516979888661,44.00396313405788],[-79.64516979887279,44.00381043403138],[-79.64514289884387,44.00358583399366],[-79.64507999881071,44.00344213397172],[-79.64502609878133,44.00330743395088],[-79.64498119875635,44.003190633932746],[-79.6449002987175,44.00304693391159],[-79.64462189859353,44.00266063385769],[-79.64391219835379,44.002516933866275],[-79.64365169826729,44.0024809338723],[-79.64347199820662,44.002445033874544],[-79.6431934981144,44.002409133881464],[-79.6428521979964,44.0023102338804],[-79.64252879788816,44.002256333886294],[-79.64220539777914,44.0021935338907],[-79.64204369772585,44.00217553389518],[-79.64181009764796,44.002139633899986],[-79.6414866975438,44.00213063391371],[-79.64114539743312,44.00211263392667],[-79.64076809731253,44.00211263394447],[-79.64034589717927,44.00213063396754],[-79.63995959705989,44.00217553399355],[-79.6397170969849,44.002202434009675],[-79.6395014969201,44.00224743402767],[-79.63924099684172,44.00230133404928],[-79.63904329678181,44.002337234064846],[-79.63865709666736,44.002436034100256],[-79.63831569657208,44.00258873414287],[-79.63813599652444,44.00269653417001],[-79.63785759645094,44.00286723421281],[-79.63761499639133,44.00306483425854],[-79.63745329635346,44.00321753429265],[-79.63721969630242,44.00347803434892],[-79.63699519625835,44.003783534412534],[-79.63677959621633,44.00407993447416],[-79.63663579618665,44.00425963451213],[-79.63647409615535,44.00448423455876],[-79.63633039612407,44.00464593459358],[-79.63616869609113,44.00485253463709],[-79.63603399606275,44.00501423467149],[-79.63583629601584,44.005193834712024],[-79.63563869597057,44.005391534755674],[-79.63553089594265,44.005463334773204],[-79.63527039586997,44.00558013480576],[-79.63507279581498,44.005669934830685],[-79.6347762957316,44.0057957348665],[-79.63443499562828,44.00585863489351],[-79.63421039555894,44.005885534908785],[-79.6340486955081,44.005894534917964],[-79.6338061954314,44.00590353493101],[-79.63357259535839,44.00592153494509],[-79.63330309527227,44.00592153495782],[-79.63297969516974,44.005930434974644],[-79.6327101950828,44.005921534985795]],[[-79.64183709892654,44.016153336330575],[-79.64163949888457,44.01638683638039],[-79.64144179884094,44.01660243642713],[-79.64110049876446,44.01696183650561],[-79.64093879872986,44.01715043654597],[-79.6407410986903,44.01741093660047],[-79.64062439867094,44.01760853664029],[-79.64050759865235,44.01781523668165],[-79.6404805986592,44.01798583671253],[-79.64048059867305,44.01813863673907],[-79.64057049870908,44.01821943674881],[-79.6407051987513,44.01821043674091],[-79.64090279881287,44.018192536728435],[-79.64101959884694,44.01815653671669],[-79.64127119892159,44.018093636693905],[-79.64150469899216,44.01804873667507],[-79.6416483990348,44.018012836662066],[-79.64179219907668,44.017967936647494],[-79.64197179913002,44.0179230366312],[-79.64223229920759,44.017860136607986],[-79.64251079929086,44.01779723658394],[-79.64277129936843,44.017734336560736],[-79.64309469946522,44.017662436532966],[-79.64339119955432,44.0175996365081],[-79.64373249965519,44.01750973647637],[-79.64413679977706,44.017428936443274],[-79.64446919987593,44.01734803641354],[-79.64490030000638,44.0172672363792],[-79.64519680009624,44.01721333635582],[-79.64553810019798,44.01713243632567],[-79.64599630033709,44.017051636289985],[-79.64634660044331,44.01698873626255],[-79.64675990056722,44.01689893622744],[-79.64714610068414,44.01682703619676],[-79.64752340080061,44.016782136171116],[-79.64786480090567,44.01673723614723],[-79.64816120099789,44.01671023612855],[-79.64851160110824,44.01669233610892],[-79.64881700120583,44.01669233609449],[-79.64907750128991,44.016701236083684],[-79.64917630132146,44.016701236079015],[-79.6493560013797,44.01671023607213],[-79.64951770143222,44.016719236066045],[-79.64975120150682,44.01671923605501],[-79.64997580157778,44.016710236042854],[-79.65015550163602,44.016719236035925],[-79.65035310169833,44.016710236025034],[-79.65121550201629,44.01717743606536],[-79.6504968017353,44.01661143600112],[-79.65054180174072,44.01651263598182],[-79.65057770174242,44.01640483596145],[-79.65061360174411,44.01629703594102],[-79.65064960174499,44.01618023591906],[-79.6507035017492,44.0160365358916],[-79.65073940174763,44.015892835864975],[-79.65083820176046,44.015686235824454],[-79.65093700177735,44.015524535791755],[-79.65103580179674,44.01538973576369],[-79.65117960182802,44.01522803572887],[-79.65131430185721,44.01507533569601],[-79.65147600189907,44.01496753566965],[-79.65161970193525,44.01485973564419],[-79.65177250197839,44.01479683562601],[-79.65232040214282,44.01468003557987],[-79.65227550209266,44.014284835513465],[-79.6522396020649,44.014105135484],[-79.65217670202853,44.013925535455776],[-79.65209590198067,44.01368293541753],[-79.6519611019132,44.013413435377146],[-79.65185330186733,44.01328773536041],[-79.65161080176296,44.012991235320435],[-79.6514131016786,44.012757635289226],[-79.65126940161643,44.01257803526483],[-79.65106280152271,44.01227263522159],[-79.65086520142695,44.0119132351686],[-79.6507663013726,44.01166173512965],[-79.65062260128674,44.01122153506003],[-79.65049680121807,44.01090713501137],[-79.65044290117396,44.010610734962526],[-79.65031720110284,44.010269334909204],[-79.65025430106402,44.010062734876385],[-79.65011960098597,44.009676434815695],[-79.65003870093895,44.00944293477896],[-79.64997580089607,44.00919133473827],[-79.64991290085882,44.00900273470849],[-79.64984110080657,44.00867933465583],[-79.64977820077182,44.008517634630714],[-79.64965240071048,44.0082840345961],[-79.6495357006528,44.008059534562655],[-79.6493740005759,44.00778103452198],[-79.64921230050147,44.00752943448594],[-79.64908650044497,44.00734983446075],[-79.64894280037709,44.0071072344254],[-79.64878110030585,44.00689163439563],[-79.64866430025387,44.0067299343731],[-79.64850260018433,44.0065323343464],[-79.64842170014951,44.00643353433308],[-79.64816120003776,44.00611913429085],[-79.64788279997816,44.006442534360126],[-79.64770309993617,44.0066132343982],[-79.64760429991276,44.00670303441848],[-79.64750549989259,44.006828834444995],[-79.64740659986994,44.006927634466784],[-79.64731679984692,44.00699053448193],[-79.64721799982514,44.007098334505265],[-79.64711919980336,44.007206134528666],[-79.64702039978157,44.00731393455208],[-79.6468765997511,44.00748453458843],[-79.646795799735,44.007592334610926],[-79.64667899971721,44.00780793465392],[-79.64651729969081,44.00808643470985],[-79.64638259966733,44.00830203475362],[-79.64629269964915,44.008418834778126],[-79.6461848996351,44.00864343482222],[-79.6460950996186,44.00877813484983],[-79.64598729960531,44.00901173489544],[-79.64592439960067,44.00918233492801],[-79.64584359960095,44.00946983498173],[-79.64578069959796,44.009658535017415],[-79.64572679959538,44.00982023504805],[-79.64566389959403,44.01002683508689],[-79.64556509958763,44.010305235139796],[-79.64548429957814,44.01048493517486],[-79.64538539957339,44.01078143523096],[-79.64527759956097,44.01102393527808],[-79.64517879954977,44.01124853532174],[-79.64506199953443,44.01149103536935],[-79.64494529952071,44.01175153542004],[-79.64480149949432,44.01196713546429],[-79.6447026994823,44.01218273550636],[-79.64450509944518,44.012470235565516],[-79.64437029942252,44.01269483561088],[-79.6442175993957,44.01293733566018],[-79.64408289937704,44.01320683571331],[-79.64392119935144,44.01349433577082],[-79.64372359931113,44.01374583582377],[-79.64357979928305,44.01394343586485],[-79.64338219924355,44.0142039359194],[-79.64324739921919,44.01441053596155],[-79.64308569918381,44.014590236000416],[-79.64290609914758,44.01482383604943],[-79.6427443991163,44.015048436096],[-79.64260069908663,44.01522803613396],[-79.64238509904463,44.01552453619558],[-79.6422233990117,44.01573113623907],[-79.64204369897384,44.015946736284974],[-79.64183709892654,44.016153336330575]],[[-79.62261309209781,44.00858953592526],[-79.62251429205891,44.008508635915895],[-79.62235259199582,44.0083829359017],[-79.621948391839,44.008077435867776],[-79.62168789178587,44.00840983593774],[-79.6215890917665,44.008544535965775],[-79.62147229175197,44.008796136014965],[-79.62137349174148,44.00902963606012],[-79.6212925917376,44.00927223610603],[-79.62117579173281,44.00963153617391],[-79.62108599172613,44.009874136220276],[-79.62103209172922,44.010098636261795],[-79.62095129172371,44.01032323630455],[-79.62091529172852,44.01050293633744],[-79.62085239172549,44.01069153637314],[-79.6208164917352,44.01092513641535],[-79.62071769172552,44.011167636462126],[-79.62065479172009,44.01132933649314],[-79.62055599170398,44.01150003652744],[-79.62045719168788,44.01167073656173],[-79.620313491659,44.01185933660123],[-79.6201696916277,44.012021036636064],[-79.62003499160093,44.01220073667364],[-79.61989119156638,44.01232653670225],[-79.61972959152692,44.012461236733245],[-79.61949599147097,44.01266783678012],[-79.61935229143562,44.01278463680717],[-79.61920849139943,44.01289243683262],[-79.61910969137519,44.01297323685134],[-79.61901089135013,44.013045136868456],[-79.61853479122806,44.013377536948646],[-79.61889409137869,44.01377273700023],[-79.61901089142906,44.013916537019725],[-79.61920849151333,44.01415003705091],[-79.61939719159156,44.01434773707631],[-79.61954089165211,44.014509437097566],[-79.61967569171311,44.01470703712554],[-79.6197744917585,44.01485973714737],[-79.61990019181253,44.01501243716793],[-79.6201157919042,44.015263937201404],[-79.62027749197382,44.01546163722809],[-79.62042129203768,44.015659237255555],[-79.62061889212522,44.015928737293024],[-79.62078059219485,44.01612633731965],[-79.62092429225865,44.01632403734717],[-79.6210859923299,44.016539637377],[-79.62122079239165,44.01674623740645],[-79.6213285924424,44.016925837432545],[-79.62147229250627,44.01712353746007],[-79.62157109255328,44.017294137485],[-79.62166989260196,44.0174828375131],[-79.62181359267068,44.01773433754997],[-79.62193039273488,44.01803083759589],[-79.62204719279903,44.01832723764182],[-79.62215499285792,44.01859673768352],[-79.6222358929033,44.01881233771709],[-79.62234359296947,44.019162637772766],[-79.62239749300706,44.0193872378092],[-79.62247839305816,44.01966573785369],[-79.62257719311495,44.01994423789734],[-79.62265809316767,44.02024063794498],[-79.62273889322034,44.0205371379926],[-79.62278379325346,44.02074373802633],[-79.62281979328365,44.0209503380605],[-79.62284669331018,44.02114793809348],[-79.62288259333388,44.021282738115175],[-79.62292759335882,44.02139943813329],[-79.62296349338091,44.021516238151854],[-79.62302639340913,44.02160613816453],[-79.62308919343819,44.021704938178694],[-79.62318809348201,44.02183963819738],[-79.62332279353076,44.02190253820193],[-79.62344859357258,44.02192053819911],[-79.62366419363984,44.02190253818581],[-79.62380789368497,44.0218935381775],[-79.62401449374696,44.02184863815991],[-79.62424809381348,44.02175883813335],[-79.62449059388442,44.021686938109426],[-79.6247151939481,44.02159713808323],[-79.62491279400635,44.02154323806453],[-79.625236194104,44.02148033803839],[-79.62555059419965,44.021426438014174],[-79.62587399429401,44.021327637981784],[-79.626080594356,44.02128273796424],[-79.62635009443642,44.02121983794064],[-79.62671839455005,44.02117493791544],[-79.62704179464934,44.021129937892375],[-79.62733829474085,44.02109403787215],[-79.6276077948221,44.021040137850115],[-79.62792219491931,44.02100423782905],[-79.62820959500633,44.02095033780613],[-79.62838029505757,44.0209143377918],[-79.62868579514873,44.02084253776493],[-79.6288833952086,44.02080663774937],[-79.629143895287,44.02075273772772],[-79.62940439536534,44.0206988377061],[-79.6296469954372,44.02063593768369],[-79.62994339552294,44.02053713765259],[-79.63018589559313,44.020456237627094],[-79.63032969563338,44.02039333760941],[-79.63049139567777,44.02031253758778],[-79.6306350957147,44.02021373756381],[-79.630733895739,44.02013283754511],[-79.63089559577516,44.01996213750791],[-79.6310662958053,44.019692637453076],[-79.63122799583009,44.019396237394],[-79.63130879583962,44.01921653735902],[-79.63143459586276,44.01902793732037],[-79.63155139588054,44.01881233727745],[-79.63173099591673,44.01857873722845],[-79.63186579594517,44.01841703719399],[-79.63202749597407,44.01816553714274],[-79.632171195998,44.01792303709388],[-79.6322879960117,44.01766243704314],[-79.63236879601232,44.017384036991075],[-79.63243169601289,44.017168436950655],[-79.63247659600277,44.016898936901775],[-79.6325304959907,44.01657553684317],[-79.63252159596504,44.0163240367999],[-79.63254849595492,44.0161173367628],[-79.63257549594158,44.015874836719426],[-79.63258439592326,44.01564123667846],[-79.63258439589966,44.01538073663331],[-79.63258439587604,44.01512023658806],[-79.63258439585569,44.01489563654914],[-79.63256649582964,44.01467113651102],[-79.63256649580764,44.01442853646891],[-79.63252159577372,44.0142129364336],[-79.63247659573574,44.013952436390554],[-79.63244069569659,44.01364703633926],[-79.63237779565615,44.013422436303244],[-79.63232389562101,44.01322483627151],[-79.6322430955781,44.01303613624257],[-79.63216219553516,44.012847536213656],[-79.63201849547049,44.01264093618456],[-79.63190169541852,44.012479236162044],[-79.63175799536123,44.01235343614701],[-79.63151539526821,44.01218273612884],[-79.63127289517442,44.01200313610907],[-79.63109319510642,44.01188633609728],[-79.63089559503435,44.01178753608948],[-79.63070699496755,44.011715636085874],[-79.63049139489135,44.01163483608207],[-79.63018589478392,44.011527036077744],[-79.62997029470853,44.011455136075476],[-79.62964699459951,44.01139223607983],[-79.6293684945056,44.011338336083604],[-79.62906299440394,44.011293436090185],[-79.62870369428421,44.01123953609785],[-79.6282994941461,44.011140736099726],[-79.62797609403623,44.01106883610254],[-79.62766169392764,44.01097903610178],[-79.62724849378172,44.01082633609477],[-79.62688909365387,44.01068253608678],[-79.62651179351782,44.01051193607499],[-79.62625129342402,44.010395136067004],[-79.62594589331421,44.01026033605801],[-79.62564939320644,44.01011663604705],[-79.62534399309828,44.009999836041175],[-79.62504759299293,44.00988303603489],[-79.6247061928725,44.00975733602923],[-79.62446369278683,44.009667436025026],[-79.62423909270771,44.00958663602163],[-79.62396059260652,44.00945183601137],[-79.6237449925287,44.0093530360044],[-79.62350249243897,44.009218335992465],[-79.62331379236808,44.0091015359811],[-79.62319699232422,44.00902963597411],[-79.62301739225386,44.008885935957615],[-79.62293649222313,44.00883203595212],[-79.62281079217482,44.00874223594244],[-79.62269399212853,44.00864343593082],[-79.62261309209781,44.00858953592526]],[[-79.61567809026948,44.012874436996086],[-79.61557929023304,44.01282053699138],[-79.61545359018879,44.01277563698948],[-79.61544109018455,44.01277313698965],[-79.61400638999332,44.015724237569465],[-79.61399828999298,44.01574903757416],[-79.61389948998495,44.01600953762401],[-79.6137826899753,44.01631503768255],[-79.61368388996326,44.01653063772461],[-79.61355808994422,44.016764137771084],[-79.61345028993253,44.01701573781979],[-79.61336048992415,44.01724023786299],[-79.61323468990349,44.01745583790639],[-79.61307298987705,44.01773433796232],[-79.61292928984982,44.017940938004955],[-79.61292658984935,44.0179451380058],[-79.61117248961564,44.021554638714846],[-79.60995348935354,44.022962439016645],[-79.60959518927653,44.023376739105416],[-79.60786818890524,44.02537123953295],[-79.6081142889797,44.025325139513306],[-79.60831198903801,44.025271239494614],[-79.60850958909715,44.02522633947752],[-79.60875208917136,44.02519033945981],[-79.60894978923048,44.02514543944273],[-79.60922818931297,44.02507353941711],[-79.6094258893721,44.02502863940001],[-79.60974928946736,44.02493883936916],[-79.6099468895248,44.02487593934894],[-79.61013548958185,44.02484003933381],[-79.61044098967382,44.02477713930849],[-79.61081828978543,44.024678339273514],[-79.61097998983308,44.02463343925812],[-79.61117758989379,44.02460643924412],[-79.6114111899652,44.024570539226865],[-79.6118063900834,44.02448073919262],[-79.61207589016223,44.02439983916588],[-79.61238129025332,44.02432793913898],[-79.61272269035591,44.02425613911041],[-79.61301909044417,44.02418423908398],[-79.61330659053039,44.024121339059526],[-79.61348629058374,44.02407643904322],[-79.61364799063297,44.02404953903096],[-79.61402519074865,44.02399563900381],[-79.6145102908923,44.02386983895905],[-79.61483369098835,44.02378903892981],[-79.61509419106595,44.02372613890661],[-79.61537269114926,44.02366323888257],[-79.61575899126377,44.02356443884715],[-79.61607339135854,44.02350153882142],[-79.61665729153384,44.02337573877206],[-79.61706159165162,44.023250038731156],[-79.61746579177353,44.023169138698066],[-79.61784309188677,44.02308833866626],[-79.61806769195532,44.0230523386494],[-79.61832819203447,44.023007438629335],[-79.61858869211613,44.02298953861394],[-79.61904679225523,44.0229086385783],[-79.61939719236236,44.022854738552404],[-79.619612792428,44.02281883853599],[-79.61981939249078,44.02278283851998],[-79.61995409253139,44.022755938509],[-79.62016969259622,44.022711038491],[-79.6203583926533,44.02267503847589],[-79.6205559927132,44.02263913846033],[-79.62071769276159,44.02260323844648],[-79.62086139280265,44.02254933843033],[-79.62108599286958,44.02249543841037],[-79.62122079291018,44.02246843839933],[-79.62136449295043,44.02240563838161],[-79.62148129298205,44.022342738365225],[-79.62163399302192,44.02224393834088],[-79.62175969305234,44.02213613831622],[-79.62182259306103,44.02201033829144],[-79.62182259304882,44.02187553826805],[-79.62179569301497,44.02159713822101],[-79.62175969297988,44.02133663817753],[-79.62169689294757,44.02120183815709],[-79.62163399290061,44.020905438108635],[-79.62155309284788,44.02060893806101],[-79.62153519283241,44.02050113804319],[-79.62145429278294,44.020240638001795],[-79.6213913927482,44.02007893797671],[-79.62135549272287,44.01992623795191],[-79.6213195926927,44.019719637917746],[-79.62127469265795,44.01949503788086],[-79.62125669264161,44.01937823786145],[-79.62122969261752,44.01920753783315],[-79.62121179259717,44.01904593780594],[-79.62117579256771,44.01884823777335],[-79.62114889254777,44.018722537752794],[-79.62108599250406,44.01846193771053],[-79.62105009247794,44.018300337684174],[-79.62098719244233,44.018129637657516],[-79.62090629239856,44.01793193762704],[-79.62084349236875,44.01782413761132],[-79.62074459232004,44.01763553758327],[-79.62064579227383,44.01747383755984],[-79.62054699223087,44.01734803754269],[-79.62042129217684,44.01719533752213],[-79.62028649212316,44.01707853750824],[-79.6200798920433,44.01692583749147],[-79.61988229196551,44.016764137472755],[-79.61970259189263,44.016593537451584],[-79.61955889183122,44.0164228374288],[-79.61940619175962,44.016171237392314],[-79.61931629171464,44.01599163736537],[-79.61921749166355,44.01577603733263],[-79.61913669162627,44.015650237314645],[-79.61907379159724,44.015551437300466],[-79.61889409151946,44.015326837269946],[-79.61881329148711,44.015255037261305],[-79.61873239145149,44.01514723724638],[-79.61863359141178,44.01505733723547],[-79.61849889135817,44.01494063722159],[-79.61807669119962,44.01468003719624],[-79.61770829105828,44.01441953716845],[-79.61758259100675,44.01429383715255],[-79.61751069097562,44.01420393714036],[-79.61740289092731,44.01405123711895],[-79.61728609088102,44.01395243710732],[-79.61712439081717,44.01381773709152],[-79.6170435907824,44.013718837078216],[-79.61688189072012,44.01360213706556],[-79.61676509067547,44.013521237057034],[-79.61656749059932,44.01337753704145],[-79.61626209048381,44.013179937021526],[-79.6161362904363,44.01309903701341],[-79.61601949039328,44.01303613700802],[-79.61586679033634,44.01294633699965],[-79.61567809026948,44.012874436996086]],[[-79.54842227770277,44.11144645725566],[-79.54846657771434,44.11141755724854],[-79.54857427774242,44.11134725723128],[-79.54879037782993,44.1115493572561],[-79.54895417789628,44.111702457274866],[-79.55015767838348,44.112825157412445],[-79.55689458065932,44.11414215732254],[-79.556850380624,44.113909157284255],[-79.55908038129105,44.113396557090276],[-79.55924598133011,44.1132432570559],[-79.55939868135856,44.113018657009825],[-79.55944178136617,44.112950856996044],[-79.55945678136435,44.11287795698271],[-79.55955368130748,44.11191135681082],[-79.55943648122074,44.11137025672266],[-79.55928028110068,44.11059955659663],[-79.56002608119041,44.1089613562778],[-79.56195688141193,44.10460115543171],[-79.56199958142145,44.10455555542178],[-79.5620483814323,44.104503255410435],[-79.56204338142246,44.10441245539492],[-79.5620367814096,44.10429435537485],[-79.56174878121735,44.10319315519771],[-79.5616983811813,44.102974355162225],[-79.56158718110194,44.10249255508404],[-79.56144668100488,44.10191895499135],[-79.56133908094804,44.10167295495382],[-79.56120428087965,44.101394454911926],[-79.56108748082023,44.10115195487549],[-79.56101568077766,44.10093635484149],[-79.5609347807281,44.10067585480022],[-79.56088988069084,44.10042425475875],[-79.56089888067007,44.1001637547132],[-79.56089888064396,44.09987635466344],[-79.56091488063932,44.09976935464419],[-79.56084508059153,44.09948875459889],[-79.56079108057352,44.09948105460008],[-79.56060238050746,44.09941815459811],[-79.56047668046398,44.09938225459781],[-79.56031498040159,44.09926545458523],[-79.56014428033639,44.09914865457305],[-79.56002748029005,44.09904985456146],[-79.55990178023593,44.09889715454094],[-79.55981188019652,44.098780354524955],[-79.55971308014371,44.09854685448915],[-79.55965018011378,44.098439054473474],[-79.55961428009331,44.098340154458036],[-79.55955138005606,44.09815155442834],[-79.55955138004626,44.09804375440964],[-79.55953338002907,44.097917954388706],[-79.55954238001887,44.097774254363394],[-79.55952448000092,44.09763955434091],[-79.55952447998622,44.09747785431293],[-79.55955137998177,44.09733405428677],[-79.55955137997117,44.097217254266546],[-79.5595603799569,44.09702865423343],[-79.55958727994675,44.09682205419639],[-79.55965017995707,44.09671425417473],[-79.55969507995917,44.09657945414926],[-79.55977597997608,44.096480654128335],[-79.5598478799885,44.0963638541047],[-79.5599106799972,44.09623815408003],[-79.55998258000467,44.096067454047045],[-79.55998818000444,44.096045054042854],[-79.55941567961226,44.09374415367137],[-79.55976467968452,44.0933105535798],[-79.55976697968437,44.09330065357796],[-79.55979397967585,44.09311195354399],[-79.55984787967762,44.09294135351191],[-79.559919679681,44.09272575347118],[-79.55998257967991,44.09249215342774],[-79.56006337968866,44.09230355339127],[-79.5601083796843,44.09209695335334],[-79.56013527967899,44.09194415332562],[-79.560189179684,44.09180945329977],[-79.56027007969766,44.09167465327259],[-79.56040477972768,44.09153095324132],[-79.56059347977423,44.09137825320595],[-79.56084497984244,44.091243553170784],[-79.5610964799123,44.091126753138674],[-79.56140188000022,44.091018953105625],[-79.56179718011525,44.090893153065174],[-79.56219248023035,44.090767353024724],[-79.56256968034124,44.090659552988235],[-79.56305478048584,44.09054285294515],[-79.56306318048846,44.09054195294457],[-79.563388280575,44.09034955289591],[-79.56387428071069,44.090131752835276],[-79.56456548091121,44.089904652763295],[-79.56547308117591,44.089621952671486],[-79.56625248140324,44.08937915259269],[-79.56647998147031,44.08931645257108],[-79.56689008158442,44.08912805251911],[-79.56695678160297,44.08909735251066],[-79.56908338215409,44.08767445216379],[-79.56981188236348,44.08741345208419],[-79.5731454833562,44.0866016517863],[-79.57322128340833,44.08690865183586],[-79.57327728344691,44.08713585187257],[-79.57351118351788,44.08709325185419],[-79.57378068360248,44.08707535183838],[-79.57412208370839,44.087039351816],[-79.57450838382627,44.08697655178692],[-79.57494848396216,44.08692265175681],[-79.5754425841121,44.08683275171788],[-79.57582888422996,44.08676985168876],[-79.57626908436183,44.08667105165088],[-79.5766103844645,44.08659925162234],[-79.57692478455934,44.086536351596614],[-79.57734698468545,44.08643755155959],[-79.57767938478196,44.08632975152519],[-79.57793988485552,44.0862219514942],[-79.57812858490607,44.08611415146667],[-79.57825428493814,44.08602425144511],[-79.57840698497883,44.0859344514224],[-79.5785776850212,44.08579975139096],[-79.57872148505821,44.08570085136708],[-79.57891008510713,44.085575151336386],[-79.57911628515959,44.08542665130091],[-79.57913018516275,44.08541265129786],[-79.57913658516469,44.0854112512973],[-79.57929638519889,44.08522475125746],[-79.57947598523752,44.085018151213184],[-79.57965568527712,44.08482055117047],[-79.57978148529855,44.08461395112875],[-79.57991618532449,44.08442525108967],[-79.58000598533692,44.08424565105435],[-79.58011378535838,44.08410185102437],[-79.58018568536828,44.08395815099606],[-79.5803114853898,44.08375155095432],[-79.58046418541824,44.08352695090822],[-79.58064388545205,44.0832664508546],[-79.58081448547969,44.08297005079525],[-79.58099418551349,44.08270955074159],[-79.58122778556537,44.082457950686965],[-79.58148828562669,44.08221545063266],[-79.58182958571058,44.0819369505683],[-79.58221588581213,44.08169445050807],[-79.582593185914,44.08148775045444],[-79.58301538602866,44.08126325039563],[-79.58343758614495,44.081056650339896],[-79.58368018621029,44.08092185030509],[-79.58385978625797,44.08081405027798],[-79.58428198637509,44.08061645022378],[-79.5847311865,44.08040985016681],[-79.58510848660602,44.080248150120944],[-79.58549478671735,44.08011335007941],[-79.58585408681755,44.0799516500344],[-79.5861325868936,44.0798079499964],[-79.58636608695278,44.07963724995578],[-79.58655478699602,44.07944864991421],[-79.58672538703182,44.07924204987034],[-79.58692308707711,44.07904434982675],[-79.58705778709978,44.0788198497815],[-79.58716558711713,44.0786311497437],[-79.58723748712134,44.07842454970454],[-79.5873093871256,44.078217949665344],[-79.5873721871236,44.077975349620374],[-79.58742608711721,44.077714849572665],[-79.58748898711447,44.07746334952613],[-79.58760578712736,44.07719384947393],[-79.58774048714518,44.07691534941928],[-79.58784828715353,44.076627949364386],[-79.58798308717218,44.07635844931135],[-79.58809088717726,44.07603504925026],[-79.58820768718525,44.075711649188705],[-79.58836038720145,44.07535234911922],[-79.58852208721812,44.07496604904466],[-79.58869278723765,44.074579748969654],[-79.58887238726162,44.07421144889739],[-79.58908798730037,44.0738790488296],[-79.58928558733425,44.07355564876423],[-79.58951018737669,44.07323224869758],[-79.58974378742202,44.07290884863057],[-79.58994138745834,44.07261244856985],[-79.59013008749582,44.07236094851738],[-79.59032768753622,44.072109348464444],[-79.59051628757288,44.071848848410376],[-79.59068698760296,44.07157934835561],[-79.59086668763682,44.07131884830203],[-79.59101938766037,44.071040348246584],[-79.59117208768393,44.07076194819111],[-79.59129788770049,44.07050144814001],[-79.59143258771829,44.07022294808541],[-79.59156738773531,44.06993544802922],[-79.59165718773713,44.06963904797358],[-79.59177398774838,44.069351547918274],[-79.59188178775753,44.06907304786492],[-79.59198958776511,44.06877664780848],[-79.59211528777433,44.06843524774338],[-79.59225908778687,44.06806694767276],[-79.59236688778624,44.067680647600724],[-79.59242968778352,44.06742914755418],[-79.5924835877812,44.06721354751428],[-79.59254648777846,44.06696204746773],[-79.59261838777456,44.0666655474129],[-79.59261838776477,44.06655774739427],[-79.59261838774441,44.06633324735535],[-79.59260938771784,44.066072747310606],[-79.59259138769086,44.065839147270964],[-79.5925734876615,44.065578647226694],[-79.59255548763454,44.06534504718706],[-79.59254648760884,44.06509354714391],[-79.59254648758845,44.06486894710494],[-79.5925464875648,44.06460844705978],[-79.59257348755386,44.06439284702116],[-79.59266328756628,44.06421314698577],[-79.59281598759556,44.06399764694126],[-79.5931124876708,44.06378204688985],[-79.59346278776731,44.06361134684377],[-79.59383108787291,44.063476546803],[-79.59422638798708,44.06334184676102],[-79.59463058810492,44.06321604672009],[-79.59508878824332,44.0631262466829],[-79.59551098836856,44.063018446644335],[-79.59590618848755,44.06293754661164],[-79.59617568856477,44.062838746581804],[-79.59642728863545,44.06273094655123],[-79.5966248886897,44.062632146524784],[-79.59677758872633,44.062497446494234],[-79.59689438875388,44.06238964647004],[-79.59698418877521,44.06230874645178],[-79.59706508879295,44.06221894643236],[-79.5971728888201,44.06213804641325],[-79.59725368883694,44.062039246392324],[-79.59734348885588,44.06193144636944],[-79.59744228887769,44.06182364634608],[-79.59757708890695,44.06167094631324],[-79.59766688892752,44.06158114629341],[-79.5977746889481,44.06142844626186],[-79.59787348896751,44.061293646233835],[-79.5979812889881,44.06114094620227],[-79.59810708901286,44.06097024616679],[-79.59825978904458,44.0607816461269],[-79.59841248907546,44.06058404608539],[-79.59856518910716,44.06039534604551],[-79.59879878915898,44.060143845990915],[-79.59911318923183,44.0598383459231],[-79.59938268929274,44.0595599458621],[-79.59959828934373,44.05936224581767],[-79.59976898938203,44.059182645778506],[-79.59990368941205,44.05903884574717],[-79.60000248943874,44.05898494573321],[-79.60012828947083,44.05889514571169],[-79.60029898951805,44.058814345689655],[-79.60043368955219,44.05871554566613],[-79.60068528962447,44.05862564563869],[-79.60111648974608,44.058446045587175],[-79.60179018993377,44.05814054550246],[-79.60244599011658,44.057844145420106],[-79.60293109025376,44.057646545362964],[-79.60330829036133,44.05750274532025],[-79.60361379044917,44.05739494528713],[-79.6039371905412,44.057269245250055],[-79.60429649064551,44.057152445212836],[-79.60461089073705,44.05705364518089],[-79.60489839082165,44.05697274515331],[-79.60521279091401,44.05688294512287],[-79.60563499103841,44.05676614508269],[-79.60628179122894,44.05658644502103],[-79.60697349143138,44.05637984495254],[-79.607629191619,44.05613734487959],[-79.60816819177342,44.05593974481986],[-79.60868029191595,44.0557061447552],[-79.60921029206585,44.055490544692816],[-79.60974929221783,44.055265944628474],[-79.61018049233856,44.05507734457541],[-79.61042299240631,44.05496954454525],[-79.61061169245934,44.05488864452232],[-79.61078229250573,44.05479884449868],[-79.61114169260512,44.054628144452124],[-79.61124949263147,44.0545383444315],[-79.61142009267947,44.05446644441097],[-79.61159979272959,44.0543856443885],[-79.61187829280883,44.05427784435663],[-79.61215679288485,44.05413404431857],[-79.61244419296125,44.05396344427543],[-79.61275859304544,44.0537837442294],[-79.6130909931354,44.05360404418256],[-79.61341439322494,44.05345134414084],[-79.61372879331002,44.053280644096446],[-79.6140701934012,44.05308304404602],[-79.61442949349652,44.0528674439917],[-79.61473489357297,44.05263394393683],[-79.61507629366253,44.052418343883275],[-79.61537269373937,44.052220643835],[-79.61564219380678,44.052014043786514],[-79.6159206938795,44.051834443742216],[-79.61621709395716,44.05164574369553],[-79.61651359403402,44.05144814364724],[-79.61680099410877,44.051259443601005],[-79.61712439419505,44.05107084355303],[-79.61747479429158,44.05090014350689],[-79.6177711943717,44.050738443464816],[-79.61804969444604,44.050576743423655],[-79.61832819451955,44.0504060433809],[-79.61857969458528,44.050244343341014],[-79.61884019465555,44.050100643303786],[-79.61910069472253,44.04992094326033],[-79.6193881947981,44.04974134321567],[-79.61968459487414,44.04953474316584],[-79.61999899495507,44.04931914311362],[-79.62032239504052,44.04912144306408],[-79.62061889511655,44.04891484301426],[-79.62090629519213,44.04873524296952],[-79.62115789525545,44.04854654292497],[-79.62143629532652,44.048348942877524],[-79.62173279540255,44.04814234282775],[-79.6220741954897,44.04789974276953],[-79.62243349558005,44.047630242705836],[-79.62278379566763,44.047360742642574],[-79.62312519575309,44.04710024258132],[-79.6234215958234,44.046830742520605],[-79.62373599590025,44.046570242460575],[-79.62403249596893,44.04628284239674],[-79.6243288960409,44.04603124233912],[-79.62459839610177,44.0457528422781],[-79.62483199615606,44.04552824222818],[-79.62504759620623,44.04532164218215],[-79.62521829624615,44.04515994214607],[-79.62536199628067,44.045034142117444],[-79.62546979630451,44.04491734209212],[-79.62562249634027,44.044773642060015],[-79.62578419637727,44.044611942024304],[-79.62597279642208,44.04444124198585],[-79.62618839647556,44.04427054194606],[-79.62640399652815,44.04409094190472],[-79.62662859658442,44.043920241864505],[-79.62684419663871,44.04375854182632],[-79.62712269670979,44.043560941778914],[-79.62741009678209,44.04334534172792],[-79.62770659685731,44.04312974167654],[-79.62802099693826,44.042914141624316],[-79.62834439702121,44.042689541570155],[-79.62863189709357,44.04247394151914],[-79.62892829716877,44.04225834146776],[-79.62920679723985,44.04206074142038],[-79.62947629730643,44.04184514137026],[-79.62977269737999,44.04161154131577],[-79.63013199747034,44.04134204125208],[-79.63047339755343,44.041054641186086],[-79.63078779762618,44.04074924111833],[-79.63112919771007,44.040470741053895],[-79.63144359778607,44.04020124099229],[-79.63176699786175,44.039895740924095],[-79.63209939793619,44.039545440847604],[-79.63245869801844,44.03918614076839],[-79.6328179981056,44.03888074069847],[-79.63306059816354,44.038665140649584],[-79.63327609821614,44.03848544060826],[-79.63341089824696,44.0383506405785],[-79.63354559827948,44.03823394055193],[-79.63370729831728,44.03808124051782],[-79.63389599836295,44.03791954048088],[-79.63412059841595,44.0377128404344],[-79.63441699849359,44.037524240387675],[-79.63480329859262,44.037254740322716],[-79.6351895986957,44.03703014026556],[-79.63553989878808,44.03681454021164],[-79.63587229887803,44.036634940164774],[-79.6361417989495,44.036473240124025],[-79.63642919902749,44.036320540083985],[-79.63674359911336,44.03615884004105],[-79.6370580992,44.03600603999974],[-79.63734549927555,44.035826439954974],[-79.63767789936306,44.035619839903454],[-79.63798329944353,44.03543113985633],[-79.63827979952444,44.035278439815855],[-79.63853129958932,44.035107739774354],[-79.63881879966328,44.03491013972654],[-79.63907029972735,44.03473043968344],[-79.63931279979182,44.03458673964711],[-79.6395912998686,44.034452039610606],[-79.63978889991957,44.034317239577895],[-79.63991469995403,44.03425433956104],[-79.64008539999884,44.03414653953427],[-79.64029200005673,44.03405673950892],[-79.64049860011374,44.03395793948204],[-79.64064230015155,44.03386813945967],[-79.64078610019098,44.03379623944044],[-79.64097470024309,44.03370643941594],[-79.64113640028911,44.033643539397424],[-79.6412891003322,44.033580639379316],[-79.64145980037937,44.03349973935722],[-79.64162150042377,44.03341893933552],[-79.64179220047014,44.03332913931186],[-79.64195390051289,44.03323033928712],[-79.64212450055841,44.03313143926191],[-79.64234010061264,44.032969739223695],[-79.64267250070175,44.032781139175306],[-79.64304980080199,44.03255653911848],[-79.64340020089605,44.03235893906769],[-79.64377750099868,44.03216133901563],[-79.64420860111444,44.031918738953145],[-79.6446578012319,44.03163123888213],[-79.64508000133996,44.03133483881076],[-79.64542140142218,44.031038438743195],[-79.64570880149202,44.030795838687574],[-79.6460412015909,44.030715038657874],[-79.64608610158653,44.03050843861992],[-79.64618490160832,44.03040063859654],[-79.64638260165275,44.03019393855137],[-79.64663410171029,44.029942438495894],[-79.64671490172712,44.02984363847494],[-79.64689460176585,44.029637038430614],[-79.64711920181477,44.029385538376395],[-79.64728090184931,44.029196838336],[-79.6474066018732,44.02901723829891],[-79.64757730191063,44.028828538258146],[-79.64775700195095,44.02863993821694],[-79.64788280197894,44.02850513818761],[-79.647999502004,44.02837043815874],[-79.64812530203439,44.0282626381341],[-79.64821510205495,44.02817273811427],[-79.64829600207348,44.02809193809648],[-79.64842170210386,44.02798413807181],[-79.64860140214417,44.02779543803057],[-79.64885290220252,44.02755293797668],[-79.64912240226339,44.02727443791561],[-79.64932900230335,44.026987037856],[-79.64945480231906,44.02671753780331],[-79.64957160233438,44.026474937755765],[-79.64967940234521,44.02621443770545],[-79.6497872023536,44.02592693765047],[-79.6498321023451,44.025675437604754],[-79.64987700233416,44.02539693755435],[-79.64989500230897,44.025055637494305],[-79.64988600227187,44.02467833742926],[-79.64986800222943,44.02427403736003],[-79.64984110218332,44.023860837289604],[-79.64980510214006,44.02351053723058],[-79.64976920209762,44.02316913717302],[-79.64974230205722,44.02281883711355],[-79.64970630201397,44.02246843705447],[-79.64972430199278,44.022172037002186],[-79.64972430196833,44.021902536955416],[-79.6497602019578,44.02166003691164],[-79.64980510195264,44.02144443687216],[-79.64986800195723,44.021273736839625],[-79.64993990196639,44.02112103680973],[-79.65002070198076,44.02099523678406],[-79.65009260199561,44.020905436765084],[-79.65017350200924,44.02077063673791],[-79.65028130203305,44.020653836712576],[-79.65038910205531,44.02051913668406],[-79.65055970209842,44.0203933366542],[-79.65078430215956,44.02027653662333],[-79.65113470226257,44.02017773658965],[-79.65149400237088,44.02010593656022],[-79.65179940246685,44.02008793654266],[-79.65213180257305,44.02008793652696],[-79.65241920266577,44.02009693651492],[-79.65271570275887,44.02007893649784],[-79.65299420284865,44.02008793648623],[-79.65329060294258,44.02007893647069],[-79.65362300305041,44.02009693645806],[-79.6540542031898,44.02011483644083],[-79.65451230333946,44.02015083642542],[-79.6548806034604,44.02018673641426],[-79.65521300356579,44.020177736396995],[-79.65562620369704,44.020168736375894],[-79.65603950382827,44.02015983635487],[-79.65648860397262,44.020168736335144],[-79.65700070413625,44.02016873631095],[-79.65756660432118,44.02021373629201],[-79.6581056044958,44.020240636271254],[-79.65824030453888,44.020240636264894],[-79.65786300428626,44.018785336030284],[-79.65781810425646,44.01861473600277],[-79.65777320424208,44.01861473600489],[-79.65737790411985,44.0186596360314],[-79.65698270399601,44.018686536054695],[-79.65665030388979,44.01868653607039],[-79.65628200378028,44.01877643610341],[-79.6559047036711,44.01890213614306],[-79.6554196035275,44.01902793618778],[-79.65492550337618,44.01909983622361],[-79.65444940322158,44.019072836241385],[-79.65405420308714,44.018983036244514],[-79.65365890294943,44.018857236241324],[-79.65324570279863,44.018650636225],[-79.65284150265724,44.01851583622074],[-79.6525450025568,44.01845303622383],[-79.65224860245475,44.018372136223796],[-79.65195210234941,44.018255336217536],[-79.65165570224414,44.01813863621134],[-79.65144010216623,44.018039736204344],[-79.65124250209496,44.01794993619808],[-79.651044802022,44.01784213618869],[-79.65091010197084,44.01775233617951],[-79.65082020193555,44.017680436171275],[-79.65072140189666,44.01759963616194],[-79.65062260185776,44.01751873615258],[-79.65052380181967,44.01744683614474],[-79.65042500177836,44.01733913613073],[-79.64980510159411,44.0174918361865],[-79.64913140139187,44.01763553624326],[-79.64783780100538,44.01793193635576],[-79.64735270085929,44.018030836395816],[-79.64615800050197,44.018300336499],[-79.64568190033435,44.01812963649185],[-79.64552920028473,44.01812063649752],[-79.64532260021957,44.018129636508824],[-79.64512490015558,44.018120636516606],[-79.64498120010961,44.0181206365234],[-79.64480150005221,44.01812063653188],[-79.64465780000789,44.01813863654182],[-79.64449609995705,44.01814753655094],[-79.64436139991565,44.01816553656044],[-79.6441636998533,44.01817453657138],[-79.64405589982046,44.01819253657955],[-79.64393909978475,44.01821043658821],[-79.64382239974829,44.01821943659527],[-79.64367859970561,44.01825533660828],[-79.64350799965192,44.01826433661786],[-79.64333729959979,44.01829133663067],[-79.64313959953823,44.01830923664308],[-79.64291509947057,44.01835413666146],[-79.64270849940698,44.018381136675885],[-79.64251079934868,44.01843503669459],[-79.64226829927526,44.01847993671386],[-79.64209759922475,44.01852483672968],[-79.64193589917637,44.01856083674358],[-79.64171129910784,44.01859673676043],[-79.64148669904098,44.018650636780336],[-79.64127119897373,44.01866863679364],[-79.64108249891424,44.01867753680409],[-79.64088489885435,44.01871353681971],[-79.64070519879775,44.01872253682974],[-79.64048059873006,44.018767436848094],[-79.64030999867794,44.01879433686084],[-79.64015719863241,44.01883033687433],[-79.63998659857953,44.01884823688547],[-79.63976199851342,44.01891113690697],[-79.63958229846008,44.01895603692324],[-79.63944759842032,44.018992036935856],[-79.6393037983768,44.01901893694733],[-79.63907929830994,44.01907283696723],[-79.63890859826108,44.019135736986264],[-79.63869299819628,44.01918063700421],[-79.63852229814822,44.019252537024755],[-79.63837859810471,44.01927943703618],[-79.63825279806778,44.01931533704834],[-79.63805519800954,44.01936923706704],[-79.6378934979611,44.019405237080946],[-79.63775869792208,44.01945013709508],[-79.63755209786018,44.019495037112584],[-79.63738139780966,44.01953993712848],[-79.63722869776413,44.01957593714188],[-79.63707599771777,44.01960283715378],[-79.63693229767755,44.01966573717149],[-79.63681549764183,44.01968373718014],[-79.63667179760002,44.019728637194696],[-79.63652799755728,44.01976453720771],[-79.63637529751173,44.01980043722114],[-79.63623159746992,44.019845437235716],[-79.63611479743666,44.01989033724908],[-79.63598909740135,44.019944237264305],[-79.63585429736233,44.0199891372785],[-79.63575549733484,44.02003403729094],[-79.63562969729547,44.02004303729848],[-79.63543209723717,44.02009693731709],[-79.63532429720682,44.02014183733002],[-79.63520749717276,44.02017773734175],[-79.63506379713087,44.02022263735631],[-79.63486619707426,44.02029453737813],[-79.6346684970176,44.02036643739991],[-79.63444399695237,44.02043823742297],[-79.6341384968604,44.02050113744835],[-79.63394989680258,44.02052813746191],[-79.63374329673822,44.020546037474766],[-79.63353669667464,44.02057303748919],[-79.63326719659175,44.020608937508136],[-79.63310549654493,44.02066283752513],[-79.63286289647148,44.02070773754436],[-79.63266529641079,44.02073473755841],[-79.6324586963472,44.020761637572804],[-79.63217119625939,44.02080663759417],[-79.63200049620644,44.020824537605336],[-79.63185679616299,44.02085153761684],[-79.63171309612031,44.02088743762986],[-79.6315333960637,44.020896437639884],[-79.63135379601115,44.020950337657716],[-79.63120999596602,44.02095933766603],[-79.63107529592462,44.020977237675496],[-79.6309314958803,44.020995237685405],[-79.63079679583889,44.021013237694916],[-79.63063509578879,44.02103113770564],[-79.6304733957412,44.02107603772108],[-79.63032969569771,44.02110303773255],[-79.63018589565502,44.021138937745555],[-79.63003319560949,44.02117493775898],[-79.62987149556106,44.02121083777284],[-79.62970979551261,44.02124673778669],[-79.62946729544085,44.0213096378091],[-79.62930559539238,44.02134553782292],[-79.629143895344,44.02138153783681],[-79.62900909530252,44.02139943784627],[-79.62884749525576,44.021453337863264],[-79.62864979519745,44.021507237881956],[-79.62842519513141,44.021570137903446],[-79.62818269505877,44.02162403792427],[-79.62798509500134,44.0216869379445],[-79.62770659491882,44.02175883797013],[-79.62744609484373,44.02184863799796],[-79.62730229480185,44.02189353801258],[-79.62714069475426,44.02193843802797],[-79.62696099470172,44.021992338045806],[-79.62678129464831,44.02203723806206],[-79.62661959459993,44.02207323807595],[-79.62648489456014,44.022109138088545],[-79.6263141945072,44.022127138099734],[-79.62608059443824,44.02219003812167],[-79.62585609437217,44.022252838143196],[-79.62565839431142,44.02227983815719],[-79.62547879425813,44.02232473817342],[-79.62533499421536,44.02236063818644],[-79.62517329416535,44.02237863819721],[-79.62497569410547,44.02241453821277],[-79.62475109403773,44.022459538231175],[-79.62452659396924,44.022495438248],[-79.62432889391012,44.022540338265095],[-79.62413129385268,44.02260323828538],[-79.62395159379928,44.022648138301626],[-79.6238258937624,44.02268403831379],[-79.62369109372256,44.02272003832641],[-79.62349349366512,44.02278283834661],[-79.62328689360396,44.022836738365704],[-79.6231071935514,44.02289063838355],[-79.62296349350873,44.02292663839655],[-79.62272989343651,44.02295353841226],[-79.62264009340942,44.02297153841964],[-79.62258619339381,44.0229895384253],[-79.62244249334711,44.022980538430495],[-79.62228969329985,44.022998438440816],[-79.62206519323219,44.023043438459204],[-79.62192139318867,44.023070338470674],[-79.62178669314807,44.02309733848171],[-79.62158009308854,44.02316913850392],[-79.62140039303517,44.02321403852016],[-79.62123869298922,44.02327693853875],[-79.62104109293008,44.02332183855585],[-79.62089739288746,44.023357838568906],[-79.62073569283899,44.02339373858275],[-79.62060089279754,44.023411738592195],[-79.62028649270195,44.02346563861639],[-79.62012479265435,44.023510538631854],[-79.61996309260508,44.02353743864411],[-79.61974749254105,44.02359133866365],[-79.61955889248404,44.02362733867881],[-79.61936119242654,44.023690138699],[-79.6191905923761,44.02373513871486],[-79.61903779232966,44.02376203872676],[-79.6188940922854,44.023780038736675],[-79.61873239223613,44.02380693874893],[-79.61853479217625,44.02384293876453],[-79.61833719211555,44.02386983877849],[-79.61804069202567,44.02392373880185],[-79.61773529193783,44.024031538834976],[-79.6175376918787,44.02407643885206],[-79.61724119178882,44.02413033887542],[-79.61707949174041,44.024166238889265],[-79.61689989168543,44.02419323890242],[-79.61665729160954,44.024211238917005],[-79.61647759155537,44.024247138931706],[-79.61623509148353,44.02431003895406],[-79.61610929144491,44.02432793896308],[-79.61599259140925,44.024345938971734],[-79.61585779136863,44.02437293898276],[-79.61569609131857,44.024390838993554],[-79.615498491257,44.02440883900594],[-79.61533679120859,44.02444473901982],[-79.61515709115362,44.024471739033004],[-79.61495049109163,44.02451663905053],[-79.61473489102842,44.0245795390716],[-79.61447439095083,44.024642439094784],[-79.6143485909131,44.02466933910543],[-79.61419589086753,44.02470523911886],[-79.61400729081214,44.024759139137124],[-79.61382759075958,44.02481303915495],[-79.61364799070624,44.02485803917124],[-79.61350419066353,44.024893939184246],[-79.61336949062374,44.02492983919677],[-79.61322569058267,44.024983739212914],[-79.61310899054858,44.02501963922466],[-79.61298319051164,44.025055639236854],[-79.61283949046815,44.02508253924828],[-79.61260589039998,44.02515443927178],[-79.61240829034092,44.025199339288875],[-79.61208489024567,44.025289139319725],[-79.6119051901923,44.02533413933601],[-79.61180639016399,44.025370039346896],[-79.61159979010364,44.02543293936755],[-79.61142009004783,44.02545083937917],[-79.6113033900138,44.0254868393909],[-79.611177589976,44.025513739401525],[-79.61101588992679,44.02554073941383],[-79.61079128985821,44.025576639430646],[-79.6106565898168,44.025594639440136],[-79.61047688976181,44.02562153945324],[-79.61023438968755,44.02565753947094],[-79.61009058964402,44.025684439482426],[-79.60995588960262,44.02570243949186],[-79.60971328952827,44.02573833950954],[-79.60948878946058,44.02578323952795],[-79.60931808941014,44.02582813954377],[-79.60912938935223,44.02585513955732],[-79.60888688927876,44.025900039576605],[-79.60862638920204,44.02597193960134],[-79.60850958916633,44.02598983961],[-79.6082849890994,44.026043739629905],[-79.6080244890218,44.02610663965314],[-79.60782688896191,44.02614253966871],[-79.60744958884948,44.02623243970208],[-79.60732378881167,44.02625933971271],[-79.60716208876407,44.026304239728084],[-79.60701038872092,44.02636333974547],[-79.60610038852506,44.027412539970456],[-79.60557268838775,44.02775834005533],[-79.60553618838269,44.02783144006973],[-79.6054373883625,44.02795714009622],[-79.60536548834925,44.02806494011827],[-79.60526668832827,44.0281817401432],[-79.60515888830443,44.02829854016855],[-79.60501508827062,44.02843324019873],[-79.60494328825499,44.0285141402161],[-79.60483548822629,44.02857704023214],[-79.6047545882053,44.028630940245264],[-79.60453008814493,44.028756640277685],[-79.60441328811491,44.028837540297225],[-79.60426948807546,44.02890944031651],[-79.60411678803722,44.02902614034393],[-79.60396408799737,44.029125040368285],[-79.60379338795337,44.029241740396586],[-79.60363168791064,44.0293405404214],[-79.60348798787446,44.029448340446834],[-79.60336218784077,44.02952024046526],[-79.60316458779059,44.02966394049948],[-79.60299388774659,44.0297807405278],[-79.60276938768622,44.02990654056023],[-79.60266158765992,44.02999634058092],[-79.60249088761837,44.030140040613865],[-79.60240098759535,44.030202940629025],[-79.60229328756826,44.03028384064813],[-79.60220338754517,44.03034674066326],[-79.60204168750408,44.03046344069118],[-79.60194288747985,44.03054434070987],[-79.60184408745397,44.03060724072544],[-79.60172728742558,44.030706040748065],[-79.6015386873775,44.03084074078031],[-79.60146678736099,44.03091264079621],[-79.60136798733673,44.03099344081486],[-79.6011792872935,44.03118214085653],[-79.60109848727664,44.03128094087746],[-79.60099968725483,44.03138874090086],[-79.60088288723215,44.03155044093439],[-79.60080198721523,44.03164924095534],[-79.60065828718393,44.0318109409902],[-79.60054148715635,44.03191874101436],[-79.60047868714445,44.03200854103292],[-79.60036188711932,44.03214334106181],[-79.60026308709583,44.03223314108207],[-79.60018218707974,44.03234094110456],[-79.60008338705548,44.03242184112325],[-79.59993968702098,44.03254754115186],[-79.599804886986,44.032637441173776],[-79.59971508696297,44.03270024118893],[-79.59945458689351,44.03285304122773],[-79.59935578686682,44.03290694124171],[-79.5992209868335,44.0330147412668],[-79.59911318680231,44.033050641278095],[-79.59895148675872,44.03314044130132],[-79.59885268673122,44.03318534131376],[-79.59875388670372,44.03323034132622],[-79.59863708667125,44.033284141341056],[-79.5985382866462,44.03335604135819],[-79.59841248661087,44.03340994137349],[-79.5983046865821,44.033472841389475],[-79.5982058865554,44.0335267414035],[-79.59786458646825,44.03376924146168],[-79.59702008622511,44.03406574155293],[-79.59691228619963,44.03416454157515],[-79.5967865861692,44.03427234159973],[-79.596642786133,44.03438014162525],[-79.59652608610462,44.034478941647876],[-79.59641828607508,44.034532841662326],[-79.5963194860492,44.034595741677876],[-79.59622058602244,44.0346496416919],[-79.59602298596982,44.03476644172148],[-79.59584328592051,44.034856241745544],[-79.59568168587616,44.03493704176717],[-79.5954570858158,44.0350628417996],[-79.59528638577098,44.035170641826326],[-79.59510668572166,44.03526044185039],[-79.59494498567814,44.03535034187359],[-79.59475638562678,44.03544914189968],[-79.59458568558117,44.03554794192485],[-79.5943970855298,44.03564674195088],[-79.59421738548293,44.035763541979584],[-79.5939837854221,44.03591624201711],[-79.59373228535385,44.03605104205237],[-79.59356158530828,44.03614984207754],[-79.59341788526964,44.03623064209831],[-79.59315738520104,44.03639234213868],[-79.592923785141,44.036554042177734],[-79.59270818508342,44.036679842209686],[-79.59252858503581,44.03678764223689],[-79.59234888498732,44.036886442262485],[-79.59206138490677,44.037012242297905],[-79.59179188482875,44.03710204232615],[-79.59152248475078,44.037191842354446],[-79.59126188467393,44.03726374237922],[-79.59098348459229,44.03734454240634],[-79.5905971844769,44.037434442440116],[-79.59026478438035,44.03754224247453],[-79.58998628429622,44.03759614249702],[-79.58969888421083,44.037667942523036],[-79.58945628413817,44.037721842543846],[-79.58919578406136,44.03779374256856],[-79.58889598397155,44.03786034259426],[-79.58418068265185,44.039934643176416],[-79.58421908267525,44.04005744319588],[-79.58427298270715,44.04021914322138],[-79.58431798273946,44.04041684325355],[-79.58435388276477,44.04056954327832],[-79.58441678280278,44.04076714330967],[-79.5844616828334,44.040946843338716],[-79.58450658286971,44.04118934337866],[-79.58454248289829,44.04137804340967],[-79.58456948293058,44.04163854345361],[-79.58463238297345,44.04189004349426],[-79.5847041830184,44.042132643532916],[-79.58475808305681,44.04236614357092],[-79.58482098309565,44.0425727436038],[-79.5848748831316,44.042779343637044],[-79.58496468318147,44.04301294367333],[-79.58501858321986,44.04324654371131],[-79.58509948326447,44.043453143743314],[-79.58518028331233,44.04369564378157],[-79.5852791833675,44.04395614382207],[-79.58536898341985,44.04421664386304],[-79.58537798344474,44.04445924390466],[-79.58538698347121,44.04471974394944],[-79.58538698349157,44.04494434398836],[-79.5853689835029,44.04513294402192],[-79.58528808349902,44.045375544067845],[-79.5851713834829,44.04560904411382],[-79.58507248346673,44.0457797441481],[-79.58491978343338,44.0459504441849],[-79.58478508340252,44.046085144214615],[-79.58461438336097,44.04622894424759],[-79.58443468331816,44.04639064428409],[-79.58423708326721,44.046525344316805],[-79.58401248320678,44.0466511443492],[-79.58379688314679,44.046749944376494],[-79.58363518309993,44.04680384439347],[-79.58340168303181,44.04687574441697],[-79.58315018295629,44.04692964443814],[-79.5828985828807,44.04698354445935],[-79.58257518278215,44.047037444483976],[-79.58223388267788,44.047091344509425],[-79.58187448256868,44.047154144537245],[-79.58147028244433,44.047208044565664],[-79.58108398232568,44.04726194459324],[-79.58070668220908,44.04730694461881],[-79.580365382104,44.047351844642684],[-79.57996108198046,44.04741464467266],[-79.57951198184251,44.04747754470473],[-79.57904488169967,44.04754944473924],[-79.57864958158137,44.047639244773485],[-79.57817348143651,44.04772014480996],[-79.57768838128946,44.04780994484836],[-79.57718528113595,44.04789084488612],[-79.57670918098859,44.04794474491791],[-79.57626008085388,44.04804354495621],[-79.57573898069619,44.04814234499798],[-79.5752539805509,44.04825014503948],[-79.57480478041782,44.04836694508092],[-79.57439158029706,44.04849264512222],[-79.57396938017344,44.04861844516391],[-79.57356508005397,44.0487262452017],[-79.57317887994262,44.048860945243256],[-79.57278357982925,44.04900474528682],[-79.57240627972322,44.04916644533267],[-79.57205597962341,44.04930114537254],[-79.5717504795371,44.049426945408754],[-79.57139117943689,44.04958864545376],[-79.57103187933662,44.04975034549871],[-79.57072647925361,44.04991204554114],[-79.57036707915329,44.05007374558615],[-79.57002577906127,44.05026234563497],[-79.56970237897413,44.05044204568135],[-79.5693789788886,44.05063964573085],[-79.56910047882397,44.05090914579072],[-79.56879507875071,44.05117864585184],[-79.56853457869344,44.051466145913984],[-79.5682919786411,44.05174454597371],[-79.5680314785822,44.052014046032724],[-79.56785177854833,44.05227454608632],[-79.56767217851693,44.05256204614468],[-79.56750147848923,44.05285844620414],[-79.56728587844955,44.05318184627035],[-79.56710617842222,44.0535142463365],[-79.56696247840478,44.053828646397776],[-79.56679177837867,44.054143046460325],[-79.56656727832804,44.054376646511415],[-79.56620787823428,44.05461024656887],[-79.5658305781307,44.054798846619356],[-79.5654982780374,44.05494254665996],[-79.56521977796137,44.05508634669802],[-79.56486937786966,44.055310846753464],[-79.56451007777834,44.05557144681557],[-79.56419567770386,44.05585884688024],[-79.56387227762484,44.056128346942195],[-79.56358477755893,44.05641584700562],[-79.56329737749469,44.056721247072126],[-79.56298297742754,44.057089547150795],[-79.56265957735502,44.057430947225264],[-79.56238107729041,44.05770044728512],[-79.56204867721014,44.05798784735061],[-79.56172527713277,44.05827534741572],[-79.56139297705411,44.05858074748434],[-79.56105157696776,44.05883224754403],[-79.56071017688052,44.059074847602155],[-79.56041377680366,44.05927244765038],[-79.5600544767107,44.059515047709404],[-79.55974007662965,44.0597306477616],[-79.55931777651658,44.059973147823555],[-79.55894057641058,44.06013484786936],[-79.55851827629422,44.060341447925076],[-79.55804217616314,44.060575047988046],[-79.557602076046,44.060835548053895],[-79.55717987593698,44.061122948123696],[-79.55680257584314,44.06141944819287],[-79.55640727574604,44.061742848267585],[-79.55605697566408,44.06207524834173],[-79.55573357558836,44.06238064840991],[-79.55549097553597,44.06265914846961],[-79.55524847548527,44.06295554853245],[-79.55502387543869,44.063234048591305],[-79.55479927538879,44.06347654864393],[-79.55456577533938,44.063755048703214],[-79.55432317528779,44.06404254876449],[-79.5540626752322,44.06434794882972],[-79.55380217517653,44.06465334889494],[-79.55353267511636,44.064940848957505],[-79.55329017506246,44.065201349014075],[-79.55304757500679,44.06544384906756],[-79.55276907494054,44.06569544912432],[-79.55245467486516,44.065973849187415],[-79.5520773747665,44.06621644924722],[-79.55168217466367,44.06647694931098],[-79.55125997455141,44.06672844937453],[-79.55079277442475,44.06698004944012],[-79.55030767429564,44.06726744951286],[-79.54988547418093,44.06749204957166],[-79.54946327406948,44.067752549636744],[-79.54910397397325,44.06795914968944],[-79.54876257388362,44.068174749742965],[-79.54835837377469,44.06839934980091],[-79.54795417366817,44.06865084986354],[-79.54756787357228,44.06895624993469],[-79.5471995734821,44.06926175000504],[-79.54678627337675,44.06955815007592],[-79.54638207327595,44.06987255014945],[-79.54597787318004,44.070240850232345],[-79.54562747309889,44.07058225030806],[-79.54528617301983,44.070914650381745],[-79.5449896729543,44.071238050451804],[-79.54466627288342,44.071597350529274],[-79.54436087282397,44.072019550616865],[-79.54411837278384,44.07243275069993],[-79.5438757727429,44.07283705078146],[-79.54363327270278,44.07325025086448],[-79.5434086726668,44.07364555094356],[-79.54316607263394,44.07413955104062],[-79.54296847261146,44.07458875112785],[-79.54279777259104,44.07496605120126],[-79.54264507257885,44.07537025127849],[-79.54248337256705,44.07581045136244],[-79.54232167255275,44.076223651441715],[-79.54213307252988,44.076636851522174],[-79.5419803725128,44.0769872515901],[-79.5418365725002,44.07735555166071],[-79.54168387248556,44.07773285173333],[-79.54153117247172,44.07811915180746],[-79.5413425724513,44.07855925189263],[-79.541189772444,44.07901745197921],[-79.54106407243636,44.07937675204743],[-79.5409203724205,44.07970915211179],[-79.540758672403,44.08008645218482],[-79.54059697238225,44.08042775225158],[-79.54041727235484,44.08076015231765],[-79.5402735723317,44.081011652368],[-79.54006697229573,44.08134405243535],[-79.5398063722523,44.081784252523924],[-79.53954587220966,44.08223345261404],[-79.53932127216714,44.082556752680645],[-79.53915967213989,44.08282625273496],[-79.53899797211099,44.0830778527862],[-79.53880027207298,44.08335625284377],[-79.53857567202553,44.08362575290106],[-79.53837807198352,44.08385935295087],[-79.53815347193037,44.084065952997264],[-79.53787507186165,44.084290553049264],[-79.53756067178062,44.08450615310143],[-79.53733607171769,44.08460495312919],[-79.53713837166339,44.08470375315561],[-79.53695877161084,44.08475765317344],[-79.5367431715484,44.084829553196],[-79.53614127135904,44.084865453230606],[-79.5360244713616,44.08530565331241],[-79.53600657136968,44.0854583533397],[-79.53598857137945,44.08562905337015],[-79.53595267138915,44.08586255341228],[-79.53592567139923,44.08606925344936],[-79.53592567142367,44.086338753496044],[-79.53590777144076,44.08659025354053],[-79.53590777145625,44.08676095357006],[-79.53589877147621,44.08701245361411],[-79.5359077715084,44.087335853669686],[-79.53590777153285,44.08760535371637],[-79.53592567156223,44.08786585376069],[-79.5359526715978,44.088162253810744],[-79.53598857163128,44.088404853851124],[-79.53600657165981,44.08865635389384],[-79.53602447168598,44.08888095393194],[-79.53607837172682,44.08914145397451],[-79.53614127176981,44.089392954015096],[-79.53620417181845,44.089707354066654],[-79.53626707186383,44.08998585411192],[-79.53632097190554,44.09025535415607],[-79.53636587193782,44.090452954188166],[-79.53641977198198,44.09074945423704],[-79.5364826720282,44.091036854283864],[-79.53652757207026,44.09134235433465],[-79.53658147211442,44.09163875438349],[-79.53661737215444,44.09195315443625],[-79.53668027220391,44.09227655448932],[-79.53674317225261,44.09259095454078],[-79.53680607229556,44.092842554581445],[-79.53687787234054,44.09308505462007],[-79.53694077238104,44.09330965465599],[-79.53706657246448,44.09378575473255],[-79.53758757263779,44.09385755472043],[-79.53778517270509,44.093902554718916],[-79.53800977278182,44.09395645471768],[-79.53828827288076,44.09406425472324],[-79.53869247302315,44.09420795472906],[-79.53901587313807,44.09433375473563],[-79.53927637323198,44.094450454743544],[-79.53955487333504,44.09460325475692],[-79.53987827345316,44.094764854769615],[-79.54016577356147,44.09494455478717],[-79.54048917368456,44.09516015480931],[-79.5407136737727,44.09533985482984],[-79.54105507390807,44.095627254863544],[-79.54142337405203,44.095914754895986],[-79.54173777417626,44.09617525492625],[-79.54199827428249,44.09642675495756],[-79.54230377440796,44.09673225499605],[-79.54262707453995,44.09704665503525],[-79.54298647468191,44.09734305506967],[-79.54334577482948,44.09770235511497],[-79.54366017495786,44.098007855153035],[-79.54389377505628,44.098268355187166],[-79.54416327517026,44.09857375522734],[-79.54445967529362,44.09888815526781],[-79.5447201754023,44.0991666553038],[-79.54498067551017,44.09943615533819],[-79.54520527560078,44.09964275536335],[-79.54542987569471,44.09988525539476],[-79.54564547578245,44.100091955420375],[-79.54588797588211,44.100334455450934],[-79.54612157597481,44.10053205547418],[-79.54629227604491,44.10070275549567],[-79.54648087612401,44.10090935552257],[-79.54666057620034,44.10111595554988],[-79.54685817628477,44.10134955558101],[-79.54700187634623,44.1015202556038],[-79.54712767640365,44.101708855630534],[-79.54722647644913,44.101861555652334],[-79.54732527649298,44.10199635567098],[-79.54742417654015,44.10216705569587],[-79.54748697657169,44.1022927557147],[-79.5475498766016,44.10240055573043],[-79.54763967664013,44.10250835574484],[-79.54753187663256,44.10280485580124],[-79.54743307664175,44.1032539558837],[-79.54731637663701,44.10361335595144],[-79.54721747664132,44.10400855602456],[-79.54711867664882,44.104439756103865],[-79.54691207662275,44.10487995618987],[-79.54684017663561,44.1052751562617],[-79.5467773766433,44.105580656317535],[-79.54676837667795,44.10599385638954],[-79.54670547669944,44.10645195647183],[-79.54654377670077,44.10703585658056],[-79.54643597676012,44.10806895676456],[-79.5463101768709,44.10973085705824],[-79.54634617692975,44.11025185714675],[-79.54657077703676,44.110638157203056],[-79.5464090769907,44.11070105722154],[-79.54652577710972,44.111599357371595],[-79.54743307743682,44.11200355739875],[-79.54753537747315,44.11204315740084],[-79.54792397757738,44.11182155734409],[-79.54842227770277,44.11144645725566]],[[-79.36784873319681,43.1230158919572],[-79.36785903324682,43.1235652920547],[-79.36785803324958,43.123601292061196],[-79.36786113331878,43.12440269220391],[-79.37065323420087,43.12435239206743],[-79.37104693432477,43.12433999204722],[-79.37263363482582,43.124308591969154],[-79.37431893535825,43.124278291886775],[-79.37765203641037,43.12420869172209],[-79.38018563721083,43.12416359159828],[-79.38199373778228,43.12413499151062],[-79.38340783822984,43.12411899144314],[-79.38492053870796,43.124095291369805],[-79.38647033919719,43.12406319129327],[-79.38707293938764,43.124053691263995],[-79.38730643946208,43.12405699125392],[-79.38744203950372,43.12404089124487],[-79.38760273955188,43.1240071912315],[-79.38780033961176,43.123973891216544],[-79.3879241396481,43.12393959120482],[-79.3880603396877,43.12389649119088],[-79.38822193973378,43.123835691172665],[-79.38833393976488,43.123783291158205],[-79.38837123977527,43.12376579115336],[-79.38850883981138,43.12367759113135],[-79.3886089398372,43.12360709111423],[-79.38873403987016,43.12352779109435],[-79.38889623991413,43.123440091071295],[-79.38904493995692,43.12338809105525],[-79.38916903999261,43.12334469104187],[-79.38930544003222,43.12330169102796],[-79.38944154007253,43.12326749101563],[-79.38963904013241,43.12323439100071],[-79.3898487401969,43.123210290986805],[-79.39009564027177,43.12316879096811],[-79.39031774033944,43.12313589095214],[-79.39052804040259,43.123093790935],[-79.39075034046958,43.12305189091739],[-79.3909232405216,43.123018290903495],[-79.39105914056265,43.1229931908928],[-79.39108074056948,43.12299339089184],[-79.39104854051162,43.122434390793664],[-79.3910209404623,43.121957590709926],[-79.39095004033472,43.12072409049333],[-79.3908789402071,43.119490690276685],[-79.39083694013154,43.11875999014834],[-79.39082014010158,43.118470490097486],[-79.39077554002127,43.11769368996106],[-79.39074393996465,43.11714658986495],[-79.39068163985276,43.11606438967487],[-79.3906177397379,43.11495338947967],[-79.39060913972227,43.114801789453054],[-79.39060683971825,43.11476298944621],[-79.39059843970344,43.11462068942124],[-79.39052353957135,43.11334828919779],[-79.39049453951996,43.112852589110744],[-79.39048663950604,43.11271878908722],[-79.39046983947648,43.112433889037206],[-79.39044953944071,43.11208938897672],[-79.39039103933729,43.11109268880169],[-79.39038393932479,43.110972288780516],[-79.39033243923386,43.11009588862655],[-79.39026933912258,43.109023388438246],[-79.39025483909687,43.10877558839471],[-79.39024093907238,43.108539688353254],[-79.39020783901404,43.10797758825456],[-79.3901782389617,43.10747278816585],[-79.39015953892873,43.1071552881101],[-79.3901111388434,43.10633288796564],[-79.39010623883476,43.106249387950996],[-79.39007193877433,43.10566748784875],[-79.39006623876413,43.105568587831414],[-79.39005573874542,43.10538758779962],[-79.39000563865596,43.1045230876477],[-79.38997993860994,43.10407858756958],[-79.38993893853691,43.103372387445546],[-79.38990403847453,43.10276958733959],[-79.38977983825292,43.100627786963244],[-79.38965573803138,43.098485986586866],[-79.38965253802563,43.09843068657718],[-79.38963213798915,43.09807768651511],[-79.38962163797045,43.09789678648335],[-79.38950773776719,43.09593178613806],[-79.38937033772316,43.09592658614335],[-79.38925583768645,43.095922186147845],[-79.38916463738676,43.092738085583974],[-79.38905043701172,43.08875228487804],[-79.3890503370115,43.088749584877576],[-79.3890452369947,43.088571184845925],[-79.38902243691969,43.087773884704724],[-79.38898213678749,43.0863690844559],[-79.38890333652873,43.08361798396858],[-79.38889513650199,43.08333388391825],[-79.38883253629643,43.08114818353102],[-79.38880353620135,43.08013708335193],[-79.38879383616946,43.07979818329193],[-79.38878093612743,43.079351683212806],[-79.38877593611049,43.07917068318074],[-79.3886988358581,43.07648708270528],[-79.38859813552915,43.07299008208569],[-79.38851893527081,43.07024278159885],[-79.38851093524457,43.06996408154946],[-79.38850573522757,43.069782981517335],[-79.38837593480378,43.065275780718615],[-79.38824603438009,43.060768579919774],[-79.3882408343631,43.060587479887644],[-79.38817823415872,43.058412979502165],[-79.38814843406142,43.05737737931863],[-79.38812153397367,43.05644387915311],[-79.38807773375875,43.05407327873178],[-79.3880771337558,43.054041178726095],[-79.3880339335438,43.05170267831038],[-79.38802593352592,43.0515217782784],[-79.38798073328185,43.048812877796585],[-79.3879308330364,43.046104077314986],[-79.38790603291483,43.04476277707652],[-79.38789323285197,43.04406877695312],[-79.38787663276729,43.04313237678659],[-79.38786403270655,43.042462676667505],[-79.38786013268994,43.04228167663534],[-79.3877792323675,43.038779676013384],[-79.3877271321599,43.03652377561264],[-79.38772713215977,43.03652207561237],[-79.38765573191827,43.033939275154054],[-79.38763233184864,43.033204575023824],[-79.38762863183749,43.03308717500304],[-79.38762663183145,43.033023374991714],[-79.38743053124743,43.026861273899385],[-79.38742753123829,43.02676467388225],[-79.38733783097159,43.023951173383445],[-79.38733223095454,43.02377027335138],[-79.38731313089711,43.02316367324378],[-79.38729943085612,43.02273087316706],[-79.38726673075779,43.02169147298272],[-79.38715643042912,43.01822157236747],[-79.38704613010052,43.01475187175217],[-79.38313402887101,43.014882371953696],[-79.38296142881678,43.014888171962575],[-79.3828874287935,43.01489067196645],[-79.38003822789322,43.01492887210307],[-79.37793672722914,43.01495707220382],[-79.3778618272055,43.014958072207406],[-79.37535662641383,43.01499147232748],[-79.37427192607109,43.015005972379505],[-79.37285142562222,43.01502497244752],[-79.37269772557364,43.0150269724549],[-79.37260462554421,43.015028172459395],[-79.37009802475208,43.01506157257951],[-79.36902942441439,43.01507577263067],[-79.36759152396,43.01509497269955],[-79.36683312372033,43.01510497273591],[-79.36684662381477,43.01617157292602],[-79.36684182381326,43.01617167292627],[-79.36684212381542,43.01619587293058],[-79.36638282367004,43.01619917295208],[-79.36637642368723,43.016426872993065],[-79.36409052296433,43.01645157310155],[-79.36414142345583,43.02207227410424],[-79.36590452401188,43.02203497401731],[-79.36588922410473,43.02319037422453],[-79.36659462432824,43.02318747419191],[-79.36663012442328,43.024177474367285],[-79.36575682414795,43.0241973744106],[-79.36573642424418,43.0254110746285],[-79.36249132321603,43.025424874778786],[-79.3626458236648,43.03014987561639],[-79.36263452395072,43.03357097622838],[-79.34063831697738,43.03362457723944],[-79.34067551612192,43.023366875403816],[-79.34980661900691,43.02323067496395],[-79.36071822245177,43.02303797443274],[-79.36090002225671,43.02005057389036],[-79.36235452271671,43.020034573821256],[-79.36239792262309,43.01876467359226],[-79.36107782220508,43.01877267365377],[-79.36107822218146,43.01849157360349],[-79.3610785221664,43.01831277357149],[-79.36076992206384,43.018257373575636],[-79.36076192200574,43.01759987345845],[-79.35979242161866,43.01665847333425],[-79.35898202128735,43.01578017321406],[-79.3586608211387,43.01522647312966],[-79.35740492074216,43.01524767319061],[-79.35733732072079,43.015248773193896],[-79.35723112068725,43.015250573199076],[-79.35553292015122,43.01528137328186],[-79.35534352009148,43.0152847732911],[-79.35508182000886,43.01528947330383],[-79.35422201973749,43.01530517334579],[-79.35258031921911,43.015332773425435],[-79.35215781908555,43.015337973445575],[-79.35191051900728,43.01534027345724],[-79.34878161801883,43.01538717360804],[-79.34686391741293,43.01541547370036],[-79.34536891694064,43.01543797377242],[-79.34399511650648,43.01545687383827],[-79.34359121637885,43.01546247385764],[-79.3418137158171,43.01548687394286],[-79.34171151578482,43.015488873947874],[-79.34156701573926,43.015491773954984],[-79.33913441497049,43.01552587407174],[-79.33670191420175,43.01555987418848],[-79.33625131405935,43.015566274210094],[-79.33540301379129,43.01557827425085],[-79.33410421338083,43.01559657431315],[-79.33150651255991,43.01563327443787],[-79.33125991248195,43.0156367744497],[-79.32823891152722,43.01567927459469],[-79.32623141089279,43.01570757469103],[-79.32386201014391,43.01574077480472],[-79.32276320979666,43.015756174857415],[-79.32123910931493,43.01577747493054],[-79.32112310927828,43.01577917493609],[-79.32099240923696,43.015780974942366],[-79.31849550844825,43.015821275063104],[-79.31701330798003,43.01584507513467],[-79.31599880765957,43.015861375183746],[-79.31415170707605,43.015890975273],[-79.3126345065968,43.0159153753463],[-79.31125770616184,43.01593727541283],[-79.31098970607718,43.01594177542579],[-79.31098590621158,43.01754837571334],[-79.31096820683953,43.0250527770564],[-79.31090110681832,43.025053777059625],[-79.31072960676414,43.025056277067854],[-79.3102319066068,43.025063577091785],[-79.31003440654437,43.02506577710114],[-79.30998510652877,43.02506627710346],[-79.30497670494424,43.02512107734089],[-79.30080400362353,43.02516047753761],[-79.30079980366756,43.02569777763387],[-79.30077500437405,43.03415737914786],[-79.30076230476593,43.03884427998638],[-79.30076190480462,43.03930338006847],[-79.30075840498296,43.04142718044832],[-79.30086490501665,43.04142648044337],[-79.30089230502533,43.041425980442014],[-79.30102630506781,43.04142538043582],[-79.30291490566603,43.04141238034766],[-79.30291500566621,43.04141378034788],[-79.303877305971,43.04140718030295],[-79.30389900608108,43.04262768052019],[-79.303634206018,43.042875880576574],[-79.3032473059183,43.043149280643],[-79.30296590584143,43.043295880681995],[-79.30296920585269,43.043416580703465],[-79.30285570581667,43.04341718070876],[-79.30286130582775,43.043527080728126],[-79.302271805641,43.04353098075559],[-79.30070640514832,43.04357978083547],[-79.30097290590194,43.05149438223809],[-79.30101090601367,43.05267288244696],[-79.30107440603624,43.05270128244915],[-79.30108720604078,43.052707182449595],[-79.3011849060734,43.05272668244865],[-79.30120950608126,43.05272698244759],[-79.3012708061008,43.052727882444955],[-79.30154110618619,43.052722882431766],[-79.30176230625591,43.0527171824207],[-79.30412080700128,43.052680082306765],[-79.30417010701697,43.0526807823047],[-79.30545990742415,43.05265488224138],[-79.30995670884326,43.05255928201974],[-79.31108690920028,43.05253998196493],[-79.31111140920808,43.052540281963815],[-79.31362941000502,43.0525144818447],[-79.31399771012161,43.05251098182727],[-79.3141576101718,43.05250418181879],[-79.31428031021092,43.052505981813546],[-79.31461191031579,43.05250178179772],[-79.31882531164747,43.05243778159456],[-79.32042201215319,43.052425181519666],[-79.32056931220008,43.052427281513296],[-79.32101141234007,43.05242378149257],[-79.32333271307513,43.0524049813836],[-79.32386061324257,43.05240368135933],[-79.32394661326997,43.052404881355606],[-79.32632931402446,43.052385781243785],[-79.32688191419975,43.05238488121845],[-79.32770471446032,43.05237888117994],[-79.32995201517242,43.05236668107547],[-79.33050501534704,43.052356681048536],[-79.33147501565452,43.05235288100368],[-79.33438521657705,43.052341280869136],[-79.33490131673989,43.052330780843725],[-79.3353067168683,43.052327680824696],[-79.33764051760636,43.0522985807133],[-79.33905311805331,43.052282980646154],[-79.34062501855095,43.05226978057219],[-79.34065421869977,43.05391808086536],[-79.34067381876018,43.05455768097873],[-79.34069931888115,43.05589078121575],[-79.34071911894085,43.056521381327514],[-79.34077061914336,43.0587193817178],[-79.34078591921532,43.05951218185877],[-79.34080191932416,43.06073688207679],[-79.34080211936237,43.061187082157176],[-79.33996691909786,43.061193082196326],[-79.33747361830736,43.06120188231145],[-79.33613381788355,43.06121788237529],[-79.33632031849454,43.067731283530165],[-79.33638071855276,43.06819158360963],[-79.33640411861306,43.06881578372004],[-79.3364655187714,43.070454284009884],[-79.33640941875363,43.070454884012555],[-79.33639831875013,43.07045498401304],[-79.33640031875659,43.07052378402525],[-79.33195131734831,43.07056768423577],[-79.33159501723559,43.07057158425266],[-79.33160921734924,43.071859384481996],[-79.331610617384,43.07226468455432],[-79.3316025174066,43.07256168460773],[-79.33160241741346,43.07264268462222],[-79.33160651744754,43.07302998469119],[-79.33164411754352,43.07402108486642],[-79.33171681774259,43.076097785233976],[-79.33179171795692,43.07834558563189],[-79.33184111808676,43.07969248587017],[-79.3318528181115,43.07994028591383],[-79.3318573181156,43.07997188591927],[-79.33188181814553,43.080233385964846],[-79.33191801820213,43.08076528605817],[-79.33196211827003,43.081400686169616],[-79.33201131833839,43.08202278627844],[-79.3320539183917,43.08249168636019],[-79.33207961842773,43.082820686417776],[-79.33213411851189,43.08360938655607],[-79.33217951859321,43.084397986694825],[-79.3322177186539,43.08497038679522],[-79.33223201868591,43.08529478685248],[-79.33224031870574,43.08549748688828],[-79.33224851872099,43.08564618691447],[-79.33226491875179,43.085948086967626],[-79.33230721882984,43.08670968710168],[-79.3323075188314,43.08672758710484],[-79.33232081885897,43.08700258715332],[-79.33234731890941,43.08749808724054],[-79.33236211893968,43.087799887293734],[-79.33239911900154,43.08839048739749],[-79.3324402190708,43.089052887513866],[-79.3324512190808,43.089129587527026],[-79.33245521908626,43.0891791875357],[-79.33245391909003,43.08922868754458],[-79.33244371908987,43.089264487551475],[-79.33242741909,43.089327287563385],[-79.33241961909019,43.08935868756938],[-79.33241531908959,43.089367787571184],[-79.33240201908919,43.089412487579764],[-79.33238601908866,43.08946628759014],[-79.33237561908878,43.089506687597826],[-79.33236391908845,43.089546987605516],[-79.33235381908983,43.089600887615596],[-79.33234081909069,43.08965928762662],[-79.33230771909962,43.089888387669035],[-79.33224061911528,43.09032418774985],[-79.3321556191428,43.090966687868445],[-79.33210591915486,43.09129468792922],[-79.33205951916756,43.09161828798909],[-79.33204481917248,43.09173058800981],[-79.33203901917483,43.09177998801892],[-79.3320135191743,43.091869788036064],[-79.3319970191729,43.091914488044786],[-79.33198971917383,43.091952688051954],[-79.33197991917505,43.0920042880616],[-79.33195961917207,43.09204448806971],[-79.33192741916636,43.09209808808075],[-79.33187971915424,43.092133388089245],[-79.33184811914684,43.092164488096245],[-79.3318167191391,43.092190888102365],[-79.33180881913735,43.092199888104346],[-79.3313209189708,43.09206218810198],[-79.33077711878678,43.09192818810284],[-79.3306414187409,43.09189468810307],[-79.3304506186763,43.09184698810321],[-79.32987731848132,43.09169448810217],[-79.3294263183269,43.09156178809903],[-79.3291248182232,43.09146738809591],[-79.32866191806421,43.09132548809164],[-79.32723951757461,43.0908769880764],[-79.32626021723812,43.09057458806709],[-79.32514981685672,43.090234088056846],[-79.32478561673227,43.09012978805486],[-79.32475051672033,43.09012028805478],[-79.32470181670364,43.09010598805442],[-79.3246150166737,43.09007768805332],[-79.32456191665527,43.090058988052405],[-79.32449961663309,43.09003098805025],[-79.32441291660278,43.08999818804836],[-79.32436571658661,43.089983888047946],[-79.32428191655798,43.089960288047514],[-79.3242013165304,43.089936588046974],[-79.3238434164068,43.08981868804227],[-79.32380681639438,43.08980908804222],[-79.32375301637528,43.0897858880405],[-79.32369431635509,43.08976698803981],[-79.32361041632646,43.08974338803941],[-79.32358231631672,43.089733788038956],[-79.3235208162952,43.08971038803763],[-79.32347881628105,43.089700788037824],[-79.3234110162579,43.08968178803751],[-79.32331991622813,43.0896713880398],[-79.32326471620976,43.089661688040614],[-79.3232580162076,43.08966158804088],[-79.32321501619357,43.08965648804191],[-79.32313991616924,43.08965078804436],[-79.32304341613808,43.089644888047665],[-79.32296221611186,43.08963918805036],[-79.32289321608943,43.08963358805251],[-79.3228104160627,43.089627988055284],[-79.32274131604065,43.089626988058264],[-79.32262231600312,43.089629588064156],[-79.32254571597872,43.08962858806746],[-79.32255071598786,43.08971788808313],[-79.3225713160434,43.09029528818526],[-79.32274151650053,43.095047189025706],[-79.32274391650702,43.09511518903774],[-79.32274421650783,43.095123389039145],[-79.32290511688925,43.09901708972677],[-79.32306731694021,43.09901048971819],[-79.32341791705042,43.09899758969992],[-79.32363701711908,43.09898728968805],[-79.32658231804481,43.09887728953424],[-79.32670621808393,43.098874689528124],[-79.32692351815238,43.09886878951715],[-79.32785821844696,43.09884308946998],[-79.32796421848039,43.09884018946459],[-79.32795541847824,43.09884778946637],[-79.32790901846764,43.09889668947722],[-79.32790581846702,43.09890118947818],[-79.32787761845992,43.098923289483416],[-79.32784741845262,43.09894978948952],[-79.32810081853265,43.0989454894772],[-79.3281324185411,43.098926989472446],[-79.32816371854884,43.098900389466266],[-79.32817331855114,43.09889158946429],[-79.32818911855499,43.09887828946119],[-79.32820831855842,43.09884708945472],[-79.32821321855877,43.0988324894519],[-79.32827021857672,43.098831089449035],[-79.3296506190116,43.09879148937908],[-79.32986261907877,43.098790089369146],[-79.32986231907948,43.098799089370786],[-79.32985521908486,43.098889189387144],[-79.32985021908705,43.098934089395414],[-79.32986891909955,43.09901088940827],[-79.32985541910327,43.099105389425745],[-79.32986961911658,43.09920898944357],[-79.3298759191228,43.099258689452185],[-79.32989421913395,43.099321989462666],[-79.32990581914228,43.099376189471776],[-79.32992801915468,43.09943948948209],[-79.32995751916981,43.099507489492865],[-79.32997971918182,43.09956628950231],[-79.33000951919668,43.09962978951229],[-79.33005051921356,43.099675289518544],[-79.33007491922407,43.099707289523124],[-79.33011541924226,43.09977088953266],[-79.33016301926433,43.099852689545074],[-79.33020391928233,43.0999117895538],[-79.33025711930541,43.099984589564365],[-79.33032301933405,43.10007558957759],[-79.33035471934836,43.100125589585055],[-79.330429619378,43.10019418959384],[-79.33051201940998,43.10026298960237],[-79.33055541942801,43.10031308960935],[-79.33061751945274,43.100372589617145],[-79.33067341947591,43.10043638962595],[-79.33071321949167,43.10047298963072],[-79.33075301950929,43.100531989639386],[-79.33082081953742,43.10060958965014],[-79.33086081955706,43.100691289662926],[-79.33097371960717,43.10085948968779],[-79.33103851963624,43.100959389702666],[-79.33108321965544,43.101018689711196],[-79.33113081967788,43.10110488972441],[-79.33117981970076,43.101191289737585],[-79.33124241972875,43.10128658975174],[-79.3313249197661,43.101418289771466],[-79.33137351979042,43.10152268978787],[-79.33151531985814,43.10179038982923],[-79.33154211987126,43.10184468983769],[-79.33160671990373,43.10198528985984],[-79.33164911992374,43.10206248987163],[-79.33170811995015,43.102153389885196],[-79.331735119963,43.10220328989285],[-79.33174181996625,43.10221688989495],[-79.33176521997719,43.10225778990123],[-79.33183652001213,43.10240278992383],[-79.33188532003605,43.10250268993944],[-79.33189042003846,43.1025116899408],[-79.3319794200863,43.10274258997797],[-79.33202232010996,43.10286018999699],[-79.33205312012628,43.10293729000933],[-79.33210412015129,43.1030414900256],[-79.33215052017485,43.103145790042085],[-79.33215642017753,43.103154890043434],[-79.33219962019815,43.10323659005606],[-79.33223682021806,43.103331690071336],[-79.3322708202381,43.10344029008915],[-79.33232752027065,43.10361219011724],[-79.3323628202892,43.10369829013102],[-79.33239642030793,43.10379319014638],[-79.33240072031006,43.103802290147804],[-79.33242442032487,43.10388819016208],[-79.33247382034982,43.103997090179256],[-79.33249812036325,43.104064990190246],[-79.33254312038561,43.104160190205214],[-79.33258902041021,43.10427789022409],[-79.33263242043205,43.104373090239086],[-79.33266602044887,43.10444559025052],[-79.33273832048798,43.10463579028114],[-79.33277732050807,43.10472639029554],[-79.33280592052407,43.10480779030873],[-79.33284592054372,43.104889490321504],[-79.3328729205592,43.10497089033481],[-79.33290622057629,43.105047890346995],[-79.33293992059431,43.10513399036086],[-79.332970220612,43.10522899037642],[-79.33299422062652,43.1053102903898],[-79.3330118206421,43.105427690409975],[-79.33301922064749,43.10546379041607],[-79.33302652065323,43.105504390423015],[-79.33303872066477,43.10559459043854],[-79.33304332067085,43.10564869044797],[-79.33304292067183,43.10566209045039],[-79.33304532067721,43.10571629045992],[-79.33304622068206,43.105770290469536],[-79.33304532068908,43.105855890484825],[-79.33303302069052,43.10591869049663],[-79.33301912069108,43.105977090507665],[-79.33299992068991,43.1060351905189],[-79.33297712068875,43.10610699053275],[-79.33295542068531,43.10614719054091],[-79.332939420684,43.10619199054964],[-79.33288482067464,43.106285790568876],[-79.33284942067023,43.10636629058481],[-79.33279172065986,43.10645999060419],[-79.33270722064745,43.10662989063831],[-79.33261832063289,43.10679059067106],[-79.33247832061085,43.1070542907245],[-79.33231262058362,43.1073534907854],[-79.33221502056652,43.10751699081901],[-79.33236952061496,43.10750979081071],[-79.33665062195826,43.10732289058215],[-79.34185332359792,43.10718149031971],[-79.34430652435276,43.106899690157505],[-79.347116325219,43.10659638997526],[-79.34713432523233,43.10668598999044],[-79.34713532523584,43.10672368999708],[-79.3471353252359,43.1067242899972],[-79.34719232525343,43.1067181899935],[-79.347253725273,43.10671908999089],[-79.34722792526865,43.106763790000045],[-79.3472140252696,43.10682659001185],[-79.347212725273,43.10687159001992],[-79.34725882537488,43.107898790201084],[-79.3472902255188,43.10947509048084],[-79.34736402573593,43.11175429088399],[-79.34744882592217,43.11362849121443],[-79.34745872593223,43.11370969122847],[-79.3474823260599,43.115123791479576],[-79.34744482605028,43.11515019148603],[-79.347307026014,43.115238291507985],[-79.34715752597323,43.11531719152888],[-79.34699462593123,43.11543189155677],[-79.34683142588999,43.11555569158632],[-79.34665582584552,43.11568819161798],[-79.34646842579573,43.11580249164692],[-79.34644332578925,43.11582019165116],[-79.34626812574335,43.115934591679576],[-79.34614342570974,43.1160049916978],[-79.34598152566505,43.11608369171925],[-79.34586982563253,43.116118091730485],[-79.34586162563002,43.11611959173111],[-79.34583132562251,43.11614449173697],[-79.34583022562224,43.116145391737156],[-79.34612782571472,43.116121791719344],[-79.34620242573621,43.11609579171132],[-79.346941025967,43.11605249166995],[-79.34754452615473,43.116007091634266],[-79.34777882622711,43.11598349161941],[-79.34844302643573,43.11595699158432],[-79.34856602647497,43.11595879157904],[-79.3500673269465,43.11589939149994],[-79.35213392759745,43.11583929139494],[-79.35361102806056,43.115770291315236],[-79.35589992877775,43.11565919119094],[-79.35764752932623,43.11558519109799],[-79.3585459296079,43.115544091049685],[-79.36005933008332,43.11548469097001],[-79.36069923028417,43.115457790935984],[-79.36077303030692,43.115449790931216],[-79.36281603094794,43.11536209082232],[-79.36479763156868,43.11526419071438],[-79.364945331615,43.11525739070643],[-79.36671703217192,43.115192690614016],[-79.36751683242292,43.1151590905715],[-79.36757053254347,43.11637549078594],[-79.36760633262337,43.11718129092801],[-79.36760893262922,43.11723999093831],[-79.36761643264585,43.11740779096794],[-79.36764743271503,43.11810549109092],[-79.36766673273806,43.118303891125414],[-79.3676858327618,43.11851129116153],[-79.36768513276382,43.11853819116632],[-79.36770253279239,43.11880859121377],[-79.36770173279442,43.11883549121857],[-79.36771983282087,43.11907899126118],[-79.36776003286279,43.11942179132048],[-79.36775363288142,43.11966479136409],[-79.36778503294813,43.120331591481516],[-79.36778433295024,43.12035859148636],[-79.36778363295232,43.12038559149124],[-79.36781513301904,43.12105249160873],[-79.36781423302185,43.12108839161517],[-79.36780053306114,43.121601491707246],[-79.3678267331032,43.12199809177674],[-79.367825833106,43.12203409178323],[-79.36783773315041,43.12251149186776],[-79.36783673315315,43.122547391874214],[-79.36784873319681,43.1230158919572]],[[-79.25003369425137,43.1049502941025],[-79.25014729428125,43.10487689408427],[-79.25014599426648,43.104707494054075],[-79.25074869448636,43.10504339408662],[-79.25152199476848,43.10547429412842],[-79.25152159476843,43.10547499412854],[-79.25128329472199,43.10582069420106],[-79.25128459472245,43.105821194201084],[-79.25190209494014,43.10607529421838],[-79.25209709500885,43.106155594223864],[-79.25299449530239,43.106255394200886],[-79.25424309569593,43.10621929413768],[-79.2553528960457,43.106187194081485],[-79.25532299594684,43.10513219389452],[-79.25566659605458,43.10511549387591],[-79.25614889620577,43.105092193849806],[-79.25722339654268,43.10504019379168],[-79.25727989656036,43.10503749378858],[-79.25743769660984,43.10502979378006],[-79.25740719653048,43.104206893634554],[-79.25740579652667,43.10416769362761],[-79.25852999687994,43.10412229356842],[-79.25854689691751,43.10450239363546],[-79.25927069714476,43.10447119359694],[-79.25949589721546,43.10446149358501],[-79.25949969721664,43.104461293584826],[-79.25967069733356,43.10520079370901],[-79.25980849738151,43.10525009371155],[-79.26207899817109,43.10605779375247],[-79.26217699820229,43.1060581937481],[-79.26224399822355,43.106058593745104],[-79.26224409822352,43.106057493744935],[-79.26224599822251,43.106038193741384],[-79.2622462982223,43.10603499374082],[-79.26224769822088,43.10601269373677],[-79.26224909821936,43.105989993732656],[-79.26225119821774,43.105962693727676],[-79.2622540982153,43.105922593720365],[-79.26225719820708,43.105814493700954],[-79.26226089820345,43.105757393690595],[-79.26226269820164,43.10572909368546],[-79.26226259819879,43.10569619367958],[-79.26226239819313,43.1056299936678],[-79.26226349819132,43.10560499366328],[-79.26226509818868,43.10556759365654],[-79.26226669818611,43.1055309936499],[-79.26226319817626,43.10542779363162],[-79.2622599981671,43.105331993614655],[-79.26225419815081,43.10516169358454],[-79.26225679812535,43.104850993528956],[-79.26224999810793,43.104670793497114],[-79.26223389806692,43.10424739342229],[-79.26223249806478,43.10422699341868],[-79.26223209806419,43.10422129341771],[-79.26223169806354,43.10421579341674],[-79.26221919804405,43.104032193384526],[-79.26220629802384,43.103841793351116],[-79.26219069800318,43.103656993318836],[-79.26218109799137,43.103553593300816],[-79.26216599797283,43.10339089327249],[-79.26216389796556,43.103313393258716],[-79.26215949795093,43.10315669323095],[-79.26213359789155,43.10255299312434],[-79.2621210978628,43.10226019307265],[-79.2621058978286,43.10191329301139],[-79.26209509780436,43.10166829296821],[-79.26209509780432,43.10166769296808],[-79.26208419778011,43.10142219292473],[-79.26207629776238,43.101242692893045],[-79.262063197733,43.10094459284041],[-79.26203869768223,43.10043709275096],[-79.2620051976128,43.099743092628565],[-79.26200359760946,43.09971009262275],[-79.26197349754305,43.09903879250429],[-79.26196819753135,43.09892049248341],[-79.26196389752174,43.09882299246615],[-79.26194249747411,43.098340492381006],[-79.26193309745318,43.09812879234361],[-79.26190599739435,43.097535792239],[-79.26190369738949,43.09748639223025],[-79.26189159736326,43.097222492183704],[-79.26184619726499,43.09623189200892],[-79.26180219709593,43.09440029168389],[-79.26180109709162,43.09435369167561],[-79.26179439706763,43.09409509162975],[-79.26179249706064,43.09401999161639],[-79.26177619700175,43.09338529150384],[-79.26177629700163,43.0933830915034],[-79.26177639700143,43.09338079150297],[-79.261776197001,43.09337629150221],[-79.2617267968282,43.09152059117311],[-79.26171839678481,43.091038991087494],[-79.26171839678473,43.091038091087306],[-79.26171759678046,43.09099049107883],[-79.26171509676773,43.09084959105381],[-79.26171419676349,43.090803191045545],[-79.26171419676344,43.09080259104546],[-79.26170529672264,43.090354090965775],[-79.26170259670516,43.09015759093079],[-79.26170209670197,43.0901216909244],[-79.26170189670056,43.09010559092156],[-79.26170049669177,43.09000739090407],[-79.26169899668574,43.089941690892395],[-79.26169659667636,43.08983949087425],[-79.26169599667398,43.08981369086964],[-79.26168689662497,43.08926879077279],[-79.26167629657282,43.088692290670316],[-79.26167739655146,43.088435690624415],[-79.2616780965311,43.088192590581],[-79.26167799652913,43.088170090577],[-79.26167779651118,43.08795849053921],[-79.26168089650533,43.087877490524576],[-79.26167649649783,43.08780559051198],[-79.26167629649758,43.08780329051158],[-79.26167619649732,43.08780089051111],[-79.2616670964849,43.08768819049141],[-79.26166259647852,43.08762959048116],[-79.26165799647474,43.08760249047653],[-79.26164979646417,43.08750779046],[-79.26164459645523,43.08742219044491],[-79.2616434964526,43.0873948904401],[-79.26164229644996,43.08736809043534],[-79.26162249639849,43.086833990340885],[-79.26160229634579,43.086286990244126],[-79.26160209634554,43.08628489024376],[-79.26160199634532,43.08628269024338],[-79.26158439631719,43.08601619019657],[-79.26157699630534,43.08590389017684],[-79.26155189626911,43.085570290118426],[-79.26154089625499,43.08544409009637],[-79.26153009624149,43.0853256900757],[-79.26152929624055,43.08531729007423],[-79.26152859623957,43.08530879007276],[-79.26152969623132,43.08520689005451],[-79.26153069622465,43.0851242900397],[-79.26152199621667,43.085062890029164],[-79.2615127962083,43.08499789001796],[-79.26151089620103,43.084919690004064],[-79.26150989619715,43.08487738999652],[-79.26150849619206,43.084822289986754],[-79.26149849616371,43.08452498993412],[-79.26149799615663,43.08444328991952],[-79.26149739614814,43.08434488990202],[-79.26149659614691,43.0843332899],[-79.2614936961425,43.08429238989279],[-79.26149319614173,43.08428518989155],[-79.26148579613073,43.08418258987357],[-79.26148499611486,43.08399798984063],[-79.26148529611466,43.083994289839964],[-79.26148549611439,43.083990589839274],[-79.26149529610518,43.08384508981283],[-79.2614937960934,43.08371148978904],[-79.2614936960931,43.083708489788506],[-79.26149349609157,43.083691189785405],[-79.26149189608044,43.08356578976307],[-79.26149089607767,43.08353678975797],[-79.26149069607726,43.08353248975721],[-79.26149019607573,43.08351628975432],[-79.26148789606357,43.08338118973034],[-79.26148489605742,43.08331968971947],[-79.26148019604743,43.083218989701685],[-79.26147679603898,43.08313208968633],[-79.2614741960329,43.083070389675434],[-79.26146609602047,43.08295308965483],[-79.26146839601829,43.08291918964867],[-79.26147149601515,43.082870289639814],[-79.26147309601355,43.082845189635265],[-79.26146689599537,43.082653889601396],[-79.26146659599448,43.082643889599595],[-79.26145459595942,43.082275089534264],[-79.26145209595207,43.0821972895205],[-79.26145129594983,43.08217408951635],[-79.26144549593351,43.08200278948603],[-79.26140339581386,43.08074598926345],[-79.26140239580981,43.08070208925565],[-79.26140159580656,43.08066668924938],[-79.26139929579782,43.08057198923259],[-79.26139469577983,43.080376689197884],[-79.2613517956443,43.07893528894238],[-79.26134939563696,43.07885758892858],[-79.26134259561584,43.07863348888888],[-79.26133299557738,43.078214688814484],[-79.26133399557769,43.07821458881445],[-79.26133489557799,43.07821458881442],[-79.26137429559041,43.078213588812446],[-79.26144359561226,43.078211788808964],[-79.26166759568173,43.07819268879534],[-79.26216799583824,43.07816428876756],[-79.26225669586599,43.07815928876259],[-79.26279409603409,43.07812878873274],[-79.26286299605569,43.078125588729044],[-79.2634644962444,43.07809838869682],[-79.26394219639324,43.07806518866923],[-79.26412289644969,43.078054388659034],[-79.26445579655362,43.07803288864008],[-79.26445859655445,43.07803268863991],[-79.26446129655533,43.07803248863978],[-79.26495129670812,43.07799938861159],[-79.26518399678116,43.077989588599266],[-79.26542249685606,43.077979588586615],[-79.26558699690773,43.077972988577955],[-79.26559309690968,43.077973088577714],[-79.26611269707305,43.077953988550654],[-79.26616179708849,43.07795268854825],[-79.26622959710988,43.0779507885448],[-79.2663539971491,43.07794738853857],[-79.26638359715844,43.07794658853707],[-79.26638999716047,43.0779463885367],[-79.26638949715917,43.07793288853433],[-79.26638529714877,43.07782628851551],[-79.2663613970899,43.07721938840813],[-79.26628149690758,43.075363888080325],[-79.26627669689671,43.07525328806076],[-79.26618089667818,43.073028887667746],[-79.26614979660731,43.07230748754028],[-79.26613329656966,43.0719244874726],[-79.26611869653657,43.071587787413065],[-79.26611519652782,43.071497387397095],[-79.26609739648279,43.071032087314805],[-79.26605989638797,43.0700515871413],[-79.26601749626904,43.06880378692028],[-79.2660165962671,43.06878398691676],[-79.26601489626354,43.06874878691054],[-79.26601319626005,43.06871368690436],[-79.2659967962331,43.06845638685914],[-79.26596099617416,43.06789338676017],[-79.26583559598348,43.066108586446944],[-79.26574749577661,43.063992286072775],[-79.26570559567833,43.06298658589492],[-79.26556339532328,43.059319385246],[-79.26556059531516,43.05923378523085],[-79.26587969541688,43.05923868521721],[-79.26588039527216,43.05752328491061],[-79.26587499525961,43.057394484887794],[-79.26577869503575,43.055106384483224],[-79.26577749503284,43.05507688447802],[-79.26629349517982,43.05487768441897],[-79.26659389526532,43.05476068438437],[-79.26763859556264,43.054354084264276],[-79.26780059560875,43.054291084245634],[-79.26785279562357,43.05427078423962],[-79.2678473956065,43.05408848420728],[-79.26779489544231,43.05234238389754],[-79.26778789542647,43.05218098386903],[-79.26781319543358,43.052170083865946],[-79.27018249609894,43.05114278357463],[-79.27021529610813,43.051128483570615],[-79.27019179605436,43.050580183473684],[-79.2701898960484,43.050516383462345],[-79.27018629603741,43.05039988344167],[-79.27004539519035,43.0408977817492],[-79.27004499518907,43.04088378174675],[-79.27003999517333,43.040716081716965],[-79.26996629483334,43.03696508104953],[-79.26990749456255,43.03397668051776],[-79.26742299377612,43.03400208063515],[-79.26753509408155,43.037200681202116],[-79.2675676941704,43.038130881366946],[-79.26687009394946,43.03813648139963],[-79.26687289396257,43.038281781425475],[-79.26688139401334,43.03885098152692],[-79.26504549342482,43.03878248159802],[-79.26506489352413,43.03988658179455],[-79.26510209360085,43.04065558193035],[-79.26507769359307,43.04065478193135],[-79.26507779359389,43.040664681933094],[-79.26416439330056,43.04062458196742],[-79.25907279167008,43.0404558821684],[-79.25862029152759,43.04046928219132],[-79.25866039166596,43.041957882455726],[-79.25866949168314,43.04212738248565],[-79.25866499168173,43.042127282485815],[-79.25866719168961,43.04221268250096],[-79.25857689166124,43.04221628250573],[-79.25816779153277,43.042232982527295],[-79.25753329133276,43.042249582559045],[-79.25740759129312,43.04225288256534],[-79.25734799127437,43.04225478256842],[-79.2570296911742,43.04226518258468],[-79.25680859110226,43.042243782590916],[-79.25651179100991,43.0422662826084],[-79.25604429086204,43.04227268263081],[-79.25572399076187,43.042290382648495],[-79.25553399070239,43.04230088265897],[-79.25494379051317,43.04227838268172],[-79.25412089025316,43.0422928827217],[-79.25305448991627,43.042312582773626],[-79.25223728965696,43.04231358281089],[-79.25179508951678,43.04231598283142],[-79.25161238945665,43.042290482835114],[-79.25153918943252,43.042280382836616],[-79.25144158939305,43.042179882823106],[-79.2513431893511,43.042052282804775],[-79.25130168933667,43.042037482803984],[-79.25125128931911,43.04201938280305],[-79.25117838929663,43.04202738280777],[-79.25114348928588,43.04203118281003],[-79.25098048923572,43.04204978282079],[-79.25082948918927,43.04206698283067],[-79.25052248909176,43.04206678284458],[-79.24993688890622,43.042071282871945],[-79.24976478885286,43.042086082882435],[-79.24976568887148,43.04230398292136],[-79.24992948956086,43.049856984264466],[-79.25000508959035,43.04992268427282],[-79.25020689042394,43.059037685893095],[-79.25021099044054,43.05921868592526],[-79.25022569050131,43.05988308604337],[-79.25024489052392,43.06007858607746],[-79.25043759069828,43.06141848630819],[-79.25071869095251,43.06337178664455],[-79.25054789091656,43.063588786691085],[-79.25058419094567,43.06379638672654],[-79.2475333902834,43.06742368751334],[-79.24645899005716,43.06878478780536],[-79.24618018999875,43.0691411878817],[-79.24587948993577,43.06952558796408],[-79.24249318886139,43.06953708811987],[-79.24234038881309,43.06953938812722],[-79.24224608878328,43.069540888131776],[-79.23773358736716,43.06974078837237],[-79.23687928709792,43.06976488841548],[-79.23501398651001,43.0698175885096],[-79.23501468670825,43.07216208892855],[-79.23501508680631,43.073321089135625],[-79.235015586939,43.07488988941594],[-79.23510828703846,43.07571898955987],[-79.2351957871325,43.07650318969601],[-79.23569248751095,43.079115190140136],[-79.23568558750877,43.07911549014052],[-79.23569378751482,43.07915599014741],[-79.2355503874697,43.079161090154834],[-79.23534868740626,43.07916819016526],[-79.23447218713046,43.079198790210526],[-79.23350228682533,43.07923269026057],[-79.23313928671111,43.07924539027933],[-79.2329836866624,43.07925399028793],[-79.23289278663397,43.079259090293],[-79.22985768568417,43.0794269904608],[-79.22775898502745,43.079543090576834],[-79.22667728468492,43.07955529062808],[-79.222951283505,43.07959709080468],[-79.22085148284076,43.079628990905704],[-79.21954628242788,43.079648890968485],[-79.21826588202289,43.07966879103014],[-79.21738218174389,43.07968909107389],[-79.21400428067786,43.07977049124171],[-79.21406328070672,43.07989109126059],[-79.2140767807187,43.07998169127618],[-79.21409498072902,43.080035291284936],[-79.21409618073528,43.080105191297335],[-79.21414918076685,43.08027929132608],[-79.21422088079883,43.08038869134237],[-79.21429138083043,43.08049779135863],[-79.21450878091044,43.08062739137197],[-79.21467878096999,43.080692891375904],[-79.21486168103212,43.08074089137622],[-79.21493418105825,43.080777891379526],[-79.21497088107074,43.08078759137961],[-79.21509288111197,43.080816491379245],[-79.21516788113207,43.080772691368004],[-79.21526558116473,43.08079219136706],[-79.21541188121446,43.08083049136723],[-79.2156067812812,43.08088759136859],[-79.21582618135572,43.08094499136889],[-79.2160818814434,43.08102099137091],[-79.21660708161923,43.0811282913662],[-79.21708288178012,43.08124369136527],[-79.21728978185146,43.0813099913677],[-79.21743478190453,43.081393291376],[-79.21767618199368,43.08154109139144],[-79.2177610820238,43.08157849139426],[-79.21784468205735,43.08166079140521],[-79.21790338208362,43.08175169141875],[-79.21805708215015,43.081961291449225],[-79.21812638218928,43.082163891482324],[-79.21814518220488,43.082277591501764],[-79.21815448221696,43.082385691520635],[-79.21815178221811,43.082409291525],[-79.21815408222068,43.082431091528804],[-79.21814468222107,43.082471091536384],[-79.21813788222384,43.08252959154711],[-79.21811248222241,43.08260849156236],[-79.21811198222242,43.08261049156273],[-79.21805218223152,43.08294249162477],[-79.2180232822352,43.08309509165334],[-79.21799588223485,43.08319349167218],[-79.21787348221667,43.08343879172159],[-79.21786238221966,43.08351579173582],[-79.21782238221611,43.08362419175698],[-79.21781108221627,43.08366839176544],[-79.21779848222468,43.08381589179234],[-79.21780148223675,43.08394719181569],[-79.21780278223791,43.08395639181723],[-79.2178134822459,43.08401059182644],[-79.21774368223498,43.084143791853414],[-79.21774068223485,43.08415329185528],[-79.21789688229485,43.08427649187016],[-79.21808868238766,43.08465399192891],[-79.218100382447,43.085312392046035],[-79.21816018264947,43.08748339243115],[-79.21823178269615,43.087767292478624],[-79.22075868388687,43.09235849318403],[-79.22182918436577,43.0940004934287],[-79.22234828459375,43.09474689353848],[-79.22287828479328,43.09511529358016],[-79.22380318511719,43.09547179360183],[-79.22582678580315,43.095981393600994],[-79.2277675864576,43.09643019359297],[-79.22830308664282,43.09660869360053],[-79.22859368674804,43.09676179361471],[-79.22883168686435,43.097242693689736],[-79.22933038714146,43.09864619391776],[-79.22958548725329,43.09901029397115],[-79.22988758736413,43.09918609398884],[-79.23316168847846,43.10006419399692],[-79.23503728912021,43.10060729400866],[-79.23603578947152,43.10101079403533],[-79.23661088967582,43.10126629405486],[-79.23778079013054,43.102247894176955],[-79.23779549013456,43.10224009417491],[-79.23780779013572,43.10220789416857],[-79.23782679014309,43.10222349417049],[-79.23798679018671,43.102138494148086],[-79.23840759031145,43.10203329411017],[-79.23886989045393,43.10198109407981],[-79.23948689066022,43.10210309407359],[-79.24001759085883,43.102457994112825],[-79.24067309110906,43.10295429417165],[-79.24123779130821,43.103188094187736],[-79.24174399147654,43.103276894180595],[-79.24659229303391,43.10348189399682],[-79.24731619327092,43.103564993978736],[-79.24813139355416,43.10385219399296],[-79.24908659390381,43.104398094047],[-79.25003369425137,43.1049502941025]],[[-79.46476166703731,43.15909839394956],[-79.47110246902692,43.15883279361147],[-79.4706084683593,43.152863192571566],[-79.47060156834901,43.15276879255506],[-79.46987256812095,43.15280679259529],[-79.46987786816476,43.153299092682694],[-79.46998556834528,43.15500959298223],[-79.46999296835767,43.1551272930028],[-79.47005016845345,43.156034493161634],[-79.4701539685993,43.157354093391795],[-79.4679161678992,43.15747159351533],[-79.46467746688593,43.15764149369413],[-79.46471996696255,43.15837929382345],[-79.4647231669682,43.15843369383301],[-79.46474056699948,43.1587342938857],[-79.46476166703731,43.15909839394956]],[[-79.4462796645261,43.198278501767426],[-79.4463285645425,43.19828830176691],[-79.4466103646369,43.19834600176425],[-79.44665926465326,43.1983557017637],[-79.4469181647381,43.19838620175729],[-79.4469661647534,43.198386901755185],[-79.44712656480293,43.19837100174501],[-79.44722526483365,43.19836340173913],[-79.44729906485715,43.198364401735915],[-79.44736076487605,43.19835620173159],[-79.44741026489095,43.19834700172772],[-79.44759426494736,43.19832340171506],[-79.44763236495947,43.19832390171341],[-79.44769386497909,43.198324701710725],[-79.44821206513957,43.1982777016786],[-79.44856986525053,43.19824660165667],[-79.44861916526547,43.19823820165289],[-79.44865636527656,43.19822960164965],[-79.4487246652971,43.19821620164413],[-79.44877766531299,43.19820540163981],[-79.44877996531372,43.19820540163969],[-79.44881456532472,43.19820580163817],[-79.44882686532868,43.19820600163767],[-79.44885106533539,43.198194701634506],[-79.44886666533962,43.19818660163235],[-79.44912526542136,43.19818210161971],[-79.44917356543597,43.19817370161596],[-79.44929796547486,43.198166501609016],[-79.44980196563698,43.19819120159026],[-79.45029366579521,43.19821590157206],[-79.45034176581055,43.198216601570024],[-79.45073706593502,43.19820390154961],[-79.45115696606341,43.198146501520135],[-79.45130386610869,43.19813050151054],[-79.4513336661176,43.198124401508075],[-79.45133986611944,43.198123001507554],[-79.45134066611969,43.19812300150754],[-79.4513896661353,43.198123601505365],[-79.45139456613683,43.19812300150507],[-79.45145826615594,43.198110101499836],[-79.45150386617003,43.198106101497046],[-79.45155186618538,43.198106801494944],[-79.45165076621532,43.198090201487496],[-79.45179846626009,43.198065301476255],[-79.45183406626997,43.1980487014717],[-79.45190676629115,43.19802630146434],[-79.45193246629862,43.19801830146175],[-79.45194686630275,43.198013201460185],[-79.45199776631743,43.197995801454766],[-79.45223356638562,43.19791800143011],[-79.45227066639664,43.19790950142687],[-79.45250146646401,43.19784050140401],[-79.45254346647664,43.197832201400615],[-79.45274186653445,43.19777180138077],[-79.4527787665462,43.19777230137917],[-79.4528159665573,43.19776380137597],[-79.45306266663357,43.1977401013604],[-79.45306906663559,43.19773960136001],[-79.45310976664791,43.197732801356935],[-79.45355896678647,43.19768550132791],[-79.4536428668123,43.19767590132237],[-79.45388706688948,43.197671201310335],[-79.45389416689156,43.1976700013098],[-79.45393726690459,43.197661901306375],[-79.45397566691605,43.1976533013031],[-79.45425926700334,43.197621301284364],[-79.45429456701315,43.19760470127981],[-79.45440626704564,43.197570201268526],[-79.45440806704619,43.197569801268386],[-79.45440976704666,43.19756920126817],[-79.45444536705723,43.19756080126512],[-79.45450306707336,43.19753500125787],[-79.45458026709487,43.19750050124818],[-79.4545856670964,43.19749810124753],[-79.4547545671434,43.19742080122598],[-79.45479506715633,43.19742140122425],[-79.45496656720941,43.197405701213576],[-79.45516576726901,43.19736330119691],[-79.45520156728044,43.19736380119535],[-79.45526186729964,43.19736460119273],[-79.45532446731961,43.19736550119],[-79.45544726735952,43.19737620118628],[-79.4557778674626,43.197354601167255],[-79.45582216747619,43.197348701164195],[-79.45596546751999,43.19732910115411],[-79.45601486753498,43.19732080115038],[-79.45605176754673,43.197321301148776],[-79.45610246756209,43.19731290114493],[-79.45613816757349,43.19731340114339],[-79.45618776758775,43.19729610113807],[-79.45624946760655,43.19728700113362],[-79.4564103676548,43.197254101120386],[-79.45645986766985,43.19724580111664],[-79.45663126772293,43.19723010110597],[-79.4567067677454,43.19721310109948],[-79.45688396780062,43.19720100108919],[-79.45691416781007,43.19719880108744],[-79.45693546781646,43.1971952010858],[-79.45696586782564,43.19718950108337],[-79.45705096785197,43.19718170107808],[-79.4571030678678,43.19717340107421],[-79.45725146791202,43.19713950106137],[-79.4574344679672,43.19710580104697],[-79.45748376798294,43.19710650104488],[-79.4579292681195,43.19704950101426],[-79.45797906813381,43.1970321010089],[-79.45801616814491,43.197023601005704],[-79.45818866819906,43.19701680099658],[-79.4582255682108,43.197017300994986],[-79.45833656824541,43.19700990098854],[-79.45837356825646,43.19700140098531],[-79.45848506828968,43.19697590097566],[-79.4587310683642,43.19693420095695],[-79.45895086843255,43.196917900944],[-79.45902606845596,43.19691200093947],[-79.45902696845624,43.19691220093946],[-79.459029468457,43.19691200093933],[-79.45906496846904,43.19692070093926],[-79.45911396848543,43.196930400938705],[-79.4591879685082,43.19692230093387],[-79.45923596852349,43.19692300093183],[-79.45925696852981,43.19691890093013],[-79.45927216853435,43.196915500928796],[-79.45929816854199,43.19690830092636],[-79.45931816854787,43.196902700924426],[-79.45933506855279,43.196897700922776],[-79.45938556856632,43.19686810091519],[-79.4594090685726,43.196854300911625],[-79.4594100685729,43.19685410091157],[-79.45941126857319,43.196853300911364],[-79.45944726858392,43.19684480090821],[-79.45945856858683,43.19683710090631],[-79.45949626859651,43.19681040089983],[-79.45952206860224,43.19678140089351],[-79.45955946861048,43.196739200884295],[-79.45957226861375,43.19673020088208],[-79.45959716862018,43.19671270087781],[-79.4601578687749,43.19644110080381],[-79.46030906881543,43.196353900781375],[-79.46043486884909,43.19628100076262],[-79.46054436887954,43.196230500748634],[-79.46054836888055,43.19622770074793],[-79.46057526888642,43.19619610074109],[-79.46058276888787,43.196185700738894],[-79.46058546888823,43.19618000073779],[-79.46059566888967,43.196158900733515],[-79.46063856889864,43.19610490072199],[-79.46065926890297,43.196078700716335],[-79.46066266890385,43.19607620071576],[-79.46066676890493,43.19607340071506],[-79.46069686891266,43.196052200709914],[-79.46072196891909,43.19603450070561],[-79.46074476892476,43.19601610070131],[-79.46080986894094,43.195963600689],[-79.46082706894573,43.195955600686744],[-79.46084826895148,43.1959443006838],[-79.4609612689837,43.195901700670994],[-79.46098256898989,43.19589490066881],[-79.46110856902635,43.19585400065578],[-79.46114526903699,43.19584210065195],[-79.46119126905042,43.195828400647414],[-79.46123206906236,43.19581630064339],[-79.4612820690761,43.19579170063677],[-79.46135666909663,43.19575490062677],[-79.4613589690973,43.19575400062653],[-79.46154546914984,43.195676300604134],[-79.4616014691657,43.195653700597504],[-79.46166346918311,43.19562760059008],[-79.46175666921052,43.19560170058117],[-79.46181416922721,43.19558390057534],[-79.46182256922964,43.19558110057451],[-79.46182606923067,43.19558010057417],[-79.46188546924803,43.19556290056836],[-79.46194876926623,43.195540300561454],[-79.46201686928681,43.19552870055625],[-79.4621035693125,43.19550730054843],[-79.46224076935425,43.195485800538364],[-79.46233826938415,43.195473700531686],[-79.4624059694054,43.19547090052808],[-79.46248636943024,43.19546300052303],[-79.46256636945499,43.195455100517925],[-79.46265906948334,43.19544280051152],[-79.46274066950818,43.195430400505536],[-79.46283206953578,43.195413500498375],[-79.46291236956019,43.195401200492455],[-79.46302996959496,43.19537110048171],[-79.46311776962179,43.19535890047549],[-79.46321666965213,43.1953468004688],[-79.46330786968005,43.19533440046241],[-79.4634127697123,43.19532230045545],[-79.46352366974725,43.19531930044982],[-79.46362216977823,43.195316100444764],[-79.46371446980764,43.19531740044077],[-79.46379466983244,43.19530960043564],[-79.46396196988573,43.1953118004284],[-79.46404706991211,43.195303800423034],[-79.46413346993921,43.19530050041848],[-79.46421456996505,43.19530160041497],[-79.46429436999053,43.19530270041152],[-79.46437357001456,43.19529020040563],[-79.46446107004206,43.19528690040103],[-79.46457077007624,43.195279400394696],[-79.46464587010017,43.195280400391404],[-79.46469987011778,43.195285600389816],[-79.46476117013806,43.1952954003888],[-79.46479787015092,43.19530940038957],[-79.46483707016468,43.1953245003905],[-79.46485147016948,43.19532720039032],[-79.46489717018325,43.19531890038674],[-79.46492707019094,43.1952977003816],[-79.4649356701902,43.195257200373995],[-79.46493897018914,43.19523250036942],[-79.46493927018835,43.19522220036759],[-79.46494127018762,43.19520630036467],[-79.4649381701825,43.19515820035626],[-79.46496217018745,43.19512700034962],[-79.46497257019,43.19511840034761],[-79.46498997019405,43.19510130034373],[-79.46499527019563,43.19509990034329],[-79.46499997019674,43.195095900342366],[-79.46506387021587,43.19508190033691],[-79.46507187021821,43.1950799003362],[-79.46507987022062,43.195078600335584],[-79.46512357023389,43.19507070033217],[-79.46520387025866,43.195062700327085],[-79.46526557027794,43.19505910032359],[-79.46539497031839,43.19505190031641],[-79.46545637033816,43.19505520031418],[-79.46555477036954,43.19505660030989],[-79.46563487039482,43.195055100305936],[-79.4657210704223,43.19505630030218],[-79.46581907045427,43.19506650029952],[-79.46594837049547,43.19506820029387],[-79.46602207051932,43.19507370029151],[-79.46611297054872,43.19507940028829],[-79.46619287057494,43.195089400286456],[-79.46627377060118,43.19509600028386],[-79.46634627062458,43.19510060028137],[-79.4664088706452,43.1951095002801],[-79.46643377065362,43.195115400279995],[-79.46644767065825,43.195117800279775],[-79.46649397067365,43.195126000279124],[-79.4665648706959,43.19512330027536],[-79.46658207070122,43.19512170027432],[-79.46659357070511,43.195124100274185],[-79.46663007071697,43.19512780027321],[-79.46668377073502,43.19513910027273],[-79.46669867073993,43.195141200272445],[-79.46685737079049,43.195143400265536],[-79.46694867082267,43.19518070026795],[-79.46699737083978,43.19519940026903],[-79.46702627085088,43.19522230027181],[-79.46702687085116,43.19522310027193],[-79.46704167085818,43.19525040027611],[-79.4670428708601,43.19526780027914],[-79.46704337086088,43.19527520028045],[-79.46704437086169,43.195281000281426],[-79.46704357086173,43.19528450028208],[-79.46704187086226,43.195296700284345],[-79.46704017086272,43.195308900286555],[-79.46704567086566,43.19532230028868],[-79.46705177086848,43.195333200290335],[-79.46706177087235,43.19534080029124],[-79.46710317088609,43.19534820029066],[-79.4671050708867,43.19534790029053],[-79.467136070894,43.19531830028381],[-79.46714707089527,43.19529290027883],[-79.46715337089574,43.19527440027524],[-79.46716647089721,43.195243100269074],[-79.46716977089774,43.195237000267845],[-79.46718347089983,43.19521140026264],[-79.46718807090049,43.19520190026077],[-79.46719297090166,43.19519710025963],[-79.46721117090526,43.195171600254255],[-79.46722667090955,43.19516420025227],[-79.46722717090967,43.19516370025218],[-79.46722857091005,43.19516330025201],[-79.46723857091285,43.195158500250685],[-79.46727737092402,43.195145500246625],[-79.46730017093101,43.195142500245005],[-79.46735597094782,43.19513210024064],[-79.46739297095962,43.19513260023904],[-79.46744837097691,43.195128800235814],[-79.46754057100625,43.195130000231785],[-79.46762637103478,43.19514470023046],[-79.46772437106755,43.1951641002294],[-79.46778577108763,43.19517120022784],[-79.46789687112637,43.19521140022989],[-79.46798737115675,43.19523060022916],[-79.46807177118518,43.19524990022873],[-79.46821357123305,43.19528320022811],[-79.46837237128751,43.19533030022922],[-79.46838417129176,43.195336300229734],[-79.46841177130169,43.19534990023087],[-79.46845157131573,43.195366500231984],[-79.46848787132933,43.19539040023459],[-79.46848967132999,43.195391400234676],[-79.46850967133828,43.19541390023777],[-79.46852627134511,43.195432300240256],[-79.46853137134786,43.19544530024236],[-79.4685407713529,43.19546920024615],[-79.46855317135903,43.19549480025015],[-79.46859147137494,43.19553880025622],[-79.46859637137663,43.195540300256255],[-79.46860007137788,43.195541400256296],[-79.46865647139586,43.19554210025381],[-79.4686879714031,43.19551010024664],[-79.46869417140411,43.195498700244336],[-79.46869467140418,43.19549770024415],[-79.46869497140425,43.19549720024404],[-79.46870737140624,43.195474400239455],[-79.46871397140741,43.195464300237376],[-79.46871977140796,43.195448500234264],[-79.46872647140977,43.195445200233365],[-79.46872827141028,43.19544450023317],[-79.46873837141308,43.19543970023185],[-79.46875357141764,43.1954365002306],[-79.46877627142422,43.195429400228285],[-79.46881897143868,43.19543990022817],[-79.4688300714432,43.19545170022975],[-79.4688447714489,43.19546370023122],[-79.46884627144982,43.195468800232085],[-79.46884897145091,43.195471700232424],[-79.46885567145539,43.195498900237],[-79.46885587145563,43.19550100023733],[-79.46885687145621,43.195504300237864],[-79.46885787145776,43.19551850024037],[-79.46885967145974,43.19553500024324],[-79.46885947146038,43.19554290024465],[-79.46886127146345,43.1955719002497],[-79.46886257146421,43.19557610025037],[-79.46886717146685,43.195590300252704],[-79.46887637147125,43.19560730025532],[-79.46891907148601,43.19562130025587],[-79.46895617149703,43.19561270025263],[-79.46897527150122,43.195590500247754],[-79.46899447150496,43.195563000242004],[-79.46900187150617,43.19554950023928],[-79.46901307150792,43.19552890023508],[-79.46901637150802,43.19551790023301],[-79.46902187150798,43.19549650022891],[-79.46902597150775,43.19547930022568],[-79.46903207150702,43.19544820021986],[-79.46903877150726,43.19542570021556],[-79.46905747151118,43.195402300210546],[-79.46906007151162,43.19539810020965],[-79.46909127152003,43.19538060020514],[-79.46909807152207,43.19537920020456],[-79.46910307152346,43.19537710020395],[-79.4691237715298,43.19537440020253],[-79.46913577153343,43.19537210020156],[-79.4691455715364,43.19537050020087],[-79.46915287153858,43.195369000200266],[-79.46917407154491,43.19536450019845],[-79.46918387154808,43.195364600198026],[-79.46923327156331,43.19535980019492],[-79.46924327156661,43.195360900194686],[-79.46927437157653,43.19536130019329],[-79.4692919715824,43.19536490019313],[-79.46929867158465,43.19536620019308],[-79.46931817159096,43.19536800019245],[-79.46935607160326,43.19537050019122],[-79.46941017162119,43.195379300190275],[-79.46947257164229,43.195394600190106],[-79.46954597166642,43.19540460018854],[-79.46959917168405,43.19541290018756],[-79.46961597168963,43.19541540018723],[-79.46965907170389,43.19542260018656],[-79.46976037173744,43.19543900018482],[-79.46982197175711,43.19543980018208],[-79.46985607176815,43.19544240018099],[-79.46995127179873,43.19544690017742],[-79.46998417180961,43.195451900176835],[-79.47001597182046,43.19546080017691],[-79.47003807182787,43.19546510017667],[-79.4700695718396,43.1954857001789],[-79.47007567184184,43.195489100179195],[-79.47008507184572,43.19549930018061],[-79.47009717185054,43.1955109001821],[-79.47009867185143,43.195515700182895],[-79.47010927185642,43.19553460018574],[-79.47011297185897,43.195550200188386],[-79.47011467186007,43.19555720018953],[-79.47011597186167,43.19557090019192],[-79.47012107186755,43.19562030020044],[-79.47012567187014,43.19563390020269],[-79.47013207187334,43.195647500204814],[-79.4701525718819,43.1956713002081],[-79.4701609718847,43.195672700207936],[-79.47020407189774,43.19566550020471],[-79.47024307190844,43.195645900199395],[-79.47024557190912,43.19564450019907],[-79.47025187191018,43.195633600196835],[-79.470259271911,43.19561570019332],[-79.47026127191027,43.195599700190364],[-79.47026687191045,43.19558110018682],[-79.47026787191034,43.195576300185934],[-79.47027287191102,43.19556570018377],[-79.47028117191194,43.195545900179916],[-79.47029397191413,43.195523600175335],[-79.4703218719199,43.19548790016769],[-79.470326371921,43.195484400166876],[-79.47033187192217,43.195477200165364],[-79.47037557193377,43.19545080015866],[-79.47041147194452,43.19544320015564],[-79.4704546719575,43.19543470015218],[-79.47050537197325,43.19543090014916],[-79.47056067199091,43.19543160014673],[-79.47076357205592,43.19543890013872],[-79.47083137207753,43.195439800135745],[-79.47091747210456,43.19543640013121],[-79.47101597213596,43.19543770012694],[-79.47128147222128,43.19545030011696],[-79.47137867225227,43.19545160011274],[-79.47147697228398,43.19545750010924],[-79.47154467230555,43.19545840010632],[-79.47169697235476,43.19546840010108],[-79.47179027238536,43.19547960009881],[-79.47182617239704,43.1954830000978],[-79.47187187241181,43.1954861000962],[-79.47191727242672,43.19549160009514],[-79.47199907245334,43.19549950009274],[-79.47207407247721,43.19550050008945],[-79.47216497250666,43.195507100086466],[-79.47224977253404,43.19551270008357],[-79.4723428725649,43.19552750008199],[-79.47244717259923,43.19554230007978],[-79.47256477263826,43.19556200007789],[-79.4726383726625,43.195572000076325],[-79.47272297269105,43.195591200075846],[-79.47281477272138,43.195605800074205],[-79.47283287272752,43.19560990007411],[-79.47288137274361,43.19561810007332],[-79.47290077275002,43.19562140007301],[-79.47294967276642,43.19563110007252],[-79.47297937277632,43.19563700007216],[-79.47299857278266,43.19563990007183],[-79.47309057281272,43.195650000069406],[-79.47327927287559,43.19568410006678],[-79.47332337289082,43.195698200067255],[-79.47340297291694,43.195708200065404],[-79.47349597294848,43.19573200006537],[-79.47356827297229,43.19574190006377],[-79.47369097301257,43.195757100060845],[-79.47377687304062,43.19576640005859],[-79.47386187306824,43.19577370005598],[-79.47386267306847,43.195773800055925],[-79.47386467306912,43.19577390005589],[-79.47388847307683,43.1957758000551],[-79.47400417311435,43.19578470005138],[-79.47408407314013,43.19578940004858],[-79.47415737316503,43.19580840004853],[-79.47420617318173,43.19582250004885],[-79.4742080731824,43.19582350004892],[-79.47426357320242,43.19585120005127],[-79.4742860732107,43.19586460005263],[-79.47431077321967,43.195877900053915],[-79.4743399732301,43.195891700055],[-79.47434177323076,43.19589280005511],[-79.47437147324173,43.19591030005684],[-79.47437607324333,43.19591190005693],[-79.47441347325557,43.19591620005597],[-79.47445267326808,43.1959168000543],[-79.4745817733085,43.19591060004724],[-79.4745979733135,43.19590880004616],[-79.4746657733347,43.19590520004246],[-79.4747090733481,43.19590130003976],[-79.47475947336376,43.195897300036734],[-79.47480247337826,43.195907000036435],[-79.47486857339966,43.19591240003439],[-79.47488177340423,43.195916600034515],[-79.4749053734122,43.19592190003437],[-79.47493167342105,43.19592770003425],[-79.47495407342862,43.19593340003421],[-79.47498757344003,43.19594190003416],[-79.47501037344777,43.19594770003414],[-79.47506437346594,43.195960000033885],[-79.4751443734914,43.195961100030374],[-79.47521697351453,43.1959621000272],[-79.47529197353848,43.195963100024],[-79.4753535735581,43.19596390002126],[-79.47541637357766,43.1959593000176],[-79.47548257359958,43.195970100016474],[-79.47554867362177,43.195984500015996],[-79.47560487364122,43.19600320001673],[-79.47566587366224,43.196022200017325],[-79.4757388736874,43.196045500018116],[-79.47586757373112,43.1960788000181],[-79.47592507375056,43.19609300001801],[-79.47606927380001,43.19613550001895],[-79.47615607383,43.196163700019945],[-79.47622167385278,43.196187000021084],[-79.47628887387613,43.19621050002217],[-79.47636207390178,43.19623840002379],[-79.47642307392312,43.19626180002513],[-79.47648277394408,43.19628510002653],[-79.47652047395685,43.1962943000264],[-79.47654777396603,43.19630040002625],[-79.47656177397069,43.19630250002599],[-79.4766125739874,43.19630930002486],[-79.47664017399674,43.1963161000248],[-79.47665807400273,43.19631980002467],[-79.47666837400605,43.1963205000243],[-79.47673527402766,43.196324500021916],[-79.47679537404757,43.19633430002091],[-79.47687647407416,43.196344300019],[-79.47695127409837,43.19634980001652],[-79.477011174119,43.19636860001714],[-79.47706357413688,43.196383100017265],[-79.47706647413784,43.196383800017244],[-79.47707017413909,43.19638440001721],[-79.47718257417631,43.19640240001525],[-79.47725497420053,43.196416800014475],[-79.47731727422192,43.196435800015],[-79.47743427426272,43.19647780001711],[-79.4774820742786,43.19648670001645],[-79.47751867429115,43.19649700001665],[-79.47753347429614,43.196500800016636],[-79.4775575743043,43.19650650001651],[-79.47760957432085,43.196507200014246],[-79.47765387433496,43.19650780001233],[-79.477697274348,43.19649930000887],[-79.47772817435656,43.196484400004735],[-79.47774017435987,43.19647830000315],[-79.47775327436322,43.19646910000088],[-79.47777207436796,43.1964552999976],[-79.47780707437721,43.19643329999207],[-79.4778659743922,43.196389899981625],[-79.47791597440532,43.196358199973716],[-79.47797097442019,43.196327399965654],[-79.47800337442877,43.19630809996079],[-79.47805907444551,43.19629709995625],[-79.47812817446676,43.19628889995165],[-79.4781887744849,43.19627629994663],[-79.47824427450222,43.19627249994341],[-79.47833027452998,43.19627819994046],[-79.4784100745562,43.19628819993858],[-79.47847767457769,43.19628909993561],[-79.47853187459499,43.19628979993325],[-79.47860187461765,43.196295199930994],[-79.47866857463815,43.19628719992653],[-79.47871777465384,43.19628779992435],[-79.47877337467078,43.19627949992034],[-79.47882627468637,43.19626599991548],[-79.47885187469392,43.19625899991308],[-79.47887967470216,43.19625219991059],[-79.47892197471464,43.19624099990666],[-79.47898277473243,43.19622379990078],[-79.47904577475136,43.19621109989568],[-79.47912627477588,43.19619869988977],[-79.47916547478744,43.196188399886104],[-79.47918757479391,43.196182399884044],[-79.47919967479744,43.19617889988287],[-79.47926247481578,43.196159999876635],[-79.47933067483555,43.19613839986963],[-79.47941857486167,43.19611699986181],[-79.47947897488012,43.19610879985756],[-79.47952847489543,43.196104099854466],[-79.47959597491739,43.196110399852486],[-79.4796390749311,43.196110999850575],[-79.47967597494285,43.19611149984903],[-79.47974367496445,43.19611239984607],[-79.47982347499064,43.19612239984415],[-79.47995837503476,43.19613769984069],[-79.4800137750528,43.196142999839104],[-79.48010587508291,43.19615309983664],[-79.48023477512398,43.19615479983101],[-79.48029027514164,43.196155499828585],[-79.48038247517145,43.196161399825414],[-79.48043177518674,43.19615739982245],[-79.48048127520137,43.19614469981791],[-79.48053707521758,43.1961273998123],[-79.48058067523024,43.19611349980783],[-79.48061437524007,43.19610369980451],[-79.48061807524117,43.19610239980415],[-79.4806276752439,43.196098799803046],[-79.48067367525687,43.19607969979751],[-79.48072807527343,43.196071399793546],[-79.48074237527796,43.19607159979291],[-79.4807973752952,43.196068699789905],[-79.48084857531148,43.19606939978766],[-79.48088507532314,43.19606989978607],[-79.48094567534154,43.19606029978158],[-79.48096357534688,43.19605649978008],[-79.48104967537395,43.19605319977554],[-79.48111137539318,43.19604959977204],[-79.48125447543754,43.196036999763244],[-79.48132107545807,43.196029699758874],[-79.48136437547112,43.19602129975541],[-79.48152517551924,43.195987299741994],[-79.48158597553704,43.195970199736124],[-79.48163027555039,43.19596179973265],[-79.48167397556286,43.19594529972768],[-79.48175367558663,43.19592759972089],[-79.48176007558841,43.19592429972],[-79.48178557559527,43.19590989971626],[-79.48187257561983,43.1958741997059],[-79.48194597564054,43.19584439969725],[-79.4820034756557,43.19580819968816],[-79.48206057567205,43.195787399681876],[-79.48212157568916,43.19576129967444],[-79.48218877570787,43.19573059966584],[-79.48224697572526,43.19571799966095],[-79.48230757574339,43.1957051996559],[-79.48238187576551,43.19568819964948],[-79.48242387577812,43.195679699646035],[-79.4824745757934,43.19567049964204],[-79.48256607582107,43.19565449963499],[-79.48261687583647,43.19564619963119],[-79.48267217585368,43.19564159962783],[-79.48276337588241,43.19563919962323],[-79.48284347590752,43.19563569961894],[-79.48293677593725,43.19563689961484],[-79.48308577598375,43.195627299606315],[-79.48309677598715,43.19562649960566],[-79.48309797598752,43.19562649960561],[-79.48310957599112,43.195625799604954],[-79.48317717601267,43.19562669960199],[-79.4832337760307,43.19562739959949],[-79.48330647605343,43.195622999595415],[-79.48336807607272,43.19562019959207],[-79.48342367608967,43.19561189958805],[-79.48343037609163,43.195610499587474],[-79.48345367609853,43.19560449958534],[-79.48347127610376,43.1955998995837],[-79.48348177610707,43.19559999958326],[-79.48348557610821,43.195599199582944],[-79.48357687613652,43.195591399577374],[-79.48361507614831,43.19558739957491],[-79.48370177617402,43.195566099567124],[-79.48374527618633,43.19554869956204],[-79.48388327622565,43.195496499546394],[-79.48392547623754,43.19547899954132],[-79.48395467624506,43.195458399536356],[-79.48396737624823,43.195448899534064],[-79.48398707625272,43.19542819952947],[-79.4840137762588,43.195399999523254],[-79.48406177627061,43.19536009951397],[-79.48408327627658,43.19535009951119],[-79.48409927628103,43.195342599509125],[-79.48410137628157,43.195341699508894],[-79.48413727629148,43.19532419950413],[-79.4841832763044,43.19530489949857],[-79.48421777631522,43.195302899496625],[-79.48428087633413,43.19529009949148],[-79.48436147635788,43.195268699483925],[-79.48442317637677,43.195260599479646],[-79.48449267639734,43.195243399473405],[-79.48455287641615,43.19523979947003],[-79.48462067643699,43.195231599465444],[-79.48467017645227,43.19522679946231],[-79.48472457646854,43.195214999457725],[-79.4847754764836,43.1952020994531],[-79.48481897649553,43.195180199447165],[-79.48490007651749,43.195136199435616],[-79.48495647653199,43.19509649942598],[-79.4849941765413,43.1950653994187],[-79.48501467654651,43.19505019941513],[-79.48506277655856,43.19501319940632],[-79.48507647656238,43.195006899404554],[-79.48511917657413,43.1949860993989],[-79.48520087659429,43.19491869938318],[-79.48527567661472,43.19487999937286],[-79.48533967663286,43.19485459936537],[-79.48534987663575,43.19485039936418],[-79.48535987663848,43.19484549936282],[-79.48541887665465,43.19481529935477],[-79.48546977666882,43.19479259934842],[-79.48556797669666,43.194753399336925],[-79.48563497671607,43.19473179932998],[-79.48571537674013,43.19471479932326],[-79.48579087676262,43.19469779931683],[-79.48584767677998,43.19468959931272],[-79.48592697680375,43.19467349930624],[-79.48601957683195,43.19465929929944],[-79.48610717685875,43.19464799929342],[-79.48619857688674,43.19463579928705],[-79.48629727691738,43.19462799928114],[-79.4863712769406,43.19462439927708],[-79.48645747696729,43.19461669927172],[-79.48653737699307,43.194622099269026],[-79.48678357707155,43.194625399258314],[-79.4870657771641,43.19466059925162],[-79.48710857717815,43.194665699250514],[-79.48713367718695,43.19467529925113],[-79.48719057720668,43.19469469925195],[-79.48719507720828,43.194696899252115],[-79.48719937720985,43.19469909925229],[-79.48726137723034,43.1947082992511],[-79.48731127724386,43.19468189924408],[-79.48736647725761,43.194637599233715],[-79.4873992772654,43.194607299226774],[-79.48743067727303,43.1945798992205],[-79.48746697728265,43.19455789921492],[-79.48754277730453,43.194531899206815],[-79.48759847732067,43.19451459920117],[-79.48764727733351,43.19448359919342],[-79.48768477734092,43.19443109918234],[-79.48769307734266,43.19442079918015],[-79.48770467734484,43.19440339917652],[-79.48772017734888,43.194392799173926],[-79.4877438773547,43.194373299169364],[-79.48775467735756,43.194366699167695],[-79.48776127735931,43.19436269916669],[-79.4877733773623,43.194352999164366],[-79.48779977736976,43.194341699161185],[-79.48786737739054,43.19433369915669],[-79.48791677740624,43.19433429915448],[-79.48807057745526,43.19433639914781],[-79.48813207747486,43.19433719914512],[-79.4882007774975,43.194346999143704],[-79.48827317752131,43.19435689914214],[-79.48843297757298,43.194367999136766],[-79.4884883775901,43.194362499133256],[-79.48858057761946,43.19436369912922],[-79.48863577763758,43.19437069912793],[-79.48873397766967,43.19438099912528],[-79.48880917769321,43.194377499121146],[-79.48882297769791,43.1943807991211],[-79.48886967771334,43.19438819912029],[-79.48892387773121,43.19439629911925],[-79.48895467774142,43.194400799118625],[-79.48896747774558,43.19440209911828],[-79.48903447776846,43.19442089911855],[-79.48912637779966,43.194444899118594],[-79.4892119778285,43.194463899118034],[-79.48927317784916,43.19447819911775],[-79.48928187785202,43.19447989911764],[-79.48932807786711,43.194484299116326],[-79.48934287787208,43.19448769911627],[-79.48938187788524,43.19449659911601],[-79.48938957788775,43.19449779911592],[-79.48947547791555,43.19450339911293],[-79.48955537794177,43.194513499111096],[-79.48963517796759,43.19451909910839],[-79.48970277798945,43.194524399106214],[-79.4898073780228,43.19452579910168],[-79.48989937805288,43.194535999099294],[-79.48997557807789,43.19454599909754],[-79.49012047812445,43.194552299092],[-79.49018207814412,43.1945531990893],[-79.49025477816764,43.194558799086984],[-79.49026767817182,43.194559599086524],[-79.4902800781757,43.19455899908589],[-79.49033577819306,43.19455519908266],[-79.49040937821724,43.19456529908106],[-79.49045237823096,43.19456579907917],[-79.49052127825331,43.194571199076925],[-79.4905873782755,43.194585599076454],[-79.49066687830238,43.19460459907619],[-79.49073287832535,43.19462799907735],[-79.49080017834719,43.19463339907518],[-79.4908753783711,43.1946343990719],[-79.49101737841518,43.19462279906332],[-79.49108647843603,43.194610099057854],[-79.4911289784472,43.194582899051106],[-79.49121047846822,43.19452629903731],[-79.49121537846958,43.194524399036716],[-79.49123967847603,43.19450949903295],[-79.49127317848479,43.19448729902748],[-79.49127917848622,43.194482199026304],[-79.49134347850558,43.19446949902112],[-79.49134507850601,43.194469199020986],[-79.49139017851934,43.19445749901683],[-79.49139897852214,43.194457599016445],[-79.49140267852323,43.19445679901612],[-79.49146467854221,43.19444859901179],[-79.49150147855396,43.1944490990102],[-79.49153697856603,43.194458599010275],[-79.49158707858314,43.19447269901047],[-79.49164227860115,43.19447809900891],[-79.4917035786214,43.19448779900778],[-79.49175237863813,43.19450199900809],[-79.49178557865002,43.194517799009404],[-79.49180387865653,43.19452599900998],[-79.49184747867251,43.19455099901242],[-79.49187507868265,43.19456679901397],[-79.49197177871565,43.19459399901435],[-79.49202597873503,43.19461919901631],[-79.49204757874263,43.19462819901696],[-79.4920897787575,43.19464479901795],[-79.49213007877157,43.194659999018825],[-79.49221447880029,43.19468269901895],[-79.49227687882141,43.194697899018806],[-79.49235177884731,43.194722599019734],[-79.49238047885684,43.19472719901925],[-79.49241397886813,43.19473519901916],[-79.4924174788693,43.19473579901908],[-79.49249087889423,43.19475479901909],[-79.49255687891674,43.19477279901927],[-79.49262557893984,43.19478809901881],[-79.49271687897165,43.194820799020434],[-79.49276417898773,43.19483329902051],[-79.49289097903062,43.1948644990202],[-79.49295167905149,43.19488299902071],[-79.4929675790569,43.194887199020705],[-79.49303507907955,43.194901499020176],[-79.49312807911095,43.194923499019815],[-79.49330477916816,43.194936599014014],[-79.49337247918976,43.194937499011026],[-79.49343507921007,43.19494269900911],[-79.49350137923197,43.19495269900782],[-79.49356237925296,43.19497149900838],[-79.4936296792759,43.19499029900865],[-79.49371517930508,43.19501409900891],[-79.49388637936303,43.1950558990085],[-79.49397187939269,43.19508499900976],[-79.49403077941211,43.195093499008536],[-79.49404747941762,43.19509579900816],[-79.49410947943846,43.1951100990079],[-79.49416567945734,43.19512189900738],[-79.49419867946843,43.19512849900706],[-79.49420877947182,43.195130899006976],[-79.49429707950132,43.195148599006075],[-79.49443127954707,43.19518479900636],[-79.49448067956388,43.19519809900649],[-79.49454107958432,43.19521309900634],[-79.49463927961686,43.19522879900463],[-79.49476717966108,43.195270999006254],[-79.49485697969064,43.195283299004345],[-79.49488377969946,43.19528679900372],[-79.49490197970545,43.19528929900331],[-79.49499427973575,43.19530099900117],[-79.49509217976883,43.19532479900086],[-79.49520827980815,43.19535339900062],[-79.49531737984442,43.19537279899904],[-79.49544097988584,43.19539779899785],[-79.49553527991775,43.19542069899756],[-79.49580238000743,43.19547819899555],[-79.4958037800079,43.195478698995565],[-79.49580498000834,43.19547899899551],[-79.49581568001204,43.19548289899574],[-79.49588278003536,43.1955061989968],[-79.49596718006379,43.19552539899633],[-79.49605278009334,43.195552698997254],[-79.49613828012247,43.195576398997524],[-79.49622998015373,43.1956009989977],[-79.49631568018255,43.19561999899716],[-79.49640128021096,43.195634698995846],[-79.49648578023921,43.19565109899485],[-79.49650618024599,43.195654898994604],[-79.49655518026239,43.19566499899415],[-79.49659618027614,43.195673298993725],[-79.49670148031164,43.195697198993116],[-79.4967922803413,43.19570739899078],[-79.49684968036111,43.195725998991406],[-79.49706888043443,43.195769498989065],[-79.49716578046647,43.19578429898728],[-79.49723458048878,43.19578969898505],[-79.49732158051766,43.195804398983675],[-79.49738768053984,43.1958186989832],[-79.49747348056836,43.195833398981875],[-79.49752708058647,43.19584619898167],[-79.49753478058904,43.195847898981604],[-79.49763278062144,43.19586249897968],[-79.49773568065575,43.195881798978405],[-79.49782278068425,43.19589199897625],[-79.49792698071899,43.19591139897488],[-79.49803698075597,43.19593529897405],[-79.49805598076256,43.19594169897433],[-79.49811718078354,43.19595969897473],[-79.49825658083104,43.19599819897518],[-79.4982875808416,43.19600609897512],[-79.49831678085208,43.19602039897634],[-79.49831798085248,43.196020898976386],[-79.49833228085738,43.196024698976395],[-79.49849538091281,43.19606739897649],[-79.49858088094226,43.19609469897741],[-79.49865148096707,43.19612239897908],[-79.49866798097284,43.19612849897941],[-79.49878258101127,43.196152198978375],[-79.49886848103938,43.19616229897623],[-79.4989540810685,43.19618509897631],[-79.49905798110397,43.19621429897674],[-79.49905888110432,43.196214698976746],[-79.499060881105,43.19621519897676],[-79.49916798114141,43.196243598976906],[-79.49925238116998,43.19626449897672],[-79.49926718117489,43.196266498976385],[-79.4993453812017,43.19629019897704],[-79.49936868120977,43.196297898977306],[-79.49942918123043,43.19631459897751],[-79.49953508126572,43.19633419897614],[-79.49968198131467,43.19636129897417],[-79.49968698131633,43.19636219897413],[-79.49978008134715,43.19637689897247],[-79.4998705813779,43.19640059897251],[-79.4999228813955,43.196412298972206],[-79.49998808141733,43.1964254989715],[-79.50000338142239,43.19642749897123],[-79.50003368143234,43.1964315989705],[-79.50004278143534,43.19643279897035],[-79.50006178144153,43.19643459896974],[-79.50012918146415,43.19644899896919],[-79.5002269814972,43.19647279896895],[-79.50032508152964,43.19648769896708],[-79.50042308156276,43.19651149896681],[-79.50049648158733,43.196525898965994],[-79.50060688162363,43.19654069896358],[-79.50069258165246,43.19655999896303],[-79.5007771816806,43.19657459896179],[-79.50083978170092,43.19657989895985],[-79.50098108174669,43.19659069895525],[-79.5011227817911,43.19658359894748],[-79.50117218180601,43.19657519894371],[-79.50128958184158,43.196555198934746],[-79.50136378186393,43.19654169892897],[-79.50142578188216,43.19652459892304],[-79.50149368190304,43.19651639891849],[-79.50164208194754,43.19648589890626],[-79.50171618197,43.196474298900746],[-79.50179338199402,43.19646859889621],[-79.50180858199874,43.19646729889527],[-79.50181468200061,43.19646639889487],[-79.50189518202501,43.19645319888881],[-79.50199398205504,43.19643739888144],[-79.50207308207908,43.196424998875585],[-79.50217308210975,43.19641279886886],[-79.5022584821357,43.19639939886256],[-79.50236338216823,43.19639049885615],[-79.5023751821719,43.19638919885536],[-79.50249428220984,43.19639079885019],[-79.50260468224377,43.1963779988428],[-79.50271568227834,43.196370298836364],[-79.50274358228707,43.19636849883475],[-79.5028312823141,43.19635919882908],[-79.50295588235377,43.1963607988236],[-79.50300598236934,43.19635689882063],[-79.50305588238523,43.196357598818445],[-79.50310588240112,43.19635819881628],[-79.50320888243434,43.196364098812566],[-79.50328388245853,43.196368798809985],[-79.50330028246375,43.196368998809234],[-79.5034033824978,43.196383798807105],[-79.50350878253252,43.19639869880491],[-79.50357618255514,43.196413098804435],[-79.50364988257932,43.196422198802665],[-79.50371748260082,43.19642309879969],[-79.50376068261389,43.19641549879634],[-79.50379928262467,43.19639799879144],[-79.50380418262588,43.19639439879057],[-79.50383648263383,43.1963677987844],[-79.50385468263833,43.19635279878088],[-79.50387358264284,43.19633509877687],[-79.50389818264917,43.196318398772775],[-79.50390318265046,43.196314598771856],[-79.50393218265776,43.19629249876661],[-79.5039438826611,43.19628799876524],[-79.50394478266134,43.19628739876512],[-79.50397848267053,43.196269798760405],[-79.50402178268313,43.19625689875613],[-79.504061382695,43.196248398752815],[-79.50409708270607,43.19624519875063],[-79.50409788270626,43.196245198750596],[-79.5041854827342,43.19624629874673],[-79.50423868275115,43.19624699874444],[-79.50424648275369,43.196247598744165],[-79.50431748277656,43.19625169874164],[-79.5043560827886,43.1962494987395],[-79.50436628279179,43.19624869873888],[-79.50439768280165,43.196247298737134],[-79.50452188284048,43.19624099873033],[-79.50457878285832,43.19623819872721],[-79.50458198285935,43.19623799872703],[-79.50461668286997,43.19623389872468],[-79.50467568288879,43.196234698722144],[-79.5046931828943,43.19623409872126],[-79.50475588291427,43.19623489871847],[-79.50479178292532,43.196230898716124],[-79.50485398294437,43.19622289871186],[-79.50485898294586,43.19622169871144],[-79.50490418295918,43.19620989870721],[-79.50496598297812,43.19620179870294],[-79.50501548299239,43.196185198697734],[-79.50507688300877,43.19614909868851],[-79.50512638302297,43.196131698683146],[-79.505178583038,43.19611339867747],[-79.5052451830585,43.19610629867312],[-79.50530648307873,43.19611509867187],[-79.50537368310177,43.19613499867235],[-79.50542978312117,43.19615369867309],[-79.5054836831395,43.1961678986731],[-79.50556448316671,43.19618619867266],[-79.50563678319057,43.19619689867127],[-79.50567858320365,43.1961943986689],[-79.50568598320595,43.196193798668446],[-79.50568928320699,43.196193598668266],[-79.50575898322835,43.19618499866352],[-79.50582248324588,43.196154298655124],[-79.50582598324682,43.19615249865463],[-79.50583568324933,43.19614619865307],[-79.50586038325616,43.19613389864976],[-79.50587098325904,43.19612859864836],[-79.50587218325937,43.196127998648166],[-79.50590968326979,43.196110498643314],[-79.50596578328572,43.196088698636906],[-79.50602128330222,43.19607599863208],[-79.50603308330578,43.19607339863106],[-79.50606768331592,43.19606379862777],[-79.50609998332577,43.196059298625485],[-79.50612638333372,43.1960538986233],[-79.50622508336443,43.196046998617575],[-79.50639768341821,43.196035898607676],[-79.50647048344102,43.19603219860364],[-79.50655798346813,43.19602439859825],[-79.50665058349647,43.1960120985918],[-79.50676898353305,43.1960000985842],[-79.50687748356675,43.19599159857772],[-79.50697108359623,43.195989198572974],[-79.50708698363239,43.195981798566365],[-79.50720548366895,43.19596979855876],[-79.50724558368125,43.19596499855606],[-79.50727118368908,43.195961398554246],[-79.50732278370484,43.19595399855059],[-79.5074263837368,43.19594339854389],[-79.50747698375234,43.19593729854052],[-79.50760708379072,43.19590299852842],[-79.50769368381665,43.195885198521296],[-79.5077491838336,43.195877798517415],[-79.50781598385373,43.19586519851212],[-79.50787908387271,43.19585249850693],[-79.50796088389681,43.19583109849939],[-79.50805128392332,43.19580609849079],[-79.50814208395018,43.195783098482536],[-79.50816868395803,43.19577599848006],[-79.50817358395952,43.19577499847965],[-79.5082754839893,43.19574509846964],[-79.50837448401926,43.1957283984621],[-79.50846098404503,43.195708798454625],[-79.50856008407452,43.19568579844599],[-79.50864058409817,43.19566429843846],[-79.50872208412298,43.19565179843251],[-79.50880118414702,43.19563939842668],[-79.50886278416631,43.19563569842321],[-79.50901698421386,43.19561969841325],[-79.50911088424257,43.19560749840675],[-79.509183684265,43.195599398401974],[-79.50938098432631,43.19558399839016],[-79.50948688435925,43.195576298383955],[-79.50957198438594,43.19557289837941],[-79.50965958441311,43.195565098374004],[-79.50978308445086,43.19554859836537],[-79.50987328447805,43.19553179835828],[-79.50996698450714,43.19552409835257],[-79.51007788454207,43.195520998346915],[-79.51017028457113,43.195517698342066],[-79.51026888460176,43.19550989833617],[-79.51042168464963,43.19550299832789],[-79.51049718467209,43.195485898321394],[-79.51062058471024,43.19547399831361],[-79.51072518474284,43.19546649830749],[-79.51082398477352,43.195458698301564],[-79.51093548480625,43.195427698290885],[-79.51102078483261,43.19541979828561],[-79.51104358483963,43.19541719828408],[-79.51108848485327,43.19540979828069],[-79.51112068486296,43.195403898278144],[-79.51121948489327,43.19539179827146],[-79.51131828492323,43.19537509826394],[-79.51142328495501,43.19535749825601],[-79.51151578498337,43.19534609824971],[-79.51160838501289,43.19534729824565],[-79.51168848503724,43.19533489823978],[-79.51193388511274,43.195306898223535],[-79.51199278513005,43.19529069821794],[-79.51200968513501,43.1952858982163],[-79.51201058513526,43.19528579821627],[-79.51208388515776,43.19527709821133],[-79.51218878518947,43.19525849820323],[-79.51226888521474,43.195256998199305],[-79.51238598525127,43.195249398192544],[-79.51248448528229,43.19524619818741],[-79.51257698531097,43.1952382981818],[-79.51266938533999,43.19523509817694],[-79.51287868540587,43.1952287981662],[-79.5129648854333,43.19522989816245],[-79.51304368545846,43.19523089815901],[-79.51312598548492,43.19523539815601],[-79.51312538548217,43.195205798150766],[-79.5131112854777,43.19520579815142],[-79.51297178489489,43.18893509704314],[-79.51640428598266,43.188917496882226],[-79.51764078637376,43.18890239682269],[-79.51860018667794,43.188898996777944],[-79.51947348695742,43.188926096742634],[-79.52081518738737,43.18897459668954],[-79.52130518753144,43.18884139664333],[-79.52142728755156,43.188624596599205],[-79.51877548666556,43.18810679662908],[-79.51297248472845,43.18699429669808],[-79.51293848438378,43.183104696008115],[-79.51288878436578,43.18307899600585],[-79.5128881843656,43.183078696005815],[-79.51277028432294,43.183017796000414],[-79.51222888412659,43.182731595974396],[-79.51163808391256,43.18242229594653],[-79.51108148371092,43.182131395920415],[-79.51046118348557,43.181799095889815],[-79.51031758343366,43.1817251958833],[-79.50985018326318,43.18146699585885],[-79.50981968325229,43.181453195857834],[-79.50925958304883,43.18115319583019],[-79.50913868300498,43.181089395824436],[-79.50905828297583,43.181046995820566],[-79.50891868292479,43.18096859581308],[-79.50883218289343,43.18092249580885],[-79.5088056828836,43.18090669580722],[-79.5087547828649,43.18087639580418],[-79.50873888285905,43.180866995803214],[-79.50868508283918,43.18083499580001],[-79.50865548282826,43.180817295798235],[-79.50862358281654,43.18079819579633],[-79.50862058281544,43.180796295796114],[-79.50861608281373,43.180793595795855],[-79.50856518279419,43.180753595791074],[-79.50855188278905,43.18074319578981],[-79.50851568277518,43.1807156957866],[-79.50845938275263,43.180660995779455],[-79.50834508270735,43.18055599576606],[-79.50825628267253,43.18047819575627],[-79.50815198263003,43.180368795741614],[-79.50809468260753,43.18031849573533],[-79.50804958258968,43.1802773957301],[-79.50795958255291,43.180181695717195],[-79.5078824825214,43.18009969570619],[-79.50779228248496,43.180008395694095],[-79.50769608244656,43.17991709568226],[-79.5076200824166,43.17984859567358],[-79.50760508241063,43.17983489567183],[-79.50752388237825,43.17975729566177],[-79.5074452823459,43.17967069564993],[-79.50744478234567,43.17967009564988],[-79.50743418234114,43.17965709564804],[-79.50688378211933,43.17910699557551],[-79.50639798192348,43.17862159551151],[-79.50595208174364,43.17817449545252],[-79.5058626817074,43.17808239544023],[-79.50577048166996,43.177987495427615],[-79.50566188162536,43.177868995411494],[-79.50556418158416,43.17775059539497],[-79.50556378158402,43.17774999539485],[-79.50548958155191,43.17765069538061],[-79.50541948152228,43.177564195368454],[-79.50534558149138,43.17747769535645],[-79.50526458145829,43.177391895344904],[-79.50523368144573,43.17735919534053],[-79.50514178140718,43.177249895325296],[-79.50504108136602,43.17714219531078],[-79.5049926813462,43.17709039530378],[-79.50498878134458,43.17708639530327],[-79.50490418131027,43.17699919529165],[-79.5048698812959,43.17695829528597],[-79.50482408127667,43.176903595278326],[-79.50478068125899,43.17685799527218],[-79.50472218123534,43.17679879526439],[-79.50467448121633,43.17675349525851],[-79.504625981197,43.17670739525252],[-79.50456348117244,43.17665259524566],[-79.50453338116054,43.17662519524215],[-79.50445218112812,43.17654759523208],[-79.5044372811223,43.17653509523058],[-79.5043533810897,43.176465195221965],[-79.50417518101904,43.17630079520091],[-79.50414398100676,43.17627319519748],[-79.50411198099421,43.17624509519395],[-79.5041071809923,43.17624049519333],[-79.50410518099153,43.176238795193136],[-79.50410298099064,43.176236895192865],[-79.50389928091225,43.17607659517371],[-79.5038449808911,43.176030895168104],[-79.50383088088563,43.17601909516666],[-79.50380658087619,43.17599889516419],[-79.5037410808503,43.175939495156626],[-79.50372768084497,43.17592699515501],[-79.50365238081511,43.175857295146095],[-79.50360348079333,43.175784595135376],[-79.5035689807789,43.175743595129646],[-79.50352288075842,43.175675595119685],[-79.50349008074257,43.17561199510989],[-79.50345328072464,43.17553949509872],[-79.50341968070815,43.175471495088146],[-79.50339468069593,43.17542169508045],[-79.50335868067867,43.17535369507001],[-79.50333378066614,43.1752993950615],[-79.50331288065485,43.17524499505279],[-79.50330698065181,43.175231395050595],[-79.50327688063759,43.17517699504236],[-79.50324558062377,43.17513159503568],[-79.50321588061088,43.175091595029905],[-79.50320838060767,43.17508159502851],[-79.5031974806029,43.1750665950263],[-79.50315858058602,43.175013395018674],[-79.50311708056843,43.17496199501142],[-79.5031070805642,43.17494969500971],[-79.50305058054195,43.17489939500336],[-79.50299858052193,43.174858194998436],[-79.5029797805142,43.17483779499563],[-79.50294828050127,43.174803494990975],[-79.50290608048475,43.174766894986426],[-79.50281548045047,43.17470269497919],[-79.50274168042426,43.17467019497675],[-79.50264738039077,43.174628494973675],[-79.50257768036512,43.174587094969525],[-79.50251538034256,43.1745546949666],[-79.5024501803187,43.17451779496306],[-79.50217048021841,43.174383594952026],[-79.50201508016393,43.1743230949484],[-79.5019150801294,43.17429019494713],[-79.50179688008863,43.17425269494592],[-79.5016886800507,43.17421069494342],[-79.50165918004076,43.17420379494354],[-79.50158778001664,43.17418699494385],[-79.50148117997999,43.174153894942876],[-79.5014511799697,43.17414459494254],[-79.50128397991217,43.17409289494105],[-79.50113997986209,43.17404139493854],[-79.49955617931798,43.17355699492514],[-79.49894717910853,43.17336889491964],[-79.49808707881265,43.173100894911464],[-79.49804457879804,43.173087894911085],[-79.49727417853327,43.17285159490445],[-79.4971589784939,43.172818594903916],[-79.49633097820936,43.17256459489671],[-79.49598897809196,43.17246109489405],[-79.49571577799803,43.17237639489151],[-79.49515797780609,43.172202494886214],[-79.49465507763318,43.17204729488164],[-79.49462077762112,43.17203339488077],[-79.49431547751618,43.17193929487809],[-79.49414237745638,43.17188299487597],[-79.49399567740662,43.171845094875984],[-79.49384937735535,43.17178909487275],[-79.49370907730682,43.17174219487082],[-79.49336767718769,43.17161619486414],[-79.49323657714206,43.17156939486181],[-79.4931356771066,43.17152939485932],[-79.49307207708429,43.17150429485776],[-79.49294097703869,43.17145749485546],[-79.49280097698905,43.171397094851145],[-79.49254337689929,43.17130359484635],[-79.49250397688513,43.171284194844716],[-79.49236567683539,43.171215794838915],[-79.49223757679073,43.17116899483648],[-79.49211357674696,43.17111789483307],[-79.49209517674073,43.17111319483306],[-79.4919528766904,43.171052794828825],[-79.49183887664947,43.1709971948242],[-79.49178487663036,43.17097399482254],[-79.49171957660685,43.17094159481977],[-79.49159877656338,43.17088149481465],[-79.4914769765203,43.17083039481114],[-79.49140837649666,43.17080829481035],[-79.49137487648508,43.17079759481002],[-79.49127177644881,43.1707557948073],[-79.49114487640414,43.17070439480397],[-79.49102987636365,43.170657894800975],[-79.49087757631011,43.17059729479721],[-79.4907497762648,43.17054159479314],[-79.49060957621592,43.170490194790474],[-79.49047547616894,43.170438894787495],[-79.49034047612248,43.170396694786206],[-79.49014957605743,43.17034459478569],[-79.48999107600194,43.170283994782146],[-79.48983497594723,43.170223394778574],[-79.48970607590267,43.17018119477696],[-79.48952137583925,43.17012469477537],[-79.48935257578164,43.170077394774765],[-79.48928087575699,43.170055694774156],[-79.48927217575775,43.1700963947818],[-79.48917697579584,43.17089379492803],[-79.48786487538369,43.17094329499706],[-79.48786217547497,43.17201839518846],[-79.48786247552341,43.172582295288755],[-79.48704167526445,43.1725998953296],[-79.48703677534104,43.17351199549205],[-79.48174867363659,43.173206095680435],[-79.48185107427373,43.18026019693046],[-79.48186017444522,43.18222679727983],[-79.48293657479823,43.1823592972539],[-79.48285957479642,43.18262359730448],[-79.48287957482096,43.18283579734132],[-79.48288507484945,43.183147597396484],[-79.48302107494763,43.183788697504234],[-79.48319047506376,43.1845163976259],[-79.48332937515104,43.18501989770904],[-79.48308287511375,43.18549719780524],[-79.48286807507635,43.185855997878924],[-79.48275407506304,43.18612259793155],[-79.48276837509451,43.18643699798683],[-79.4827534751124,43.18670069803441],[-79.48270187511274,43.1868954980714],[-79.48267187513083,43.18721749813001],[-79.48259527518111,43.18808699828816],[-79.48264777524483,43.188635798383324],[-79.48258487524062,43.188819298418856],[-79.48199327512638,43.18967689859853],[-79.48110887484667,43.189688798641264],[-79.48018337456085,43.18978149870023],[-79.47950557438173,43.19020169880607],[-79.47908537429068,43.19069449891302],[-79.47856037416946,43.191224499031335],[-79.47824817409249,43.191482599091614],[-79.47759637389423,43.19158349913943],[-79.4749614730605,43.19161449926599],[-79.47441537287308,43.191450599261884],[-79.47299947232483,43.19029849912204],[-79.47208637198221,43.189683199054556],[-79.47157027179976,43.18946639903972],[-79.47156607172319,43.18858859888379],[-79.46272786888458,43.1882043992212],[-79.46035896812371,43.18810129931159],[-79.46015736780564,43.18513619879345],[-79.46151076823094,43.18508589872239],[-79.46122986777493,43.18080499797389],[-79.46642176940502,43.18059519769831],[-79.466396169361,43.18017599762493],[-79.46618856896617,43.17633689695152],[-79.46579556873995,43.17515259675883],[-79.46553846835113,43.171565696132475],[-79.46493396737154,43.1623643945229],[-79.4649188673504,43.162173894489726],[-79.46491836734974,43.162168094488656],[-79.4649182673496,43.162166394488374],[-79.46457606723511,43.16209809449192],[-79.46417716710023,43.16200109449297],[-79.4637524669566,43.16189789449407],[-79.4634225668465,43.16183489449797],[-79.46341046684229,43.161830294497754],[-79.46339046683553,43.161825594497806],[-79.463012566708,43.161736794499376],[-79.46290226667078,43.161710994499835],[-79.46281596664164,43.16169079450015],[-79.46269736660167,43.161663094500675],[-79.46221746643415,43.16148559449109],[-79.46107116603665,43.161091994473615],[-79.46105656603108,43.16108089447231],[-79.46104686602735,43.16107359447145],[-79.46074356592209,43.16096819446662],[-79.46002266567189,43.16071769445511],[-79.45996186565016,43.160689794452914],[-79.45858346517332,43.160229994434296],[-79.45835166509333,43.16015489443154],[-79.45770466487109,43.15995699442601],[-79.45689906459442,43.15971209441931],[-79.45637366441555,43.15956989441812],[-79.45583566423414,43.15944559442067],[-79.45535856407369,43.159340094423754],[-79.45524136403422,43.159313894424486],[-79.45501606395844,43.159263394425786],[-79.45376826353937,43.15899449443516],[-79.45300926328606,43.15884909444405],[-79.45217626300995,43.15871179445779],[-79.45166166283981,43.158632794467344],[-79.45157586281175,43.15862259446945],[-79.45090136259073,43.158541394485894],[-79.4506071624939,43.15850149449229],[-79.44970076219363,43.1583540945076],[-79.44948456212221,43.15832139451166],[-79.44891646193453,43.15823549452244],[-79.44890416193064,43.15823529452299],[-79.44837956175665,43.15814779453142],[-79.44772836154068,43.15803919454198],[-79.4472139613699,43.15795119454987],[-79.44683326124702,43.157927994563224],[-79.44659966117261,43.15792479457331],[-79.44639036110671,43.15793099458404],[-79.44567636088237,43.15795729462145],[-79.44549476082636,43.15797649463318],[-79.44507186069596,43.15802119466053],[-79.44505976069212,43.15802099466105],[-79.4447380605937,43.15806449468355],[-79.44469026057908,43.15807099468687],[-79.44445496050713,43.15810279470329],[-79.44373856028977,43.15821999475703],[-79.4431332601061,43.15831899480237],[-79.44188655972508,43.15849109489013],[-79.44071455936479,43.15862819496825],[-79.44070765936264,43.15862809496853],[-79.4407022593609,43.15862809496878],[-79.44021095920849,43.15866969499872],[-79.43960515902063,43.158721095035595],[-79.43939595895475,43.1587273950463],[-79.439087158861,43.15877709506934],[-79.43902895884288,43.15878139507277],[-79.43877905876512,43.15879989508752],[-79.4387003587407,43.15880599509222],[-79.43868045873448,43.158807595093386],[-79.43810095855528,43.15886269512974],[-79.43807095854592,43.15886499513154],[-79.43800235852464,43.15887039513565],[-79.43771225843416,43.158889395152336],[-79.43756925838959,43.15889879516051],[-79.43743565834792,43.15890769516824],[-79.43726735829492,43.15891239517681],[-79.4365739580765,43.158931895212056],[-79.43584925784629,43.15892959524486],[-79.43571315780302,43.158929095251],[-79.43525805765802,43.158922895270706],[-79.43524585765411,43.15892269527126],[-79.43481615751492,43.15888979528507],[-79.43458295743905,43.158868595291985],[-79.43344235706569,43.158735995320626],[-79.43339365704864,43.15871729531952],[-79.43327115700805,43.15869759532163],[-79.43214245664,43.15858309535294],[-79.43179885652822,43.15855139536308],[-79.43163925647663,43.15854029536842],[-79.43069445616868,43.158446295394924],[-79.42978595587456,43.15837969542471],[-79.42950375578314,43.158357795433716],[-79.428300055395,43.158287195476326],[-79.42796815528928,43.15828269549074],[-79.4267631549053,43.15826609554294],[-79.42564415454882,43.15825069559144],[-79.42452575419095,43.15821729563672],[-79.42435355413608,43.158214995644194],[-79.4243412541321,43.15821479564473],[-79.42324835377927,43.158145695682464],[-79.42304055371191,43.158129495689096],[-79.42226635346103,43.158069195713836],[-79.4220038533751,43.15803889572047],[-79.42191065334463,43.15802819572281],[-79.4209543530307,43.15790699574506],[-79.4206927529449,43.15787519575132],[-79.4200347527292,43.15779529576723],[-79.41997175270853,43.15778769576883],[-79.41994895270112,43.15778499576934],[-79.41964375260162,43.1577544957779],[-79.41911475242911,43.15770149579266],[-79.41906565241347,43.15770079579478],[-79.41835525218438,43.15765839581977],[-79.41808285209648,43.157642195829375],[-79.41805865208802,43.157632795828796],[-79.41801275207331,43.15763149583065],[-79.41743175188752,43.15761519585438],[-79.41706295176995,43.15761009587037],[-79.41658365161646,43.15759439588951],[-79.41596935141919,43.157567895912926],[-79.41592465140496,43.157567295914845],[-79.41592015140353,43.15756719591506],[-79.41530535120764,43.15755869594165],[-79.41449265095248,43.157592495984915],[-79.41402385080852,43.15764899601641],[-79.41390035077067,43.157665296024994],[-79.41343155062671,43.15772179605651],[-79.41326065057466,43.15774759606891],[-79.41304875051011,43.15777959608435],[-79.41287815045744,43.15779709609524],[-79.41274045041493,43.15781129610407],[-79.41270325040382,43.15781979610732],[-79.41235925029345,43.15780599612058],[-79.4121966502403,43.15778829612488],[-79.41197905016922,43.15776479613066],[-79.41194475015796,43.15775999613137],[-79.41190545014501,43.15775469613222],[-79.41170855007897,43.15771329613386],[-79.41153845002194,43.157677596135294],[-79.41150165001022,43.157677096136894],[-79.41147395000091,43.157671596137206],[-79.41145264999379,43.15766739613739],[-79.41112324988036,43.157563696134055],[-79.41085534978656,43.157460996128016],[-79.41047984965397,43.157304596117314],[-79.4101615495416,43.15717209610835],[-79.40959004933873,43.156921096089754],[-79.40867734901714,43.15654819606513],[-79.40850704895674,43.156473796059714],[-79.40749704860029,43.156054496031246],[-79.40703454843755,43.15586799601923],[-79.40618294813616,43.15550489599353],[-79.406158948127,43.155486695991385],[-79.40429674747129,43.1547312959421],[-79.40401674737285,43.15461929593496],[-79.40380994730003,43.154535395929486],[-79.40380994729998,43.15453469592939],[-79.403807147299,43.15453369592934],[-79.4038366473437,43.154947896001765],[-79.39994644612483,43.15513739621349],[-79.39868724573033,43.15519899628206],[-79.39896594643578,43.162424897556036],[-79.39896384643512,43.16242499755611],[-79.39896384643524,43.1624263975564],[-79.39356464474716,43.16273369785816],[-79.39350814465108,43.161818897697884],[-79.39343404452933,43.160668397496416],[-79.38814804289564,43.16119169783144],[-79.38814584289493,43.161192097831574],[-79.38795684252648,43.1575780971967],[-79.38786084234118,43.15576389687797],[-79.3872428421459,43.15577519690824],[-79.38690684203975,43.15578169692472],[-79.38647734132083,43.14895319572814],[-79.38623564123758,43.14887679572558],[-79.38619904122439,43.148858295724004],[-79.38593044113344,43.14879149572438],[-79.38588144111701,43.14878179572487],[-79.3857118410594,43.148737695724805],[-79.38562494102992,43.14871519572476],[-79.38547704097955,43.14867519572439],[-79.3853074409218,43.14862949572402],[-79.38525824090608,43.1486287957261],[-79.38507514084318,43.148572295724435],[-79.38492874079344,43.14853419572436],[-79.38476554073884,43.148501895726014],[-79.38473294072794,43.14849549572642],[-79.38441504062128,43.14842799572892],[-79.38440914061925,43.14842639572888],[-79.38437834060882,43.148418395728875],[-79.38408424051123,43.148369495733604],[-79.38402324049106,43.148359395734595],[-79.3840169404889,43.1483576957346],[-79.38398664047857,43.14834979573457],[-79.38390254045085,43.14833759573623],[-79.38389114044708,43.14833589573646],[-79.38373604039593,43.14831329573949],[-79.38350884032093,43.148280095744],[-79.38347224030849,43.14827059574395],[-79.38325184023591,43.14823969574853],[-79.38304334016723,43.14821049575287],[-79.38302224016003,43.14820499575288],[-79.38300674015477,43.14820099575287],[-79.38272514006118,43.148151995756976],[-79.38262704002915,43.148141695759655],[-79.38259044001674,43.14813209575963],[-79.38236983994415,43.14810199576433],[-79.38207583984664,43.14805289576902],[-79.38203883983479,43.14805229577064],[-79.38180613975837,43.148021995775885],[-79.38176943974588,43.14801239577584],[-79.38171543972766,43.14800019577613],[-79.3815456396705,43.14796199577709],[-79.38152163966245,43.147956695777246],[-79.38151273965946,43.14795479577729],[-79.38147613964703,43.1479452957773],[-79.38118293954744,43.147869095777104],[-79.38114613953569,43.147868495778695],[-79.38088373944682,43.14780329577909],[-79.38087483945151,43.14789169579523],[-79.38041953938703,43.148830695983335],[-79.3804046393967,43.14899939601402],[-79.38040823942003,43.14925969606026],[-79.38042933946008,43.14965029612889],[-79.38043893948415,43.14989679617236],[-79.38038293949364,43.150216996231926],[-79.38059763957767,43.15040259625519],[-79.38095213970351,43.150558296266716],[-79.3811043397766,43.15084859631148],[-79.38115843981764,43.15112849635888],[-79.38120213984924,43.15133619639385],[-79.38109643983933,43.151613696448095],[-79.38094233981094,43.15185479649812],[-79.38077423978423,43.152167496561496],[-79.3807630398168,43.1525904966373],[-79.38061193978014,43.15272359666797],[-79.38022123966071,43.15277739669539],[-79.3799189395739,43.15288469672834],[-79.3795554394789,43.15312489678778],[-79.37928583941647,43.15339599684835],[-79.37912003938655,43.15366219690334],[-79.37899363936506,43.15388109694809],[-79.37885823933487,43.15403149698109],[-79.3787051392953,43.154137297006955],[-79.37857893926366,43.15423609703031],[-79.37833473919609,43.154352997062325],[-79.37814363914246,43.15443539708573],[-79.37799533909822,43.154469397098545],[-79.37783583904584,43.15444909710225],[-79.37767763898765,43.15435549709279],[-79.37760373895524,43.15425029707744],[-79.37758383894558,43.15421159707145],[-79.37754813893034,43.15416589706494],[-79.3774871389094,43.154147097064374],[-79.37744223889719,43.15417129707072],[-79.37741123889211,43.154226997082084],[-79.37739053889219,43.15430489709691],[-79.37733793887755,43.15432919710366],[-79.37728593885987,43.154315297103565],[-79.37722113883322,43.15424429709387],[-79.37697223872885,43.15394759705238],[-79.37685683867932,43.153795897030626],[-79.376743038636,43.153711797020875],[-79.37663163858886,43.153573797001386],[-79.37638623848976,43.1533256969684],[-79.37623103842797,43.15317919694942],[-79.37613953839437,43.15312579694408],[-79.37611893838373,43.153077296936395],[-79.376140038384,43.1530022969221],[-79.37620503839815,43.152926196905554],[-79.37625593840926,43.15286679689266],[-79.37627973841322,43.15282429688398],[-79.37625653840193,43.15277899687697],[-79.3762082383843,43.152751296874214],[-79.37601123832148,43.1527484968827],[-79.3759384382952,43.15271129687947],[-79.37590173827311,43.15258909685936],[-79.3758737382454,43.15236829682127],[-79.37584063822257,43.15222369679704],[-79.375880438226,43.15211619677611],[-79.37591813823573,43.152089796769665],[-79.37592443823696,43.152080796767805],[-79.37592593823723,43.152078596767296],[-79.37508403797344,43.15212009681318],[-79.37506743797468,43.152196196827504],[-79.37505423797562,43.15225649683887],[-79.37500673797273,43.15239929686647],[-79.37495143796951,43.15256739689893],[-79.37490373796695,43.15271469692735],[-79.37483023795279,43.15282279695],[-79.3747627379406,43.152931096972324],[-79.37473483794244,43.153056196995884],[-79.3747154379409,43.153110997006586],[-79.37469073793906,43.15318099702015],[-79.37462003792662,43.15329819704426],[-79.37455723791824,43.15343409707136],[-79.37452063791068,43.153481497081444],[-79.37445693789753,43.15356439709913],[-79.37432353786404,43.15366829712375],[-79.37424463784346,43.15372079713667],[-79.37419123782954,43.15375639714551],[-79.37412483781293,43.15380869715784],[-79.37408443780275,43.15384049716535],[-79.37404883779422,43.15387269717274],[-79.37398593777912,43.15392969718574],[-79.37389163775582,43.15400769720396],[-79.37382173774093,43.15409279722228],[-79.37381653774044,43.15410699722505],[-79.3738003377391,43.15415159723372],[-79.37380443774416,43.15419549724138],[-79.37384003775963,43.15424449724847],[-79.37392023778682,43.15426459724837],[-79.3739731378042,43.15427119724713],[-79.37401363781744,43.154276197246205],[-79.37418893787434,43.15429029724069],[-79.37422543788618,43.15429319723952],[-79.37445693795901,43.15428519722752],[-79.37474463804959,43.15427629721279],[-79.37493643810976,43.154267897202494],[-79.37512123816785,43.15426089719281],[-79.37524483820954,43.1542896971923],[-79.3753305382455,43.154392197206654],[-79.3753877382724,43.1544943972222],[-79.37539363827564,43.15451019722477],[-79.37542653829361,43.154598497239014],[-79.37544833830484,43.15464939724704],[-79.3754664383142,43.154691397253714],[-79.3754751383211,43.15474009726203],[-79.37547843832365,43.154757897265],[-79.37547613832781,43.15481529727533],[-79.37542913831801,43.15487539728819],[-79.37539403830976,43.1549090972958],[-79.37537323830485,43.15492919730036],[-79.37533073829756,43.1550012973151],[-79.37531603829503,43.15502629732023],[-79.37519193826411,43.155125797343636],[-79.37514743825693,43.15520739736021],[-79.37507993824492,43.155317797382935],[-79.37503413823924,43.15542189740361],[-79.37501413823809,43.155482997415405],[-79.3750015382374,43.15552159742284],[-79.37500423824957,43.15565449744643],[-79.37500713825516,43.15570889745593],[-79.37501243826513,43.15580599747298],[-79.37507693829312,43.15589469748584],[-79.37515763832634,43.15598359749803],[-79.37524993836287,43.156068197508844],[-79.37531383839267,43.156179897525796],[-79.37538733842969,43.15633969755092],[-79.37543523845395,43.15644619756771],[-79.37543993845658,43.15645909756979],[-79.37546813847207,43.156536197582234],[-79.37547183847872,43.1566003975935],[-79.37546563848225,43.15666449760515],[-79.37544993848289,43.15673059761768],[-79.37544463849096,43.15684479763825],[-79.3754562385066,43.156985097662705],[-79.37548403852556,43.15710379768261],[-79.37549783853497,43.15716239769241],[-79.37551753855162,43.157284297713225],[-79.37555593858414,43.157522797753906],[-79.37555973859133,43.15759299776627],[-79.37556253859664,43.157644497775316],[-79.37556703860365,43.15771029778684],[-79.37556983860792,43.1577497977937],[-79.37557113861251,43.157798797802414],[-79.37557213861592,43.15783489780878],[-79.37557813862328,43.157899097819936],[-79.3755892386281,43.15791429782215],[-79.37560203863363,43.157931597824614],[-79.37563933864597,43.15793709782393],[-79.37573973867654,43.15792159781656],[-79.37585633871203,43.157904197808136],[-79.37586513871484,43.15790379780764],[-79.37596013874462,43.157899497802525],[-79.37603733877073,43.15791799780231],[-79.37609573879233,43.157953797805995],[-79.37610693879643,43.15796059780672],[-79.37615653881817,43.158030597816925],[-79.37617563883015,43.158100097828424],[-79.37615063884458,43.15836239787625],[-79.37614343884876,43.15843789789008],[-79.37614553885386,43.15848949789912],[-79.37615523887715,43.15872689794095],[-79.37613563889411,43.158998297990216],[-79.37614963891077,43.159142098015174],[-79.3761567389192,43.15921409802765],[-79.37619223894485,43.159382398056046],[-79.37622333896381,43.1594889980736],[-79.37623533897109,43.15952989808031],[-79.37624733898059,43.15959639809161],[-79.37630073900884,43.159728398112684],[-79.37636593904217,43.15987669813612],[-79.37638673906109,43.16002159816096],[-79.3763875390713,43.16013809818167],[-79.37638863907512,43.16017829818878],[-79.37639113908324,43.160264198204],[-79.37638303908983,43.160371598223485],[-79.3763156390771,43.160473098244616],[-79.37626823907326,43.16060469827024],[-79.37628163908474,43.160689498284704],[-79.37629003909193,43.16074229829372],[-79.37630193909989,43.16079119830192],[-79.37630803910396,43.160816298306116],[-79.37631133910864,43.16085889831353],[-79.37631613911533,43.160919398324104],[-79.37631773911772,43.160941898328026],[-79.37632343912605,43.16101799834132],[-79.37629123912279,43.16109969835737],[-79.37628713912198,43.16110579835858],[-79.37625143911518,43.16115829836959],[-79.37617993909696,43.161211298382284],[-79.37616463909696,43.161267898393056],[-79.37614473909295,43.16129479839877],[-79.37612473908891,43.16132189840454],[-79.37602353905811,43.16133799841203],[-79.37599113904913,43.16135329841618],[-79.3758959390228,43.16139859842862],[-79.37571813897667,43.16151989845834],[-79.37555473893386,43.16162649848485],[-79.37549203891749,43.161667498495014],[-79.37530233886656,43.16177689852316],[-79.37503863879029,43.16186429855077],[-79.37490293875344,43.16193739857],[-79.37488103874745,43.16194919857308],[-79.37467323868981,43.162046998599976],[-79.37449873864423,43.16216159862839],[-79.3743527386073,43.16227259865483],[-79.37424963858159,43.16235469867415],[-79.37423883857892,43.16236339867623],[-79.37412343854785,43.16242919869324],[-79.37403303852213,43.16246389870351],[-79.37398353850804,43.162482898709165],[-79.37378643845626,43.16261009874082],[-79.37370443843675,43.16268609875809],[-79.37365983842606,43.16272709876746],[-79.37361933841636,43.16276419877596],[-79.3735539384005,43.162821798789196],[-79.37348673838295,43.16286589880009],[-79.37329343832523,43.16290929881667],[-79.37324253831102,43.16293169882299],[-79.37320073829932,43.162950198828185],[-79.37306113825878,43.16299489884254],[-79.37298333823976,43.163061398857934],[-79.37291353822445,43.16314199887547],[-79.37289253822078,43.16317709888267],[-79.37288723822135,43.16320349888763],[-79.37288333822048,43.163207998888595],[-79.37283563821065,43.16327019890188],[-79.3728347382105,43.16327139890212],[-79.37277433819538,43.16331899891336],[-79.37273233818821,43.16339149892818],[-79.37271253818642,43.16344419893849],[-79.37269503818783,43.16352599895385],[-79.37267133818716,43.16360619896921],[-79.37262953817968,43.16367439898326],[-79.37260003817653,43.16374699899754],[-79.3725827381734,43.16377499900331],[-79.37256773817076,43.163799499008356],[-79.37255063817075,43.16386339902055],[-79.37253733816985,43.16390199902803],[-79.37250563816285,43.163938199035925],[-79.37249003815928,43.16395429903949],[-79.37245733815183,43.16398819904702],[-79.37233043812225,43.16411449907529],[-79.37226273811031,43.16422619909826],[-79.37216943809149,43.16435319912518],[-79.3721541380962,43.16446499914581],[-79.37213723809809,43.164549799161634],[-79.37210153809293,43.16462239917621],[-79.37205583808462,43.16469489919126],[-79.3720294380791,43.16472869919845],[-79.37200793807462,43.16475609920429],[-79.37197923806904,43.16479739921298],[-79.37195063806266,43.164828999219914],[-79.37194033806288,43.16486999922768],[-79.37195203807066,43.16491799923569],[-79.37196053807634,43.16495249924148],[-79.37200543809668,43.16502399925215],[-79.37202433810377,43.16503699925358],[-79.37207643812339,43.16507279925759],[-79.37214183814639,43.16509849925918],[-79.37217403815713,43.16510479925879],[-79.37220383816707,43.165110599258476],[-79.37227633818935,43.165102099253666],[-79.37236053821485,43.16508759924722],[-79.37242303823378,43.165076599242425],[-79.3724575382471,43.165104199245725],[-79.37246673825064,43.165111599246636],[-79.3724751382562,43.16514549925229],[-79.3724529382513,43.16517049925774],[-79.37244273825097,43.165204699264315],[-79.37245443825901,43.16525539927279],[-79.37246593826386,43.1652690992747],[-79.37248503827186,43.16529189927791],[-79.37253093829008,43.1653350992835],[-79.37256153830226,43.165363899287215],[-79.37260073831962,43.16542129929565],[-79.37260833832326,43.165435699297866],[-79.37261903832841,43.16545589930095],[-79.37261823832866,43.16546189930211],[-79.3726153383298,43.16548569930643],[-79.37259593832593,43.16551309931223],[-79.37257603832468,43.165572399323665],[-79.37256903832501,43.16560209932931],[-79.37257753832927,43.16562069933221],[-79.37258143833127,43.16562929933356],[-79.37260223834022,43.165657099337544],[-79.37265493836037,43.1656967993422],[-79.37278093840807,43.16578739935263],[-79.3727906384121,43.16579819935408],[-79.37282053842445,43.16583139935863],[-79.37285693844012,43.16587969936558],[-79.37285723844029,43.16588029936569],[-79.37288423845297,43.16592859937306],[-79.37289653845873,43.16595059937635],[-79.37290733846378,43.16596909937916],[-79.37292383847138,43.165997199383426],[-79.37296283848826,43.166049699390975],[-79.37296333848846,43.16605019939109],[-79.37300573850584,43.16609629939732],[-79.37303273851612,43.1661163993997],[-79.3730426385199,43.16612379940053],[-79.3730764385358,43.16618389940972],[-79.3730894385459,43.166254199421644],[-79.37309593855096,43.16628949942761],[-79.37307163855459,43.16642189945227],[-79.37305123856694,43.16664279949255],[-79.37305113856698,43.16664339949267],[-79.37303963856985,43.166720099506875],[-79.37301573857583,43.16687869953616],[-79.37296433857897,43.16710699957919],[-79.37290523857224,43.16724799960702],[-79.37287493856756,43.16730579961868],[-79.37280063855613,43.16744799964737],[-79.37271123853834,43.16757279967372],[-79.37265043852426,43.16763379968733],[-79.37257363850739,43.1677222997066],[-79.37252853849934,43.16779529972171],[-79.37246813848378,43.167837799732034],[-79.3723922384639,43.167887399744295],[-79.37238103846101,43.16789569974627],[-79.37232883844781,43.16793489975566],[-79.37228413843849,43.16799159976781],[-79.37226403843732,43.16805319977967],[-79.37227543844622,43.168114799790146],[-79.37232673846783,43.168177299798955],[-79.37239483849346,43.16822399980414],[-79.37243713851157,43.16827909981201],[-79.37247423852791,43.168331999819756],[-79.37251053854392,43.168384899827466],[-79.37250913854801,43.16843769983697],[-79.3724957385498,43.16850849985014],[-79.37248783855256,43.16857029986152],[-79.37248993855655,43.16860909986838],[-79.37251423856758,43.16864829987425],[-79.37256553858701,43.16868469987836],[-79.3725701385887,43.16868789987873],[-79.37262283860669,43.16870219987883],[-79.37272883864046,43.16870319987416],[-79.37281323866792,43.16871109987171],[-79.37287513868861,43.168723299871075],[-79.37287583868891,43.168724499871246],[-79.37287653868923,43.168725799871446],[-79.3729089387046,43.1687850998805],[-79.37296393873002,43.16887799989454],[-79.37296503873053,43.16888009989489],[-79.37296623873111,43.168882099895185],[-79.3729939387447,43.16893849990397],[-79.3731131388032,43.16918079994163],[-79.37314893883473,43.16941649998197],[-79.37318273886288,43.1696208000168],[-79.3731924388767,43.16974630003868],[-79.37318753887975,43.16980040004852],[-79.37318473888149,43.16983140005422],[-79.37316173887906,43.169888400065375],[-79.37314143887869,43.1699590000789],[-79.37313703888151,43.17000880008797],[-79.37313723888165,43.170009700088094],[-79.37313733888176,43.17001040008827],[-79.37314533888718,43.17004440009392],[-79.37315153889146,43.17007110009837],[-79.37317763890732,43.17016040011309],[-79.37320833893453,43.170364600148076],[-79.37323623895749,43.1705293001761],[-79.37322273896959,43.170721600210925],[-79.37322323898302,43.17087700023862],[-79.37320763898843,43.17099830026091],[-79.37321853899904,43.17108200027533],[-79.37322163900204,43.171106000279465],[-79.3732348390162,43.171222800299645],[-79.37326203902911,43.17127310030734],[-79.37327073903326,43.171289000309784],[-79.37332033905504,43.17135950032006],[-79.37333433906115,43.17137940032294],[-79.37338893908614,43.17146910033645],[-79.37348453912303,43.17154530034562],[-79.37352343913786,43.17157460034904],[-79.37356743915468,43.17160780035296],[-79.37359653916545,43.17162550035479],[-79.37367563919466,43.171673500359695],[-79.3738023392401,43.17173440036477],[-79.3739356392892,43.171813400372734],[-79.37409903934986,43.171915900383496],[-79.37426483941319,43.17204100039817],[-79.37429773942662,43.17207600040293],[-79.37440623947091,43.17219150041852],[-79.37448823950501,43.17228580043157],[-79.37453083952273,43.1723346004383],[-79.37460073955512,43.172454300456444],[-79.37464583957885,43.17256410047389],[-79.37467513959426,43.17263560048526],[-79.37471563962025,43.17278920051079],[-79.37475793965325,43.17301880054972],[-79.37480503968268,43.17318840057777],[-79.37480503969499,43.173332400603385],[-79.37478063971126,43.173613500654554],[-79.37476883971516,43.17370330067107],[-79.37475073972129,43.1738421006966],[-79.37473853972931,43.17398150072201],[-79.37470523972947,43.17410710074589],[-79.37465353971862,43.174172700759904],[-79.3746031397063,43.174215400769796],[-79.37458323970462,43.174270200780505],[-79.37457993970509,43.17428800078379],[-79.37456883970665,43.17434770079493],[-79.37457743971304,43.17439040080215],[-79.3745831397173,43.17441870080691],[-79.37460643972648,43.17443940080952],[-79.37461993973176,43.17445140081106],[-79.37468233975376,43.174477000812786],[-79.37472263976821,43.17449610081432],[-79.37473773977358,43.1745032008149],[-79.37481243979896,43.17452230081487],[-79.37479223981187,43.1747485008561],[-79.37479073981277,43.17476450085897],[-79.37466513977124,43.174745900861424],[-79.37464863976564,43.174741100861326],[-79.37456763973786,43.17471750086081],[-79.3745182397221,43.17471670086291],[-79.36923363793149,43.17340180087058],[-79.369048137844,43.17306710081949],[-79.36911263786324,43.17305230081387],[-79.36916413787856,43.173040400809384],[-79.36923123789755,43.173012900801425],[-79.36926203790624,43.173000200797745],[-79.36928143791147,43.17298950079501],[-79.36935943793259,43.17294640078373],[-79.3694514379555,43.172872400766366],[-79.36946503795863,43.17285870076329],[-79.36953443797465,43.172788600747616],[-79.36953483797477,43.172788000747516],[-79.36959273798621,43.17270670073039],[-79.36964423799517,43.17262020071262],[-79.36968433799781,43.172502100689734],[-79.36969833799407,43.17240600067204],[-79.36967893797873,43.172298200653714],[-79.36963793795435,43.17216540063194],[-79.36958643793031,43.17207520061825],[-79.36955803791696,43.172024800610544],[-79.36951383789626,43.17194640059865],[-79.36945273786833,43.17184710058372],[-79.36944153786325,43.171828900581],[-79.369353737823,43.17168410055923],[-79.36931383780558,43.171628400551135],[-79.36928993779345,43.17157570054287],[-79.36928253778528,43.171506900530964],[-79.36928233778517,43.17150630053085],[-79.36927283777912,43.171471200525026],[-79.3692502377648,43.171387800511226],[-79.36922663775182,43.17132320050083],[-79.36921413774648,43.171307400498556],[-79.36919023773635,43.17127710049426],[-79.36912543771119,43.17122380048776],[-79.36911053770534,43.17121070048612],[-79.3690366376763,43.171145600477864],[-79.36894133763889,43.17106190046733],[-79.36881753759262,43.17098030045847],[-79.36873053756277,43.17095430045783],[-79.36860643751936,43.170907500455165],[-79.36845593746123,43.17078660044051],[-79.3683432374144,43.170657200422625],[-79.36827013738369,43.170569500410366],[-79.36824963737436,43.17053650040544],[-79.36819723735059,43.17045250039286],[-79.36814733732199,43.17030320036854],[-79.368121537303,43.170176800347214],[-79.36812273730187,43.17015950034411],[-79.36812983729547,43.1700580003257],[-79.36814443729082,43.1699487003056],[-79.36817063729406,43.169889300293825],[-79.36818273729591,43.169865900289075],[-79.36821053730009,43.1698115002781],[-79.3682550373092,43.169752700265626],[-79.36829323731729,43.16970540025545],[-79.3683096373192,43.169666800247846],[-79.36830763731507,43.16962570024058],[-79.36829133730869,43.169611900238905],[-79.36827983730423,43.16960220023768],[-79.36822753728507,43.16957220023474],[-79.36817123726556,43.16955280023387],[-79.36813573725232,43.16953010023142],[-79.3681099372427,43.169513700229686],[-79.36808853723298,43.16947900022451],[-79.36807113722197,43.1694146002138],[-79.36808963721475,43.16926180018579],[-79.36809863721284,43.16920550017532],[-79.36810093721235,43.16919100017267],[-79.368087637206,43.169166700168944],[-79.36807953720216,43.16915190016665],[-79.36800263717299,43.1690962001603],[-79.36794153714747,43.169024400150285],[-79.36792103713759,43.168984900144174],[-79.36786043710839,43.16886800012611],[-79.36777383706493,43.16868160009692],[-79.36776993705982,43.16863580008893],[-79.36776323705105,43.16855820007543],[-79.36777203704312,43.16843220005256],[-79.36778303704074,43.16836370003987],[-79.36780893704476,43.168314000029866],[-79.36783463704919,43.168270500020945],[-79.36784503704901,43.16822960001317],[-79.36783283704197,43.16819270000716],[-79.36782543703801,43.16817390000415],[-79.36780913702938,43.1681332999977],[-79.36775733700756,43.16807039998881],[-79.36774813700367,43.16805929998726],[-79.36767803697687,43.168005999980984],[-79.36752603692301,43.1679401999762],[-79.36738543687223,43.16786849996989],[-79.36709583676762,43.167720799956804],[-79.36709533676743,43.167720399956785],[-79.36702973674306,43.167678699952354],[-79.36687963668726,43.167583199942236],[-79.36679393665352,43.16750679993254],[-79.36676023664025,43.1674767999287],[-79.36672643662722,43.16744969992547],[-79.36661873658566,43.167363499915034],[-79.36647803652846,43.16721729989541],[-79.36635653647535,43.16704669987061],[-79.36628383644124,43.16691789985097],[-79.36621113640953,43.16681669983632],[-79.36616733638287,43.16666749981175],[-79.36612283635658,43.166524999788365],[-79.36612273634468,43.16638539976355],[-79.36611703632627,43.16619129972919],[-79.3660712362814,43.165835999668055],[-79.3660688362765,43.16578719965947],[-79.36606793627456,43.165768199656135],[-79.3604892344282,43.16489319975533],[-79.35947583410847,43.16491759980601],[-79.35923983370958,43.161120099140454],[-79.36418013526303,43.16093809888226],[-79.36761193634017,43.160789398698896],[-79.36941853690973,43.16074079860763],[-79.36941923690995,43.160740798607584],[-79.36944153691442,43.160710298601174],[-79.36956533693649,43.160508298559535],[-79.36958433694025,43.16048139855384],[-79.3696852369601,43.160338198523775],[-79.36977593697593,43.160186498492585],[-79.36980023697758,43.160115298478765],[-79.36983823698621,43.16007489846984],[-79.36988593699866,43.160043498462116],[-79.36992863700988,43.16001599845521],[-79.36996893702049,43.1599900984488],[-79.36997923702314,43.15998309844705],[-79.37004483704013,43.159938298436124],[-79.37005213704175,43.15993029843432],[-79.3700548370424,43.15992729843366],[-79.37008363704882,43.15989549842671],[-79.37008333704864,43.15989459842652],[-79.3700745370437,43.159869398422444],[-79.3700657370388,43.15984449841846],[-79.37000813701503,43.15978009840958],[-79.36986643696379,43.15970729840309],[-79.3689278366262,43.15924359836345],[-79.368860336602,43.15921119836077],[-79.36885933660163,43.15921069836073],[-79.36879873657996,43.159182698358464],[-79.36878983657509,43.15915829835454],[-79.36878593657295,43.15914789835286],[-79.368775136567,43.1591181983481],[-79.36879443657038,43.15908639834153],[-79.36884543658581,43.15907689833752],[-79.36887323659421,43.15907179833531],[-79.36894123661702,43.15908619833478],[-79.36896453662504,43.159093298334994],[-79.36898783663298,43.15910029833515],[-79.36906253665879,43.15912449833608],[-79.36910993667497,43.15913819833636],[-79.3691364366841,43.15914589833648],[-79.36915543669086,43.15915479833722],[-79.36920173670742,43.159176598339],[-79.3692770367336,43.159203298340294],[-79.36931603674718,43.15921699834096],[-79.36942523678428,43.15924559834108],[-79.36945283679331,43.15924859834033],[-79.36952793681785,43.15925669833835],[-79.36960843684392,43.159262298335676],[-79.3696342368522,43.15926319833463],[-79.36965513685888,43.15926389833379],[-79.36969913687297,43.15926529833204],[-79.36975883689009,43.15924359832546],[-79.36986953692322,43.15921999831617],[-79.36996313695346,43.15922569831289],[-79.37005573698407,43.15924049831131],[-79.37009053699617,43.15925249831185],[-79.37011203700365,43.1592598983122],[-79.37015263701733,43.15926949831205],[-79.37020233703372,43.159276898311106],[-79.37025243704932,43.15927319830813],[-79.37031883706734,43.15923689829864],[-79.3703622370788,43.15920959829181],[-79.3704141370925,43.15917699828363],[-79.3704401370985,43.159150498277725],[-79.37047183710577,43.15911819827053],[-79.37051033711298,43.159059098258204],[-79.37051263711301,43.15905099825665],[-79.37052713711346,43.1590018982473],[-79.37053503711026,43.158935498235074],[-79.37053293710873,43.15892499823333],[-79.37052613710381,43.15889249822782],[-79.37052423710236,43.15888299822625],[-79.37051603709739,43.158855398221675],[-79.37051003709375,43.15883509821832],[-79.37050413708879,43.15879839821212],[-79.37050433708878,43.15879759821194],[-79.37051473708784,43.158747898202584],[-79.37054753709363,43.15869379819144],[-79.37059293710378,43.1586439981805],[-79.37059923710518,43.15863709817904],[-79.37061673711003,43.15862859817666],[-79.37065913712172,43.15860809817107],[-79.37075043714829,43.158579498161814],[-79.3708214371692,43.158560498155225],[-79.37083193717233,43.158557698154254],[-79.37085523717928,43.15855249815221],[-79.37088913718942,43.1585448981493],[-79.37091023719381,43.15851829814366],[-79.37091773719543,43.15850879814159],[-79.3709277371961,43.158479698135935],[-79.37094113719701,43.15844049812834],[-79.37093273718729,43.15835809811405],[-79.37093263718725,43.15835749811398],[-79.37092343717654,43.15826629809813],[-79.3708781371375,43.15797759804877],[-79.3708558371202,43.1578578980285],[-79.37084013710407,43.157727198005944],[-79.37083573709708,43.15766119799438],[-79.37085343710122,43.157643897990475],[-79.37087753710686,43.15762019798516],[-79.37091943711397,43.157547497970334],[-79.37099393713032,43.15746209795166],[-79.37102593713882,43.15744239794668],[-79.37108543715456,43.15740589793751],[-79.37115383717168,43.15735139792465],[-79.37118133717853,43.15732959791955],[-79.37125273719128,43.157213597895584],[-79.37128973719527,43.15712229787767],[-79.3713066371958,43.15706569786677],[-79.37130823719123,43.15700609785609],[-79.37129013718193,43.1569647978496],[-79.37127343717496,43.15694449784672],[-79.3712596371691,43.15692769784434],[-79.37118983714139,43.15686259783596],[-79.37115393712848,43.15684499783444],[-79.37105093709152,43.15679479783023],[-79.37089263703635,43.15673739782723],[-79.37077003699581,43.15671839782945],[-79.37068433696746,43.156705097831015],[-79.3704627368952,43.156683397837284],[-79.37044163688853,43.15668339783826],[-79.37028523683887,43.15668379784545],[-79.37016423679917,43.15666849784828],[-79.37012273678553,43.15666339784925],[-79.37005603676303,43.1566477978495],[-79.36995543672911,43.15662449784999],[-79.3698781367018,43.1565919978477],[-79.36984683669074,43.15657879784678],[-79.3697972366732,43.15655799784537],[-79.36975953665872,43.15652849784181],[-79.36972463664532,43.156501397838625],[-79.36967513662633,43.156462797833974],[-79.36954903657953,43.15638349782562],[-79.36945183653954,43.15627669781103],[-79.36939383651111,43.156159697792845],[-79.36938323650591,43.156138297789546],[-79.3693786364973,43.156053997774706],[-79.36938123649466,43.15601379776743],[-79.36938133649454,43.15601159776703],[-79.36938393649194,43.15597129775972],[-79.36937383648171,43.15588899774556],[-79.36934373646761,43.155835697737444],[-79.36933033646214,43.15582159773556],[-79.36928013644169,43.155768897728436],[-79.36924133642812,43.15575399772755],[-79.36919943641341,43.15573789772664],[-79.36910313638117,43.15571849772754],[-79.36905413636518,43.15571339772892],[-79.36902803635665,43.155710697729575],[-79.36898103634135,43.15570619773094],[-79.36895903633419,43.155704097731544],[-79.36896203632563,43.1555926977116],[-79.36896203632557,43.155591897711446],[-79.36896633631318,43.15543069768257],[-79.36896633631312,43.1554298976824],[-79.36897113629934,43.155250497650265],[-79.3689992362968,43.155115997625],[-79.36904023629683,43.154963497595965],[-79.36908063629816,43.154828997570156],[-79.36910953629358,43.15466729754004],[-79.36911733629394,43.15464259753524],[-79.36915223629548,43.1545305975137],[-79.36915783629584,43.15451399751051],[-79.36915953629591,43.1545086975095],[-79.36916333629614,43.154496997507216],[-79.36920353629819,43.154371497483055],[-79.36924593629404,43.154164997444305],[-79.36924603629403,43.154164297444176],[-79.36926273628478,43.15399369741302],[-79.36925603626506,43.15378699737655],[-79.36925603626499,43.1537861973764],[-79.3692538362589,43.15372359736532],[-79.36924893624588,43.153588697341526],[-79.36924893624584,43.153587997341404],[-79.36922973622288,43.15339029730706],[-79.36922963622278,43.15338969730695],[-79.36922443620952,43.15325329728292],[-79.36922233620439,43.15320119727374],[-79.36922233620433,43.15320039727357],[-79.36921863619727,43.153131997261596],[-79.36920593617306,43.1528947972199],[-79.36920593617302,43.15289409721978],[-79.36919643616261,43.15280809720489],[-79.36918603615133,43.15271439718863],[-79.36918363614647,43.15266599718015],[-79.36991183637487,43.15263329714103],[-79.36995013638693,43.152631697139036],[-79.37006013642144,43.152626697133066],[-79.37008483642731,43.15260379712788],[-79.37009883643066,43.15259069712492],[-79.37010333642755,43.152537697115235],[-79.37011713642704,43.15248059710445],[-79.37011943642614,43.15246129710093],[-79.37012493642398,43.1524148970924],[-79.37014813642587,43.152350997079964],[-79.3701718364309,43.15232179707365],[-79.37017603643176,43.15231649707251],[-79.37019033643482,43.15229869706872],[-79.37022923644332,43.152253697058924],[-79.37027833645662,43.15222669705188],[-79.37031113646549,43.15220869704716],[-79.37043343650389,43.15220369704063],[-79.37053943653787,43.1522073970365],[-79.37063973656863,43.15219479702966],[-79.37073113659507,43.152164097020005],[-79.37080363661465,43.15212399700958],[-79.3708425366237,43.15208529700089],[-79.37084883662517,43.15207909699948],[-79.3708694366283,43.15203879699138],[-79.37087803662962,43.15202209698801],[-79.37087293662447,43.151980896980916],[-79.37086473661896,43.15194699697524],[-79.37086433661867,43.151944896974854],[-79.37085913661514,43.15192329697128],[-79.37083873660588,43.15189059696637],[-79.37083263660315,43.15188109696498],[-79.3707898365837,43.151812596954734],[-79.37062283651342,43.151609996926254],[-79.37061003650805,43.15159449692407],[-79.37059543650187,43.15157689692161],[-79.37055693648524,43.15152469691406],[-79.3704381364338,43.15136409689091],[-79.37035383639622,43.15123739687219],[-79.370306136374,43.15115399685951],[-79.3702854363638,43.15111169685292],[-79.37026453635347,43.15106879684623],[-79.37024623634223,43.15100459683564],[-79.37024563634185,43.15100259683532],[-79.37023563633572,43.150967796829526],[-79.37020843631434,43.15081869680423],[-79.36937073604972,43.15083439684532],[-79.3682167356838,43.15084039689912],[-79.36818503562267,43.15024179679393],[-79.36790703514544,43.14567819599362],[-79.36709413487235,43.14550269599949],[-79.36649033465478,43.14519969597305],[-79.36477933399662,43.143851595811064],[-79.3640160337155,43.14339609576477],[-79.36396923364131,43.14269999564284],[-79.36395503363661,43.14269789564311],[-79.36395493363662,43.142698595643274],[-79.36394333363293,43.14269839564378],[-79.36371153355368,43.14263209564254],[-79.3634673334705,43.142565595641855],[-79.36319903337811,43.14248069563899],[-79.362942633291,43.14241399563876],[-79.3628937332746,43.1424042956393],[-79.36267363320064,43.1423560956408],[-79.36265473319433,43.14235229564097],[-79.36264613319146,43.14235059564103],[-79.36262473318428,43.14234639564127],[-79.36250543314247,43.14230049563851],[-79.36245433312459,43.14228089563738],[-79.36219793303748,43.142214195637216],[-79.36207793299663,43.142181895636966],[-79.36188043292937,43.142128595636436],[-79.36161193283766,43.142052795635195],[-79.36133113274204,43.14197669563448],[-79.36128213272566,43.14196699563501],[-79.36116463268493,43.141926695633195],[-79.36106283264958,43.141891795631594],[-79.36102603263716,43.141882695631665],[-79.36083073257105,43.14183439563196],[-79.36081853256688,43.14183129563197],[-79.36080403256194,43.14182749563194],[-79.36079413255858,43.14182489563199],[-79.36047653245049,43.14173929563121],[-79.36012223233062,43.141653195632045],[-79.35974373220152,43.14154869563071],[-79.35972873219646,43.14154479563074],[-79.35970723218917,43.1415391956307],[-79.35951813212412,43.14148059562892],[-79.35946333210524,43.14146369562835],[-79.35940233208431,43.141444795627784],[-79.35913363199329,43.14137789562816],[-79.35880413188059,43.1412831956263],[-79.35875543186353,43.14126439562521],[-79.35846193176539,43.14120619562823],[-79.35771543151665,43.14106939563795],[-79.3576667314996,43.14105069563685],[-79.35740633141282,43.141002395640115],[-79.35714063132426,43.14095309564347],[-79.35655373112724,43.14082759564795],[-79.35649253110695,43.14081769564896],[-79.35602753095182,43.14072999565458],[-79.3559909309394,43.14072049565452],[-79.35558813080176,43.140606595652656],[-79.35556073079252,43.14060019565274],[-79.35497723059558,43.14046279565492],[-79.35452533044231,43.14034829565517],[-79.35448863042983,43.14033869565514],[-79.3541955303303,43.14026249565492],[-79.35412253030559,43.14024489565514],[-79.35403673027662,43.140224195655314],[-79.35402033027104,43.14021989565532],[-79.35399283026166,43.1402126956553],[-79.35392683023923,43.1401955956553],[-79.35387823022225,43.14017689565417],[-79.35338923005793,43.1400708956576],[-79.35334023004155,43.1400610956581],[-79.35285172987585,43.139936995658246],[-79.35204522960342,43.13974529566095],[-79.35142222939263,43.13959229566211],[-79.3504690290711,43.139371395666274],[-79.34935722869524,43.13910329566924],[-79.34917442863328,43.13905729566939],[-79.34901532857934,43.139017295669525],[-79.3489347285524,43.139001295670376],[-79.34881962851388,43.138978395671515],[-79.34863602845132,43.138927995670954],[-79.34861202844314,43.13892139567086],[-79.3485752284314,43.13892089567247],[-79.34850192840649,43.13890179567237],[-79.34843312838323,43.13888519567258],[-79.3483431283528,43.13886349567283],[-79.34829512833683,43.138854995673455],[-79.34823292831614,43.13884389567434],[-79.3482277283144,43.13884259567435],[-79.34785432818781,43.13874839567461],[-79.34764682811708,43.13869139567396],[-79.34741452803914,43.138642995675916],[-79.34739032803068,43.13863369567535],[-79.34724872798317,43.13860379567649],[-79.34720672796908,43.13859499567685],[-79.34713002794362,43.13858159567796],[-79.3469254278756,43.138545995680964],[-79.34671322780483,43.13850639568357],[-79.3465582277532,43.138477595685494],[-79.34625192765247,43.13843709569227],[-79.3462027276368,43.13843639569439],[-79.34589642753606,43.138395995701195],[-79.3458735275283,43.13838999570118],[-79.34585982752363,43.13838639570116],[-79.34582022751069,43.138381695702144],[-79.3457168274768,43.13836939570463],[-79.3455166274112,43.138345495709544],[-79.34538642736798,43.13832359571156],[-79.3452228273137,43.13829619571417],[-79.34491622721367,43.138264695722505],[-79.34476072716267,43.13824559572624],[-79.34458532710514,43.13822399573036],[-79.34414402696059,43.13817259574139],[-79.34409512694427,43.13816279574184],[-79.34382492685731,43.13814989575186],[-79.34358012677626,43.13811049575602],[-79.34334732669976,43.13807999576123],[-79.34307742661215,43.13805809576967],[-79.34278312651603,43.13802679577748],[-79.34242772639968,43.13798559578636],[-79.34205962628003,43.13795329579742],[-79.34169102615941,43.13791139580681],[-79.34136542605303,43.137876195815366],[-79.34122702600781,43.13786109581901],[-79.34115162598317,43.137852895820956],[-79.34109282596349,43.13784149582161],[-79.34098802592852,43.137821195822816],[-79.34088942589615,43.1378088958251],[-79.3407988258664,43.13779769582727],[-79.34059672580024,43.13777389583225],[-79.3405638257897,43.137772995833544],[-79.34054672578426,43.137772595834285],[-79.34050532577065,43.1377675958353],[-79.3403542257211,43.13774909583887],[-79.34018522566572,43.1377284958429],[-79.33985352555686,43.137687195850724],[-79.33971142551118,43.137680695856005],[-79.33962712548406,43.13767679585919],[-79.3395634254636,43.13767389586154],[-79.33928502537329,43.137651895870334],[-79.33914492532905,43.13765439587716],[-79.33903522529404,43.137652895881914],[-79.33866412517611,43.13765189589867],[-79.33836392508198,43.137665495914845],[-79.33807322499045,43.137674795929755],[-79.33798032496082,43.137673495933754],[-79.33791172493919,43.137674995937154],[-79.33786032492296,43.137676195939704],[-79.33754572482341,43.137680695954856],[-79.3374806248027,43.13767979595767],[-79.33730862474745,43.137672695964255],[-79.33708972467765,43.137669495973704],[-79.3369360246284,43.13766399597973],[-79.33688092461074,43.13766199598184],[-79.33684322459844,43.137658395982974],[-79.33665622453756,43.13764069598835],[-79.33656432450739,43.1376292959905],[-79.33645092447021,43.13761529599316],[-79.33636732444192,43.137594595993306],[-79.33635402443738,43.137591295993325],[-79.33634862443559,43.13758999599333],[-79.3363135244237,43.13758179599349],[-79.3361845243803,43.137552795994175],[-79.33595682430384,43.13750449599594],[-79.33591072428824,43.13749249599594],[-79.33571872422297,43.13744259599579],[-79.3354079241151,43.137334395990685],[-79.33528402407194,43.137289595988356],[-79.33521322404728,43.137263995987055],[-79.33505272399115,43.137203195983496],[-79.33495872395814,43.137166595981284],[-79.33492032394469,43.13715169598039],[-79.33483022391216,43.13710539597624],[-79.33479602390024,43.137093095975615],[-79.33471222387105,43.13706309597407],[-79.3340937236624,43.13691909597665],[-79.33349212345875,43.13677069597765],[-79.33345632344655,43.13676119597761],[-79.33283702323725,43.13661259597933],[-79.3324499231066,43.136521995980885],[-79.33240202309025,43.13650809598057],[-79.33235152307292,43.136493495980304],[-79.33231562306065,43.13648349598013],[-79.33217542301523,43.13647239598454],[-79.33214422300506,43.13646959598548],[-79.33205422297581,43.13646169598815],[-79.33196252294687,43.13646369599269],[-79.33193272293747,43.1364643959942],[-79.3318448229106,43.136476596000364],[-79.33175712288305,43.13647979600497],[-79.33168442286136,43.13649679601127],[-79.33160842283947,43.1365226960194],[-79.33155252282354,43.13654439602579],[-79.33148732280468,43.136565896032614],[-79.33145232279531,43.13658679603791],[-79.33143592279096,43.13659669604043],[-79.33138032277638,43.13663289604943],[-79.33128712275196,43.13669359606451],[-79.3311103227069,43.13682419609584],[-79.33084352263893,43.137021196143145],[-79.33077902262255,43.137068896154574],[-79.33032132250493,43.137395396233686],[-79.33027992249423,43.13742379624066],[-79.33025082248669,43.137443896245536],[-79.330230122481,43.13745439624839],[-79.33019082247021,43.13747449625373],[-79.33012392245159,43.137504996262194],[-79.33007752243785,43.13751709626652],[-79.33005812243213,43.13752219626827],[-79.33001152241815,43.1375319962722],[-79.32999852241429,43.13753469627324],[-79.32993922239612,43.137542896277445],[-79.32986692237306,43.13754179628051],[-79.32973942233245,43.13753989628596],[-79.32971202232362,43.13753859628703],[-79.32968952231639,43.13753759628783],[-79.3294405222363,43.13752569629713],[-79.32932802220012,43.13752039630131],[-79.32924672217385,43.13751469630398],[-79.32910172212668,43.137501996308316],[-79.3287537220136,43.137471596318804],[-79.32818742182886,43.13741379633431],[-79.32761192163844,43.13732429634461],[-79.32724942152007,43.13728589635431],[-79.32702042144527,43.1372615963604],[-79.32690402140699,43.13724639636302],[-79.32630722121175,43.13717909637829],[-79.32586522106699,43.13712769638927],[-79.3256243209887,43.137106596396464],[-79.32536902090574,43.13708439640417],[-79.32506172080588,43.1370573964134],[-79.32499212078312,43.137049896415235],[-79.32491692075857,43.1370416964172],[-79.3245713206457,43.137005196426436],[-79.32430482055832,43.13697299643289],[-79.32406112047843,43.13694369643878],[-79.32401672046386,43.13693849643985],[-79.32386622041507,43.13692639644456],[-79.32367472035291,43.13691099645056],[-79.32344002027664,43.13689019645755],[-79.32330912023404,43.13687859646145],[-79.32321252020259,43.13686959646427],[-79.32302312014099,43.13685189646975],[-79.32285752008754,43.13684179647551],[-79.32273002004636,43.136834096479916],[-79.32265182002102,43.1368284964825],[-79.32251751997788,43.13682199648749],[-79.32232111991443,43.13681019649435],[-79.32201971981915,43.13681469650889],[-79.32190281978224,43.13681749651472],[-79.32177241974127,43.13682239652156],[-79.32156211967516,43.13683049653255],[-79.32143031963383,43.136836896539705],[-79.32134891960831,43.136840896544136],[-79.32117571955425,43.13685189655403],[-79.32078341943338,43.13689559657969],[-79.32071941941373,43.13690369658408],[-79.3205683193671,43.136919496593734],[-79.32049111934361,43.136931896599485],[-79.32004711920702,43.13698389662905],[-79.31996371918159,43.136996096634974],[-79.31994521917572,43.136995896635796],[-79.31978241912613,43.13702049664763],[-79.31939291900686,43.1370732966748],[-79.31849681873189,43.137186196735755],[-79.31788211854354,43.137267196778275],[-79.31731231836838,43.1373353968164],[-79.31715571832038,43.137355596827135],[-79.31705421828946,43.1373713968346],[-79.31689261824027,43.1373966968465],[-79.31689001823567,43.13735169683858],[-79.31671561818,43.13734909684607],[-79.31602521796141,43.13735699687897],[-79.3158570179082,43.137358996886995],[-79.31552491780303,43.137363096902895],[-79.31542021776988,43.13736369690774],[-79.31530961773478,43.13736439691294],[-79.31522271770748,43.13736759691747],[-79.31460771751287,43.13737649694712],[-79.31446291746785,43.13738789695576],[-79.31434321743164,43.13740869696486],[-79.31424401740266,43.137438696974776],[-79.31418101738487,43.137464796982265],[-79.31414371737523,43.13749059698855],[-79.3140981173634,43.13752209699628],[-79.31403071734489,43.13755579700535],[-79.31401931734175,43.1375614970069],[-79.31394561732318,43.13761889702051],[-79.31389081731109,43.13768109703408],[-79.3138392173019,43.13776589705154],[-79.3137926172932,43.13783729706642],[-79.31373931728236,43.137908497081504],[-79.31367491726829,43.137984097097934],[-79.31360411725107,43.13804619711226],[-79.31352121722887,43.13809449712465],[-79.31348171721791,43.1381134971298],[-79.31343091720387,43.138138097136526],[-79.31336121718358,43.13815959714351],[-79.31322601714507,43.13821159715896],[-79.31304591709336,43.13827649717877],[-79.31293891706235,43.138310897189804],[-79.31289781705074,43.13832829719476],[-79.31285031703737,43.138348397200474],[-79.31281421702724,43.138363797204875],[-79.31278491701899,43.13837629720846],[-79.31270891699813,43.138415297218884],[-79.31265711698394,43.13844179722596],[-79.31257591696226,43.13849019723826],[-79.31248761693854,43.13854059725131],[-79.31248381693752,43.138542797251844],[-79.312400316917,43.13861369726831],[-79.31231791689625,43.138677297283394],[-79.31228021688673,43.1387063972903],[-79.31213871685426,43.13885279732286],[-79.31203251683264,43.13899539735313],[-79.3120109168283,43.13902509735943],[-79.31200901682794,43.13902769735994],[-79.31196061681821,43.13909449737408],[-79.31195481681705,43.13910239737577],[-79.31193271681266,43.13913289738219],[-79.31192471681098,43.139143497384424],[-79.31189911680582,43.13917799739178],[-79.31188391680283,43.139199697396336],[-79.31188151680233,43.13920309739701],[-79.31182451679113,43.13928389741405],[-79.31181281678882,43.13930049741753],[-79.3118119167886,43.139301697417764],[-79.31180711678765,43.13930849741926],[-79.311793516785,43.13932789742331],[-79.31176611677967,43.13936719743155],[-79.31176561677958,43.13936799743172],[-79.31175511677748,43.13938299743489],[-79.31172351677047,43.13941849744263],[-79.31167171675702,43.13945379745131],[-79.31159881673835,43.13950679746408],[-79.31151701671574,43.13954609747484],[-79.31147731670409,43.13955739747864],[-79.3114125166851,43.13957609748492],[-79.31131771665515,43.13957829748963],[-79.31129471664791,43.139578797490756],[-79.31128481664474,43.13957869749124],[-79.3112058166188,43.13956849749299],[-79.31113581659457,43.13954489749196],[-79.31104131656215,43.13951649749124],[-79.31088501650657,43.13944669748592],[-79.31077761646696,43.139382097479285],[-79.3106199164102,43.13930329747243],[-79.31045071634742,43.13919719746124],[-79.31018811625373,43.13907619745161],[-79.31000581618949,43.13900159744667],[-79.309998016187,43.139001497447],[-79.30988151614763,43.13897409744742],[-79.30977201611066,43.13894849744788],[-79.30959701605144,43.1389052974481],[-79.30955831603835,43.1388957974482],[-79.3093879159812,43.13886039744966],[-79.30937191597583,43.13885699744976],[-79.30929751595166,43.1388508974521],[-79.30920981592317,43.138843397454735],[-79.30917561591212,43.138840597455776],[-79.30908811588381,43.13883479745874],[-79.30897881584971,43.13884219746506],[-79.3088687158154,43.13884959747141],[-79.30872211577052,43.13886989748167],[-79.30857761572716,43.13889939749357],[-79.30852421571124,43.13891199749824],[-79.30825421563127,43.13898009752271],[-79.30822941562413,43.13898869752537],[-79.30821331561931,43.138991997526645],[-79.30814661559928,43.13900549753211],[-79.30813411559556,43.139008797533265],[-79.30813041559449,43.13900979753363],[-79.30810091558587,43.13901829753646],[-79.30789061552302,43.13906469755435],[-79.30769861546638,43.13911589757221],[-79.30766131545565,43.13912889757625],[-79.3076065154389,43.13913709758024],[-79.30758581543269,43.13914129758191],[-79.30740261537774,43.13917909759697],[-79.30733231535685,43.13919599760324],[-79.30717351530964,43.139234197617235],[-79.3070910152849,43.13925159762415],[-79.30707381527975,43.13925529762558],[-79.30701041526069,43.13926779763071],[-79.30687251521827,43.139283797639806],[-79.3068300152051,43.13928769764247],[-79.30674131517796,43.1392998976487],[-79.3062237150171,43.139341697679725],[-79.30599341494556,43.13936079769365],[-79.30590571491801,43.139364097698255],[-79.30537971475451,43.139405897729645],[-79.30530341473086,43.139413397734494],[-79.30526181471802,43.13941749773707],[-79.30503421464707,43.13943339775028],[-79.30494221461839,43.13943979775565],[-79.30464671452661,43.13946409777344],[-79.303875414287,43.1395274978199],[-79.30361661420646,43.13954659783513],[-79.3034688141604,43.13955749784382],[-79.303167414067,43.13958459786234],[-79.30296411400408,43.1396040978751],[-79.30256961388208,43.13964329790008],[-79.30253261387071,43.13964719790249],[-79.30215631375489,43.13969119792749],[-79.30181331364919,43.13972939794994],[-79.30176511353633,43.13858219774756],[-79.30170191339678,43.13717649749985],[-79.30166041330516,43.13625289733706],[-79.30166301329791,43.13615849732013],[-79.30166541329143,43.136072897304715],[-79.3014350128216,43.131405096482894],[-79.30116111236558,43.12706069572064],[-79.30074131166508,43.120382094548546],[-79.30072671162853,43.12000609448216],[-79.30063951141017,43.117760194085484],[-79.30045471135267,43.117774294096414],[-79.30044161134862,43.11777529409717],[-79.30035151132051,43.11778149410235],[-79.30017451126533,43.11779379411266],[-79.30013781125388,43.11779619411473],[-79.30011911124805,43.11779749411583],[-79.29981391115193,43.117806594131345],[-79.29965991110396,43.117817694140335],[-79.2994656110427,43.117823394150236],[-79.29925401097603,43.11782959416095],[-79.29917161095007,43.11783199416517],[-79.29883881084523,43.117841594182046],[-79.29880811083542,43.11784099418329],[-79.29879881083247,43.11784089418369],[-79.2985484107534,43.117846594196145],[-79.29832301068227,43.117851794207304],[-79.29825571066094,43.11785239421051],[-79.2981363106231,43.11785349421614],[-79.29803161059004,43.11785519422123],[-79.29801251058397,43.11785559422214],[-79.2979933105779,43.11785589422309],[-79.29735671037722,43.11787339425521],[-79.29711531030101,43.1178787942672],[-79.29702311027182,43.117879694271515],[-79.29692711024143,43.11788049427605],[-79.29650651010881,43.1178922942973],[-79.29569140985004,43.11789359433467],[-79.29568060984663,43.11789349433513],[-79.29533900973732,43.117883894348964],[-79.29464600951754,43.117886994381095],[-79.29459680950181,43.117886294383226],[-79.29448620946658,43.11788469438797],[-79.29369340921492,43.11788629442437],[-79.29300950899798,43.11788959445613],[-79.29276390891928,43.11788149446585],[-79.29238530879859,43.117875794482046],[-79.29231400877586,43.117874794485104],[-79.29186460863257,43.11786799450437],[-79.29169650857898,43.11786549451159],[-79.2914202084905,43.117856994522676],[-79.29133490846328,43.11785569452631],[-79.2911161083935,43.11785249453574],[-79.29094730833928,43.11784529454211],[-79.29067700825271,43.117836794552936],[-79.29054180821,43.11783929455953],[-79.29038510816042,43.11784149456705],[-79.29012350807892,43.117859994582275],[-79.28989180800617,43.1178700945946],[-79.28979930797723,43.11787519459975],[-79.28970090794641,43.1178806946052],[-79.28943260786205,43.117890194619086],[-79.28927810781413,43.11790349462851],[-79.28911980776499,43.117917094638145],[-79.28894230770935,43.11792579464782],[-79.28884140767772,43.11793089465327],[-79.28846180755977,43.117961194675985],[-79.28808770744315,43.11798709469763],[-79.28775600733968,43.11800919471669],[-79.28737810722181,43.11803499473852],[-79.28709020713191,43.11805319475487],[-79.2869525070888,43.11806019476238],[-79.28667790700274,43.118073994777305],[-79.28650130694729,43.11808109478664],[-79.28634940689956,43.11808719479464],[-79.28606110680875,43.11809629480939],[-79.28571860669953,43.11809119482407],[-79.28545280661515,43.11809169483627],[-79.28542430660609,43.11809129483752],[-79.28445470629877,43.11809919488308],[-79.28338080595672,43.11808759492991],[-79.28234020562554,43.118079994975936],[-79.28221340558524,43.11807909498152],[-79.28188230548004,43.11807859499651],[-79.28163600540155,43.11807549500717],[-79.28014980492794,43.118056995071555],[-79.28013510492326,43.11805679507215],[-79.27892490453732,43.118038595124],[-79.27672370383651,43.11801889522069],[-79.2766039037983,43.11801709522581],[-79.27597190359715,43.11801209525369],[-79.27585420355958,43.118010295258706],[-79.27519500334965,43.11800349528753],[-79.27507370331104,43.11800229529285],[-79.2750599033066,43.118002095293456],[-79.27491270325969,43.118000395299866],[-79.27488690320642,43.11746909520621],[-79.2747617031734,43.117548195226014],[-79.27463720313902,43.117609195242586],[-79.27453990311143,43.117648295253964],[-79.2744833030953,43.11766989526043],[-79.27442600307896,43.1176915952669],[-79.27436380306102,43.117713195273595],[-79.27431340304608,43.11772589527812],[-79.27427630303502,43.11773429528132],[-79.27422150301827,43.117742495285306],[-79.27418690300762,43.11774649528759],[-79.27413130299065,43.11775469529154],[-79.27409130297828,43.11775859529408],[-79.27406270296959,43.11776269529613],[-79.27402200295698,43.11776649529867],[-79.27397120294117,43.11777029530166],[-79.27395400293578,43.11777119530257],[-79.2739188029248,43.117773595304634],[-79.27293870276539,43.11956439566874],[-79.27160920254916,43.121993796162684],[-79.27164690256728,43.12206639617391],[-79.27170370259455,43.12217529619076],[-79.27196350283835,43.12407659651816],[-79.27210510297121,43.12511239669646],[-79.27215420305197,43.12588019683121],[-79.27217940309609,43.12630609690605],[-79.27221670316155,43.126937497016975],[-79.27224070321924,43.127527397121135],[-79.27233140343652,43.12974869751319],[-79.27254660397983,43.13534379850131],[-79.27263770418585,43.13742979886917],[-79.2727117042445,43.137842998939476],[-79.27276580428735,43.13814529899096],[-79.27278570430305,43.1382559990098],[-79.27296420440318,43.138767499092886],[-79.27296570440403,43.138771899093555],[-79.27286140444683,43.13966639925785],[-79.27279710448792,43.14039029938982],[-79.27277880454668,43.141150899526316],[-79.27276400460218,43.14185949965333],[-79.27275680462895,43.142201899714685],[-79.27274840466048,43.14260469978691],[-79.27274470467422,43.14278009981833],[-79.27376940498807,43.14264209974706],[-79.27468780526915,43.14251639968282],[-79.27554080553014,43.142398599622965],[-79.27567050556961,43.1423779996134],[-79.27566960557208,43.14241079961928],[-79.27589030563823,43.1423641996009],[-79.2759511058151,43.1442184999288],[-79.27597810589369,43.14504270007448],[-79.27600570597387,43.14588330022308],[-79.27601000598656,43.14601650024661],[-79.27601150599111,43.146064400255135],[-79.27617180642974,43.150627001061196],[-79.28693060999477,43.15235420087881],[-79.28703031023504,43.15480780131158],[-79.28703681025249,43.15498890134353],[-79.28283000892758,43.155125301559615],[-79.28157160853122,43.15516600162422],[-79.2763391068861,43.15537070189914],[-79.27637270696856,43.15621520204814],[-79.27640330704322,43.156979002182844],[-79.2769296072201,43.15709270217918],[-79.27734460736171,43.157207002180634],[-79.27775960750327,43.15732130218205],[-79.27784800753446,43.157357402184495],[-79.27816090764469,43.157484902192934],[-79.27856220778608,43.157648502203806],[-79.27891930791687,43.1578519022238],[-79.27907230797292,43.15793920223237],[-79.27927640804761,43.15805550224379],[-79.27957850816007,43.158249102264506],[-79.27988080827264,43.15844280228526],[-79.28009050835557,43.15863490230994],[-79.28030030843858,43.15882730233467],[-79.28050330852172,43.159046402364496],[-79.28070620860487,43.15926560239431],[-79.28092600870141,43.15958010244035],[-79.28104320875296,43.1597479024649],[-79.28111530878459,43.159851102480005],[-79.28138030890106,43.16023020253547],[-79.28160110901057,43.16069270260785],[-79.28163680903107,43.16080030262537],[-79.28167470905284,43.16091450264398],[-79.28172520908176,43.16106610266874],[-79.28174850909512,43.161136202680126],[-79.28177340911411,43.16126650270223],[-79.28180210913595,43.161416102727564],[-79.2818043091403,43.16145900273511],[-79.28181020915157,43.1615693027545],[-79.28181640916374,43.16168940277562],[-79.28181810916708,43.161722502781444],[-79.28176310928092,43.16326590305898],[-79.28172920935101,43.164216603229896],[-79.28173040936566,43.164384503259775],[-79.28169190940633,43.16500580337227],[-79.28167560942344,43.16526820341974],[-79.28161940948287,43.16617680358422],[-79.28164530950572,43.16634830361357],[-79.28167140952861,43.16651970364291],[-79.28177150959273,43.166899403706],[-79.28187910964708,43.16713660374337],[-79.28192780967171,43.16724400376027],[-79.2820842097507,43.16758850381457],[-79.28296341013242,43.16879150398878],[-79.28324531025484,43.16917710404465],[-79.28382151050505,43.16996570415883],[-79.284406410759,43.170765904274745],[-79.28460361085793,43.17119210434168],[-79.2846543108834,43.17130150435889],[-79.28480111095698,43.171618304408604],[-79.28488271103718,43.172256104518524],[-79.28491191106593,43.172484404557814],[-79.28498651118807,43.17364060476041],[-79.28504881133522,43.175137005024126],[-79.28509181143683,43.176169905206145],[-79.28512281148255,43.17659140527982],[-79.28518981158155,43.17750410543934],[-79.28302931087941,43.1773211055053],[-79.28259961073978,43.17728470551834],[-79.28055001007364,43.17711040558079],[-79.28000970989903,43.17707630559936],[-79.27995310989337,43.177221105627716],[-79.27987870988595,43.17741160566508],[-79.27982430987461,43.17748190568003],[-79.27978920986733,43.17752730568976],[-79.279784909879,43.17768030571722],[-79.2797217098642,43.17774240573112],[-79.279667109856,43.177850005752745],[-79.27968300987057,43.17796160577194],[-79.2795503098394,43.17809070580096],[-79.27953690983756,43.17811930580668],[-79.27954050984735,43.178220605824535],[-79.27950500985018,43.17838660585576],[-79.27962280990356,43.17857390588376],[-79.27961780991723,43.17875300591591],[-79.27972130997213,43.17901120595713],[-79.27975741000465,43.179258505999535],[-79.27982911005218,43.17954950604811],[-79.27962250999767,43.17968050608088],[-79.27958631000266,43.17987360611691],[-79.2796174100302,43.18008120615247],[-79.27945360998977,43.18021830618434],[-79.2793587099676,43.18031150620529],[-79.27933170998504,43.18061710626094],[-79.27912000994385,43.1809237063252],[-79.27920240998134,43.18105640634506],[-79.27960701012196,43.1811976063518],[-79.27971101017197,43.18139720638258],[-79.27968441016552,43.181420206387884],[-79.27974061021824,43.181829906458326],[-79.27966761021098,43.182017006494924],[-79.27970901022915,43.18207610650362],[-79.2798904103002,43.182232906523225],[-79.28025511043734,43.18248270655108],[-79.28029161045053,43.182501206552715],[-79.28031671045954,43.18251360655379],[-79.28051391052556,43.18255290655181],[-79.28090271067344,43.18283880658498],[-79.28103261072177,43.18292080659364],[-79.28131361082086,43.18303600660138],[-79.2815666109197,43.1832526066284],[-79.28163101094462,43.18330450663473],[-79.28163191094521,43.18330840663536],[-79.28163371094593,43.18331000663556],[-79.2817177110016,43.18365010669231],[-79.28176481102827,43.183787906714706],[-79.28181881105439,43.18389280673094],[-79.28193011109757,43.18398470674219],[-79.28208871115646,43.184084206752715],[-79.28234451124709,43.184193906760584],[-79.28264551135086,43.18428880676371],[-79.28293751145054,43.18436950676477],[-79.2832761115674,43.18447860676875],[-79.28339251160935,43.184536406773766],[-79.28380971175956,43.18474330679155],[-79.2842315119095,43.18493010680556],[-79.28426261192192,43.18495980680945],[-79.28434241195373,43.18503580681932],[-79.28435331196744,43.18515580684024],[-79.28435701197203,43.18519570684717],[-79.284332411974,43.185310706868755],[-79.28431331197555,43.18540000688556],[-79.28406381195968,43.18614500702959],[-79.28422711202292,43.186278007045836],[-79.28502061232214,43.18683000710791],[-79.28505851233194,43.186803607101496],[-79.28521371239528,43.18696800712367],[-79.28549011250382,43.18721090715435],[-79.28566581258636,43.18752420720209],[-79.28572971262246,43.187709707232244],[-79.28587461268788,43.18793700726605],[-79.28588721269458,43.18796870727115],[-79.2866627131465,43.19038010766516],[-79.28675941320117,43.19066060771067],[-79.28773661349076,43.19041500762233],[-79.28845831370296,43.190213207553505],[-79.28848541375513,43.19072480764334],[-79.2885351138509,43.19166250780805],[-79.28853761385565,43.19170920781622],[-79.28854491386942,43.191843607839864],[-79.28865671408465,43.193951608210014],[-79.28879031434167,43.19646870865206],[-79.28880641434559,43.19645420864871],[-79.28882381435034,43.19644510864629],[-79.28882431435046,43.19644470864625],[-79.28882591435092,43.19644400864599],[-79.28885651435928,43.19642790864175],[-79.28893131438045,43.19639750863291],[-79.28904231441474,43.19638570862577],[-79.28917911445373,43.19633370861028],[-79.2893034144896,43.19629050859687],[-79.28939081451362,43.196246808585116],[-79.28945411453216,43.19622800857891],[-79.28952861455376,43.1962039085712],[-79.28961401457946,43.19618710856429],[-79.28973781461666,43.196162008554204],[-79.28986331465288,43.196118808540795],[-79.2899616146808,43.19607990852939],[-79.2900485147058,43.19604950852],[-79.29010011471921,43.196014208511315],[-79.29023371475958,43.195989308500835],[-79.29047041482966,43.19592880847923],[-79.29076791491774,43.1958532084522],[-79.29091681496142,43.19581040843781],[-79.29097641497897,43.1957943084322],[-79.29098111498034,43.19579290843176],[-79.29109201501282,43.195760108420814],[-79.29114891502974,43.19574640841582],[-79.29122941505362,43.195726908408666],[-79.29130121507484,43.19570800840204],[-79.29148721512964,43.19565680838441],[-79.29169811519151,43.19559700836415],[-79.29189591525157,43.19556390834925],[-79.2920567153005,43.19553840833732],[-79.29221711535021,43.19552370832743],[-79.29229121537301,43.19551480832246],[-79.29236501539654,43.195515908319244],[-79.29242621541694,43.195526808318405],[-79.2924277154175,43.19552790831855],[-79.29246261543085,43.19555440832167],[-79.29246381543136,43.19555540832179],[-79.29248741544191,43.19559180832719],[-79.29249871544859,43.19562790833309],[-79.2925030154514,43.195645008335966],[-79.29251351545767,43.19567880834148],[-79.29251521545841,43.19568150834188],[-79.29258111548175,43.19570920834383],[-79.29261851549198,43.19568990833867],[-79.29265621550182,43.19566530833256],[-79.2926941155109,43.19562980832453],[-79.29271971551596,43.19559420831704],[-79.29274441551995,43.19554860830777],[-79.29278361552872,43.19550510829824],[-79.29281121553444,43.19547000829073],[-79.29282361553692,43.195452708287064],[-79.29285251554404,43.19542840828148],[-79.29288521555192,43.19539860827462],[-79.29294871556598,43.19532750825912],[-79.29306221559379,43.19523010823657],[-79.29318601562714,43.195159808218406],[-79.29329981565733,43.19508970820071],[-79.2933876156807,43.19503690818732],[-79.29351181571651,43.19499370817397],[-79.29368581576668,43.19493340815532],[-79.29385951581756,43.194882708138344],[-79.2940334158676,43.194821508119496],[-79.29412121589102,43.194768708106096],[-79.29420831591572,43.194733908095955],[-79.29428341593584,43.194690008084656],[-79.2943971159629,43.194583708060584],[-79.2945354159979,43.19447860803558],[-79.29461701601885,43.19442040802149],[-79.29472351604701,43.194353608004704],[-79.29480981607004,43.194301807991565],[-79.29489951609558,43.19426700798128],[-79.29498531611992,43.194232307971184],[-79.29508501614785,43.19418880795887],[-79.29528471620311,43.19409270793264],[-79.29559591629089,43.19396230789525],[-79.29588261637087,43.1938316078589],[-79.2961316164411,43.1937271078289],[-79.29645551653216,43.193587807789314],[-79.29659351657159,43.19353590777382],[-79.29666741659135,43.19349200776259],[-79.29675491661543,43.19344830775084],[-79.29684211663941,43.19340450773905],[-79.2969292166641,43.19336980772893],[-79.29705401669858,43.19330860771234],[-79.29715371672651,43.193265107700014],[-79.29722871674664,43.19322120768876],[-79.29735251677991,43.19315010767049],[-79.29760231685202,43.193064707643835],[-79.29780141690861,43.19298660762084],[-79.29797551695806,43.19291710760054],[-79.2981632170087,43.192811907573216],[-79.29833761705734,43.19273250755115],[-79.29852341710905,43.19264630752731],[-79.29873631716929,43.192559207502114],[-79.29897271723627,43.19246370747433],[-79.29917231729148,43.19236770744809],[-79.29933301733665,43.19229800742836],[-79.29946571737209,43.192219007408276],[-79.29957431740213,43.192166907394046],[-79.29959041740632,43.19215560739124],[-79.29959671740794,43.19215110739018],[-79.2997103174355,43.19205150736726],[-79.29979901745618,43.19196280734742],[-79.29986191747163,43.19190970733509],[-79.29997561750243,43.19184740731884],[-79.29999981750929,43.19183770731598],[-79.30000331751023,43.19183600731555],[-79.3000259175165,43.191824907312544],[-79.30009911753652,43.19178710730245],[-79.30019881756452,43.19174360729014],[-79.30028651758712,43.19168190727516],[-79.30036241760527,43.191611807259186],[-79.30045081762648,43.19153120724082],[-79.30058991766319,43.19144330721885],[-79.30071411769516,43.19135510719748],[-79.30085251773006,43.191249007172274],[-79.30090391774341,43.19121380716365],[-79.30095291775598,43.19117860715514],[-79.30106561778578,43.19110820713744],[-79.30119721782012,43.191020207115805],[-79.3013419178601,43.1909502070967],[-79.30142831788311,43.19089740708336],[-79.30150131790133,43.19083920706971],[-79.30159201792378,43.19076480705231],[-79.30170531795149,43.190667407029785],[-79.30173371795905,43.19064980702537],[-79.30180741797803,43.19059800701279],[-79.30192061800645,43.19050960699185],[-79.30207051804736,43.19043080697099],[-79.30215791807144,43.19038710695922],[-79.30232001811626,43.190308506937846],[-79.30238491813415,43.19027670692923],[-79.30244481815069,43.19024730692125],[-79.30259431819297,43.19018650690357],[-79.3027693182396,43.190081006876845],[-79.3029069182766,43.19000200685646],[-79.30299451829993,43.18994930684312],[-79.3030505183144,43.18990990683349],[-79.30310591832851,43.18986890682369],[-79.30316471834382,43.18982970681404],[-79.30320791835496,43.18979930680665],[-79.30328451837536,43.18975320679491],[-79.30329551837833,43.189746606793236],[-79.30333071838766,43.189724606787706],[-79.3033800184007,43.18969390678003],[-79.30340821840812,43.18967630677557],[-79.30348331842826,43.18963240676435],[-79.30352571844003,43.189612606758864],[-79.30355021844672,43.18959980675549],[-79.30362051846465,43.18954810674312],[-79.30365871847422,43.18951790673595],[-79.30368691847988,43.189478706727684],[-79.30370701848379,43.189450006721685],[-79.3037081184841,43.189449206721484],[-79.30370991848444,43.18944660672094],[-79.30377501850079,43.18939590670896],[-79.30382321851287,43.189358306700015],[-79.30392311854013,43.18930560668611],[-79.30398031855529,43.18927000667716],[-79.30402791856777,43.18923860666938],[-79.304059918576,43.189216306663944],[-79.30410241858664,43.189182706656034],[-79.30413641859519,43.18915580664967],[-79.30417111860409,43.189131406643774],[-79.30424941862431,43.18907640663038],[-79.30434981865017,43.189005906613254],[-79.30446251868001,43.188935506595605],[-79.30447951868464,43.188927006593275],[-79.30451741869513,43.18890790658818],[-79.304549818704,43.18889170658379],[-79.30464921873265,43.188857306573134],[-79.30472441875283,43.188813306561855],[-79.30477061876392,43.18877150655231],[-79.30481101877335,43.18873160654335],[-79.30488441879135,43.18866890652883],[-79.30490101879533,43.188653906525474],[-79.30495121880787,43.188613606515965],[-79.30498901881728,43.188583206508824],[-79.30500501882142,43.18857200650613],[-79.30502391882628,43.18855870650286],[-79.30506281883609,43.188529106495814],[-79.30511981885101,43.188491306486505],[-79.30514831885834,43.18847130648164],[-79.30517741886587,43.18845090647668],[-79.30525241888593,43.188407006465425],[-79.30531471890353,43.18838090645797],[-79.30535181891457,43.18837240645472],[-79.30541311893488,43.1883823064537],[-79.30544971894737,43.18839190645374],[-79.30551061896833,43.1884108064543],[-79.30557261898659,43.18839370644845],[-79.30557741898677,43.18837800644543],[-79.30558451898679,43.18835230644056],[-79.30559661898755,43.188315506433426],[-79.3055973189855,43.18828930642873],[-79.30560861898782,43.18827440642557],[-79.30562581899123,43.18825040642053],[-79.30565981900045,43.18823130641553],[-79.30568691900756,43.188214206411274],[-79.30574931902443,43.18817910640219],[-79.30578941903582,43.188163406397564],[-79.30585061905299,43.188136706389976],[-79.30597541908742,43.18807550637343],[-79.30606471911211,43.18803220636163],[-79.30613601913159,43.18799490635169],[-79.3062187191547,43.18795750634126],[-79.30629971917703,43.18791820633061],[-79.30644931921867,43.187848406311346],[-79.30661221926138,43.18774280628511],[-79.30664411927052,43.187730706281464],[-79.3067488193004,43.18769080626959],[-79.30691091934595,43.18762110624978],[-79.30706001938891,43.18756930623377],[-79.30720961943048,43.18749940621448],[-79.30737171947528,43.1874207061931],[-79.30752161951618,43.18734190617219],[-79.30766181955475,43.18727110615318],[-79.30774631957789,43.18722830614174],[-79.30787991961452,43.187159606123366],[-79.30793351962922,43.18713200611605],[-79.30798691964415,43.187108006109334],[-79.30810801967796,43.18705350609408],[-79.30821981971053,43.18701920608289],[-79.30829401973268,43.1870023060765],[-79.30832861974318,43.186996506073875],[-79.30834291974739,43.186992906072575],[-79.30835641975162,43.18699180607174],[-79.30837141975618,43.186989306070636],[-79.30839291976271,43.186985706068974],[-79.30845411978301,43.18699560606796],[-79.308466019787,43.18699870606799],[-79.3084909197955,43.187005206067994],[-79.30855191981651,43.18702410606856],[-79.30856021981899,43.18702220606787],[-79.3085889198275,43.18701550606533],[-79.30868811985688,43.18699010605633],[-79.30877541988092,43.186946406044555],[-79.30887511990883,43.18690280603221],[-79.30895311993132,43.18687560602384],[-79.30899761994402,43.18685860601877],[-79.30902361995163,43.18685110601626],[-79.30907391996614,43.18683370601087],[-79.30914921998554,43.186780805998],[-79.30919151999605,43.18674610598989],[-79.30921562000198,43.186726305985246],[-79.30922472000424,43.18671890598353],[-79.30923292000662,43.18671600598264],[-79.30924632001049,43.18671140598119],[-79.30931062002719,43.18666740597041],[-79.30937512004377,43.186622105959444],[-79.30945512006517,43.1865745059473],[-79.30947082006935,43.18656520594496],[-79.30953752008715,43.186525305934815],[-79.3097619201495,43.18642070590589],[-79.30992492019597,43.18635760588725],[-79.30998602021334,43.186333905880254],[-79.31027242029396,43.18621210584545],[-79.31058372038176,43.18608160580804],[-79.31078222043972,43.18602150578823],[-79.31084262045695,43.18599880578145],[-79.31094382048583,43.185960805770044],[-79.3111931205554,43.18584750573853],[-79.31120222055799,43.185843905737464],[-79.31145432062952,43.18574330570806],[-79.31160402067115,43.185673505688776],[-79.31177822072058,43.18560400566846],[-79.3119152207589,43.18554300565134],[-79.31193152076355,43.185537005649536],[-79.31210172081224,43.1854736056305],[-79.31230032087026,43.18541360561072],[-79.31231962087585,43.18540790560879],[-79.31247402092107,43.18536220559361],[-79.3125485209425,43.185336205585585],[-79.31263582096648,43.18529250557384],[-79.31266332097363,43.18527320556911],[-79.31269682098203,43.185247405563004],[-79.31270072098326,43.18524690556273],[-79.31271112098594,43.18523960556096],[-79.31276072100094,43.18523130555722],[-79.31276772100334,43.18523270555719],[-79.31280952101729,43.18524100555674],[-79.31285872103301,43.18524180555465],[-79.31289272104341,43.18523730555226],[-79.31292052105194,43.18523370555039],[-79.31296022106267,43.18521140554458],[-79.31298302106883,43.18519860554123],[-79.31300192107311,43.18517870553684],[-79.3130337210804,43.185145205529466],[-79.3131085211012,43.185110405519815],[-79.31316582111845,43.185099405515274],[-79.3131932211266,43.1850926055128],[-79.31322122113512,43.18508860551083],[-79.31328172115339,43.185076905505966],[-79.31335622117481,43.18505100549792],[-79.31341252119029,43.18502280549037],[-79.31344172119825,43.185007005486185],[-79.31353032122257,43.184962305474194],[-79.31359822124202,43.184937105466624],[-79.31372992127946,43.18488540545138],[-79.31377552129236,43.18486710544607],[-79.31403332136544,43.18476310541577],[-79.31404552136885,43.18475830541436],[-79.31405352137116,43.18475510541345],[-79.3143645214596,43.18463370537761],[-79.31462522153507,43.184547405350315],[-79.31492322162168,43.18445280531985],[-79.31509682167248,43.18440130530278],[-79.31528312172654,43.18434100528356],[-79.3152933217295,43.18433740528244],[-79.31550502178993,43.184257705258574],[-79.31564362183092,43.184221905245884],[-79.31570532184894,43.184203205239754],[-79.31589182190227,43.184133905218886],[-79.3160286219413,43.18408190520338],[-79.31607332195397,43.18406400519812],[-79.31611572196599,43.184047105193194],[-79.31622712199926,43.18402180518359],[-79.31631342202598,43.18401400517826],[-79.31632242202876,43.18401280517766],[-79.31635452203861,43.18400860517545],[-79.31637332204423,43.184004805173934],[-79.31639082204971,43.184003805172956],[-79.3164368220638,43.18399780516974],[-79.31648882208044,43.18399860516752],[-79.31653532209528,43.1839993051655],[-79.31655052210048,43.18400370516563],[-79.3166330221287,43.18402770516613],[-79.31670662215296,43.18403780516455],[-79.31681752218756,43.18403050515819],[-79.31701562224694,43.183988305141646],[-79.31708492226741,43.1839700051352],[-79.31717662229444,43.18394570512667],[-79.31723872231271,43.18392860512082],[-79.31728812232328,43.18386810510777],[-79.31731452232488,43.18378910509253],[-79.31735332233114,43.18371760507805],[-79.3173537223312,43.18371710507792],[-79.31735532233148,43.183714205077315],[-79.31739352233983,43.18366970506764],[-79.31748022236518,43.18364390505909],[-79.31767842242458,43.18360190504254],[-79.3177349224412,43.18358630503722],[-79.31776942245119,43.18357510503364],[-79.31780162246083,43.183567905030905],[-79.31781622246513,43.18356390502954],[-79.31792002249585,43.18353790502013],[-79.31793112249916,43.18353540501917],[-79.31797582251254,43.183525105015306],[-79.31813692256006,43.18348260500039],[-79.31831062261085,43.1834311049833],[-79.31846012265243,43.18336130496402],[-79.31867102271433,43.1833013049437],[-79.31870372272397,43.18329290494077],[-79.31872412273005,43.1832876049389],[-79.3188555227689,43.18325380492684],[-79.31897192280334,43.18322380491619],[-79.31906762283161,43.18319910490744],[-79.31950132295994,43.18308840486789],[-79.31992252308508,43.18298660483053],[-79.3201951231659,43.18291850480599],[-79.32019642316632,43.18291830480585],[-79.32036802321876,43.182894104793725],[-79.32063962330234,43.18286200477561],[-79.32083792336094,43.182810904757446],[-79.32104862342358,43.18276000473874],[-79.3212586234867,43.182718004721714],[-79.3213779235224,43.182692404711695],[-79.3214940235572,43.18266750470195],[-79.3216799236119,43.18261620468433],[-79.32175182363368,43.18260410467889],[-79.32177882364192,43.18259960467686],[-79.32181692365405,43.18260010467522],[-79.32187722367325,43.18260100467259],[-79.32196312370147,43.18261130467055],[-79.32202482372038,43.182603204666286],[-79.32202622372074,43.182602604666094],[-79.32209962374117,43.182568304656655],[-79.32211602374609,43.18256510465529],[-79.32218622376723,43.18255160464972],[-79.32226972379324,43.18254520464475],[-79.32228502379797,43.18254400464385],[-79.32240742383856,43.1825638046418],[-79.32244382385045,43.18256770464081],[-79.3225055238706,43.18257420463913],[-79.32264072391372,43.18257620463336],[-79.32264432391484,43.18257590463313],[-79.32280122396338,43.18256060462321],[-79.32296212401164,43.1825269046099],[-79.32307362404492,43.18250150460025],[-79.32318472407879,43.18248520459226],[-79.3233024241119,43.18243450457788],[-79.32334662412431,43.182415504572454],[-79.32347212416003,43.182366804558086],[-79.32357052418801,43.182328704546826],[-79.32380642425635,43.18225110452219],[-79.32398012430717,43.18219970450514],[-79.32403302432297,43.18218760450058],[-79.32409152434043,43.182174304495476],[-79.32419112436834,43.18213070448322],[-79.32423672438131,43.182113004477976],[-79.32429992439901,43.182085304470135],[-79.32438172442343,43.18206650446307],[-79.32440692443086,43.182059904460765],[-79.32442882443729,43.18205410445872],[-79.32446422444774,43.18204470445543],[-79.32457992448111,43.182004404442935],[-79.3246610245043,43.181974404433916],[-79.32471162451904,43.181958604428765],[-79.32478722454083,43.18193230442068],[-79.32489912457264,43.181888904407806],[-79.3250083246039,43.18184840439558],[-79.32508562462598,43.18181970438698],[-79.32513092463915,43.18180540438234],[-79.32522212466566,43.18177650437307],[-79.32534762470333,43.18175040436266],[-79.32538302471396,43.18174300435971],[-79.32554372476288,43.181718304348],[-79.32562482478801,43.181711004343],[-79.32571632481637,43.181702704337354],[-79.32590082487528,43.181705404329385],[-79.32601502491113,43.18170080432335],[-79.32606102492558,43.18169890432094],[-79.32611632494283,43.181695204317705],[-79.32617182496017,43.18169150431454],[-79.32638202502412,43.18165850429908],[-79.32662922509911,43.18161710428038],[-79.32693122519022,43.181559904256446],[-79.3269385251924,43.18155850425582],[-79.32712372524877,43.18152980424228],[-79.32730922530529,43.1815010042287],[-79.32759372539202,43.18145840420808],[-79.32769222542208,43.18144360420098],[-79.32798812551411,43.18142090418337],[-79.32804962553335,43.18141710417988],[-79.32818902557692,43.181408404172004],[-79.32827892560508,43.181403904167105],[-79.3283682256326,43.18139380416123],[-79.32845322565967,43.18139510415753],[-79.32845602566054,43.18139490415737],[-79.32845862566138,43.18139480415727],[-79.32850572567615,43.18139240415466],[-79.3287778257583,43.18134240413335],[-79.32885352578121,43.18132880412748],[-79.32900032582558,43.1813025041161],[-79.32914872587045,43.18127580410453],[-79.32917122587763,43.18127610410356],[-79.32921592589115,43.181267504099985],[-79.3293056259181,43.181249504092676],[-79.32950732597871,43.181209004076294],[-79.32960282600784,43.181194904069386],[-79.32965232602294,43.18118760406582],[-79.32966852602787,43.1811852040647],[-79.32972962604656,43.18117610406028],[-79.32989832609883,43.18116110404988],[-79.3299888261269,43.1811530040443],[-79.3302107261961,43.18113820403156],[-79.33030702622688,43.18113960402737],[-79.33043212626677,43.181141404022],[-79.33062962632745,43.181117304008666],[-79.33082742638746,43.18108420399374],[-79.33087712640275,43.18107890399052],[-79.33089942640956,43.181075203988875],[-79.33097732643371,43.18106820398408],[-79.33112362647883,43.181052503974605],[-79.33123072651254,43.181048503968945],[-79.33129602653308,43.18104600396551],[-79.33145592658407,43.18104830395862],[-79.33155232661333,43.18103220395138],[-79.3316022266283,43.18102230394734],[-79.33175052667333,43.180997403936146],[-79.3317784266819,43.18099430393433],[-79.33185142670409,43.180982003928804],[-79.33187702671262,43.18098720392854],[-79.33190042672048,43.180991803928286],[-79.33193712673295,43.18100130392829],[-79.33196422674183,43.181005003927744],[-79.33201062675715,43.181011403926725],[-79.33204792676749,43.18099390392188],[-79.33206552677103,43.18096950391677],[-79.33207362677264,43.180958303914394],[-79.33211122678232,43.18093180390795],[-79.33218562680452,43.180914903901574],[-79.33220822681191,43.180917603901],[-79.33227142683262,43.18092520389948],[-79.33239662687258,43.18092700389407],[-79.33241912687974,43.180927303893114],[-79.3324964269048,43.180933203890646],[-79.33256632692748,43.18093850388839],[-79.33265252695496,43.18093970388465],[-79.33272622697844,43.180940803881455],[-79.33284952701703,43.18093360387456],[-79.33296022705234,43.18093520386981],[-79.33304052707857,43.18094370386763],[-79.3330583270844,43.18094560386713],[-79.33316882712035,43.180956203864014],[-79.33322522713836,43.180957003861536],[-79.33331642716749,43.18095840385765],[-79.33347702721636,43.18093370384592],[-79.33369942728424,43.180900903829894],[-79.33393362735738,43.18088640381664],[-79.33421702744623,43.18087250380123],[-79.33448932753119,43.18085430378555],[-79.33454982755009,43.18085030378202],[-79.33484552764284,43.18083660376611],[-79.33507932771661,43.18083090375439],[-79.33519862775398,43.180824803747846],[-79.33521502775919,43.18082400374695],[-79.3352224277614,43.180822803746416],[-79.33526442777415,43.18081570374322],[-79.33528832778092,43.18080570374037],[-79.33532652779166,43.180789503735745],[-79.33542632781965,43.180746003723414],[-79.33553772785285,43.18072060371384],[-79.33567332789535,43.180713503706386],[-79.33576382792478,43.18072160370369],[-79.33579602793522,43.18072440370266],[-79.33590312796885,43.180719403696884],[-79.33594382798161,43.18071750369474],[-79.33598112799325,43.18071520369262],[-79.33617802805475,43.18070290368144],[-79.3363877281211,43.18069960367127],[-79.33647332814816,43.180698203667085],[-79.3369411282966,43.180695903645294],[-79.3374328284542,43.18071220362576],[-79.33772802854831,43.18071640361298],[-79.33797392862677,43.18072000360242],[-79.33822012870529,43.180723603591815],[-79.33839222876017,43.18072610358438],[-79.33850292879546,43.180727703579564],[-79.3385318288049,43.180730503578765],[-79.33861342883148,43.18073830357641],[-79.33868722885501,43.18073940357325],[-79.33870752886058,43.18072890357048],[-79.33872242886454,43.18071990356816],[-79.33872962886667,43.18071840356757],[-79.3387551288741,43.18071050356499],[-79.33877412887963,43.1807046035631],[-79.33882342889535,43.180705303560956],[-79.33889722891887,43.1807064035578],[-79.33897102894242,43.18070750355459],[-79.33900792895419,43.180708003553],[-79.33904612896637,43.180708503551344],[-79.33905492896913,43.180707703550844],[-79.3390588289704,43.180708303550745],[-79.339094328981,43.18070030354771],[-79.3391050289831,43.180685303544536],[-79.33911982898607,43.18066460354017],[-79.33911482898348,43.180652803538315],[-79.33910832898006,43.18063740353589],[-79.33908442897017,43.18061010353211],[-79.339072028965,43.18059580353011],[-79.3390605289602,43.1805827035283],[-79.33905512895744,43.18056990352631],[-79.33904902895426,43.18055550352402],[-79.33902542894364,43.180519303518636],[-79.33901382893764,43.18049200351432],[-79.33900242893094,43.18045580350837],[-79.33899092892499,43.180428603504076],[-79.3389916289229,43.18040170349923],[-79.3389685289109,43.180347303490585],[-79.3389569289049,43.18032010348631],[-79.3389453288989,43.18029290348196],[-79.3389377288952,43.18027790347966],[-79.33892202888762,43.180247503474945],[-79.33904522892615,43.18024030346803],[-79.33905682893214,43.18026750347238],[-79.33906812893882,43.18030360347827],[-79.33908392894648,43.180334303483036],[-79.33909152895015,43.180349103485305],[-79.33910312895614,43.18037620348961],[-79.33910242895797,43.18040000349389],[-79.33910232895819,43.18040320349442],[-79.3391139289642,43.18043040349873],[-79.33911782896654,43.18044300350084],[-79.33912522897084,43.18046650350466],[-79.33912942897277,43.18047310350566],[-79.33913702897618,43.18048480350737],[-79.33916142898767,43.18052890351413],[-79.33917222899278,43.18054820351703],[-79.3391955290048,43.18060270352571],[-79.33919482900647,43.18062470352964],[-79.33919442900756,43.18063870353212],[-79.33919812900946,43.18064750353358],[-79.3392059290135,43.18066580353644],[-79.33921892901935,43.18068580353941],[-79.33922962902412,43.18070220354184],[-79.33925372903336,43.18072060354405],[-79.33926472903742,43.180726903544674],[-79.33930212905112,43.18074830354676],[-79.33935092906823,43.180767003547864],[-79.33939962908528,43.18078580354899],[-79.33946082910556,43.18079560354795],[-79.33949772911734,43.180796203546315],[-79.33955012913353,43.180790603542974],[-79.33957172914016,43.180788303541576],[-79.33960872915198,43.180788803539954],[-79.33967042917088,43.18078070353571],[-79.33970762918199,43.18077220353245],[-79.3397478291943,43.180766903529666],[-79.33976712920007,43.18076300352813],[-79.33978712920631,43.180761803527005],[-79.33983102921981,43.18075600352392],[-79.33990482924334,43.18075710352076],[-79.33991762924714,43.18075420351969],[-79.33994202925444,43.18074860351758],[-79.34000372927329,43.18074040351327],[-79.34005342928764,43.180723203507924],[-79.34010252930408,43.18073290350745],[-79.34011482930798,43.1807331035069],[-79.34013222931353,43.18073340350617],[-79.3401393293158,43.18073350350583],[-79.34016972932504,43.180728403503586],[-79.34018642932999,43.18072410350205],[-79.34020302933513,43.180722803501055],[-79.34023822934581,43.18071690349838],[-79.34026242935352,43.18071720349733],[-79.34028742936148,43.18071760349625],[-79.34030822936779,43.18071410349467],[-79.3403284293737,43.18070810349269],[-79.34038382939139,43.18070890349029],[-79.34043582940718,43.18070060348647],[-79.3404700294181,43.180701103484985],[-79.34053202943711,43.18069300348072],[-79.34056852944948,43.18070260348077],[-79.34061772946521,43.18070330347863],[-79.34065462947697,43.18070380347703],[-79.34070382949265,43.18070450347487],[-79.34075292950833,43.18070520347276],[-79.34080842952598,43.18070600347036],[-79.34085262954014,43.18070670346846],[-79.34090082955473,43.18069840346479],[-79.3409500295704,43.18069910346271],[-79.34101152959002,43.18070000346003],[-79.34107302960965,43.180700903457364],[-79.34113472962856,43.18069270345312],[-79.34119522964781,43.1806935034505],[-79.34128242967562,43.18069480344674],[-79.34133162969134,43.18069550344461],[-79.34138102970621,43.180686403440745],[-79.34144252972585,43.18068730343806],[-79.34151662974878,43.180680303433455],[-79.34156452976409,43.18068100343138],[-79.3416273297841,43.18068190342869],[-79.34168882980372,43.18068280342602],[-79.3417370298183,43.180674503422345],[-79.34179832983789,43.180675403419684],[-79.34186132985731,43.18066820341555],[-79.34191062987301,43.180668903413405],[-79.34197332989301,43.18066980341068],[-79.34200902990436,43.18067030340913],[-79.34201052990484,43.18067060340912],[-79.3420113299051,43.18067060340909],[-79.34201732990711,43.180671803409076],[-79.34201802990738,43.18067190340903],[-79.34205802992071,43.18067910340852],[-79.34209492993249,43.180679703406895],[-79.34214402994809,43.18068040340483],[-79.34218102995992,43.18068090340323],[-79.3422422299802,43.180690803402136],[-79.34231603000373,43.18069190339898],[-79.34237753002337,43.180692803396305],[-79.3424759300547,43.18069420339209],[-79.34256083008182,43.18069540338841],[-79.34264853010902,43.18068770338307],[-79.3427466301403,43.18068910337879],[-79.34282063016389,43.18069020337563],[-79.34289443018741,43.18069120337244],[-79.34298193021463,43.18068440336723],[-79.34306663024235,43.180693703365],[-79.34315303026918,43.18068690335986],[-79.34322673029273,43.18068800335663],[-79.34330053031626,43.180689003353486],[-79.34337443033978,43.18069010335029],[-79.34337513034006,43.18069030335027],[-79.34337663034053,43.18069030335021],[-79.34340463035005,43.180697603350225],[-79.34344763036462,43.18070830335018],[-79.34352123038879,43.18071740334843],[-79.34358273040837,43.180718303345806],[-79.34364373042945,43.18073810334651],[-79.34369273044506,43.18073880334443],[-79.3437540304654,43.18074870334334],[-79.34376843047048,43.18075450334373],[-79.34379843048097,43.18076600334444],[-79.34380453048311,43.18076840334455],[-79.34383973049434,43.18076890334302],[-79.34384053049465,43.18076910334307],[-79.34384203049511,43.180769103343],[-79.34385543049966,43.180772603343],[-79.34387653050678,43.18077760334291],[-79.34394993053094,43.18078760334132],[-79.34399893054726,43.1807964033407],[-79.34403573055988,43.180806803340865],[-79.34408483057547,43.18080750333874],[-79.34413363059181,43.18081720333819],[-79.34419613061253,43.18082720333715],[-79.34425683063111,43.18081900333289],[-79.34429243064247,43.18081950333135],[-79.34434303065785,43.1808113033276],[-79.34441703068057,43.18080240332264],[-79.34448993070315,43.18079540331809],[-79.3445652307264,43.18078760331321],[-79.34462693074538,43.18078030330908],[-79.34468873076428,43.18077130330469],[-79.34476433078684,43.1807543032982],[-79.34481213080204,43.180755003296106],[-79.344873930821,43.18074680329186],[-79.34492323083587,43.18073770328799],[-79.34498523085497,43.180730503283854],[-79.34505283087573,43.180722503279355],[-79.34510853089283,43.18071520327551],[-79.34518233091636,43.180716303272355],[-79.34523183093127,43.18070700326841],[-79.34529233094983,43.1806989032642],[-79.34534273096591,43.180699703262036],[-79.34540283098583,43.18070950326102],[-79.34545323100191,43.1807102032589],[-79.3455147310215,43.18071110325621],[-79.34557623104112,43.180712003253596],[-79.34561213105319,43.18071980325333],[-79.34562763105839,43.180722903253134],[-79.34563723106157,43.180724503252996],[-79.34568643107781,43.18073170325205],[-79.34573533109418,43.18074140325151],[-79.3457843311105,43.180750203250824],[-79.34584563113086,43.18076090324994],[-79.34588223114334,43.18077050324998],[-79.34589623114837,43.18077770325065],[-79.3459187311565,43.18078910325165],[-79.34596773117211,43.180789803249525],[-79.34600473118392,43.18079030324793],[-79.34605393119958,43.18079100324579],[-79.34609323121282,43.18079950324549],[-79.34610523121681,43.180801903245396],[-79.3461100312184,43.180802703245334],[-79.34616413123628,43.18081070324427],[-79.34622543125661,43.1808205032432],[-79.34631043128373,43.18082170323956],[-79.3463851313082,43.18083090323775],[-79.3464478313282,43.18083180323509],[-79.34652043135137,43.18083290323191],[-79.34656963136703,43.18083360322983],[-79.34663113138666,43.18083450322716],[-79.34670493141017,43.18083550322395],[-79.34676643142981,43.18083640322127],[-79.34682783144939,43.18083730321867],[-79.34688813146866,43.180838203216055],[-79.34696313149256,43.180839303212835],[-79.34703813151644,43.18084030320959],[-79.34709863153576,43.18084120320696],[-79.34715993155532,43.18084210320435],[-79.3472214315749,43.18084300320167],[-79.34728293159453,43.18084390319905],[-79.34732003160636,43.18084440319745],[-79.34736933162138,43.18083700319385],[-79.34741833163699,43.18083770319173],[-79.34748013165672,43.18083860318909],[-79.34754163167635,43.18083950318642],[-79.34762753170375,43.18084080318273],[-79.34767673171942,43.18084150318059],[-79.34773823173903,43.18084240317798],[-79.3478118317632,43.180851503176235],[-79.34788323178594,43.180852603173136],[-79.3479348318024,43.18085330317093],[-79.34797173181416,43.180853803169335],[-79.34804563183775,43.180854903166114],[-79.34810703185732,43.1808558031635],[-79.34815623187305,43.180856503161365],[-79.34822973189732,43.180867503159945],[-79.3482802319134,43.1808682031578],[-79.34831583192475,43.180868703156264],[-79.34840193195225,43.18087000315257],[-79.34846373197108,43.18086090314812],[-79.34851293198679,43.18086170314597],[-79.34858633201101,43.180872603144564],[-79.3486602320346,43.1808737031414],[-79.34875863206598,43.18087510313711],[-79.3488187320859,43.18088500313615],[-79.3488814321059,43.180885903133465],[-79.34895523212943,43.18088690313027],[-79.34901673214905,43.180887803127604],[-79.3490904321733,43.180897903126024],[-79.34915193219292,43.18089880312341],[-79.3492265322175,43.180908903121775],[-79.34929563224036,43.18091930312051],[-79.34929923224148,43.18091980312041],[-79.34937283226498,43.18092090311721],[-79.34937413226541,43.180921103117164],[-79.34937503226568,43.180921103117136],[-79.34938173226793,43.18092220311704],[-79.34943403228517,43.180929803115994],[-79.34963053234864,43.18094170310915],[-79.34969563237011,43.18095140310791],[-79.34970493237321,43.18095270310768],[-79.34977783239643,43.18095370310452],[-79.3498381324157,43.180954603101945],[-79.34990083243568,43.18095550309923],[-79.34997453245916,43.18095660309607],[-79.35007203248938,43.18094810309013],[-79.3501360325098,43.180949003087335],[-79.350223732537,43.18094120308194],[-79.3502951325591,43.18093420307744],[-79.35037043258227,43.18092540307239],[-79.3504309326008,43.1809172030682],[-79.35050503262366,43.18090930306339],[-79.35056773264365,43.18091020306071],[-79.35062823266215,43.18090210305651],[-79.35069583268373,43.180903103053595],[-79.35076363270537,43.18090400305063],[-79.35082493272564,43.180913903049614],[-79.35088503274486,43.180914803046996],[-79.3509352327616,43.18092450304645],[-79.35098333277696,43.18092520304436],[-79.35111903282252,43.18095410304331],[-79.35117423284092,43.18096400304255],[-79.35121813285575,43.1809745030424],[-79.3512904328795,43.180983703040745],[-79.35133943289588,43.180993403040205],[-79.3514007329162,43.18100320303919],[-79.35144763293218,43.18101600303929],[-79.35147633294194,43.18102340303931],[-79.3514802329432,43.181023903039225],[-79.35155983296922,43.18103260303711],[-79.35163343299345,43.181042603035564],[-79.35170833301807,43.181051903033776],[-79.35179313304512,43.181053103030116],[-79.35181583305268,43.181057503029855],[-79.35188133307418,43.18106530302824],[-79.35188573307555,43.18106540302809],[-79.35196743310162,43.18106660302457],[-79.35198333310683,43.181068503024136],[-79.35203913312507,43.18107500302279],[-79.35205083312887,43.18107570302237],[-79.35207333313596,43.18107520302125],[-79.35215193316044,43.18106920301661],[-79.35223013318601,43.18107760301448],[-79.35224893319207,43.181078503013815],[-79.3523227332156,43.181079603010595],[-79.35239523323871,43.181080603007445],[-79.3525182332779,43.18108240300214],[-79.3526043333054,43.18108360299847],[-79.35267813332892,43.18108470299526],[-79.35273963334856,43.18108560299264],[-79.35281453337241,43.18108670298937],[-79.35284843338364,43.18109220298885],[-79.35288253339488,43.18109700298815],[-79.35288943339718,43.18109790298797],[-79.35294623341643,43.181112602987994],[-79.35296033342125,43.18111590298793],[-79.35296353342235,43.18111710298798],[-79.35299943343455,43.18112640298799],[-79.35305783345379,43.1811344029868],[-79.35307053345791,43.18113540298637],[-79.35313153347886,43.18115430298694],[-79.35322943351161,43.1811737029859],[-79.35332743354432,43.18119230298476],[-79.35337793356048,43.181193002982575],[-79.35347443359284,43.18121320298175],[-79.35353593361323,43.18122310298071],[-79.35363353364589,43.18124260297972],[-79.3537316336787,43.18126190297863],[-79.35381753370686,43.18127220297659],[-79.35391573373815,43.181273602972325],[-79.35399843376534,43.18128430297046],[-79.35400343376696,43.181284902970305],[-79.35409983379841,43.18129440296762],[-79.354174633823,43.18130430296598],[-79.3542260338403,43.18131540296561],[-79.35426743385415,43.18132360296515],[-79.35435733388285,43.181324902961265],[-79.35443123390638,43.1813260029581],[-79.35451733393386,43.18132720295436],[-79.35457873395343,43.18132810295169],[-79.35465263397701,43.18132910294855],[-79.35475083400905,43.18133960294589],[-79.35478743402149,43.18134920294594],[-79.3548608340457,43.18135920294433],[-79.35498393408562,43.18136910294048],[-79.3550573341099,43.18138000293905],[-79.35515543414196,43.18139050293648],[-79.355253634174,43.18140090293385],[-79.35531493419435,43.18141080293275],[-79.35539473422054,43.18142090293091],[-79.35548683424994,43.181422302926975],[-79.3555609342728,43.18141430292219],[-79.35565463430189,43.18140670291655],[-79.35575813433415,43.181399202910434],[-79.35586763436902,43.18140070290569],[-79.3559439343934,43.18140180290242],[-79.35605313442898,43.181412402899326],[-79.35615123446104,43.18142280289669],[-79.35623613448809,43.181424002893],[-79.35631133451204,43.181425102889776],[-79.35638473453625,43.181435202888224],[-79.35646953456407,43.18144550288617],[-79.35655673459188,43.18144670288238],[-79.35665513462322,43.181448202878144],[-79.3567778346631,43.18145880287442],[-79.35685723468923,43.18146910287266],[-79.35686443469162,43.18147000287247],[-79.35694983471883,43.181471202868764],[-79.35703423474719,43.18148950286818],[-79.35713473478,43.18150010286546],[-79.35721823480739,43.18151020286344],[-79.35729313483131,43.18151130286023],[-79.35740343486795,43.18153080285867],[-79.35746373488722,43.18153160285606],[-79.3575259349086,43.18155060285656],[-79.35761183493675,43.18156090285451],[-79.35769883496596,43.18157930285377],[-79.35775843498655,43.18159900285457],[-79.35781943500756,43.181617902855116],[-79.35789283503252,43.18163690285514],[-79.35794173504885,43.18164660285467],[-79.3580149350737,43.18166480285457],[-79.35810093510192,43.18167600285257],[-79.35813773511444,43.18168550285263],[-79.35821113513863,43.181695502851035],[-79.3582981351671,43.18170570284888],[-79.35839393519842,43.18171620284635],[-79.35848103522699,43.181726402844184],[-79.35856693525504,43.18173570284191],[-79.35866483528783,43.181755102840874],[-79.35875093531524,43.181756302837194],[-79.35886243535244,43.18177690283572],[-79.3589579353837,43.181787302833236],[-79.35905843541725,43.18180680283211],[-79.35916643545248,43.18181730282901],[-79.35927783548951,43.181836902827435],[-79.35936523551774,43.18184260282441],[-79.35946273555079,43.18186660282424],[-79.35955933558391,43.18189500282491],[-79.35962663560647,43.181909302824394],[-79.35969513562955,43.181924802823985],[-79.35969633562999,43.181925102823996],[-79.35981863567127,43.181953702823485],[-79.35991643570476,43.18198220282408],[-79.35995873571906,43.18199210282392],[-79.36003613574516,43.18200980282352],[-79.36014583578321,43.182047402825205],[-79.36023143581203,43.18206670282473],[-79.36032943584479,43.18208610282367],[-79.3604117358726,43.182105202823365],[-79.36041753587455,43.182106502823274],[-79.36046063588964,43.18212300282425],[-79.36048813589929,43.182133402824846],[-79.36054113591769,43.18215180282569],[-79.36060043593822,43.1821721028266],[-79.36063243594921,43.18218150282684],[-79.36069553597078,43.18219950282716],[-79.36078363600043,43.182218702826546],[-79.36087903603236,43.182238002825585],[-79.36096363606012,43.182248302823595],[-79.36107563609586,43.18225000281877],[-79.36113733611475,43.182241702814466],[-79.3612721361593,43.182261702811886],[-79.36138263619524,43.1822723028087],[-79.361480536228,43.18229170280765],[-79.36155383625291,43.182310702807705],[-79.36164073628214,43.18232990280713],[-79.36173863631493,43.18234940280614],[-79.36183533634716,43.18236700280482],[-79.36192093637612,43.18238800280465],[-79.3620188364089,43.182407402803626],[-79.36214413644959,43.18241820279985],[-79.36222713647761,43.18243740279947],[-79.36233643651326,43.18244800279635],[-79.3624600365549,43.18247590279563],[-79.36257153659199,43.18249550279405],[-79.36261913660795,43.182506002793716],[-79.36271703664075,43.182525502792714],[-79.36275493665376,43.18253700279306],[-79.3628173366751,43.1825551027934],[-79.36283363668075,43.18256010279354],[-79.36287703669552,43.18257190279369],[-79.3629492367202,43.18259190279392],[-79.36295103672079,43.18259280279401],[-79.36295173672107,43.18259300279402],[-79.3629861367335,43.182610502795555],[-79.36307113676209,43.18262950279506],[-79.36313343678344,43.1826476027954],[-79.36321773681195,43.18266770279516],[-79.36329153683549,43.18266880279195],[-79.36335303685506,43.182669702789326],[-79.36342643688002,43.18268870278936],[-79.3634940369016,43.18268970278644],[-79.36349813690295,43.182690802786404],[-79.36350273690442,43.182690902786234],[-79.36354793691997,43.18270490278664],[-79.36356123692455,43.18270870278669],[-79.36362123694441,43.18271850278575],[-79.36362363694528,43.18271940278577],[-79.3636250369457,43.182719702785754],[-79.36367653696381,43.18273950278696],[-79.36369813697134,43.18274780278744],[-79.36370613697513,43.18276180278953],[-79.36374463699299,43.18282830279959],[-79.36380413701198,43.18282920279707],[-79.36381613701276,43.18279340279012],[-79.3638542370249,43.18279390278846],[-79.36389153703598,43.18278540278527],[-79.36395163705521,43.18278630278265],[-79.3640157370756,43.18278720277991],[-79.36405933709165,43.182812602782406],[-79.36406183709256,43.18281400278257],[-79.36411173711005,43.18283370278381],[-79.36411413711093,43.18283480278391],[-79.36411623711429,43.18286660278947],[-79.36413153713946,43.18310410283099],[-79.36417823715433,43.18310480282903],[-79.36418473713562,43.182861702785424],[-79.36427063716305,43.1828629027817],[-79.36435713718987,43.182855002776385],[-79.36439413720163,43.182855602774765],[-79.36446783722515,43.182856602771565],[-79.3645352372474,43.18286670277027],[-79.36460293726897,43.182867602767374],[-79.36468873729714,43.18287790276527],[-79.36476473732208,43.18288770276352],[-79.36477713732616,43.182889202763214],[-79.36478663732932,43.18289050276302],[-79.36484813734947,43.1828982027616],[-79.36495713738576,43.18291770276009],[-79.36505743741928,43.182937202758986],[-79.36514193744777,43.18295650275853],[-79.36514293744814,43.182957102758614],[-79.36514453744869,43.18295740275861],[-79.36520503747109,43.18299440276237],[-79.36521453747532,43.18300900276457],[-79.36522623748036,43.183024202766696],[-79.36523973748702,43.18305220277111],[-79.365252037493,43.18307610277478],[-79.36524073749096,43.18309480277862],[-79.365218237487,43.18313200278627],[-79.36508473746346,43.18335290283169],[-79.36499523744725,43.18349590286128],[-79.36495643744023,43.18355790287405],[-79.36536793758367,43.1837071028818],[-79.3653705375846,43.18370820288188],[-79.3653642375844,43.18372910288587],[-79.36535723758419,43.18375250289038],[-79.36653993798582,43.18405690289042],[-79.36682493803056,43.18352070278194],[-79.36728463818362,43.18360310277564],[-79.36728643818418,43.18360340277556],[-79.36737863821492,43.18361980277425],[-79.36737113821441,43.183642402778645],[-79.36735223821331,43.1836996027897],[-79.36743653824095,43.18370940278758],[-79.36746073824173,43.18362880277212],[-79.368221238495,43.18376570276168],[-79.3682207384949,43.183766302761825],[-79.36822383849588,43.183766902761825],[-79.36819533849054,43.1838102027708],[-79.36801873845744,43.184079002826735],[-79.36811343849061,43.184115402828866],[-79.36820343850701,43.183972702799394],[-79.36825273852273,43.18397340279724],[-79.36830153853904,43.18398300279673],[-79.36837493856402,43.184002102796754],[-79.36844853858788,43.18400760279433],[-79.36849743860459,43.18402190279468],[-79.36857093862884,43.18403190279306],[-79.368644538653,43.18404190279153],[-79.3687058386732,43.18404990279011],[-79.36876753869227,43.18404370278622],[-79.36884163871512,43.18403570278136],[-79.3689152387386,43.1840368027782],[-79.36897673875895,43.18404670277717],[-79.36906253878692,43.18405500277473],[-79.36912973881034,43.18407940277596],[-79.36915053881756,43.18408630277626],[-79.36918033882768,43.18409400277628],[-79.3692212388415,43.1841041027762],[-79.3693068388704,43.18412340277569],[-79.36936813889068,43.18413330277467],[-79.36941693890776,43.18415190277576],[-79.36948423892993,43.18416100277431],[-79.36952703894445,43.184171602774235],[-79.3695289389451,43.18417250277428],[-79.36952973894539,43.18417270277427],[-79.369564738958,43.184190602775885],[-79.3696122389747,43.18420880277695],[-79.36961363897517,43.184209502777],[-79.36961483897558,43.18421000277704],[-79.36964953898813,43.18422760277855],[-79.36970963900879,43.18424620277917],[-79.3697119390096,43.18424730277921],[-79.3697467390222,43.18426490278078],[-79.3697827390344,43.18427420278079],[-79.36984373905541,43.184293102781346],[-79.3699048390764,43.184312002781894],[-79.36990573907678,43.184312602781986],[-79.36990743907734,43.184313102782006],[-79.3699438390905,43.18433160278363],[-79.37000253910982,43.18433950278236],[-79.37007563913554,43.184368602784204],[-79.37021083917861,43.184370502778336],[-79.37029633920743,43.184389602777806],[-79.37036983923238,43.18440870277787],[-79.3704431392572,43.18442680277771],[-79.37056543929857,43.18445650277743],[-79.37067553933527,43.18447610277586],[-79.3707859393719,43.18449480277412],[-79.37084593939181,43.18450460277318],[-79.37096823943318,43.18453430277284],[-79.37097043943393,43.184535102772884],[-79.3709720394345,43.18453550277286],[-79.37104523946012,43.18456350277453],[-79.37108163947326,43.184582002776104],[-79.37112563948838,43.184595602776575],[-79.37113993949332,43.1845997027766],[-79.37114243949421,43.18460080277669],[-79.3712262395239,43.18463730277938],[-79.37125353953331,43.184646002779665],[-79.37134993956651,43.18467590278057],[-79.37141103958743,43.18469370278096],[-79.37144753959996,43.18470430278119],[-79.37155753963734,43.184732902781235],[-79.37159763965104,43.18474460278146],[-79.3716463396677,43.18475870278173],[-79.37165253966981,43.184760202781774],[-79.37168863968219,43.18477100278202],[-79.37172103969331,43.184780502782196],[-79.3717528397042,43.18478970278241],[-79.37183803973443,43.18482690278515],[-79.37191113976006,43.18485500278682],[-79.37194493977226,43.18487220278831],[-79.37198393978635,43.18489200279003],[-79.37203253980417,43.18491970279277],[-79.37204533980876,43.184926202793314],[-79.37206743981673,43.18493710279426],[-79.37208053982137,43.18494280279464],[-79.37211763983436,43.184957002795464],[-79.37216263985042,43.18497760279711],[-79.37217653985536,43.184983902797605],[-79.3722488398807,43.18501170279922],[-79.37224983988106,43.18501230279925],[-79.3722516398817,43.18501290279929],[-79.37232433990799,43.18505000280256],[-79.37232843990945,43.18505250280282],[-79.37238233992903,43.185081202805485],[-79.37245563995418,43.18510290280599],[-79.37251653997528,43.18512360280689],[-79.37261454000812,43.18514300280584],[-79.37267584002839,43.1851529028048],[-79.37267834002927,43.18515400280491],[-79.37273924005099,43.18518190280705],[-79.37281184007799,43.18522800281195],[-79.37284704009463,43.18529150282164],[-79.37285794010273,43.18534570283082],[-79.37286834011219,43.18541790284316],[-79.37286714011569,43.18546290285123],[-79.37287794012373,43.1855171028604],[-79.37287704012648,43.18555310286683],[-79.37291204014382,43.18562560287811],[-79.37293504015338,43.18565200288179],[-79.37300674017696,43.185661702880246],[-79.37304474018526,43.18561740287061],[-79.37307094018898,43.185563702859824],[-79.3730851401912,43.185536902854416],[-79.37309864019169,43.18549210284581],[-79.37311104019187,43.18544810283742],[-79.37314974019792,43.18537480282261],[-79.37318684020518,43.18532220281153],[-79.37320774020797,43.18527750280262],[-79.37325244021676,43.18521420278937],[-79.37328004021957,43.18514440277567],[-79.37330644022255,43.1850808027631],[-79.37333104022656,43.18503610275403],[-79.3733438402254,43.18497510274256],[-79.37338544022693,43.18483880271646],[-79.37341404022374,43.18469500268951],[-79.37371274032718,43.18479480269366],[-79.37361724030698,43.18491410271925],[-79.3735214402866,43.18503150274449],[-79.37352434028762,43.185032502744534],[-79.37351834028638,43.18503990274615],[-79.37350444028657,43.185093802756384],[-79.37350404028783,43.18511050275938],[-79.3735090402917,43.18513730276393],[-79.37351524029536,43.18515690276709],[-79.37352744030045,43.18517100276909],[-79.37353904030527,43.185184302770914],[-79.37355624031242,43.18520400277362],[-79.37356284031517,43.18521160277468],[-79.37359874033046,43.18525720278117],[-79.37365914035279,43.185294002784936],[-79.37369504036734,43.1853306027898],[-79.37374334038581,43.18536730279412],[-79.37379184040357,43.185395002796874],[-79.37384034042134,43.18542270279955],[-79.37391294044834,43.185468702804414],[-79.37393014045448,43.185476602805046],[-79.37397344046988,43.18549640280655],[-79.37397624047087,43.18549750280663],[-79.37407114050414,43.18553400280882],[-79.37408294050826,43.185538502809074],[-79.37416604053703,43.18556580281012],[-79.37425274056659,43.185589502810345],[-79.37433824059612,43.1856177028115],[-79.37438204061134,43.185632902812145],[-79.37438274061157,43.18563310281219],[-79.3744250406262,43.185647102812716],[-79.37448224064627,43.185669102814025],[-79.3744955406509,43.185674002814295],[-79.37456774067549,43.18569310281436],[-79.37457144067673,43.185694102814374],[-79.37465694070632,43.1857224028155],[-79.37469564071965,43.185734402815875],[-79.37471524072635,43.18574020281601],[-79.37484954077226,43.18577820281665],[-79.37485104077277,43.18577870281668],[-79.37485234077323,43.18577910281667],[-79.37489514078824,43.18579560281765],[-79.37492254079781,43.185806102818226],[-79.37500924082777,43.1858344028193],[-79.37508744085426,43.18585340281911],[-79.37513004086935,43.1858721028205],[-79.37520334089426,43.185891202820564],[-79.37522214090087,43.18589850282102],[-79.37527914092088,43.18592040282226],[-79.37532464093712,43.18594130282394],[-79.37533994094252,43.185948202824434],[-79.375435040975,43.18597460282481],[-79.37546394098507,43.18598480282534],[-79.37549864099697,43.1859955028256],[-79.37554574101318,43.18601000282603],[-79.37555694101704,43.18601320282609],[-79.37563054104126,43.18602320282452],[-79.37570264106576,43.18604230282459],[-79.37578954109506,43.186061602824076],[-79.37583824111209,43.18608030282517],[-79.3758535411175,43.186086202825486],[-79.37585464111783,43.18608660282555],[-79.37593634114647,43.1861180028274],[-79.3760092411705,43.18612770282576],[-79.3760147411724,43.1861298028259],[-79.37609734120096,43.18615710282696],[-79.37613794121457,43.186165102826514],[-79.37614364121639,43.186165702826386],[-79.37624134124988,43.18619400282693],[-79.3762426412503,43.186194702826995],[-79.37624414125088,43.18619520282701],[-79.37631694127715,43.18623230283033],[-79.37639954130562,43.18625840283116],[-79.37646924133011,43.18628620283291],[-79.37647534133225,43.186288502833044],[-79.37653614135391,43.18631640283525],[-79.37660874138093,43.18636250284008],[-79.37665724139869,43.186390202842844],[-79.37667124140391,43.18639910284379],[-79.37672964142547,43.18643420284736],[-79.37675254143437,43.186453502849766],[-79.37676604143957,43.18646380285096],[-79.37678434144628,43.18647430285196],[-79.37681464145739,43.186491502853634],[-79.37687294147815,43.18651820285576],[-79.37692054149333,43.186518802853655],[-79.37699534151795,43.186528902852025],[-79.37704434153433,43.186538602851535],[-79.37710564155469,43.18654860285047],[-79.37720354158743,43.18656790284946],[-79.37727684161227,43.186586002849296],[-79.3773625416412,43.18660620284901],[-79.37736504164208,43.186607202849075],[-79.3774504416724,43.18664450285179],[-79.3775105416946,43.186681202855574],[-79.37758254171983,43.18670890285719],[-79.37760844172892,43.186718802857776],[-79.37767984175468,43.18675520286099],[-79.37770954176503,43.18676560286149],[-79.37779114179332,43.18679350286274],[-79.37788854182747,43.18683090286493],[-79.37789144182855,43.186833102865165],[-79.37790024183195,43.18683970286595],[-79.37798324186053,43.18686610286682],[-79.37805624188624,43.18689510286868],[-79.37811734190723,43.18691390286919],[-79.37811874190773,43.18691480286932],[-79.37812024190825,43.18691520286931],[-79.37816304192394,43.1869397028717],[-79.37816854192594,43.18694290287204],[-79.37819454193523,43.186954302872884],[-79.3782509419551,43.18697800287452],[-79.37832384198147,43.187015102877766],[-79.37842584201766,43.18705930288097],[-79.3784361420213,43.187063702881304],[-79.37847654203597,43.18708530288326],[-79.37855464206427,43.18712630288697],[-79.37865234209784,43.187155702887765],[-79.37866154210106,43.18715940288798],[-79.37877694214151,43.18720360289056],[-79.37883934216336,43.18722760289203],[-79.37884734216613,43.18723050289214],[-79.37894454220023,43.18726790289435],[-79.37899914221916,43.18728650289519],[-79.37905444223833,43.187305402896015],[-79.37899984221906,43.18728280289446],[-79.37901034221737,43.18722370288348],[-79.3789008421798,43.18719120288272],[-79.37883294215649,43.18717120288228],[-79.37886144211588,43.18658960277743],[-79.37959304235902,43.1867156027664],[-79.38025504257901,43.186830002756444],[-79.38132134292631,43.186931002725636],[-79.3836395436711,43.187030402637234],[-79.38592134439229,43.18698860252533],[-79.39070924590625,43.18691070229228],[-79.39118764607096,43.187060602297045],[-79.39161184622402,43.18727500231578],[-79.39206434638983,43.18753350234109],[-79.39261044658903,43.18783480236968],[-79.39308144676296,43.18811940239873],[-79.39366664696801,43.18834390241188],[-79.39424274715348,43.1883726023906],[-79.39496124737894,43.18834150235215],[-79.39525034796837,43.19415850337387],[-79.39523344797688,43.19432050340344],[-79.39505884792055,43.19431060340966],[-79.39510294793625,43.19433020341118],[-79.39511114793923,43.19433420341151],[-79.39512464794399,43.194340103411896],[-79.39519004796718,43.19436860341401],[-79.39525024798849,43.194394203415754],[-79.39525674799083,43.194396903415964],[-79.39526754799464,43.19440150341631],[-79.39529894800575,43.194414803417224],[-79.39536364802785,43.19443290341744],[-79.39546134806129,43.19446130341806],[-79.39558354810296,43.194494603418356],[-79.39569354813996,43.19451860341759],[-79.39579114817417,43.19455600341977],[-79.3958765482037,43.19458430342089],[-79.39601094824958,43.19462210342149],[-79.39613294829161,43.19465980342262],[-79.39626104833621,43.194705903424904],[-79.39637704837634,43.194744303426475],[-79.39651094842364,43.194800203430226],[-79.39665784847277,43.19482920342872],[-79.39674254850055,43.19483950342666],[-79.39690374855576,43.1948859034275],[-79.39699404858693,43.194915003428534],[-79.39709294862074,43.194943403429086],[-79.39720894866072,43.19498020343028],[-79.39732454870152,43.19502770343349],[-79.39733714870594,43.19503280343379],[-79.39739444872608,43.195054903435114],[-79.39742394873637,43.19506620343575],[-79.39754584877912,43.19511300343852],[-79.39755574878264,43.19511750343883],[-79.3976705488234,43.19516760344251],[-79.3977690488585,43.19521230344593],[-79.39787704889771,43.19526960345123],[-79.39797304893207,43.19531510345492],[-79.39808384897134,43.195362503458234],[-79.39812674898742,43.19539150346147],[-79.39814134899281,43.195400403462344],[-79.39814424899387,43.19540170346246],[-79.39820524901538,43.19542650346407],[-79.398245149031,43.195460903468366],[-79.39826254903764,43.19547420346992],[-79.3982836490457,43.195490203471806],[-79.39832464906118,43.195519003475056],[-79.39836664907689,43.195546703478094],[-79.39838344908314,43.19555690347911],[-79.39838674908431,43.19555840347921],[-79.39844714910566,43.19558370348094],[-79.39850344912513,43.19560250348172],[-79.39856364914432,43.195603403479105],[-79.39863134916438,43.19558640347304],[-79.39872834919227,43.195552603462545],[-79.39873134919318,43.19555160346223],[-79.39886724923419,43.19552660345155],[-79.39896614926418,43.19550990344405],[-79.39903194928415,43.19549940343919],[-79.39906204929326,43.19549440343688],[-79.39906374929386,43.195494403436804],[-79.39906504929426,43.19549420343672],[-79.3992000493373,43.19549610343091],[-79.39920304933823,43.19549590343075],[-79.39931004937148,43.19548780342439],[-79.39939734939932,43.195489103420584],[-79.3995091494358,43.195500403417505],[-79.39959384946336,43.19550790341495],[-79.39966714948842,43.19552880341528],[-79.3997161495048,43.19553850341479],[-79.39982594954292,43.19557600341645],[-79.39992264957623,43.19560690341748],[-79.40000334960395,43.195631003418086],[-79.40016334965884,43.19567880341926],[-79.40036324972725,43.1957365034204],[-79.40101464995338,43.195960903430425],[-79.40101884995497,43.19596410343087],[-79.40104204996382,43.19598160343286],[-79.4010524499678,43.19598950343379],[-79.40110694998673,43.19600810343465],[-79.40117675001231,43.1960479034385],[-79.40117965001335,43.196049603438645],[-79.40121445002667,43.1960762034418],[-79.40129415005553,43.196117803445574],[-79.4015194501371,43.196234503456],[-79.4015562501495,43.19624310345585],[-79.40160355016643,43.196265403457645],[-79.40187375026242,43.196384403466425],[-79.40190925027439,43.19639210346619],[-79.40209265033604,43.196431503464794],[-79.40212945034853,43.1964411034648],[-79.40230295040385,43.19644360345728],[-79.40242405044485,43.19647320345703],[-79.40246045045791,43.19649080345846],[-79.40248435046627,43.19650000345903],[-79.40249415046956,43.196502503459044],[-79.4027387505523,43.19656100345818],[-79.40277545056479,43.19657060345822],[-79.40280105057352,43.19657820345839],[-79.4032316507207,43.196699703460304],[-79.4032667507338,43.1967227034628],[-79.40352395081968,43.19677130345967],[-79.40358475084132,43.19679900346179],[-79.4036224508549,43.19681770346339],[-79.4039635509706,43.19690350346304],[-79.40401235098768,43.19692220346413],[-79.40406105100473,43.196940803465175],[-79.40428105107951,43.196997903465245],[-79.40539345145802,43.19729260346674],[-79.40555195151326,43.19734970346963],[-79.40560095152956,43.197358403468876],[-79.40569755156268,43.19738690346957],[-79.40574585157809,43.19738760346749],[-79.40578305158618,43.197344103458036],[-79.405793151589,43.197339403456695],[-79.40582335159728,43.19732380345254],[-79.40594805163559,43.197309303444285],[-79.40599725165131,43.197310003442155],[-79.40621725172217,43.19732200343418],[-79.40625405173455,43.19732980343388],[-79.40646225180345,43.19736240343013],[-79.40651405181995,43.197363103427946],[-79.4065606518355,43.1973718034273],[-79.40673195189318,43.19741030342632],[-79.40675255190087,43.19742340342769],[-79.40676545190553,43.197429903428244],[-79.40678405191223,43.197439403429115],[-79.40680495191958,43.197447303429584],[-79.40701275198967,43.19749520342853],[-79.40704945200216,43.19750480342858],[-79.40709825201927,43.197523503429665],[-79.40714595203522,43.19753310342918],[-79.407183752048,43.19754260342918],[-79.40740385212283,43.197599703429226],[-79.40766185221045,43.19766630342923],[-79.40769735222256,43.1976759034293],[-79.40774435223918,43.19769560343065],[-79.40777995225052,43.19769610342909],[-79.40779965225713,43.197700403428975],[-79.40800325232547,43.19774320342727],[-79.40806325234534,43.19775300342626],[-79.4081024523586,43.19776260342616],[-79.4081625523785,43.197771503424995],[-79.40847025248047,43.19782170341985],[-79.40854255250429,43.19783170341831],[-79.40857925251677,43.19784110341829],[-79.40905765267391,43.19790190340717],[-79.4091066526903,43.19791160340667],[-79.40914355270205,43.19791210340505],[-79.40943835279758,43.197934203395505],[-79.40947545280862,43.197925703392265],[-79.40951375282009,43.19791720338901],[-79.40956065283501,43.19791790338697],[-79.4095987528472,43.19791840338531],[-79.40963575285896,43.197918903383716],[-79.4096722528714,43.19792850338375],[-79.40970905288387,43.19793800338377],[-79.40975825289958,43.197938703381645],[-79.40980745291525,43.19793930337945],[-79.40985655293169,43.19794910337899],[-79.40989455294381,43.19794960337736],[-79.40994375295948,43.19795030337519],[-79.40999035297511,43.19795990337476],[-79.4100307529886,43.19796770337428],[-79.41008945300855,43.19798290337432],[-79.41016285303324,43.19799930337387],[-79.41019955304564,43.19800780337371],[-79.41023605305806,43.19801730337371],[-79.41027265307126,43.19803590337531],[-79.41032165308764,43.19804550337478],[-79.41045515313243,43.19807340337364],[-79.41049295314536,43.198083903373806],[-79.4105296531578,43.198093503373855],[-79.41056755317064,43.198103003373774],[-79.41067645320695,43.19812260337224],[-79.41072575322266,43.19812330337015],[-79.41076245323508,43.19813270337009],[-79.4108361532586,43.19813370336694],[-79.41098245330599,43.19814480336221],[-79.41119235337446,43.1981657033563],[-79.41124175339021,43.19816640335413],[-79.4114498534596,43.19820530335149],[-79.41179465357266,43.19824610334299],[-79.41184225358855,43.19825570334251],[-79.4119775536323,43.198264803337935],[-79.41202565364704,43.198258203334554],[-79.41207615366312,43.198258903332345],[-79.41251785380392,43.19826500331319],[-79.41259285382782,43.198266103309976],[-79.41280355389425,43.19826010329926],[-79.41285165390953,43.19826080329717],[-79.4129127539298,43.19827050329606],[-79.41326785404453,43.19829360328391],[-79.41363795416328,43.198307703269435],[-79.41368725417901,43.1983084032673],[-79.41393375425588,43.19829200325308],[-79.41399575427427,43.19827660324751],[-79.4140400542884,43.19827720324562],[-79.41424215435195,43.198270103235075],[-79.41429145436697,43.1982627032315],[-79.41432835437872,43.19826320322988],[-79.41442725440872,43.198246603222415],[-79.41448885442836,43.198247503219726],[-79.41452595443945,43.198239003216536],[-79.41461355446657,43.198231203211144],[-79.4154267547219,43.198197403167875],[-79.41546115473288,43.19819790316638],[-79.41575965482576,43.19817500314861],[-79.4158061548414,43.1981853031483],[-79.41582905484822,43.19818010314634],[-79.41584455485281,43.198176203144904],[-79.41588145486458,43.19817670314331],[-79.4161279549416,43.198162103129434],[-79.41616635495299,43.198152603126],[-79.41621435496828,43.19815330312393],[-79.41626355498393,43.198154003121765],[-79.416423555035,43.198156203114856],[-79.41647395505102,43.19815690311266],[-79.41650965506241,43.19815740311112],[-79.41670545512413,43.19815210310119],[-79.41678055514805,43.19815310309793],[-79.41698965521472,43.19815600308884],[-79.41702655522717,43.19816460308868],[-79.41717355527568,43.19818560308568],[-79.41718065527805,43.19818680308555],[-79.41719535528273,43.19818700308495],[-79.41728755531355,43.19820520308397],[-79.41734495533264,43.1982151030831],[-79.41739405534906,43.198224703082566],[-79.41743095536083,43.19822520308096],[-79.41746805537262,43.198225703079345],[-79.41750455538507,43.19823520307935],[-79.41762845542142,43.19820090306759],[-79.4176656554325,43.198192403064326],[-79.41781535547791,43.198167503053064],[-79.41788905550145,43.19816850304985],[-79.418233155608,43.19813720302852],[-79.41830715563162,43.1981382030253],[-79.41865085573961,43.19812500300719],[-79.41893485583093,43.198137902996464],[-79.41898285584622,43.19813860299439],[-79.4191562559015,43.1981410029869],[-79.41920525591787,43.19815070298634],[-79.419401555982,43.19817140298102],[-79.41953745602376,43.1981552029719],[-79.41958545603904,43.19815590296988],[-79.4198450561218,43.19815950295855],[-79.4198822561329,43.19815100295538],[-79.4199314561486,43.19815170295321],[-79.42009115620027,43.19816290294791],[-79.42046075631653,43.19815000292867],[-79.42050965633292,43.19815970292817],[-79.42087825644768,43.198133002906495],[-79.42091385645875,43.198130302904396],[-79.42091475645901,43.198130302904346],[-79.42091675645963,43.198130202904224],[-79.42095205647092,43.19813070290271],[-79.42097215647706,43.19812830290137],[-79.42098095647977,43.1981273029008],[-79.42143505661937,43.19807340287038],[-79.42145205662449,43.198069902868994],[-79.42146945662965,43.1980659028675],[-79.4214713566303,43.198065902867405],[-79.42147215663047,43.198065702867346],[-79.42153195664957,43.1980665028647],[-79.42155605665684,43.19806250286289],[-79.4215842566654,43.19805740286069],[-79.42181755673744,43.19803360284576],[-79.4218669567532,43.19803430284365],[-79.4219039567642,43.198025702840425],[-79.42195215677881,43.198017502836734],[-79.4221635568427,43.19798000282036],[-79.42221285685842,43.19798070281827],[-79.42224975686983,43.19797660281582],[-79.42238515691295,43.197978402809944],[-79.42244655693294,43.197983902808105],[-79.42267705700515,43.19797260279554],[-79.42274225702593,43.19797350279268],[-79.422791657041,43.19796610278908],[-79.42282975705312,43.19796670278747],[-79.42294005708591,43.19794020277769],[-79.42301405710877,43.197933102773035],[-79.4230511571198,43.197924502769816],[-79.42331075719875,43.19788310275056],[-79.42336265721441,43.19787400274656],[-79.42360715728925,43.197841202729535],[-79.42362415729406,43.19783400272744],[-79.42364165729893,43.19782580272516],[-79.42364455729975,43.197825202724964],[-79.42364565730009,43.19782470272484],[-79.4237311573258,43.19780790271789],[-79.4237684573369,43.1977994027147],[-79.42385445736431,43.19780060271095],[-79.42394055739175,43.19780180270722],[-79.42397895740325,43.197793302703936],[-79.4240135574135,43.197784802700866],[-79.42417475746487,43.19778700269385],[-79.42451925757466,43.197791802678914],[-79.42456845759037,43.197792402676775],[-79.42497465771906,43.19778890265749],[-79.42557765791126,43.19779720263138],[-79.42561455792301,43.197797702629764],[-79.4259607580318,43.1977846026115],[-79.4259847580391,43.19778090260978],[-79.42599915804347,43.19777850260871],[-79.42600635804568,43.197777302608124],[-79.42600785804615,43.19777730260806],[-79.42600885804646,43.197777102607986],[-79.42605605806148,43.197777802605955],[-79.4260713580662,43.19777580260489],[-79.42618165809992,43.197760502597134],[-79.42621855811169,43.19776100259553],[-79.42626885812771,43.19776170259335],[-79.4264270581766,43.197746002583294],[-79.42646535818801,43.19773760258001],[-79.4266377582422,43.19773090257094],[-79.4266855582582,43.197740602570455],[-79.42673595827429,43.19774130256831],[-79.42706795838089,43.197754802555444],[-79.42711615839545,43.19774650255177],[-79.42747395851028,43.19776040253786],[-79.42751185852313,43.19776990253783],[-79.42757215854233,43.19777070253514],[-79.42763365856194,43.19777160253253],[-79.42785445863473,43.19780250252792],[-79.42789255864685,43.197803102526215],[-79.42794675866416,43.19780380252385],[-79.42808685870875,43.197805702517805],[-79.42810185871338,43.197803702516765],[-79.42814995872806,43.19779670251332],[-79.42829785877443,43.197789602505274],[-79.4283468587908,43.19779940250479],[-79.42858055886525,43.19780260249459],[-79.42862985888097,43.19780330249244],[-79.4288515589509,43.19779720248126],[-79.42888855896267,43.19779770247963],[-79.42893765897833,43.197798402477495],[-79.42925825908215,43.197821802466926],[-79.42929495909455,43.19783040246677],[-79.42933055910666,43.19783990246687],[-79.42952755916868,43.19783360245673],[-79.42955845917807,43.197829002454476],[-79.42957435918287,43.19782630245324],[-79.42957605918345,43.19782630245315],[-79.42957695918372,43.197826202453136],[-79.4296286592002,43.19782690245088],[-79.4296630592112,43.19782740244937],[-79.42969905922263,43.19782790244782],[-79.42973985923534,43.19782470244539],[-79.42989855928458,43.19781160243579],[-79.42994655929988,43.197812302433704],[-79.43051465947786,43.19778410240261],[-79.43056265949316,43.19778480240057],[-79.4305984595043,43.19778160239834],[-79.43075255955176,43.19776500238833],[-79.4307821595609,43.197761802386424],[-79.43079885956624,43.19776200238569],[-79.43083135957657,43.19776250238428],[-79.43085295958382,43.197766802384045],[-79.43085955958604,43.19776810238398],[-79.43088795959521,43.197770302383056],[-79.43099735963001,43.19777070237808],[-79.4310981596619,43.1977694023733],[-79.43122515970212,43.19776790236714],[-79.43124735970964,43.197773602367164],[-79.4312630597148,43.19777550236676],[-79.43130135972697,43.19777600236509],[-79.43160855982651,43.197799102355134],[-79.43263946016356,43.19791230232797],[-79.43268736017886,43.197913002325954],[-79.43273766019567,43.197922702325315],[-79.43278806021169,43.197923402323134],[-79.43294656026298,43.19793450231782],[-79.4329971602791,43.19793520231567],[-79.43303106029069,43.197944802315824],[-79.43323096035284,43.19792940230392],[-79.4332668603635,43.19792090230073],[-79.43360056046447,43.197862402275064],[-79.43364896047915,43.197854102271364],[-79.43387346054452,43.19778510224875],[-79.4339216605591,43.19777680224509],[-79.43397236057451,43.19776850224129],[-79.4340943606126,43.1977612022344],[-79.4341460606291,43.19776190223213],[-79.43425576066329,43.19775430222575],[-79.4342836606716,43.19774840222345],[-79.43429036067364,43.197746902222875],[-79.43429096067385,43.19774690222285],[-79.43429166067405,43.197746802222795],[-79.43482036084251,43.19775400219977],[-79.43485446085306,43.197750302197576],[-79.4349700608886,43.19773710218992],[-79.43512486093486,43.197703202176804],[-79.43516806094787,43.197694902173346],[-79.43520506095969,43.19769540217173],[-79.43537866101036,43.19764370215461],[-79.43542636102633,43.19765340215411],[-79.43547686104246,43.19765410215197],[-79.43578436114119,43.197667202140195],[-79.4358272611549,43.197667802138284],[-79.4358703611686,43.197668402136436],[-79.43590726118036,43.197668902134836],[-79.43634906132506,43.19772000212366],[-79.43639806134142,43.19772960212311],[-79.43647016136582,43.19774680212288],[-79.4368140614817,43.19782540212106],[-79.43686426149853,43.19783520212049],[-79.43689946151115,43.19785270212202],[-79.43693596152443,43.19787210212376],[-79.43701506155193,43.19790020212514],[-79.43743736169428,43.19799600212281],[-79.43749846171526,43.19801480212337],[-79.43781526182241,43.19809120212244],[-79.43786546183915,43.19810090212182],[-79.43790216185177,43.19811190212213],[-79.4379326618619,43.198117202121665],[-79.43823296196173,43.19816890211706],[-79.4382834619778,43.19816960211491],[-79.43853986206184,43.19820010210856],[-79.43857586207244,43.19819070210522],[-79.43879916214138,43.19816760209084],[-79.43883646215241,43.1981583020875],[-79.43887276216331,43.198150802084534],[-79.43890836217318,43.19813420207995],[-79.43894546218424,43.1981257020767],[-79.43910096222875,43.19806900205947],[-79.43922566226445,43.19802350204564],[-79.43923156226616,43.19802130204502],[-79.43924766227062,43.198013802042965],[-79.4392685622764,43.19800400204028],[-79.43930596228677,43.19798650203542],[-79.43930746228719,43.197985902035235],[-79.43930846228746,43.1979854020351],[-79.4393570623012,43.197965602029335],[-79.43945496232888,43.197925502017725],[-79.43949256233928,43.19790800201287],[-79.43949346233958,43.19790780201281],[-79.43949506234,43.19790700201259],[-79.4395248623487,43.1978984020097],[-79.43970356239961,43.19782980198933],[-79.43973386240803,43.197815701985384],[-79.43974116241004,43.197812301984484],[-79.43974306241057,43.19781160198429],[-79.43974366241075,43.1978113019842],[-79.43979336242488,43.19779220197849],[-79.44005346250174,43.1977255019547],[-79.44010206251569,43.197708201949446],[-79.44014036252716,43.197699701946135],[-79.44031356257926,43.19766600193222],[-79.44036306259419,43.197656801928304],[-79.44040126260566,43.19764920192519],[-79.44043726261634,43.19764070192205],[-79.44048676263131,43.19763140191809],[-79.44052386264244,43.197623901915065],[-79.44055846265346,43.19762440191356],[-79.44059796266528,43.19761590191026],[-79.44064736268022,43.197607601906526],[-79.44068436269204,43.197608101904926],[-79.4407198627033,43.19760850190335],[-79.44077036271945,43.19760920190113],[-79.4408072627312,43.19760970189955],[-79.4408565627469,43.19761040189739],[-79.44100336279591,43.19763840189567],[-79.44105096281272,43.197658101896984],[-79.44108896282549,43.19766670189677],[-79.44129876289009,43.197642501882854],[-79.44133566290184,43.19764300188126],[-79.44161886299136,43.19763880186747],[-79.44165576300313,43.19763930186586],[-79.44196196310139,43.19765150185402],[-79.4420132631186,43.197662201853575],[-79.44204906313006,43.19766270185203],[-79.44209806314643,43.197672401851484],[-79.44234456322334,43.197656701837374],[-79.4423951632388,43.19764940183376],[-79.44265286331935,43.197634901819406],[-79.4426912633308,43.19762640181607],[-79.44272586334111,43.19761790181299],[-79.44291136339713,43.1975844017985],[-79.44294956340931,43.19758490179684],[-79.44307256344848,43.19758660179154],[-79.44310826345988,43.19758710178999],[-79.443146363472,43.197587601788314],[-79.4431764634814,43.197585601786585],[-79.44320696349088,43.19758290178467],[-79.44331656352479,43.19757290177789],[-79.44334346353395,43.19757980177792],[-79.44335576353798,43.1975814017776],[-79.44347926357575,43.197565101769044],[-79.4435272635911,43.19756570176692],[-79.44353866359502,43.19757000176717],[-79.44356276360325,43.19757630176718],[-79.44366996363685,43.197571201761406],[-79.4437068636483,43.19756820175911],[-79.44374996366207,43.197568801757285],[-79.44379916367772,43.19756940175514],[-79.44408076377209,43.19762730175252],[-79.44412986378853,43.19763700175195],[-79.44419216380989,43.197655801752475],[-79.44452736392294,43.19773230175066],[-79.44457026393738,43.19774200175044],[-79.4448762640441,43.197854101756356],[-79.44491146405689,43.19787270175803],[-79.44498606408229,43.197892601758134],[-79.44537466421917,43.1980501017683],[-79.44541116423235,43.19806850176988],[-79.44587396439141,43.198210001773866],[-79.44592026440685,43.198218601773256],[-79.44593406441142,43.19822080177301],[-79.44595756441939,43.19822690177303],[-79.44597086442394,43.19823030177298],[-79.44600196443434,43.19823640177265],[-79.44602216444098,43.19823890177217],[-79.44621816450649,43.1982777017701],[-79.4462796645261,43.198278501767426]],[[-79.09211075671129,43.254435027922526],[-79.09392935752626,43.25721152833407],[-79.0940050575612,43.25733862835328],[-79.09599325844835,43.26032812879492],[-79.09599585844916,43.26032772879476],[-79.09610765848262,43.26030252878521],[-79.09620705851201,43.26027632877601],[-79.09632565854541,43.26022502876149],[-79.09645745858407,43.26018592874856],[-79.09654925861159,43.26016582874078],[-79.0966545586437,43.26014962873313],[-79.09675535867294,43.260115328722456],[-79.09684105869842,43.26009412871478],[-79.09693415872623,43.26007312870684],[-79.09701515874985,43.260047528698585],[-79.09707835876894,43.260035128693495],[-79.09717755879797,43.260005328683704],[-79.09728235882804,43.25996642867203],[-79.09739465886015,43.25992332865929],[-79.0974882588866,43.259884328648084],[-79.09758185891309,43.259845328636864],[-79.09766255893713,43.25982582862974],[-79.0976717589397,43.25982142862856],[-79.09771875895383,43.25981152862466],[-79.09776815896845,43.25979892862019],[-79.0978797590015,43.259769328609856],[-79.09793405901749,43.25975442860473],[-79.09798455903206,43.25973662859924],[-79.09800075903698,43.259733928598045],[-79.09807915905911,43.25970052858853],[-79.0981723590866,43.259675228579795],[-79.09825315911057,43.25965402857235],[-79.09833515913482,43.259632028564724],[-79.09840245915407,43.25960692855719],[-79.09849565918162,43.25958142854841],[-79.09857755920589,43.259560328540914],[-79.09868185923692,43.259535028531744],[-79.09878125926643,43.25950962852267],[-79.09884905928782,43.25950712851916],[-79.09893595931369,43.25948612851146],[-79.09901155933663,43.25947292850569],[-79.09909005935943,43.25944722849754],[-79.09920265939354,43.25942662848875],[-79.0992712594132,43.259400728481054],[-79.09937075944232,43.25937092847125],[-79.09943095946089,43.259363928467224],[-79.099441659464,43.25936012846604],[-79.09945735946894,43.25935942846523],[-79.09950685948387,43.25934972846123],[-79.09956895950224,43.25933362845557],[-79.09960615951377,43.259329828453204],[-79.09965565952882,43.25932162844952],[-79.09969875954225,43.25931782844689],[-79.09973595955378,43.259313928444485],[-79.09979125957145,43.259314828442164],[-79.09982185958012,43.25930222843848],[-79.09983655958412,43.25929412843636],[-79.09984005958512,43.25929292843602],[-79.09990775960371,43.25925822842676],[-79.09996165962032,43.259251628423186],[-79.10003705964215,43.259225928415155],[-79.10009345965835,43.25920572840899],[-79.10015295967486,43.25917682840112],[-79.10022135969479,43.259155528394274],[-79.10027635971105,43.25914042838904],[-79.10031355972177,43.25912712838502],[-79.10032345972479,43.25912532838425],[-79.10035845973435,43.25910722837944],[-79.10040795974948,43.25909992837591],[-79.10047605977014,43.259087628370594],[-79.10052825978686,43.259088428368365],[-79.10054285979128,43.25908582836723],[-79.10074855985421,43.259055928352616],[-79.10084905988498,43.259041328345404],[-79.10113805997004,43.25896022831786],[-79.10115165997397,43.258954728316276],[-79.10119695998722,43.258941628311895],[-79.101361360035,43.25888772829484],[-79.10164726012104,43.2588292282714],[-79.10194096021189,43.25879822825257],[-79.10222166029979,43.25878052823666],[-79.10249676038508,43.25875352821938],[-79.10262576042447,43.25873362821],[-79.1026557604335,43.25872762820751],[-79.10267936044083,43.25872532820604],[-79.10281306048164,43.25870472819632],[-79.10293426051871,43.258687328187726],[-79.10299606053735,43.2586747281827],[-79.10311666057459,43.25866112817475],[-79.10320676060213,43.25864822816837],[-79.10362316072879,43.25857852813705],[-79.10387056080488,43.25854662812013],[-79.10414716089028,43.25851532810203],[-79.10449166099737,43.25848502808097],[-79.10474486107418,43.258440728061586],[-79.10477636108368,43.258434128058965],[-79.10479996109092,43.25843112805738],[-79.10484466110452,43.258423228053935],[-79.10503456116463,43.25841972804468],[-79.10509896118506,43.25841852804155],[-79.10554076131773,43.25832482800484],[-79.10572906137428,43.25828492798913],[-79.10618646151137,43.258184327950474],[-79.10657486162793,43.258100827918],[-79.10703176176673,43.25802282788333],[-79.10737236186851,43.25794442785391],[-79.10738006187073,43.25794142785304],[-79.10741516188102,43.257931227849596],[-79.1076029619357,43.25787112783039],[-79.10763026194344,43.257860027827164],[-79.10765536195096,43.257854327825065],[-79.10780596199479,43.25780602780962],[-79.10783426200325,43.25779972780719],[-79.1078900620196,43.25778332780176],[-79.10797696204551,43.257762227794025],[-79.10808356207768,43.257741527785505],[-79.10818156210709,43.25772062777735],[-79.10819936211259,43.257718227776095],[-79.10878336228821,43.25759722772804],[-79.10895786233948,43.2575467277111],[-79.10897556234454,43.25754012770917],[-79.1090315623609,43.257522927703555],[-79.10919326240798,43.25747172768709],[-79.10932386244635,43.25743342767435],[-79.10938406246467,43.25742342766981],[-79.10954966251332,43.257375527653785],[-79.11002746265409,43.2572421276083],[-79.11021946271062,43.25718852759005],[-79.11023176271449,43.25718772758933],[-79.11028066272853,43.25717012758402],[-79.11032376274235,43.25717082758215],[-79.11036666275642,43.25717592758112],[-79.1103860627626,43.25717622758031],[-79.11053366280495,43.25712172756393],[-79.11054616280862,43.257117727562616],[-79.1105785628173,43.25709842755771],[-79.11064326283606,43.25707692755097],[-79.11068346284864,43.25707422754862],[-79.1106954628521,43.257070427547404],[-79.11073796286496,43.257062427544064],[-79.11077716287657,43.257052127540454],[-79.11086396290243,43.257031127532784],[-79.11091836291907,43.25702302752886],[-79.11098166293813,43.25701052752373],[-79.11104296295721,43.25700512752003],[-79.11107026296547,43.25700002751786],[-79.11140336306455,43.25691842748824],[-79.11151806309866,43.25689032747801],[-79.11159766312231,43.256870027470754],[-79.11163306313267,43.25685922746724],[-79.11169646315139,43.25684222746134],[-79.11175106316769,43.25682962745661],[-79.11181316318601,43.25681262745075],[-79.11183816319361,43.25680852744889],[-79.11188196320661,43.25679732744494],[-79.11216556329231,43.25674352742248],[-79.11219566330172,43.25674142742073],[-79.11221466330751,43.25673822741932],[-79.11228606332999,43.25673512741551],[-79.11263616343938,43.25671072739523],[-79.11280006348949,43.256686927383534],[-79.11285226350525,43.256676727379386],[-79.11294646353345,43.256655827371354],[-79.11300706355286,43.25665682736878],[-79.11302596355863,43.25665402736747],[-79.11315706359923,43.25664102735918],[-79.11322936362122,43.256628927353745],[-79.11336426366285,43.25661312734478],[-79.11349506370388,43.25660632733762],[-79.11352816371422,43.25660412733576],[-79.11360916373937,43.25659612733066],[-79.1142138639266,43.25653422729213],[-79.1144304639931,43.25650562727724],[-79.11445306399982,43.25649972727515],[-79.11451366401847,43.25649252727109],[-79.11453486402516,43.25649182727001],[-79.11463756405671,43.256478227262924],[-79.11468756407255,43.25647742726051],[-79.11468836407282,43.25647742726047],[-79.1147785641014,43.256476027256156],[-79.11513816420951,43.25640082722641],[-79.1151601642162,43.25639732722479],[-79.11518326422299,43.256391027222634],[-79.11521206423205,43.25638912722095],[-79.11524166424104,43.25638452721883],[-79.11582846443021,43.25641232719711],[-79.11589936445279,43.25641202719383],[-79.11590336445403,43.256411927193604],[-79.11590896445583,43.2564120271934],[-79.1160564645027,43.25641142718657],[-79.11611716452168,43.256407427183106],[-79.11615746453413,43.25640252718037],[-79.1162353645579,43.25639042717468],[-79.11633416458909,43.25638742716967],[-79.11640926461274,43.2563842271657],[-79.11647096463207,43.25638072716231],[-79.11650856464408,43.25638132716066],[-79.11654326465494,43.256379027158665],[-79.11684796475046,43.25636152714175],[-79.11688506476202,43.25635852713949],[-79.11695246478257,43.25634812713462],[-79.11703266480745,43.256340427129565],[-79.11711916483473,43.25633732712507],[-79.11718696485603,43.25633402712141],[-79.11726116487898,43.25632622711665],[-79.11735496490819,43.256318627111014],[-79.11739636492126,43.25631742710897],[-79.117453164939,43.25631292710559],[-79.11750006495397,43.25631392710363],[-79.11753256496425,43.25631262710191],[-79.11767436500914,43.25630962709492],[-79.11778036504266,43.25630772708976],[-79.11801026511739,43.256325527082495],[-79.11818796517429,43.25632952707513],[-79.11831976521665,43.256333927069925],[-79.11842506524995,43.256331827064784],[-79.11854216528742,43.2563338270598],[-79.1186154653116,43.256343827058274],[-79.11880416537224,43.256350127050816],[-79.1188743653944,43.25634822704725],[-79.11894126541623,43.25635472704534],[-79.11898796543126,43.256356227043554],[-79.1192430655144,43.25637892703599],[-79.11929216553025,43.256382127034314],[-79.11938436556017,43.25638812703116],[-79.1194370655776,43.25639622703022],[-79.11959596562941,43.25641042702553],[-79.11960546563238,43.25640982702503],[-79.11964106564409,43.25641442702417],[-79.11973066567332,43.25642242702156],[-79.11994846574444,43.25644402701548],[-79.12014336581059,43.25649212701521],[-79.12016796581858,43.25649382701437],[-79.12021386583324,43.25649452701241],[-79.12029746586055,43.256502327010026],[-79.12031826586731,43.25650392700932],[-79.12049836592566,43.256516127003344],[-79.12081266602753,43.25653752699283],[-79.12093396606683,43.25654572698879],[-79.12098646608356,43.25654612698647],[-79.12103676609887,43.256537826982715],[-79.12111696612406,43.256533726978326],[-79.12116716614082,43.256542526977654],[-79.1212027661522,43.256543126976105],[-79.12127686617568,43.256541826972494],[-79.12134576619789,43.256545426970014],[-79.1213877662116,43.25654912696881],[-79.121436066227,43.25654942696662],[-79.12214746645941,43.256619526946785],[-79.12244026655443,43.25664052693721],[-79.12255026658924,43.256638226931805],[-79.12262296661247,43.256639426928686],[-79.12267796663092,43.256650226928144],[-79.1227081666413,43.2566596269284],[-79.1227213666456,43.25666062692798],[-79.1228149666767,43.25667572692643],[-79.12281786667768,43.2566767269265],[-79.12282436667992,43.25667882692653],[-79.12284576668738,43.256686026926864],[-79.12287066669599,43.25669442692724],[-79.12288356670085,43.25670342692824],[-79.1229066667091,43.25671352692898],[-79.122935266719,43.25672272692934],[-79.12303436675067,43.256724426925125],[-79.12307556676662,43.25675742692914],[-79.12309746677427,43.25676582692961],[-79.12313276678637,43.25677552692975],[-79.1231521667928,43.2567789269295],[-79.12319476680699,43.2567864269289],[-79.12321576681387,43.256788726928335],[-79.12322876681837,43.25679252692843],[-79.12327306683314,43.25680032692779],[-79.12329176683963,43.2568068269281],[-79.12334086685667,43.2568238269289],[-79.12334306685783,43.256828726929676],[-79.12335126686065,43.256831626929795],[-79.12337376687053,43.256863426934416],[-79.12337836687578,43.25690802694216],[-79.1233812668773,43.256914626943235],[-79.12339426688176,43.25691862694333],[-79.12347426690934,43.25694322694408],[-79.12355886693673,43.25694902694127],[-79.12361246695238,43.25693222693581],[-79.12362436695354,43.25690132692978],[-79.12363756695373,43.25685422692083],[-79.12364566695442,43.25683182691643],[-79.1236587669563,43.25680502691108],[-79.12367706696064,43.25678792690722],[-79.12368356696169,43.25677562690476],[-79.12369406696472,43.256772026903626],[-79.1236967669654,43.256769526903064],[-79.12374696697913,43.256743426896115],[-79.1238217670016,43.25672772688992],[-79.12384536700843,43.25671962688741],[-79.12386936701604,43.256719226886254],[-79.12390176702596,43.25671452688393],[-79.12395396704285,43.25671802688216],[-79.1239902670544,43.25671752688043],[-79.124235867134,43.25673482687238],[-79.12451646722853,43.25679582687049],[-79.12452756723214,43.25679682687015],[-79.12461936726302,43.256816326869455],[-79.12466836727953,43.2568270268691],[-79.12467306728114,43.25682802686907],[-79.1248119673275,43.256853526867275],[-79.12486426734475,43.25686082686625],[-79.12491216736088,43.25687062686581],[-79.12503036739862,43.25687252686073],[-79.12506836741139,43.25688012686036],[-79.12524426746965,43.256906826857154],[-79.12532466749612,43.25691702685527],[-79.12541046752479,43.25693282685422],[-79.12549596755366,43.256952226853755],[-79.12556336757633,43.256966826853294],[-79.1256380676014,43.2569815268525],[-79.12570296762321,43.25699522685201],[-79.12577856764908,43.257016326852295],[-79.12584146767128,43.25704222685407],[-79.12585126767462,43.25704512685417],[-79.12586036767789,43.25704932685449],[-79.12596016771282,43.257085926856455],[-79.1260352677402,43.257127626860466],[-79.12609906776447,43.25717372686577],[-79.12612916777601,43.257196726868486],[-79.1261780677932,43.25721552686962],[-79.12622016780934,43.25724792687345],[-79.12623146781343,43.25725402687403],[-79.12623746781651,43.257267226876095],[-79.12628556783633,43.257320726883414],[-79.1263027678456,43.25736532689059],[-79.126313567853,43.25741142689832],[-79.12631196785706,43.25746532690795],[-79.12629696785991,43.25755512692459],[-79.12629336785963,43.257564726926496],[-79.12628036785844,43.25759962693329],[-79.12626986785776,43.257631226939395],[-79.12626496785707,43.25764122694142],[-79.12625316785605,43.25767302694759],[-79.12622886785401,43.257740126960606],[-79.12630796789232,43.25789442698448],[-79.1263855679229,43.25796342699323],[-79.12646306795338,43.25803212700191],[-79.12647176795689,43.25804052700303],[-79.12651606797445,43.258081027008224],[-79.1265675679948,43.25812772701418],[-79.1266299680196,43.25818582702166],[-79.12665946803111,43.25821092702482],[-79.12668976804366,43.258244527029404],[-79.12671256805218,43.25825982703112],[-79.1267497680637,43.25825592702871],[-79.12677236807012,43.258246527025996],[-79.12678286807301,43.258241627024695],[-79.12681246808069,43.25822092701966],[-79.12683426808765,43.25822122701869],[-79.1268525680929,43.258214127016586],[-79.12685906809558,43.258221627017654],[-79.12686776809834,43.258221827017294],[-79.12687176810091,43.258236527019726],[-79.12688386810595,43.25825062702168],[-79.12685416809951,43.258286227029345],[-79.1268475680989,43.25830382703282],[-79.12684146809832,43.258320027035985],[-79.12684056810042,43.25834772704093],[-79.12687656811319,43.25836282704195],[-79.12688796811712,43.258366227042075],[-79.12692466812948,43.25837492704191],[-79.126973568146,43.258385627041626],[-79.12701696815901,43.258376427037994],[-79.1270797681791,43.25837742703537],[-79.12709056818277,43.25838022703532],[-79.12709386818379,43.25838002703513],[-79.12710056818621,43.258382827035334],[-79.12713966819948,43.25839282703537],[-79.12715736820626,43.25840632703695],[-79.12716236820802,43.2584084270371],[-79.12718696821767,43.25842952703971],[-79.12720506822473,43.25844502704166],[-79.1272215682316,43.25846402704429],[-79.12724576824127,43.25848722704731],[-79.12732996826969,43.25850622704686],[-79.12734546827484,43.25850872704658],[-79.12738216828775,43.25852292704748],[-79.12739626829298,43.258531927048416],[-79.12741076829819,43.25853842704895],[-79.1274134682994,43.25854282704958],[-79.1274183683012,43.25854602704996],[-79.12742766830591,43.25856602705305],[-79.12744976831598,43.25860212705852],[-79.1274533683178,43.258609927059716],[-79.1274723683258,43.258632527062844],[-79.12751446833853,43.25862522705964],[-79.1275238683412,43.25862132705855],[-79.12752966834267,43.25861692705748],[-79.12755856834988,43.25859332705194],[-79.12759636835926,43.25856242704479],[-79.12765916837661,43.25853102703632],[-79.12771526839231,43.25850582702931],[-79.12776526840638,43.258484127023124],[-79.127821368422,43.258458027015976],[-79.12788266843972,43.258436527009344],[-79.12793356845447,43.258419327003985],[-79.1279651684622,43.25839192699765],[-79.12803396848115,43.258357926988495],[-79.12812826850939,43.25833702698047],[-79.12821996853722,43.25832062697337],[-79.12825726854862,43.258315326970745],[-79.12832106856801,43.25830422696587],[-79.12837986858526,43.258287126960184],[-79.1284557686076,43.25826582695292],[-79.1285115686242,43.25825232694796],[-79.1285920686485,43.25823642694149],[-79.12866506867101,43.25822802693666],[-79.12866816867196,43.25822742693645],[-79.12872206868816,43.258216026931954],[-79.12876056869969,43.258207826928725],[-79.12883866872347,43.25819542692296],[-79.12891386874679,43.2581878269182],[-79.12900026877364,43.25818022691297],[-79.1291073688068,43.258169426906136],[-79.12915726882186,43.25815952690209],[-79.12921696883986,43.2581477268973],[-79.1292975688641,43.2581311268907],[-79.12935336888077,43.258118426885886],[-79.12941906890124,43.2581128268819],[-79.12944466890909,43.258109726880164],[-79.1295129689299,43.2580985268751],[-79.12958826895326,43.2580915268704],[-79.12964426896959,43.258073626864686],[-79.12969986898652,43.258064626860566],[-79.12976776900821,43.25806582685769],[-79.12978236901286,43.25806602685705],[-79.12982426902619,43.25806542685507],[-79.12984786903351,43.258063526853626],[-79.12986786903974,43.25806202685246],[-79.12992846905817,43.25805132684778],[-79.12994076906178,43.25804802684663],[-79.12998996907693,43.258042226843365],[-79.13005076909558,43.25803362683909],[-79.13006816910088,43.25803102683786],[-79.13011386911472,43.2580228268343],[-79.13014786912562,43.25802332683284],[-79.1302679691635,43.258019226826626],[-79.130291869171,43.25801842682546],[-79.13043516921783,43.258032526821445],[-79.13045246922339,43.25803282682072],[-79.13047626923085,43.25803152681941],[-79.13060366926987,43.25801362681042],[-79.13062686927691,43.258009626808615],[-79.13066906928955,43.25800032680504],[-79.1307243693076,43.2580058268035],[-79.13074006931282,43.25800842680327],[-79.13081276933634,43.25801262680074],[-79.13083006934185,43.25801292679996],[-79.1308705693555,43.258021726799726],[-79.13089886936528,43.25803082680007],[-79.13096876938904,43.25804802679988],[-79.13098666939494,43.25805062679956],[-79.13099956939915,43.25805192679921],[-79.13108516942619,43.258049726794944],[-79.13110006943079,43.258047826793884],[-79.13110356943183,43.25804722679367],[-79.13117596945254,43.258019626785455],[-79.13118626945528,43.25801332678385],[-79.13122526946509,43.25798242677658],[-79.13126176947448,43.25795612677025],[-79.13131176948859,43.25793512676424],[-79.13134416949775,43.25792132676033],[-79.131404969516,43.257908826755305],[-79.13144106952676,43.257900426752165],[-79.13151626955006,43.25789252674739],[-79.13157216956641,43.2578755267418],[-79.13162196958119,43.257862826737274],[-79.13167896959823,43.25785032673242],[-79.13171616960936,43.25784192672928],[-79.13173296961418,43.25783532672734],[-79.13179816963203,43.257801326718294],[-79.13180886963477,43.25779392671654],[-79.13184056964224,43.25776292670954],[-79.13190326965922,43.25772792670051],[-79.13193366966667,43.257701426694354],[-79.13202686969312,43.25766392668348],[-79.13203006969404,43.257662426683076],[-79.13208496970894,43.25763272667527],[-79.132170969733,43.25759362666443],[-79.13225186975649,43.25756702665599],[-79.13235246978634,43.25754162664694],[-79.1323954697993,43.2575329266434],[-79.13240426980188,43.257530526642554],[-79.13244696981421,43.25751582663804],[-79.13250486983095,43.257495826631875],[-79.13250786983185,43.25749462663145],[-79.13256416984791,43.25747302662509],[-79.13265156987201,43.25742942661332],[-79.13270146988607,43.25740782660725],[-79.13273496989522,43.25739022660254],[-79.13279226991065,43.257356826594055],[-79.13280176991309,43.25735022659244],[-79.13282106991757,43.25733052658807],[-79.13285856992745,43.25730682658211],[-79.13291446994418,43.257294226577336],[-79.1329640699589,43.25728152657281],[-79.133007469972,43.257273226569374],[-79.13306206998837,43.25726152656484],[-79.1330797699938,43.257259026563545],[-79.13320797003264,43.25723592655363],[-79.1332429700431,43.25722742655048],[-79.13330007006009,43.257213726545515],[-79.13333477007029,43.257203726542116],[-79.13337967008331,43.25718922653753],[-79.1333947700879,43.25718672653636],[-79.1334911701163,43.25715962652719],[-79.13352877012716,43.25714662652315],[-79.13359077014576,43.25713322651793],[-79.13367377017086,43.25711742651139],[-79.13382347022768,43.25722522652372],[-79.13384037023405,43.25723702652504],[-79.13396547026832,43.25717182650775],[-79.13400067028073,43.25718582650867],[-79.13420597033839,43.25709552648326],[-79.13414777031213,43.257004726469745],[-79.13411957029953,43.25696262646357],[-79.13413957030173,43.2569135264539],[-79.13419677031811,43.256892026447474],[-79.13419927031877,43.25689042644706],[-79.1342635703355,43.25684622643628],[-79.13427637033818,43.2568302264329],[-79.13434737035857,43.256804226425],[-79.13440837037619,43.25678272641838],[-79.13445837039015,43.256760126412125],[-79.1345207704079,43.25673522640484],[-79.1345780704247,43.25671802639916],[-79.13461397043503,43.25670512639523],[-79.1346637704498,43.256692526390744],[-79.13471227046382,43.25667612638563],[-79.13476977048012,43.25665272637886],[-79.1348257704962,43.25663202637265],[-79.13488647051406,43.25661472636679],[-79.13489337051601,43.25661222636603],[-79.13489497051656,43.256612326365996],[-79.13490047051816,43.25661072636545],[-79.13495447053545,43.25661162636314],[-79.13499867054996,43.25661682636208],[-79.13500987055384,43.2566205263622],[-79.13508227057812,43.2566355263616],[-79.13509037058077,43.25663632636138],[-79.13515217060056,43.25663732635875],[-79.13517857060675,43.25661162635294],[-79.13518317060763,43.25660472635155],[-79.13517447060332,43.25658622634865],[-79.13513707058821,43.256548626343616],[-79.13513497058742,43.256547026343455],[-79.13509967057533,43.25653752634334],[-79.1350628705628,43.25652782634332],[-79.13504607055319,43.25647802633522],[-79.13505837055372,43.25643772632749],[-79.13507327055464,43.2563929263188],[-79.13509927055873,43.25634382630895],[-79.1351369705691,43.2563246263038],[-79.13517437057968,43.25630902629929],[-79.13522447059378,43.25628732629316],[-79.1352865706117,43.25626582628651],[-79.13541747064933,43.25621862627218],[-79.13548597066892,43.25619262626444],[-79.13556707069182,43.256157926254566],[-79.13560717070314,43.25614112624973],[-79.135727870737,43.25608722623471],[-79.13574317074114,43.2560788262325],[-79.13579937075689,43.25605362622542],[-79.13586027077483,43.25603662621967],[-79.13591617079148,43.2560231262147],[-79.13597677080983,43.25601242621003],[-79.13604607083114,43.25600362620532],[-79.13613277085733,43.25598702619846],[-79.13620587087964,43.2559756261931],[-79.13626297089665,43.25596212618805],[-79.136510570972,43.25592112616956],[-79.13655257098507,43.255918226167104],[-79.13662127100768,43.255926526165446],[-79.13669337103191,43.25594202616495],[-79.13674387104848,43.25594742616362],[-79.13679947106766,43.255964726164144],[-79.13695917112118,43.25599652616253],[-79.1369640711228,43.2559970261624],[-79.13703837114578,43.255989226157645],[-79.13715517118311,43.25599112615271],[-79.13720187119833,43.25599532615129],[-79.13727827122277,43.25599662614807],[-79.13733927124382,43.25601572614865],[-79.13738807126013,43.25602552614823],[-79.13742957127364,43.25602892614691],[-79.13753107130638,43.25603362614315],[-79.13760427132775,43.25601102613578],[-79.13764787134016,43.25599372613071],[-79.13769017135253,43.25598082612648],[-79.13772267136169,43.25596702612258],[-79.13773897136653,43.2559633261212],[-79.13788307140675,43.2558969261028],[-79.13790377141234,43.255884426099676],[-79.13793527142052,43.25586332609444],[-79.13797917143225,43.25583702608778],[-79.13802927144597,43.25581082608086],[-79.13812827147268,43.25575402606626],[-79.13824327150483,43.255701726051676],[-79.13827827151445,43.255684326047],[-79.13831657152596,43.2556759260438],[-79.13835387153708,43.25566742604056],[-79.13840377155145,43.25564942603507],[-79.13844707156463,43.255642026031836],[-79.13848577157547,43.255625526027124],[-79.13853987159278,43.25562642602481],[-79.13860297161214,43.2556175260204],[-79.13864817162569,43.25560792601658],[-79.13874857165223,43.255544026000656],[-79.1387644716561,43.25553012599747],[-79.13880867166755,43.25549932598999],[-79.13886017168085,43.25546332598121],[-79.13892297169834,43.25543372597314],[-79.13892737169951,43.255430825972404],[-79.13905727173083,43.25531312594558],[-79.13912267174659,43.25525392593207],[-79.13912747174759,43.2552477259307],[-79.1391644717541,43.25518552591796],[-79.13918487175829,43.2551588259123],[-79.13920717176198,43.255118625904124],[-79.1392466717708,43.255074325894455],[-79.13927817177886,43.255051425888944],[-79.13932067179061,43.255030425883284],[-79.13939057181024,43.25500012587473],[-79.1394454718255,43.25497392586753],[-79.13952047184684,43.254943725858794],[-79.13962767187735,43.254901225846346],[-79.13967037188948,43.25488422584136],[-79.13968877189464,43.25487612583908],[-79.13982797193245,43.25480012581925],[-79.13990867195595,43.254774425810965],[-79.14003997199259,43.25471352579417],[-79.14014597202298,43.25467472578247],[-79.14023337204712,43.25463112577072],[-79.14035157208143,43.25459252575848],[-79.14042067209971,43.25454862574757],[-79.14051997212914,43.254523125738515],[-79.1405811721467,43.25450042573165],[-79.14068147217516,43.25445992571992],[-79.14068557217632,43.25445832571944],[-79.14077597220107,43.254411125706945],[-79.1408682722283,43.254385925698216],[-79.14138297237477,43.254182125638536],[-79.14139287237744,43.254176325637054],[-79.14147417240008,43.25413802562658],[-79.14156747242716,43.25410712561684],[-79.14167377245658,43.25405562560285],[-79.14175607247988,43.2540219255931],[-79.14184177250533,43.25399992558529],[-79.14192267252884,43.25397422557705],[-79.14200377255214,43.25394412556801],[-79.14208887257669,43.25391462555885],[-79.14225277262368,43.25385352554055],[-79.142372672658,43.253808825527145],[-79.14239617266453,43.253797325524005],[-79.14253937270571,43.25374572550837],[-79.1426708727416,43.25367572548987],[-79.14275217276403,43.25363552547903],[-79.14280597277984,43.253619525473766],[-79.14295547282133,43.25354832545427],[-79.14296457282367,43.253541825452736],[-79.14297557282688,43.25353802545153],[-79.14334267292607,43.253330725397966],[-79.14334667292698,43.25332652539705],[-79.14336217293022,43.25330722539289],[-79.14347497295253,43.25314732535935],[-79.14347667295283,43.25314402535869],[-79.14348837295454,43.253120825353975],[-79.14349557295428,43.25309042534827],[-79.14352117295934,43.25305472534076],[-79.14354037296361,43.25303252533594],[-79.14357197297142,43.25300602532981],[-79.14362247298418,43.25296722532057],[-79.14370387300627,43.25292262530891],[-79.14379757303261,43.25288182529743],[-79.14388437305863,43.25286252529002],[-79.14396537308178,43.25283232528099],[-79.14404617310535,43.2528066252727],[-79.14412717312892,43.252780925264474],[-79.1442262731583,43.25275562525546],[-79.1443007731806,43.25273872524908],[-79.14445687322434,43.25266912522958],[-79.14451957324133,43.25263422522051],[-79.14458167325968,43.25261722521465],[-79.14463897327644,43.25260022520906],[-79.14470587329589,43.25257862520215],[-79.1447138732982,43.25257562520126],[-79.14483917333273,43.252512825184354],[-79.1448737733419,43.252491425179],[-79.1449486733628,43.25245662516943],[-79.14501767338133,43.252416325159096],[-79.1450938734027,43.25238242514959],[-79.14512567341183,43.25237072514611],[-79.14531737346549,43.252284925122105],[-79.14548717351309,43.252208725100786],[-79.14554447352947,43.25218712509437],[-79.14560547354668,43.25216112508698],[-79.14564927355916,43.25214382508188],[-79.1456924735726,43.25214002507926],[-79.14573597358535,43.25212722507501],[-79.14577067359592,43.25212212507251],[-79.14593787364431,43.25206532505482],[-79.14594127364524,43.25206302505426],[-79.14594417364592,43.25206062505365],[-79.14600277365933,43.25199932504013],[-79.14601527366158,43.25197862503584],[-79.14603867366559,43.251938525027626],[-79.14606957367164,43.251894025018316],[-79.14610097367978,43.251872025012986],[-79.1461510736931,43.25184122500522],[-79.14619907370633,43.25181712499873],[-79.14619977370648,43.25181652499864],[-79.14640937376704,43.251744024976155],[-79.14641287376796,43.251741924975654],[-79.1464393737745,43.25171992497056],[-79.14646347378039,43.25169862496565],[-79.14650767379135,43.251662424957175],[-79.14655127380418,43.25164962495295],[-79.14665657383588,43.25162882494443],[-79.14671007385046,43.25159952493679],[-79.1470459739398,43.25139342488484],[-79.1470656739449,43.25137972488149],[-79.1470773739481,43.251373524879874],[-79.14740037403263,43.25115892482702],[-79.14741647403662,43.25114592482394],[-79.14743887404272,43.251133424820736],[-79.1476493740978,43.25099362478629],[-79.14765537409919,43.25098772478494],[-79.14766397410158,43.25098372478384],[-79.14783887414704,43.25086402475459],[-79.14784907414962,43.25085582475268],[-79.14790687416462,43.25081622474298],[-79.14795117417626,43.25078712473584],[-79.14818677423749,43.25062582469642],[-79.14820247424149,43.25061392469357],[-79.14826587425668,43.25055542468026],[-79.1483034742669,43.25053442467482],[-79.14835967428253,43.250508524667694],[-79.14840987429591,43.250477724659866],[-79.1484539743073,43.2504469246524],[-79.14850357432164,43.25042972464707],[-79.14855327433679,43.25042142464335],[-79.14858707434689,43.25041382464044],[-79.14863027435956,43.25040142463628],[-79.14867257437177,43.250386524631715],[-79.14868547437553,43.25038222463035],[-79.14880217440687,43.25031452461301],[-79.14880917440858,43.25030862461163],[-79.1488270744129,43.25029202460787],[-79.14889327442802,43.25022192459238],[-79.14895437444122,43.250148924576614],[-79.14899337445172,43.250126124570784],[-79.1490420744654,43.250105124564826],[-79.14909817448141,43.250083524558455],[-79.14913637449189,43.25006362455314],[-79.14934597454793,43.249938324521345],[-79.14935027454898,43.249934624520485],[-79.14938187455678,43.249908124514356],[-79.14941297456556,43.249895124510616],[-79.14950067458976,43.24985152449884],[-79.14952167459249,43.24980502448961],[-79.1495518746004,43.24978482448464],[-79.14958937461081,43.249767324479826],[-79.1496092746165,43.24975902447745],[-79.14982537467645,43.24965562444921],[-79.14982777467706,43.24965412444885],[-79.14985717468379,43.24962322444202],[-79.14992757470273,43.249582924431664],[-79.14996097471251,43.24957292442832],[-79.1500692747414,43.249506924411705],[-79.15007787474353,43.249499724410015],[-79.15012827475628,43.24946102440083],[-79.15016607476605,43.249434624394446],[-79.15019137477222,43.24941252438934],[-79.15023517478431,43.24939072438346],[-79.15027297479406,43.24936432437707],[-79.15034147481327,43.249333924368536],[-79.15040957483248,43.24930452436018],[-79.15044027484097,43.24928992435621],[-79.150516574862,43.24925112434582],[-79.15053657486787,43.24924602434404],[-79.15075367492993,43.24916302431938],[-79.1507594749315,43.249159724318524],[-79.15080187494358,43.24914322431365],[-79.15084577495529,43.249116824306974],[-79.15088457496627,43.24910042430224],[-79.15094727498335,43.24906682429342],[-79.15106327501499,43.24900472427712],[-79.15107677501857,43.24899602427493],[-79.15112267503048,43.248964724267275],[-79.15115437503779,43.24893192426003],[-79.15119197504795,43.24891092425456],[-79.15125447506526,43.248880424246316],[-79.15130407507999,43.24886782424183],[-79.15134147509077,43.24885482423779],[-79.15139797510606,43.24882342422963],[-79.15143487511786,43.248824024228085],[-79.15147187512937,43.24882092422582],[-79.1514790751314,43.24881802422502],[-79.15159207516103,43.24874372420659],[-79.15161497516645,43.24872132420159],[-79.15162077516644,43.24869952419744],[-79.15162957516559,43.24865682418943],[-79.1516386751636,43.24859932417884],[-79.15163987516082,43.24856252417219],[-79.15164697516043,43.24853112416628],[-79.15165457515856,43.24848082415698],[-79.15165587515554,43.24844032414977],[-79.15165707515254,43.24840072414263],[-79.15165177514822,43.24837002413744],[-79.15166567514876,43.24832432412863],[-79.15167877515026,43.24829302412247],[-79.15171767515737,43.24823052410957],[-79.1517680751697,43.248187224099624],[-79.15179367517551,43.24815982409354],[-79.15183677518581,43.2481199240845],[-79.15188737519931,43.248089224076715],[-79.15201707523119,43.247978824051195],[-79.15202607523295,43.2479654240484],[-79.15209077524901,43.247912324035994],[-79.15214107526165,43.24787272402668],[-79.15218687527246,43.24782842401671],[-79.15223517528675,43.24781572401224],[-79.15231697531104,43.247795424004885],[-79.15239047533252,43.247773223997605],[-79.15248357535998,43.24774772398884],[-79.15252437537215,43.247737823985204],[-79.15260667539624,43.247713423977174],[-79.1526389754055,43.2477016239736],[-79.15273077543247,43.247675123964676],[-79.15281917545842,43.24764962395612],[-79.15291877548762,43.24762052394641],[-79.15301387551233,43.247555223930505],[-79.15301917551344,43.24754832392902],[-79.15304017551924,43.24753782392616],[-79.15317277555411,43.24745142390478],[-79.1531824755565,43.24744372390299],[-79.15322427556683,43.247408523894805],[-79.15328317558297,43.24737792388669],[-79.15338267561175,43.24734352387602],[-79.1534463756298,43.24731752386852],[-79.15352607565248,43.24728652385934],[-79.1535705756653,43.24727082385458],[-79.15363527568381,43.24724632384728],[-79.15366177569138,43.24723552384411],[-79.15374417571493,43.24720442383483],[-79.15376207572011,43.247198423832955],[-79.15380897573351,43.24718072382766],[-79.15382337573756,43.24717462382593],[-79.15389397575682,43.24713662381595],[-79.15397497577996,43.24710542380672],[-79.15406227580476,43.2470708237966],[-79.15411487581973,43.2470500237905],[-79.15417687583712,43.24702242378276],[-79.15421837584853,43.24700132377716],[-79.15428667586878,43.24698352377085],[-79.15447007592736,43.24698652376302],[-79.15447287592848,43.24698902376335],[-79.15447367592873,43.24698902376332],[-79.1545047759402,43.247007423765154],[-79.15450097593953,43.247013623766456],[-79.1545024759401,43.247014923766635],[-79.15447477593491,43.24705742377548],[-79.15447117593473,43.247068723777616],[-79.15450997594735,43.24707242377648],[-79.15451267594823,43.24707202377633],[-79.15456837596268,43.24703402376702],[-79.15457217596365,43.24703112376636],[-79.1545781759652,43.247026523765264],[-79.15458067596583,43.247024623764766],[-79.1546377759803,43.24698122375446],[-79.15466307598646,43.24695892374933],[-79.1547018759969,43.2469370237437],[-79.15475677601255,43.24691542373734],[-79.15478827602058,43.246891623731706],[-79.15478987601662,43.24683952372238],[-79.15479667601895,43.246841523722416],[-79.1547970760187,43.2468366237215],[-79.15484417603511,43.246853823722404],[-79.15488057604674,43.24685442372088],[-79.15489887605207,43.24684832371896],[-79.15493887606256,43.246821923712425],[-79.15494577606418,43.24681502371091],[-79.15498097607346,43.24679302370539],[-79.15500467607986,43.246779023701805],[-79.15501837608342,43.246770123699605],[-79.15505267609217,43.24674412369342],[-79.15499947607026,43.24668592368547],[-79.15497927606197,43.24666392368247],[-79.15497897606151,43.24665992368179],[-79.1549662760546,43.24662622367635],[-79.15497587605536,43.246599323671155],[-79.15499507605895,43.24656912366488],[-79.15503907607058,43.24654182365802],[-79.15507697608044,43.24651532365159],[-79.15508007608113,43.24651242365097],[-79.15508237608178,43.24651152365067],[-79.15508307608194,43.24651102365054],[-79.15512687609404,43.246489223644666],[-79.15516417610486,43.246476323640664],[-79.15521397611923,43.24645902363535],[-79.15538207616753,43.246397923616804],[-79.15545687618919,43.246373023609],[-79.15552677620843,43.24633812359961],[-79.15560027622968,43.24631232359167],[-79.15568057625487,43.24630822358726],[-79.15573567627293,43.24631452358587],[-79.15580847629619,43.24631562358279],[-79.15583927630583,43.246313723581025],[-79.15594787633927,43.2463002235737],[-79.15600107635544,43.2462917235698],[-79.15601187635856,43.24628822356864],[-79.15622937641642,43.24615462353499],[-79.15623207641698,43.246151323534285],[-79.1562715764258,43.24610692352461],[-79.15631477643575,43.24606272351474],[-79.15637747645266,43.246026823505495],[-79.15643337646907,43.24601052350008],[-79.15649977649004,43.24600822349665],[-79.15657687651344,43.24599492349079],[-79.15664487653393,43.24598152348532],[-79.15686597659891,43.24591852346405],[-79.15694897662432,43.2459064234581],[-79.15704057665202,43.245889823450945],[-79.1570499766547,43.245886123449885],[-79.15731347672582,43.24573642341126],[-79.15731757672678,43.24573222341034],[-79.15733317673059,43.245718823407245],[-79.15744957675773,43.24560212338115],[-79.15753037677649,43.245520823363044],[-79.1575511767817,43.245504023359075],[-79.15760437679464,43.245457523348385],[-79.15763977680375,43.24543222334226],[-79.15772817682583,43.245360623325546],[-79.15779107684132,43.24530762331323],[-79.15787447686192,43.24523782329701],[-79.157936476877,43.24518302328443],[-79.15800007689508,43.24515792327706],[-79.15805567691244,43.24515432327394],[-79.1581108769305,43.24515962327237],[-79.15811397693145,43.2451597232722],[-79.15844137702858,43.24507682324258],[-79.1584434770292,43.24507602324234],[-79.15854017705422,43.24500802322583],[-79.15855937705889,43.24499132322197],[-79.15860367706918,43.24494702321212],[-79.15866027708424,43.244911923203254],[-79.1587227771015,43.244881423195004],[-79.15879287712086,43.24484652318561],[-79.15887387714368,43.24481182317574],[-79.15895267716579,43.24477702316597],[-79.15901747718421,43.24475102315841],[-79.15914717722106,43.24469912314325],[-79.15924517724969,43.24466922313347],[-79.15931257726848,43.244638223124895],[-79.15934377727719,43.24462342312086],[-79.15943437730124,43.24456782310686],[-79.15952157732617,43.24453402309684],[-79.15957057734015,43.244515323091285],[-79.1596968773752,43.244455123074815],[-79.15972147738191,43.24444182307134],[-79.15977647739686,43.24441212306355],[-79.15988407742668,43.24435992304938],[-79.15997907745319,43.244316223037295],[-79.16006457747861,43.24429512302963],[-79.16016387750804,43.24426982302061],[-79.16018937751578,43.2442654230187],[-79.16032077755476,43.24423232300681],[-79.16033757755966,43.24422672300506],[-79.16041797758427,43.24421532299935],[-79.16049267760887,43.24422552299781],[-79.16054057762499,43.24423532299736],[-79.16057387763702,43.244252322998875],[-79.16062517765471,43.24426842299938],[-79.1606442776612,43.24427302299935],[-79.16065927766589,43.244272322998505],[-79.160795877708,43.24425632298949],[-79.16084827772332,43.244240222984196],[-79.16086857772946,43.24423692298267],[-79.16101477776871,43.244151122960794],[-79.1610173777693,43.24414832296018],[-79.16112317780002,43.244114122949256],[-79.1611331778032,43.24411362294871],[-79.16128107784759,43.24408212293639],[-79.1613446778629,43.24402452292327],[-79.16134877786402,43.24402222292267],[-79.1614044778777,43.243974522911614],[-79.16148537790096,43.24394532290276],[-79.16155967792346,43.24393202289701],[-79.16157657792783,43.24392022289413],[-79.16164717794574,43.24386652288139],[-79.16166807795082,43.24384822287716],[-79.16168067795395,43.243838122874784],[-79.1618037779824,43.24371222284679],[-79.16188207798787,43.24348402280264],[-79.16184047796655,43.24338872278758],[-79.16184047796601,43.24338232278643],[-79.16183607796118,43.2433422227795],[-79.1618376779571,43.2432882227698],[-79.16184547795537,43.243238822760695],[-79.16184667795525,43.243233122759584],[-79.16185147795316,43.24319072275184],[-79.16186677796081,43.243222922756836],[-79.1618821779671,43.24323942275908],[-79.16190567797814,43.24328122276547],[-79.16191667798545,43.24332552277287],[-79.16191647798593,43.243332422774074],[-79.16191807799032,43.2433778227821],[-79.16192167799355,43.24340212278625],[-79.16192067799622,43.24343722279255],[-79.16193657800473,43.24347792279907],[-79.16195817801376,43.24350362280265],[-79.16196597801692,43.24351102280361],[-79.1619975780293,43.24353832280702],[-79.16200847803309,43.24354252280726],[-79.16207387805517,43.24355712280687],[-79.16208207805781,43.24355772280662],[-79.16209957806333,43.24355722280574],[-79.16217457808644,43.24354852280077],[-79.16218727809029,43.24354592279977],[-79.1621973780934,43.24354472279905],[-79.16235267813995,43.243511022786],[-79.162359878142,43.24350852278526],[-79.16236317814248,43.24350182278389],[-79.16237257814386,43.243482722780065],[-79.16237347814413,43.24348212277991],[-79.16237387814418,43.24348142277979],[-79.16241147815387,43.24345502277336],[-79.1624500781654,43.243445722769955],[-79.16251987818964,43.24346952277103],[-79.16253807819437,43.24345712276799],[-79.1625675782017,43.24343312276237],[-79.16261057821178,43.243390622752834],[-79.16264787822108,43.24336062274583],[-79.16268977823142,43.24332572273771],[-79.16271637823212,43.24323452272029],[-79.16271527823126,43.24322792271916],[-79.1627077782276,43.243213422716906],[-79.16272777823015,43.24316862270799],[-79.1627281782302,43.243167422707785],[-79.16273027823073,43.24316602270742],[-79.1628525782586,43.243035722678705],[-79.16288347826585,43.24300612267202],[-79.16288707826669,43.24300252267119],[-79.16288767826688,43.24300212267113],[-79.16298217828925,43.24291182265074],[-79.16298347828956,43.24291042265047],[-79.16301467829986,43.24291502264983],[-79.16308907832416,43.24292222264775],[-79.16315697833845,43.24283662262938],[-79.1632056783552,43.24285092262974],[-79.16337517840014,43.24274562260327],[-79.16337597840011,43.242742222602665],[-79.16336827839577,43.24271962259898],[-79.16346727842343,43.24267452258647],[-79.16348227842744,43.24266542258417],[-79.16353847844312,43.242640122577114],[-79.16360097846042,43.242609622568814],[-79.16363207846985,43.24260402256643],[-79.16368167848394,43.24258402256062],[-79.16369927848876,43.2425752225582],[-79.16372237849515,43.242563622555096],[-79.16376077850546,43.24254132254942],[-79.16379457851423,43.24251822254375],[-79.16384337852753,43.24249202253689],[-79.16393857855347,43.24244042252337],[-79.16398227856581,43.24242222251816],[-79.16406347858832,43.242383022507475],[-79.16408127859269,43.24236802250398],[-79.16411587860054,43.24233122249587],[-79.16412077860163,43.24232532249459],[-79.16415237861021,43.24230792249006],[-79.16426517864053,43.24224242247327],[-79.1643212786553,43.24220612246422],[-79.1643902786736,43.24216312245348],[-79.16449017870161,43.242118822441036],[-79.16449987870442,43.24211582244007],[-79.16464917874686,43.24205602242261],[-79.16469917876051,43.242029722415666],[-79.1647334787698,43.24201092241079],[-79.16480867879028,43.24196992240005],[-79.16489017881267,43.24192802238885],[-79.16496397883242,43.24188422237773],[-79.16502227884948,43.241867122372],[-79.16507687886617,43.24185902236807],[-79.16514647888879,43.24186432236586],[-79.16515567889157,43.24186312236523],[-79.1652054789057,43.241843022359426],[-79.16526427892184,43.24181242235129],[-79.16551877899295,43.24169652231907],[-79.16552857899565,43.241691922317784],[-79.1655120789886,43.24167032231473],[-79.16550177898439,43.24165962231328],[-79.16567457903385,43.241594522293845],[-79.16566937902994,43.24156822228942],[-79.16568237903361,43.24156252228777],[-79.16568327903347,43.24155802228695],[-79.16575187905275,43.2415276222784],[-79.16578677906284,43.24151572227469],[-79.1658099790694,43.241506322272016],[-79.16587677908817,43.24147692226373],[-79.16591407909843,43.24145822225871],[-79.16596637911321,43.241435822252306],[-79.1660692791418,43.241387022238925],[-79.16610147915064,43.24137112223465],[-79.16618937917382,43.24131412222053],[-79.16630847920568,43.24124392220262],[-79.16635777921879,43.24121352219496],[-79.16646967924814,43.24113992217679],[-79.1665548792702,43.24108032216231],[-79.16651517925386,43.24103692215636],[-79.16651937925496,43.241034322155734],[-79.16654967926208,43.24100472214909],[-79.16659967927578,43.24097842214213],[-79.16664347928783,43.240956622136245],[-79.1666996793035,43.24093062212907],[-79.16675547932054,43.24092242212504],[-79.16677897932807,43.24092282212409],[-79.16691157936953,43.24091382211642],[-79.16692197937266,43.24091172211559],[-79.16695607938227,43.24089742211146],[-79.16697887938857,43.240886022108405],[-79.16700787939655,43.240871522104534],[-79.16705207940835,43.24084512209781],[-79.16709087941895,43.24082412209231],[-79.16714717943424,43.24079362208433],[-79.16722077945508,43.240763322075594],[-79.16726547946823,43.24075052207126],[-79.16735377949414,43.24072492206267],[-79.16741827951348,43.24071092205726],[-79.1674241795152,43.240709322056695],[-79.16743527951837,43.2407053220555],[-79.1674880795332,43.24068202204893],[-79.16755767955314,43.24065612204118],[-79.16764477957871,43.24063052203265],[-79.16783777963423,43.240561622011576],[-79.16799537967921,43.24050072199358],[-79.16803097968914,43.24048452198908],[-79.16814937972295,43.24043872197559],[-79.16837357978707,43.240354021950296],[-79.16846767981446,43.240323921940664],[-79.16847657981698,43.240320921939734],[-79.16847727981724,43.24032082193966],[-79.16848047981816,43.2403197219393],[-79.16848557981972,43.24031902193896],[-79.1686578798714,43.240282421924626],[-79.16865897987175,43.24028212192451],[-79.16869387988223,43.24027472192158],[-79.1688506799293,43.24024142190853],[-79.16885507993057,43.24024042190816],[-79.16893297995385,43.24022252190145],[-79.16903747998428,43.24018912189074],[-79.16912298000963,43.240167921883085],[-79.16920488003427,43.240151221876395],[-79.16929778006215,43.24013112186856],[-79.16941548009774,43.24010962185936],[-79.16950338012394,43.24008852185164],[-79.16966418017336,43.240067721840596],[-79.1696966801835,43.240065821838826],[-79.16987548023869,43.240045621827036],[-79.16990398024734,43.240040921824914],[-79.16991598025096,43.24003822182391],[-79.17001968028018,43.23999442181138],[-79.17002358028128,43.239992521810905],[-79.17007158029361,43.23995802180254],[-79.17012268030804,43.239936321796364],[-79.17016008031882,43.23992332179233],[-79.17022918034024,43.23991642178799],[-79.1702761803548,43.23991182178502],[-79.17029518036034,43.239905821783054],[-79.17043808040064,43.239845721765874],[-79.17044448040241,43.239842421765],[-79.17051948042322,43.239806721755215],[-79.17067068046511,43.23973352173533],[-79.17075168048825,43.23970232172608],[-79.17083858051379,43.23967772171777],[-79.17091308053578,43.23965732171072],[-79.17096238055156,43.23965812170862],[-79.17102388057117,43.239659121706],[-79.17103418057523,43.23966792170715],[-79.17103878057671,43.23966862170707],[-79.17104528057958,43.23967752170836],[-79.17105998058528,43.23969022170991],[-79.1710837805952,43.23971762171371],[-79.17110718060025,43.239689121707585],[-79.17110888060033,43.239683921706565],[-79.1711065805984,43.239669921704206],[-79.17108958058986,43.23963332169842],[-79.17109368059054,43.239625721696875],[-79.17109278059006,43.239623221696476],[-79.17110308059205,43.23960822169337],[-79.17111578059406,43.23958422168853],[-79.17112488059637,43.23957732168688],[-79.17115818060327,43.23953422167766],[-79.17119498061224,43.23950232167035],[-79.17124468062671,43.23948602166517],[-79.171306280646,43.23948252166178],[-79.17130808064674,43.23948452166203],[-79.17132188065105,43.239483921661275],[-79.17133248065693,43.23951272166592],[-79.1713348806579,43.239515421666304],[-79.17136798066767,43.23950662166326],[-79.17138448067212,43.2394970216608],[-79.17138068066977,43.239483521658556],[-79.1713515806575,43.23944842165364],[-79.17135048065704,43.23944722165348],[-79.17135768065668,43.23941582164756],[-79.17136928065968,43.23940772164558],[-79.17138408066326,43.23939482164262],[-79.17138908066482,43.23939392164219],[-79.17143238067784,43.23938552163877],[-79.17145078068351,43.239382821637406],[-79.17147528069093,43.23937842163555],[-79.17163538073974,43.239353921623916],[-79.17165098074419,43.23934752162203],[-79.17170518075928,43.239322421615114],[-79.17175508077362,43.239304221609586],[-79.17179238078445,43.23929222160579],[-79.17182838079513,43.239282921602445],[-79.17187308080825,43.23927012159818],[-79.17189628081532,43.239266621596485],[-79.17192048082251,43.23926022159423],[-79.17200708084806,43.23923692158612],[-79.17203438085605,43.239228521583435],[-79.17207778086912,43.239220221579934],[-79.17217678089926,43.23920382157251],[-79.17220648090819,43.23919802157015],[-79.17228698093224,43.23917942156319],[-79.17233808094736,43.239165921558445],[-79.17240588096864,43.23916242155475],[-79.17248748099432,43.2391594215505],[-79.172499280998,43.23915842154979],[-79.17256018101678,43.23915152154577],[-79.1725795810227,43.239148221544305],[-79.17264228104125,43.239131921538586],[-79.17265948104624,43.23912602153673],[-79.17277168107785,43.239078221523116],[-79.17278968108289,43.23907062152093],[-79.17280828108791,43.239059721518146],[-79.17287938110701,43.23901812150752],[-79.17290848111394,43.23899062150132],[-79.17295938112602,43.238942621490416],[-79.17296518112725,43.23893572148897],[-79.1729989811344,43.23889282147975],[-79.17304368114408,43.238839521468236],[-79.17306078114812,43.238823321464565],[-79.1730724811507,43.23880962146165],[-79.17309568115677,43.23879452145786],[-79.1731067811596,43.23878642145594],[-79.17311578116153,43.23877502145346],[-79.17314558116762,43.238735221445076],[-79.17315188116609,43.23869372143738],[-79.17312048115296,43.23865722143229],[-79.17310498114676,43.23864232143037],[-79.17309528114069,43.23860682142451],[-79.17309348113977,43.23860292142388],[-79.17309388113979,43.23860192142369],[-79.17311328114327,43.238570421417215],[-79.17314488114977,43.238528821408345],[-79.17314908115064,43.2385228214071],[-79.17315038115095,43.2385215214068],[-79.17315178115122,43.23851972140641],[-79.17319628116137,43.23847272139602],[-79.17324818117375,43.23842392138498],[-79.17330328118868,43.23839342137707],[-79.17339068121308,43.23835342136596],[-79.17347148123669,43.23832852135787],[-79.1735458812589,43.23831182135152],[-79.17362728128452,43.23830852134723],[-79.1736748813009,43.23832282134758],[-79.17370528131227,43.238342621349744],[-79.17371618131612,43.23834712135003],[-79.1737229813189,43.238354221350995],[-79.17372438131939,43.238355121351056],[-79.17376508133586,43.23839632135653],[-79.1738255813578,43.23842782135943],[-79.17386948136998,43.23840692135368],[-79.17387238136982,43.23839402135129],[-79.1738770813681,43.238356621344394],[-79.1738774813672,43.23834402134212],[-79.17389218136809,43.23830012133365],[-79.17389598136913,43.23829822133311],[-79.1738984813694,43.23829152133184],[-79.17392538137725,43.238283421329186],[-79.1739285813781,43.238281821328734],[-79.17398468139456,43.23826472132315],[-79.17399598139784,43.23826122132202],[-79.17405318141418,43.23823932131548],[-79.17408558142338,43.23822682131183],[-79.1741448814396,43.238195421303516],[-79.17415298144181,43.238190921302376],[-79.17421578145837,43.23815132129248],[-79.17427478147509,43.23812672128539],[-79.17427548147526,43.23812642128531],[-79.1742762814755,43.2381261212852],[-79.174278081476,43.23812532128496],[-79.17437138150268,43.23808992127442],[-79.17443908152124,43.23805502126514],[-79.17449778153852,43.23803852125956],[-79.17452468154613,43.23802692125628],[-79.17459488156658,43.238005021249165],[-79.17460828157041,43.23800002124768],[-79.17467658159033,43.237978621240764],[-79.17468508159273,43.23797522123975],[-79.17480518162574,43.23791422122341],[-79.1748219816293,43.23789292121891],[-79.17483878163256,43.23786872121379],[-79.17486568163811,43.237833121206236],[-79.17492108165229,43.23779252119652],[-79.17497218166672,43.23777172119046],[-79.17503948168594,43.23774582118284],[-79.17517128172463,43.23770742116996],[-79.1752345817433,43.237690521164076],[-79.17528908175959,43.23767772115932],[-79.17534908177798,43.237669321155096],[-79.17540858179608,43.23766012115078],[-79.17547468181621,43.23764912114578],[-79.17557418184491,43.23761472113513],[-79.17574868189418,43.23754102111411],[-79.17585188192317,43.23749572110134],[-79.17586468192673,43.237490021099696],[-79.17604478197654,43.23740192107587],[-79.17606118198098,43.23739292107349],[-79.17615508200645,43.23734132106007],[-79.17623008202692,43.23730102104946],[-79.17625988203575,43.23729342104675],[-79.17631508205174,43.23727552104106],[-79.17640728207857,43.23724562103154],[-79.17644158208834,43.237232421027606],[-79.17652378211193,43.2372023210185],[-79.17661578213864,43.237172121008975],[-79.17666808215426,43.237160321004524],[-79.1767644821828,43.23713512099561],[-79.17679448219151,43.23712552099254],[-79.17687048221362,43.23710062098467],[-79.17697078224249,43.23706512097375],[-79.17698238224581,43.237060920972496],[-79.17698838224763,43.23706002097206],[-79.17704868226569,43.237046320966854],[-79.17710838228358,43.237033220961806],[-79.177143682294,43.237023920958556],[-79.17722418231807,43.23700632095179],[-79.1773002823397,43.2369759209429],[-79.17737838236266,43.236953820935376],[-79.17740678237193,43.236956320934546],[-79.17745818238836,43.236957020932365],[-79.1774974823985,43.2369296209257],[-79.1774848823918,43.236897820920596],[-79.17747978238715,43.23686262091456],[-79.17750658239328,43.236834320908315],[-79.17753928240182,43.23681232090291],[-79.17758028241349,43.236795820898095],[-79.1776582824356,43.23676452088898],[-79.17767228243952,43.23675792088714],[-79.17768438244296,43.2367532208858],[-79.17771248245073,43.236739420882024],[-79.17777168246784,43.23671902087572],[-79.17784448248858,43.23669052086735],[-79.1778491824899,43.236688620866765],[-79.17788608249936,43.23666202086041],[-79.17792868251033,43.23663142085301],[-79.17793578251259,43.23663122085263],[-79.17794368251461,43.23662592085132],[-79.17801628253781,43.23662712084828],[-79.17802468254062,43.23662862084815],[-79.17802638254115,43.23662852084803],[-79.17812118257038,43.23661762084176],[-79.17812878257254,43.236614620840896],[-79.17813248257302,43.23660602083919],[-79.17814328257272,43.23656232083093],[-79.17814738257259,43.23654532082771],[-79.17814968257197,43.23652932082479],[-79.1781507825692,43.23649332081832],[-79.17818188257539,43.23644972080912],[-79.17821748258439,43.23642242080265],[-79.17821968258492,43.236420020802136],[-79.17822458258496,43.236402420798754],[-79.17822818258406,43.23637842079431],[-79.17825998259116,43.23634292078659],[-79.17830368260357,43.2363256207815],[-79.17837828262473,43.23629532077272],[-79.17845308264633,43.23626952076472],[-79.17851528266428,43.236247920758075],[-79.17852228266635,43.2362455207573],[-79.17869768271461,43.236157020733565],[-79.17870418271622,43.23615182073237],[-79.17875288272988,43.2361301207263],[-79.17877438273652,43.23612762072482],[-79.17887728276597,43.23608962071342],[-79.1788897827694,43.23608292071164],[-79.17895188278769,43.23606582070577],[-79.17902608281027,43.23605352070024],[-79.17907448282456,43.23604082069574],[-79.17908288282703,43.23603832069494],[-79.17926518287584,43.23593032066741],[-79.1793126828884,43.23590042065991],[-79.17938918290866,43.23585212064782],[-79.17945028292587,43.235826120640425],[-79.17950108294094,43.23581342063585],[-79.17956758296258,43.23581892063385],[-79.17956988296342,43.23582032063396],[-79.17957148296395,43.23582022063383],[-79.1795914829714,43.23583372063536],[-79.17960498297644,43.23584202063622],[-79.17965048299327,43.235869820639095],[-79.17966198299665,43.235866020637886],[-79.17971298301143,43.235849320632596],[-79.17971808301265,43.23584452063151],[-79.17973508301569,43.23581712062589],[-79.17978668302871,43.23577732061644],[-79.1798349830434,43.23576922061278],[-79.17986198305125,43.23576062061004],[-79.17990778306255,43.235722020601095],[-79.17991128306322,43.235717120600036],[-79.17991748306288,43.23568952059484],[-79.17993108306331,43.23564382058609],[-79.1799746830758,43.235627320581166],[-79.18000298308426,43.23562102057875],[-79.18004688309716,43.23560872057459],[-79.18008028310675,43.235596520570894],[-79.18013058311978,43.23556142056235],[-79.18019858314081,43.23555442055804],[-79.18020508314288,43.235554520557706],[-79.1802968831713,43.235545220551906],[-79.18030978317518,43.23554262055084],[-79.18032708317983,43.23553232054824],[-79.18042628320481,43.23545542053002],[-79.18044348320876,43.23543762052611],[-79.1804483832027,43.23534792050992],[-79.18045118320306,43.235341620508684],[-79.18045258319964,43.23529642050054],[-79.18045378319654,43.23525582049327],[-79.18046578319743,43.235221020486556],[-79.18051728321117,43.235190320478715],[-79.18057348322685,43.235164120471524],[-79.18062948324287,43.235143320465255],[-79.18070308326364,43.235112220456365],[-79.18076068327942,43.23508162044831],[-79.1808549833076,43.23506022044022],[-79.18093808333157,43.2350315204313],[-79.18093978333208,43.235031320431204],[-79.18094198333269,43.235030520430946],[-79.1809905833467,43.23501322042568],[-79.18102628335812,43.235013820424136],[-79.18108308337622,43.23501452042166],[-79.18113368338528,43.23493172040465],[-79.18114108338636,43.23491662040164],[-79.18116658339221,43.23488992039568],[-79.18120438340156,43.23485902038852],[-79.18126108341625,43.234819420378855],[-79.18129308342299,43.23477852037013],[-79.18132148342828,43.23473492036105],[-79.18134418343344,43.23471082035576],[-79.18134808343419,43.23470492035452],[-79.18135558343585,43.23469662035272],[-79.18137778344015,43.234663720345836],[-79.18140818344753,43.234637220339735],[-79.1815082834746,43.234581120325224],[-79.18152268347863,43.23457472032341],[-79.18155198348656,43.2345585203192],[-79.1815709834915,43.234545220315965],[-79.18162108350491,43.2345154203084],[-79.18167108351888,43.23449282030207],[-79.18171138353006,43.234473220296785],[-79.1817137835307,43.234472020296415],[-79.18171608353133,43.234471020296134],[-79.18179498355616,43.234467620291966],[-79.18184938357587,43.23449562029448],[-79.18190458359466,43.23451002029449],[-79.18191978359988,43.23451432029459],[-79.18194418360798,43.234518720294275],[-79.18197738361681,43.234498220289105],[-79.1820100836242,43.23446332028141],[-79.18201348362422,43.23445052027895],[-79.1820138836231,43.23443612027638],[-79.18202548362181,43.234376920265355],[-79.18206978363254,43.23433792025637],[-79.18210388364196,43.23432122025185],[-79.18211078364376,43.234316420250664],[-79.18211918364658,43.23431802025054],[-79.18216918366193,43.234311520247125],[-79.18219958367273,43.234324720248104],[-79.18223248368447,43.234339620249266],[-79.18223878368657,43.23434082024918],[-79.18235988372383,43.23432602024105],[-79.18236698372593,43.23432372024032],[-79.18241578373922,43.23429752023345],[-79.18245958375122,43.234275420227505],[-79.18249098375978,43.234258420223036],[-79.18252958377025,43.23423742021754],[-79.18263738380094,43.234194620205045],[-79.1826469838034,43.23418772020336],[-79.18266148380506,43.234152820196506],[-79.18268728380986,43.2341127201882],[-79.18271638381647,43.23408172018132],[-79.18278008383415,43.23405122017302],[-79.18281678384352,43.23402472016664],[-79.18288068386053,43.2339852201567],[-79.18296178388344,43.233951520146974],[-79.18301898390013,43.23393342014118],[-79.18308008391732,43.23390742013379],[-79.18315338393883,43.233886120126655],[-79.18323538396274,43.233860320118325],[-79.18327768397512,43.23384822011425],[-79.18336338400003,43.233820520105375],[-79.18340948401335,43.23380452010048],[-79.18350318403944,43.23376102008845],[-79.18357188405837,43.23372612007912],[-79.18365398408228,43.233700420070775],[-79.18371118409878,43.233680220064585],[-79.18373718410625,43.23367092006176],[-79.1838207841302,43.23364002005243],[-79.18390148415408,43.23361882004499],[-79.18398778418054,43.233607520039094],[-79.18400798418666,43.233603520037455],[-79.18404868419883,43.23359412003393],[-79.18407828420733,43.23358412003078],[-79.18427828426438,43.23350672000794],[-79.18428538426636,43.233503320006974],[-79.18435558428538,43.233464019996816],[-79.18439288429586,43.23344801999227],[-79.18453628433514,43.23337351997249],[-79.18453688433527,43.23337311997236],[-79.18461818435738,43.23332851996076],[-79.18462928436058,43.233324819959556],[-79.18484788441945,43.23319951992734],[-79.1848610844227,43.2331883199247],[-79.18493788444293,43.2331391199125],[-79.18497508445382,43.233128019908825],[-79.18502518446748,43.233100819901665],[-79.18508098448444,43.233091819897545],[-79.18514318450208,43.23306671989023],[-79.18515308450502,43.233064119889306],[-79.18524798453197,43.23302581987821],[-79.18526158453571,43.233018919876315],[-79.18532408455307,43.232989419868254],[-79.18537998456931,43.23297151986254],[-79.18538798457152,43.23296731986138],[-79.18563968463792,43.23280701982139],[-79.18565618464214,43.232794719818486],[-79.18571738465909,43.232765119810416],[-79.18578748467844,43.23273021980102],[-79.1858498846957,43.23269971979276],[-79.18592478471652,43.232664919783126],[-79.18596828472927,43.23265211977889],[-79.18602428474534,43.23263131977262],[-79.18608628476393,43.23261791976741],[-79.1861656847874,43.23259671976003],[-79.1862176848033,43.23258941975639],[-79.18627848482109,43.2325714197504],[-79.18635168484298,43.232554619744114],[-79.1864212848633,43.232533219737086],[-79.18643368486694,43.232530219736006],[-79.18669378494278,43.23244851970962],[-79.18672098495107,43.23244441970769],[-79.1867505849593,43.23243041970381],[-79.18682478498219,43.232422519699035],[-79.18686238499426,43.232423119697444],[-79.18688308500056,43.23242001969594],[-79.18690028500579,43.232417119694674],[-79.18693488501587,43.23240631969113],[-79.18697968502866,43.232389019686046],[-79.18703988504822,43.232393719684104],[-79.18705478505272,43.23239111968301],[-79.18717608508938,43.232368419673406],[-79.1871838850908,43.23235611967089],[-79.1872034850939,43.23231961966347],[-79.18720678509474,43.23231711966287],[-79.18720758509498,43.232316719662805],[-79.18724748510527,43.232288819656006],[-79.18730348512136,43.23226801964972],[-79.18734568513344,43.23225231964507],[-79.18737488514161,43.232238719641266],[-79.18739808514803,43.23222761963825],[-79.18744088515948,43.23220271963189],[-79.18750968517848,43.23216871962268],[-79.1875555851917,43.232152119617645],[-79.18757478519701,43.232142919615136],[-79.18769038523158,43.23211671960522],[-79.18774768524868,43.23210371960028],[-79.18775798525152,43.23209881959896],[-79.18776518525335,43.23209291959757],[-79.18780208525968,43.232029419584585],[-79.18779918524952,43.231921319565494],[-79.1878052852489,43.23189101955984],[-79.18780908524799,43.231866319555216],[-79.18781118524828,43.23186161955433],[-79.18782778524653,43.2317792195389],[-79.18782948524569,43.23176321953597],[-79.18783228524603,43.23175681953472],[-79.18783258524601,43.23175521953441],[-79.18783628524649,43.23174741953288],[-79.18784548524762,43.23172581952858],[-79.1878616852488,43.23167921951953],[-79.18788508525296,43.23164081951164],[-79.18788878525355,43.231633519510176],[-79.18787688524552,43.2315838195019],[-79.18782458522651,43.231555819499306],[-79.18778038521202,43.231550719500405],[-79.18775638520378,43.231544319500344],[-79.18773728519756,43.23154211950084],[-79.18773108519522,43.23153761950033],[-79.1877266851937,43.231536419500266],[-79.18766958517315,43.231508419497914],[-79.18765618516888,43.231508219498494],[-79.18765048516708,43.231508719498834],[-79.18764278516458,43.23150801949908],[-79.1876030851519,43.231507319500714],[-79.1876038851519,43.23150421950018],[-79.18754538513278,43.231498519501784],[-79.18755418513445,43.23148531949902],[-79.18755238513273,43.23147191949671],[-79.18755168513214,43.23146721949595],[-79.18755548513218,43.231453719493345],[-79.18761478514445,43.231375819476824],[-79.18774848517356,43.23121831944271],[-79.18788868520873,43.23110781941666],[-79.1881453852804,43.23099021938403],[-79.18852078538922,43.23086571934476],[-79.18868098543768,43.23083671933233],[-79.188691585441,43.23083601933172],[-79.18873408545429,43.230833119329255],[-79.18879628547492,43.23084301932819],[-79.18887538550057,43.23084881932562],[-79.1889494855235,43.230841219320894],[-79.18898328553466,43.23084611932023],[-79.18898728554133,43.23090911933129],[-79.18901488555179,43.230929219333575],[-79.18902508555567,43.23093661933444],[-79.18909098557748,43.23094681933328],[-79.18913188558793,43.230915919325895],[-79.18914748558369,43.23080811930598],[-79.1892009855973,43.23076841929649],[-79.18939918565715,43.23073091928083],[-79.18964188572971,43.23067621926003],[-79.18990258580767,43.2306175192377],[-79.190138785877,43.230549119214785],[-79.19025548591043,43.230506019201776],[-79.19052568599176,43.23045171917981],[-79.19080458607971,43.23044261916551],[-79.19100598614213,43.23042341915292],[-79.19115978618704,43.23037621913755],[-79.19118208619354,43.230369019135225],[-79.19124578621137,43.23034051912727],[-79.19142618626401,43.23028481910913],[-79.19146918627702,43.23027691910574],[-79.19149398628421,43.2302689191032],[-79.19199068643024,43.230128219055565],[-79.19217488648377,43.230068319036526],[-79.19227848651337,43.23002921902483],[-79.19229118651646,43.23001761902219],[-79.19230748652033,43.2300027190188],[-79.19230758652016,43.22999991901829],[-79.19230378651697,43.229976819014325],[-79.19229728651455,43.229972219013845],[-79.19226688650386,43.22996051901313],[-79.19225628650018,43.229956819012976],[-79.19220898648506,43.22995611901496],[-79.1921905864769,43.22992891901099],[-79.19224768649251,43.22989911900309],[-79.19225028649313,43.22989711900261],[-79.19225958649578,43.229892919001415],[-79.19228178650184,43.229881318998345],[-79.19228348650223,43.229879618997984],[-79.19228538650259,43.229876518997344],[-79.19232418650955,43.22981371898442],[-79.19233098651128,43.2298086189832],[-79.19233948651286,43.2297950189804],[-79.19237078652125,43.229776718975685],[-79.19238298652462,43.22977051897406],[-79.192407986531,43.229752118969614],[-79.1925239865646,43.229713418957424],[-79.19275278662812,43.22960451892765],[-79.19281668664324,43.229543618913915],[-79.19286158665388,43.229500918904264],[-79.19286428665444,43.22949711890345],[-79.19286138664957,43.22945111889542],[-79.19285928664618,43.22941921888982],[-79.19285568664434,43.229410618888444],[-79.19283868663474,43.22936171888056],[-79.19283408662868,43.22930761887114],[-79.19284138662793,43.22927171886441],[-79.1928728866358,43.229246018858376],[-79.19291668664737,43.229218818851564],[-79.19297968666406,43.22917931884166],[-79.19304258668124,43.229146318832946],[-79.19305438668421,43.22913651883061],[-79.19310998670001,43.22911451882416],[-79.19314948671104,43.22909631881912],[-79.19319318672308,43.229074518813306],[-79.19327908674784,43.229044518804],[-79.19331858675936,43.22903211880001],[-79.19335018676834,43.22901961879638],[-79.19348638680876,43.22898551878411],[-79.19354608682616,43.228966718778025],[-79.19363918685367,43.228942018769395],[-79.19371098687546,43.22892931876387],[-79.19379078689911,43.2289094187567],[-79.19382698690994,43.22890121875357],[-79.19384358691475,43.22889581875182],[-79.19390458693312,43.22888331874685],[-79.19393478694212,43.22887681874435],[-79.19406998698251,43.228846218732755],[-79.19430778705507,43.228809518715366],[-79.19436738707294,43.22879691871042],[-79.19459588713751,43.228701618683075],[-79.19479038719506,43.22865061866511],[-79.19485768721562,43.22864051866023],[-79.19497868725213,43.22861741865066],[-79.19504008727128,43.22861311864709],[-79.19508888728619,43.22860571864352],[-79.19531828735643,43.228573518627336],[-79.19542038738683,43.228549218618355],[-79.1954563873972,43.228536818614565],[-79.1955293874191,43.228520818608374],[-79.19554548742421,43.2285211186077],[-79.19575788748956,43.22849481859336],[-79.19581908750804,43.22848311858848],[-79.19588218752646,43.22846421858225],[-79.19597708755572,43.2284528185759],[-79.19604048757483,43.22844061857083],[-79.1960935875911,43.22843321856707],[-79.19612338760007,43.228427418564685],[-79.1961442876066,43.2284261185635],[-79.19647308770729,43.22838011854035],[-79.19680348780747,43.22832221851498],[-79.19697918786284,43.22831601850592],[-79.19715958792159,43.22833231850056],[-79.19729988796561,43.22832551849298],[-79.19754728804506,43.22833371848319],[-79.19767798808492,43.22831351847366],[-79.19790468815542,43.22829481846],[-79.19791908815952,43.228289318458394],[-79.19792998816273,43.22828601845729],[-79.19800918818535,43.22825571844825],[-79.19817598823711,43.228240518438],[-79.1983619882938,43.22821161842436],[-79.19853608834491,43.22816181840758],[-79.19854478834712,43.22815501840598],[-79.19860018836175,43.22811981839717],[-79.19865378837771,43.22810691839245],[-79.19866928838202,43.2280995183904],[-79.19870188839145,43.228088518386976],[-79.19882188842615,43.22804781837428],[-79.19892048845608,43.2280309183668],[-79.19895398846593,43.22802191836363],[-79.19898578847591,43.2280197183618],[-79.19898978847712,43.228019018361515],[-79.19906578849944,43.22799771835424],[-79.19911518851096,43.22794811834316],[-79.19918488852716,43.22787811832754],[-79.19927008855099,43.22783971831681],[-79.19927338855189,43.22783791831635],[-79.19927888855344,43.227835718315724],[-79.19937808858121,43.227791118303244],[-79.1994914886151,43.22776571829358],[-79.19952688862604,43.2277619182913],[-79.19959128864541,43.22774831828589],[-79.19964068866076,43.22774461828301],[-79.19968448867478,43.22774531828113],[-79.19971368868379,43.22774221827929],[-79.19976298869872,43.2277337182755],[-79.19985858872775,43.22771731826823],[-79.20001708877561,43.22768731825569],[-79.20007748879385,43.22767581825086],[-79.20017788882457,43.227661418243734],[-79.20053558893395,43.22760981821826],[-79.20055578894002,43.22760591821668],[-79.20056138894172,43.22760481821621],[-79.20088938903635,43.22749061818096],[-79.20089108903683,43.22749011818079],[-79.20089188903707,43.22748961818067],[-79.20094158905138,43.227472418175346],[-79.20096148905762,43.22747081817413],[-79.20112258910505,43.22742661815894],[-79.2011711891193,43.227412118154135],[-79.20118328912297,43.22741011815324],[-79.20128628915346,43.22738311814375],[-79.20135118917187,43.22735731813618],[-79.20142568919414,43.22734051812984],[-79.20148138921117,43.227332218125774],[-79.20154568923056,43.22731971812067],[-79.20155018923191,43.22731881812026],[-79.20163008925562,43.227298718113076],[-79.20172928928535,43.227277718104816],[-79.20234978946982,43.22712601804955],[-79.2016029880633,43.21339381563914],[-79.20255758833906,43.21306671553745],[-79.20643928945725,43.21169921511724],[-79.20669508951073,43.211371915047344],[-79.2084541900167,43.21074311485529],[-79.20821478989572,43.210216114772365],[-79.20817858986781,43.21002361473973],[-79.20880839000867,43.20932581458679],[-79.20919819011957,43.20917171454164],[-79.20881968991509,43.208183314382836],[-79.20849708975184,43.20747051427063],[-79.20760478943576,43.207091014243666],[-79.20747518934881,43.20655321415377],[-79.2081436895325,43.20621341406288],[-79.20803758948503,43.20605231403903],[-79.20796968944988,43.20589281401373],[-79.20769898930271,43.205174513898115],[-79.20698568891665,43.20330301359731],[-79.20648008872288,43.20291511355122],[-79.20626138854124,43.201597113326486],[-79.20570288828075,43.200622113178206],[-79.20481588791546,43.199643813044375],[-79.20450698775282,43.1988862129235],[-79.20434178764765,43.19826671282065],[-79.20292098706166,43.19668851260421],[-79.20208548666706,43.19517251237221],[-79.20198178659953,43.19476561230441],[-79.20328528697357,43.1942894121603],[-79.2032844869732,43.19428821216014],[-79.20273398671704,43.193334112015215],[-79.20233458653516,43.192688511918355],[-79.20199468637766,43.192106811830186],[-79.2018903863295,43.191930611803535],[-79.20179548628575,43.19177051177938],[-79.20177408626971,43.19166221176104],[-79.20166488622817,43.19158221175179],[-79.2016570862248,43.191571411750175],[-79.20163008621302,43.19153381174472],[-79.20132798606531,43.19092591165018],[-79.2012119860062,43.19066441160886],[-79.20115488597713,43.19053581158855],[-79.2010731859378,43.19037871156427],[-79.20098008589297,43.190199811536644],[-79.20075918578573,43.18976421146909],[-79.20054898568567,43.189373711409026],[-79.20045318564132,43.18921011138429],[-79.20013898549587,43.18867391130306],[-79.19947148518555,43.18751981112777],[-79.19915178503344,43.18692571103649],[-79.19901978497295,43.18670771100363],[-79.1988511848957,43.186429510961695],[-79.19857188476063,43.18588481087737],[-79.1984834847191,43.185726610853216],[-79.19833818465081,43.18546691081354],[-79.19820978458993,43.185230810777306],[-79.19836348463384,43.18517261075994],[-79.19848348466819,43.18512711074637],[-79.19817248446705,43.18392341054608],[-79.19795088433136,43.1831557104193],[-79.19791348429861,43.18291011037727],[-79.19786828425912,43.18261411032659],[-79.19772528412935,43.18162141015613],[-79.19759238400889,43.180700809998164],[-79.19746438387554,43.179609309809436],[-79.19741548382693,43.179220109742324],[-79.19728498369744,43.178183709563505],[-79.19709248355268,43.17719920939685],[-79.19693668338444,43.17580110915474],[-79.1969018833543,43.17557620911626],[-79.19667828316052,43.174131208868815],[-79.19662138310382,43.17367620879032],[-79.19649898298174,43.17269660862128],[-79.19616318267285,43.17031410821183],[-79.19595738245586,43.168528007902786],[-79.19588058240456,43.1682116078499],[-79.19590108238741,43.16793280779929],[-79.19597778240353,43.167835007778365],[-79.19607528242743,43.16775150775905],[-79.1960913824314,43.16773770775579],[-79.1962575824661,43.16752420771021],[-79.19634218246183,43.16715640764081],[-79.19631348244431,43.16705770762449],[-79.19629748243452,43.16700260761541],[-79.1962562824176,43.16695750760927],[-79.19621408240026,43.166911207602915],[-79.1960565823431,43.16682770759518],[-79.19589838228802,43.166771207592326],[-79.19585928226915,43.16669490758046],[-79.195805282243,43.16658960756418],[-79.19573778220312,43.1663724075285],[-79.19568378216451,43.166119507485845],[-79.19562688213337,43.165965507461024],[-79.19558028211084,43.165874707446946],[-79.19543518205764,43.165791407438654],[-79.19542378204785,43.16571890742626],[-79.1954040820309,43.1655928074047],[-79.19550488205624,43.165513207385914],[-79.19554268206522,43.16547790737787],[-79.19552498203971,43.165243507336875],[-79.19553648203083,43.165095407309956],[-79.19554508202401,43.164982707289504],[-79.19554268201874,43.16492990728019],[-79.19553748200782,43.16482050726094],[-79.195470181968,43.164603307225256],[-79.19549568193794,43.1641535071439],[-79.19547738187862,43.163522807032294],[-79.19547808186749,43.163388607008336],[-79.19547978183664,43.163018606942266],[-79.19547338182942,43.16295760693172],[-79.19547028182593,43.16292840692661],[-79.19543818180193,43.16276580689908],[-79.19539588176862,43.162531006859155],[-79.19539308176462,43.162494406852765],[-79.19538688175578,43.16241380683867],[-79.1953919817429,43.16224280680794],[-79.19536098172101,43.16210050678398],[-79.19534868171226,43.162044006774444],[-79.19530588168031,43.16182720673776],[-79.1952753816522,43.16161060670053],[-79.19531808164909,43.161413206663404],[-79.19538538165374,43.16121620662522],[-79.19538038164816,43.16116920661707],[-79.19537578164305,43.16112600660957],[-79.19527038159411,43.16094420658193],[-79.19517658155117,43.16078960655859],[-79.1951206815173,43.16059970652726],[-79.19513798150832,43.16042880649601],[-79.19513748150757,43.16042160649477],[-79.19512058148217,43.16018540645341],[-79.19509398144389,43.159833806391944],[-79.19504048140392,43.15956290634609],[-79.19494898135486,43.15932730630818],[-79.19495348134332,43.15917430628074],[-79.19495838133082,43.15900900625104],[-79.19468788122678,43.15879640622544],[-79.19466908122196,43.1588096062286],[-79.19466748122602,43.15886360623832],[-79.19472628125241,43.15895460625188],[-79.19473538126448,43.15906280627076],[-79.19474348127927,43.15920700629607],[-79.19478868130521,43.15934280631824],[-79.19478388131743,43.159504806347336],[-79.19479528132453,43.15954650635426],[-79.19480618133137,43.159586206360835],[-79.19481208134226,43.15969230637953],[-79.19481418134617,43.15973040638621],[-79.19483768136328,43.15984400640543],[-79.19485718137747,43.159938206421316],[-79.19487358138886,43.1600109064335],[-79.1948898814001,43.16008280644561],[-79.19493188142813,43.16025580647456],[-79.19494468143672,43.16030870648337],[-79.19495598144336,43.16034490648933],[-79.19496348145948,43.16050710651794],[-79.19505778157207,43.16148110668731],[-79.19510178163651,43.16207610679139],[-79.19520098170105,43.16246490685619],[-79.19528098174412,43.16267330688973],[-79.19529578177713,43.163006706948494],[-79.19526748177879,43.163132306972216],[-79.19524188177114,43.163138106974415],[-79.19519318175661,43.1631492069786],[-79.19504588170878,43.16313780698326],[-79.19497628163926,43.16257840688669],[-79.1948696815227,43.161604206717804],[-79.19474848140769,43.16070200656245],[-79.19476598139872,43.16053100653114],[-79.19469848132371,43.15989960642166],[-79.19461388125703,43.15943010634177],[-79.19444868114851,43.15877000623157],[-79.19434948108405,43.158381306166746],[-79.19427868103679,43.15808950611796],[-79.19426178102552,43.158019806106246],[-79.19426048102288,43.15799360610168],[-79.19425388101,43.15786660607929],[-79.19420748098757,43.15777580606525],[-79.19417518096424,43.157622206039306],[-79.19414818094728,43.15752320602289],[-79.1941306809363,43.15745940601231],[-79.1941221809229,43.157333105990176],[-79.19405618087893,43.15706200594481],[-79.1940228808584,43.156944405925344],[-79.19388698074627,43.15613190578662],[-79.19386228072067,43.15592220575039],[-79.19377878063388,43.15521170562745],[-79.19373888059442,43.15489590557294],[-79.19362938048542,43.15402070542182],[-79.19359028040884,43.15326370528864],[-79.19358288035895,43.15270300518891],[-79.19355058028766,43.15198280506194],[-79.19356368029027,43.15196460505811],[-79.19353938025594,43.151651005003295],[-79.1933815800911,43.15029780476907],[-79.19303877973294,43.1473570042601],[-79.19317087977454,43.147352104253216],[-79.1932110797872,43.14735070425115],[-79.1932349798322,43.14779230432882],[-79.19325187985976,43.14805370437468],[-79.19330777989357,43.14824360440603],[-79.19330937990118,43.14832720442086],[-79.19331277991658,43.14849570445078],[-79.19336707995448,43.14873980449184],[-79.19343287999841,43.1490110045372],[-79.19342678001402,43.149218104574445],[-79.19346778005104,43.14950110462308],[-79.19347778006004,43.14957000463489],[-79.1935275801095,43.149967004703456],[-79.19356718014959,43.150291704759596],[-79.19357358016845,43.150490004794634],[-79.19366778024582,43.15104980489023],[-79.19367508025815,43.15116730491084],[-79.19368448027404,43.15132020493767],[-79.19368558027905,43.15137480494735],[-79.19368968029633,43.15156320498079],[-79.19381778032195,43.15138530494325],[-79.19378668026012,43.150772504835366],[-79.19375458023615,43.15060990480782],[-79.19372078018111,43.150087104716114],[-79.19366778013973,43.149798104666964],[-79.19365048012979,43.14974530465832],[-79.1935549800748,43.14945420461071],[-79.19351308003999,43.149201304567555],[-79.19353398002228,43.14891350451525],[-79.19359918003241,43.148788504490014],[-79.19360738002625,43.148685504471246],[-79.19355777997193,43.14822990439221],[-79.1935437799613,43.14815730437989],[-79.19349927993412,43.14800350435452],[-79.19345257991237,43.14792180434206],[-79.1934428799001,43.14781360432321],[-79.19343397988885,43.14771440430587],[-79.19343987987396,43.1475163042703],[-79.19340827984863,43.14733580423955],[-79.19340377984541,43.14731460423598],[-79.19335407980992,43.147082704196855],[-79.19335777980119,43.14696510417569],[-79.19335907979779,43.14692080416772],[-79.1933130797723,43.14679250414695],[-79.19329087976,43.14673060413693],[-79.19328227974657,43.146604404114804],[-79.19324957972397,43.14645980409049],[-79.19324077971119,43.14634260407001],[-79.19317207967478,43.14617040404239],[-79.19315467964864,43.14592700399978],[-79.19310087960936,43.145665103955466],[-79.1930919795966,43.14554790393496],[-79.19300917956103,43.145438503919245],[-79.19296187954059,43.14537470390997],[-79.1929415795328,43.14535920390812],[-79.19292577952672,43.14534710390669],[-79.19291617952406,43.145351603907976],[-79.1928883795163,43.145364503911544],[-79.1928515795046,43.145364003913116],[-79.19277827947968,43.14534480391298],[-79.19272967946262,43.14532600391186],[-79.1926692794403,43.145289003907976],[-79.1926708794362,43.14523450389821],[-79.19174527914797,43.145305403952875],[-79.19119607897893,43.145370803989515],[-79.18884827830198,43.146189504242166],[-79.18623217754768,43.14710180452372],[-79.186121977502,43.146976704506415],[-79.1860368774775,43.1470065045156],[-79.18585297742463,43.14707210453568],[-79.18535837728197,43.14724440458885],[-79.18530487726657,43.14726310459461],[-79.1852042772375,43.14729810460547],[-79.18520307723718,43.147298504605544],[-79.18514167721949,43.147320004612176],[-79.18502307718528,43.14736130462496],[-79.18408797691632,43.147695304727],[-79.18351657675194,43.14789940478938],[-79.1834397767299,43.14792710479779],[-79.18338057671286,43.14794830480425],[-79.18326707668025,43.1479892048167],[-79.18186327627679,43.14849450497063],[-79.18113617606753,43.14875300504973],[-79.1804090758583,43.149011605128884],[-79.17819677522367,43.14982250537402],[-79.17819587522344,43.14982280537405],[-79.1781950752214,43.1498019053704],[-79.1780967749597,43.147080704889405],[-79.17223187324161,43.14881010546418],[-79.1696058724723,43.14958440572154],[-79.1692217723598,43.1496976057592],[-79.16921897235899,43.149698405759416],[-79.16921637235819,43.14969920575968],[-79.16853877215937,43.149895205825445],[-79.16765867190115,43.150149905910794],[-79.16577507134942,43.150707006095715],[-79.16517687117425,43.15088390615441],[-79.16328847062108,43.15144240633977],[-79.16328787062095,43.15144260633982],[-79.16280697048008,43.15158480638704],[-79.16154987011176,43.151955606510235],[-79.1559449684696,43.15360850705946],[-79.15536696830053,43.15378270711677],[-79.15493666814841,43.15360130710389],[-79.15488016812824,43.15357570710189],[-79.15473036807491,43.153507907096625],[-79.15431476792867,43.153341407085755],[-79.15404936783524,43.15323510707886],[-79.15390326778382,43.15317650707504],[-79.15377026773702,43.15312320707153],[-79.15348366763644,43.15301150706461],[-79.1531378675151,43.15287680705627],[-79.15271956736827,43.15271360704617],[-79.15239656725491,43.152587707038364],[-79.15223846719984,43.15253120703542],[-79.15200706711988,43.1524554070324],[-79.1519497671001,43.152437507031834],[-79.15176336703595,43.1523795070299],[-79.15173376702597,43.15237270703005],[-79.15167806700718,43.15236010703033],[-79.1516451669954,43.15234460702904],[-79.15152026695067,43.152285407024145],[-79.15142886691923,43.15225700702326],[-79.15133746688772,43.15222850702228],[-79.15106866679736,43.152170107024055],[-79.15087366673048,43.15211290702274],[-79.15086496672761,43.15211170702288],[-79.15083906671909,43.15210810702345],[-79.15080006670622,43.15210280702427],[-79.15077556669779,43.15209510702399],[-79.1507392666853,43.15208370702359],[-79.15056996662923,43.15205770702664],[-79.15054336662047,43.1520536070271],[-79.15052416661409,43.15205030702738],[-79.15045596659137,43.15203860702844],[-79.15031086654314,43.152013807030585],[-79.15024436652148,43.1520078070325],[-79.15018816650323,43.152002807034165],[-79.15011786648029,43.1519959070361],[-79.15009946647424,43.15199410703666],[-79.15007786646723,43.15199200703726],[-79.14984486639132,43.15197020704394],[-79.14962466631795,43.151930607046864],[-79.14951456628123,43.15191090704837],[-79.14949056627337,43.1519080070489],[-79.14947286626754,43.15190580704934],[-79.14942876625305,43.151900507050385],[-79.14926956620072,43.15187990705391],[-79.14919566617662,43.151872707056],[-79.14915916616471,43.15186910705701],[-79.1491194661522,43.15187050705902],[-79.14898676611041,43.15187530706597],[-79.14877976604582,43.15188970707791],[-79.1487784660454,43.15188980707795],[-79.14877726604504,43.15188990707806],[-79.14861716599468,43.15189640708647],[-79.14849376595527,43.1518944070917],[-79.14846966594754,43.15189400709275],[-79.14835136591014,43.15189660709855],[-79.14823586587364,43.15189920710426],[-79.14807636582316,43.151901907111956],[-79.14796516578798,43.15190380711738],[-79.14785606575363,43.151908207123064],[-79.1478050657376,43.15191020712574],[-79.14611496521466,43.15208090723287],[-79.14342626438113,43.15233440740009],[-79.14324456432475,43.1523507074112],[-79.14297356424063,43.152374807427826],[-79.1426530641411,43.15240350744745],[-79.14231626403657,43.15243350746812],[-79.14186376389634,43.15247730749642],[-79.14128016371556,43.152533807533004],[-79.13965116321047,43.152686207634055],[-79.13873936292771,43.152771607690624],[-79.13771296260792,43.1528497077511],[-79.13659446225948,43.15293480781705],[-79.13547766191152,43.15302010788288],[-79.13416596150289,43.153120307960236],[-79.13409986148216,43.15312400796389],[-79.13404276146429,43.15312730796706],[-79.13404766148643,43.15337050801025],[-79.13405106149027,43.153403408015976],[-79.13405226149165,43.15341460801793],[-79.13405716149707,43.15346070802589],[-79.13405556150099,43.15351350803538],[-79.13405306150717,43.15359570805016],[-79.13406306153007,43.15382840809124],[-79.13406456153344,43.1538626080973],[-79.13407576155878,43.1541199081427],[-79.13358076140199,43.15412730816648],[-79.1335132613806,43.15412830816972],[-79.13350806137892,43.154128308169966],[-79.13336066133225,43.15413060817699],[-79.13334276132657,43.15413080817788],[-79.13326206130101,43.15413220818177],[-79.13220326096663,43.15415980823471],[-79.12927316004298,43.15425600838469],[-79.12758595951246,43.15432740847394],[-79.12748795948038,43.1543168084765],[-79.12737705944573,43.15432400848278],[-79.12727945941228,43.15429540848216],[-79.12719425938278,43.15426700848093],[-79.12712165935652,43.154229808477574],[-79.12709215934427,43.15419570847283],[-79.12707405933673,43.15417490846994],[-79.12706395932743,43.15410280845751],[-79.12701675930703,43.15403900844831],[-79.1269323592755,43.15398360844225],[-79.12685925924987,43.153955408440545],[-79.1267982592296,43.153945408441494],[-79.12590035894435,43.153948708482794],[-79.12439455847026,43.15400560856121],[-79.12130215749897,43.15414940872702],[-79.1213023574992,43.15415150872741],[-79.12130905750651,43.15421290873805],[-79.1213152575133,43.15426960874789],[-79.12144175771358,43.15616270907991],[-79.1215515578865,43.15779420936606],[-79.1212750577995,43.15780510938054],[-79.12078185764429,43.15782440940631],[-79.12041865752994,43.157838709425356],[-79.1198273573441,43.15786510945683],[-79.11948245723624,43.15788630947623],[-79.11929775717797,43.157892309485725],[-79.11894085706551,43.15790450950409],[-79.11826375685149,43.157920409537624],[-79.11732785655632,43.15794990958528],[-79.11616465619159,43.15801180964903],[-79.11506655584691,43.158065809708404],[-79.11494335580831,43.15807280971528],[-79.11457535569305,43.158093709735645],[-79.11451945567542,43.15809570973857],[-79.11452015567693,43.158111109741256],[-79.11256365506404,43.15822220984977],[-79.1126803552041,43.15943931006161],[-79.11270505523377,43.159697510106575],[-79.11278295532733,43.160510710248126],[-79.11278055545348,43.16201101051592],[-79.11257475538831,43.16201441052583],[-79.11257475538868,43.16201901052666],[-79.10900615426073,43.16210391070352],[-79.10875545418182,43.16211351071658],[-79.10875575418252,43.16212081071794],[-79.10876415420837,43.16239471076638],[-79.10876725421775,43.16249441078406],[-79.10879315429742,43.16333881093353],[-79.10881015434926,43.16388751103061],[-79.10881675436697,43.16407221106329],[-79.10886915452039,43.16568941134943],[-79.10887165453074,43.165801911369385],[-79.10753805410769,43.165815911432304],[-79.10677055386394,43.16582041146784],[-79.10492585327802,43.16583121155341],[-79.1034564528123,43.16585081162347],[-79.10326905275288,43.16585331163241],[-79.1025707525312,43.16585871166502],[-79.10211935238793,43.165862211686104],[-79.10185685230458,43.16586431169838],[-79.10086975199124,43.16587201174444],[-79.100648251921,43.165874711754995],[-79.1000921517447,43.16588161178139],[-79.09947315154803,43.165884811810024],[-79.09751035092546,43.16590621190276],[-79.09631345054524,43.16591231195806],[-79.09626775053069,43.165912511960165],[-79.09607985047107,43.16591381196892],[-79.09599725044478,43.16591431197275],[-79.09588015040758,43.1659151119782],[-79.09557845031198,43.16591911199258],[-79.09528025021741,43.16592311200679],[-79.09512135016698,43.16592401201418],[-79.09305794951153,43.165935612109706],[-79.09171494908581,43.16595371217374],[-79.08930364832143,43.16598591228871],[-79.08901744823069,43.16598971230236],[-79.08859284809618,43.16599611232275],[-79.0864939474304,43.166019612421984],[-79.08445334678328,43.16604391251868],[-79.08305224633992,43.16607211258719],[-79.08274484624263,43.1660783126022],[-79.08230014610167,43.16608441262342],[-79.07823134481362,43.16616021282115],[-79.07722594449537,43.166179312870106],[-79.07488414375379,43.16622091298351],[-79.073638043359,43.16624061304342],[-79.07251054300212,43.16626261309838],[-79.0719132428131,43.166274413127574],[-79.07091744249783,43.16629281317593],[-79.07013074224871,43.16630741321411],[-79.06965084209651,43.166312813236814],[-79.06963764202877,43.16556071310321],[-79.06962634197073,43.164915912988626],[-79.06961704192291,43.16438521289439],[-79.06961314191496,43.1643054128803],[-79.06960114189008,43.16405631283642],[-79.06941204183423,43.16410741285405],[-79.06941044183378,43.16410781285424],[-79.06878234164824,43.16427751291295],[-79.06674774104732,43.16482721310309],[-79.06439414035218,43.1654631133231],[-79.06419044029217,43.165519813342435],[-79.06402504024344,43.16556601335814],[-79.06402884026524,43.16581001340153],[-79.06405264040086,43.16732611367099],[-79.0640547404129,43.1674606136949],[-79.06411764077075,43.17146011440564],[-79.06414504092676,43.1732039147155],[-79.06312774060385,43.17321351476327],[-79.06290904053444,43.17321561477355],[-79.0627006404684,43.17321841478348],[-79.0611121399647,43.17323981485918],[-79.05881273923559,43.173269914968586],[-79.05713393870388,43.17330001504994],[-79.05713053870504,43.17332621505479],[-79.057128838709,43.17338011506446],[-79.05711903871229,43.173455615078396],[-79.05710553871455,43.17353281509275],[-79.05711063872182,43.173600415104616],[-79.0571190387326,43.173695915121264],[-79.05711863873292,43.173701015122184],[-79.05711573873981,43.17379401513891],[-79.05709873874788,43.17395301516804],[-79.05710543875337,43.17399291517483],[-79.05711413875989,43.17403721518238],[-79.05711243876395,43.17409221519229],[-79.05711033876895,43.17415871520425],[-79.05709443876806,43.17420811521377],[-79.05708563876793,43.17424011521989],[-79.0570724387671,43.17427951522751],[-79.05705863876614,43.17432061523545],[-79.0570418387707,43.17443751525709],[-79.05703473878701,43.174657315296585],[-79.05703563879334,43.174729215309384],[-79.05703023879752,43.17479871532204],[-79.05702913880009,43.174833415328294],[-79.0570404388227,43.175058815367976],[-79.05703673882346,43.175081315372154],[-79.05702933882745,43.17515671538595],[-79.05701603882754,43.17520761539566],[-79.0570109388285,43.17523831540133],[-79.05693893881275,43.17532281541967],[-79.05692383880961,43.17534321542397],[-79.05692333880963,43.17534511542438],[-79.05690963881479,43.17545731544501],[-79.05691113883313,43.17566891548268],[-79.05692143884441,43.17576381549916],[-79.05692833885149,43.17582141550914],[-79.0569198388552,43.175897815523115],[-79.05689053885193,43.17596931553723],[-79.05688923885197,43.17597471553822],[-79.05688703885153,43.17597771553884],[-79.05688643885145,43.17597921553918],[-79.05684113884341,43.17605411555455],[-79.05680333883662,43.176116415567414],[-79.05670603881579,43.1762364155932],[-79.05669653881395,43.17625071559621],[-79.05658923879882,43.17647561564117],[-79.05658753879885,43.176481915642356],[-79.05655323879726,43.17659301566378],[-79.05651613879259,43.17667721568048],[-79.05651523879256,43.17667991568099],[-79.0565010387914,43.17671971568868],[-79.05643323878591,43.17691041572578],[-79.05643213878639,43.176920515727645],[-79.05643183878712,43.17692961572927],[-79.05644173880131,43.17706101575226],[-79.05643533880217,43.17709481575863],[-79.05642433880483,43.17716801577215],[-79.05640973880627,43.17723981578561],[-79.05638253880444,43.17732031580124],[-79.05634293879905,43.1774061158183],[-79.05633243879716,43.17742301582177],[-79.05620783877798,43.177665115870646],[-79.05619853877714,43.17769091587566],[-79.05617953877575,43.17774531588624],[-79.0561050387736,43.17800091593523],[-79.0560813387786,43.17814911596269],[-79.05607933877825,43.178152515963404],[-79.05603183876961,43.1782292159792],[-79.05603173876983,43.17823261597985],[-79.0560337387705,43.17823291597981],[-79.05603793877683,43.17829151599007],[-79.05603693877917,43.17832301599572],[-79.05604003878857,43.178422916013425],[-79.05603883879154,43.178462616020546],[-79.05603653879682,43.17853371603335],[-79.05602773880094,43.17861551604831],[-79.05601823880667,43.1787189160672],[-79.0560128388097,43.1787753160775],[-79.0559869388317,43.17913341614258],[-79.05599023883538,43.17916461614797],[-79.05600133884619,43.17925081616285],[-79.05600393885081,43.17929531617065],[-79.05601723886575,43.17942191619269],[-79.05602013886767,43.17943391619466],[-79.05602263886948,43.1794460161967],[-79.0560856389074,43.179657416231564],[-79.05619763896257,43.179888516267745],[-79.05621403897042,43.17991981627257],[-79.05622303897503,43.17994081627592],[-79.05626823899736,43.180034216290565],[-79.0562856390062,43.180073416296764],[-79.05632973902642,43.180146916307855],[-79.0563695390479,43.180251116324655],[-79.0564037390661,43.180337216338444],[-79.05641323907099,43.18035971634204],[-79.0564441390867,43.180429016352996],[-79.05647933911887,43.18067701639565],[-79.05650823913085,43.18071031640027],[-79.0565787391601,43.1807912164115],[-79.05672703921593,43.18089291642296],[-79.05674103922227,43.1809157164264],[-79.05675393922753,43.180929416428256],[-79.05676183923177,43.180949516431454],[-79.0568110392542,43.181029416443494],[-79.05692503929826,43.181121416454744],[-79.05692613929881,43.18112401645516],[-79.05696133931508,43.18118411646428],[-79.05698953933083,43.181263816477234],[-79.05703463935602,43.18139251649814],[-79.05705733937164,43.181492016514845],[-79.05706343937689,43.18153101652155],[-79.05706693937934,43.18154701652427],[-79.05719873944092,43.18177891655962],[-79.05719943944123,43.18178021655983],[-79.05720063944172,43.181781616560045],[-79.05722883945427,43.18182351656624],[-79.05728323947774,43.1818964165768],[-79.05731823949422,43.18196001658654],[-79.05734103950603,43.18201361659507],[-79.05736593952003,43.18208531660671],[-79.05736733952068,43.18208791660713],[-79.05736773952106,43.18209061660756],[-79.05736813952124,43.182091516607755],[-79.05736853952168,43.182095416608384],[-79.05739703954579,43.18227301663882],[-79.0574712395843,43.182449616666936],[-79.05748023958928,43.18247421667091],[-79.05750933960287,43.18252611667888],[-79.05753783961812,43.182598616690505],[-79.05757763963958,43.18270291670729],[-79.05759463965187,43.182784216721046],[-79.05759243965727,43.18285621673398],[-79.05758643965714,43.18287781673814],[-79.05757893966553,43.183005116761144],[-79.05757983966646,43.183012416762395],[-79.0576513397009,43.18315081678389],[-79.05770943973104,43.18328861680584],[-79.05771263973257,43.183294916806815],[-79.05774433975674,43.183461216835035],[-79.05775433976682,43.18354311684919],[-79.05778943979507,43.18374541688369],[-79.05781263980948,43.18382791689733],[-79.05782053982009,43.18392421691414],[-79.05782193982128,43.18393261691559],[-79.05782503982527,43.183968016921746],[-79.05783013983063,43.18401281692953],[-79.05784203984206,43.184103016945066],[-79.05784063984521,43.18414541695268],[-79.05785483986337,43.18430661698083],[-79.05785813986664,43.18433291698537],[-79.05785493986797,43.18436111699051],[-79.05785223987091,43.18440591699864],[-79.05782903987316,43.18451971702],[-79.05782873987322,43.18452161702032],[-79.0577775398782,43.1847730170675],[-79.05776983988025,43.1848267170774],[-79.05774863988071,43.184911817093564],[-79.05774143987983,43.18492881709693],[-79.05768683988124,43.18515101713904],[-79.05768383988206,43.185171917142895],[-79.05768323988353,43.18519111714633],[-79.0576862398936,43.18529891716545],[-79.05768573989356,43.18530031716569],[-79.05768593989387,43.18530341716625],[-79.05767173989403,43.18535901717681],[-79.057652039894,43.185432617190834],[-79.05762723988947,43.18547251719906],[-79.05762693988945,43.18547351719925],[-79.05750023987139,43.185737017251995],[-79.0574889398706,43.185770117258414],[-79.05747293986866,43.18580761726579],[-79.05743333986321,43.18589171728262],[-79.05739463985887,43.18598631730125],[-79.05737873985989,43.18605811731479],[-79.05736063986079,43.18613661732959],[-79.05735443986134,43.18616681733528],[-79.05734203986414,43.18624661735004],[-79.0573206398653,43.1863408173678],[-79.05728753986119,43.18641681738287],[-79.05725373985834,43.186510717401134],[-79.05719793984781,43.18659611741887],[-79.05719573984753,43.186600817419844],[-79.05719063984647,43.18660751742123],[-79.05713843983676,43.18668891743811],[-79.05707173982262,43.18677331745624],[-79.05701743981045,43.186833517469374],[-79.0568757397852,43.18706811751762],[-79.05669663976387,43.18749031760104],[-79.05669303976397,43.187505217603864],[-79.05667153976205,43.18756341761523],[-79.05664003975726,43.187625017627674],[-79.05647943972407,43.18783741767279],[-79.0564215397121,43.187913717689064],[-79.0564171397113,43.18792031769038],[-79.05640833970999,43.18793861769405],[-79.05638863970776,43.18798631770344],[-79.05636223970734,43.18808041772143],[-79.05631563969851,43.18815161773628],[-79.05627813969151,43.18820941774827],[-79.05625593969123,43.18829021776366],[-79.05621643968549,43.18837041777978],[-79.05614243966986,43.18846461779988],[-79.0560136396513,43.188729617853],[-79.05601403965196,43.18873621785416],[-79.05600453965063,43.18875611785813],[-79.05597403964899,43.18885191787657],[-79.05597193964918,43.18886161787843],[-79.05596963965452,43.188933617891365],[-79.05594883965739,43.189045817912294],[-79.05589763964636,43.18910801792572],[-79.05585823963753,43.189152317935424],[-79.0558543396368,43.18915781793656],[-79.05571813961234,43.18938111798256],[-79.05571263961136,43.18939081798457],[-79.05570933961124,43.18940171798666],[-79.05569573961186,43.189460217997684],[-79.05566303960983,43.18955871801676],[-79.05561953960027,43.189609718027796],[-79.05549453957354,43.18976431806102],[-79.05548233957143,43.18978531806532],[-79.05546183956875,43.1898309180744],[-79.05541513956429,43.1899537180984],[-79.05540183956361,43.18999561810646],[-79.05536263955926,43.190091818125396],[-79.05534443955752,43.190139618134765],[-79.055284339546,43.19022941815352],[-79.05518943952777,43.19037111818305],[-79.05508063951214,43.190596218228144],[-79.0550746395115,43.190611218231055],[-79.05503443950741,43.19071411825122],[-79.05496293949484,43.19083451827594],[-79.05496103949446,43.19083741827658],[-79.05487673947981,43.19098111830599],[-79.0548443394748,43.191044018318664],[-79.0547856394644,43.19114221833886],[-79.05471583945197,43.191257918362616],[-79.05461783943514,43.19142741839731],[-79.05455353942217,43.191516318416056],[-79.0544902394084,43.19159111843226],[-79.05434463938866,43.191905818495016],[-79.05433053938819,43.19195381850421],[-79.05427833937989,43.192051918524065],[-79.05426483937832,43.19208441853044],[-79.05424323937626,43.19214111854156],[-79.05423603937702,43.192177318548346],[-79.05421663937652,43.19224441856115],[-79.05417303936947,43.19232531857755],[-79.05417263936943,43.19232601857768],[-79.05417093936917,43.19232921857836],[-79.05416743936841,43.192333218579236],[-79.05407693935018,43.19245851860567],[-79.05407603935,43.19245991860597],[-79.05407343934958,43.19246491860697],[-79.05404773934652,43.19252521861887],[-79.05402113934332,43.19258771863123],[-79.05399493933923,43.19263781864135],[-79.05397563933563,43.19266811864762],[-79.05394313932992,43.192722518658805],[-79.05391703932528,43.192766118667784],[-79.0538975393216,43.192796218674],[-79.05389403932107,43.19280281867534],[-79.05380163930754,43.192990318712994],[-79.05379713930687,43.192999818714846],[-79.05377693930599,43.19306541872749],[-79.05374533930168,43.19313331874102],[-79.05369993929357,43.19320811875641],[-79.05369533929249,43.193212718757444],[-79.05357213926611,43.193364618790085],[-79.05353093926213,43.19347271881129],[-79.05350453926042,43.193551418826466],[-79.05349663925956,43.19357111883031],[-79.053444139261,43.193785718870956],[-79.05339793927054,43.19407301892432],[-79.05339203926977,43.19408551892684],[-79.05336973926796,43.19414811893898],[-79.05333503926174,43.194205518950795],[-79.05333213926137,43.194211518951974],[-79.05322783924359,43.19439431898931],[-79.05317793923962,43.19453461901657],[-79.05314363923752,43.19463941903685],[-79.05312463923718,43.194707019049716],[-79.05308333923854,43.194878019082104],[-79.05305513923878,43.19498741910289],[-79.0530026392405,43.19520531914411],[-79.05298873924016,43.19525351915331],[-79.05298063923928,43.1952736191573],[-79.05294153923825,43.19540821918303],[-79.05294063923847,43.19541471918428],[-79.05293533923805,43.19542951918712],[-79.05288733923678,43.19559511921882],[-79.05275023922148,43.19593051928482],[-79.05264313922166,43.19633531936186],[-79.05263963922299,43.1963642193672],[-79.05262563922163,43.196401219374444],[-79.0525984392217,43.196504019394],[-79.05259823922171,43.19650461939412],[-79.0525981392219,43.1965075193946],[-79.05257133921904,43.19657461940783],[-79.05255133921675,43.19662291941733],[-79.05253163921395,43.19666401942553],[-79.0524942392078,43.19673201943934],[-79.05247933920694,43.196777819448194],[-79.05247313920671,43.19679811945212],[-79.05245783920674,43.19685631946315],[-79.05243763920475,43.19690901947347],[-79.052417139204,43.19697711948658],[-79.05238343920045,43.19706221950325],[-79.05235873919706,43.19711481951375],[-79.05230023919061,43.19725911954214],[-79.05229703919035,43.19726781954383],[-79.0522895391895,43.19728571954735],[-79.05226553918688,43.19734491955901],[-79.05222473921212,43.19779731964149],[-79.05222193921888,43.19788781965776],[-79.05221153922031,43.19794381966823],[-79.05220963922154,43.197965319672164],[-79.05220593922357,43.19800361967912],[-79.05220473922633,43.19804061968581],[-79.05219733922827,43.1980916196952],[-79.05215393925221,43.19853761977672],[-79.0521422392586,43.19865761979862],[-79.0521382392634,43.198729219811575],[-79.05212263928233,43.199011419862615],[-79.05212433928364,43.199020719864194],[-79.05214703929583,43.19907961987365],[-79.05216343930661,43.19914481988453],[-79.05218023931637,43.199197219893136],[-79.05217833932075,43.19925571990362],[-79.05218923932799,43.19930101991121],[-79.05217523932811,43.19935471992143],[-79.05217443932982,43.19937801992565],[-79.0521765393317,43.199392019928005],[-79.05213193934823,43.1997558199949],[-79.05213633935115,43.19977351999784],[-79.05215963936458,43.19984432000941],[-79.05217263937519,43.19992112002252],[-79.05217423937626,43.199927620023644],[-79.0521748393779,43.19994522002674],[-79.05217863938553,43.2000211200401],[-79.05218233939323,43.200097720053606],[-79.05218153939502,43.20012192005793],[-79.05218253939756,43.200148420062604],[-79.05222653942432,43.20029912008747],[-79.05224373943274,43.2003338200929],[-79.05226093944151,43.20037292009909],[-79.05226433944682,43.20042332010793],[-79.05226733944919,43.200439320110654],[-79.05227753945536,43.20047422011636],[-79.052421739527,43.2007783201641],[-79.05242673953029,43.20079862016746],[-79.05244783954097,43.20084512017479],[-79.05246423955154,43.20090852018539],[-79.05246853955795,43.20096802019578],[-79.05249723957692,43.201084720215334],[-79.05251813958897,43.20114802022562],[-79.05252913959798,43.20121322023674],[-79.0526441396547,43.20145132027397],[-79.05264973965738,43.201461820275625],[-79.05267883967117,43.20151532028382],[-79.05268953967716,43.201545420288724],[-79.05270393968426,43.20157532029339],[-79.0528495397533,43.20184352033463],[-79.05287523976358,43.20186872033793],[-79.0529008397734,43.20188822034026],[-79.05293653978784,43.201925020345236],[-79.05297943980531,43.2019698203513],[-79.05300603981608,43.201996820354886],[-79.05309933985352,43.20208832036698],[-79.05313943986913,43.20212212037118],[-79.05315423987538,43.202140620373804],[-79.05356624003731,43.2025040204199],[-79.05406474022833,43.20288642046554],[-79.05432324032618,43.20307082048668],[-79.05439394035216,43.20311142049075],[-79.05440514035607,43.20311592049103],[-79.05444274036991,43.203137520493186],[-79.05448504038544,43.20316252049574],[-79.05448954038721,43.20316652049625],[-79.05483124051264,43.20336312051579],[-79.05486784052643,43.20338842051865],[-79.05488014053081,43.203394220519115],[-79.05492484054743,43.20342202052206],[-79.05496574056332,43.20345612052628],[-79.05522504066101,43.203635420546505],[-79.05531164069366,43.203694920553225],[-79.05534144070471,43.203713620555206],[-79.05539464072467,43.20374972055921],[-79.05546234074896,43.20378222056191],[-79.05550904076736,43.20382362056723],[-79.05556514078906,43.20386902057277],[-79.05559444080009,43.203889220575014],[-79.0557803408687,43.204000520586455],[-79.05579304087372,43.20401272058808],[-79.05584774089431,43.204050020592234],[-79.05589554091343,43.20409582059823],[-79.05592844092784,43.20414252060505],[-79.0562200410443,43.204422220641725],[-79.05624704105547,43.204452020645796],[-79.05636114110008,43.204550420658194],[-79.05641454112249,43.204614320667154],[-79.05645934114284,43.20468602067789],[-79.05646884114674,43.20469662067934],[-79.05663624121398,43.20486152070116],[-79.05676774125975,43.20490762070346],[-79.05680524127176,43.204908220701824],[-79.05684804128616,43.204917920701654],[-79.05689164130175,43.204937720703214],[-79.05693224131696,43.20496522070626],[-79.05694664132197,43.20497022070649],[-79.05715124140151,43.205140420727595],[-79.0572753414498,43.20524422074045],[-79.0573156414649,43.20527072074339],[-79.05745464151909,43.20538832075801],[-79.05751504154136,43.20542452076173],[-79.05759874157462,43.20550252077188],[-79.0576945416124,43.20558872078289],[-79.05773204162747,43.20562622078785],[-79.05784904167304,43.205724020799984],[-79.05785124167393,43.20572642080034],[-79.0579219417023,43.205796120809545],[-79.05799314173159,43.20587382082018],[-79.0580575417578,43.20594162082937],[-79.05811864178159,43.20599302083573],[-79.05818414180825,43.20606172084504],[-79.05824394183199,43.20611682085214],[-79.05830364185599,43.20617632086002],[-79.05836754188331,43.20625852087179],[-79.05843984191405,43.20634972088476],[-79.05846924192659,43.20638762089025],[-79.05850734194219,43.20642842089574],[-79.05867984200961,43.20657652091432],[-79.05870284201829,43.206592720916156],[-79.0587870420501,43.20665182092288],[-79.05881054206036,43.206684520927666],[-79.05882194206667,43.20671632093281],[-79.05883204207257,43.206748020938015],[-79.05886234208683,43.20680262094638],[-79.0588697420905,43.20681782094876],[-79.05889404210089,43.20684932095326],[-79.05891934211216,43.20688712095887],[-79.05894374212212,43.20691292096237],[-79.05904504216662,43.20705772098359],[-79.05908034218245,43.207112420991756],[-79.05912694220453,43.20719762100482],[-79.05913144220652,43.2072043210058],[-79.05914064221108,43.20722332100878],[-79.05918484223228,43.20730782102185],[-79.05923684225766,43.2074122210381],[-79.05928284228112,43.20751652105459],[-79.05933694230491,43.207593921065936],[-79.05935344231597,43.2076624210774],[-79.0593603423194,43.20767662107962],[-79.05936144232086,43.20769052108205],[-79.05938704233503,43.2077614210935],[-79.05939544234498,43.20784722110844],[-79.05938204234687,43.20791972112195],[-79.05937964234667,43.20792692112337],[-79.05937794237035,43.208212721174355],[-79.05955124243526,43.208328321187125],[-79.05961644245919,43.20836522119075],[-79.05972354249839,43.2084257211967],[-79.05972974250109,43.20843462119795],[-79.0597940425254,43.20847982120317],[-79.05983664254322,43.2085299212101],[-79.05987034255931,43.208593521219946],[-79.0598925425728,43.20866952123246],[-79.05994884260464,43.2088335212592],[-79.05995914261324,43.20889672126998],[-79.05996484261962,43.20895082127937],[-79.0599799426302,43.209018621290724],[-79.0599891426415,43.209117821308006],[-79.05999074264548,43.209158521315196],[-79.059995542649,43.2091821213192],[-79.06000134265538,43.20923592132851],[-79.06000874266113,43.209275721335246],[-79.06002394267438,43.209375021352294],[-79.06004474269129,43.20949692137304],[-79.0600473427013,43.20960502139222],[-79.06005134270865,43.2096771214049],[-79.06006114271861,43.2097573214187],[-79.06006514272568,43.20982592143078],[-79.06006574272693,43.20983902143307],[-79.06007934274214,43.2099670214553],[-79.06011094276134,43.210074821473086],[-79.06012834277104,43.210124221481074],[-79.06013154277383,43.21014532148472],[-79.06016684279523,43.210265621504554],[-79.06019194280842,43.21032672151428],[-79.06021994282163,43.21037782152213],[-79.06025414283984,43.21046402153595],[-79.06026644284745,43.21050792154319],[-79.06027124284996,43.21051952154504],[-79.06027104285052,43.210526621546315],[-79.06027554285544,43.21056802155354],[-79.06028514286231,43.21061312156112],[-79.06029064286908,43.210671721571295],[-79.06029524287436,43.21071682157913],[-79.06029354287836,43.21077082158881],[-79.0602616428764,43.210868021607624],[-79.06026164287663,43.210870621608095],[-79.06025464287815,43.21091472161625],[-79.06025134287934,43.21094112162111],[-79.06024254288377,43.211026521636725],[-79.06022804288381,43.21108162164719],[-79.06019804289025,43.21127022168218],[-79.06021554295685,43.211991021809865],[-79.06021774295857,43.21200302181186],[-79.06023794297349,43.21210342182886],[-79.06025494298608,43.21218822184321],[-79.0602816430053,43.21231482186456],[-79.06029304301484,43.2123848218765],[-79.06031014302754,43.2124698218909],[-79.06030844302764,43.2124780218924],[-79.06031804303485,43.21252712190074],[-79.06031064303595,43.21256742190828],[-79.06029794303653,43.21262222191859],[-79.06028434303516,43.21265702192541],[-79.06025894303255,43.212721921938154],[-79.06025824303262,43.212725321938755],[-79.06025094304937,43.212950421979244],[-79.06024894304947,43.21295912198084],[-79.06024664305474,43.21303012199367],[-79.06023044305681,43.213115422009544],[-79.06021754305718,43.21316832201957],[-79.06019094305445,43.213236222032855],[-79.06017714305388,43.21328102204148],[-79.06015744305408,43.21335742205598],[-79.06007124305692,43.21371502212361],[-79.0600708430576,43.21372502212544],[-79.06006694306707,43.21385092214804],[-79.06007034307498,43.21393202216234],[-79.06006854307937,43.213990522172864],[-79.06006064308184,43.21404892218365],[-79.06004644308186,43.21410282219386],[-79.06002674307929,43.21414652220257],[-79.06001224308007,43.214210222214575],[-79.06001104308012,43.214215422215545],[-79.05995084308732,43.21452672227376],[-79.0599575430938,43.21457852228267],[-79.05994184309792,43.21468622230259],[-79.05992024309944,43.21478492232113],[-79.05987914309702,43.214911122345484],[-79.05988974310534,43.214969022355326],[-79.05989994311429,43.21503672236692],[-79.05990304312031,43.21509612237736],[-79.05989634312266,43.215149222387126],[-79.05988854312444,43.21519952239643],[-79.05986254311988,43.2152432224054],[-79.05983174311383,43.215287722414736],[-79.0598040431096,43.215341222425565],[-79.05979734310992,43.21537072243109],[-79.05977344311171,43.215481322451915],[-79.05976634311621,43.21556122246648],[-79.05973854311573,43.2156598224853],[-79.05972394311756,43.215737022499695],[-79.05971414312047,43.215808022512775],[-79.05970054312307,43.21588962252798],[-79.0596862431241,43.215956022540446],[-79.05966544312321,43.21602322255333],[-79.05963964312146,43.21609932256808],[-79.05963944312144,43.21609992256822],[-79.05953044312845,43.216592622660954],[-79.05951604312952,43.21665912267345],[-79.0595142431291,43.21666092267386],[-79.05938424310982,43.21692212272626],[-79.05934064310338,43.21700962274383],[-79.05933784310308,43.217016622745255],[-79.05933104310424,43.2170557227525],[-79.05930334310007,43.21711112276363],[-79.05929394309811,43.21712332276624],[-79.0591030430767,43.21758822285774],[-79.05908484307503,43.217636922867214],[-79.05908124307525,43.21765252287014],[-79.05903744308876,43.217976822929906],[-79.05903734308956,43.217986922931765],[-79.05904074309657,43.21805662294402],[-79.0590393430999,43.218101622952105],[-79.05903734310469,43.21816552296356],[-79.05901144310019,43.21820922297251],[-79.05899774309798,43.21823482297773],[-79.05896324309296,43.21830572299187],[-79.05895874309239,43.21831552299386],[-79.0589383430909,43.218374523005274],[-79.05891684308898,43.21843262301665],[-79.05889234308725,43.2185043230305],[-79.05886424308451,43.21857772304488],[-79.05881964307427,43.21862462305523],[-79.05879034306804,43.21866122306307],[-79.05854204302719,43.21911202315467],[-79.05853914302703,43.219120823156345],[-79.05853664303298,43.219200623170714],[-79.05852174303509,43.21928132318573],[-79.05848324302697,43.21933032319626],[-79.0584570430228,43.21937942320614],[-79.05844994302191,43.219395523209364],[-79.05832914301496,43.21976732328107],[-79.05832734301565,43.21978242328384],[-79.05829384301215,43.21986732330048],[-79.0582665430106,43.21995152331671],[-79.05822134300195,43.22001922333087],[-79.05818194299584,43.220095023346154],[-79.05806264297706,43.22032172339195],[-79.05803814297238,43.22035832339956],[-79.05803054297104,43.220371123402224],[-79.05800074296661,43.22043092341419],[-79.05771874293933,43.221169023558474],[-79.05771564293886,43.22117522355974],[-79.05768374293494,43.22124812357419],[-79.05763774292781,43.22133742359214],[-79.05759154292143,43.221435723611805],[-79.05753884291376,43.22154282363325],[-79.05749324290602,43.22162302364963],[-79.0574825429038,43.22163732365263],[-79.05733214288166,43.22194122371359],[-79.05732884288166,43.22195352371593],[-79.05732394288201,43.2219756237201],[-79.05729824288912,43.222156523753476],[-79.05730184289563,43.222219623764595],[-79.05729894290263,43.22231302378133],[-79.05728294290401,43.22238942379566],[-79.05726954290566,43.22245942380876],[-79.0572618429079,43.22251512381905],[-79.05723764290592,43.22258232383209],[-79.05723744290596,43.22258362383236],[-79.057147742915,43.22302702391541],[-79.05708404292143,43.22334252397451],[-79.05708064292243,43.22336742397912],[-79.05707654292365,43.2233973239846],[-79.057006942965,43.22414642412123],[-79.05701994297905,43.224263924141574],[-79.05705174301363,43.22455242419156],[-79.05710204304486,43.22473142422115],[-79.05718944309903,43.22504252427265],[-79.05719344310113,43.225052324274216],[-79.0571964431029,43.22506202427575],[-79.05749304325855,43.22578452439103],[-79.05775204338637,43.22632022447474],[-79.05776444339297,43.22635132447971],[-79.05779074340589,43.22640502448812],[-79.05783724342761,43.22648672450057],[-79.05787374344428,43.22654602450946],[-79.0578875434543,43.22661282452074],[-79.05791154346703,43.22667262453034],[-79.05792784347798,43.226740624541726],[-79.05793534348362,43.226779024548215],[-79.05794044348632,43.22679162455021],[-79.05823774365847,43.22770612469964],[-79.05824674366349,43.22773112470372],[-79.05828084368018,43.22780002471444],[-79.05832204370174,43.227899724730335],[-79.0583735437285,43.22802212474977],[-79.05854794383099,43.228576324840596],[-79.05857194384431,43.228643624851514],[-79.05866784390022,43.228942624900405],[-79.05866824390041,43.228943824900654],[-79.0586705439017,43.22895012490167],[-79.05867104390218,43.22895392490232],[-79.05875384395672,43.22928612495776],[-79.0588321439945,43.2294377249812],[-79.05883574399616,43.22944372498207],[-79.05886134401156,43.2295298249963],[-79.05888354402518,43.22960662500895],[-79.05889924403746,43.22969252502353],[-79.05890184404427,43.229763525036056],[-79.05889904405069,43.22984992505156],[-79.05892754407145,43.229987225074716],[-79.05893484407554,43.230008225078144],[-79.05895554408902,43.23008952509172],[-79.05897704410124,43.23015302510201],[-79.05899194411212,43.23022532511427],[-79.0589976441185,43.23027942512366],[-79.05901354413045,43.23036072513739],[-79.05901364413062,43.23036212513762],[-79.05904024414988,43.23048932515907],[-79.0590413441504,43.23049172515947],[-79.05906234416392,43.23057222517282],[-79.05907954417567,43.230646225185254],[-79.0590991441922,43.230767325205946],[-79.0590991441926,43.23077202520676],[-79.05915394424075,43.23113432526883],[-79.05915474424121,43.231136825269225],[-79.05915514424139,43.23113752526933],[-79.05917744425464,43.231209925281235],[-79.05919314426386,43.23125972528939],[-79.05921694427681,43.2313231252996],[-79.05923914429039,43.2314000253123],[-79.05924904429699,43.231440625319046],[-79.05926344430553,43.23148712532669],[-79.05926644430842,43.23151002533066],[-79.05928184431818,43.23156732534015],[-79.05928024432181,43.23161642534898],[-79.05930854434922,43.231833025386265],[-79.05931104435119,43.23184692538863],[-79.05931114435158,43.23185142538941],[-79.05938494441239,43.23229182546451],[-79.0593878444146,43.23230662546706],[-79.05938794441474,43.23230802546726],[-79.0594468444542,43.23255262550818],[-79.0594542444585,43.232575125511865],[-79.05947054446983,43.23264742552401],[-79.05947344447205,43.232662925526604],[-79.05948284447838,43.2327022255332],[-79.05952414453024,43.23315882561267],[-79.05952444453058,43.233162125613255],[-79.05952644453185,43.23316902561435],[-79.05953724453845,43.23320632562052],[-79.05953884453932,43.23321052562119],[-79.05954174454102,43.23321992562272],[-79.05956144455236,43.233279725632514],[-79.05959104457138,43.233392925651344],[-79.05960114457748,43.23342712565697],[-79.05961124458268,43.233450425660614],[-79.05961764458752,43.23348332566621],[-79.05962434459155,43.23350602566993],[-79.05962574459495,43.233540425676],[-79.05962654459599,43.23354962567762],[-79.05962634459648,43.233556725678916],[-79.05962924460374,43.23363112569204],[-79.05963094460576,43.233648725695076],[-79.05963284460718,43.23365802569664],[-79.05964754461696,43.23371802570667],[-79.05964584461911,43.23375012571247],[-79.05964654463446,43.233928225744116],[-79.05964974464041,43.23398662575438],[-79.05965894465128,43.234080525770715],[-79.05965864465213,43.234091225772666],[-79.05966934466511,43.234204625792344],[-79.05970284468987,43.23437032582036],[-79.05972784470828,43.234493725841155],[-79.05973744471385,43.234523325846],[-79.05975904472542,43.234578425854814],[-79.05977664473637,43.23464172586533],[-79.0597882447423,43.23466802586948],[-79.0597922447456,43.23469202587358],[-79.05980134475085,43.23472002587813],[-79.05983874477771,43.23489632590787],[-79.05985234478649,43.23494902591666],[-79.05988394479623,43.23494522591456],[-79.05989484480354,43.234990425922106],[-79.05990454481008,43.23503102592886],[-79.05989874481092,43.23506252593478],[-79.05991534482118,43.23512142594449],[-79.05991334482594,43.23518522595594],[-79.05991294482685,43.23519702595809],[-79.0599174448359,43.23528712597388],[-79.05992164483922,43.235310525977916],[-79.05992544484654,43.23538262599052],[-79.05993554485588,43.23545482600297],[-79.05993944486325,43.235526926015645],[-79.05993564487218,43.23564652603706],[-79.05993714487524,43.235676826042436],[-79.05993884492065,43.236206326136646],[-79.05994094492551,43.236255526145335],[-79.0599414449268,43.23626902614768],[-79.05998684496618,43.23656302619799],[-79.05999314497055,43.23659032620257],[-79.06000144498053,43.23667692621765],[-79.0599928449842,43.23675242623146],[-79.05998614498698,43.23681092624221],[-79.05997824498814,43.236854426250325],[-79.05997544499226,43.23691292626083],[-79.05997514499303,43.23692322626267],[-79.05997274499872,43.23699972627642],[-79.05996674499866,43.23702132628051],[-79.0598732450094,43.23749892636984],[-79.05985004502745,43.23779862642429],[-79.05985434503381,43.23785762643455],[-79.05985224503878,43.23792422644654],[-79.05983594504096,43.238011326462754],[-79.05982334503952,43.23804162646872],[-79.05978424503785,43.23816842649311],[-79.05978294503979,43.238196326498155],[-79.05978434504384,43.23823912650569],[-79.05979574505321,43.23830682651719],[-79.0597936450583,43.23837432652932],[-79.05977824505835,43.23843262654045],[-79.05977154506077,43.23848652655035],[-79.05976984506482,43.23854062656008],[-79.05976554506614,43.23857232656585],[-79.05976444506777,43.23859582657009],[-79.05976084506757,43.23860712657231],[-79.05975364507033,43.23866632658313],[-79.059725445067,43.23873332659634],[-79.05971324506656,43.23877362660409],[-79.05968774506422,43.238841626617365],[-79.05964354508042,43.23919902668302],[-79.05964404508144,43.239209326684865],[-79.05964724509015,43.23929932670075],[-79.05962394509567,43.23945202672901],[-79.05961634509704,43.23949692673731],[-79.05960774510078,43.23957322675128],[-79.05959814510406,43.239647926765045],[-79.05958354510832,43.239752926784355],[-79.05956884511012,43.239829226798605],[-79.05955984511445,43.23991462681428],[-79.05952574511304,43.240025726835576],[-79.05950164512691,43.2402796268819],[-79.0594977451271,43.24029682688516],[-79.05948964513203,43.240385226901225],[-79.05946084513398,43.24051622692588],[-79.05943434513391,43.240614826944636],[-79.05940694513276,43.240704426961855],[-79.05940104513215,43.24071892696468],[-79.059291745123,43.24102162702355],[-79.05929064512307,43.241026627024475],[-79.05926994512211,43.241092927037236],[-79.05924344511905,43.24115632704971],[-79.05922164511779,43.24122352706266],[-79.0592026451163,43.241277227073105],[-79.05919654511608,43.24129692707691],[-79.05914324512455,43.24159742713281],[-79.05914284512546,43.24160932713494],[-79.05912674512719,43.2416901271501],[-79.05911364512838,43.24175382716203],[-79.05906184511862,43.24183312717848],[-79.05904104511814,43.2419049271922],[-79.05901294511493,43.241972827205565],[-79.05900524511439,43.24199572721002],[-79.05898624511505,43.24207492722494],[-79.05895394511106,43.242148927239626],[-79.05894834511071,43.242165827242864],[-79.058822945096,43.24246322730147],[-79.05882004509586,43.24247212730321],[-79.0588129451065,43.242624127330615],[-79.05880564511742,43.242780127358735],[-79.05880114511724,43.242795027361595],[-79.05878214511856,43.24288192737791],[-79.05876674512173,43.24297702739554],[-79.05873214511747,43.24305672741132],[-79.05870624511643,43.24314172742765],[-79.05868094511328,43.24319982743914],[-79.05867424511223,43.24321222744164],[-79.0585623451112,43.24362052751942],[-79.05856144511138,43.24362552752034],[-79.05853124512358,43.24388302756754],[-79.05854194513502,43.24397752758394],[-79.05855464514866,43.24409052760348],[-79.05855044515047,43.24412822761032],[-79.05854924515327,43.24416542761702],[-79.0585545451607,43.24423322762887],[-79.0585520451664,43.24430962764257],[-79.0585313451655,43.24437682765549],[-79.05851734516598,43.24443512766647],[-79.05851434517305,43.244529627683484],[-79.0584997451745,43.2446015276969],[-79.05849194517928,43.244686827712485],[-79.0584734451868,43.244845027741476],[-79.058460545191,43.244942927759496],[-79.0584434451916,43.24501462777303],[-79.0584364451905,43.245027827775715],[-79.05834944518715,43.24531492783075],[-79.05834034518766,43.24535512783833],[-79.05833644518809,43.24537442784196],[-79.05831544520353,43.24563522788932],[-79.05832894521268,43.245692827899006],[-79.05833884521938,43.24573452790598],[-79.05834604522352,43.24575592790946],[-79.0583629452331,43.24580572791756],[-79.0583668452384,43.24585362792588],[-79.05836754523891,43.2458567279264],[-79.05836744523938,43.24586302792755],[-79.05837454525515,43.246022027955526],[-79.05837254525986,43.24608502796682],[-79.05836374526393,43.24616582798168],[-79.05836114526389,43.2461752279834],[-79.05829844526713,43.246448828034985],[-79.05828474526881,43.24652012804831],[-79.05828124526931,43.24653922805189],[-79.05827264527666,43.24665802807341],[-79.05827284527722,43.24666402807446],[-79.05826614528274,43.24675402809079],[-79.05826524528311,43.246762028092235],[-79.05825374529303,43.24692182812123],[-79.05823734531057,43.247190028169726],[-79.05823124531716,43.2472906281879],[-79.058227145317,43.24730432819053],[-79.0582199453226,43.247396928207365],[-79.05819964532107,43.24745522821864],[-79.05816414531489,43.24751592823106],[-79.05816324531487,43.24751902823168],[-79.05815534531345,43.24753192823432],[-79.05813964531094,43.247561328240295],[-79.05812974530882,43.24757352824287],[-79.05804254529312,43.247715728272176],[-79.05803044529137,43.247740428277105],[-79.05803014529141,43.24774232827749],[-79.0580577453136,43.24790002830431],[-79.05805894531501,43.247912228306376],[-79.05806694532103,43.24795272831323],[-79.05807154532634,43.247997828321076],[-79.0580764453313,43.248038428328066],[-79.05807504533446,43.248080528335656],[-79.05807634533602,43.24809402833795],[-79.05806714535369,43.24833692838167],[-79.05811904540546,43.248752228453235],[-79.0581308454171,43.24884522846926],[-79.05812674545753,43.24933722855706],[-79.05812474548136,43.24962552860844],[-79.05816564554945,43.25027452872214],[-79.0581898455981,43.25075652880689],[-79.05821094564037,43.25117572888051],[-79.0583598457178,43.25152942893675],[-79.05836884572247,43.2515503289401],[-79.05848714577944,43.25177772897519],[-79.05854954581565,43.25197042900667],[-79.0585548458184,43.251982929008626],[-79.05855214581987,43.25201012901362],[-79.05853684582796,43.252163229041535],[-79.05855814584392,43.25227102905978],[-79.05857484585115,43.25229372906308],[-79.0586051458643,43.252335029069066],[-79.05869054589388,43.25236332907023],[-79.05885904596899,43.25261552910745],[-79.05886684597236,43.252626029109],[-79.05886964597346,43.252628529109316],[-79.05890694598378,43.25261062910446],[-79.05929194609112,43.252430829054965],[-79.05994144629136,43.252353229011696],[-79.06223604699883,43.252079128858824],[-79.06549894817773,43.2537271290042],[-79.06945864909322,43.2496591281004],[-79.07527105098744,43.25017182792798],[-79.07732055145858,43.248034727454574],[-79.07361685013495,43.24633402731982],[-79.06944544863842,43.24435062715593],[-79.07393734965929,43.23952742609335],[-79.07532535007722,43.239244725980086],[-79.07648425034094,43.238004425706656],[-79.08050085161946,43.238002025524],[-79.08044155152481,43.237109425367755],[-79.08127375178884,43.237098825328125],[-79.08194265212954,43.238604225565815],[-79.08248205240886,43.23987142576702],[-79.08320705277929,43.24151632602698],[-79.08377075307804,43.2429216262516],[-79.08371905306261,43.24293342625609],[-79.08379355310096,43.243106026283435],[-79.08421525331674,43.24406612643519],[-79.0845455534873,43.24483662655737],[-79.08467365355278,43.245127226603316],[-79.0851038537741,43.246120626760614],[-79.09149985581006,43.24611682646966],[-79.09607035696871,43.24262772564109],[-79.09621885704018,43.24291242568505],[-79.09866635827996,43.24833482653914],[-79.09872745830097,43.248352826539595],[-79.10004105896795,43.25128022700095],[-79.10038215907076,43.251212726973456],[-79.10122795938123,43.25169702702122],[-79.10130015948194,43.25261162718076],[-79.10099055938451,43.252625027197205],[-79.10059335926246,43.25267672722442],[-79.09975125900814,43.25283902729153],[-79.09889575875039,43.25301072736096],[-79.09786445844082,43.25323192744716],[-79.09633655798959,43.25364572759017],[-79.09545865772994,43.25387912767158],[-79.09459495747126,43.25407102774497],[-79.09411415732676,43.25417192778477],[-79.09374215721421,43.25424082781388],[-79.0934764571329,43.25427942783281],[-79.0927320569023,43.254355327880134],[-79.09211075671129,43.254435027922526]],[[-79.08480405505051,43.2622674296481],[-79.08503605513005,43.26233432964949],[-79.0851717551727,43.2623276296421],[-79.08523685519648,43.26236332964552],[-79.08590005540104,43.26228532960149],[-79.08516405514092,43.26198242958106],[-79.08333555448064,43.261063929500615],[-79.08310935439891,43.26095032949066],[-79.0800582532954,43.25939742935282],[-79.07930125302296,43.25902752932135],[-79.07804615256862,43.25838432926383],[-79.07695685217563,43.25784102921658],[-79.07588595193273,43.258995829470685],[-79.07506915174585,43.25985752966113],[-79.07419195154516,43.26078292986561],[-79.0741707515402,43.26080402987035],[-79.07425205157116,43.260864029877354],[-79.07426445157583,43.26087242987825],[-79.07450885166523,43.26100872989141],[-79.07490925181175,43.261231929912974],[-79.0749167518144,43.261235429913235],[-79.07520935192255,43.26141142993128],[-79.07549685203284,43.26163242995758],[-79.07585745217192,43.26191752999193],[-79.07586975217627,43.261923029992396],[-79.07611955226285,43.262005629995755],[-79.07621045229523,43.26204562999876],[-79.07637865235505,43.26211963000428],[-79.07639435236048,43.262124730004466],[-79.07640335236361,43.26212753000456],[-79.07682275250227,43.262187429996196],[-79.07730255265649,43.26220452997744],[-79.07764935276204,43.2621472299515],[-79.07799955287408,43.26215322993667],[-79.07811735291176,43.262155229931665],[-79.07895415318094,43.262187329899405],[-79.07961965339226,43.26218052986798],[-79.08008475353985,43.262173929845694],[-79.08049485366989,43.26216812982606],[-79.08093485381065,43.26217552980742],[-79.08133225393776,43.26218222979053],[-79.08170005405398,43.26217162977196],[-79.08212155418717,43.26215942975065],[-79.08351305463226,43.26218272969163],[-79.08376215471367,43.26220782968479],[-79.08394285477274,43.26222602967983],[-79.08453345496318,43.262253929658],[-79.08480405505051,43.2622674296481]],[[-79.54604967688957,44.11085375726494],[-79.54599577690088,44.11116815732197],[-79.5464090769915,44.11070995722311],[-79.54604967688957,44.11085375726494]],[[-79.54590597701745,44.11276715760305],[-79.54595987700368,44.11242575754138],[-79.54605867699284,44.111958657455865],[-79.54599577690333,44.11119505732659],[-79.54599577690496,44.111213057329714],[-79.546004776925,44.111401657361945],[-79.54590597701745,44.11276715760305]],[[-79.52635997989792,44.213049775864555],[-79.52636547989975,44.21305047586447],[-79.52638937990693,44.213045075862404],[-79.52644107992242,44.21303347585794],[-79.5264887799399,44.21305717585978],[-79.52650137994452,44.21306347586026],[-79.52651137994775,44.21306407585991],[-79.52666408000898,44.213198775875945],[-79.5267718800493,44.2132616758817],[-79.52689758009615,44.2133335758882],[-79.52697568012591,44.213385575893454],[-79.52700228013595,44.21340187589504],[-79.52701308014,44.213408575895656],[-79.52715818019195,44.21346827589911],[-79.52722218021714,44.21351947590491],[-79.52729158024366,44.21356657590977],[-79.52734058026418,44.21361947591658],[-79.52739168028481,44.21366597592221],[-79.52744948030987,44.21373707593177],[-79.52751108033566,44.21380347594029],[-79.52758728036983,44.21390997595511],[-79.5276072803785,44.21393547595855],[-79.5276310803894,44.21397107596356],[-79.52768028041146,44.214039775973085],[-79.52772668043295,44.21411237598343],[-79.5277779804562,44.21418697599389],[-79.52784088048537,44.21428577600796],[-79.52786778050385,44.21439357602533],[-79.52789478052154,44.214492376041115],[-79.52790328052541,44.21450457604281],[-79.52800888057217,44.21464627606226],[-79.52806548059677,44.214716976071834],[-79.52817328064364,44.214851676089985],[-79.52822848066945,44.21494097610279],[-79.52829408069854,44.2150289761149],[-79.5284509807699,44.21525987614731],[-79.52846068077432,44.215273876149276],[-79.52846998077857,44.215287876151216],[-79.52857178082485,44.21543767617231],[-79.52861318084513,44.21551387618347],[-79.52867628087542,44.21562427619957],[-79.52873918090624,44.215741076216766],[-79.52881998094611,44.21589377623931],[-79.52888288097859,44.216028476259595],[-79.52895478101718,44.21619917628568],[-79.52899068104347,44.21636087631187],[-79.52900868105992,44.21647767633118],[-79.52901118106244,44.216496676334344],[-79.52904348108798,44.21666287636154],[-79.52908058111008,44.216774076378975],[-79.52908948112274,44.21688187639713],[-79.52908058113061,44.21699867641772],[-79.5290804811306,44.21699927641785],[-79.52906268115555,44.217334676476575],[-79.52893228118332,44.21809537661406],[-79.52897278121183,44.218265276641475],[-79.52921528127148,44.21806767659591],[-79.5295116813467,44.217852076544695],[-79.52970938139528,44.217690376507406],[-79.52985308142655,44.21752867647272],[-79.52998788145334,44.21734907643532],[-79.53009568146977,44.217151376396096],[-79.53023038149574,44.21696277635716],[-79.53036508152,44.216756176315094],[-79.53051788154676,44.216513576266024],[-79.53063458156284,44.21628007622021],[-79.53074238157433,44.21602847617167],[-79.53081428157522,44.21578597612639],[-79.53090408157938,44.215516476075614],[-79.53094008156296,44.215211076021205],[-79.53099398155068,44.2148876759628],[-79.53106578154411,44.2145642759036],[-79.5311376815409,44.21427677585056],[-79.53123648154875,44.21401627580089],[-79.5313262815537,44.2137557757517],[-79.53139818155454,44.21351317570639],[-79.53145208154966,44.21327067566201],[-79.53152398155218,44.2130460756198],[-79.53159578155548,44.2128304755792],[-79.53164078155513,44.21266877554917],[-79.53166768155221,44.21254307552618],[-79.53169468154935,44.21241727550316],[-79.53171258154201,44.21227357547753],[-79.53172158153336,44.21214777545535],[-79.53173058152393,44.212013075431685],[-79.53173958151207,44.211851375403356],[-79.53170358148819,44.21171657538178],[-79.53168568147015,44.21158187535937],[-79.5316317814381,44.21142017533398],[-79.53158688140896,44.211258475308206],[-79.53155988138636,44.21110577528311],[-79.5315239813576,44.210917075252254],[-79.53148798132716,44.21071047521827],[-79.53144308129146,44.21047687518007],[-79.53143408126554,44.21022537513707],[-79.53139818122696,44.20992897508757],[-79.53137128119293,44.20965047504077],[-79.53138018116783,44.20934507498763],[-79.53138918113956,44.209003674928226],[-79.53138018110708,44.2086802748728],[-79.53136228106933,44.208329974813175],[-79.53138918104763,44.20799757475449],[-79.53144308103617,44.20768317469764],[-79.53154188104237,44.2074046746449],[-79.53169468106502,44.207117174588014],[-79.53187428109467,44.20681177452677],[-79.53207188112842,44.20648837446164],[-79.53223358114987,44.20615597439655],[-79.53238638117254,44.20586857433971],[-79.5325390811985,44.20561707428906],[-79.53265578121292,44.205365474240075],[-79.53280858123476,44.205069074181694],[-79.53299718126317,44.20471867411228],[-79.53313198127601,44.20438637404849],[-79.53325768128838,44.20408087398983],[-79.53340148130737,44.20378447393181],[-79.53350918131478,44.20348797387551],[-79.53360808132186,44.20321857382435],[-79.53367988132106,44.2029579737759],[-79.53373378131454,44.202697473728406],[-79.53380568131703,44.202472973686234],[-79.53383258130187,44.20221237363996],[-79.53388648129452,44.20194287359086],[-79.53391348127855,44.201673373543045],[-79.53392248126092,44.20144887350386],[-79.53393148124167,44.201206273461494],[-79.5339493812277,44.20099067342342],[-79.53393148120556,44.20081107339328],[-79.53391348118419,44.20064037336462],[-79.53385958114721,44.200424773329964],[-79.53379668110493,44.200182173291],[-79.53371588105686,44.19993967325297],[-79.53364398101499,44.19973307322068],[-79.53352718095952,44.199535473192036],[-79.53341038090487,44.199346773165004],[-79.53331158086011,44.19920307314483],[-79.53321278081856,44.199095273130894],[-79.53309598076966,44.19896947311468],[-79.53299718072489,44.198825773094555],[-79.53292528069204,44.1987179730793],[-79.5328264806464,44.1985652730576],[-79.53272768060164,44.19842147303745],[-79.53261088055109,44.19827777301812],[-79.53245818048332,44.1980711729897],[-79.53226958040732,44.1979004729691],[-79.53211688034116,44.19771187294375],[-79.53195518027461,44.19755017292342],[-79.53182038021829,44.197406472905016],[-79.53169468016571,44.19727167288766],[-79.53157788011681,44.19714587287146],[-79.53147908007779,44.19706507286216],[-79.53136228002725,44.19692137284287],[-79.53124547997425,44.1967506728189],[-79.53111067991628,44.196588972797365],[-79.53101187987234,44.196454172778736],[-79.53091307982676,44.196301472757035],[-79.53081427978117,44.19614877273531],[-79.53067957972164,44.195969072710646],[-79.53054477966204,44.195789472685966],[-79.53040107959794,44.19559187265865],[-79.53028427954658,44.195439072637775],[-79.53016747949522,44.195286372616906],[-79.53005067944056,44.195097772589854],[-79.5299339793909,44.19496297257204],[-79.5298171793412,44.1948282725543],[-79.52973627930379,44.194702472536434],[-79.52963747925656,44.1945317725116],[-79.52954767921221,44.194361172486374],[-79.5294847791806,44.19423537246758],[-79.52941287914442,44.194091672446184],[-79.5293769791157,44.19390297241528],[-79.52930507907219,44.1936783723799],[-79.52923327903362,44.193507772353776],[-79.52911647897241,44.19324727231433],[-79.52906257893054,44.1929777722703],[-79.52903557889731,44.19270827222503],[-79.52899967885791,44.19240277217393],[-79.52895477881479,44.19208837212176],[-79.52890087877545,44.19184587208239],[-79.52890087875411,44.191612272042036],[-79.5289008787287,44.19133377199394],[-79.52894577871191,44.19099247193286],[-79.52901767869801,44.190588171859595],[-79.52909847868375,44.19014807177973],[-79.5291972786785,44.18974377170522],[-79.52931407867902,44.18933957162987],[-79.5294398786832,44.18894427155565],[-79.52959257869851,44.18857597148481],[-79.52975427871756,44.18821667141508],[-79.52986207872256,44.18789327135409],[-79.53000577873992,44.187578871293],[-79.53010457874696,44.18730937124177],[-79.53019447875447,44.187075771197165],[-79.53026627875533,44.18683327115186],[-79.53035617876279,44.18659967110724],[-79.53044597876617,44.18632117105489],[-79.5305627787757,44.186015770996605],[-79.5307064787881,44.18564747092618],[-79.53084127879933,44.18529717085926],[-79.53102087882736,44.18497377079487],[-79.5311915788525,44.184650370730964],[-79.53133527886904,44.184326970668295],[-79.5314700788827,44.18400357060604],[-79.53163177890333,44.183662170539435],[-79.53180247892524,44.18330287046926],[-79.53200907895372,44.18288967038808],[-79.5321886789768,44.182512370314434],[-79.53232347899049,44.182188970252156],[-79.53244027900084,44.181892470195415],[-79.53260187902312,44.18156917013193],[-79.53279957905202,44.181191870057354],[-79.53300617907806,44.18075166997151],[-79.53315887908927,44.18033846989293],[-79.5332846790902,44.17990726981242],[-79.53341937909727,44.17951196973776],[-79.53352717909821,44.17914366966904],[-79.53361697909833,44.178829269610425],[-79.53370687910251,44.17855976955965],[-79.53380567910791,44.17827226950529],[-79.53389547910884,44.17796686944828],[-79.53394937909826,44.17766146939292],[-79.53398537908107,44.17734706933689],[-79.53402127906391,44.177032669280855],[-79.53404817904303,44.17670926922367],[-79.53412907903862,44.17637686916241],[-79.5342368790445,44.176062469103016],[-79.53436257905604,44.17574806904269],[-79.53447937906478,44.17543366898286],[-79.53454227906195,44.175182068936394],[-79.53461417906782,44.17499346890039],[-79.53462317905428,44.1748137688689],[-79.53465007903998,44.1745622688242],[-79.53466807901873,44.17426586877207],[-79.53465907898959,44.17397836872285],[-79.53464107895849,44.173699868675534],[-79.53463207893262,44.1734483686325],[-79.53460517889619,44.173142968580976],[-79.53456027885146,44.17281056852565],[-79.53448837879571,44.17245126846692],[-79.53443447875223,44.17216376841977],[-79.53435367869443,44.171813468363055],[-79.53421887862174,44.17149006831352],[-79.53406617854417,44.171175568266364],[-79.53391347846743,44.17087016822078],[-79.53377867839804,44.17058276817746],[-79.53364397832787,44.17028626813259],[-79.53351817825643,44.16994496807953],[-79.53338347818217,44.169603568026915],[-79.53325767811407,44.16929816798006],[-79.5331049780365,44.168983767932886],[-79.53290737794615,44.16868726789097],[-79.53273667786206,44.16836386784312],[-79.53255697777831,44.168076467801924],[-79.53240427770403,44.167797967761],[-79.53229647765146,44.1676003677319],[-79.5321886775989,44.16740266770282],[-79.53209887755463,44.16723196767759],[-79.53200007750574,44.167043367649654],[-79.5319101774606,44.16686366762278],[-79.53177547739782,44.16664806759187],[-79.53161377732553,44.166423567560685],[-79.53146107725125,44.16614506751979],[-79.53130837717369,44.165830667472655],[-79.53115567709612,44.16551626742548],[-79.53106577704034,44.16521976737847],[-79.53101187700098,44.16497726733908],[-79.5310028769752,44.164725667295976],[-79.53103887696294,44.16446516724928],[-79.53112867695978,44.1641148671845],[-79.53120057695091,44.163764467120515],[-79.53132627696007,44.16342316705557],[-79.53144307696965,44.16311776699726],[-79.53164967700955,44.16283026693778],[-79.53187427705694,44.16256076688057],[-79.5320988771068,44.16231826682803],[-79.53236837717591,44.16212956678271],[-79.53259297723307,44.161967866744114],[-79.53288937731247,44.16179716670058],[-79.53327567741324,44.16154566663886],[-79.53360807749677,44.1612941665797],[-79.5339493775856,44.16106956652471],[-79.53425487766376,44.16085396647302],[-79.53462317776204,44.16063836641836],[-79.5350902778912,44.1604137663575],[-79.53548547799892,44.160207166303096],[-79.53587177810381,44.1600005662491],[-79.53626707821236,44.1598029661963],[-79.53670727833205,44.15956936613512],[-79.53710247844054,44.15937176608226],[-79.53746177853924,44.15919206603422],[-79.53786607864907,44.158976465977844],[-79.53833317877162,44.15868006590454],[-79.5387373788773,44.15841956584043],[-79.53905187895263,44.158141065777386],[-79.53937517903492,44.157907465721735],[-79.5396357790938,44.1576379656628],[-79.53986927914235,44.157350565602115],[-79.54006697918192,44.157090065547756],[-79.54023757921526,44.156856465499295],[-79.54037237924042,44.15665886545872],[-79.54046217925037,44.1564522654188],[-79.54056997926357,44.156218665373316],[-79.54074967929579,44.15594016531664],[-79.54091137931889,44.155625765254634],[-79.54104607933336,44.15531136519394],[-79.5411987793536,44.15499696513233],[-79.54131557936319,44.154691565073996],[-79.54136947935424,44.15440406502173],[-79.5414143793416,44.15410766496837],[-79.54146827933104,44.15380216491298],[-79.54154917932586,44.15346086485012],[-79.54162097932101,44.15315536479394],[-79.54165697930719,44.15287696474407],[-79.54166597927895,44.152535564684584],[-79.54174677927371,44.15219416462175],[-79.54177377924884,44.151825864556805],[-79.54179167922673,44.15152046450312],[-79.54178267919846,44.15124196445536],[-79.54179167917191,44.150918564399035],[-79.54180067914123,44.15055026433486],[-79.54181867911672,44.15021786427654],[-79.54184557909672,44.14990346422092],[-79.54183657906844,44.149625064173165],[-79.54184557905009,44.14939146413235],[-79.54189947904601,44.1491578640894],[-79.54195337903874,44.14888836404024],[-79.54199827903105,44.14864586399617],[-79.5420521790311,44.148457263961],[-79.5421420790452,44.148295563928805],[-79.54223187905923,44.14813386389663],[-79.54233967908144,44.147999063868205],[-79.54242947909711,44.14785536383907],[-79.54248337910782,44.14778346382414],[-79.54258217913045,44.147684663802394],[-79.54266307914654,44.1475768637799],[-79.54277087916716,44.1474241637484],[-79.54292357919641,44.1472085637039],[-79.5430762792265,44.147001963660955],[-79.54324697925902,44.14675936361095],[-79.54345357930062,44.14648986355457],[-79.54368717935006,44.146211463495376],[-79.54394767940812,44.14593296343493],[-79.54420817946612,44.145654463374434],[-79.54441477951184,44.14542986332585],[-79.54461237955873,44.14525026328543],[-79.54488187962863,44.14507056324164],[-79.54511547968869,44.144908863202595],[-79.54531307973565,44.14472916316219],[-79.54548377977635,44.144576463127706],[-79.5456723798179,44.14436986308312],[-79.54582517984967,44.14418126304328],[-79.54597787987811,44.143956662997184],[-79.54613057990817,44.14375006295424],[-79.5462832799366,44.1435254629082],[-79.54637307994493,44.143300862865075],[-79.54648087995895,44.143076262821126],[-79.5465976799759,44.14285176277682],[-79.54671447998794,44.14257326272309],[-79.54683127999914,44.14228576266785],[-79.54695698001325,44.14199836261219],[-79.54709178002939,44.14170186255454],[-79.54719058003074,44.141369462492385],[-79.54727138002306,44.141001162424864],[-79.54729837999821,44.1406328623599],[-79.54736127998481,44.14026456229316],[-79.54743307997752,44.139932162232284],[-79.54750497997271,44.13962676217604],[-79.54757687996467,44.139285462113605],[-79.54763077994923,44.138926062048895],[-79.54766667992882,44.138575761986615],[-79.54768467990351,44.138234361926685],[-79.54771157988183,44.13790196186791],[-79.5477295798598,44.13759656181423],[-79.54773857983405,44.13728216175944],[-79.54774747980747,44.13695876170304],[-79.54778347978956,44.136635361645375],[-79.54779247976545,44.13633896159365],[-79.54781937974874,44.136060461544204],[-79.54783737972916,44.13578196149521],[-79.54787327971367,44.13548556144219],[-79.5478373796711,44.13514416138486],[-79.54781037962807,44.13476686132081],[-79.5477834795876,44.1344165612615],[-79.54775647954871,44.134084161205216],[-79.54772957951309,44.13378776115524],[-79.54767567947293,44.13353616111424],[-79.54762177943277,44.13328466107327],[-79.54754987938527,44.13301516103002],[-79.54746007932954,44.13271876098298],[-79.54736127927175,44.13243126093793],[-79.54729837922383,44.13212586088806],[-79.54720857916729,44.131820460839435],[-79.54710967910782,44.1315149607912],[-79.54704687906398,44.131254460749126],[-79.54696597901356,44.130984960706314],[-79.5468940789628,44.13067956065687],[-79.54682227891364,44.13039206061048],[-79.54677737887395,44.13011366056444],[-79.5467413788428,44.12989806052883],[-79.546714478817,44.129709360497415],[-79.54667857878262,44.12945786045559],[-79.54671447876632,44.12915246040104],[-79.54674137874716,44.128846960346934],[-79.54684017875263,44.12855956029255],[-79.54690307874742,44.12828106024135],[-79.54699297874845,44.12797566018424],[-79.54704687874032,44.127697160133536],[-79.54712767874169,44.12742766008307],[-79.54719057873974,44.127185060038094],[-79.54726247874399,44.12697845999899],[-79.54733427875063,44.12679885996449],[-79.54739717875358,44.1266101599289],[-79.5475139787681,44.12635865987982],[-79.54763077878341,44.12611615983238],[-79.54777447880241,44.12581965977423],[-79.54798107883586,44.125460359702345],[-79.54816077886314,44.125127959636295],[-79.54835837890028,44.12484045957724],[-79.5485469789345,44.124553059518604],[-79.54866377895227,44.12433745947573],[-79.54875367896386,44.12414875943887],[-79.54882547897132,44.12397815940595],[-79.54888837897917,44.12384335937965],[-79.54893327898378,44.12373555935885],[-79.5489961789941,44.12362775933727],[-79.5490859790106,44.12349305930966],[-79.54921177903533,44.12332235927422],[-79.54937347906579,44.12308875922616],[-79.54956207910166,44.122819259170605],[-79.54975977913962,44.12254085911307],[-79.5499573791751,44.12223535905085],[-79.55011907919989,44.12193895899196],[-79.5502448792173,44.12168745894249],[-79.55044247925356,44.121390958881854],[-79.55061317928045,44.12108555882093],[-79.5507568792929,44.120717258750346],[-79.55090957931073,44.12037585868409],[-79.55106227933018,44.12005245862091],[-79.55120607935086,44.11977395856592],[-79.55131387936498,44.119549458521966],[-79.55146657938934,44.11927995846811],[-79.5517090794351,44.118929558396005],[-79.55192467947062,44.11856125832209],[-79.5520863794913,44.11821995825537],[-79.5522031795001,44.11790555819541],[-79.55231097951011,44.11763605814366],[-79.55242777952868,44.117429358102385],[-79.55250857953983,44.11726765807062],[-79.55260737955756,44.11711495803952],[-79.55268827957363,44.117007158017024],[-79.55281397960081,44.116863457986184],[-79.55301167964367,44.11663885793801],[-79.55318237967951,44.11643225789417],[-79.55330807971485,44.11637835787889],[-79.55352367977405,44.11627055785011],[-79.55373027982957,44.11615375782011],[-79.55396387989781,44.116081957796666],[-79.55407167992736,44.11602805778223],[-79.55320927962117,44.1156956577654],[-79.54790027779458,44.11429425777331],[-79.54583407708837,44.11380015778529],[-79.54579817719936,44.11514765802023],[-79.54578917724791,44.11571365811869],[-79.54559157732677,44.11727665839857],[-79.54517837719696,44.11730365842273],[-79.54502567715141,44.117339558436136],[-79.54490887711648,44.117366558446314],[-79.54474717706631,44.117384458457096],[-79.54461237702725,44.11742935847121],[-79.54445067697961,44.11747435848664],[-79.5442889769303,44.11750125849893],[-79.5441183768781,44.11752825851164],[-79.54394767682678,44.11756415852592],[-79.5437859767799,44.11761805854289],[-79.54361527673096,44.11768095856183],[-79.54343557668079,44.11776175858425],[-79.54321107661792,44.117860558611945],[-79.54303137657104,44.11797735864065],[-79.5428516765266,44.11812105867403],[-79.54267207648869,44.11833665871982],[-79.54250137645616,44.11857925876984],[-79.54233967642723,44.118830758821055],[-79.54224087642093,44.11910925887392],[-79.54214207642117,44.11945955893919],[-79.54206117642957,44.11983685900836],[-79.54198927643922,44.12019625907394],[-79.54191747645216,44.120591459145736],[-79.54188147647906,44.12101365922054],[-79.54183657650388,44.121444859297256],[-79.54181867653735,44.121876059372795],[-79.54175577655889,44.12233415945504],[-79.54168387658324,44.1228552595486],[-79.54157607659532,44.12336725964231],[-79.54145037660082,44.12387035973533],[-79.54131557660179,44.124355459825644],[-79.54112697658961,44.1248854599263],[-79.54090237656432,44.12539746002548],[-79.54064187652666,44.12590056012486],[-79.54040827649354,44.12635866021516],[-79.54011187644683,44.12688866032091],[-79.53986027641129,44.12738276041826],[-79.53957287636669,44.127903760522045],[-79.53925847630849,44.12837086061769],[-79.53896197626098,44.12889186072184],[-79.5386026761958,44.12943986083362],[-79.53821637612033,44.129969860943596],[-79.53787507605112,44.130410061035896],[-79.53751567598022,44.13089516113679],[-79.53712947590155,44.1313892612405],[-79.53670727581215,44.1318922613475],[-79.53621317570297,44.13243126146409],[-79.53569217558523,44.13297026158195],[-79.53515317545762,44.13346436169285],[-79.53466807533827,44.13385956178414],[-79.53418297521894,44.134254861875434],[-79.53374277510743,44.13457826195218],[-79.53329367498651,44.13482976201688],[-79.53285347486931,44.13509026208275],[-79.53238637474507,44.13536876215295],[-79.5319191746192,44.1356292622201],[-79.53146107449705,44.135898762288356],[-79.5310118743802,44.136195162360806],[-79.53058067426426,44.136437762423164],[-79.53015847415033,44.136671362483504],[-79.52975427403972,44.136877962538286],[-79.52937697393605,44.13706656258873],[-79.52897277382463,44.137264162642026],[-79.52858647371485,44.13741696268666],[-79.52811937358165,44.1375965627398],[-79.52770607345997,44.13771336277951],[-79.52731087334077,44.13779416281212],[-79.52692457322199,44.13784806283969],[-79.52655627310817,44.13789306286484],[-79.52621487299966,44.1379019628825],[-79.52579267286528,44.13791096290395],[-79.52546927276092,44.13790196291769],[-79.525100972643,44.137901962935054],[-79.52474167252883,44.137910962953534],[-79.524364372408,44.13791096297133],[-79.52404997230981,44.137937962990826],[-79.52376247222101,44.13797386301061],[-79.52350197214412,44.13804576303535],[-79.52332237209482,44.13813556305939],[-79.52314267204875,44.13826136308959],[-79.52301687202231,44.13841406312197],[-79.52293607201443,44.13861166316],[-79.52283727200324,44.13883626320349],[-79.52277437199531,44.13897096322976],[-79.52273837199772,44.13912376325791],[-79.52267557199637,44.13933036329665],[-79.52261267199015,44.13948306332603],[-79.52254077198754,44.139707663368256],[-79.52243297197674,44.139968163418445],[-79.52233417197046,44.14024666347127],[-79.52220837194976,44.14046216351451],[-79.52212757194025,44.140641863549405],[-79.52207367193442,44.140767663573705],[-79.52174127186885,44.14121676366712],[-79.5220736720145,44.14164796372602],[-79.52214557205554,44.141845663756826],[-79.5222083720887,44.14198936377874],[-79.52228927213012,44.14216006380449],[-79.52235217216332,44.14230376382635],[-79.52243297220639,44.14249236385516],[-79.52251387224374,44.14261816387314],[-79.52257677227858,44.14277986389814],[-79.5226485723171,44.142950563924295],[-79.522756372368,44.143130163950254],[-79.52281927239794,44.14323796396596],[-79.52285517242005,44.14335476398446],[-79.52291807245408,44.143507464007925],[-79.52295397247701,44.143633264027976],[-79.52295397248601,44.14373206404506],[-79.52295397249745,44.14385786406685],[-79.5229180725023,44.144037464099576],[-79.52288217250879,44.14423516413549],[-79.5228282725095,44.144432764172244],[-79.52279227251356,44.1446034642035],[-79.52274737251383,44.144765164233576],[-79.52272947252611,44.14496276426858],[-79.52269347253417,44.145178364307554],[-79.52269347255134,44.145366964340184],[-79.5226934725677,44.14554666437132],[-79.52271147259226,44.145753264406174],[-79.52272947261194,44.14590596443174],[-79.52281027265332,44.14607666445747],[-79.52287317269068,44.14626536448717],[-79.52295397273369,44.146453964515985],[-79.52303487277514,44.14662466454165],[-79.5230977728108,44.14679536456823],[-79.52315167284442,44.14697496459677],[-79.52317857286533,44.14710976461884],[-79.52321457288991,44.147253464641956],[-79.52321457290545,44.14742416467151],[-79.52321457292015,44.147585864699465],[-79.52319657292827,44.14773856472673],[-79.52315167292537,44.14786436475064],[-79.5230528729109,44.14805296478793],[-79.52292707288694,44.148232664824945],[-79.5228102728659,44.14841226486149],[-79.52270247284368,44.14854706488991],[-79.5226036728243,44.148681764917846],[-79.5224419727913,44.14888836496124],[-79.52237007278221,44.14904116499109],[-79.52224437275422,44.14917586502032],[-79.52211857272943,44.149346565055794],[-79.5220197727068,44.14944536507752],[-79.52195687269648,44.149553165099164],[-79.52184007267297,44.14970586513108],[-79.5216783726384,44.14989456517132],[-79.52159757261983,44.149975365189164],[-79.52151667260131,44.15005626520697],[-79.5213909725668,44.150119065223734],[-79.52129217254166,44.15019096524085],[-79.52118437251373,44.15026286525834],[-79.52103167247219,44.15034366527957],[-79.52084297241909,44.150424565302465],[-79.52066327236649,44.150478465320205],[-79.52050157231879,44.15052336533565],[-79.52036687228461,44.15062216535908],[-79.52036687229524,44.15073896537929],[-79.520402772319,44.150873665400866],[-79.52050157236458,44.15102636542263],[-79.52061837241425,44.15116116544045],[-79.52071717245325,44.15124196544975],[-79.52080707248774,44.151304865456424],[-79.52095077254685,44.151448565474475],[-79.52102267258047,44.15156536549128],[-79.52108557261212,44.1516911655101],[-79.52108547262105,44.15178996552719],[-79.52106757262843,44.151933665552846],[-79.52100467262301,44.15209536558383],[-79.52095077261801,44.15223016560965],[-79.52088787261096,44.15237386563749],[-79.5208249726014,44.152490665660665],[-79.52078907260052,44.15260746568255],[-79.520717172589,44.15273316570772],[-79.52063637257697,44.15288586573793],[-79.52060047257449,44.15298476575675],[-79.5205195725592,44.153101465780715],[-79.52047467255548,44.15321826580306],[-79.52037587254267,44.153424865843455],[-79.52033987254174,44.15354166586536],[-79.52024107252483,44.153703365897954],[-79.52017817251452,44.15381116591961],[-79.52011537250584,44.15393696594431],[-79.52006147250742,44.154143565982594],[-79.52002547250487,44.15424236600138],[-79.52002547252042,44.15441306603092],[-79.52002547253349,44.15455676605572],[-79.52001657254046,44.15466456607483],[-79.51997157254323,44.15485326610958],[-79.5199266725395,44.15496996613189],[-79.519890772537,44.1550688661507],[-79.51981887252703,44.15521256617891],[-79.51972907250561,44.15529336619716],[-79.51960327247271,44.15537426621707],[-79.51948647244186,44.155446066235],[-79.51936977241105,44.15551796625293],[-79.51918107235386,44.155553866268036],[-79.51903737230863,44.15556286627641],[-79.51892057227123,44.15556286628192],[-79.51877687222444,44.155553866287114],[-79.51865107218248,44.15553596628997],[-79.51845347211186,44.1554550662853],[-79.51831867206214,44.15538326627922],[-79.51819297201537,44.15531136627275],[-79.51803127195373,44.15520356626173],[-79.51793247191885,44.155167666260176],[-79.51776177186254,44.15514966626512],[-79.51766297183582,44.15520356627911],[-79.51766297184889,44.155347266303984],[-79.51772577187803,44.1554460663181],[-79.51780667191784,44.155598866340675],[-79.5179234719716,44.15577846636624],[-79.51804027202209,44.155922266385595],[-79.51813907206598,44.15605696640422],[-79.5182647721201,44.156209666424715],[-79.51834567215337,44.156290566434876],[-79.51845347219775,44.15639836644846],[-79.51855227223591,44.1564701664562],[-79.5187408723102,44.15662286647372],[-79.5188397723468,44.15667676647839],[-79.5189205723792,44.15674866648698],[-79.51904637242362,44.156793566488844],[-79.51918107247329,44.15686546649488],[-79.51932487252505,44.15692836649897],[-79.51945957257472,44.15700016650503],[-79.51958537261912,44.15704506650689],[-79.51972907267084,44.15710796651098],[-79.51989077273085,44.15719786651886],[-79.52007047279574,44.15727866652439],[-79.52019617284091,44.15733256652775],[-79.52032197288773,44.15740446653426],[-79.5204746729448,44.1574942665426],[-79.52060047299162,44.15756616654907],[-79.52071717303639,44.15764696655756],[-79.52079807306966,44.15772786656774],[-79.52087887310368,44.15781766657947],[-79.52095977313941,44.157925466594264],[-79.52104057318414,44.158132066626195],[-79.52104057319396,44.158239866644855],[-79.5210226732119,44.158500366690724],[-79.52100467321682,44.15861716671176],[-79.52097777321718,44.1587159667301],[-79.52096877322577,44.15884176675233],[-79.52092387322118,44.158949566773046],[-79.52087887322149,44.15911126680315],[-79.52084297322308,44.1592549668297],[-79.52082497322877,44.159380766852344],[-79.52076217322096,44.159515466878574],[-79.52068127321223,44.15970416691499],[-79.52060047319941,44.15984786694368],[-79.5205644731969,44.15994666696245],[-79.52046567317755,44.16008146699045],[-79.52039377316677,44.160216167017126],[-79.5202949731466,44.16034196704358],[-79.5202051731301,44.16047666707108],[-79.52011537311279,44.16060246709706],[-79.51997157308311,44.16078206713493],[-79.51980987304688,44.16095276717204],[-79.5196571730127,44.16111446720724],[-79.51955837299089,44.16122226723051],[-79.5194775729748,44.16133006725298],[-79.51929787293362,44.16150976729255],[-79.51911817289,44.16166246732743],[-79.51893857284963,44.16185106736851],[-79.51876787280885,44.16200376740297],[-79.51860617277102,44.162156567437044],[-79.518426472729,44.16232716747503],[-79.51829177269569,44.162434967500054],[-79.51819297267552,44.16256076752644],[-79.51800427262896,44.16271346756175],[-79.5178874726022,44.162830267587466],[-79.51776177257257,44.1629470676136],[-79.51765397254626,44.16303686763421],[-79.51755517252357,44.16313566765596],[-79.51742037249272,44.16327046768565],[-79.5172946724598,44.16335126770551],[-79.51722277244575,44.163450067726],[-79.51703407239764,44.16358486775822],[-79.51690837236882,44.16371056778589],[-79.51678257233586,44.16379146780583],[-79.51671077232103,44.16388126782475],[-79.51654907228237,44.164025067857246],[-79.51646817226464,44.1641148678766],[-79.51636937224119,44.16420466789675],[-79.516243572214,44.16434836792756],[-79.51616277220201,44.16450116795776],[-79.51540817207407,44.16574976820932],[-79.51530037206489,44.166028268262544],[-79.51520157202671,44.16595636825474],[-79.51510277199016,44.16590246825014],[-79.51498597194457,44.16581266824011],[-79.51486017189283,44.16568686822426],[-79.51474337184234,44.16554316820497],[-79.5146625718058,44.16542636818858],[-79.5145547717582,44.16528266816879],[-79.51448287172207,44.16513896814737],[-79.5144379716938,44.16498626812308],[-79.51443797168317,44.1648694681029],[-79.51445597167913,44.164761668083365],[-79.51450087167547,44.16456396804707],[-79.51454577168083,44.164465168027874],[-79.5145996716883,44.16435736800667],[-79.51465357169656,44.16425856798706],[-79.51474337171389,44.16413286796107],[-79.51480627172585,44.164042967942585],[-79.51486917173861,44.16396216792566],[-79.5149679717588,44.16383636789921],[-79.51504887177488,44.16372856787677],[-79.51512967179097,44.16362076785432],[-79.51522847181033,44.16348606782637],[-79.5153093718248,44.163360267800755],[-79.51539017184082,44.16325246777835],[-79.51550697186842,44.16314466775417],[-79.51564177189769,44.162991967721396],[-79.5157135719117,44.16289316770092],[-79.51577647192364,44.16280326768244],[-79.51585737194138,44.16271346766307],[-79.51593817195665,44.16259666763906],[-79.51603697197766,44.16247996761424],[-79.51616277200564,44.162345167584974],[-79.51627957202996,44.16220146755461],[-79.51642327206046,44.16203076751829],[-79.5165310720843,44.16191396749299],[-79.51669277212223,44.161761267458964],[-79.5168274721531,44.16162656742932],[-79.51698917218931,44.16145586739216],[-79.51716887223213,44.16129416735574],[-79.51738447228568,44.16112346731603],[-79.51756417233095,44.16098876728428],[-79.5177437723729,44.160818067246275],[-79.51790547240998,44.16065636721068],[-79.51813907247006,44.16049466717172],[-79.51833667251944,44.160341967136],[-79.51851637256306,44.16018916710107],[-79.51863307258493,44.16001856706606],[-79.51874987260514,44.159829867027895],[-79.51887567262824,44.159641266989354],[-79.51900147265215,44.15946156695234],[-79.5191361726806,44.15929986691803],[-79.5192888727156,44.15914716688442],[-79.51938767273741,44.15903936686109],[-79.51948647275677,44.158904666833145],[-79.51952247274298,44.158626166783314],[-79.51945957270641,44.15844646675516],[-79.51935177266374,44.15835666674476],[-79.51918107259925,44.158248866734155],[-79.51900147253271,44.158150066725554],[-79.51879477245917,44.158069166721326],[-79.51855227237414,44.15798836671874],[-79.51837257231087,44.157925466716364],[-79.51822887225998,44.157871566713794],[-79.51810307221719,44.157844566715085],[-79.51790547214902,44.157790666715066],[-79.51772577208496,44.157718866711136],[-79.51754617202168,44.15765596670876],[-79.51742037197653,44.157602066705344],[-79.51732157194157,44.157566166703816],[-79.51717787188984,44.15750326669972],[-79.51701617183147,44.15743136669495],[-79.51682747176208,44.15733256668671],[-79.5166927717083,44.15721576667292],[-79.51659397166763,44.15711696666045],[-79.51645017160361,44.15691936663309],[-79.5163693715663,44.15679356661517],[-79.51631547153676,44.15665886659436],[-79.51625257150518,44.15653306657561],[-79.5161447714518,44.156326466544954],[-79.51604597140219,44.15612886651546],[-79.51596517136,44.1559491664882],[-79.51588427131772,44.15576946646089],[-79.5158483712866,44.15555386642529],[-79.51582137126243,44.155383266397074],[-79.51582137124771,44.15522156636913],[-79.51582137123789,44.15511376635046],[-79.51582137122318,44.154952066322515],[-79.51582137121254,44.154835266302314],[-79.51582137119946,44.15469156627743],[-79.51582137118638,44.15454776625256],[-79.51584837118601,44.15444896623423],[-79.51588427118523,44.15431426620925],[-79.51594717119391,44.15418846618448],[-79.5160010712022,44.15408966616484],[-79.51611787122572,44.15393696613293],[-79.51624357125452,44.15381116610528],[-79.51646817130597,44.15358656605579],[-79.51659397133807,44.153496766034316],[-79.51678257138784,44.15337996600521],[-79.51691737142366,44.153299165984905],[-79.51707907146975,44.153236265966406],[-79.51733057154456,44.15317336594366],[-79.51758207162099,44.153128465923984],[-79.51777967168098,44.15309256590846],[-79.51798637174558,44.153074565895594],[-79.51821087181665,44.15306556588346],[-79.51834567185897,44.153056565875566],[-79.51856127191986,44.15296676584985],[-79.51869597195072,44.15283196582016],[-79.5187947719701,44.15269726579222],[-79.518902571994,44.15258046576693],[-79.5189834720093,44.1524636657429],[-79.51908227202864,44.15232896571495],[-79.51914517203898,44.15222116569332],[-79.51914517202425,44.15205946566537],[-79.51905537198076,44.1518977656416],[-79.51895647194335,44.151834865635394],[-79.51883977189618,44.151727065622275],[-79.51867807183136,44.151583365605035],[-79.51851637176645,44.1514396655878],[-79.51841757172501,44.15133186557384],[-79.51830077167533,44.15119706555602],[-79.5181929716286,44.15106236553781],[-79.51815697160886,44.15097246552392],[-79.5181120715855,44.15087366550896],[-79.51811207156915,44.150694065477936],[-79.5181390715647,44.150550265451734],[-79.51817497156395,44.150415565426755],[-79.51821087156644,44.150316765407986],[-79.518291771585,44.150235865390165],[-79.51837257160105,44.15012806536769],[-79.5184534716196,44.15004726534992],[-79.51859717165418,44.1499214653214],[-79.51874087168953,44.149804665294404],[-79.51894757174512,44.149687865264454],[-79.51915417179899,44.14955316523142],[-79.51940567186567,44.14940046519313],[-79.51970207194827,44.149265665155816],[-79.51996267201946,44.14913096512024],[-79.52020517208813,44.149032165091654],[-79.52042077214817,44.148933365064394],[-79.52061837220167,44.14882556503647],[-79.52081607225352,44.14869976500533],[-79.52101367230043,44.148520064964934],[-79.52114837233128,44.14838536493528],[-79.521247172349,44.14823266490423],[-79.5213549723672,44.14805296486804],[-79.52141787237099,44.14787326483401],[-79.52145387236783,44.14771166480432],[-79.52145387235392,44.14755886477787],[-79.52145387233838,44.14738826474838],[-79.5214627723249,44.147208564716884],[-79.52139997228596,44.1470019646841],[-79.5213370722495,44.146822264655974],[-79.52127417221384,44.14665156462941],[-79.52122027218266,44.14649886460553],[-79.52113047214407,44.14639106459116],[-79.52104957210673,44.14626536457321],[-79.52096877206945,44.14613956455521],[-79.52088787203128,44.14600486453575],[-79.52080707199066,44.14584316451162],[-79.5207441719517,44.1456364644788],[-79.52070827192469,44.145465864450976],[-79.52071717190876,44.145259164414824],[-79.52072617189444,44.145070564381776],[-79.52077107188514,44.14481006433454],[-79.52085197188572,44.14453156428257],[-79.52093277189358,44.14433396424461],[-79.52096877188796,44.14414526421024],[-79.52101367188433,44.14394766417395],[-79.52101367186147,44.14369616413037],[-79.52101367184267,44.14348956409469],[-79.52098667181686,44.14330086406329],[-79.52092387178119,44.14313016403671],[-79.52088787175663,44.14298646401357],[-79.52082497172663,44.14287866399787],[-79.52078907170615,44.14277986398249],[-79.52051957159125,44.142465463940816],[-79.5201243714909,44.14275286400918],[-79.51998057146203,44.14294156404858],[-79.51984587143355,44.143103264082946],[-79.51971107140923,44.143309864125],[-79.51957637138732,44.14354346417177],[-79.51943257136251,44.14377696421899],[-79.51931587134234,44.14396566425711],[-79.5192080713315,44.14422616430728],[-79.51915417133303,44.14443276434558],[-79.51906427132715,44.14468426439333],[-79.51905537134799,44.14494476443878],[-79.51902837136144,44.14518736448206],[-79.5190283713835,44.14542986452405],[-79.51902837140474,44.14566346456445],[-79.51912717146253,44.1459509646095],[-79.51924397151792,44.14614856463819],[-79.51940567159261,44.14640006467408],[-79.51953147164842,44.14657076469767],[-79.51953147166803,44.14678636473495],[-79.5195134716778,44.14695706476536],[-79.51943257166987,44.14715466480334],[-79.51930687164187,44.147289364832574],[-79.5190912715851,44.14742416486607],[-79.51884867151806,44.14754096489771],[-79.5186241714527,44.14761276492073],[-79.51838157137989,44.14766666494151],[-79.51809417129115,44.14770266496126],[-79.51778867119744,44.147747564983476],[-79.51738447106963,44.14776546500563],[-79.51701617095576,44.147810465030794],[-79.51668377085504,44.14787326505736],[-79.51636937076174,44.1479541650862],[-79.51599207065478,44.14810686513041],[-79.51570457057339,44.14822366516418],[-79.51548007051295,44.1483494651965],[-79.51525547045408,44.14849316523193],[-79.51503987039976,44.14865486527012],[-79.51487817036427,44.148834465308774],[-79.51468057031819,44.14902316535076],[-79.51449187027825,44.14924776539854],[-79.51436617026006,44.14949026544638],[-79.51426727024635,44.14968786548526],[-79.51418647023684,44.149867565520154],[-79.51408767022396,44.15007416556057],[-79.51392597018773,44.150244865597685],[-79.51373727013709,44.15035266562524],[-79.51349477006683,44.150433465650636],[-79.51319826997674,44.15048736567396],[-79.51286596987035,44.150487365689635],[-79.51260546978611,44.15047846570036],[-79.51230896969278,44.15049636571751],[-79.51197656958634,44.15049636573319],[-79.51164426948073,44.150505365750405],[-79.51124896935579,44.15052336577217],[-79.51092556925711,44.15057726579677],[-79.51056626914863,44.15064906582613],[-79.51019796903962,44.15074796586057],[-79.50985656894423,44.15090066590309],[-79.50958706887018,44.15103536593915],[-79.5093714688134,44.15117016597261],[-79.50916486876356,44.15134976601344],[-79.50894026870961,44.151547466058226],[-79.50872466865937,44.15175406610416],[-79.50851806861526,44.1519965661558],[-79.50832946857774,44.15224806620825],[-79.50819466855505,44.15247266625342],[-79.50806896853359,44.1526792662951],[-79.50795216851826,44.15292186634255],[-79.5078263685049,44.1532182663998],[-79.50769166848384,44.15346086644808],[-79.50752996845088,44.153667466491456],[-79.50734126840514,44.153829166528304],[-79.50715266835455,44.15393696655589],[-79.50695496830103,44.15404476658387],[-79.50671246823406,44.15416156661551],[-79.50653276818545,44.15426036664108],[-79.50624536810567,44.15439506667792],[-79.50590396801108,44.154556766721974],[-79.50559856792717,44.154709466762796],[-79.50537396787728,44.15495206681538],[-79.50513146782822,44.15526646688118],[-79.5049517678001,44.155589866945604],[-79.50481706778885,44.15594016701254],[-79.50470926777801,44.156200667062706],[-79.50461936777212,44.15645226711047],[-79.50454756776958,44.15667676715269],[-79.50445766776042,44.156892367194224],[-79.5044037677554,44.157027167220086],[-79.50430496773522,44.157152867246445],[-79.5042061677158,44.15728766727444],[-79.50408036768451,44.157386467297435],[-79.50387376762896,44.15750326732739],[-79.50373006758706,44.15754816734197],[-79.50349646751388,44.15756616735606],[-79.50337076747279,44.15755716736045],[-79.50320906741939,44.15753916736496],[-79.50309226737461,44.15745836735651],[-79.50296646732448,44.15735056734378],[-79.50284076727195,44.15721576732643],[-79.50271496721042,44.156982267291944],[-79.50260716715053,44.15670376724887],[-79.5024813670841,44.15641626720506],[-79.50237356702995,44.15620066717286],[-79.5023017669865,44.15597616713743],[-79.50221186693975,44.15577846710745],[-79.50214006689468,44.155535967068886],[-79.50205916684915,44.15532036703542],[-79.50198736680328,44.15506886699531],[-79.50189746674998,44.15479936695293],[-79.50181666670363,44.15457476691787],[-79.50173576665404,44.15431426687666],[-79.50163696660115,44.1540806668409],[-79.50149326653472,44.153856066808814],[-79.50130456646038,44.153703366791284],[-79.50107106637334,44.15356866677901],[-79.50086446629572,44.15344286676701],[-79.50066676622423,44.1533530667608],[-79.50036136611907,44.1532721667612],[-79.50026256608334,44.15322726675806],[-79.50007396601475,44.15313746675146],[-79.49990326594457,44.15296676672995],[-79.49971456586366,44.15274216669997],[-79.49955286578574,44.152454766657904],[-79.49943616572226,44.152167266613645],[-79.4993103656525,44.15184386656369],[-79.49921156559391,44.15154746651705],[-79.49909476552709,44.151224066466575],[-79.49899596546358,44.150873666410625],[-79.49890606540289,44.150523366354285],[-79.49884326535584,44.15022686630595],[-79.49878936530753,44.14988556624943],[-79.49872646525553,44.14953516619179],[-79.4986904652211,44.14928366614999],[-79.49862766517487,44.1489961661032],[-79.49854676511792,44.14865486604794],[-79.4985018650741,44.148331465994104],[-79.49846596503727,44.148052965947635],[-79.49842996500209,44.147792465904246],[-79.49838506496071,44.14749606585509],[-79.49834916492472,44.14722656581017],[-79.49828626487681,44.14692106576024],[-79.49823236483913,44.14669656572393],[-79.49816946479447,44.14642706568028],[-79.49810656475229,44.146184465641284],[-79.4980077646937,44.145888065594626],[-79.49788206462729,44.14560056555079],[-79.49774726455797,44.145313065507445],[-79.4976035644924,44.145097565476924],[-79.49744186441606,44.14482806543789],[-79.49723526432294,44.14453156539634],[-79.49703756423021,44.14420816534968],[-79.49687596415808,44.143983565318486],[-79.49671426408585,44.14375906528725],[-79.4965345640079,44.14353446525683],[-79.4963548639283,44.14329186522335],[-79.49617526385606,44.143130165203786],[-79.49596866377443,44.14295956518403],[-79.49583386372146,44.142851765171756],[-79.49569016366561,44.142743965159845],[-79.49551046359745,44.1426271651481],[-79.49533086352767,44.142492365133236],[-79.49514216345911,44.14240256512658],[-79.49473796330926,44.14217796510678],[-79.49402826307544,44.14210616512782],[-79.49378566299448,44.142070165133006],[-79.49350726290123,44.14202526513838],[-79.49323776281166,44.141989365144866],[-79.49289636270147,44.14198036515937],[-79.49257296259631,44.141962365171544],[-79.4922585624964,44.14197136518789],[-79.49192616238916,44.14196236520204],[-79.49160276228555,44.14196236521728],[-79.49158486227904,44.141953465216545],[-79.491423162224,44.14191746521793],[-79.49128836217348,44.14183666521031],[-79.49116266212503,44.141746765200644],[-79.49103686207334,44.141621065184886],[-79.49088416200892,44.1414503651625],[-79.49072246193832,44.14124376513437],[-79.49055176186248,44.141010165101974],[-79.49038106178658,44.14077666506962],[-79.4902193617168,44.14057896504303],[-79.4900576616487,44.140399365019555],[-79.48988706158184,44.140264565004244],[-79.4897522615256,44.14012086498576],[-79.4895725614599,44.1400310649787],[-79.48942886140568,44.13994116496992],[-79.48924926134411,44.13989626497057],[-79.48906056127959,44.13985136497171],[-79.48881806120109,44.139842364981554],[-79.48860246113122,44.13983336499019],[-79.48837786106098,44.13985136500388],[-79.4882161610108,44.13986936501465],[-79.48803646095652,44.13990526502931],[-79.48785686090555,44.13997716505019],[-79.48771306086599,44.14004896506939],[-79.48758736083312,44.14012986508933],[-79.48724596074824,44.14039936515205],[-79.48714716075824,44.14085746523599],[-79.48724596080375,44.141010165257754],[-79.48734476084599,44.14112696527331],[-79.48756036093299,44.14132456529733],[-79.4877849610237,44.14153116532253],[-79.48792866108195,44.141665965339094],[-79.48815326116942,44.141836665358056],[-79.48828806123137,44.14204326538747],[-79.48833296127349,44.14234866543822],[-79.48833296129145,44.14254626547239],[-79.48827006128192,44.142663065495555],[-79.48810836124159,44.14278886552494],[-79.48794666120202,44.14292356555591],[-79.48772206114728,44.14311226559913],[-79.4876829611377,44.1431450656066],[-79.48800596145236,44.1454686659935],[-79.48835986158257,44.14565446600897],[-79.48870126170414,44.14578926601622],[-79.48915036186106,44.14593296601996],[-79.48957256200772,44.14605866602176],[-79.49003076216422,44.14616646601884],[-79.49044396230394,44.14624736601337],[-79.49079436242923,44.146391066021735],[-79.49119856258481,44.14667856605238],[-79.49146806270461,44.14704686610341],[-79.49159386278001,44.147433166164326],[-79.49157586281594,44.14789126624444],[-79.49154886282766,44.148115866284584],[-79.49146806282468,44.14836736633191],[-79.49136026281224,44.148609966378935],[-79.49122546279109,44.14885246642727],[-79.49106386275975,44.14907706647377],[-79.4908122627012,44.149319566527595],[-79.49061466265671,44.149526166572606],[-79.4903181625781,44.14970586661773],[-79.48991396246576,44.14989456666941],[-79.48953666235556,44.15001126670739],[-79.48906056221124,44.150101166745394],[-79.48862036207349,44.15013706677234],[-79.48818916193866,44.150172966798884],[-79.48772206179316,44.15021786682865],[-79.48717406162578,44.15030776687006],[-79.48668906147945,44.15040656690999],[-79.48608716129648,44.150514366957],[-79.48555716113975,44.15065806700686],[-79.48505406099983,44.15089166707099],[-79.48464086089285,44.15117016713862],[-79.48430846081655,44.151502467211806],[-79.48397606074603,44.15189776729585],[-79.48369766068957,44.15225706737114],[-79.48342816063754,44.15263436744914],[-79.48320356060314,44.15304756753118],[-79.48302386058317,44.153460867611166],[-79.4828352605587,44.153856067688444],[-79.48270046055144,44.154251367763145],[-79.4825118605278,44.15465556784202],[-79.48235016050788,44.15500596791025],[-79.4822153604949,44.15533826797409],[-79.4820267604598,44.15561676803113],[-79.48186506042437,44.15579646806987],[-79.48164046036385,44.15592226810221],[-79.48142486029806,44.15595816811857],[-79.48126316024705,44.155967168127745],[-79.48093086013655,44.15592226813566],[-79.4805984600211,44.15582336813419],[-79.48020315988302,44.155697668131054],[-79.4797540597155,44.15543716810719],[-79.47940365957956,44.15517656807863],[-79.4790982594605,44.1549430680526],[-79.47885565936647,44.15476336803293],[-79.47857725926504,44.15462866802277],[-79.47830775917218,44.154556768023006],[-79.47802925907966,44.15452086802991],[-79.47774175898924,44.154538768046606],[-79.47749925891564,44.154583768065805],[-79.4772566588428,44.15463766808653],[-79.47698725876712,44.154754368119455],[-79.47675365870374,44.154880168152204],[-79.47652005864117,44.155014968186535],[-79.47644825862551,44.15509576820388],[-79.47635835861634,44.155311368245464],[-79.47648415868193,44.1555898682877],[-79.47678955881406,44.155967168338556],[-79.47707705893147,44.15624556837319],[-79.47735555905089,44.15657796841755],[-79.47765195917853,44.15693726846577],[-79.47792145929837,44.15730566851681],[-79.47818195942016,44.15772786857757],[-79.47833465951645,44.1582488686605],[-79.47831675954586,44.15863516872817],[-79.47823585955507,44.15902136879877],[-79.47809215954992,44.15947056888322],[-79.47797535954926,44.15987476895871],[-79.4779304595716,44.16027906903072],[-79.4779483596288,44.1608449691278],[-79.477984359691,44.16140196922246],[-79.47806515976916,44.16197686931809],[-79.47811005984242,44.16262366942783],[-79.47808315988851,44.1632255695332],[-79.47798435990998,44.163809469638885],[-79.47785855992609,44.164429269752],[-79.47769685992411,44.164977269854376],[-79.47750825991517,44.165543169961175],[-79.47726565989467,44.16617197008138],[-79.47705005987382,44.166701970183176],[-79.47686145985509,44.16716017027135],[-79.47676265986186,44.16758237034903],[-79.47671775988422,44.167986570421014],[-79.47667275990821,44.16840877049617],[-79.47666385994458,44.16883997057112],[-79.47672666000886,44.16932507065207],[-79.47683446007285,44.169648470702924],[-79.47703216017788,44.17010667077281],[-79.4772207602734,44.17049287083074],[-79.47740046035881,44.17079837087507],[-79.4776968604938,44.17123847093725],[-79.47796636061693,44.17164277099441],[-79.47813706070268,44.17198407104539],[-79.47832566080234,44.1724152711111],[-79.47846946089011,44.17287347118353],[-79.47852336094418,44.17327767125086],[-79.47863116102533,44.173789671334326],[-79.47872996111342,44.17440957143686],[-79.4787658611707,44.174912571522114],[-79.47882876124318,44.175487571618596],[-79.47884676130701,44.17612537172802],[-79.4788467613618,44.17672717183209],[-79.4788377614153,44.17734707193966],[-79.47888266149107,44.178020772054055],[-79.47888266154996,44.17866757216585],[-79.47888266160885,44.1793143722777],[-79.47885566165827,44.179952172389235],[-79.4788197616967,44.18050017248563],[-79.4787928617412,44.18108407258785],[-79.47878386178824,44.181631972682986],[-79.47878386183815,44.18217997277777],[-79.47879286189662,44.18279087288292],[-79.47879286196536,44.18354537301338],[-79.4788107620259,44.18414727311657],[-79.47881076207825,44.184722173215945],[-79.47883776214007,44.18530607331559],[-79.47889166221137,44.18589897341553],[-79.47897246229451,44.186527873520426],[-79.47904436236831,44.18708477361328],[-79.47914316244822,44.187614773700254],[-79.47926896254096,44.188189673793694],[-79.47941266265244,44.18890837391111],[-79.47959236277221,44.18959107402061],[-79.47965516282429,44.18994147407822],[-79.4800793629523,44.18985457404319],[-79.48040186304932,44.18978567401613],[-79.48199986352891,44.18942937387912],[-79.4820017635295,44.18942887387895],[-79.48203576353959,44.189420373875905],[-79.48357186399743,44.18904307373819],[-79.48405696414302,44.188935273696664],[-79.48595236532431,44.19523247469549],[-79.48624886539146,44.19492707462872],[-79.48647346545037,44.19478337459332],[-79.48654296546654,44.194716574578486],[-79.48655096546793,44.19470377457591],[-79.48657846547478,44.19468247457092],[-79.48669796550264,44.194567774545476],[-79.48729986565783,44.19415457444565],[-79.4879107658208,44.19379517435474],[-79.48835986594834,44.1936155743025],[-79.48866536603147,44.193453874260165],[-79.48885396608536,44.193381974238804],[-79.48886606608927,44.193381974238235],[-79.48888366609427,44.19337517423624],[-79.48902476613966,44.193377074229886],[-79.48923126619562,44.19326517420082],[-79.4893659662355,44.19322927418826],[-79.48968596633438,44.19318927416623],[-79.48973486634945,44.1931825741628],[-79.49011156646377,44.19311247413289],[-79.49033616652588,44.1930046741037],[-79.49039296654331,44.19299597409949],[-79.49046406656198,44.19295067408831],[-79.49048886656253,44.19286997407317],[-79.49049906656627,44.19287497407361],[-79.4905097665672,44.1928473740683],[-79.49049766655102,44.19271227404551],[-79.49046876653388,44.19262607403199],[-79.49042786650968,44.19250427401289],[-79.49038226648604,44.19240527399789],[-79.49031526645128,44.1922596739759],[-79.49031556645134,44.192259073975805],[-79.49033596645383,44.1922149739672],[-79.49036036646045,44.19220147396374],[-79.49036756646235,44.19219737396269],[-79.49038866646916,44.192197573961714],[-79.49040286647374,44.19219777396108],[-79.49062976660743,44.192867074066044],[-79.49067196662675,44.192930674075015],[-79.49074136665072,44.19294947407503],[-79.4912614668109,44.192878874038264],[-79.49173756696018,44.1928429740096],[-79.4919669670337,44.19284297399876],[-79.49239886717146,44.19283637397724],[-79.49289786733111,44.19283397395329],[-79.49337106748817,44.19289317394121],[-79.4936779675893,44.192923873931996],[-79.49413126774155,44.193000473923824],[-79.49434356781252,44.19303307391946],[-79.49496796802565,44.19317637391473],[-79.4953897681744,44.19332597392072],[-79.49557166823988,44.193404473925675],[-79.49603556840675,44.19360457393836],[-79.49616566845154,44.193638773938105],[-79.49618416845782,44.193642473937906],[-79.49631076849991,44.19365937393485],[-79.49632056850315,44.193660073934495],[-79.49665136860258,44.193588573906524],[-79.49672096862425,44.19358137390197],[-79.49692156868548,44.19354817388679],[-79.49693126868856,44.19354757388621],[-79.49693406868944,44.19354737388606],[-79.4969337686904,44.193559173888104],[-79.49708256873664,44.19354367387838],[-79.49750476887684,44.19359757386778],[-79.49766646892785,44.193588573858605],[-79.49781016896894,44.1935346738425],[-79.49789096898914,44.19347177382784],[-79.49791796898057,44.19328317379395],[-79.49787306895638,44.193175373777436],[-79.49765746890282,44.193346073817125],[-79.49757656888346,44.193417873833354],[-79.4974508688416,44.193399973836186],[-79.49766646889182,44.1931933737903],[-79.49784606891001,44.19276217370735],[-79.49792696895068,44.19292387373144],[-79.49807966900697,44.193004673738244],[-79.49817846904276,44.19304957374132],[-79.4982952690843,44.193094473743535],[-79.49828626909449,44.19323827376879],[-79.49819646908453,44.19344487380875],[-79.49847496917133,44.193417873790956],[-79.49872646925682,44.19347177378839],[-79.49850186919058,44.193534673809864],[-79.49816046908695,44.19359757383683],[-79.49788206901003,44.19373227387323],[-79.49783706900627,44.193849073895535],[-79.49787306903502,44.194037773926475],[-79.49770236896885,44.193911973912805],[-79.49753166892152,44.193992873934846],[-79.49711846879484,44.19405567396517],[-79.49698376875415,44.19408267397619],[-79.49691906873824,44.1941354739884],[-79.49691856874004,44.19415697399208],[-79.4968505687296,44.19428157401688],[-79.49686336874116,44.19436277403026],[-79.49689946875982,44.19444087404205],[-79.49693446877794,44.19451677405354],[-79.4970134688091,44.19458077406086],[-79.49740956895445,44.1947829740771],[-79.49751646899523,44.19485467408445],[-79.49760566903181,44.19494247409539],[-79.4978079691089,44.1950768741091],[-79.49794116915331,44.195096074106125],[-79.49815186923679,44.19527097412638],[-79.49846116934745,44.19539787413371],[-79.49862766939721,44.195358274119016],[-79.49865206940514,44.19535967411809],[-79.49865636940643,44.19535867411773],[-79.49876136944073,44.19536567411397],[-79.49895106950244,44.195376274106835],[-79.49908576954563,44.19537627410048],[-79.49928336960403,44.19532237408187],[-79.4994630696624,44.1953312740749],[-79.49961576970887,44.195304374063056],[-79.49995716980519,44.19516067402209],[-79.50002006981548,44.195052874000524],[-79.50001106979788,44.194891173972984],[-79.49982236969232,44.194397073896546],[-79.49986726968457,44.194154573852515],[-79.49992116969449,44.19407367383598],[-79.50003796973273,44.19408267383201],[-79.50013676977666,44.19421737385067],[-79.50014576982055,44.19466657392786],[-79.50029846989979,44.19499897397807],[-79.50026256989975,44.195124674001484],[-79.49994816983012,44.19546607407529],[-79.49977746978448,44.1955648741004],[-79.49941816969393,44.19583437416393],[-79.49913066960836,44.195906274189944],[-79.49886116951544,44.19583437419022],[-79.49876406948482,44.19583977419576],[-79.49873166947498,44.19584587419835],[-79.49866956945748,44.19587187420578],[-79.4986222694464,44.195916674215766],[-79.49857576943742,44.19598157422914],[-79.49855216943286,44.196014574235996],[-79.49863316949094,44.19636667429299],[-79.49867536951027,44.196430274301946],[-79.49880686956077,44.196521974311636],[-79.49904196965689,44.1967500743399],[-79.49919446971244,44.196822974345324],[-79.49919726971343,44.19682427434542],[-79.49927076973952,44.196852274346774],[-79.49964836986423,44.196893274336034],[-79.49980866992072,44.19694937433817],[-79.49981886992443,44.19695387433845],[-79.50064877022375,44.197320474362606],[-79.50090727031925,44.19745897437433],[-79.50097497034517,44.19750567437919],[-79.50100027035487,44.197523074381046],[-79.50102937036712,44.19755497438515],[-79.50118297043169,44.197723674407044],[-79.5017541706532,44.19814527445289],[-79.50221727082103,44.19835847446788],[-79.50245257091208,44.19853037448646],[-79.50251837093758,44.198578474491676],[-79.50299097111663,44.19888177452175],[-79.50340327126987,44.199113474542344],[-79.5034829712995,44.19915827454627],[-79.5039650714866,44.199515774585265],[-79.50426337159814,44.19969067460139],[-79.50430617161787,44.19975637461077],[-79.50431077161998,44.199763374611734],[-79.50433307162899,44.19978357461417],[-79.50436137164037,44.19980907461723],[-79.50457077171683,44.19991217462516],[-79.50466177175008,44.1999569746286],[-79.50485277182221,44.200076574640235],[-79.50489947184089,44.20011727464507],[-79.50492647185165,44.20014057464783],[-79.50500277188573,44.20024617466245],[-79.50504487190452,44.20030417467051],[-79.5052411719816,44.200459774688085],[-79.50536447202785,44.200533374695006],[-79.50541927204848,44.200567074698235],[-79.50557417210676,44.20066217470737],[-79.50572097216552,44.20079007472251],[-79.50579447219498,44.200855074730285],[-79.50585557221947,44.20090897473667],[-79.50597817226793,44.20100957474825],[-79.50610107231567,44.20110127475833],[-79.5062240723626,44.20118387476676],[-79.50635967241362,44.201266674774644],[-79.50649547246388,44.201340474781034],[-79.50665677252067,44.201396574783104],[-79.50666087252203,44.201396874782915],[-79.50676637255644,44.20140397477916],[-79.50678947256415,44.20140697477865],[-79.50679417256566,44.20140737477846],[-79.50681777257356,44.2014107747779],[-79.50690117260129,44.20142187477593],[-79.50691287260528,44.201424474775784],[-79.50693137261148,44.20142717477542],[-79.50701617263992,44.201441474773866],[-79.50710587267001,44.20145647477222],[-79.50728007272932,44.20149467477061],[-79.5074955728039,44.20155507477087],[-79.50751607281101,44.201560874770884],[-79.50757377283121,44.20157957477139],[-79.50768997287186,44.20161717477239],[-79.50787667293602,44.201664474771746],[-79.50805027299678,44.2017208747733],[-79.50823627306316,44.20179537477737],[-79.50837217311265,44.20186017478216],[-79.50840137312318,44.20187327478302],[-79.50843407313502,44.201887974784015],[-79.50852047316688,44.201934074787935],[-79.50858987319182,44.2019638747898],[-79.50860717319806,44.201971274790225],[-79.50863747320896,44.201984474791075],[-79.50875567325158,44.20203617479444],[-79.50886697329227,44.20209167479876],[-79.50890937330773,44.202111874800224],[-79.50892317331272,44.202118474800756],[-79.50892887331479,44.20212117480091],[-79.50893557331725,44.20212437480118],[-79.50900297334177,44.202156474803544],[-79.50912647338725,44.20222117480887],[-79.50923727342948,44.20229457481634],[-79.50932287346438,44.202376774826455],[-79.50940667349549,44.20242367483063],[-79.50941417349833,44.20242797483101],[-79.50942157350107,44.202432074831385],[-79.50947477351853,44.202436974829695],[-79.50950627352861,44.2024369748282],[-79.50952737353585,44.20244187482807],[-79.50953397353801,44.20244247482783],[-79.50959227355752,44.20245167482669],[-79.50965857357973,44.202462174825406],[-79.50974817361154,44.20249587482695],[-79.5098321736413,44.202527474828436],[-79.50991147366993,44.20256237483072],[-79.51004257371719,44.202620074834506],[-79.51025857379383,44.20270147483837],[-79.51043937385799,44.202769474841574],[-79.51081017399366,44.202954374856006],[-79.51099577406075,44.20303777486164],[-79.51118167412706,44.203112174865666],[-79.51135517418862,44.203177474868774],[-79.51162867428316,44.20325307486892],[-79.51165987429424,44.20326477486948],[-79.51177747433597,44.20330897487155],[-79.51195087439831,44.203383374876225],[-79.51202837442602,44.203415174878046],[-79.51208707444702,44.20343917487942],[-79.512180774479,44.20346077487874],[-79.51218317447983,44.203461074878625],[-79.51229997451233,44.20340717486384],[-79.51232177451918,44.20340547486249],[-79.51232587451969,44.20339717486088],[-79.51245137455925,44.20338987485369],[-79.51248427457078,44.203400574853994],[-79.51248797457205,44.20340177485401],[-79.51259507460684,44.203407074849885],[-79.5125991746081,44.20340627484953],[-79.51282097467269,44.20333527482681],[-79.51294677470888,44.20329037481313],[-79.51296487471501,44.20329367481283],[-79.51297947471922,44.20328867481126],[-79.51311777476123,44.20326347480038],[-79.51318267477946,44.20323547479251],[-79.51321877478958,44.20321977478806],[-79.51330857481106,44.20313987477002],[-79.51333307481583,44.203106174763036],[-79.5133604748212,44.20306857475525],[-79.51343737483937,44.202997574739356],[-79.51353897486628,44.202935874723906],[-79.51361557488516,44.20287377470953],[-79.51369177490551,44.20282967469834],[-79.51375327492266,44.20280147469053],[-79.5137678749267,44.20279477468872],[-79.5138256749407,44.20274467467735],[-79.51387017495144,44.20270607466857],[-79.5138891749568,44.20269817466629],[-79.51393347496928,44.202679874661],[-79.51395477497515,44.20266927465818],[-79.51402217499367,44.20263587464922],[-79.51417497503299,44.20252997462372],[-79.5142636750574,44.20248607461197],[-79.51435217508258,44.2024512746018],[-79.51445317511178,44.20241647459098],[-79.5145543751402,44.2023728745787],[-79.51465537516941,44.20233807456787],[-79.51476887520262,44.20230347455655],[-79.5148951752391,44.20226017454313],[-79.51495277525513,44.2022336745358],[-79.51500907527084,44.202207674528644],[-79.5151480753106,44.2021554745131],[-79.51528757534888,44.202085274494344],[-79.51535027536544,44.20204667448474],[-79.51540187537906,44.20201477447678],[-79.51547847539794,44.20195267446246],[-79.51554297541543,44.20191797445338],[-79.51559277542894,44.20189117444642],[-79.51570677546067,44.201838674431976],[-79.51583367549489,44.201768174413814],[-79.51594787552585,44.20170667439778],[-79.51603687554874,44.201644874382865],[-79.51615117557974,44.20158327436685],[-79.51615297558023,44.20158237436664],[-79.5162018755937,44.2015586743602],[-79.51616397571945,44.20306897462285],[-79.51617287572385,44.20308587462532],[-79.51618467572973,44.20310837462867],[-79.51621187574311,44.203159674636304],[-79.51623937575377,44.203180274638534],[-79.51626707576457,44.2032008746408],[-79.51627057576566,44.203200574640576],[-79.51640797581703,44.203281374648014],[-79.51642127582195,44.203288374648594],[-79.51646407583831,44.20331767465168],[-79.51656887587846,44.20338937465909],[-79.51663387590372,44.20343787466438],[-79.51666577591601,44.203461074666876],[-79.51678257595673,44.20349697466756],[-79.51698017602581,44.20355987466913],[-79.51718687610021,44.20364967467482],[-79.51735747616144,44.20372157467921],[-79.51751917621901,44.203784474682415],[-79.51769887628068,44.20382937468166],[-79.51786957633948,44.20387427468139],[-79.5180491764019,44.203928174682225],[-79.51813267643173,44.20396157468406],[-79.51823087646638,44.203996074685335],[-79.51839217652318,44.20405227468744],[-79.51854377657655,44.204104974689336],[-79.51855227657953,44.20410787468948],[-79.51855347658,44.204108374689504],[-79.5187139766379,44.20417967469424],[-79.51878237666361,44.20422137469819],[-79.51892407671644,44.204302274705476],[-79.5190844767762,44.20439437471382],[-79.51915197680164,44.204436274717864],[-79.51923497683273,44.20448517472235],[-79.51927107684641,44.204508474724676],[-79.5193927768918,44.204578374731035],[-79.51950417693317,44.20464077473653],[-79.51959017696514,44.20468897474076],[-79.51966937699588,44.20474807474728],[-79.51972457701733,44.20478927475179],[-79.51976497703286,44.20481757475476],[-79.51984357706411,44.20488407476253],[-79.51988487708046,44.2049178747664],[-79.51995247710717,44.20497297477271],[-79.52001657713235,44.20502417477851],[-79.52002067713406,44.20502827477903],[-79.52009347716235,44.20508267478502],[-79.52013047717928,44.20513807479284],[-79.5201422771841,44.205149874794294],[-79.52019177720673,44.2052240748048],[-79.52021437721686,44.20525527480907],[-79.52029947725323,44.20535537482235],[-79.52037157728249,44.20542267483058],[-79.5203972772929,44.20544667483349],[-79.52049537733184,44.2055289748431],[-79.52050317733516,44.205537774844245],[-79.5205734773641,44.20560807485308],[-79.52064537739535,44.205697874865145],[-79.52071717742903,44.20581467488192],[-79.52082497747337,44.20592247489547],[-79.52092127751301,44.20601867490753],[-79.52093347751796,44.206029874908864],[-79.52097377753434,44.20606747491349],[-79.52103167755767,44.20612007491981],[-79.52113047759835,44.20621887493225],[-79.52122927763901,44.20631767494463],[-79.5212781776644,44.206423674960625],[-79.52128627766844,44.206439574963],[-79.5212980776747,44.206466874967155],[-79.52133707769491,44.206551274979866],[-79.52137877771665,44.20664297499374],[-79.52138107771783,44.20664787499449],[-79.52138677772034,44.206655574995516],[-79.521444877745,44.20672197500427],[-79.52155277778539,44.20678507501005],[-79.52160157780602,44.2068397750172],[-79.52160657781069,44.20687347502274],[-79.52161067781452,44.206900975027345],[-79.52161557781696,44.20691057502878],[-79.52161667781773,44.20691517502947],[-79.52167367783986,44.20695777503416],[-79.52164707783712,44.20702047504626],[-79.52164597783731,44.207026775047396],[-79.52170537786951,44.20717107506948],[-79.52170447786936,44.20717297506988],[-79.52170577786991,44.20717427507],[-79.52171657788001,44.20724637508195],[-79.52166657786454,44.20725287508548],[-79.52163207786018,44.20732577509967],[-79.52162667786004,44.20734357510302],[-79.52172337789828,44.2074226751121],[-79.52172387789876,44.207426275112695],[-79.52172457789901,44.20742657511267],[-79.52172447789928,44.207430175113316],[-79.52173867791224,44.20752227512857],[-79.52174667791684,44.20754387513189],[-79.52179467793965,44.20762557514374],[-79.52180667794687,44.20766287514966],[-79.52182217795455,44.20769217515397],[-79.521796577958,44.207819975177216],[-79.52178857795988,44.207868575186],[-79.52178657796024,44.20787947518798],[-79.52179457797662,44.20803097521378],[-79.52179677797812,44.20803977521519],[-79.52180977798456,44.20806427521882],[-79.52184907800252,44.208123375227146],[-79.52189397802678,44.20823117524367],[-79.52196587805881,44.2083299752573],[-79.52203777808843,44.20840177526632],[-79.52212757812377,44.20847367527452],[-79.52224437817351,44.20860837529224],[-79.5222902781903,44.20863137529403],[-79.52235707821426,44.208659175295686],[-79.52236687821748,44.208660475295446],[-79.52249587825736,44.20864437528654],[-79.52252617826319,44.2086019752778],[-79.5225340782646,44.208589375275245],[-79.52257017827162,44.208539775264974],[-79.52258587827465,44.2085180752605],[-79.52266277829283,44.20844707524461],[-79.52276407832127,44.20840337523229],[-79.52286487835121,44.20837767522303],[-79.5229651783827,44.208370075216976],[-79.52291517837058,44.2084132752268],[-79.5229139783703,44.20841427522709],[-79.52286567835685,44.20843657523318],[-79.52283787834912,44.20844937523674],[-79.52273817832194,44.20850127525038],[-79.52269647831773,44.20860127526966],[-79.52269607831914,44.20861857527261],[-79.52268127832264,44.20870837528883],[-79.52262957831256,44.208779775303626],[-79.52254047828887,44.208832675317],[-79.52246427826847,44.20887667532812],[-79.52237657824026,44.20887547533209],[-79.52227707820664,44.2088561753335],[-79.52226077820096,44.20885157533346],[-79.52220647818216,44.20883607533334],[-79.52218147817389,44.20883297533397],[-79.52234777823915,44.208964275348805],[-79.52234947823976,44.208965175348844],[-79.52236667824613,44.20897457534966],[-79.5224868782898,44.209030675353674],[-79.52262167833786,44.20908457535661],[-79.52277437839089,44.20912947535718],[-79.52290907843738,44.20916537535695],[-79.5230067784712,44.209193275357194],[-79.52303197847979,44.20919907535698],[-79.5231381785124,44.209183575349336],[-79.52314507851455,44.209182575348784],[-79.52324607854376,44.209147875338054],[-79.52333457856886,44.20911297532784],[-79.5234091785945,44.20913197532761],[-79.52335517858114,44.20917477533751],[-79.52331987857241,44.20920277534405],[-79.52323107854797,44.20924667535581],[-79.52311737851636,44.20929937537025],[-79.52311527851568,44.209299575370444],[-79.52311567851584,44.2093000753705],[-79.52310287851182,44.20930087537126],[-79.52296657846946,44.20931527538018],[-79.52281667841963,44.20929547538385],[-79.52270057838035,44.209272775385415],[-79.52266737836916,44.20926637538585],[-79.5224930783098,44.209228175387494],[-79.52246187829911,44.20922027538758],[-79.5223431782585,44.20919227538838],[-79.52219947820751,44.20913837538584],[-79.52211427817633,44.20909587538254],[-79.5220588781562,44.20906947538063],[-79.52199757813328,44.20903377537734],[-79.52194787811474,44.209004975374725],[-79.5218675780842,44.20895257536945],[-79.52184907807718,44.20894077536831],[-79.52184567807574,44.208936575367765],[-79.52177627804637,44.20885877535757],[-79.52175297803491,44.20881467535111],[-79.52172337802136,44.208770075344766],[-79.52169617800837,44.20872367533807],[-79.52165587799043,44.20866807533036],[-79.52155737795293,44.208603775323915],[-79.52153207794345,44.2085886753225],[-79.52143397790667,44.20853017531703],[-79.52132337786374,44.208447775308024],[-79.52122557782407,44.20835647529686],[-79.52118927780886,44.20831757529186],[-79.52114027778838,44.208265275285164],[-79.52109957777179,44.208226175280345],[-79.52104957775211,44.208186175275806],[-79.52092367770841,44.20814917527534],[-79.52089297769818,44.20814507527606],[-79.52084387767911,44.2081083752721],[-79.52082217766679,44.20804997526303],[-79.5208160776642,44.20804247526199],[-79.52074417763048,44.20792567524522],[-79.52056447757045,44.20789877524911],[-79.5205349775614,44.207902975251194],[-79.52043537753133,44.20792307525941],[-79.52029717748931,44.20794827527026],[-79.52023627747062,44.207957175274686],[-79.52017827745323,44.207970575279745],[-79.52009227742441,44.20795627528131],[-79.52007167741762,44.20795437528198],[-79.51998477738722,44.20792627528124],[-79.51993657736686,44.20787237527419],[-79.51993567736649,44.207871775274114],[-79.51984707734381,44.20793387528905],[-79.51989417736876,44.208042075305514],[-79.5199378773903,44.20812497531775],[-79.51996267740222,44.20816827532407],[-79.52005247744248,44.20829397534149],[-79.52008317745795,44.208355475350686],[-79.52011047747123,44.20840507535796],[-79.52013517748253,44.20844227536323],[-79.52014447748677,44.2084561753652],[-79.52016927749797,44.20849167537013],[-79.5201750775011,44.208505575372236],[-79.52021467752215,44.20859677538615],[-79.52021807752391,44.20860447538729],[-79.52029047755707,44.20871347540271],[-79.52036307758942,44.20881347541652],[-79.52038697760213,44.208868375424885],[-79.52041177761423,44.20891387543158],[-79.52047467764505,44.209030675448766],[-79.52051987766777,44.20912107546227],[-79.52053007767277,44.209139675464975],[-79.52055117768265,44.20917417546998],[-79.52060227770664,44.209257675481936],[-79.52060637770884,44.20926707548338],[-79.52065437773298,44.209362975497676],[-79.52070827775765,44.20944387550911],[-79.52086097781724,44.20956067552206],[-79.52088337782747,44.20959427552679],[-79.52091837784205,44.20963087553145],[-79.5209544778594,44.20969437554072],[-79.52096347786357,44.209708075542665],[-79.52104057789532,44.20978517555234],[-79.52117537794749,44.209884075563046],[-79.52131907800013,44.209955875568674],[-79.52137257801934,44.20997877557008],[-79.5214471780458,44.21000677557136],[-79.52159647809714,44.21004487557091],[-79.52166097811944,44.210062575570944],[-79.52173227814404,44.21008167557084],[-79.5218939781991,44.210117575569406],[-79.52201977824186,44.2101445755681],[-79.52207887826353,44.21017407557046],[-79.52213087828216,44.21019567557168],[-79.52221537831372,44.210244775576164],[-79.52223597832139,44.21025677557724],[-79.5222443783245,44.210261275577686],[-79.52235217836558,44.210333175584964],[-79.5224778784116,44.21039607558987],[-79.5225134784249,44.210416875591804],[-79.52258767845208,44.210453775594665],[-79.5226395784711,44.210479675596694],[-79.52270247849344,44.21050387559788],[-79.52283727854157,44.21055777560084],[-79.52296297858673,44.21061167560422],[-79.5230707786254,44.210656575606855],[-79.52317857866406,44.21070147560948],[-79.52330437870927,44.21075537561286],[-79.52331577871384,44.21076537561409],[-79.52339247874212,44.21080627561749],[-79.5234498787676,44.21088377562815],[-79.5234570787705,44.21089017562894],[-79.52356487881902,44.21104287565019],[-79.52360127883335,44.2110719756535],[-79.52366027885623,44.21111587565828],[-79.5236939788703,44.211151375662844],[-79.52372097888151,44.21117967566646],[-79.52375697889886,44.21124317567574],[-79.52376767890885,44.21131537568766],[-79.52376567891545,44.211394575701455],[-79.52395117898216,44.21147407570638],[-79.52402307900819,44.211506775708656],[-79.52405057901792,44.21151707570912],[-79.52409857904077,44.21159867572091],[-79.52405947903397,44.21166127573361],[-79.52405997903442,44.21166437573407],[-79.52412157906296,44.211761075747894],[-79.52419467908648,44.211761975744565],[-79.52423127910158,44.21179847574916],[-79.52423207910215,44.2118022757498],[-79.52427197912226,44.21188207576165],[-79.52427907912514,44.21188917576255],[-79.52436687915255,44.21188127575709],[-79.52442887917499,44.21190907575895],[-79.52442757917949,44.21196307576832],[-79.52442147917864,44.211975375770706],[-79.52445417919095,44.21199507577255],[-79.52446707919522,44.2119965757722],[-79.52451447920907,44.21198217576749],[-79.52455347922078,44.211973375764124],[-79.52459027923179,44.211965175761016],[-79.52466407926053,44.21202027576703],[-79.52467877926533,44.2120219757666],[-79.5246766792655,44.2120305757682],[-79.52469957927848,44.21209267577781],[-79.52468837927576,44.21210237578004],[-79.5246543792676,44.212131975786754],[-79.5247592793092,44.21221937579687],[-79.52482267932547,44.212175275786294],[-79.52488027935348,44.21227997580159],[-79.52488537935535,44.212282575801815],[-79.52498417939029,44.21231847580335],[-79.52498607939143,44.21232387580422],[-79.52504347941296,44.21235817580742],[-79.52501767941024,44.212418975819155],[-79.52501847941072,44.212421275819516],[-79.52507237942918,44.212434975819285],[-79.5251279794479,44.21244417581826],[-79.52517527945933,44.21240417580911],[-79.52519287946346,44.212387075805346],[-79.525228279472,44.2123564757984],[-79.52524417947583,44.212342775795264],[-79.52526187948301,44.21235927579728],[-79.52529307949564,44.21238837580086],[-79.52530417950157,44.21241377580468],[-79.52530987950458,44.212426875806656],[-79.5253165795075,44.21243527580781],[-79.52536477952262,44.21243187580497],[-79.52546777955348,44.212408675796055],[-79.52556787958638,44.21241787579293],[-79.5255770795893,44.212417275792376],[-79.52558477959214,44.21242107579266],[-79.52570407963526,44.21247477579633],[-79.52574307965077,44.21250817580024],[-79.52574447965134,44.21250927580036],[-79.52579267966986,44.21254307580395],[-79.52584657969453,44.212623875815325],[-79.52584677969467,44.212624775815506],[-79.52585037969628,44.212629675816146],[-79.5258633797032,44.212659475820665],[-79.52588587971513,44.212711175828545],[-79.52587967971596,44.21274237583418],[-79.52587247971704,44.21277897584091],[-79.52587357971794,44.21278557584194],[-79.52588237973204,44.21290907586289],[-79.52592267974478,44.2129069758606],[-79.52601877977511,44.212901975855196],[-79.52611947980589,44.212885275847555],[-79.52617387982286,44.212880975844236],[-79.5262148798355,44.21287537584133],[-79.52621617983613,44.21287767584165],[-79.52621967983724,44.21287747584149],[-79.52628107986109,44.21292337584647],[-79.52627937986696,44.21299337585869],[-79.52635997989792,44.213049775864555]]],[[[-79.12953866615719,43.22539322105269],[-79.12721206542068,43.225438321166436],[-79.12544376486186,43.22548462125499],[-79.12569796562201,43.23348002266705],[-79.12355796494579,43.23353702277443],[-79.12340626444356,43.2281936218299],[-79.11786996269541,43.228355922110254],[-79.1178252625963,43.2273565219343],[-79.11624956209742,43.22738702201132],[-79.11552926179661,43.22654412189391],[-79.11528096164393,43.225676721750716],[-79.11147826044238,43.22577912194157],[-79.1110914596771,43.21821272061144],[-79.115904861195,43.21804912036384],[-79.11587006112681,43.21737602024553],[-79.12060726262214,43.21723312000502],[-79.12012816240373,43.2164561198884],[-79.12406136365229,43.21642031970341],[-79.12395636342907,43.214183619309786],[-79.13091456563396,43.21407541897454],[-79.1324516660199,43.21286041868832],[-79.13241476590814,43.21168201848007],[-79.13408386643798,43.21166741840168],[-79.13542086695162,43.21270711852615],[-79.1343528666811,43.21352371872012],[-79.13474646682592,43.21375371874319],[-79.13567106715871,43.21420891878231],[-79.13575516718564,43.21421031877872],[-79.13576436720737,43.21443231881784],[-79.13576866748845,43.217726419404364],[-79.13604846821798,43.22526672073447],[-79.12953866615719,43.22539322105269]]],[[[-79.17083147408323,43.16400090823727],[-79.16609167256287,43.163844508424575],[-79.1624073713875,43.16379890858374],[-79.15756796987756,43.16414060886436],[-79.15578846933678,43.164436708997954],[-79.15258666835254,43.1648373092147],[-79.15179836803804,43.16408410911619],[-79.15019956751432,43.163902809156404],[-79.14937806724373,43.16379270917401],[-79.14891956709305,43.16373510918455],[-79.14857046697186,43.16361470917891],[-79.14826976686788,43.16351660917506],[-79.14805546679113,43.16341480916663],[-79.14781816670288,43.16326410915052],[-79.14746066658284,43.16318930915342],[-79.14699306641397,43.16295070913209],[-79.14664616628414,43.162720509106755],[-79.14636046613441,43.162025108995664],[-79.14623626604651,43.161453108899316],[-79.14613666599114,43.16117320885391],[-79.1457597658417,43.16082360880865],[-79.14540926572096,43.16071430880502],[-79.14481656553218,43.16071120883136],[-79.14460876513331,43.15677980813948],[-79.14439346475811,43.1531549075026],[-79.15202446716839,43.15296330712225],[-79.15263826736219,43.15294730709151],[-79.1541740678932,43.15345130711179],[-79.15550546835348,43.15388740712912],[-79.1561154685333,43.1537205070717],[-79.15773156900362,43.15320640690663],[-79.15914786941788,43.15278020676633],[-79.16274217046906,43.15169810641014],[-79.17806147495814,43.147195304911484],[-79.17814197521005,43.14986730538445],[-79.17824317523956,43.14983560537425],[-79.17872417646164,43.16245400760295],[-79.17361527467366,43.16052310749061],[-79.17359517472435,43.16119700761174],[-79.1737562750236,43.16412340812625],[-79.17083147408323,43.16400090823727]]]]}}]}